build_id,reference,Atomic Number_metal,metal_symbol,metal_ox,canonical_smiles,SMILES_FOR_ARCHITECTOR,COORDLIST,DONOR_TYPES,DENTATE,coreCN,n_ligs,inner_sphere_anion,fill_ligand,n_fill,geometry_key,rows_covered,condition_variant_count,condition_environment_examples,acid_concentration_M_min,acid_concentration_M_max,temperature_C_min,temperature_C_max,geometry_status,geometry_note,xyz_path,mol2_path,sdf_path
a3e671494b96,,63,Eu,3,CCCCCCCCN(CCCCCCCC)C(=O)COCC(=O)NCCNC(=O)c1cc(C(=O)NCCNC(=O)COCC(=O)N(CCCCCCCC)CCCCCCCC)cc(C(=O)NCCNC(=O)COCC(=O)N(CCCCCCCC)CCCCCCCC)c1,CCCCCCCCN(CCCCCCCC)C(=O)COCC(=O)NCCNC(=O)c1cc(C(=O)NCCNC(=O)COCC(=O)N(CCCCCCCC)CCCCCCCC)cc(C(=O)NCCNC(=O)COCC(=O)N(CCCCCCCC)CCCCCCCC)c1,"[18, 20, 23]","[""O(amide_carbonyl)"", ""O(ether)"", ""O(amide_carbonyl)""]",3,9,3,nitrate,nitrate,0,63|CCCCCCCCN(CCCCCCCC)C(=O)COCC(=O)NCCNC(=O)c1cc(C(=O)NCCNC(=O)COCC(=O)N(CCCCCCCC)CCCCCCCC)cc(C(=O)NCCNC(=O)COCC(=O)N(CCCCCCCC)CCCCCCCC)c1|nitrate,14,8,acid_class=nitrate|acid_strength_bin=high|nitrate_activity=high|pH_bin=missing|diluent_family=aliphatic_hydrocarbon|modifier_class=none|temperature_bin=ambient|contact_time_bin=medium|shaking_time_bin=missing|phase_ratio_bin=missing;acid_class=nitrate|acid_strength_bin=high|nitrate_activity=high|pH_bin=missing|diluent_family=ionic_liquid|modifier_class=none|temperature_bin=ambient|contact_time_bin=long|shaking_time_bin=missing|phase_ratio_bin=missing;acid_class=nitrate|acid_strength_bin=low|nitrate_activity=low|pH_bin=missing|diluent_family=aliphatic_hydrocarbon|modifier_class=none|temperature_bin=ambient|contact_time_bin=medium|shaking_time_bin=missing|phase_ratio_bin=missing;acid_class=nitrate|acid_strength_bin=low|nitrate_activity=low|pH_bin=missing|diluent_family=ionic_liquid|modifier_class=none|temperature_bin=ambient|contact_time_bin=long|shaking_time_bin=missing|phase_ratio_bin=missing;acid_class=nitrate|acid_strength_bin=medium|nitrate_activity=medium|pH_bin=missing|diluent_family=aliphatic_hydrocarbon|modifier_class=none|temperature_bin=ambient|contact_time_bin=medium|shaking_time_bin=missing|phase_ratio_bin=missing,0.0981595,6.0,25.0,25.0,planned,ok,,,
4db10fb36c20,,63,Eu,3,CCCCCCCCN(CCCCCCCC)C(=O)COCC(=O)NCCNC(=O)c1cc(C(=O)NCCNC(=O)COCC(=O)N(CCCCCCCC)CCCCCCCC)cc(C(=O)NCCNC(=O)COCC(=O)N(CCCCCCCC)CCCCCCCC)c1,CCCCCCCCN(CCCCCCCC)C(=O)COCC(=O)NCCNC(=O)c1cc(C(=O)NCCNC(=O)COCC(=O)N(CCCCCCCC)CCCCCCCC)cc(C(=O)NCCNC(=O)COCC(=O)N(CCCCCCCC)CCCCCCCC)c1,"[18, 20, 23]","[""O(amide_carbonyl)"", ""O(ether)"", ""O(amide_carbonyl)""]",3,9,3,water,water,0,63|CCCCCCCCN(CCCCCCCC)C(=O)COCC(=O)NCCNC(=O)c1cc(C(=O)NCCNC(=O)COCC(=O)N(CCCCCCCC)CCCCCCCC)cc(C(=O)NCCNC(=O)COCC(=O)N(CCCCCCCC)CCCCCCCC)c1|water,1,1,acid_class=nitrate|acid_strength_bin=missing|nitrate_activity=missing|pH_bin=missing|diluent_family=ionic_liquid|modifier_class=none|temperature_bin=ambient|contact_time_bin=long|shaking_time_bin=missing|phase_ratio_bin=missing,,,25.0,25.0,planned,ok,,,
8891c25d4c67,,58,Ce,3,CCCCCCCCN(CCCCCCCC)C(=O)CN(CC(=O)N(CCCCCCCC)CCCCCCCC)CC(=O)N(CCCCCCCC)CCCCCCCC,CCCCCCCCN(CCCCCCCC)C(=O)CN(CC(=O)N(CCCCCCCC)CCCCCCCC)CC(=O)N(CCCCCCCC)CCCCCCCC,"[18, 20, 23, 43]","[""O(amide_carbonyl)"", ""N(amine)"", ""O(amide_carbonyl)"", ""O(amide_carbonyl)""]",4,9,2,nitrate,nitrate,1,58|CCCCCCCCN(CCCCCCCC)C(=O)CN(CC(=O)N(CCCCCCCC)CCCCCCCC)CC(=O)N(CCCCCCCC)CCCCCCCC|nitrate,1,1,acid_class=nitrate|acid_strength_bin=medium|nitrate_activity=medium|pH_bin=missing|diluent_family=aliphatic_hydrocarbon|modifier_class=none|temperature_bin=ambient|contact_time_bin=medium|shaking_time_bin=missing|phase_ratio_bin=missing,1.0,1.0,25.0,25.0,planned,fill_5x_nitrate,,,
4ca0b6f30178,,66,Dy,3,CCCCCCCCN(CCCCCCCC)C(=O)CN(CC(=O)N(CCCCCCCC)CCCCCCCC)CC(=O)N(CCCCCCCC)CCCCCCCC,CCCCCCCCN(CCCCCCCC)C(=O)CN(CC(=O)N(CCCCCCCC)CCCCCCCC)CC(=O)N(CCCCCCCC)CCCCCCCC,"[18, 20, 23, 43]","[""O(amide_carbonyl)"", ""N(amine)"", ""O(amide_carbonyl)"", ""O(amide_carbonyl)""]",4,8,2,nitrate,nitrate,0,66|CCCCCCCCN(CCCCCCCC)C(=O)CN(CC(=O)N(CCCCCCCC)CCCCCCCC)CC(=O)N(CCCCCCCC)CCCCCCCC|nitrate,1,1,acid_class=nitrate|acid_strength_bin=medium|nitrate_activity=medium|pH_bin=missing|diluent_family=aliphatic_hydrocarbon|modifier_class=none|temperature_bin=ambient|contact_time_bin=medium|shaking_time_bin=missing|phase_ratio_bin=missing,1.0,1.0,25.0,25.0,planned,fill_4x_nitrate,,,
32c5ca2ccd68,,68,Er,3,CCCCCCCCN(CCCCCCCC)C(=O)CN(CC(=O)N(CCCCCCCC)CCCCCCCC)CC(=O)N(CCCCCCCC)CCCCCCCC,CCCCCCCCN(CCCCCCCC)C(=O)CN(CC(=O)N(CCCCCCCC)CCCCCCCC)CC(=O)N(CCCCCCCC)CCCCCCCC,"[18, 20, 23, 43]","[""O(amide_carbonyl)"", ""N(amine)"", ""O(amide_carbonyl)"", ""O(amide_carbonyl)""]",4,8,2,nitrate,nitrate,0,68|CCCCCCCCN(CCCCCCCC)C(=O)CN(CC(=O)N(CCCCCCCC)CCCCCCCC)CC(=O)N(CCCCCCCC)CCCCCCCC|nitrate,1,1,acid_class=nitrate|acid_strength_bin=medium|nitrate_activity=medium|pH_bin=missing|diluent_family=aliphatic_hydrocarbon|modifier_class=none|temperature_bin=ambient|contact_time_bin=medium|shaking_time_bin=missing|phase_ratio_bin=missing,1.0,1.0,25.0,25.0,planned,fill_4x_nitrate,,,
f3f070427c1f,,63,Eu,3,CCCCCCCCN(CCCCCCCC)C(=O)CN(CC(=O)N(CCCCCCCC)CCCCCCCC)CC(=O)N(CCCCCCCC)CCCCCCCC,CCCCCCCCN(CCCCCCCC)C(=O)CN(CC(=O)N(CCCCCCCC)CCCCCCCC)CC(=O)N(CCCCCCCC)CCCCCCCC,"[18, 20, 23, 43]","[""O(amide_carbonyl)"", ""N(amine)"", ""O(amide_carbonyl)"", ""O(amide_carbonyl)""]",4,9,2,nitrate,nitrate,1,63|CCCCCCCCN(CCCCCCCC)C(=O)CN(CC(=O)N(CCCCCCCC)CCCCCCCC)CC(=O)N(CCCCCCCC)CCCCCCCC|nitrate,11,7,acid_class=nitrate|acid_strength_bin=high|nitrate_activity=high|pH_bin=missing|diluent_family=aliphatic_hydrocarbon|modifier_class=none|temperature_bin=ambient|contact_time_bin=short|shaking_time_bin=missing|phase_ratio_bin=missing;acid_class=nitrate|acid_strength_bin=high|nitrate_activity=high|pH_bin=missing|diluent_family=other|modifier_class=none|temperature_bin=ambient|contact_time_bin=short|shaking_time_bin=missing|phase_ratio_bin=missing;acid_class=nitrate|acid_strength_bin=low|nitrate_activity=low|pH_bin=missing|diluent_family=aliphatic_hydrocarbon|modifier_class=none|temperature_bin=ambient|contact_time_bin=short|shaking_time_bin=missing|phase_ratio_bin=missing;acid_class=nitrate|acid_strength_bin=low|nitrate_activity=low|pH_bin=missing|diluent_family=other|modifier_class=none|temperature_bin=ambient|contact_time_bin=short|shaking_time_bin=missing|phase_ratio_bin=missing;acid_class=nitrate|acid_strength_bin=medium|nitrate_activity=medium|pH_bin=missing|diluent_family=aliphatic_hydrocarbon|modifier_class=none|temperature_bin=ambient|contact_time_bin=medium|shaking_time_bin=missing|phase_ratio_bin=missing,0.10017,4.139,22.0,25.0,planned,fill_5x_nitrate,,,
bd11f8c14383,,64,Gd,3,CCCCCCCCN(CCCCCCCC)C(=O)CN(CC(=O)N(CCCCCCCC)CCCCCCCC)CC(=O)N(CCCCCCCC)CCCCCCCC,CCCCCCCCN(CCCCCCCC)C(=O)CN(CC(=O)N(CCCCCCCC)CCCCCCCC)CC(=O)N(CCCCCCCC)CCCCCCCC,"[18, 20, 23, 43]","[""O(amide_carbonyl)"", ""N(amine)"", ""O(amide_carbonyl)"", ""O(amide_carbonyl)""]",4,9,2,nitrate,nitrate,1,64|CCCCCCCCN(CCCCCCCC)C(=O)CN(CC(=O)N(CCCCCCCC)CCCCCCCC)CC(=O)N(CCCCCCCC)CCCCCCCC|nitrate,1,1,acid_class=nitrate|acid_strength_bin=medium|nitrate_activity=medium|pH_bin=missing|diluent_family=aliphatic_hydrocarbon|modifier_class=none|temperature_bin=ambient|contact_time_bin=medium|shaking_time_bin=missing|phase_ratio_bin=missing,1.0,1.0,25.0,25.0,planned,fill_5x_nitrate,,,
b72884625baf,,67,Ho,3,CCCCCCCCN(CCCCCCCC)C(=O)CN(CC(=O)N(CCCCCCCC)CCCCCCCC)CC(=O)N(CCCCCCCC)CCCCCCCC,CCCCCCCCN(CCCCCCCC)C(=O)CN(CC(=O)N(CCCCCCCC)CCCCCCCC)CC(=O)N(CCCCCCCC)CCCCCCCC,"[18, 20, 23, 43]","[""O(amide_carbonyl)"", ""N(amine)"", ""O(amide_carbonyl)"", ""O(amide_carbonyl)""]",4,8,2,nitrate,nitrate,0,67|CCCCCCCCN(CCCCCCCC)C(=O)CN(CC(=O)N(CCCCCCCC)CCCCCCCC)CC(=O)N(CCCCCCCC)CCCCCCCC|nitrate,1,1,acid_class=nitrate|acid_strength_bin=medium|nitrate_activity=medium|pH_bin=missing|diluent_family=aliphatic_hydrocarbon|modifier_class=none|temperature_bin=ambient|contact_time_bin=medium|shaking_time_bin=missing|phase_ratio_bin=missing,1.0,1.0,25.0,25.0,planned,fill_4x_nitrate,,,
033b4c93146d,,57,La,3,CCCCCCCCN(CCCCCCCC)C(=O)CN(CC(=O)N(CCCCCCCC)CCCCCCCC)CC(=O)N(CCCCCCCC)CCCCCCCC,CCCCCCCCN(CCCCCCCC)C(=O)CN(CC(=O)N(CCCCCCCC)CCCCCCCC)CC(=O)N(CCCCCCCC)CCCCCCCC,"[18, 20, 23, 43]","[""O(amide_carbonyl)"", ""N(amine)"", ""O(amide_carbonyl)"", ""O(amide_carbonyl)""]",4,9,2,nitrate,nitrate,1,57|CCCCCCCCN(CCCCCCCC)C(=O)CN(CC(=O)N(CCCCCCCC)CCCCCCCC)CC(=O)N(CCCCCCCC)CCCCCCCC|nitrate,1,1,acid_class=nitrate|acid_strength_bin=medium|nitrate_activity=medium|pH_bin=missing|diluent_family=aliphatic_hydrocarbon|modifier_class=none|temperature_bin=ambient|contact_time_bin=medium|shaking_time_bin=missing|phase_ratio_bin=missing,1.0,1.0,25.0,25.0,planned,fill_5x_nitrate,,,
a5b6774306ad,,71,Lu,3,CCCCCCCCN(CCCCCCCC)C(=O)CN(CC(=O)N(CCCCCCCC)CCCCCCCC)CC(=O)N(CCCCCCCC)CCCCCCCC,CCCCCCCCN(CCCCCCCC)C(=O)CN(CC(=O)N(CCCCCCCC)CCCCCCCC)CC(=O)N(CCCCCCCC)CCCCCCCC,"[18, 20, 23, 43]","[""O(amide_carbonyl)"", ""N(amine)"", ""O(amide_carbonyl)"", ""O(amide_carbonyl)""]",4,8,2,nitrate,nitrate,0,71|CCCCCCCCN(CCCCCCCC)C(=O)CN(CC(=O)N(CCCCCCCC)CCCCCCCC)CC(=O)N(CCCCCCCC)CCCCCCCC|nitrate,1,1,acid_class=nitrate|acid_strength_bin=medium|nitrate_activity=medium|pH_bin=missing|diluent_family=aliphatic_hydrocarbon|modifier_class=none|temperature_bin=ambient|contact_time_bin=medium|shaking_time_bin=missing|phase_ratio_bin=missing,1.0,1.0,25.0,25.0,planned,fill_4x_nitrate,,,
e0bff762c05d,,60,Nd,3,CCCCCCCCN(CCCCCCCC)C(=O)CN(CC(=O)N(CCCCCCCC)CCCCCCCC)CC(=O)N(CCCCCCCC)CCCCCCCC,CCCCCCCCN(CCCCCCCC)C(=O)CN(CC(=O)N(CCCCCCCC)CCCCCCCC)CC(=O)N(CCCCCCCC)CCCCCCCC,"[18, 20, 23, 43]","[""O(amide_carbonyl)"", ""N(amine)"", ""O(amide_carbonyl)"", ""O(amide_carbonyl)""]",4,9,2,nitrate,nitrate,1,60|CCCCCCCCN(CCCCCCCC)C(=O)CN(CC(=O)N(CCCCCCCC)CCCCCCCC)CC(=O)N(CCCCCCCC)CCCCCCCC|nitrate,1,1,acid_class=nitrate|acid_strength_bin=medium|nitrate_activity=medium|pH_bin=missing|diluent_family=aliphatic_hydrocarbon|modifier_class=none|temperature_bin=ambient|contact_time_bin=medium|shaking_time_bin=missing|phase_ratio_bin=missing,1.0,1.0,25.0,25.0,planned,fill_5x_nitrate,,,
0a5ee26d567d,,59,Pr,3,CCCCCCCCN(CCCCCCCC)C(=O)CN(CC(=O)N(CCCCCCCC)CCCCCCCC)CC(=O)N(CCCCCCCC)CCCCCCCC,CCCCCCCCN(CCCCCCCC)C(=O)CN(CC(=O)N(CCCCCCCC)CCCCCCCC)CC(=O)N(CCCCCCCC)CCCCCCCC,"[18, 20, 23, 43]","[""O(amide_carbonyl)"", ""N(amine)"", ""O(amide_carbonyl)"", ""O(amide_carbonyl)""]",4,9,2,nitrate,nitrate,1,59|CCCCCCCCN(CCCCCCCC)C(=O)CN(CC(=O)N(CCCCCCCC)CCCCCCCC)CC(=O)N(CCCCCCCC)CCCCCCCC|nitrate,1,1,acid_class=nitrate|acid_strength_bin=medium|nitrate_activity=medium|pH_bin=missing|diluent_family=aliphatic_hydrocarbon|modifier_class=none|temperature_bin=ambient|contact_time_bin=medium|shaking_time_bin=missing|phase_ratio_bin=missing,1.0,1.0,25.0,25.0,planned,fill_5x_nitrate,,,
bef90f96562a,,62,Sm,3,CCCCCCCCN(CCCCCCCC)C(=O)CN(CC(=O)N(CCCCCCCC)CCCCCCCC)CC(=O)N(CCCCCCCC)CCCCCCCC,CCCCCCCCN(CCCCCCCC)C(=O)CN(CC(=O)N(CCCCCCCC)CCCCCCCC)CC(=O)N(CCCCCCCC)CCCCCCCC,"[18, 20, 23, 43]","[""O(amide_carbonyl)"", ""N(amine)"", ""O(amide_carbonyl)"", ""O(amide_carbonyl)""]",4,9,2,nitrate,nitrate,1,62|CCCCCCCCN(CCCCCCCC)C(=O)CN(CC(=O)N(CCCCCCCC)CCCCCCCC)CC(=O)N(CCCCCCCC)CCCCCCCC|nitrate,1,1,acid_class=nitrate|acid_strength_bin=medium|nitrate_activity=medium|pH_bin=missing|diluent_family=aliphatic_hydrocarbon|modifier_class=none|temperature_bin=ambient|contact_time_bin=medium|shaking_time_bin=missing|phase_ratio_bin=missing,1.0,1.0,25.0,25.0,planned,fill_5x_nitrate,,,
e54b7e0eebc9,,65,Tb,3,CCCCCCCCN(CCCCCCCC)C(=O)CN(CC(=O)N(CCCCCCCC)CCCCCCCC)CC(=O)N(CCCCCCCC)CCCCCCCC,CCCCCCCCN(CCCCCCCC)C(=O)CN(CC(=O)N(CCCCCCCC)CCCCCCCC)CC(=O)N(CCCCCCCC)CCCCCCCC,"[18, 20, 23, 43]","[""O(amide_carbonyl)"", ""N(amine)"", ""O(amide_carbonyl)"", ""O(amide_carbonyl)""]",4,8,2,nitrate,nitrate,0,65|CCCCCCCCN(CCCCCCCC)C(=O)CN(CC(=O)N(CCCCCCCC)CCCCCCCC)CC(=O)N(CCCCCCCC)CCCCCCCC|nitrate,1,1,acid_class=nitrate|acid_strength_bin=medium|nitrate_activity=medium|pH_bin=missing|diluent_family=aliphatic_hydrocarbon|modifier_class=none|temperature_bin=ambient|contact_time_bin=medium|shaking_time_bin=missing|phase_ratio_bin=missing,1.0,1.0,25.0,25.0,planned,fill_4x_nitrate,,,
7dc84a0bd047,,69,Tm,3,CCCCCCCCN(CCCCCCCC)C(=O)CN(CC(=O)N(CCCCCCCC)CCCCCCCC)CC(=O)N(CCCCCCCC)CCCCCCCC,CCCCCCCCN(CCCCCCCC)C(=O)CN(CC(=O)N(CCCCCCCC)CCCCCCCC)CC(=O)N(CCCCCCCC)CCCCCCCC,"[18, 20, 23, 43]","[""O(amide_carbonyl)"", ""N(amine)"", ""O(amide_carbonyl)"", ""O(amide_carbonyl)""]",4,8,2,nitrate,nitrate,0,69|CCCCCCCCN(CCCCCCCC)C(=O)CN(CC(=O)N(CCCCCCCC)CCCCCCCC)CC(=O)N(CCCCCCCC)CCCCCCCC|nitrate,1,1,acid_class=nitrate|acid_strength_bin=medium|nitrate_activity=medium|pH_bin=missing|diluent_family=aliphatic_hydrocarbon|modifier_class=none|temperature_bin=ambient|contact_time_bin=medium|shaking_time_bin=missing|phase_ratio_bin=missing,1.0,1.0,25.0,25.0,planned,fill_4x_nitrate,,,
3927fc1f583b,,70,Yb,3,CCCCCCCCN(CCCCCCCC)C(=O)CN(CC(=O)N(CCCCCCCC)CCCCCCCC)CC(=O)N(CCCCCCCC)CCCCCCCC,CCCCCCCCN(CCCCCCCC)C(=O)CN(CC(=O)N(CCCCCCCC)CCCCCCCC)CC(=O)N(CCCCCCCC)CCCCCCCC,"[18, 20, 23, 43]","[""O(amide_carbonyl)"", ""N(amine)"", ""O(amide_carbonyl)"", ""O(amide_carbonyl)""]",4,8,2,nitrate,nitrate,0,70|CCCCCCCCN(CCCCCCCC)C(=O)CN(CC(=O)N(CCCCCCCC)CCCCCCCC)CC(=O)N(CCCCCCCC)CCCCCCCC|nitrate,1,1,acid_class=nitrate|acid_strength_bin=medium|nitrate_activity=medium|pH_bin=missing|diluent_family=aliphatic_hydrocarbon|modifier_class=none|temperature_bin=ambient|contact_time_bin=medium|shaking_time_bin=missing|phase_ratio_bin=missing,1.0,1.0,25.0,25.0,planned,fill_4x_nitrate,,,
a23b9ed3c843,,63,Eu,3,CCCCCCCCN(CCCCCCCC)C(=O)CN(CC(=O)N(CCCCCCCC)CCCCCCCC)CC(=O)N(CCCCCCCC)CCCCCCCC,CCCCCCCCN(CCCCCCCC)C(=O)CN(CC(=O)N(CCCCCCCC)CCCCCCCC)CC(=O)N(CCCCCCCC)CCCCCCCC,"[18, 20, 23, 43]","[""O(amide_carbonyl)"", ""N(amine)"", ""O(amide_carbonyl)"", ""O(amide_carbonyl)""]",4,9,2,water,water,1,63|CCCCCCCCN(CCCCCCCC)C(=O)CN(CC(=O)N(CCCCCCCC)CCCCCCCC)CC(=O)N(CCCCCCCC)CCCCCCCC|water,2,2,acid_class=nitrate|acid_strength_bin=very_low|nitrate_activity=very_low|pH_bin=missing|diluent_family=aliphatic_hydrocarbon|modifier_class=none|temperature_bin=ambient|contact_time_bin=short|shaking_time_bin=missing|phase_ratio_bin=missing;acid_class=nitrate|acid_strength_bin=very_low|nitrate_activity=very_low|pH_bin=missing|diluent_family=other|modifier_class=none|temperature_bin=ambient|contact_time_bin=short|shaking_time_bin=missing|phase_ratio_bin=missing,0.010051,0.0101,22.0,22.0,planned,fill_5x_water,,,
a899d73ff41d,,63,Eu,3,CCCCCCCCN(CCCCCCCC)C(=O)c1ccc(C(=O)N(CCCCCCCC)CCCCCCCC)s1,CCCCCCCCN(CCCCCCCC)C(=O)c1ccc(C(=O)N(CCCCCCCC)CCCCCCCC)s1,"[18, 24, 42]","[""O(amide_carbonyl)"", ""O(amide_carbonyl)"", ""S(donor)""]",3,9,3,nitrate,nitrate,0,63|CCCCCCCCN(CCCCCCCC)C(=O)c1ccc(C(=O)N(CCCCCCCC)CCCCCCCC)s1|nitrate,4,4,acid_class=nitrate|acid_strength_bin=high|nitrate_activity=high|pH_bin=missing|diluent_family=alcohol_modifier|modifier_class=none|temperature_bin=ambient|contact_time_bin=medium|shaking_time_bin=missing|phase_ratio_bin=missing;acid_class=nitrate|acid_strength_bin=high|nitrate_activity=high|pH_bin=missing|diluent_family=aliphatic_hydrocarbon|modifier_class=none|temperature_bin=ambient|contact_time_bin=medium|shaking_time_bin=missing|phase_ratio_bin=missing;acid_class=nitrate|acid_strength_bin=medium|nitrate_activity=medium|pH_bin=missing|diluent_family=alcohol_modifier|modifier_class=none|temperature_bin=ambient|contact_time_bin=medium|shaking_time_bin=missing|phase_ratio_bin=missing;acid_class=nitrate|acid_strength_bin=medium|nitrate_activity=medium|pH_bin=missing|diluent_family=aliphatic_hydrocarbon|modifier_class=none|temperature_bin=ambient|contact_time_bin=medium|shaking_time_bin=missing|phase_ratio_bin=missing,1.0,3.82,23.0,23.0,planned,ok,,,
45970656f998,,63,Eu,3,CCCCCCCCN(CCCCCCCC)C(=S)c1ccc(C(=S)N(CCCCCCCC)CCCCCCCC)s1,CCCCCCCCN(CCCCCCCC)C(=S)c1ccc(C(=S)N(CCCCCCCC)CCCCCCCC)s1,"[8, 18, 24, 25, 42]","[""N(amine)"", ""S(donor)"", ""S(donor)"", ""N(amine)"", ""S(donor)""]",5,9,1,nitrate,nitrate,4,63|CCCCCCCCN(CCCCCCCC)C(=S)c1ccc(C(=S)N(CCCCCCCC)CCCCCCCC)s1|nitrate,4,4,acid_class=nitrate|acid_strength_bin=high|nitrate_activity=high|pH_bin=missing|diluent_family=alcohol_modifier|modifier_class=none|temperature_bin=ambient|contact_time_bin=medium|shaking_time_bin=missing|phase_ratio_bin=missing;acid_class=nitrate|acid_strength_bin=high|nitrate_activity=high|pH_bin=missing|diluent_family=aliphatic_hydrocarbon|modifier_class=none|temperature_bin=ambient|contact_time_bin=medium|shaking_time_bin=missing|phase_ratio_bin=missing;acid_class=nitrate|acid_strength_bin=medium|nitrate_activity=medium|pH_bin=missing|diluent_family=alcohol_modifier|modifier_class=none|temperature_bin=ambient|contact_time_bin=medium|shaking_time_bin=missing|phase_ratio_bin=missing;acid_class=nitrate|acid_strength_bin=medium|nitrate_activity=medium|pH_bin=missing|diluent_family=aliphatic_hydrocarbon|modifier_class=none|temperature_bin=ambient|contact_time_bin=medium|shaking_time_bin=missing|phase_ratio_bin=missing,1.0,3.82,23.0,23.0,planned,ok,,,
a3b3468ffd90,,63,Eu,3,CCCCCCCCN(CCCCCCCC)C(=O)c1ccc2ccc3ccc(C(=O)N(CCCCCCCC)CCCCCCCC)nc3c2n1,CCCCCCCCN(CCCCCCCC)C(=O)c1ccc2ccc3ccc(C(=O)N(CCCCCCCC)CCCCCCCC)nc3c2n1,"[18, 30, 48, 51]","[""O(amide_carbonyl)"", ""O(amide_carbonyl)"", ""N(aromatic)"", ""N(aromatic)""]",4,9,2,water,water,1,63|CCCCCCCCN(CCCCCCCC)C(=O)c1ccc2ccc3ccc(C(=O)N(CCCCCCCC)CCCCCCCC)nc3c2n1|water,4,4,acid_class=chloride|acid_strength_bin=medium|nitrate_activity=none|pH_bin=missing|diluent_family=chlorinated|modifier_class=none|temperature_bin=ambient|contact_time_bin=missing|shaking_time_bin=missing|phase_ratio_bin=missing;acid_class=nitrate|acid_strength_bin=very_low|nitrate_activity=very_low|pH_bin=missing|diluent_family=alcohol_modifier|modifier_class=none|temperature_bin=ambient|contact_time_bin=medium|shaking_time_bin=missing|phase_ratio_bin=missing;acid_class=nitrate|acid_strength_bin=very_low|nitrate_activity=very_low|pH_bin=missing|diluent_family=aliphatic_hydrocarbon|modifier_class=none|temperature_bin=ambient|contact_time_bin=medium|shaking_time_bin=missing|phase_ratio_bin=missing;acid_class=nitrate|acid_strength_bin=very_low|nitrate_activity=very_low|pH_bin=missing|diluent_family=aromatic|modifier_class=none|temperature_bin=ambient|contact_time_bin=medium|shaking_time_bin=missing|phase_ratio_bin=missing,0.01,0.9,23.0,25.0,planned,fill_5x_water,,,
797cf8bfb668,,63,Eu,3,CCCCCCCCN(CCCCCCCC)C(=O)c1ccc2ccc3ccc(C(=O)N(CCCCCCCC)CCCCCCCC)nc3c2n1,CCCCCCCCN(CCCCCCCC)C(=O)c1ccc2ccc3ccc(C(=O)N(CCCCCCCC)CCCCCCCC)nc3c2n1,"[18, 30, 48, 51]","[""O(amide_carbonyl)"", ""O(amide_carbonyl)"", ""N(aromatic)"", ""N(aromatic)""]",4,9,2,nitrate,nitrate,1,63|CCCCCCCCN(CCCCCCCC)C(=O)c1ccc2ccc3ccc(C(=O)N(CCCCCCCC)CCCCCCCC)nc3c2n1|nitrate,9,9,acid_class=nitrate|acid_strength_bin=high|nitrate_activity=high|pH_bin=missing|diluent_family=alcohol_modifier|modifier_class=none|temperature_bin=ambient|contact_time_bin=medium|shaking_time_bin=missing|phase_ratio_bin=missing;acid_class=nitrate|acid_strength_bin=high|nitrate_activity=high|pH_bin=missing|diluent_family=aliphatic_hydrocarbon|modifier_class=none|temperature_bin=ambient|contact_time_bin=medium|shaking_time_bin=missing|phase_ratio_bin=missing;acid_class=nitrate|acid_strength_bin=high|nitrate_activity=high|pH_bin=missing|diluent_family=aromatic|modifier_class=none|temperature_bin=ambient|contact_time_bin=medium|shaking_time_bin=missing|phase_ratio_bin=missing;acid_class=nitrate|acid_strength_bin=low|nitrate_activity=low|pH_bin=missing|diluent_family=alcohol_modifier|modifier_class=none|temperature_bin=ambient|contact_time_bin=medium|shaking_time_bin=missing|phase_ratio_bin=missing;acid_class=nitrate|acid_strength_bin=low|nitrate_activity=low|pH_bin=missing|diluent_family=aliphatic_hydrocarbon|modifier_class=none|temperature_bin=ambient|contact_time_bin=medium|shaking_time_bin=missing|phase_ratio_bin=missing,0.1,3.82,23.0,23.0,planned,fill_5x_nitrate,,,
68c904700053,,63,Eu,3,CCCCCCCCN(CCCCCCCC)C(=S)c1ccc2ccc3ccc(C(=S)N(CCCCCCCC)CCCCCCCC)nc3c2n1,CCCCCCCCN(CCCCCCCC)C(=S)c1ccc2ccc3ccc(C(=S)N(CCCCCCCC)CCCCCCCC)nc3c2n1,"[8, 18, 30, 31, 48, 51]","[""N(amine)"", ""S(donor)"", ""S(donor)"", ""N(amine)"", ""N(aromatic)"", ""N(aromatic)""]",6,9,1,water,water,3,63|CCCCCCCCN(CCCCCCCC)C(=S)c1ccc2ccc3ccc(C(=S)N(CCCCCCCC)CCCCCCCC)nc3c2n1|water,3,3,acid_class=nitrate|acid_strength_bin=very_low|nitrate_activity=very_low|pH_bin=missing|diluent_family=alcohol_modifier|modifier_class=none|temperature_bin=ambient|contact_time_bin=medium|shaking_time_bin=missing|phase_ratio_bin=missing;acid_class=nitrate|acid_strength_bin=very_low|nitrate_activity=very_low|pH_bin=missing|diluent_family=aliphatic_hydrocarbon|modifier_class=none|temperature_bin=ambient|contact_time_bin=medium|shaking_time_bin=missing|phase_ratio_bin=missing;acid_class=nitrate|acid_strength_bin=very_low|nitrate_activity=very_low|pH_bin=missing|diluent_family=aromatic|modifier_class=none|temperature_bin=ambient|contact_time_bin=medium|shaking_time_bin=missing|phase_ratio_bin=missing,0.01,0.01,23.0,23.0,planned,fill_5x_water,,,
501e57106fbd,,63,Eu,3,CCCCCCCCN(CCCCCCCC)C(=S)c1ccc2ccc3ccc(C(=S)N(CCCCCCCC)CCCCCCCC)nc3c2n1,CCCCCCCCN(CCCCCCCC)C(=S)c1ccc2ccc3ccc(C(=S)N(CCCCCCCC)CCCCCCCC)nc3c2n1,"[8, 18, 30, 31, 48, 51]","[""N(amine)"", ""S(donor)"", ""S(donor)"", ""N(amine)"", ""N(aromatic)"", ""N(aromatic)""]",6,9,1,nitrate,nitrate,3,63|CCCCCCCCN(CCCCCCCC)C(=S)c1ccc2ccc3ccc(C(=S)N(CCCCCCCC)CCCCCCCC)nc3c2n1|nitrate,9,9,acid_class=nitrate|acid_strength_bin=high|nitrate_activity=high|pH_bin=missing|diluent_family=alcohol_modifier|modifier_class=none|temperature_bin=ambient|contact_time_bin=medium|shaking_time_bin=missing|phase_ratio_bin=missing;acid_class=nitrate|acid_strength_bin=high|nitrate_activity=high|pH_bin=missing|diluent_family=aliphatic_hydrocarbon|modifier_class=none|temperature_bin=ambient|contact_time_bin=medium|shaking_time_bin=missing|phase_ratio_bin=missing;acid_class=nitrate|acid_strength_bin=high|nitrate_activity=high|pH_bin=missing|diluent_family=aromatic|modifier_class=none|temperature_bin=ambient|contact_time_bin=medium|shaking_time_bin=missing|phase_ratio_bin=missing;acid_class=nitrate|acid_strength_bin=low|nitrate_activity=low|pH_bin=missing|diluent_family=alcohol_modifier|modifier_class=none|temperature_bin=ambient|contact_time_bin=medium|shaking_time_bin=missing|phase_ratio_bin=missing;acid_class=nitrate|acid_strength_bin=low|nitrate_activity=low|pH_bin=missing|diluent_family=aliphatic_hydrocarbon|modifier_class=none|temperature_bin=ambient|contact_time_bin=medium|shaking_time_bin=missing|phase_ratio_bin=missing,0.1,3.82,23.0,23.0,planned,fill_5x_nitrate,,,
b5ceae618f36,,63,Eu,3,CCCCCCCCN(CCCCCCCC)C(=O)COCC(=O)N(CCCCCCCC)CCCCCCCC,CCCCCCCCN(CCCCCCCC)C(=O)COCC(=O)N(CCCCCCCC)CCCCCCCC,"[18, 20, 23]","[""O(amide_carbonyl)"", ""O(ether)"", ""O(amide_carbonyl)""]",3,9,3,water,water,0,63|CCCCCCCCN(CCCCCCCC)C(=O)COCC(=O)N(CCCCCCCC)CCCCCCCC|water,99,13,acid_class=carboxylate|acid_strength_bin=high|nitrate_activity=none|pH_bin=missing|diluent_family=aliphatic_hydrocarbon|modifier_class=none|temperature_bin=ambient|contact_time_bin=medium|shaking_time_bin=missing|phase_ratio_bin=missing;acid_class=carboxylate|acid_strength_bin=medium|nitrate_activity=none|pH_bin=missing|diluent_family=aliphatic_hydrocarbon|modifier_class=none|temperature_bin=ambient|contact_time_bin=medium|shaking_time_bin=missing|phase_ratio_bin=missing;acid_class=chloride|acid_strength_bin=high|nitrate_activity=none|pH_bin=missing|diluent_family=aliphatic_hydrocarbon|modifier_class=none|temperature_bin=ambient|contact_time_bin=medium|shaking_time_bin=missing|phase_ratio_bin=missing;acid_class=chloride|acid_strength_bin=low|nitrate_activity=none|pH_bin=missing|diluent_family=aliphatic_hydrocarbon|modifier_class=none|temperature_bin=ambient|contact_time_bin=medium|shaking_time_bin=missing|phase_ratio_bin=missing;acid_class=chloride|acid_strength_bin=medium|nitrate_activity=none|pH_bin=missing|diluent_family=aliphatic_hydrocarbon|modifier_class=none|temperature_bin=ambient|contact_time_bin=medium|shaking_time_bin=missing|phase_ratio_bin=missing,2.63027e-07,5.0,20.0,25.0,planned,ok,,,
3f1e9baa527a,,63,Eu,3,CCCCCCCCN(CCCCCCCC)C(=O)COCC(=O)N(CCCCCCCC)CCCCCCCC,CCCCCCCCN(CCCCCCCC)C(=O)COCC(=O)N(CCCCCCCC)CCCCCCCC,"[18, 20, 23]","[""O(amide_carbonyl)"", ""O(ether)"", ""O(amide_carbonyl)""]",3,9,3,nitrate,nitrate,0,63|CCCCCCCCN(CCCCCCCC)C(=O)COCC(=O)N(CCCCCCCC)CCCCCCCC|nitrate,377,52,acid_class=nitrate|acid_strength_bin=high|nitrate_activity=high|pH_bin=missing|diluent_family=alcohol_modifier|modifier_class=none|temperature_bin=ambient|contact_time_bin=medium|shaking_time_bin=missing|phase_ratio_bin=missing;acid_class=nitrate|acid_strength_bin=high|nitrate_activity=high|pH_bin=missing|diluent_family=alcohol_modifier|modifier_class=none|temperature_bin=ambient|contact_time_bin=missing|shaking_time_bin=medium|phase_ratio_bin=missing;acid_class=nitrate|acid_strength_bin=high|nitrate_activity=high|pH_bin=missing|diluent_family=aliphatic_hydrocarbon|modifier_class=alcohol|temperature_bin=ambient|contact_time_bin=missing|shaking_time_bin=medium|phase_ratio_bin=missing;acid_class=nitrate|acid_strength_bin=high|nitrate_activity=high|pH_bin=missing|diluent_family=aliphatic_hydrocarbon|modifier_class=none|temperature_bin=ambient|contact_time_bin=long|shaking_time_bin=missing|phase_ratio_bin=missing;acid_class=nitrate|acid_strength_bin=high|nitrate_activity=high|pH_bin=missing|diluent_family=aliphatic_hydrocarbon|modifier_class=none|temperature_bin=ambient|contact_time_bin=medium|shaking_time_bin=missing|phase_ratio_bin=missing,0.0562341,7.0,5.0,50.0,planned,ok,,,
1a2c675a4d6b,,63,Eu,3,CCCCC(CC)CN(CC(=O)N(CC(CC)CCCC)CC(CC)CCCC)CC(=O)N(CC(CC)CCCC)CC(CC)CCCC,CCCCC(CC)CN(CC(=O)N(CC(CC)CCCC)CC(CC)CCCC)CC(=O)N(CC(CC)CCCC)CC(CC)CCCC,"[8, 11, 31]","[""N(amine)"", ""O(amide_carbonyl)"", ""O(amide_carbonyl)""]",3,9,3,nitrate,nitrate,0,63|CCCCC(CC)CN(CC(=O)N(CC(CC)CCCC)CC(CC)CCCC)CC(=O)N(CC(CC)CCCC)CC(CC)CCCC|nitrate,17,3,acid_class=nitrate|acid_strength_bin=high|nitrate_activity=high|pH_bin=missing|diluent_family=aliphatic_hydrocarbon|modifier_class=none|temperature_bin=ambient|contact_time_bin=missing|shaking_time_bin=missing|phase_ratio_bin=missing;acid_class=nitrate|acid_strength_bin=low|nitrate_activity=low|pH_bin=missing|diluent_family=aliphatic_hydrocarbon|modifier_class=none|temperature_bin=ambient|contact_time_bin=missing|shaking_time_bin=missing|phase_ratio_bin=missing;acid_class=nitrate|acid_strength_bin=medium|nitrate_activity=medium|pH_bin=missing|diluent_family=aliphatic_hydrocarbon|modifier_class=none|temperature_bin=ambient|contact_time_bin=missing|shaking_time_bin=missing|phase_ratio_bin=missing,0.1,4.0,25.0,25.0,planned,ok,,,
4daf401699d8,,60,Nd,3,CCCCC(CC)CN(CC(=O)N(CC(CC)CCCC)CC(CC)CCCC)CC(=O)N(CC(CC)CCCC)CC(CC)CCCC,CCCCC(CC)CN(CC(=O)N(CC(CC)CCCC)CC(CC)CCCC)CC(=O)N(CC(CC)CCCC)CC(CC)CCCC,"[8, 11, 31]","[""N(amine)"", ""O(amide_carbonyl)"", ""O(amide_carbonyl)""]",3,9,3,nitrate,nitrate,0,60|CCCCC(CC)CN(CC(=O)N(CC(CC)CCCC)CC(CC)CCCC)CC(=O)N(CC(CC)CCCC)CC(CC)CCCC|nitrate,5,1,acid_class=nitrate|acid_strength_bin=medium|nitrate_activity=medium|pH_bin=missing|diluent_family=aliphatic_hydrocarbon|modifier_class=none|temperature_bin=ambient|contact_time_bin=missing|shaking_time_bin=missing|phase_ratio_bin=missing,1.5,1.5,25.0,25.0,planned,ok,,,
f06ae7567ce5,,57,La,3,CN(C(=O)c1cccc(C(=O)N(C)c2ccccc2)n1)c1ccccc1,CN(C(=O)c1cccc(C(=O)N(C)c2ccccc2)n1)c1ccccc1,"[3, 10, 19]","[""O(amide_carbonyl)"", ""O(amide_carbonyl)"", ""N(aromatic)""]",3,9,3,nitrate,nitrate,0,57|CN(C(=O)c1cccc(C(=O)N(C)c2ccccc2)n1)c1ccccc1|nitrate,10,4,acid_class=nitrate|acid_strength_bin=high|nitrate_activity=high|pH_bin=missing|diluent_family=chlorinated|modifier_class=none|temperature_bin=ambient|contact_time_bin=medium|shaking_time_bin=missing|phase_ratio_bin=missing;acid_class=nitrate|acid_strength_bin=high|nitrate_activity=high|pH_bin=missing|diluent_family=chlorinated|modifier_class=none|temperature_bin=missing|contact_time_bin=missing|shaking_time_bin=missing|phase_ratio_bin=missing;acid_class=nitrate|acid_strength_bin=medium|nitrate_activity=medium|pH_bin=missing|diluent_family=chlorinated|modifier_class=none|temperature_bin=ambient|contact_time_bin=medium|shaking_time_bin=missing|phase_ratio_bin=missing;acid_class=nitrate|acid_strength_bin=medium|nitrate_activity=medium|pH_bin=missing|diluent_family=chlorinated|modifier_class=none|temperature_bin=missing|contact_time_bin=missing|shaking_time_bin=missing|phase_ratio_bin=missing,1.0,5.0,25.0,25.0,planned,ok,,,
5a0a32c8248c,,69,Tm,3,CN(C(=O)c1cccc(C(=O)N(C)c2ccccc2)n1)c1ccccc1,CN(C(=O)c1cccc(C(=O)N(C)c2ccccc2)n1)c1ccccc1,"[3, 10, 19]","[""O(amide_carbonyl)"", ""O(amide_carbonyl)"", ""N(aromatic)""]",3,8,2,nitrate,nitrate,2,69|CN(C(=O)c1cccc(C(=O)N(C)c2ccccc2)n1)c1ccccc1|nitrate,10,4,acid_class=nitrate|acid_strength_bin=high|nitrate_activity=high|pH_bin=missing|diluent_family=chlorinated|modifier_class=none|temperature_bin=ambient|contact_time_bin=medium|shaking_time_bin=missing|phase_ratio_bin=missing;acid_class=nitrate|acid_strength_bin=high|nitrate_activity=high|pH_bin=missing|diluent_family=chlorinated|modifier_class=none|temperature_bin=missing|contact_time_bin=missing|shaking_time_bin=missing|phase_ratio_bin=missing;acid_class=nitrate|acid_strength_bin=medium|nitrate_activity=medium|pH_bin=missing|diluent_family=chlorinated|modifier_class=none|temperature_bin=ambient|contact_time_bin=medium|shaking_time_bin=missing|phase_ratio_bin=missing;acid_class=nitrate|acid_strength_bin=medium|nitrate_activity=medium|pH_bin=missing|diluent_family=chlorinated|modifier_class=none|temperature_bin=missing|contact_time_bin=missing|shaking_time_bin=missing|phase_ratio_bin=missing,1.0,5.0,25.0,25.0,planned,fill_2x_nitrate,,,
9010e77066c0,,68,Er,3,CN(C(=O)c1cccc(C(=O)N(C)c2ccccc2)n1)c1ccccc1,CN(C(=O)c1cccc(C(=O)N(C)c2ccccc2)n1)c1ccccc1,"[3, 10, 19]","[""O(amide_carbonyl)"", ""O(amide_carbonyl)"", ""N(aromatic)""]",3,8,2,nitrate,nitrate,2,68|CN(C(=O)c1cccc(C(=O)N(C)c2ccccc2)n1)c1ccccc1|nitrate,10,4,acid_class=nitrate|acid_strength_bin=high|nitrate_activity=high|pH_bin=missing|diluent_family=chlorinated|modifier_class=none|temperature_bin=ambient|contact_time_bin=medium|shaking_time_bin=missing|phase_ratio_bin=missing;acid_class=nitrate|acid_strength_bin=high|nitrate_activity=high|pH_bin=missing|diluent_family=chlorinated|modifier_class=none|temperature_bin=missing|contact_time_bin=missing|shaking_time_bin=missing|phase_ratio_bin=missing;acid_class=nitrate|acid_strength_bin=medium|nitrate_activity=medium|pH_bin=missing|diluent_family=chlorinated|modifier_class=none|temperature_bin=ambient|contact_time_bin=medium|shaking_time_bin=missing|phase_ratio_bin=missing;acid_class=nitrate|acid_strength_bin=medium|nitrate_activity=medium|pH_bin=missing|diluent_family=chlorinated|modifier_class=none|temperature_bin=missing|contact_time_bin=missing|shaking_time_bin=missing|phase_ratio_bin=missing,1.0,5.0,25.0,25.0,planned,fill_2x_nitrate,,,
d06ba4f70613,,67,Ho,3,CN(C(=O)c1cccc(C(=O)N(C)c2ccccc2)n1)c1ccccc1,CN(C(=O)c1cccc(C(=O)N(C)c2ccccc2)n1)c1ccccc1,"[3, 10, 19]","[""O(amide_carbonyl)"", ""O(amide_carbonyl)"", ""N(aromatic)""]",3,8,2,nitrate,nitrate,2,67|CN(C(=O)c1cccc(C(=O)N(C)c2ccccc2)n1)c1ccccc1|nitrate,10,4,acid_class=nitrate|acid_strength_bin=high|nitrate_activity=high|pH_bin=missing|diluent_family=chlorinated|modifier_class=none|temperature_bin=ambient|contact_time_bin=medium|shaking_time_bin=missing|phase_ratio_bin=missing;acid_class=nitrate|acid_strength_bin=high|nitrate_activity=high|pH_bin=missing|diluent_family=chlorinated|modifier_class=none|temperature_bin=missing|contact_time_bin=missing|shaking_time_bin=missing|phase_ratio_bin=missing;acid_class=nitrate|acid_strength_bin=medium|nitrate_activity=medium|pH_bin=missing|diluent_family=chlorinated|modifier_class=none|temperature_bin=ambient|contact_time_bin=medium|shaking_time_bin=missing|phase_ratio_bin=missing;acid_class=nitrate|acid_strength_bin=medium|nitrate_activity=medium|pH_bin=missing|diluent_family=chlorinated|modifier_class=none|temperature_bin=missing|contact_time_bin=missing|shaking_time_bin=missing|phase_ratio_bin=missing,1.0,5.0,25.0,25.0,planned,fill_2x_nitrate,,,
19e40aa7a143,,66,Dy,3,CN(C(=O)c1cccc(C(=O)N(C)c2ccccc2)n1)c1ccccc1,CN(C(=O)c1cccc(C(=O)N(C)c2ccccc2)n1)c1ccccc1,"[3, 10, 19]","[""O(amide_carbonyl)"", ""O(amide_carbonyl)"", ""N(aromatic)""]",3,8,2,nitrate,nitrate,2,66|CN(C(=O)c1cccc(C(=O)N(C)c2ccccc2)n1)c1ccccc1|nitrate,10,4,acid_class=nitrate|acid_strength_bin=high|nitrate_activity=high|pH_bin=missing|diluent_family=chlorinated|modifier_class=none|temperature_bin=ambient|contact_time_bin=medium|shaking_time_bin=missing|phase_ratio_bin=missing;acid_class=nitrate|acid_strength_bin=high|nitrate_activity=high|pH_bin=missing|diluent_family=chlorinated|modifier_class=none|temperature_bin=missing|contact_time_bin=missing|shaking_time_bin=missing|phase_ratio_bin=missing;acid_class=nitrate|acid_strength_bin=medium|nitrate_activity=medium|pH_bin=missing|diluent_family=chlorinated|modifier_class=none|temperature_bin=ambient|contact_time_bin=medium|shaking_time_bin=missing|phase_ratio_bin=missing;acid_class=nitrate|acid_strength_bin=medium|nitrate_activity=medium|pH_bin=missing|diluent_family=chlorinated|modifier_class=none|temperature_bin=missing|contact_time_bin=missing|shaking_time_bin=missing|phase_ratio_bin=missing,1.0,5.0,25.0,25.0,planned,fill_2x_nitrate,,,
d35fe5d1f27d,,65,Tb,3,CN(C(=O)c1cccc(C(=O)N(C)c2ccccc2)n1)c1ccccc1,CN(C(=O)c1cccc(C(=O)N(C)c2ccccc2)n1)c1ccccc1,"[3, 10, 19]","[""O(amide_carbonyl)"", ""O(amide_carbonyl)"", ""N(aromatic)""]",3,8,2,nitrate,nitrate,2,65|CN(C(=O)c1cccc(C(=O)N(C)c2ccccc2)n1)c1ccccc1|nitrate,10,4,acid_class=nitrate|acid_strength_bin=high|nitrate_activity=high|pH_bin=missing|diluent_family=chlorinated|modifier_class=none|temperature_bin=ambient|contact_time_bin=medium|shaking_time_bin=missing|phase_ratio_bin=missing;acid_class=nitrate|acid_strength_bin=high|nitrate_activity=high|pH_bin=missing|diluent_family=chlorinated|modifier_class=none|temperature_bin=missing|contact_time_bin=missing|shaking_time_bin=missing|phase_ratio_bin=missing;acid_class=nitrate|acid_strength_bin=medium|nitrate_activity=medium|pH_bin=missing|diluent_family=chlorinated|modifier_class=none|temperature_bin=ambient|contact_time_bin=medium|shaking_time_bin=missing|phase_ratio_bin=missing;acid_class=nitrate|acid_strength_bin=medium|nitrate_activity=medium|pH_bin=missing|diluent_family=chlorinated|modifier_class=none|temperature_bin=missing|contact_time_bin=missing|shaking_time_bin=missing|phase_ratio_bin=missing,1.0,5.0,25.0,25.0,planned,fill_2x_nitrate,,,
767f19fc0623,,64,Gd,3,CN(C(=O)c1cccc(C(=O)N(C)c2ccccc2)n1)c1ccccc1,CN(C(=O)c1cccc(C(=O)N(C)c2ccccc2)n1)c1ccccc1,"[3, 10, 19]","[""O(amide_carbonyl)"", ""O(amide_carbonyl)"", ""N(aromatic)""]",3,9,3,nitrate,nitrate,0,64|CN(C(=O)c1cccc(C(=O)N(C)c2ccccc2)n1)c1ccccc1|nitrate,10,4,acid_class=nitrate|acid_strength_bin=high|nitrate_activity=high|pH_bin=missing|diluent_family=chlorinated|modifier_class=none|temperature_bin=ambient|contact_time_bin=medium|shaking_time_bin=missing|phase_ratio_bin=missing;acid_class=nitrate|acid_strength_bin=high|nitrate_activity=high|pH_bin=missing|diluent_family=chlorinated|modifier_class=none|temperature_bin=missing|contact_time_bin=missing|shaking_time_bin=missing|phase_ratio_bin=missing;acid_class=nitrate|acid_strength_bin=medium|nitrate_activity=medium|pH_bin=missing|diluent_family=chlorinated|modifier_class=none|temperature_bin=ambient|contact_time_bin=medium|shaking_time_bin=missing|phase_ratio_bin=missing;acid_class=nitrate|acid_strength_bin=medium|nitrate_activity=medium|pH_bin=missing|diluent_family=chlorinated|modifier_class=none|temperature_bin=missing|contact_time_bin=missing|shaking_time_bin=missing|phase_ratio_bin=missing,1.0,5.0,25.0,25.0,planned,ok,,,
f4b171990fec,,70,Yb,3,CN(C(=O)c1cccc(C(=O)N(C)c2ccccc2)n1)c1ccccc1,CN(C(=O)c1cccc(C(=O)N(C)c2ccccc2)n1)c1ccccc1,"[3, 10, 19]","[""O(amide_carbonyl)"", ""O(amide_carbonyl)"", ""N(aromatic)""]",3,8,2,nitrate,nitrate,2,70|CN(C(=O)c1cccc(C(=O)N(C)c2ccccc2)n1)c1ccccc1|nitrate,10,4,acid_class=nitrate|acid_strength_bin=high|nitrate_activity=high|pH_bin=missing|diluent_family=chlorinated|modifier_class=none|temperature_bin=ambient|contact_time_bin=medium|shaking_time_bin=missing|phase_ratio_bin=missing;acid_class=nitrate|acid_strength_bin=high|nitrate_activity=high|pH_bin=missing|diluent_family=chlorinated|modifier_class=none|temperature_bin=missing|contact_time_bin=missing|shaking_time_bin=missing|phase_ratio_bin=missing;acid_class=nitrate|acid_strength_bin=medium|nitrate_activity=medium|pH_bin=missing|diluent_family=chlorinated|modifier_class=none|temperature_bin=ambient|contact_time_bin=medium|shaking_time_bin=missing|phase_ratio_bin=missing;acid_class=nitrate|acid_strength_bin=medium|nitrate_activity=medium|pH_bin=missing|diluent_family=chlorinated|modifier_class=none|temperature_bin=missing|contact_time_bin=missing|shaking_time_bin=missing|phase_ratio_bin=missing,1.0,5.0,25.0,25.0,planned,fill_2x_nitrate,,,
3afdf5d4d1a3,,63,Eu,3,CN(C(=O)c1cccc(C(=O)N(C)c2ccccc2)n1)c1ccccc1,CN(C(=O)c1cccc(C(=O)N(C)c2ccccc2)n1)c1ccccc1,"[3, 10, 19]","[""O(amide_carbonyl)"", ""O(amide_carbonyl)"", ""N(aromatic)""]",3,9,3,nitrate,nitrate,0,63|CN(C(=O)c1cccc(C(=O)N(C)c2ccccc2)n1)c1ccccc1|nitrate,10,4,acid_class=nitrate|acid_strength_bin=high|nitrate_activity=high|pH_bin=missing|diluent_family=chlorinated|modifier_class=none|temperature_bin=ambient|contact_time_bin=medium|shaking_time_bin=missing|phase_ratio_bin=missing;acid_class=nitrate|acid_strength_bin=high|nitrate_activity=high|pH_bin=missing|diluent_family=chlorinated|modifier_class=none|temperature_bin=missing|contact_time_bin=missing|shaking_time_bin=missing|phase_ratio_bin=missing;acid_class=nitrate|acid_strength_bin=medium|nitrate_activity=medium|pH_bin=missing|diluent_family=chlorinated|modifier_class=none|temperature_bin=ambient|contact_time_bin=medium|shaking_time_bin=missing|phase_ratio_bin=missing;acid_class=nitrate|acid_strength_bin=medium|nitrate_activity=medium|pH_bin=missing|diluent_family=chlorinated|modifier_class=none|temperature_bin=missing|contact_time_bin=missing|shaking_time_bin=missing|phase_ratio_bin=missing,1.0,5.0,25.0,25.0,planned,ok,,,
a6691a2ffe3a,,60,Nd,3,CN(C(=O)c1cccc(C(=O)N(C)c2ccccc2)n1)c1ccccc1,CN(C(=O)c1cccc(C(=O)N(C)c2ccccc2)n1)c1ccccc1,"[3, 10, 19]","[""O(amide_carbonyl)"", ""O(amide_carbonyl)"", ""N(aromatic)""]",3,9,3,nitrate,nitrate,0,60|CN(C(=O)c1cccc(C(=O)N(C)c2ccccc2)n1)c1ccccc1|nitrate,10,4,acid_class=nitrate|acid_strength_bin=high|nitrate_activity=high|pH_bin=missing|diluent_family=chlorinated|modifier_class=none|temperature_bin=ambient|contact_time_bin=medium|shaking_time_bin=missing|phase_ratio_bin=missing;acid_class=nitrate|acid_strength_bin=high|nitrate_activity=high|pH_bin=missing|diluent_family=chlorinated|modifier_class=none|temperature_bin=missing|contact_time_bin=missing|shaking_time_bin=missing|phase_ratio_bin=missing;acid_class=nitrate|acid_strength_bin=medium|nitrate_activity=medium|pH_bin=missing|diluent_family=chlorinated|modifier_class=none|temperature_bin=ambient|contact_time_bin=medium|shaking_time_bin=missing|phase_ratio_bin=missing;acid_class=nitrate|acid_strength_bin=medium|nitrate_activity=medium|pH_bin=missing|diluent_family=chlorinated|modifier_class=none|temperature_bin=missing|contact_time_bin=missing|shaking_time_bin=missing|phase_ratio_bin=missing,1.0,5.0,25.0,25.0,planned,ok,,,
98f74c951744,,59,Pr,3,CN(C(=O)c1cccc(C(=O)N(C)c2ccccc2)n1)c1ccccc1,CN(C(=O)c1cccc(C(=O)N(C)c2ccccc2)n1)c1ccccc1,"[3, 10, 19]","[""O(amide_carbonyl)"", ""O(amide_carbonyl)"", ""N(aromatic)""]",3,9,3,nitrate,nitrate,0,59|CN(C(=O)c1cccc(C(=O)N(C)c2ccccc2)n1)c1ccccc1|nitrate,10,4,acid_class=nitrate|acid_strength_bin=high|nitrate_activity=high|pH_bin=missing|diluent_family=chlorinated|modifier_class=none|temperature_bin=ambient|contact_time_bin=medium|shaking_time_bin=missing|phase_ratio_bin=missing;acid_class=nitrate|acid_strength_bin=high|nitrate_activity=high|pH_bin=missing|diluent_family=chlorinated|modifier_class=none|temperature_bin=missing|contact_time_bin=missing|shaking_time_bin=missing|phase_ratio_bin=missing;acid_class=nitrate|acid_strength_bin=medium|nitrate_activity=medium|pH_bin=missing|diluent_family=chlorinated|modifier_class=none|temperature_bin=ambient|contact_time_bin=medium|shaking_time_bin=missing|phase_ratio_bin=missing;acid_class=nitrate|acid_strength_bin=medium|nitrate_activity=medium|pH_bin=missing|diluent_family=chlorinated|modifier_class=none|temperature_bin=missing|contact_time_bin=missing|shaking_time_bin=missing|phase_ratio_bin=missing,1.0,5.0,25.0,25.0,planned,ok,,,
5aa4cf743db2,,58,Ce,3,CN(C(=O)c1cccc(C(=O)N(C)c2ccccc2)n1)c1ccccc1,CN(C(=O)c1cccc(C(=O)N(C)c2ccccc2)n1)c1ccccc1,"[3, 10, 19]","[""O(amide_carbonyl)"", ""O(amide_carbonyl)"", ""N(aromatic)""]",3,9,3,nitrate,nitrate,0,58|CN(C(=O)c1cccc(C(=O)N(C)c2ccccc2)n1)c1ccccc1|nitrate,10,4,acid_class=nitrate|acid_strength_bin=high|nitrate_activity=high|pH_bin=missing|diluent_family=chlorinated|modifier_class=none|temperature_bin=ambient|contact_time_bin=medium|shaking_time_bin=missing|phase_ratio_bin=missing;acid_class=nitrate|acid_strength_bin=high|nitrate_activity=high|pH_bin=missing|diluent_family=chlorinated|modifier_class=none|temperature_bin=missing|contact_time_bin=missing|shaking_time_bin=missing|phase_ratio_bin=missing;acid_class=nitrate|acid_strength_bin=medium|nitrate_activity=medium|pH_bin=missing|diluent_family=chlorinated|modifier_class=none|temperature_bin=ambient|contact_time_bin=medium|shaking_time_bin=missing|phase_ratio_bin=missing;acid_class=nitrate|acid_strength_bin=medium|nitrate_activity=medium|pH_bin=missing|diluent_family=chlorinated|modifier_class=none|temperature_bin=missing|contact_time_bin=missing|shaking_time_bin=missing|phase_ratio_bin=missing,1.0,5.0,25.0,25.0,planned,ok,,,
900f98641be6,,71,Lu,3,CN(C(=O)c1cccc(C(=O)N(C)c2ccccc2)n1)c1ccccc1,CN(C(=O)c1cccc(C(=O)N(C)c2ccccc2)n1)c1ccccc1,"[3, 10, 19]","[""O(amide_carbonyl)"", ""O(amide_carbonyl)"", ""N(aromatic)""]",3,8,2,nitrate,nitrate,2,71|CN(C(=O)c1cccc(C(=O)N(C)c2ccccc2)n1)c1ccccc1|nitrate,10,4,acid_class=nitrate|acid_strength_bin=high|nitrate_activity=high|pH_bin=missing|diluent_family=chlorinated|modifier_class=none|temperature_bin=ambient|contact_time_bin=medium|shaking_time_bin=missing|phase_ratio_bin=missing;acid_class=nitrate|acid_strength_bin=high|nitrate_activity=high|pH_bin=missing|diluent_family=chlorinated|modifier_class=none|temperature_bin=missing|contact_time_bin=missing|shaking_time_bin=missing|phase_ratio_bin=missing;acid_class=nitrate|acid_strength_bin=medium|nitrate_activity=medium|pH_bin=missing|diluent_family=chlorinated|modifier_class=none|temperature_bin=ambient|contact_time_bin=medium|shaking_time_bin=missing|phase_ratio_bin=missing;acid_class=nitrate|acid_strength_bin=medium|nitrate_activity=medium|pH_bin=missing|diluent_family=chlorinated|modifier_class=none|temperature_bin=missing|contact_time_bin=missing|shaking_time_bin=missing|phase_ratio_bin=missing,1.0,5.0,25.0,25.0,planned,fill_2x_nitrate,,,
3196db46a239,,62,Sm,3,CN(C(=O)c1cccc(C(=O)N(C)c2ccccc2)n1)c1ccccc1,CN(C(=O)c1cccc(C(=O)N(C)c2ccccc2)n1)c1ccccc1,"[3, 10, 19]","[""O(amide_carbonyl)"", ""O(amide_carbonyl)"", ""N(aromatic)""]",3,9,3,nitrate,nitrate,0,62|CN(C(=O)c1cccc(C(=O)N(C)c2ccccc2)n1)c1ccccc1|nitrate,10,4,acid_class=nitrate|acid_strength_bin=high|nitrate_activity=high|pH_bin=missing|diluent_family=chlorinated|modifier_class=none|temperature_bin=ambient|contact_time_bin=medium|shaking_time_bin=missing|phase_ratio_bin=missing;acid_class=nitrate|acid_strength_bin=high|nitrate_activity=high|pH_bin=missing|diluent_family=chlorinated|modifier_class=none|temperature_bin=missing|contact_time_bin=missing|shaking_time_bin=missing|phase_ratio_bin=missing;acid_class=nitrate|acid_strength_bin=medium|nitrate_activity=medium|pH_bin=missing|diluent_family=chlorinated|modifier_class=none|temperature_bin=ambient|contact_time_bin=medium|shaking_time_bin=missing|phase_ratio_bin=missing;acid_class=nitrate|acid_strength_bin=medium|nitrate_activity=medium|pH_bin=missing|diluent_family=chlorinated|modifier_class=none|temperature_bin=missing|contact_time_bin=missing|shaking_time_bin=missing|phase_ratio_bin=missing,1.0,5.0,25.0,25.0,planned,ok,,,
b2e4636b1074,,67,Ho,3,CCCCCCCCN(CCCCCCCC)C(=O)c1ccc2ccc3ccc(C(=O)N(CCCCCCCC)CCCCCCCC)nc3c2n1,CCCCCCCCN(CCCCCCCC)C(=O)c1ccc2ccc3ccc(C(=O)N(CCCCCCCC)CCCCCCCC)nc3c2n1,"[18, 30, 48, 51]","[""O(amide_carbonyl)"", ""O(amide_carbonyl)"", ""N(aromatic)"", ""N(aromatic)""]",4,8,2,nitrate,nitrate,0,67|CCCCCCCCN(CCCCCCCC)C(=O)c1ccc2ccc3ccc(C(=O)N(CCCCCCCC)CCCCCCCC)nc3c2n1|nitrate,1,1,acid_class=nitrate|acid_strength_bin=medium|nitrate_activity=medium|pH_bin=missing|diluent_family=chlorinated|modifier_class=none|temperature_bin=ambient|contact_time_bin=missing|shaking_time_bin=missing|phase_ratio_bin=missing,0.9,0.9,25.0,25.0,planned,fill_4x_nitrate,,,
76e2ec6f2f0b,,66,Dy,3,CCCCCCCCN(CCCCCCCC)C(=O)c1ccc2ccc3ccc(C(=O)N(CCCCCCCC)CCCCCCCC)nc3c2n1,CCCCCCCCN(CCCCCCCC)C(=O)c1ccc2ccc3ccc(C(=O)N(CCCCCCCC)CCCCCCCC)nc3c2n1,"[18, 30, 48, 51]","[""O(amide_carbonyl)"", ""O(amide_carbonyl)"", ""N(aromatic)"", ""N(aromatic)""]",4,8,2,nitrate,nitrate,0,66|CCCCCCCCN(CCCCCCCC)C(=O)c1ccc2ccc3ccc(C(=O)N(CCCCCCCC)CCCCCCCC)nc3c2n1|nitrate,1,1,acid_class=nitrate|acid_strength_bin=medium|nitrate_activity=medium|pH_bin=missing|diluent_family=chlorinated|modifier_class=none|temperature_bin=ambient|contact_time_bin=missing|shaking_time_bin=missing|phase_ratio_bin=missing,0.9,0.9,25.0,25.0,planned,fill_4x_nitrate,,,
6fcf4b2f3837,,65,Tb,3,CCCCCCCCN(CCCCCCCC)C(=O)c1ccc2ccc3ccc(C(=O)N(CCCCCCCC)CCCCCCCC)nc3c2n1,CCCCCCCCN(CCCCCCCC)C(=O)c1ccc2ccc3ccc(C(=O)N(CCCCCCCC)CCCCCCCC)nc3c2n1,"[18, 30, 48, 51]","[""O(amide_carbonyl)"", ""O(amide_carbonyl)"", ""N(aromatic)"", ""N(aromatic)""]",4,8,2,nitrate,nitrate,0,65|CCCCCCCCN(CCCCCCCC)C(=O)c1ccc2ccc3ccc(C(=O)N(CCCCCCCC)CCCCCCCC)nc3c2n1|nitrate,1,1,acid_class=nitrate|acid_strength_bin=medium|nitrate_activity=medium|pH_bin=missing|diluent_family=chlorinated|modifier_class=none|temperature_bin=ambient|contact_time_bin=missing|shaking_time_bin=missing|phase_ratio_bin=missing,0.9,0.9,25.0,25.0,planned,fill_4x_nitrate,,,
53b0f14d2de0,,59,Pr,3,CCCCCCCCN(CCCCCCCC)C(=O)c1ccc2ccc3ccc(C(=O)N(CCCCCCCC)CCCCCCCC)nc3c2n1,CCCCCCCCN(CCCCCCCC)C(=O)c1ccc2ccc3ccc(C(=O)N(CCCCCCCC)CCCCCCCC)nc3c2n1,"[18, 30, 48, 51]","[""O(amide_carbonyl)"", ""O(amide_carbonyl)"", ""N(aromatic)"", ""N(aromatic)""]",4,9,2,nitrate,nitrate,1,59|CCCCCCCCN(CCCCCCCC)C(=O)c1ccc2ccc3ccc(C(=O)N(CCCCCCCC)CCCCCCCC)nc3c2n1|nitrate,1,1,acid_class=nitrate|acid_strength_bin=medium|nitrate_activity=medium|pH_bin=missing|diluent_family=chlorinated|modifier_class=none|temperature_bin=ambient|contact_time_bin=missing|shaking_time_bin=missing|phase_ratio_bin=missing,0.9,0.9,25.0,25.0,planned,fill_5x_nitrate,,,
cae25950ae7e,,57,La,3,CCCCCCCCN(CCCCCCCC)C(=O)c1ccc2ccc3ccc(C(=O)N(CCCCCCCC)CCCCCCCC)nc3c2n1,CCCCCCCCN(CCCCCCCC)C(=O)c1ccc2ccc3ccc(C(=O)N(CCCCCCCC)CCCCCCCC)nc3c2n1,"[18, 30, 48, 51]","[""O(amide_carbonyl)"", ""O(amide_carbonyl)"", ""N(aromatic)"", ""N(aromatic)""]",4,9,2,nitrate,nitrate,1,57|CCCCCCCCN(CCCCCCCC)C(=O)c1ccc2ccc3ccc(C(=O)N(CCCCCCCC)CCCCCCCC)nc3c2n1|nitrate,1,1,acid_class=nitrate|acid_strength_bin=medium|nitrate_activity=medium|pH_bin=missing|diluent_family=chlorinated|modifier_class=none|temperature_bin=ambient|contact_time_bin=missing|shaking_time_bin=missing|phase_ratio_bin=missing,0.9,0.9,25.0,25.0,planned,fill_5x_nitrate,,,
f5f08a9e7494,,68,Er,3,CCCCCCCCN(CCCCCCCC)C(=O)c1ccc2ccc3ccc(C(=O)N(CCCCCCCC)CCCCCCCC)nc3c2n1,CCCCCCCCN(CCCCCCCC)C(=O)c1ccc2ccc3ccc(C(=O)N(CCCCCCCC)CCCCCCCC)nc3c2n1,"[18, 30, 48, 51]","[""O(amide_carbonyl)"", ""O(amide_carbonyl)"", ""N(aromatic)"", ""N(aromatic)""]",4,8,2,nitrate,nitrate,0,68|CCCCCCCCN(CCCCCCCC)C(=O)c1ccc2ccc3ccc(C(=O)N(CCCCCCCC)CCCCCCCC)nc3c2n1|nitrate,1,1,acid_class=nitrate|acid_strength_bin=medium|nitrate_activity=medium|pH_bin=missing|diluent_family=chlorinated|modifier_class=none|temperature_bin=ambient|contact_time_bin=missing|shaking_time_bin=missing|phase_ratio_bin=missing,0.9,0.9,25.0,25.0,planned,fill_4x_nitrate,,,
a793bef2526f,,70,Yb,3,CCCCCCCCN(CCCCCCCC)C(=O)c1ccc2ccc3ccc(C(=O)N(CCCCCCCC)CCCCCCCC)nc3c2n1,CCCCCCCCN(CCCCCCCC)C(=O)c1ccc2ccc3ccc(C(=O)N(CCCCCCCC)CCCCCCCC)nc3c2n1,"[18, 30, 48, 51]","[""O(amide_carbonyl)"", ""O(amide_carbonyl)"", ""N(aromatic)"", ""N(aromatic)""]",4,8,2,nitrate,nitrate,0,70|CCCCCCCCN(CCCCCCCC)C(=O)c1ccc2ccc3ccc(C(=O)N(CCCCCCCC)CCCCCCCC)nc3c2n1|nitrate,1,1,acid_class=nitrate|acid_strength_bin=medium|nitrate_activity=medium|pH_bin=missing|diluent_family=chlorinated|modifier_class=none|temperature_bin=ambient|contact_time_bin=missing|shaking_time_bin=missing|phase_ratio_bin=missing,0.9,0.9,25.0,25.0,planned,fill_4x_nitrate,,,
d8f03e96fe54,,65,Tb,3,CCCCCCCCN(CCCCCCCC)C(=O)c1ccc2ccc3ccc(C(=O)N(CCCCCCCC)CCCCCCCC)nc3c2n1,CCCCCCCCN(CCCCCCCC)C(=O)c1ccc2ccc3ccc(C(=O)N(CCCCCCCC)CCCCCCCC)nc3c2n1,"[18, 30, 48, 51]","[""O(amide_carbonyl)"", ""O(amide_carbonyl)"", ""N(aromatic)"", ""N(aromatic)""]",4,8,2,water,water,0,65|CCCCCCCCN(CCCCCCCC)C(=O)c1ccc2ccc3ccc(C(=O)N(CCCCCCCC)CCCCCCCC)nc3c2n1|water,1,1,acid_class=chloride|acid_strength_bin=medium|nitrate_activity=none|pH_bin=missing|diluent_family=chlorinated|modifier_class=none|temperature_bin=ambient|contact_time_bin=missing|shaking_time_bin=missing|phase_ratio_bin=missing,0.9,0.9,25.0,25.0,planned,fill_4x_water,,,
59820f9615bf,,57,La,3,CCCCCCCCN(CCCCCCCC)C(=O)c1ccc2ccc3ccc(C(=O)N(CCCCCCCC)CCCCCCCC)nc3c2n1,CCCCCCCCN(CCCCCCCC)C(=O)c1ccc2ccc3ccc(C(=O)N(CCCCCCCC)CCCCCCCC)nc3c2n1,"[18, 30, 48, 51]","[""O(amide_carbonyl)"", ""O(amide_carbonyl)"", ""N(aromatic)"", ""N(aromatic)""]",4,9,2,water,water,1,57|CCCCCCCCN(CCCCCCCC)C(=O)c1ccc2ccc3ccc(C(=O)N(CCCCCCCC)CCCCCCCC)nc3c2n1|water,1,1,acid_class=chloride|acid_strength_bin=medium|nitrate_activity=none|pH_bin=missing|diluent_family=chlorinated|modifier_class=none|temperature_bin=ambient|contact_time_bin=missing|shaking_time_bin=missing|phase_ratio_bin=missing,0.9,0.9,25.0,25.0,planned,fill_5x_water,,,
9517759666e7,,64,Gd,3,CCCCCCCCN(CCCCCCCC)C(=O)c1ccc2ccc3ccc(C(=O)N(CCCCCCCC)CCCCCCCC)nc3c2n1,CCCCCCCCN(CCCCCCCC)C(=O)c1ccc2ccc3ccc(C(=O)N(CCCCCCCC)CCCCCCCC)nc3c2n1,"[18, 30, 48, 51]","[""O(amide_carbonyl)"", ""O(amide_carbonyl)"", ""N(aromatic)"", ""N(aromatic)""]",4,9,2,water,water,1,64|CCCCCCCCN(CCCCCCCC)C(=O)c1ccc2ccc3ccc(C(=O)N(CCCCCCCC)CCCCCCCC)nc3c2n1|water,1,1,acid_class=chloride|acid_strength_bin=medium|nitrate_activity=none|pH_bin=missing|diluent_family=chlorinated|modifier_class=none|temperature_bin=ambient|contact_time_bin=missing|shaking_time_bin=missing|phase_ratio_bin=missing,0.9,0.9,25.0,25.0,planned,fill_5x_water,,,
f8f16b27f64d,,58,Ce,3,CCCCCCCCN(CCCCCCCC)C(=O)c1ccc2ccc3ccc(C(=O)N(CCCCCCCC)CCCCCCCC)nc3c2n1,CCCCCCCCN(CCCCCCCC)C(=O)c1ccc2ccc3ccc(C(=O)N(CCCCCCCC)CCCCCCCC)nc3c2n1,"[18, 30, 48, 51]","[""O(amide_carbonyl)"", ""O(amide_carbonyl)"", ""N(aromatic)"", ""N(aromatic)""]",4,9,2,nitrate,nitrate,1,58|CCCCCCCCN(CCCCCCCC)C(=O)c1ccc2ccc3ccc(C(=O)N(CCCCCCCC)CCCCCCCC)nc3c2n1|nitrate,1,1,acid_class=nitrate|acid_strength_bin=medium|nitrate_activity=medium|pH_bin=missing|diluent_family=chlorinated|modifier_class=none|temperature_bin=ambient|contact_time_bin=missing|shaking_time_bin=missing|phase_ratio_bin=missing,0.9,0.9,25.0,25.0,planned,fill_5x_nitrate,,,
f195cf428463,,71,Lu,3,CCCCCCCCN(CCCCCCCC)C(=O)c1ccc2ccc3ccc(C(=O)N(CCCCCCCC)CCCCCCCC)nc3c2n1,CCCCCCCCN(CCCCCCCC)C(=O)c1ccc2ccc3ccc(C(=O)N(CCCCCCCC)CCCCCCCC)nc3c2n1,"[18, 30, 48, 51]","[""O(amide_carbonyl)"", ""O(amide_carbonyl)"", ""N(aromatic)"", ""N(aromatic)""]",4,8,2,water,water,0,71|CCCCCCCCN(CCCCCCCC)C(=O)c1ccc2ccc3ccc(C(=O)N(CCCCCCCC)CCCCCCCC)nc3c2n1|water,1,1,acid_class=chloride|acid_strength_bin=medium|nitrate_activity=none|pH_bin=missing|diluent_family=chlorinated|modifier_class=none|temperature_bin=ambient|contact_time_bin=missing|shaking_time_bin=missing|phase_ratio_bin=missing,0.9,0.9,25.0,25.0,planned,fill_4x_water,,,
10b161466831,,70,Yb,3,CCCCCCCCN(CCCCCCCC)C(=O)c1ccc2ccc3ccc(C(=O)N(CCCCCCCC)CCCCCCCC)nc3c2n1,CCCCCCCCN(CCCCCCCC)C(=O)c1ccc2ccc3ccc(C(=O)N(CCCCCCCC)CCCCCCCC)nc3c2n1,"[18, 30, 48, 51]","[""O(amide_carbonyl)"", ""O(amide_carbonyl)"", ""N(aromatic)"", ""N(aromatic)""]",4,8,2,water,water,0,70|CCCCCCCCN(CCCCCCCC)C(=O)c1ccc2ccc3ccc(C(=O)N(CCCCCCCC)CCCCCCCC)nc3c2n1|water,1,1,acid_class=chloride|acid_strength_bin=medium|nitrate_activity=none|pH_bin=missing|diluent_family=chlorinated|modifier_class=none|temperature_bin=ambient|contact_time_bin=missing|shaking_time_bin=missing|phase_ratio_bin=missing,0.9,0.9,25.0,25.0,planned,fill_4x_water,,,
3cd5bc4527c0,,69,Tm,3,CCCCCCCCN(CCCCCCCC)C(=O)c1ccc2ccc3ccc(C(=O)N(CCCCCCCC)CCCCCCCC)nc3c2n1,CCCCCCCCN(CCCCCCCC)C(=O)c1ccc2ccc3ccc(C(=O)N(CCCCCCCC)CCCCCCCC)nc3c2n1,"[18, 30, 48, 51]","[""O(amide_carbonyl)"", ""O(amide_carbonyl)"", ""N(aromatic)"", ""N(aromatic)""]",4,8,2,water,water,0,69|CCCCCCCCN(CCCCCCCC)C(=O)c1ccc2ccc3ccc(C(=O)N(CCCCCCCC)CCCCCCCC)nc3c2n1|water,1,1,acid_class=chloride|acid_strength_bin=medium|nitrate_activity=none|pH_bin=missing|diluent_family=chlorinated|modifier_class=none|temperature_bin=ambient|contact_time_bin=missing|shaking_time_bin=missing|phase_ratio_bin=missing,0.9,0.9,25.0,25.0,planned,fill_4x_water,,,
0a2e9bb2e54c,,71,Lu,3,CCCCCCCCN(CCCCCCCC)C(=O)c1ccc2ccc3ccc(C(=O)N(CCCCCCCC)CCCCCCCC)nc3c2n1,CCCCCCCCN(CCCCCCCC)C(=O)c1ccc2ccc3ccc(C(=O)N(CCCCCCCC)CCCCCCCC)nc3c2n1,"[18, 30, 48, 51]","[""O(amide_carbonyl)"", ""O(amide_carbonyl)"", ""N(aromatic)"", ""N(aromatic)""]",4,8,2,nitrate,nitrate,0,71|CCCCCCCCN(CCCCCCCC)C(=O)c1ccc2ccc3ccc(C(=O)N(CCCCCCCC)CCCCCCCC)nc3c2n1|nitrate,1,1,acid_class=nitrate|acid_strength_bin=medium|nitrate_activity=medium|pH_bin=missing|diluent_family=chlorinated|modifier_class=none|temperature_bin=ambient|contact_time_bin=missing|shaking_time_bin=missing|phase_ratio_bin=missing,0.9,0.9,25.0,25.0,planned,fill_4x_nitrate,,,
3b23537feca7,,68,Er,3,CCCCCCCCN(CCCCCCCC)C(=O)c1ccc2ccc3ccc(C(=O)N(CCCCCCCC)CCCCCCCC)nc3c2n1,CCCCCCCCN(CCCCCCCC)C(=O)c1ccc2ccc3ccc(C(=O)N(CCCCCCCC)CCCCCCCC)nc3c2n1,"[18, 30, 48, 51]","[""O(amide_carbonyl)"", ""O(amide_carbonyl)"", ""N(aromatic)"", ""N(aromatic)""]",4,8,2,water,water,0,68|CCCCCCCCN(CCCCCCCC)C(=O)c1ccc2ccc3ccc(C(=O)N(CCCCCCCC)CCCCCCCC)nc3c2n1|water,1,1,acid_class=chloride|acid_strength_bin=medium|nitrate_activity=none|pH_bin=missing|diluent_family=chlorinated|modifier_class=none|temperature_bin=ambient|contact_time_bin=missing|shaking_time_bin=missing|phase_ratio_bin=missing,0.9,0.9,25.0,25.0,planned,fill_4x_water,,,
49191ed2a440,,66,Dy,3,CCCCCCCCN(CCCCCCCC)C(=O)c1ccc2ccc3ccc(C(=O)N(CCCCCCCC)CCCCCCCC)nc3c2n1,CCCCCCCCN(CCCCCCCC)C(=O)c1ccc2ccc3ccc(C(=O)N(CCCCCCCC)CCCCCCCC)nc3c2n1,"[18, 30, 48, 51]","[""O(amide_carbonyl)"", ""O(amide_carbonyl)"", ""N(aromatic)"", ""N(aromatic)""]",4,8,2,water,water,0,66|CCCCCCCCN(CCCCCCCC)C(=O)c1ccc2ccc3ccc(C(=O)N(CCCCCCCC)CCCCCCCC)nc3c2n1|water,1,1,acid_class=chloride|acid_strength_bin=medium|nitrate_activity=none|pH_bin=missing|diluent_family=chlorinated|modifier_class=none|temperature_bin=ambient|contact_time_bin=missing|shaking_time_bin=missing|phase_ratio_bin=missing,0.9,0.9,25.0,25.0,planned,fill_4x_water,,,
490f1add9e55,,62,Sm,3,CCCCCCCCN(CCCCCCCC)C(=O)c1ccc2ccc3ccc(C(=O)N(CCCCCCCC)CCCCCCCC)nc3c2n1,CCCCCCCCN(CCCCCCCC)C(=O)c1ccc2ccc3ccc(C(=O)N(CCCCCCCC)CCCCCCCC)nc3c2n1,"[18, 30, 48, 51]","[""O(amide_carbonyl)"", ""O(amide_carbonyl)"", ""N(aromatic)"", ""N(aromatic)""]",4,9,2,water,water,1,62|CCCCCCCCN(CCCCCCCC)C(=O)c1ccc2ccc3ccc(C(=O)N(CCCCCCCC)CCCCCCCC)nc3c2n1|water,1,1,acid_class=chloride|acid_strength_bin=medium|nitrate_activity=none|pH_bin=missing|diluent_family=chlorinated|modifier_class=none|temperature_bin=ambient|contact_time_bin=missing|shaking_time_bin=missing|phase_ratio_bin=missing,0.9,0.9,25.0,25.0,planned,fill_5x_water,,,
2a85606c4a7e,,60,Nd,3,CCCCCCCCN(CCCCCCCC)C(=O)c1ccc2ccc3ccc(C(=O)N(CCCCCCCC)CCCCCCCC)nc3c2n1,CCCCCCCCN(CCCCCCCC)C(=O)c1ccc2ccc3ccc(C(=O)N(CCCCCCCC)CCCCCCCC)nc3c2n1,"[18, 30, 48, 51]","[""O(amide_carbonyl)"", ""O(amide_carbonyl)"", ""N(aromatic)"", ""N(aromatic)""]",4,9,2,water,water,1,60|CCCCCCCCN(CCCCCCCC)C(=O)c1ccc2ccc3ccc(C(=O)N(CCCCCCCC)CCCCCCCC)nc3c2n1|water,1,1,acid_class=chloride|acid_strength_bin=medium|nitrate_activity=none|pH_bin=missing|diluent_family=chlorinated|modifier_class=none|temperature_bin=ambient|contact_time_bin=missing|shaking_time_bin=missing|phase_ratio_bin=missing,0.9,0.9,25.0,25.0,planned,fill_5x_water,,,
c30d549b27cf,,59,Pr,3,CCCCCCCCN(CCCCCCCC)C(=O)c1ccc2ccc3ccc(C(=O)N(CCCCCCCC)CCCCCCCC)nc3c2n1,CCCCCCCCN(CCCCCCCC)C(=O)c1ccc2ccc3ccc(C(=O)N(CCCCCCCC)CCCCCCCC)nc3c2n1,"[18, 30, 48, 51]","[""O(amide_carbonyl)"", ""O(amide_carbonyl)"", ""N(aromatic)"", ""N(aromatic)""]",4,9,2,water,water,1,59|CCCCCCCCN(CCCCCCCC)C(=O)c1ccc2ccc3ccc(C(=O)N(CCCCCCCC)CCCCCCCC)nc3c2n1|water,1,1,acid_class=chloride|acid_strength_bin=medium|nitrate_activity=none|pH_bin=missing|diluent_family=chlorinated|modifier_class=none|temperature_bin=ambient|contact_time_bin=missing|shaking_time_bin=missing|phase_ratio_bin=missing,0.9,0.9,25.0,25.0,planned,fill_5x_water,,,
2cd2f8a48ec8,,58,Ce,3,CCCCCCCCN(CCCCCCCC)C(=O)c1ccc2ccc3ccc(C(=O)N(CCCCCCCC)CCCCCCCC)nc3c2n1,CCCCCCCCN(CCCCCCCC)C(=O)c1ccc2ccc3ccc(C(=O)N(CCCCCCCC)CCCCCCCC)nc3c2n1,"[18, 30, 48, 51]","[""O(amide_carbonyl)"", ""O(amide_carbonyl)"", ""N(aromatic)"", ""N(aromatic)""]",4,9,2,water,water,1,58|CCCCCCCCN(CCCCCCCC)C(=O)c1ccc2ccc3ccc(C(=O)N(CCCCCCCC)CCCCCCCC)nc3c2n1|water,1,1,acid_class=chloride|acid_strength_bin=medium|nitrate_activity=none|pH_bin=missing|diluent_family=chlorinated|modifier_class=none|temperature_bin=ambient|contact_time_bin=missing|shaking_time_bin=missing|phase_ratio_bin=missing,0.9,0.9,25.0,25.0,planned,fill_5x_water,,,
e1552636ab3d,,67,Ho,3,CCCCCCCCN(CCCCCCCC)C(=O)c1ccc2ccc3ccc(C(=O)N(CCCCCCCC)CCCCCCCC)nc3c2n1,CCCCCCCCN(CCCCCCCC)C(=O)c1ccc2ccc3ccc(C(=O)N(CCCCCCCC)CCCCCCCC)nc3c2n1,"[18, 30, 48, 51]","[""O(amide_carbonyl)"", ""O(amide_carbonyl)"", ""N(aromatic)"", ""N(aromatic)""]",4,8,2,water,water,0,67|CCCCCCCCN(CCCCCCCC)C(=O)c1ccc2ccc3ccc(C(=O)N(CCCCCCCC)CCCCCCCC)nc3c2n1|water,1,1,acid_class=chloride|acid_strength_bin=medium|nitrate_activity=none|pH_bin=missing|diluent_family=chlorinated|modifier_class=none|temperature_bin=ambient|contact_time_bin=missing|shaking_time_bin=missing|phase_ratio_bin=missing,0.9,0.9,25.0,25.0,planned,fill_4x_water,,,
6c4c4b9f9946,,58,Ce,3,CCCCCCCCN(CCCCCCCC)C(=O)C(C)OC(C)C(=O)N(CCCCCCCC)CCCCCCCC,CCCCCCCCN(CCCCCCCC)C(=O)C(C)OC(C)C(=O)N(CCCCCCCC)CCCCCCCC,"[18, 21, 25]","[""O(amide_carbonyl)"", ""O(ether)"", ""O(amide_carbonyl)""]",3,9,3,nitrate,nitrate,0,58|CCCCCCCCN(CCCCCCCC)C(=O)C(C)OC(C)C(=O)N(CCCCCCCC)CCCCCCCC|nitrate,2,1,acid_class=nitrate|acid_strength_bin=high|nitrate_activity=high|pH_bin=missing|diluent_family=aliphatic_hydrocarbon|modifier_class=none|temperature_bin=ambient|contact_time_bin=missing|shaking_time_bin=missing|phase_ratio_bin=missing,4.3,4.3,22.0,22.0,planned,ok,,,
6afca3f27250,,63,Eu,3,CCCCCCCCN(CCCCCCCC)C(=O)C(C)OC(C)C(=O)N(CCCCCCCC)CCCCCCCC,CCCCCCCCN(CCCCCCCC)C(=O)C(C)OC(C)C(=O)N(CCCCCCCC)CCCCCCCC,"[18, 21, 25]","[""O(amide_carbonyl)"", ""O(ether)"", ""O(amide_carbonyl)""]",3,9,3,nitrate,nitrate,0,63|CCCCCCCCN(CCCCCCCC)C(=O)C(C)OC(C)C(=O)N(CCCCCCCC)CCCCCCCC|nitrate,18,8,acid_class=nitrate|acid_strength_bin=high|nitrate_activity=high|pH_bin=missing|diluent_family=aliphatic_hydrocarbon|modifier_class=none|temperature_bin=ambient|contact_time_bin=missing|shaking_time_bin=missing|phase_ratio_bin=missing;acid_class=nitrate|acid_strength_bin=high|nitrate_activity=high|pH_bin=missing|diluent_family=aliphatic_hydrocarbon|modifier_class=none|temperature_bin=ambient|contact_time_bin=missing|shaking_time_bin=short|phase_ratio_bin=missing;acid_class=nitrate|acid_strength_bin=high|nitrate_activity=high|pH_bin=missing|diluent_family=aliphatic_hydrocarbon|modifier_class=none|temperature_bin=ambient|contact_time_bin=short|shaking_time_bin=missing|phase_ratio_bin=missing;acid_class=nitrate|acid_strength_bin=high|nitrate_activity=high|pH_bin=missing|diluent_family=other|modifier_class=none|temperature_bin=ambient|contact_time_bin=short|shaking_time_bin=missing|phase_ratio_bin=missing;acid_class=nitrate|acid_strength_bin=low|nitrate_activity=low|pH_bin=missing|diluent_family=aliphatic_hydrocarbon|modifier_class=none|temperature_bin=ambient|contact_time_bin=short|shaking_time_bin=missing|phase_ratio_bin=missing,0.1,4.3,22.0,22.0,planned,ok,,,
b937f642bd0f,,65,Tb,3,CCCCCCCCN(CCCCCCCC)C(=O)C(C)OC(C)C(=O)N(CCCCCCCC)CCCCCCCC,CCCCCCCCN(CCCCCCCC)C(=O)C(C)OC(C)C(=O)N(CCCCCCCC)CCCCCCCC,"[18, 21, 25]","[""O(amide_carbonyl)"", ""O(ether)"", ""O(amide_carbonyl)""]",3,8,2,nitrate,nitrate,2,65|CCCCCCCCN(CCCCCCCC)C(=O)C(C)OC(C)C(=O)N(CCCCCCCC)CCCCCCCC|nitrate,2,1,acid_class=nitrate|acid_strength_bin=high|nitrate_activity=high|pH_bin=missing|diluent_family=aliphatic_hydrocarbon|modifier_class=none|temperature_bin=ambient|contact_time_bin=missing|shaking_time_bin=missing|phase_ratio_bin=missing,4.3,4.3,22.0,22.0,planned,fill_2x_nitrate,,,
48dc87a4f65a,,62,Sm,3,CCCCCCCCN(CCCCCCCC)C(=O)C(C)OC(C)C(=O)N(CCCCCCCC)CCCCCCCC,CCCCCCCCN(CCCCCCCC)C(=O)C(C)OC(C)C(=O)N(CCCCCCCC)CCCCCCCC,"[18, 21, 25]","[""O(amide_carbonyl)"", ""O(ether)"", ""O(amide_carbonyl)""]",3,9,3,nitrate,nitrate,0,62|CCCCCCCCN(CCCCCCCC)C(=O)C(C)OC(C)C(=O)N(CCCCCCCC)CCCCCCCC|nitrate,2,1,acid_class=nitrate|acid_strength_bin=high|nitrate_activity=high|pH_bin=missing|diluent_family=aliphatic_hydrocarbon|modifier_class=none|temperature_bin=ambient|contact_time_bin=missing|shaking_time_bin=missing|phase_ratio_bin=missing,4.3,4.3,22.0,22.0,planned,ok,,,
90ecb106b04d,,60,Nd,3,CCCCCCCCN(CCCCCCCC)C(=O)C(C)OC(C)C(=O)N(CCCCCCCC)CCCCCCCC,CCCCCCCCN(CCCCCCCC)C(=O)C(C)OC(C)C(=O)N(CCCCCCCC)CCCCCCCC,"[18, 21, 25]","[""O(amide_carbonyl)"", ""O(ether)"", ""O(amide_carbonyl)""]",3,9,3,nitrate,nitrate,0,60|CCCCCCCCN(CCCCCCCC)C(=O)C(C)OC(C)C(=O)N(CCCCCCCC)CCCCCCCC|nitrate,2,1,acid_class=nitrate|acid_strength_bin=high|nitrate_activity=high|pH_bin=missing|diluent_family=aliphatic_hydrocarbon|modifier_class=none|temperature_bin=ambient|contact_time_bin=missing|shaking_time_bin=missing|phase_ratio_bin=missing,4.3,4.3,22.0,22.0,planned,ok,,,
eeaf9d72b5fd,,59,Pr,3,CCCCCCCCN(CCCCCCCC)C(=O)C(C)OC(C)C(=O)N(CCCCCCCC)CCCCCCCC,CCCCCCCCN(CCCCCCCC)C(=O)C(C)OC(C)C(=O)N(CCCCCCCC)CCCCCCCC,"[18, 21, 25]","[""O(amide_carbonyl)"", ""O(ether)"", ""O(amide_carbonyl)""]",3,9,3,nitrate,nitrate,0,59|CCCCCCCCN(CCCCCCCC)C(=O)C(C)OC(C)C(=O)N(CCCCCCCC)CCCCCCCC|nitrate,2,1,acid_class=nitrate|acid_strength_bin=high|nitrate_activity=high|pH_bin=missing|diluent_family=aliphatic_hydrocarbon|modifier_class=none|temperature_bin=ambient|contact_time_bin=missing|shaking_time_bin=missing|phase_ratio_bin=missing,4.3,4.3,22.0,22.0,planned,ok,,,
0bf6d3175147,,64,Gd,3,CCCCCCCCN(CCCCCCCC)C(=O)C(C)OC(C)C(=O)N(CCCCCCCC)CCCCCCCC,CCCCCCCCN(CCCCCCCC)C(=O)C(C)OC(C)C(=O)N(CCCCCCCC)CCCCCCCC,"[18, 21, 25]","[""O(amide_carbonyl)"", ""O(ether)"", ""O(amide_carbonyl)""]",3,9,3,nitrate,nitrate,0,64|CCCCCCCCN(CCCCCCCC)C(=O)C(C)OC(C)C(=O)N(CCCCCCCC)CCCCCCCC|nitrate,2,1,acid_class=nitrate|acid_strength_bin=high|nitrate_activity=high|pH_bin=missing|diluent_family=aliphatic_hydrocarbon|modifier_class=none|temperature_bin=ambient|contact_time_bin=missing|shaking_time_bin=missing|phase_ratio_bin=missing,4.3,4.3,22.0,22.0,planned,ok,,,
9e16a74d1a8a,,66,Dy,3,CCCCCCCCN(CCCCCCCC)C(=O)C(C)OC(C)C(=O)N(CCCCCCCC)CCCCCCCC,CCCCCCCCN(CCCCCCCC)C(=O)C(C)OC(C)C(=O)N(CCCCCCCC)CCCCCCCC,"[18, 21, 25]","[""O(amide_carbonyl)"", ""O(ether)"", ""O(amide_carbonyl)""]",3,8,2,nitrate,nitrate,2,66|CCCCCCCCN(CCCCCCCC)C(=O)C(C)OC(C)C(=O)N(CCCCCCCC)CCCCCCCC|nitrate,2,1,acid_class=nitrate|acid_strength_bin=high|nitrate_activity=high|pH_bin=missing|diluent_family=aliphatic_hydrocarbon|modifier_class=none|temperature_bin=ambient|contact_time_bin=missing|shaking_time_bin=missing|phase_ratio_bin=missing,4.3,4.3,22.0,22.0,planned,fill_2x_nitrate,,,
a0217c67215b,,67,Ho,3,CCCCCCCCN(CCCCCCCC)C(=O)C(C)OC(C)C(=O)N(CCCCCCCC)CCCCCCCC,CCCCCCCCN(CCCCCCCC)C(=O)C(C)OC(C)C(=O)N(CCCCCCCC)CCCCCCCC,"[18, 21, 25]","[""O(amide_carbonyl)"", ""O(ether)"", ""O(amide_carbonyl)""]",3,8,2,nitrate,nitrate,2,67|CCCCCCCCN(CCCCCCCC)C(=O)C(C)OC(C)C(=O)N(CCCCCCCC)CCCCCCCC|nitrate,2,1,acid_class=nitrate|acid_strength_bin=high|nitrate_activity=high|pH_bin=missing|diluent_family=aliphatic_hydrocarbon|modifier_class=none|temperature_bin=ambient|contact_time_bin=missing|shaking_time_bin=missing|phase_ratio_bin=missing,4.3,4.3,22.0,22.0,planned,fill_2x_nitrate,,,
4506e8fc1a6f,,69,Tm,3,CCCCCCCCN(CCCCCCCC)C(=O)C(C)OC(C)C(=O)N(CCCCCCCC)CCCCCCCC,CCCCCCCCN(CCCCCCCC)C(=O)C(C)OC(C)C(=O)N(CCCCCCCC)CCCCCCCC,"[18, 21, 25]","[""O(amide_carbonyl)"", ""O(ether)"", ""O(amide_carbonyl)""]",3,8,2,nitrate,nitrate,2,69|CCCCCCCCN(CCCCCCCC)C(=O)C(C)OC(C)C(=O)N(CCCCCCCC)CCCCCCCC|nitrate,2,1,acid_class=nitrate|acid_strength_bin=high|nitrate_activity=high|pH_bin=missing|diluent_family=aliphatic_hydrocarbon|modifier_class=none|temperature_bin=ambient|contact_time_bin=missing|shaking_time_bin=missing|phase_ratio_bin=missing,4.3,4.3,22.0,22.0,planned,fill_2x_nitrate,,,
feb7945ef3a0,,70,Yb,3,CCCCCCCCN(CCCCCCCC)C(=O)C(C)OC(C)C(=O)N(CCCCCCCC)CCCCCCCC,CCCCCCCCN(CCCCCCCC)C(=O)C(C)OC(C)C(=O)N(CCCCCCCC)CCCCCCCC,"[18, 21, 25]","[""O(amide_carbonyl)"", ""O(ether)"", ""O(amide_carbonyl)""]",3,8,2,nitrate,nitrate,2,70|CCCCCCCCN(CCCCCCCC)C(=O)C(C)OC(C)C(=O)N(CCCCCCCC)CCCCCCCC|nitrate,2,1,acid_class=nitrate|acid_strength_bin=high|nitrate_activity=high|pH_bin=missing|diluent_family=aliphatic_hydrocarbon|modifier_class=none|temperature_bin=ambient|contact_time_bin=missing|shaking_time_bin=missing|phase_ratio_bin=missing,4.3,4.3,22.0,22.0,planned,fill_2x_nitrate,,,
afcf6c9bafc3,,71,Lu,3,CCCCCCCCN(CCCCCCCC)C(=O)C(C)OC(C)C(=O)N(CCCCCCCC)CCCCCCCC,CCCCCCCCN(CCCCCCCC)C(=O)C(C)OC(C)C(=O)N(CCCCCCCC)CCCCCCCC,"[18, 21, 25]","[""O(amide_carbonyl)"", ""O(ether)"", ""O(amide_carbonyl)""]",3,8,2,nitrate,nitrate,2,71|CCCCCCCCN(CCCCCCCC)C(=O)C(C)OC(C)C(=O)N(CCCCCCCC)CCCCCCCC|nitrate,2,1,acid_class=nitrate|acid_strength_bin=high|nitrate_activity=high|pH_bin=missing|diluent_family=aliphatic_hydrocarbon|modifier_class=none|temperature_bin=ambient|contact_time_bin=missing|shaking_time_bin=missing|phase_ratio_bin=missing,4.3,4.3,22.0,22.0,planned,fill_2x_nitrate,,,
8dec8fe1a8d7,,57,La,3,CCCCCCCCN(CCCCCCCC)C(=O)C(C)OC(C)C(=O)N(CCCCCCCC)CCCCCCCC,CCCCCCCCN(CCCCCCCC)C(=O)C(C)OC(C)C(=O)N(CCCCCCCC)CCCCCCCC,"[18, 21, 25]","[""O(amide_carbonyl)"", ""O(ether)"", ""O(amide_carbonyl)""]",3,9,3,nitrate,nitrate,0,57|CCCCCCCCN(CCCCCCCC)C(=O)C(C)OC(C)C(=O)N(CCCCCCCC)CCCCCCCC|nitrate,2,1,acid_class=nitrate|acid_strength_bin=high|nitrate_activity=high|pH_bin=missing|diluent_family=aliphatic_hydrocarbon|modifier_class=none|temperature_bin=ambient|contact_time_bin=missing|shaking_time_bin=missing|phase_ratio_bin=missing,4.3,4.3,22.0,22.0,planned,ok,,,
daf564d7d6e5,,68,Er,3,CCCCCCCCN(CCCCCCCC)C(=O)C(C)OC(C)C(=O)N(CCCCCCCC)CCCCCCCC,CCCCCCCCN(CCCCCCCC)C(=O)C(C)OC(C)C(=O)N(CCCCCCCC)CCCCCCCC,"[18, 21, 25]","[""O(amide_carbonyl)"", ""O(ether)"", ""O(amide_carbonyl)""]",3,8,2,nitrate,nitrate,2,68|CCCCCCCCN(CCCCCCCC)C(=O)C(C)OC(C)C(=O)N(CCCCCCCC)CCCCCCCC|nitrate,2,1,acid_class=nitrate|acid_strength_bin=high|nitrate_activity=high|pH_bin=missing|diluent_family=aliphatic_hydrocarbon|modifier_class=none|temperature_bin=ambient|contact_time_bin=missing|shaking_time_bin=missing|phase_ratio_bin=missing,4.3,4.3,22.0,22.0,planned,fill_2x_nitrate,,,
0805b1f429c5,,71,Lu,3,CN(C(=O)CC(=O)N(C)c1ccccc1)c1ccccc1,CN(C(=O)CC(=O)N(C)c1ccccc1)c1ccccc1,"[3, 6]","[""O(amide_carbonyl)"", ""O(amide_carbonyl)""]",2,8,4,nitrate,nitrate,0,71|CN(C(=O)CC(=O)N(C)c1ccccc1)c1ccccc1|nitrate,1,1,acid_class=nitrate|acid_strength_bin=high|nitrate_activity=high|pH_bin=missing|diluent_family=chlorinated|modifier_class=none|temperature_bin=ambient|contact_time_bin=missing|shaking_time_bin=missing|phase_ratio_bin=missing,4.0,4.0,25.0,25.0,planned,ok,,,
090126457ba1,,57,La,3,CN(C(=O)CC(=O)N(C)c1ccccc1)c1ccccc1,CN(C(=O)CC(=O)N(C)c1ccccc1)c1ccccc1,"[3, 6]","[""O(amide_carbonyl)"", ""O(amide_carbonyl)""]",2,9,4,nitrate,nitrate,1,57|CN(C(=O)CC(=O)N(C)c1ccccc1)c1ccccc1|nitrate,1,1,acid_class=nitrate|acid_strength_bin=high|nitrate_activity=high|pH_bin=missing|diluent_family=chlorinated|modifier_class=none|temperature_bin=ambient|contact_time_bin=missing|shaking_time_bin=missing|phase_ratio_bin=missing,4.0,4.0,25.0,25.0,planned,fill_1x_nitrate,,,
da9ddf9cfb60,,58,Ce,3,CN(C(=O)CC(=O)N(C)c1ccccc1)c1ccccc1,CN(C(=O)CC(=O)N(C)c1ccccc1)c1ccccc1,"[3, 6]","[""O(amide_carbonyl)"", ""O(amide_carbonyl)""]",2,9,4,nitrate,nitrate,1,58|CN(C(=O)CC(=O)N(C)c1ccccc1)c1ccccc1|nitrate,1,1,acid_class=nitrate|acid_strength_bin=high|nitrate_activity=high|pH_bin=missing|diluent_family=chlorinated|modifier_class=none|temperature_bin=ambient|contact_time_bin=missing|shaking_time_bin=missing|phase_ratio_bin=missing,4.0,4.0,25.0,25.0,planned,fill_1x_nitrate,,,
22aac70a342d,,59,Pr,3,CN(C(=O)CC(=O)N(C)c1ccccc1)c1ccccc1,CN(C(=O)CC(=O)N(C)c1ccccc1)c1ccccc1,"[3, 6]","[""O(amide_carbonyl)"", ""O(amide_carbonyl)""]",2,9,4,nitrate,nitrate,1,59|CN(C(=O)CC(=O)N(C)c1ccccc1)c1ccccc1|nitrate,1,1,acid_class=nitrate|acid_strength_bin=high|nitrate_activity=high|pH_bin=missing|diluent_family=chlorinated|modifier_class=none|temperature_bin=ambient|contact_time_bin=missing|shaking_time_bin=missing|phase_ratio_bin=missing,4.0,4.0,25.0,25.0,planned,fill_1x_nitrate,,,
3d1b981eb728,,60,Nd,3,CN(C(=O)CC(=O)N(C)c1ccccc1)c1ccccc1,CN(C(=O)CC(=O)N(C)c1ccccc1)c1ccccc1,"[3, 6]","[""O(amide_carbonyl)"", ""O(amide_carbonyl)""]",2,9,4,nitrate,nitrate,1,60|CN(C(=O)CC(=O)N(C)c1ccccc1)c1ccccc1|nitrate,1,1,acid_class=nitrate|acid_strength_bin=high|nitrate_activity=high|pH_bin=missing|diluent_family=chlorinated|modifier_class=none|temperature_bin=ambient|contact_time_bin=missing|shaking_time_bin=missing|phase_ratio_bin=missing,4.0,4.0,25.0,25.0,planned,fill_1x_nitrate,,,
63832a3a0ccc,,62,Sm,3,CN(C(=O)CC(=O)N(C)c1ccccc1)c1ccccc1,CN(C(=O)CC(=O)N(C)c1ccccc1)c1ccccc1,"[3, 6]","[""O(amide_carbonyl)"", ""O(amide_carbonyl)""]",2,9,4,nitrate,nitrate,1,62|CN(C(=O)CC(=O)N(C)c1ccccc1)c1ccccc1|nitrate,1,1,acid_class=nitrate|acid_strength_bin=high|nitrate_activity=high|pH_bin=missing|diluent_family=chlorinated|modifier_class=none|temperature_bin=ambient|contact_time_bin=missing|shaking_time_bin=missing|phase_ratio_bin=missing,4.0,4.0,25.0,25.0,planned,fill_1x_nitrate,,,
77028478e24f,,63,Eu,3,CN(C(=O)CC(=O)N(C)c1ccccc1)c1ccccc1,CN(C(=O)CC(=O)N(C)c1ccccc1)c1ccccc1,"[3, 6]","[""O(amide_carbonyl)"", ""O(amide_carbonyl)""]",2,9,4,nitrate,nitrate,1,63|CN(C(=O)CC(=O)N(C)c1ccccc1)c1ccccc1|nitrate,1,1,acid_class=nitrate|acid_strength_bin=high|nitrate_activity=high|pH_bin=missing|diluent_family=chlorinated|modifier_class=none|temperature_bin=ambient|contact_time_bin=missing|shaking_time_bin=missing|phase_ratio_bin=missing,4.0,4.0,25.0,25.0,planned,fill_1x_nitrate,,,
20b8e39bea83,,64,Gd,3,CN(C(=O)CC(=O)N(C)c1ccccc1)c1ccccc1,CN(C(=O)CC(=O)N(C)c1ccccc1)c1ccccc1,"[3, 6]","[""O(amide_carbonyl)"", ""O(amide_carbonyl)""]",2,9,4,nitrate,nitrate,1,64|CN(C(=O)CC(=O)N(C)c1ccccc1)c1ccccc1|nitrate,1,1,acid_class=nitrate|acid_strength_bin=high|nitrate_activity=high|pH_bin=missing|diluent_family=chlorinated|modifier_class=none|temperature_bin=ambient|contact_time_bin=missing|shaking_time_bin=missing|phase_ratio_bin=missing,4.0,4.0,25.0,25.0,planned,fill_1x_nitrate,,,
d204b76094fd,,65,Tb,3,CN(C(=O)CC(=O)N(C)c1ccccc1)c1ccccc1,CN(C(=O)CC(=O)N(C)c1ccccc1)c1ccccc1,"[3, 6]","[""O(amide_carbonyl)"", ""O(amide_carbonyl)""]",2,8,4,nitrate,nitrate,0,65|CN(C(=O)CC(=O)N(C)c1ccccc1)c1ccccc1|nitrate,1,1,acid_class=nitrate|acid_strength_bin=high|nitrate_activity=high|pH_bin=missing|diluent_family=chlorinated|modifier_class=none|temperature_bin=ambient|contact_time_bin=missing|shaking_time_bin=missing|phase_ratio_bin=missing,4.0,4.0,25.0,25.0,planned,ok,,,
f96ab850a665,,66,Dy,3,CN(C(=O)CC(=O)N(C)c1ccccc1)c1ccccc1,CN(C(=O)CC(=O)N(C)c1ccccc1)c1ccccc1,"[3, 6]","[""O(amide_carbonyl)"", ""O(amide_carbonyl)""]",2,8,4,nitrate,nitrate,0,66|CN(C(=O)CC(=O)N(C)c1ccccc1)c1ccccc1|nitrate,1,1,acid_class=nitrate|acid_strength_bin=high|nitrate_activity=high|pH_bin=missing|diluent_family=chlorinated|modifier_class=none|temperature_bin=ambient|contact_time_bin=missing|shaking_time_bin=missing|phase_ratio_bin=missing,4.0,4.0,25.0,25.0,planned,ok,,,
23a7524634d5,,68,Er,3,CN(C(=O)CC(=O)N(C)c1ccccc1)c1ccccc1,CN(C(=O)CC(=O)N(C)c1ccccc1)c1ccccc1,"[3, 6]","[""O(amide_carbonyl)"", ""O(amide_carbonyl)""]",2,8,4,nitrate,nitrate,0,68|CN(C(=O)CC(=O)N(C)c1ccccc1)c1ccccc1|nitrate,1,1,acid_class=nitrate|acid_strength_bin=high|nitrate_activity=high|pH_bin=missing|diluent_family=chlorinated|modifier_class=none|temperature_bin=ambient|contact_time_bin=missing|shaking_time_bin=missing|phase_ratio_bin=missing,4.0,4.0,25.0,25.0,planned,ok,,,
e8416a774195,,69,Tm,3,CN(C(=O)CC(=O)N(C)c1ccccc1)c1ccccc1,CN(C(=O)CC(=O)N(C)c1ccccc1)c1ccccc1,"[3, 6]","[""O(amide_carbonyl)"", ""O(amide_carbonyl)""]",2,8,4,nitrate,nitrate,0,69|CN(C(=O)CC(=O)N(C)c1ccccc1)c1ccccc1|nitrate,1,1,acid_class=nitrate|acid_strength_bin=high|nitrate_activity=high|pH_bin=missing|diluent_family=chlorinated|modifier_class=none|temperature_bin=ambient|contact_time_bin=missing|shaking_time_bin=missing|phase_ratio_bin=missing,4.0,4.0,25.0,25.0,planned,ok,,,
5ab0d6f82e9f,,70,Yb,3,CN(C(=O)CC(=O)N(C)c1ccccc1)c1ccccc1,CN(C(=O)CC(=O)N(C)c1ccccc1)c1ccccc1,"[3, 6]","[""O(amide_carbonyl)"", ""O(amide_carbonyl)""]",2,8,4,nitrate,nitrate,0,70|CN(C(=O)CC(=O)N(C)c1ccccc1)c1ccccc1|nitrate,1,1,acid_class=nitrate|acid_strength_bin=high|nitrate_activity=high|pH_bin=missing|diluent_family=chlorinated|modifier_class=none|temperature_bin=ambient|contact_time_bin=missing|shaking_time_bin=missing|phase_ratio_bin=missing,4.0,4.0,25.0,25.0,planned,ok,,,
08a1a228803c,,67,Ho,3,CN(C(=O)CC(=O)N(C)c1ccccc1)c1ccccc1,CN(C(=O)CC(=O)N(C)c1ccccc1)c1ccccc1,"[3, 6]","[""O(amide_carbonyl)"", ""O(amide_carbonyl)""]",2,8,4,nitrate,nitrate,0,67|CN(C(=O)CC(=O)N(C)c1ccccc1)c1ccccc1|nitrate,1,1,acid_class=nitrate|acid_strength_bin=high|nitrate_activity=high|pH_bin=missing|diluent_family=chlorinated|modifier_class=none|temperature_bin=ambient|contact_time_bin=missing|shaking_time_bin=missing|phase_ratio_bin=missing,4.0,4.0,25.0,25.0,planned,ok,,,
72cbb52679c0,,66,Dy,3,CCCCCCCCN(C)C(=O)C(CCOCCCCCC)C(=O)N(C)CCCCCCCC,CCCCCCCCN(C)C(=O)C(CCOCCCCCC)C(=O)N(C)CCCCCCCC,"[11, 15, 23]","[""O(amide_carbonyl)"", ""O(ether)"", ""O(amide_carbonyl)""]",3,8,2,nitrate,nitrate,2,66|CCCCCCCCN(C)C(=O)C(CCOCCCCCC)C(=O)N(C)CCCCCCCC|nitrate,1,1,acid_class=nitrate|acid_strength_bin=medium|nitrate_activity=medium|pH_bin=missing|diluent_family=aliphatic_hydrocarbon|modifier_class=none|temperature_bin=ambient|contact_time_bin=missing|shaking_time_bin=missing|phase_ratio_bin=missing,1.0,1.0,25.0,25.0,planned,ok,,,
35fb62fe84b7,,60,Nd,3,CCCCCCCCN(C)C(=O)C(CCOCCCCCC)C(=O)N(C)CCCCCCCC,CCCCCCCCN(C)C(=O)C(CCOCCCCCC)C(=O)N(C)CCCCCCCC,"[11, 15, 23]","[""O(amide_carbonyl)"", ""O(ether)"", ""O(amide_carbonyl)""]",3,9,3,nitrate,nitrate,0,60|CCCCCCCCN(C)C(=O)C(CCOCCCCCC)C(=O)N(C)CCCCCCCC|nitrate,3,2,acid_class=nitrate|acid_strength_bin=high|nitrate_activity=high|pH_bin=missing|diluent_family=aliphatic_hydrocarbon|modifier_class=none|temperature_bin=ambient|contact_time_bin=missing|shaking_time_bin=medium|phase_ratio_bin=missing;acid_class=nitrate|acid_strength_bin=medium|nitrate_activity=medium|pH_bin=missing|diluent_family=aliphatic_hydrocarbon|modifier_class=none|temperature_bin=ambient|contact_time_bin=missing|shaking_time_bin=missing|phase_ratio_bin=missing,1.0,3.0,21.85000000000002,25.0,planned,fill_1x_nitrate,,,
f8e1f196a8a6,,57,La,3,CCCCCCCCN(C)C(=O)C(CCOCCCCCC)C(=O)N(C)CCCCCCCC,CCCCCCCCN(C)C(=O)C(CCOCCCCCC)C(=O)N(C)CCCCCCCC,"[11, 15, 23]","[""O(amide_carbonyl)"", ""O(ether)"", ""O(amide_carbonyl)""]",3,9,3,nitrate,nitrate,0,57|CCCCCCCCN(C)C(=O)C(CCOCCCCCC)C(=O)N(C)CCCCCCCC|nitrate,1,1,acid_class=nitrate|acid_strength_bin=medium|nitrate_activity=medium|pH_bin=missing|diluent_family=aliphatic_hydrocarbon|modifier_class=none|temperature_bin=ambient|contact_time_bin=missing|shaking_time_bin=missing|phase_ratio_bin=missing,1.0,1.0,25.0,25.0,planned,fill_1x_nitrate,,,
432d228e95b0,,58,Ce,3,CCCCCCCCN(C)C(=O)C(CCOCCCCCC)C(=O)N(C)CCCCCCCC,CCCCCCCCN(C)C(=O)C(CCOCCCCCC)C(=O)N(C)CCCCCCCC,"[11, 15, 23]","[""O(amide_carbonyl)"", ""O(ether)"", ""O(amide_carbonyl)""]",3,9,3,nitrate,nitrate,0,58|CCCCCCCCN(C)C(=O)C(CCOCCCCCC)C(=O)N(C)CCCCCCCC|nitrate,1,1,acid_class=nitrate|acid_strength_bin=medium|nitrate_activity=medium|pH_bin=missing|diluent_family=aliphatic_hydrocarbon|modifier_class=none|temperature_bin=ambient|contact_time_bin=missing|shaking_time_bin=missing|phase_ratio_bin=missing,1.0,1.0,25.0,25.0,planned,fill_1x_nitrate,,,
a9a7588bfc02,,59,Pr,3,CCCCCCCCN(C)C(=O)C(CCOCCCCCC)C(=O)N(C)CCCCCCCC,CCCCCCCCN(C)C(=O)C(CCOCCCCCC)C(=O)N(C)CCCCCCCC,"[11, 15, 23]","[""O(amide_carbonyl)"", ""O(ether)"", ""O(amide_carbonyl)""]",3,9,3,nitrate,nitrate,0,59|CCCCCCCCN(C)C(=O)C(CCOCCCCCC)C(=O)N(C)CCCCCCCC|nitrate,1,1,acid_class=nitrate|acid_strength_bin=medium|nitrate_activity=medium|pH_bin=missing|diluent_family=aliphatic_hydrocarbon|modifier_class=none|temperature_bin=ambient|contact_time_bin=missing|shaking_time_bin=missing|phase_ratio_bin=missing,1.0,1.0,25.0,25.0,planned,fill_1x_nitrate,,,
0b18d18633b1,,62,Sm,3,CCCCCCCCN(C)C(=O)C(CCOCCCCCC)C(=O)N(C)CCCCCCCC,CCCCCCCCN(C)C(=O)C(CCOCCCCCC)C(=O)N(C)CCCCCCCC,"[11, 15, 23]","[""O(amide_carbonyl)"", ""O(ether)"", ""O(amide_carbonyl)""]",3,9,3,nitrate,nitrate,0,62|CCCCCCCCN(C)C(=O)C(CCOCCCCCC)C(=O)N(C)CCCCCCCC|nitrate,1,1,acid_class=nitrate|acid_strength_bin=medium|nitrate_activity=medium|pH_bin=missing|diluent_family=aliphatic_hydrocarbon|modifier_class=none|temperature_bin=ambient|contact_time_bin=missing|shaking_time_bin=missing|phase_ratio_bin=missing,1.0,1.0,25.0,25.0,planned,fill_1x_nitrate,,,
fb46283268e8,,63,Eu,3,CCCCCCCCN(C)C(=O)C(CCOCCCCCC)C(=O)N(C)CCCCCCCC,CCCCCCCCN(C)C(=O)C(CCOCCCCCC)C(=O)N(C)CCCCCCCC,"[11, 15, 23]","[""O(amide_carbonyl)"", ""O(ether)"", ""O(amide_carbonyl)""]",3,9,3,nitrate,nitrate,0,63|CCCCCCCCN(C)C(=O)C(CCOCCCCCC)C(=O)N(C)CCCCCCCC|nitrate,37,5,acid_class=nitrate|acid_strength_bin=high|nitrate_activity=high|pH_bin=missing|diluent_family=aliphatic_hydrocarbon|modifier_class=none|temperature_bin=ambient|contact_time_bin=missing|shaking_time_bin=medium|phase_ratio_bin=missing;acid_class=nitrate|acid_strength_bin=low|nitrate_activity=low|pH_bin=missing|diluent_family=aliphatic_hydrocarbon|modifier_class=none|temperature_bin=ambient|contact_time_bin=missing|shaking_time_bin=medium|phase_ratio_bin=missing;acid_class=nitrate|acid_strength_bin=medium|nitrate_activity=medium|pH_bin=missing|diluent_family=aliphatic_hydrocarbon|modifier_class=none|temperature_bin=ambient|contact_time_bin=missing|shaking_time_bin=medium|phase_ratio_bin=missing;acid_class=nitrate|acid_strength_bin=medium|nitrate_activity=medium|pH_bin=missing|diluent_family=aliphatic_hydrocarbon|modifier_class=none|temperature_bin=ambient|contact_time_bin=missing|shaking_time_bin=missing|phase_ratio_bin=missing;acid_class=nitrate|acid_strength_bin=very_high|nitrate_activity=very_high|pH_bin=missing|diluent_family=aliphatic_hydrocarbon|modifier_class=none|temperature_bin=ambient|contact_time_bin=missing|shaking_time_bin=medium|phase_ratio_bin=missing,0.1,7.05,21.85000000000002,25.0,planned,fill_1x_nitrate,,,
ab223aba5c2d,,64,Gd,3,CCCCCCCCN(C)C(=O)C(CCOCCCCCC)C(=O)N(C)CCCCCCCC,CCCCCCCCN(C)C(=O)C(CCOCCCCCC)C(=O)N(C)CCCCCCCC,"[11, 15, 23]","[""O(amide_carbonyl)"", ""O(ether)"", ""O(amide_carbonyl)""]",3,9,3,nitrate,nitrate,0,64|CCCCCCCCN(C)C(=O)C(CCOCCCCCC)C(=O)N(C)CCCCCCCC|nitrate,1,1,acid_class=nitrate|acid_strength_bin=medium|nitrate_activity=medium|pH_bin=missing|diluent_family=aliphatic_hydrocarbon|modifier_class=none|temperature_bin=ambient|contact_time_bin=missing|shaking_time_bin=missing|phase_ratio_bin=missing,1.0,1.0,25.0,25.0,planned,fill_1x_nitrate,,,
2cc775446b54,,65,Tb,3,CCCCCCCCN(C)C(=O)C(CCOCCCCCC)C(=O)N(C)CCCCCCCC,CCCCCCCCN(C)C(=O)C(CCOCCCCCC)C(=O)N(C)CCCCCCCC,"[11, 15, 23]","[""O(amide_carbonyl)"", ""O(ether)"", ""O(amide_carbonyl)""]",3,8,2,nitrate,nitrate,2,65|CCCCCCCCN(C)C(=O)C(CCOCCCCCC)C(=O)N(C)CCCCCCCC|nitrate,1,1,acid_class=nitrate|acid_strength_bin=medium|nitrate_activity=medium|pH_bin=missing|diluent_family=aliphatic_hydrocarbon|modifier_class=none|temperature_bin=ambient|contact_time_bin=missing|shaking_time_bin=missing|phase_ratio_bin=missing,1.0,1.0,25.0,25.0,planned,ok,,,
de567519c7d9,,67,Ho,3,CCCCCCCCN(C)C(=O)C(CCOCCCCCC)C(=O)N(C)CCCCCCCC,CCCCCCCCN(C)C(=O)C(CCOCCCCCC)C(=O)N(C)CCCCCCCC,"[11, 15, 23]","[""O(amide_carbonyl)"", ""O(ether)"", ""O(amide_carbonyl)""]",3,8,2,nitrate,nitrate,2,67|CCCCCCCCN(C)C(=O)C(CCOCCCCCC)C(=O)N(C)CCCCCCCC|nitrate,1,1,acid_class=nitrate|acid_strength_bin=medium|nitrate_activity=medium|pH_bin=missing|diluent_family=aliphatic_hydrocarbon|modifier_class=none|temperature_bin=ambient|contact_time_bin=missing|shaking_time_bin=missing|phase_ratio_bin=missing,1.0,1.0,25.0,25.0,planned,ok,,,
f8d2de87160c,,68,Er,3,CCCCCCCCN(C)C(=O)C(CCOCCCCCC)C(=O)N(C)CCCCCCCC,CCCCCCCCN(C)C(=O)C(CCOCCCCCC)C(=O)N(C)CCCCCCCC,"[11, 15, 23]","[""O(amide_carbonyl)"", ""O(ether)"", ""O(amide_carbonyl)""]",3,8,2,nitrate,nitrate,2,68|CCCCCCCCN(C)C(=O)C(CCOCCCCCC)C(=O)N(C)CCCCCCCC|nitrate,1,1,acid_class=nitrate|acid_strength_bin=medium|nitrate_activity=medium|pH_bin=missing|diluent_family=aliphatic_hydrocarbon|modifier_class=none|temperature_bin=ambient|contact_time_bin=missing|shaking_time_bin=missing|phase_ratio_bin=missing,1.0,1.0,25.0,25.0,planned,ok,,,
b41c48dbd129,,69,Tm,3,CCCCCCCCN(C)C(=O)C(CCOCCCCCC)C(=O)N(C)CCCCCCCC,CCCCCCCCN(C)C(=O)C(CCOCCCCCC)C(=O)N(C)CCCCCCCC,"[11, 15, 23]","[""O(amide_carbonyl)"", ""O(ether)"", ""O(amide_carbonyl)""]",3,8,2,nitrate,nitrate,2,69|CCCCCCCCN(C)C(=O)C(CCOCCCCCC)C(=O)N(C)CCCCCCCC|nitrate,1,1,acid_class=nitrate|acid_strength_bin=medium|nitrate_activity=medium|pH_bin=missing|diluent_family=aliphatic_hydrocarbon|modifier_class=none|temperature_bin=ambient|contact_time_bin=missing|shaking_time_bin=missing|phase_ratio_bin=missing,1.0,1.0,25.0,25.0,planned,ok,,,
9f58c2bc4257,,70,Yb,3,CCCCCCCCN(C)C(=O)C(CCOCCCCCC)C(=O)N(C)CCCCCCCC,CCCCCCCCN(C)C(=O)C(CCOCCCCCC)C(=O)N(C)CCCCCCCC,"[11, 15, 23]","[""O(amide_carbonyl)"", ""O(ether)"", ""O(amide_carbonyl)""]",3,8,2,nitrate,nitrate,2,70|CCCCCCCCN(C)C(=O)C(CCOCCCCCC)C(=O)N(C)CCCCCCCC|nitrate,1,1,acid_class=nitrate|acid_strength_bin=medium|nitrate_activity=medium|pH_bin=missing|diluent_family=aliphatic_hydrocarbon|modifier_class=none|temperature_bin=ambient|contact_time_bin=missing|shaking_time_bin=missing|phase_ratio_bin=missing,1.0,1.0,25.0,25.0,planned,ok,,,
30403ce9c40d,,71,Lu,3,CCCCCCCCN(C)C(=O)C(CCOCCCCCC)C(=O)N(C)CCCCCCCC,CCCCCCCCN(C)C(=O)C(CCOCCCCCC)C(=O)N(C)CCCCCCCC,"[11, 15, 23]","[""O(amide_carbonyl)"", ""O(ether)"", ""O(amide_carbonyl)""]",3,8,2,nitrate,nitrate,2,71|CCCCCCCCN(C)C(=O)C(CCOCCCCCC)C(=O)N(C)CCCCCCCC|nitrate,1,1,acid_class=nitrate|acid_strength_bin=medium|nitrate_activity=medium|pH_bin=missing|diluent_family=aliphatic_hydrocarbon|modifier_class=none|temperature_bin=ambient|contact_time_bin=missing|shaking_time_bin=missing|phase_ratio_bin=missing,1.0,1.0,25.0,25.0,planned,ok,,,
d7d9c9a71786,,59,Pr,3,CCN(C(=O)c1cccc(-c2cccc(C(=O)N(CC)c3ccccc3)n2)n1)c1ccccc1,CCN(C(=O)c1cccc(-c2cccc(C(=O)N(CC)c3ccccc3)n2)n1)c1ccccc1,"[4, 16, 26, 27]","[""O(amide_carbonyl)"", ""O(amide_carbonyl)"", ""N(aromatic)"", ""N(aromatic)""]",4,9,2,nitrate,nitrate,1,59|CCN(C(=O)c1cccc(-c2cccc(C(=O)N(CC)c3ccccc3)n2)n1)c1ccccc1|nitrate,1,1,acid_class=nitrate|acid_strength_bin=high|nitrate_activity=high|pH_bin=missing|diluent_family=aromatic|modifier_class=none|temperature_bin=ambient|contact_time_bin=missing|shaking_time_bin=missing|phase_ratio_bin=missing,3.0,3.0,25.0,25.0,planned,fill_1x_nitrate,,,
e8dfdac4fd04,,59,Pr,3,CCN(C(=O)c1cccc(-c2cccc(C(=O)N(CC)c3cc(C)ccc3C)n2)n1)c1cc(C)ccc1C,CCN(C(=O)c1cccc(-c2cccc(C(=O)N(CC)c3cc(C)ccc3C)n2)n1)c1cc(C)ccc1C,"[4, 16, 28, 29]","[""O(amide_carbonyl)"", ""O(amide_carbonyl)"", ""N(aromatic)"", ""N(aromatic)""]",4,9,2,nitrate,nitrate,1,59|CCN(C(=O)c1cccc(-c2cccc(C(=O)N(CC)c3cc(C)ccc3C)n2)n1)c1cc(C)ccc1C|nitrate,1,1,acid_class=nitrate|acid_strength_bin=high|nitrate_activity=high|pH_bin=missing|diluent_family=aromatic|modifier_class=none|temperature_bin=ambient|contact_time_bin=missing|shaking_time_bin=missing|phase_ratio_bin=missing,3.0,3.0,25.0,25.0,planned,fill_1x_nitrate,,,
fe21b9f4cac0,,62,Sm,3,CCN(C(=O)c1cccc(-c2cccc(C(=O)N(CC)c3ccc(C)cc3C)n2)n1)c1ccc(C)cc1C,CCN(C(=O)c1cccc(-c2cccc(C(=O)N(CC)c3ccc(C)cc3C)n2)n1)c1ccc(C)cc1C,"[4, 16, 28, 29]","[""O(amide_carbonyl)"", ""O(amide_carbonyl)"", ""N(aromatic)"", ""N(aromatic)""]",4,9,2,nitrate,nitrate,1,62|CCN(C(=O)c1cccc(-c2cccc(C(=O)N(CC)c3ccc(C)cc3C)n2)n1)c1ccc(C)cc1C|nitrate,1,1,acid_class=nitrate|acid_strength_bin=high|nitrate_activity=high|pH_bin=missing|diluent_family=aromatic|modifier_class=none|temperature_bin=ambient|contact_time_bin=missing|shaking_time_bin=missing|phase_ratio_bin=missing,3.0,3.0,25.0,25.0,planned,fill_1x_nitrate,,,
5a960f57de99,,68,Er,3,CCN(C(=O)c1cccc(-c2cccc(C(=O)N(CC)c3ccc(C)cc3C)n2)n1)c1ccc(C)cc1C,CCN(C(=O)c1cccc(-c2cccc(C(=O)N(CC)c3ccc(C)cc3C)n2)n1)c1ccc(C)cc1C,"[4, 16, 28, 29]","[""O(amide_carbonyl)"", ""O(amide_carbonyl)"", ""N(aromatic)"", ""N(aromatic)""]",4,8,2,nitrate,nitrate,0,68|CCN(C(=O)c1cccc(-c2cccc(C(=O)N(CC)c3ccc(C)cc3C)n2)n1)c1ccc(C)cc1C|nitrate,1,1,acid_class=nitrate|acid_strength_bin=high|nitrate_activity=high|pH_bin=missing|diluent_family=aromatic|modifier_class=none|temperature_bin=ambient|contact_time_bin=missing|shaking_time_bin=missing|phase_ratio_bin=missing,3.0,3.0,25.0,25.0,planned,ok,,,
7e009e5eb031,,70,Yb,3,CCN(C(=O)c1cccc(-c2cccc(C(=O)N(CC)c3ccc(C)cc3C)n2)n1)c1ccc(C)cc1C,CCN(C(=O)c1cccc(-c2cccc(C(=O)N(CC)c3ccc(C)cc3C)n2)n1)c1ccc(C)cc1C,"[4, 16, 28, 29]","[""O(amide_carbonyl)"", ""O(amide_carbonyl)"", ""N(aromatic)"", ""N(aromatic)""]",4,8,2,nitrate,nitrate,0,70|CCN(C(=O)c1cccc(-c2cccc(C(=O)N(CC)c3ccc(C)cc3C)n2)n1)c1ccc(C)cc1C|nitrate,1,1,acid_class=nitrate|acid_strength_bin=high|nitrate_activity=high|pH_bin=missing|diluent_family=aromatic|modifier_class=none|temperature_bin=ambient|contact_time_bin=missing|shaking_time_bin=missing|phase_ratio_bin=missing,3.0,3.0,25.0,25.0,planned,ok,,,
fb0185b0aa14,,60,Nd,3,CCN(C(=O)c1cccc(-c2cccc(C(=O)N(CC)c3cc(C)cc(C)c3)n2)n1)c1cc(C)cc(C)c1,CCN(C(=O)c1cccc(-c2cccc(C(=O)N(CC)c3cc(C)cc(C)c3)n2)n1)c1cc(C)cc(C)c1,"[4, 16, 28, 29]","[""O(amide_carbonyl)"", ""O(amide_carbonyl)"", ""N(aromatic)"", ""N(aromatic)""]",4,9,2,nitrate,nitrate,1,60|CCN(C(=O)c1cccc(-c2cccc(C(=O)N(CC)c3cc(C)cc(C)c3)n2)n1)c1cc(C)cc(C)c1|nitrate,1,1,acid_class=nitrate|acid_strength_bin=high|nitrate_activity=high|pH_bin=missing|diluent_family=aromatic|modifier_class=none|temperature_bin=ambient|contact_time_bin=missing|shaking_time_bin=missing|phase_ratio_bin=missing,3.0,3.0,25.0,25.0,planned,fill_1x_nitrate,,,
e69ce81c1c61,,71,Lu,3,CCN(C(=O)c1cccc(-c2cccc(C(=O)N(CC)c3cc(C)cc(C)c3)n2)n1)c1cc(C)cc(C)c1,CCN(C(=O)c1cccc(-c2cccc(C(=O)N(CC)c3cc(C)cc(C)c3)n2)n1)c1cc(C)cc(C)c1,"[4, 16, 28, 29]","[""O(amide_carbonyl)"", ""O(amide_carbonyl)"", ""N(aromatic)"", ""N(aromatic)""]",4,8,2,nitrate,nitrate,0,71|CCN(C(=O)c1cccc(-c2cccc(C(=O)N(CC)c3cc(C)cc(C)c3)n2)n1)c1cc(C)cc(C)c1|nitrate,1,1,acid_class=nitrate|acid_strength_bin=high|nitrate_activity=high|pH_bin=missing|diluent_family=aromatic|modifier_class=none|temperature_bin=ambient|contact_time_bin=missing|shaking_time_bin=missing|phase_ratio_bin=missing,3.0,3.0,25.0,25.0,planned,ok,,,
b863767b3d63,,63,Eu,3,CCN(C(=O)c1cccc(-c2cccc(C(=O)N(CC)c3cc(C)ccc3C)n2)n1)c1cc(C)ccc1C,CCN(C(=O)c1cccc(-c2cccc(C(=O)N(CC)c3cc(C)ccc3C)n2)n1)c1cc(C)ccc1C,"[4, 16, 28, 29]","[""O(amide_carbonyl)"", ""O(amide_carbonyl)"", ""N(aromatic)"", ""N(aromatic)""]",4,9,2,nitrate,nitrate,1,63|CCN(C(=O)c1cccc(-c2cccc(C(=O)N(CC)c3cc(C)ccc3C)n2)n1)c1cc(C)ccc1C|nitrate,1,1,acid_class=nitrate|acid_strength_bin=high|nitrate_activity=high|pH_bin=missing|diluent_family=aromatic|modifier_class=none|temperature_bin=ambient|contact_time_bin=missing|shaking_time_bin=missing|phase_ratio_bin=missing,3.0,3.0,25.0,25.0,planned,fill_1x_nitrate,,,
e89f796158d3,,69,Tm,3,CCN(C(=O)c1cccc(-c2cccc(C(=O)N(CC)c3cc(C)cc(C)c3)n2)n1)c1cc(C)cc(C)c1,CCN(C(=O)c1cccc(-c2cccc(C(=O)N(CC)c3cc(C)cc(C)c3)n2)n1)c1cc(C)cc(C)c1,"[4, 16, 28, 29]","[""O(amide_carbonyl)"", ""O(amide_carbonyl)"", ""N(aromatic)"", ""N(aromatic)""]",4,8,2,nitrate,nitrate,0,69|CCN(C(=O)c1cccc(-c2cccc(C(=O)N(CC)c3cc(C)cc(C)c3)n2)n1)c1cc(C)cc(C)c1|nitrate,1,1,acid_class=nitrate|acid_strength_bin=high|nitrate_activity=high|pH_bin=missing|diluent_family=aromatic|modifier_class=none|temperature_bin=ambient|contact_time_bin=missing|shaking_time_bin=missing|phase_ratio_bin=missing,3.0,3.0,25.0,25.0,planned,ok,,,
1c89bff6bd02,,57,La,3,CCN(C(=O)c1cccc(-c2cccc(C(=O)N(CC)c3ccc(C)cc3C)n2)n1)c1ccc(C)cc1C,CCN(C(=O)c1cccc(-c2cccc(C(=O)N(CC)c3ccc(C)cc3C)n2)n1)c1ccc(C)cc1C,"[4, 16, 28, 29]","[""O(amide_carbonyl)"", ""O(amide_carbonyl)"", ""N(aromatic)"", ""N(aromatic)""]",4,9,2,nitrate,nitrate,1,57|CCN(C(=O)c1cccc(-c2cccc(C(=O)N(CC)c3ccc(C)cc3C)n2)n1)c1ccc(C)cc1C|nitrate,1,1,acid_class=nitrate|acid_strength_bin=high|nitrate_activity=high|pH_bin=missing|diluent_family=aromatic|modifier_class=none|temperature_bin=ambient|contact_time_bin=missing|shaking_time_bin=missing|phase_ratio_bin=missing,3.0,3.0,25.0,25.0,planned,fill_1x_nitrate,,,
0d6f25660483,,58,Ce,3,CCN(C(=O)c1cccc(-c2cccc(C(=O)N(CC)c3ccc(C)cc3C)n2)n1)c1ccc(C)cc1C,CCN(C(=O)c1cccc(-c2cccc(C(=O)N(CC)c3ccc(C)cc3C)n2)n1)c1ccc(C)cc1C,"[4, 16, 28, 29]","[""O(amide_carbonyl)"", ""O(amide_carbonyl)"", ""N(aromatic)"", ""N(aromatic)""]",4,9,2,nitrate,nitrate,1,58|CCN(C(=O)c1cccc(-c2cccc(C(=O)N(CC)c3ccc(C)cc3C)n2)n1)c1ccc(C)cc1C|nitrate,1,1,acid_class=nitrate|acid_strength_bin=high|nitrate_activity=high|pH_bin=missing|diluent_family=aromatic|modifier_class=none|temperature_bin=ambient|contact_time_bin=missing|shaking_time_bin=missing|phase_ratio_bin=missing,3.0,3.0,25.0,25.0,planned,fill_1x_nitrate,,,
279ef781b173,,59,Pr,3,CCN(C(=O)c1cccc(-c2cccc(C(=O)N(CC)c3ccc(C)cc3C)n2)n1)c1ccc(C)cc1C,CCN(C(=O)c1cccc(-c2cccc(C(=O)N(CC)c3ccc(C)cc3C)n2)n1)c1ccc(C)cc1C,"[4, 16, 28, 29]","[""O(amide_carbonyl)"", ""O(amide_carbonyl)"", ""N(aromatic)"", ""N(aromatic)""]",4,9,2,nitrate,nitrate,1,59|CCN(C(=O)c1cccc(-c2cccc(C(=O)N(CC)c3ccc(C)cc3C)n2)n1)c1ccc(C)cc1C|nitrate,1,1,acid_class=nitrate|acid_strength_bin=high|nitrate_activity=high|pH_bin=missing|diluent_family=aromatic|modifier_class=none|temperature_bin=ambient|contact_time_bin=missing|shaking_time_bin=missing|phase_ratio_bin=missing,3.0,3.0,25.0,25.0,planned,fill_1x_nitrate,,,
874e7dab0087,,63,Eu,3,CCN(C(=O)c1cccc(-c2cccc(C(=O)N(CC)c3ccc(C)cc3C)n2)n1)c1ccc(C)cc1C,CCN(C(=O)c1cccc(-c2cccc(C(=O)N(CC)c3ccc(C)cc3C)n2)n1)c1ccc(C)cc1C,"[4, 16, 28, 29]","[""O(amide_carbonyl)"", ""O(amide_carbonyl)"", ""N(aromatic)"", ""N(aromatic)""]",4,9,2,nitrate,nitrate,1,63|CCN(C(=O)c1cccc(-c2cccc(C(=O)N(CC)c3ccc(C)cc3C)n2)n1)c1ccc(C)cc1C|nitrate,1,1,acid_class=nitrate|acid_strength_bin=high|nitrate_activity=high|pH_bin=missing|diluent_family=aromatic|modifier_class=none|temperature_bin=ambient|contact_time_bin=missing|shaking_time_bin=missing|phase_ratio_bin=missing,3.0,3.0,25.0,25.0,planned,fill_1x_nitrate,,,
4a5715743e89,,64,Gd,3,CCN(C(=O)c1cccc(-c2cccc(C(=O)N(CC)c3ccc(C)cc3C)n2)n1)c1ccc(C)cc1C,CCN(C(=O)c1cccc(-c2cccc(C(=O)N(CC)c3ccc(C)cc3C)n2)n1)c1ccc(C)cc1C,"[4, 16, 28, 29]","[""O(amide_carbonyl)"", ""O(amide_carbonyl)"", ""N(aromatic)"", ""N(aromatic)""]",4,9,2,nitrate,nitrate,1,64|CCN(C(=O)c1cccc(-c2cccc(C(=O)N(CC)c3ccc(C)cc3C)n2)n1)c1ccc(C)cc1C|nitrate,1,1,acid_class=nitrate|acid_strength_bin=high|nitrate_activity=high|pH_bin=missing|diluent_family=aromatic|modifier_class=none|temperature_bin=ambient|contact_time_bin=missing|shaking_time_bin=missing|phase_ratio_bin=missing,3.0,3.0,25.0,25.0,planned,fill_1x_nitrate,,,
604be91b960b,,65,Tb,3,CCN(C(=O)c1cccc(-c2cccc(C(=O)N(CC)c3ccc(C)cc3C)n2)n1)c1ccc(C)cc1C,CCN(C(=O)c1cccc(-c2cccc(C(=O)N(CC)c3ccc(C)cc3C)n2)n1)c1ccc(C)cc1C,"[4, 16, 28, 29]","[""O(amide_carbonyl)"", ""O(amide_carbonyl)"", ""N(aromatic)"", ""N(aromatic)""]",4,8,2,nitrate,nitrate,0,65|CCN(C(=O)c1cccc(-c2cccc(C(=O)N(CC)c3ccc(C)cc3C)n2)n1)c1ccc(C)cc1C|nitrate,1,1,acid_class=nitrate|acid_strength_bin=high|nitrate_activity=high|pH_bin=missing|diluent_family=aromatic|modifier_class=none|temperature_bin=ambient|contact_time_bin=missing|shaking_time_bin=missing|phase_ratio_bin=missing,3.0,3.0,25.0,25.0,planned,ok,,,
be5e74a1f67e,,66,Dy,3,CCN(C(=O)c1cccc(-c2cccc(C(=O)N(CC)c3ccc(C)cc3C)n2)n1)c1ccc(C)cc1C,CCN(C(=O)c1cccc(-c2cccc(C(=O)N(CC)c3ccc(C)cc3C)n2)n1)c1ccc(C)cc1C,"[4, 16, 28, 29]","[""O(amide_carbonyl)"", ""O(amide_carbonyl)"", ""N(aromatic)"", ""N(aromatic)""]",4,8,2,nitrate,nitrate,0,66|CCN(C(=O)c1cccc(-c2cccc(C(=O)N(CC)c3ccc(C)cc3C)n2)n1)c1ccc(C)cc1C|nitrate,1,1,acid_class=nitrate|acid_strength_bin=high|nitrate_activity=high|pH_bin=missing|diluent_family=aromatic|modifier_class=none|temperature_bin=ambient|contact_time_bin=missing|shaking_time_bin=missing|phase_ratio_bin=missing,3.0,3.0,25.0,25.0,planned,ok,,,
05d35b9fbea8,,67,Ho,3,CCN(C(=O)c1cccc(-c2cccc(C(=O)N(CC)c3ccc(C)cc3C)n2)n1)c1ccc(C)cc1C,CCN(C(=O)c1cccc(-c2cccc(C(=O)N(CC)c3ccc(C)cc3C)n2)n1)c1ccc(C)cc1C,"[4, 16, 28, 29]","[""O(amide_carbonyl)"", ""O(amide_carbonyl)"", ""N(aromatic)"", ""N(aromatic)""]",4,8,2,nitrate,nitrate,0,67|CCN(C(=O)c1cccc(-c2cccc(C(=O)N(CC)c3ccc(C)cc3C)n2)n1)c1ccc(C)cc1C|nitrate,1,1,acid_class=nitrate|acid_strength_bin=high|nitrate_activity=high|pH_bin=missing|diluent_family=aromatic|modifier_class=none|temperature_bin=ambient|contact_time_bin=missing|shaking_time_bin=missing|phase_ratio_bin=missing,3.0,3.0,25.0,25.0,planned,ok,,,
e5410665bf3b,,69,Tm,3,CCN(C(=O)c1cccc(-c2cccc(C(=O)N(CC)c3ccc(C)cc3C)n2)n1)c1ccc(C)cc1C,CCN(C(=O)c1cccc(-c2cccc(C(=O)N(CC)c3ccc(C)cc3C)n2)n1)c1ccc(C)cc1C,"[4, 16, 28, 29]","[""O(amide_carbonyl)"", ""O(amide_carbonyl)"", ""N(aromatic)"", ""N(aromatic)""]",4,8,2,nitrate,nitrate,0,69|CCN(C(=O)c1cccc(-c2cccc(C(=O)N(CC)c3ccc(C)cc3C)n2)n1)c1ccc(C)cc1C|nitrate,1,1,acid_class=nitrate|acid_strength_bin=high|nitrate_activity=high|pH_bin=missing|diluent_family=aromatic|modifier_class=none|temperature_bin=ambient|contact_time_bin=missing|shaking_time_bin=missing|phase_ratio_bin=missing,3.0,3.0,25.0,25.0,planned,ok,,,
3a07c6339ac1,,71,Lu,3,CCN(C(=O)c1cccc(-c2cccc(C(=O)N(CC)c3cc(C)ccc3C)n2)n1)c1cc(C)ccc1C,CCN(C(=O)c1cccc(-c2cccc(C(=O)N(CC)c3cc(C)ccc3C)n2)n1)c1cc(C)ccc1C,"[4, 16, 28, 29]","[""O(amide_carbonyl)"", ""O(amide_carbonyl)"", ""N(aromatic)"", ""N(aromatic)""]",4,8,2,nitrate,nitrate,0,71|CCN(C(=O)c1cccc(-c2cccc(C(=O)N(CC)c3cc(C)ccc3C)n2)n1)c1cc(C)ccc1C|nitrate,1,1,acid_class=nitrate|acid_strength_bin=high|nitrate_activity=high|pH_bin=missing|diluent_family=aromatic|modifier_class=none|temperature_bin=ambient|contact_time_bin=missing|shaking_time_bin=missing|phase_ratio_bin=missing,3.0,3.0,25.0,25.0,planned,ok,,,
23ffe0c0a937,,71,Lu,3,CCN(C(=O)c1cccc(-c2cccc(C(=O)N(CC)c3ccc(C)cc3C)n2)n1)c1ccc(C)cc1C,CCN(C(=O)c1cccc(-c2cccc(C(=O)N(CC)c3ccc(C)cc3C)n2)n1)c1ccc(C)cc1C,"[4, 16, 28, 29]","[""O(amide_carbonyl)"", ""O(amide_carbonyl)"", ""N(aromatic)"", ""N(aromatic)""]",4,8,2,nitrate,nitrate,0,71|CCN(C(=O)c1cccc(-c2cccc(C(=O)N(CC)c3ccc(C)cc3C)n2)n1)c1ccc(C)cc1C|nitrate,1,1,acid_class=nitrate|acid_strength_bin=high|nitrate_activity=high|pH_bin=missing|diluent_family=aromatic|modifier_class=none|temperature_bin=ambient|contact_time_bin=missing|shaking_time_bin=missing|phase_ratio_bin=missing,3.0,3.0,25.0,25.0,planned,ok,,,
fbc895642171,,58,Ce,3,CCN(C(=O)c1cccc(-c2cccc(C(=O)N(CC)c3cc(C)cc(C)c3)n2)n1)c1cc(C)cc(C)c1,CCN(C(=O)c1cccc(-c2cccc(C(=O)N(CC)c3cc(C)cc(C)c3)n2)n1)c1cc(C)cc(C)c1,"[4, 16, 28, 29]","[""O(amide_carbonyl)"", ""O(amide_carbonyl)"", ""N(aromatic)"", ""N(aromatic)""]",4,9,2,nitrate,nitrate,1,58|CCN(C(=O)c1cccc(-c2cccc(C(=O)N(CC)c3cc(C)cc(C)c3)n2)n1)c1cc(C)cc(C)c1|nitrate,1,1,acid_class=nitrate|acid_strength_bin=high|nitrate_activity=high|pH_bin=missing|diluent_family=aromatic|modifier_class=none|temperature_bin=ambient|contact_time_bin=missing|shaking_time_bin=missing|phase_ratio_bin=missing,3.0,3.0,25.0,25.0,planned,fill_1x_nitrate,,,
28f67169f751,,59,Pr,3,CCN(C(=O)c1cccc(-c2cccc(C(=O)N(CC)c3cc(C)cc(C)c3)n2)n1)c1cc(C)cc(C)c1,CCN(C(=O)c1cccc(-c2cccc(C(=O)N(CC)c3cc(C)cc(C)c3)n2)n1)c1cc(C)cc(C)c1,"[4, 16, 28, 29]","[""O(amide_carbonyl)"", ""O(amide_carbonyl)"", ""N(aromatic)"", ""N(aromatic)""]",4,9,2,nitrate,nitrate,1,59|CCN(C(=O)c1cccc(-c2cccc(C(=O)N(CC)c3cc(C)cc(C)c3)n2)n1)c1cc(C)cc(C)c1|nitrate,1,1,acid_class=nitrate|acid_strength_bin=high|nitrate_activity=high|pH_bin=missing|diluent_family=aromatic|modifier_class=none|temperature_bin=ambient|contact_time_bin=missing|shaking_time_bin=missing|phase_ratio_bin=missing,3.0,3.0,25.0,25.0,planned,fill_1x_nitrate,,,
bf70acef9bd9,,62,Sm,3,CCN(C(=O)c1cccc(-c2cccc(C(=O)N(CC)c3cc(C)cc(C)c3)n2)n1)c1cc(C)cc(C)c1,CCN(C(=O)c1cccc(-c2cccc(C(=O)N(CC)c3cc(C)cc(C)c3)n2)n1)c1cc(C)cc(C)c1,"[4, 16, 28, 29]","[""O(amide_carbonyl)"", ""O(amide_carbonyl)"", ""N(aromatic)"", ""N(aromatic)""]",4,9,2,nitrate,nitrate,1,62|CCN(C(=O)c1cccc(-c2cccc(C(=O)N(CC)c3cc(C)cc(C)c3)n2)n1)c1cc(C)cc(C)c1|nitrate,1,1,acid_class=nitrate|acid_strength_bin=high|nitrate_activity=high|pH_bin=missing|diluent_family=aromatic|modifier_class=none|temperature_bin=ambient|contact_time_bin=missing|shaking_time_bin=missing|phase_ratio_bin=missing,3.0,3.0,25.0,25.0,planned,fill_1x_nitrate,,,
4cbc57f69c3c,,63,Eu,3,CCN(C(=O)c1cccc(-c2cccc(C(=O)N(CC)c3cc(C)cc(C)c3)n2)n1)c1cc(C)cc(C)c1,CCN(C(=O)c1cccc(-c2cccc(C(=O)N(CC)c3cc(C)cc(C)c3)n2)n1)c1cc(C)cc(C)c1,"[4, 16, 28, 29]","[""O(amide_carbonyl)"", ""O(amide_carbonyl)"", ""N(aromatic)"", ""N(aromatic)""]",4,9,2,nitrate,nitrate,1,63|CCN(C(=O)c1cccc(-c2cccc(C(=O)N(CC)c3cc(C)cc(C)c3)n2)n1)c1cc(C)cc(C)c1|nitrate,1,1,acid_class=nitrate|acid_strength_bin=high|nitrate_activity=high|pH_bin=missing|diluent_family=aromatic|modifier_class=none|temperature_bin=ambient|contact_time_bin=missing|shaking_time_bin=missing|phase_ratio_bin=missing,3.0,3.0,25.0,25.0,planned,fill_1x_nitrate,,,
fd7ac44bc180,,64,Gd,3,CCN(C(=O)c1cccc(-c2cccc(C(=O)N(CC)c3cc(C)cc(C)c3)n2)n1)c1cc(C)cc(C)c1,CCN(C(=O)c1cccc(-c2cccc(C(=O)N(CC)c3cc(C)cc(C)c3)n2)n1)c1cc(C)cc(C)c1,"[4, 16, 28, 29]","[""O(amide_carbonyl)"", ""O(amide_carbonyl)"", ""N(aromatic)"", ""N(aromatic)""]",4,9,2,nitrate,nitrate,1,64|CCN(C(=O)c1cccc(-c2cccc(C(=O)N(CC)c3cc(C)cc(C)c3)n2)n1)c1cc(C)cc(C)c1|nitrate,1,1,acid_class=nitrate|acid_strength_bin=high|nitrate_activity=high|pH_bin=missing|diluent_family=aromatic|modifier_class=none|temperature_bin=ambient|contact_time_bin=missing|shaking_time_bin=missing|phase_ratio_bin=missing,3.0,3.0,25.0,25.0,planned,fill_1x_nitrate,,,
c8d46f63de3f,,65,Tb,3,CCN(C(=O)c1cccc(-c2cccc(C(=O)N(CC)c3cc(C)cc(C)c3)n2)n1)c1cc(C)cc(C)c1,CCN(C(=O)c1cccc(-c2cccc(C(=O)N(CC)c3cc(C)cc(C)c3)n2)n1)c1cc(C)cc(C)c1,"[4, 16, 28, 29]","[""O(amide_carbonyl)"", ""O(amide_carbonyl)"", ""N(aromatic)"", ""N(aromatic)""]",4,8,2,nitrate,nitrate,0,65|CCN(C(=O)c1cccc(-c2cccc(C(=O)N(CC)c3cc(C)cc(C)c3)n2)n1)c1cc(C)cc(C)c1|nitrate,1,1,acid_class=nitrate|acid_strength_bin=high|nitrate_activity=high|pH_bin=missing|diluent_family=aromatic|modifier_class=none|temperature_bin=ambient|contact_time_bin=missing|shaking_time_bin=missing|phase_ratio_bin=missing,3.0,3.0,25.0,25.0,planned,ok,,,
703d7ea29cc6,,66,Dy,3,CCN(C(=O)c1cccc(-c2cccc(C(=O)N(CC)c3cc(C)cc(C)c3)n2)n1)c1cc(C)cc(C)c1,CCN(C(=O)c1cccc(-c2cccc(C(=O)N(CC)c3cc(C)cc(C)c3)n2)n1)c1cc(C)cc(C)c1,"[4, 16, 28, 29]","[""O(amide_carbonyl)"", ""O(amide_carbonyl)"", ""N(aromatic)"", ""N(aromatic)""]",4,8,2,nitrate,nitrate,0,66|CCN(C(=O)c1cccc(-c2cccc(C(=O)N(CC)c3cc(C)cc(C)c3)n2)n1)c1cc(C)cc(C)c1|nitrate,1,1,acid_class=nitrate|acid_strength_bin=high|nitrate_activity=high|pH_bin=missing|diluent_family=aromatic|modifier_class=none|temperature_bin=ambient|contact_time_bin=missing|shaking_time_bin=missing|phase_ratio_bin=missing,3.0,3.0,25.0,25.0,planned,ok,,,
8d28779c5436,,67,Ho,3,CCN(C(=O)c1cccc(-c2cccc(C(=O)N(CC)c3cc(C)cc(C)c3)n2)n1)c1cc(C)cc(C)c1,CCN(C(=O)c1cccc(-c2cccc(C(=O)N(CC)c3cc(C)cc(C)c3)n2)n1)c1cc(C)cc(C)c1,"[4, 16, 28, 29]","[""O(amide_carbonyl)"", ""O(amide_carbonyl)"", ""N(aromatic)"", ""N(aromatic)""]",4,8,2,nitrate,nitrate,0,67|CCN(C(=O)c1cccc(-c2cccc(C(=O)N(CC)c3cc(C)cc(C)c3)n2)n1)c1cc(C)cc(C)c1|nitrate,1,1,acid_class=nitrate|acid_strength_bin=high|nitrate_activity=high|pH_bin=missing|diluent_family=aromatic|modifier_class=none|temperature_bin=ambient|contact_time_bin=missing|shaking_time_bin=missing|phase_ratio_bin=missing,3.0,3.0,25.0,25.0,planned,ok,,,
eee22ec9a6e4,,70,Yb,3,CCN(C(=O)c1cccc(-c2cccc(C(=O)N(CC)c3cc(C)cc(C)c3)n2)n1)c1cc(C)cc(C)c1,CCN(C(=O)c1cccc(-c2cccc(C(=O)N(CC)c3cc(C)cc(C)c3)n2)n1)c1cc(C)cc(C)c1,"[4, 16, 28, 29]","[""O(amide_carbonyl)"", ""O(amide_carbonyl)"", ""N(aromatic)"", ""N(aromatic)""]",4,8,2,nitrate,nitrate,0,70|CCN(C(=O)c1cccc(-c2cccc(C(=O)N(CC)c3cc(C)cc(C)c3)n2)n1)c1cc(C)cc(C)c1|nitrate,1,1,acid_class=nitrate|acid_strength_bin=high|nitrate_activity=high|pH_bin=missing|diluent_family=aromatic|modifier_class=none|temperature_bin=ambient|contact_time_bin=missing|shaking_time_bin=missing|phase_ratio_bin=missing,3.0,3.0,25.0,25.0,planned,ok,,,
1d80e1c44f32,,57,La,3,CCN(C(=O)c1cccc(-c2cccc(C(=O)N(CC)c3cc(C)cc(C)c3)n2)n1)c1cc(C)cc(C)c1,CCN(C(=O)c1cccc(-c2cccc(C(=O)N(CC)c3cc(C)cc(C)c3)n2)n1)c1cc(C)cc(C)c1,"[4, 16, 28, 29]","[""O(amide_carbonyl)"", ""O(amide_carbonyl)"", ""N(aromatic)"", ""N(aromatic)""]",4,9,2,nitrate,nitrate,1,57|CCN(C(=O)c1cccc(-c2cccc(C(=O)N(CC)c3cc(C)cc(C)c3)n2)n1)c1cc(C)cc(C)c1|nitrate,1,1,acid_class=nitrate|acid_strength_bin=high|nitrate_activity=high|pH_bin=missing|diluent_family=aromatic|modifier_class=none|temperature_bin=ambient|contact_time_bin=missing|shaking_time_bin=missing|phase_ratio_bin=missing,3.0,3.0,25.0,25.0,planned,fill_1x_nitrate,,,
57cabc7c3566,,70,Yb,3,CCN(C(=O)c1cccc(-c2cccc(C(=O)N(CC)c3cc(C)ccc3C)n2)n1)c1cc(C)ccc1C,CCN(C(=O)c1cccc(-c2cccc(C(=O)N(CC)c3cc(C)ccc3C)n2)n1)c1cc(C)ccc1C,"[4, 16, 28, 29]","[""O(amide_carbonyl)"", ""O(amide_carbonyl)"", ""N(aromatic)"", ""N(aromatic)""]",4,8,2,nitrate,nitrate,0,70|CCN(C(=O)c1cccc(-c2cccc(C(=O)N(CC)c3cc(C)ccc3C)n2)n1)c1cc(C)ccc1C|nitrate,1,1,acid_class=nitrate|acid_strength_bin=high|nitrate_activity=high|pH_bin=missing|diluent_family=aromatic|modifier_class=none|temperature_bin=ambient|contact_time_bin=missing|shaking_time_bin=missing|phase_ratio_bin=missing,3.0,3.0,25.0,25.0,planned,ok,,,
ad294a8deaea,,60,Nd,3,CCN(C(=O)c1cccc(-c2cccc(C(=O)N(CC)c3ccc(C)cc3C)n2)n1)c1ccc(C)cc1C,CCN(C(=O)c1cccc(-c2cccc(C(=O)N(CC)c3ccc(C)cc3C)n2)n1)c1ccc(C)cc1C,"[4, 16, 28, 29]","[""O(amide_carbonyl)"", ""O(amide_carbonyl)"", ""N(aromatic)"", ""N(aromatic)""]",4,9,2,nitrate,nitrate,1,60|CCN(C(=O)c1cccc(-c2cccc(C(=O)N(CC)c3ccc(C)cc3C)n2)n1)c1ccc(C)cc1C|nitrate,1,1,acid_class=nitrate|acid_strength_bin=high|nitrate_activity=high|pH_bin=missing|diluent_family=aromatic|modifier_class=none|temperature_bin=ambient|contact_time_bin=missing|shaking_time_bin=missing|phase_ratio_bin=missing,3.0,3.0,25.0,25.0,planned,fill_1x_nitrate,,,
39307714ab2a,,68,Er,3,CCN(C(=O)c1cccc(-c2cccc(C(=O)N(CC)c3cc(C)ccc3C)n2)n1)c1cc(C)ccc1C,CCN(C(=O)c1cccc(-c2cccc(C(=O)N(CC)c3cc(C)ccc3C)n2)n1)c1cc(C)ccc1C,"[4, 16, 28, 29]","[""O(amide_carbonyl)"", ""O(amide_carbonyl)"", ""N(aromatic)"", ""N(aromatic)""]",4,8,2,nitrate,nitrate,0,68|CCN(C(=O)c1cccc(-c2cccc(C(=O)N(CC)c3cc(C)ccc3C)n2)n1)c1cc(C)ccc1C|nitrate,1,1,acid_class=nitrate|acid_strength_bin=high|nitrate_activity=high|pH_bin=missing|diluent_family=aromatic|modifier_class=none|temperature_bin=ambient|contact_time_bin=missing|shaking_time_bin=missing|phase_ratio_bin=missing,3.0,3.0,25.0,25.0,planned,ok,,,
13274fc9f96f,,57,La,3,CCN(C(=O)c1cccc(-c2cccc(C(=O)N(CC)c3ccccc3)n2)n1)c1ccccc1,CCN(C(=O)c1cccc(-c2cccc(C(=O)N(CC)c3ccccc3)n2)n1)c1ccccc1,"[4, 16, 26, 27]","[""O(amide_carbonyl)"", ""O(amide_carbonyl)"", ""N(aromatic)"", ""N(aromatic)""]",4,9,2,nitrate,nitrate,1,57|CCN(C(=O)c1cccc(-c2cccc(C(=O)N(CC)c3ccccc3)n2)n1)c1ccccc1|nitrate,1,1,acid_class=nitrate|acid_strength_bin=high|nitrate_activity=high|pH_bin=missing|diluent_family=aromatic|modifier_class=none|temperature_bin=ambient|contact_time_bin=missing|shaking_time_bin=missing|phase_ratio_bin=missing,3.0,3.0,25.0,25.0,planned,fill_1x_nitrate,,,
a8c13c432ddc,,58,Ce,3,CCN(C(=O)c1cccc(-c2cccc(C(=O)N(CC)c3ccccc3)n2)n1)c1ccccc1,CCN(C(=O)c1cccc(-c2cccc(C(=O)N(CC)c3ccccc3)n2)n1)c1ccccc1,"[4, 16, 26, 27]","[""O(amide_carbonyl)"", ""O(amide_carbonyl)"", ""N(aromatic)"", ""N(aromatic)""]",4,9,2,nitrate,nitrate,1,58|CCN(C(=O)c1cccc(-c2cccc(C(=O)N(CC)c3ccccc3)n2)n1)c1ccccc1|nitrate,1,1,acid_class=nitrate|acid_strength_bin=high|nitrate_activity=high|pH_bin=missing|diluent_family=aromatic|modifier_class=none|temperature_bin=ambient|contact_time_bin=missing|shaking_time_bin=missing|phase_ratio_bin=missing,3.0,3.0,25.0,25.0,planned,fill_1x_nitrate,,,
bcfb4e0786bc,,60,Nd,3,CCN(C(=O)c1cccc(-c2cccc(C(=O)N(CC)c3ccccc3)n2)n1)c1ccccc1,CCN(C(=O)c1cccc(-c2cccc(C(=O)N(CC)c3ccccc3)n2)n1)c1ccccc1,"[4, 16, 26, 27]","[""O(amide_carbonyl)"", ""O(amide_carbonyl)"", ""N(aromatic)"", ""N(aromatic)""]",4,9,2,nitrate,nitrate,1,60|CCN(C(=O)c1cccc(-c2cccc(C(=O)N(CC)c3ccccc3)n2)n1)c1ccccc1|nitrate,1,1,acid_class=nitrate|acid_strength_bin=high|nitrate_activity=high|pH_bin=missing|diluent_family=aromatic|modifier_class=none|temperature_bin=ambient|contact_time_bin=missing|shaking_time_bin=missing|phase_ratio_bin=missing,3.0,3.0,25.0,25.0,planned,fill_1x_nitrate,,,
04213303955f,,62,Sm,3,CCN(C(=O)c1cccc(-c2cccc(C(=O)N(CC)c3ccccc3)n2)n1)c1ccccc1,CCN(C(=O)c1cccc(-c2cccc(C(=O)N(CC)c3ccccc3)n2)n1)c1ccccc1,"[4, 16, 26, 27]","[""O(amide_carbonyl)"", ""O(amide_carbonyl)"", ""N(aromatic)"", ""N(aromatic)""]",4,9,2,nitrate,nitrate,1,62|CCN(C(=O)c1cccc(-c2cccc(C(=O)N(CC)c3ccccc3)n2)n1)c1ccccc1|nitrate,1,1,acid_class=nitrate|acid_strength_bin=high|nitrate_activity=high|pH_bin=missing|diluent_family=aromatic|modifier_class=none|temperature_bin=ambient|contact_time_bin=missing|shaking_time_bin=missing|phase_ratio_bin=missing,3.0,3.0,25.0,25.0,planned,fill_1x_nitrate,,,
f119e0afc8fb,,63,Eu,3,CCN(C(=O)c1cccc(-c2cccc(C(=O)N(CC)c3ccccc3)n2)n1)c1ccccc1,CCN(C(=O)c1cccc(-c2cccc(C(=O)N(CC)c3ccccc3)n2)n1)c1ccccc1,"[4, 16, 26, 27]","[""O(amide_carbonyl)"", ""O(amide_carbonyl)"", ""N(aromatic)"", ""N(aromatic)""]",4,9,2,nitrate,nitrate,1,63|CCN(C(=O)c1cccc(-c2cccc(C(=O)N(CC)c3ccccc3)n2)n1)c1ccccc1|nitrate,1,1,acid_class=nitrate|acid_strength_bin=high|nitrate_activity=high|pH_bin=missing|diluent_family=aromatic|modifier_class=none|temperature_bin=ambient|contact_time_bin=missing|shaking_time_bin=missing|phase_ratio_bin=missing,3.0,3.0,25.0,25.0,planned,fill_1x_nitrate,,,
2e9f73b8c9a6,,69,Tm,3,CCN(C(=O)c1cccc(-c2cccc(C(=O)N(CC)c3cc(C)ccc3C)n2)n1)c1cc(C)ccc1C,CCN(C(=O)c1cccc(-c2cccc(C(=O)N(CC)c3cc(C)ccc3C)n2)n1)c1cc(C)ccc1C,"[4, 16, 28, 29]","[""O(amide_carbonyl)"", ""O(amide_carbonyl)"", ""N(aromatic)"", ""N(aromatic)""]",4,8,2,nitrate,nitrate,0,69|CCN(C(=O)c1cccc(-c2cccc(C(=O)N(CC)c3cc(C)ccc3C)n2)n1)c1cc(C)ccc1C|nitrate,1,1,acid_class=nitrate|acid_strength_bin=high|nitrate_activity=high|pH_bin=missing|diluent_family=aromatic|modifier_class=none|temperature_bin=ambient|contact_time_bin=missing|shaking_time_bin=missing|phase_ratio_bin=missing,3.0,3.0,25.0,25.0,planned,ok,,,
e1b913cafa5c,,65,Tb,3,CCN(C(=O)c1cccc(-c2cccc(C(=O)N(CC)c3ccccc3)n2)n1)c1ccccc1,CCN(C(=O)c1cccc(-c2cccc(C(=O)N(CC)c3ccccc3)n2)n1)c1ccccc1,"[4, 16, 26, 27]","[""O(amide_carbonyl)"", ""O(amide_carbonyl)"", ""N(aromatic)"", ""N(aromatic)""]",4,8,2,nitrate,nitrate,0,65|CCN(C(=O)c1cccc(-c2cccc(C(=O)N(CC)c3ccccc3)n2)n1)c1ccccc1|nitrate,1,1,acid_class=nitrate|acid_strength_bin=high|nitrate_activity=high|pH_bin=missing|diluent_family=aromatic|modifier_class=none|temperature_bin=ambient|contact_time_bin=missing|shaking_time_bin=missing|phase_ratio_bin=missing,3.0,3.0,25.0,25.0,planned,ok,,,
79fdb4206d8e,,66,Dy,3,CCN(C(=O)c1cccc(-c2cccc(C(=O)N(CC)c3ccccc3)n2)n1)c1ccccc1,CCN(C(=O)c1cccc(-c2cccc(C(=O)N(CC)c3ccccc3)n2)n1)c1ccccc1,"[4, 16, 26, 27]","[""O(amide_carbonyl)"", ""O(amide_carbonyl)"", ""N(aromatic)"", ""N(aromatic)""]",4,8,2,nitrate,nitrate,0,66|CCN(C(=O)c1cccc(-c2cccc(C(=O)N(CC)c3ccccc3)n2)n1)c1ccccc1|nitrate,1,1,acid_class=nitrate|acid_strength_bin=high|nitrate_activity=high|pH_bin=missing|diluent_family=aromatic|modifier_class=none|temperature_bin=ambient|contact_time_bin=missing|shaking_time_bin=missing|phase_ratio_bin=missing,3.0,3.0,25.0,25.0,planned,ok,,,
898d25284bd9,,67,Ho,3,CCN(C(=O)c1cccc(-c2cccc(C(=O)N(CC)c3ccccc3)n2)n1)c1ccccc1,CCN(C(=O)c1cccc(-c2cccc(C(=O)N(CC)c3ccccc3)n2)n1)c1ccccc1,"[4, 16, 26, 27]","[""O(amide_carbonyl)"", ""O(amide_carbonyl)"", ""N(aromatic)"", ""N(aromatic)""]",4,8,2,nitrate,nitrate,0,67|CCN(C(=O)c1cccc(-c2cccc(C(=O)N(CC)c3ccccc3)n2)n1)c1ccccc1|nitrate,1,1,acid_class=nitrate|acid_strength_bin=high|nitrate_activity=high|pH_bin=missing|diluent_family=aromatic|modifier_class=none|temperature_bin=ambient|contact_time_bin=missing|shaking_time_bin=missing|phase_ratio_bin=missing,3.0,3.0,25.0,25.0,planned,ok,,,
eeb5530e9484,,68,Er,3,CCN(C(=O)c1cccc(-c2cccc(C(=O)N(CC)c3ccccc3)n2)n1)c1ccccc1,CCN(C(=O)c1cccc(-c2cccc(C(=O)N(CC)c3ccccc3)n2)n1)c1ccccc1,"[4, 16, 26, 27]","[""O(amide_carbonyl)"", ""O(amide_carbonyl)"", ""N(aromatic)"", ""N(aromatic)""]",4,8,2,nitrate,nitrate,0,68|CCN(C(=O)c1cccc(-c2cccc(C(=O)N(CC)c3ccccc3)n2)n1)c1ccccc1|nitrate,1,1,acid_class=nitrate|acid_strength_bin=high|nitrate_activity=high|pH_bin=missing|diluent_family=aromatic|modifier_class=none|temperature_bin=ambient|contact_time_bin=missing|shaking_time_bin=missing|phase_ratio_bin=missing,3.0,3.0,25.0,25.0,planned,ok,,,
0cdb83c602c5,,69,Tm,3,CCN(C(=O)c1cccc(-c2cccc(C(=O)N(CC)c3ccccc3)n2)n1)c1ccccc1,CCN(C(=O)c1cccc(-c2cccc(C(=O)N(CC)c3ccccc3)n2)n1)c1ccccc1,"[4, 16, 26, 27]","[""O(amide_carbonyl)"", ""O(amide_carbonyl)"", ""N(aromatic)"", ""N(aromatic)""]",4,8,2,nitrate,nitrate,0,69|CCN(C(=O)c1cccc(-c2cccc(C(=O)N(CC)c3ccccc3)n2)n1)c1ccccc1|nitrate,1,1,acid_class=nitrate|acid_strength_bin=high|nitrate_activity=high|pH_bin=missing|diluent_family=aromatic|modifier_class=none|temperature_bin=ambient|contact_time_bin=missing|shaking_time_bin=missing|phase_ratio_bin=missing,3.0,3.0,25.0,25.0,planned,ok,,,
a9e51bdcf3d2,,64,Gd,3,CCN(C(=O)c1cccc(-c2cccc(C(=O)N(CC)c3ccccc3)n2)n1)c1ccccc1,CCN(C(=O)c1cccc(-c2cccc(C(=O)N(CC)c3ccccc3)n2)n1)c1ccccc1,"[4, 16, 26, 27]","[""O(amide_carbonyl)"", ""O(amide_carbonyl)"", ""N(aromatic)"", ""N(aromatic)""]",4,9,2,nitrate,nitrate,1,64|CCN(C(=O)c1cccc(-c2cccc(C(=O)N(CC)c3ccccc3)n2)n1)c1ccccc1|nitrate,1,1,acid_class=nitrate|acid_strength_bin=high|nitrate_activity=high|pH_bin=missing|diluent_family=aromatic|modifier_class=none|temperature_bin=ambient|contact_time_bin=missing|shaking_time_bin=missing|phase_ratio_bin=missing,3.0,3.0,25.0,25.0,planned,fill_1x_nitrate,,,
18b24c265849,,71,Lu,3,CCN(C(=O)c1cccc(-c2cccc(C(=O)N(CC)c3ccccc3)n2)n1)c1ccccc1,CCN(C(=O)c1cccc(-c2cccc(C(=O)N(CC)c3ccccc3)n2)n1)c1ccccc1,"[4, 16, 26, 27]","[""O(amide_carbonyl)"", ""O(amide_carbonyl)"", ""N(aromatic)"", ""N(aromatic)""]",4,8,2,nitrate,nitrate,0,71|CCN(C(=O)c1cccc(-c2cccc(C(=O)N(CC)c3ccccc3)n2)n1)c1ccccc1|nitrate,1,1,acid_class=nitrate|acid_strength_bin=high|nitrate_activity=high|pH_bin=missing|diluent_family=aromatic|modifier_class=none|temperature_bin=ambient|contact_time_bin=missing|shaking_time_bin=missing|phase_ratio_bin=missing,3.0,3.0,25.0,25.0,planned,ok,,,
79140c5432a1,,67,Ho,3,CCN(C(=O)c1cccc(-c2cccc(C(=O)N(CC)c3cc(C)ccc3C)n2)n1)c1cc(C)ccc1C,CCN(C(=O)c1cccc(-c2cccc(C(=O)N(CC)c3cc(C)ccc3C)n2)n1)c1cc(C)ccc1C,"[4, 16, 28, 29]","[""O(amide_carbonyl)"", ""O(amide_carbonyl)"", ""N(aromatic)"", ""N(aromatic)""]",4,8,2,nitrate,nitrate,0,67|CCN(C(=O)c1cccc(-c2cccc(C(=O)N(CC)c3cc(C)ccc3C)n2)n1)c1cc(C)ccc1C|nitrate,1,1,acid_class=nitrate|acid_strength_bin=high|nitrate_activity=high|pH_bin=missing|diluent_family=aromatic|modifier_class=none|temperature_bin=ambient|contact_time_bin=missing|shaking_time_bin=missing|phase_ratio_bin=missing,3.0,3.0,25.0,25.0,planned,ok,,,
4beea503351e,,66,Dy,3,CCN(C(=O)c1cccc(-c2cccc(C(=O)N(CC)c3cc(C)ccc3C)n2)n1)c1cc(C)ccc1C,CCN(C(=O)c1cccc(-c2cccc(C(=O)N(CC)c3cc(C)ccc3C)n2)n1)c1cc(C)ccc1C,"[4, 16, 28, 29]","[""O(amide_carbonyl)"", ""O(amide_carbonyl)"", ""N(aromatic)"", ""N(aromatic)""]",4,8,2,nitrate,nitrate,0,66|CCN(C(=O)c1cccc(-c2cccc(C(=O)N(CC)c3cc(C)ccc3C)n2)n1)c1cc(C)ccc1C|nitrate,1,1,acid_class=nitrate|acid_strength_bin=high|nitrate_activity=high|pH_bin=missing|diluent_family=aromatic|modifier_class=none|temperature_bin=ambient|contact_time_bin=missing|shaking_time_bin=missing|phase_ratio_bin=missing,3.0,3.0,25.0,25.0,planned,ok,,,
9346b8592baf,,65,Tb,3,CCN(C(=O)c1cccc(-c2cccc(C(=O)N(CC)c3cc(C)ccc3C)n2)n1)c1cc(C)ccc1C,CCN(C(=O)c1cccc(-c2cccc(C(=O)N(CC)c3cc(C)ccc3C)n2)n1)c1cc(C)ccc1C,"[4, 16, 28, 29]","[""O(amide_carbonyl)"", ""O(amide_carbonyl)"", ""N(aromatic)"", ""N(aromatic)""]",4,8,2,nitrate,nitrate,0,65|CCN(C(=O)c1cccc(-c2cccc(C(=O)N(CC)c3cc(C)ccc3C)n2)n1)c1cc(C)ccc1C|nitrate,1,1,acid_class=nitrate|acid_strength_bin=high|nitrate_activity=high|pH_bin=missing|diluent_family=aromatic|modifier_class=none|temperature_bin=ambient|contact_time_bin=missing|shaking_time_bin=missing|phase_ratio_bin=missing,3.0,3.0,25.0,25.0,planned,ok,,,
cadd7085b21f,,70,Yb,3,CCN(C(=O)c1cccc(-c2cccc(C(=O)N(CC)c3ccccc3)n2)n1)c1ccccc1,CCN(C(=O)c1cccc(-c2cccc(C(=O)N(CC)c3ccccc3)n2)n1)c1ccccc1,"[4, 16, 26, 27]","[""O(amide_carbonyl)"", ""O(amide_carbonyl)"", ""N(aromatic)"", ""N(aromatic)""]",4,8,2,nitrate,nitrate,0,70|CCN(C(=O)c1cccc(-c2cccc(C(=O)N(CC)c3ccccc3)n2)n1)c1ccccc1|nitrate,1,1,acid_class=nitrate|acid_strength_bin=high|nitrate_activity=high|pH_bin=missing|diluent_family=aromatic|modifier_class=none|temperature_bin=ambient|contact_time_bin=missing|shaking_time_bin=missing|phase_ratio_bin=missing,3.0,3.0,25.0,25.0,planned,ok,,,
62f8e8df04ed,,64,Gd,3,CCN(C(=O)c1cccc(-c2cccc(C(=O)N(CC)c3cc(C)ccc3C)n2)n1)c1cc(C)ccc1C,CCN(C(=O)c1cccc(-c2cccc(C(=O)N(CC)c3cc(C)ccc3C)n2)n1)c1cc(C)ccc1C,"[4, 16, 28, 29]","[""O(amide_carbonyl)"", ""O(amide_carbonyl)"", ""N(aromatic)"", ""N(aromatic)""]",4,9,2,nitrate,nitrate,1,64|CCN(C(=O)c1cccc(-c2cccc(C(=O)N(CC)c3cc(C)ccc3C)n2)n1)c1cc(C)ccc1C|nitrate,1,1,acid_class=nitrate|acid_strength_bin=high|nitrate_activity=high|pH_bin=missing|diluent_family=aromatic|modifier_class=none|temperature_bin=ambient|contact_time_bin=missing|shaking_time_bin=missing|phase_ratio_bin=missing,3.0,3.0,25.0,25.0,planned,fill_1x_nitrate,,,
83d476ae87dd,,68,Er,3,CCN(C(=O)c1cccc(-c2cccc(C(=O)N(CC)c3cc(C)cc(C)c3)n2)n1)c1cc(C)cc(C)c1,CCN(C(=O)c1cccc(-c2cccc(C(=O)N(CC)c3cc(C)cc(C)c3)n2)n1)c1cc(C)cc(C)c1,"[4, 16, 28, 29]","[""O(amide_carbonyl)"", ""O(amide_carbonyl)"", ""N(aromatic)"", ""N(aromatic)""]",4,8,2,nitrate,nitrate,0,68|CCN(C(=O)c1cccc(-c2cccc(C(=O)N(CC)c3cc(C)cc(C)c3)n2)n1)c1cc(C)cc(C)c1|nitrate,1,1,acid_class=nitrate|acid_strength_bin=high|nitrate_activity=high|pH_bin=missing|diluent_family=aromatic|modifier_class=none|temperature_bin=ambient|contact_time_bin=missing|shaking_time_bin=missing|phase_ratio_bin=missing,3.0,3.0,25.0,25.0,planned,ok,,,
f1e43bcd041d,,62,Sm,3,CCN(C(=O)c1cccc(-c2cccc(C(=O)N(CC)c3cc(C)ccc3C)n2)n1)c1cc(C)ccc1C,CCN(C(=O)c1cccc(-c2cccc(C(=O)N(CC)c3cc(C)ccc3C)n2)n1)c1cc(C)ccc1C,"[4, 16, 28, 29]","[""O(amide_carbonyl)"", ""O(amide_carbonyl)"", ""N(aromatic)"", ""N(aromatic)""]",4,9,2,nitrate,nitrate,1,62|CCN(C(=O)c1cccc(-c2cccc(C(=O)N(CC)c3cc(C)ccc3C)n2)n1)c1cc(C)ccc1C|nitrate,1,1,acid_class=nitrate|acid_strength_bin=high|nitrate_activity=high|pH_bin=missing|diluent_family=aromatic|modifier_class=none|temperature_bin=ambient|contact_time_bin=missing|shaking_time_bin=missing|phase_ratio_bin=missing,3.0,3.0,25.0,25.0,planned,fill_1x_nitrate,,,
3be4a2dc935b,,60,Nd,3,CCN(C(=O)c1cccc(-c2cccc(C(=O)N(CC)c3cc(C)ccc3C)n2)n1)c1cc(C)ccc1C,CCN(C(=O)c1cccc(-c2cccc(C(=O)N(CC)c3cc(C)ccc3C)n2)n1)c1cc(C)ccc1C,"[4, 16, 28, 29]","[""O(amide_carbonyl)"", ""O(amide_carbonyl)"", ""N(aromatic)"", ""N(aromatic)""]",4,9,2,nitrate,nitrate,1,60|CCN(C(=O)c1cccc(-c2cccc(C(=O)N(CC)c3cc(C)ccc3C)n2)n1)c1cc(C)ccc1C|nitrate,1,1,acid_class=nitrate|acid_strength_bin=high|nitrate_activity=high|pH_bin=missing|diluent_family=aromatic|modifier_class=none|temperature_bin=ambient|contact_time_bin=missing|shaking_time_bin=missing|phase_ratio_bin=missing,3.0,3.0,25.0,25.0,planned,fill_1x_nitrate,,,
aac6ecb6c550,,58,Ce,3,CCN(C(=O)c1cccc(-c2cccc(C(=O)N(CC)c3cc(C)ccc3C)n2)n1)c1cc(C)ccc1C,CCN(C(=O)c1cccc(-c2cccc(C(=O)N(CC)c3cc(C)ccc3C)n2)n1)c1cc(C)ccc1C,"[4, 16, 28, 29]","[""O(amide_carbonyl)"", ""O(amide_carbonyl)"", ""N(aromatic)"", ""N(aromatic)""]",4,9,2,nitrate,nitrate,1,58|CCN(C(=O)c1cccc(-c2cccc(C(=O)N(CC)c3cc(C)ccc3C)n2)n1)c1cc(C)ccc1C|nitrate,1,1,acid_class=nitrate|acid_strength_bin=high|nitrate_activity=high|pH_bin=missing|diluent_family=aromatic|modifier_class=none|temperature_bin=ambient|contact_time_bin=missing|shaking_time_bin=missing|phase_ratio_bin=missing,3.0,3.0,25.0,25.0,planned,fill_1x_nitrate,,,
3531ba9d5169,,57,La,3,CCN(C(=O)c1cccc(-c2cccc(C(=O)N(CC)c3cc(C)ccc3C)n2)n1)c1cc(C)ccc1C,CCN(C(=O)c1cccc(-c2cccc(C(=O)N(CC)c3cc(C)ccc3C)n2)n1)c1cc(C)ccc1C,"[4, 16, 28, 29]","[""O(amide_carbonyl)"", ""O(amide_carbonyl)"", ""N(aromatic)"", ""N(aromatic)""]",4,9,2,nitrate,nitrate,1,57|CCN(C(=O)c1cccc(-c2cccc(C(=O)N(CC)c3cc(C)ccc3C)n2)n1)c1cc(C)ccc1C|nitrate,1,1,acid_class=nitrate|acid_strength_bin=high|nitrate_activity=high|pH_bin=missing|diluent_family=aromatic|modifier_class=none|temperature_bin=ambient|contact_time_bin=missing|shaking_time_bin=missing|phase_ratio_bin=missing,3.0,3.0,25.0,25.0,planned,fill_1x_nitrate,,,
d78601d4bdab,,71,Lu,3,CCCCCCCCN(C(=O)c1ccc2ccc3cccnc3c2n1)c1ccc(C)cc1,CCCCCCCCN(C(=O)c1ccc2ccc3cccnc3c2n1)c1ccc(C)cc1,"[10, 21, 24]","[""O(amide_carbonyl)"", ""N(aromatic)"", ""N(aromatic)""]",3,8,2,nitrate,nitrate,2,71|CCCCCCCCN(C(=O)c1ccc2ccc3cccnc3c2n1)c1ccc(C)cc1|nitrate,1,1,acid_class=nitrate|acid_strength_bin=low|nitrate_activity=low|pH_bin=missing|diluent_family=chlorinated|modifier_class=none|temperature_bin=ambient|contact_time_bin=missing|shaking_time_bin=missing|phase_ratio_bin=missing,0.1,0.1,25.0,25.0,planned,fill_2x_nitrate,,,
1fa2d9a6f39b,,69,Tm,3,CCCCCCCCN(C(=O)c1ccc2ccc3cccnc3c2n1)c1ccc(C)cc1,CCCCCCCCN(C(=O)c1ccc2ccc3cccnc3c2n1)c1ccc(C)cc1,"[10, 21, 24]","[""O(amide_carbonyl)"", ""N(aromatic)"", ""N(aromatic)""]",3,8,2,nitrate,nitrate,2,69|CCCCCCCCN(C(=O)c1ccc2ccc3cccnc3c2n1)c1ccc(C)cc1|nitrate,1,1,acid_class=nitrate|acid_strength_bin=low|nitrate_activity=low|pH_bin=missing|diluent_family=chlorinated|modifier_class=none|temperature_bin=ambient|contact_time_bin=missing|shaking_time_bin=missing|phase_ratio_bin=missing,0.1,0.1,25.0,25.0,planned,fill_2x_nitrate,,,
96205c46099b,,68,Er,3,CCCCCCCCN(C(=O)c1ccc2ccc3cccnc3c2n1)c1ccc(C)cc1,CCCCCCCCN(C(=O)c1ccc2ccc3cccnc3c2n1)c1ccc(C)cc1,"[10, 21, 24]","[""O(amide_carbonyl)"", ""N(aromatic)"", ""N(aromatic)""]",3,8,2,nitrate,nitrate,2,68|CCCCCCCCN(C(=O)c1ccc2ccc3cccnc3c2n1)c1ccc(C)cc1|nitrate,1,1,acid_class=nitrate|acid_strength_bin=low|nitrate_activity=low|pH_bin=missing|diluent_family=chlorinated|modifier_class=none|temperature_bin=ambient|contact_time_bin=missing|shaking_time_bin=missing|phase_ratio_bin=missing,0.1,0.1,25.0,25.0,planned,fill_2x_nitrate,,,
6d6eb3546d99,,67,Ho,3,CCCCCCCCN(C(=O)c1ccc2ccc3cccnc3c2n1)c1ccc(C)cc1,CCCCCCCCN(C(=O)c1ccc2ccc3cccnc3c2n1)c1ccc(C)cc1,"[10, 21, 24]","[""O(amide_carbonyl)"", ""N(aromatic)"", ""N(aromatic)""]",3,8,2,nitrate,nitrate,2,67|CCCCCCCCN(C(=O)c1ccc2ccc3cccnc3c2n1)c1ccc(C)cc1|nitrate,1,1,acid_class=nitrate|acid_strength_bin=low|nitrate_activity=low|pH_bin=missing|diluent_family=chlorinated|modifier_class=none|temperature_bin=ambient|contact_time_bin=missing|shaking_time_bin=missing|phase_ratio_bin=missing,0.1,0.1,25.0,25.0,planned,fill_2x_nitrate,,,
20004d3bcbb4,,66,Dy,3,CCCCCCCCN(C(=O)c1ccc2ccc3cccnc3c2n1)c1ccc(C)cc1,CCCCCCCCN(C(=O)c1ccc2ccc3cccnc3c2n1)c1ccc(C)cc1,"[10, 21, 24]","[""O(amide_carbonyl)"", ""N(aromatic)"", ""N(aromatic)""]",3,8,2,nitrate,nitrate,2,66|CCCCCCCCN(C(=O)c1ccc2ccc3cccnc3c2n1)c1ccc(C)cc1|nitrate,1,1,acid_class=nitrate|acid_strength_bin=low|nitrate_activity=low|pH_bin=missing|diluent_family=chlorinated|modifier_class=none|temperature_bin=ambient|contact_time_bin=missing|shaking_time_bin=missing|phase_ratio_bin=missing,0.1,0.1,25.0,25.0,planned,fill_2x_nitrate,,,
d6289c678324,,65,Tb,3,CCCCCCCCN(C(=O)c1ccc2ccc3cccnc3c2n1)c1ccc(C)cc1,CCCCCCCCN(C(=O)c1ccc2ccc3cccnc3c2n1)c1ccc(C)cc1,"[10, 21, 24]","[""O(amide_carbonyl)"", ""N(aromatic)"", ""N(aromatic)""]",3,8,2,nitrate,nitrate,2,65|CCCCCCCCN(C(=O)c1ccc2ccc3cccnc3c2n1)c1ccc(C)cc1|nitrate,1,1,acid_class=nitrate|acid_strength_bin=low|nitrate_activity=low|pH_bin=missing|diluent_family=chlorinated|modifier_class=none|temperature_bin=ambient|contact_time_bin=missing|shaking_time_bin=missing|phase_ratio_bin=missing,0.1,0.1,25.0,25.0,planned,fill_2x_nitrate,,,
052f2dceaa7c,,64,Gd,3,CCCCCCCCN(C(=O)c1ccc2ccc3cccnc3c2n1)c1ccc(C)cc1,CCCCCCCCN(C(=O)c1ccc2ccc3cccnc3c2n1)c1ccc(C)cc1,"[10, 21, 24]","[""O(amide_carbonyl)"", ""N(aromatic)"", ""N(aromatic)""]",3,9,3,nitrate,nitrate,0,64|CCCCCCCCN(C(=O)c1ccc2ccc3cccnc3c2n1)c1ccc(C)cc1|nitrate,1,1,acid_class=nitrate|acid_strength_bin=low|nitrate_activity=low|pH_bin=missing|diluent_family=chlorinated|modifier_class=none|temperature_bin=ambient|contact_time_bin=missing|shaking_time_bin=missing|phase_ratio_bin=missing,0.1,0.1,25.0,25.0,planned,ok,,,
c3a75dd9fb48,,63,Eu,3,CCCCCCCCN(C(=O)c1ccc2ccc3cccnc3c2n1)c1ccc(C)cc1,CCCCCCCCN(C(=O)c1ccc2ccc3cccnc3c2n1)c1ccc(C)cc1,"[10, 21, 24]","[""O(amide_carbonyl)"", ""N(aromatic)"", ""N(aromatic)""]",3,9,3,nitrate,nitrate,0,63|CCCCCCCCN(C(=O)c1ccc2ccc3cccnc3c2n1)c1ccc(C)cc1|nitrate,1,1,acid_class=nitrate|acid_strength_bin=low|nitrate_activity=low|pH_bin=missing|diluent_family=chlorinated|modifier_class=none|temperature_bin=ambient|contact_time_bin=missing|shaking_time_bin=missing|phase_ratio_bin=missing,0.1,0.1,25.0,25.0,planned,ok,,,
41449be55884,,62,Sm,3,CCCCCCCCN(C(=O)c1ccc2ccc3cccnc3c2n1)c1ccc(C)cc1,CCCCCCCCN(C(=O)c1ccc2ccc3cccnc3c2n1)c1ccc(C)cc1,"[10, 21, 24]","[""O(amide_carbonyl)"", ""N(aromatic)"", ""N(aromatic)""]",3,9,3,nitrate,nitrate,0,62|CCCCCCCCN(C(=O)c1ccc2ccc3cccnc3c2n1)c1ccc(C)cc1|nitrate,1,1,acid_class=nitrate|acid_strength_bin=low|nitrate_activity=low|pH_bin=missing|diluent_family=chlorinated|modifier_class=none|temperature_bin=ambient|contact_time_bin=missing|shaking_time_bin=missing|phase_ratio_bin=missing,0.1,0.1,25.0,25.0,planned,ok,,,
17d1a89f3ba2,,60,Nd,3,CCCCCCCCN(C(=O)c1ccc2ccc3cccnc3c2n1)c1ccc(C)cc1,CCCCCCCCN(C(=O)c1ccc2ccc3cccnc3c2n1)c1ccc(C)cc1,"[10, 21, 24]","[""O(amide_carbonyl)"", ""N(aromatic)"", ""N(aromatic)""]",3,9,3,nitrate,nitrate,0,60|CCCCCCCCN(C(=O)c1ccc2ccc3cccnc3c2n1)c1ccc(C)cc1|nitrate,1,1,acid_class=nitrate|acid_strength_bin=low|nitrate_activity=low|pH_bin=missing|diluent_family=chlorinated|modifier_class=none|temperature_bin=ambient|contact_time_bin=missing|shaking_time_bin=missing|phase_ratio_bin=missing,0.1,0.1,25.0,25.0,planned,ok,,,
ca3aae3d8c34,,59,Pr,3,CCCCCCCCN(C(=O)c1ccc2ccc3cccnc3c2n1)c1ccc(C)cc1,CCCCCCCCN(C(=O)c1ccc2ccc3cccnc3c2n1)c1ccc(C)cc1,"[10, 21, 24]","[""O(amide_carbonyl)"", ""N(aromatic)"", ""N(aromatic)""]",3,9,3,nitrate,nitrate,0,59|CCCCCCCCN(C(=O)c1ccc2ccc3cccnc3c2n1)c1ccc(C)cc1|nitrate,1,1,acid_class=nitrate|acid_strength_bin=low|nitrate_activity=low|pH_bin=missing|diluent_family=chlorinated|modifier_class=none|temperature_bin=ambient|contact_time_bin=missing|shaking_time_bin=missing|phase_ratio_bin=missing,0.1,0.1,25.0,25.0,planned,ok,,,
de0fecd6bded,,58,Ce,3,CCCCCCCCN(C(=O)c1ccc2ccc3cccnc3c2n1)c1ccc(C)cc1,CCCCCCCCN(C(=O)c1ccc2ccc3cccnc3c2n1)c1ccc(C)cc1,"[10, 21, 24]","[""O(amide_carbonyl)"", ""N(aromatic)"", ""N(aromatic)""]",3,9,3,nitrate,nitrate,0,58|CCCCCCCCN(C(=O)c1ccc2ccc3cccnc3c2n1)c1ccc(C)cc1|nitrate,1,1,acid_class=nitrate|acid_strength_bin=low|nitrate_activity=low|pH_bin=missing|diluent_family=chlorinated|modifier_class=none|temperature_bin=ambient|contact_time_bin=missing|shaking_time_bin=missing|phase_ratio_bin=missing,0.1,0.1,25.0,25.0,planned,ok,,,
466343586002,,57,La,3,CCCCCCCCN(C(=O)c1ccc2ccc3cccnc3c2n1)c1ccc(C)cc1,CCCCCCCCN(C(=O)c1ccc2ccc3cccnc3c2n1)c1ccc(C)cc1,"[10, 21, 24]","[""O(amide_carbonyl)"", ""N(aromatic)"", ""N(aromatic)""]",3,9,3,nitrate,nitrate,0,57|CCCCCCCCN(C(=O)c1ccc2ccc3cccnc3c2n1)c1ccc(C)cc1|nitrate,1,1,acid_class=nitrate|acid_strength_bin=low|nitrate_activity=low|pH_bin=missing|diluent_family=chlorinated|modifier_class=none|temperature_bin=ambient|contact_time_bin=missing|shaking_time_bin=missing|phase_ratio_bin=missing,0.1,0.1,25.0,25.0,planned,ok,,,
b3f43cb08a3e,,70,Yb,3,CCCCCCCCN(C(=O)c1ccc2ccc3cccnc3c2n1)c1ccc(C)cc1,CCCCCCCCN(C(=O)c1ccc2ccc3cccnc3c2n1)c1ccc(C)cc1,"[10, 21, 24]","[""O(amide_carbonyl)"", ""N(aromatic)"", ""N(aromatic)""]",3,8,2,nitrate,nitrate,2,70|CCCCCCCCN(C(=O)c1ccc2ccc3cccnc3c2n1)c1ccc(C)cc1|nitrate,1,1,acid_class=nitrate|acid_strength_bin=low|nitrate_activity=low|pH_bin=missing|diluent_family=chlorinated|modifier_class=none|temperature_bin=ambient|contact_time_bin=missing|shaking_time_bin=missing|phase_ratio_bin=missing,0.1,0.1,25.0,25.0,planned,fill_2x_nitrate,,,
3dd657f759a8,,57,La,3,CCCCN(CCCC)C(=O)C(Cc1ccccc1CC(C(=O)N(CCCC)CCCC)C(=O)N(CCCC)CCCC)C(=O)N(CCCC)CCCC,CCCCN(CCCC)C(=O)C(Cc1ccccc1CC(C(=O)N(CCCC)CCCC)C(=O)N(CCCC)CCCC)C(=O)N(CCCC)CCCC,"[10, 44]","[""O(amide_carbonyl)"", ""O(amide_carbonyl)""]",2,9,4,nitrate,nitrate,1,57|CCCCN(CCCC)C(=O)C(Cc1ccccc1CC(C(=O)N(CCCC)CCCC)C(=O)N(CCCC)CCCC)C(=O)N(CCCC)CCCC|nitrate,1,1,acid_class=nitrate|acid_strength_bin=medium|nitrate_activity=medium|pH_bin=missing|diluent_family=aromatic|modifier_class=none|temperature_bin=ambient|contact_time_bin=missing|shaking_time_bin=missing|phase_ratio_bin=missing,1.0,1.0,25.0,25.0,planned,fill_1x_nitrate,,,
c25a798202a1,,60,Nd,3,CCCCN(CCCC)C(=O)C(Cc1ccccc1CC(C(=O)N(CCCC)CCCC)C(=O)N(CCCC)CCCC)C(=O)N(CCCC)CCCC,CCCCN(CCCC)C(=O)C(Cc1ccccc1CC(C(=O)N(CCCC)CCCC)C(=O)N(CCCC)CCCC)C(=O)N(CCCC)CCCC,"[10, 44]","[""O(amide_carbonyl)"", ""O(amide_carbonyl)""]",2,9,4,nitrate,nitrate,1,60|CCCCN(CCCC)C(=O)C(Cc1ccccc1CC(C(=O)N(CCCC)CCCC)C(=O)N(CCCC)CCCC)C(=O)N(CCCC)CCCC|nitrate,1,1,acid_class=nitrate|acid_strength_bin=medium|nitrate_activity=medium|pH_bin=missing|diluent_family=aromatic|modifier_class=none|temperature_bin=ambient|contact_time_bin=missing|shaking_time_bin=missing|phase_ratio_bin=missing,1.0,1.0,25.0,25.0,planned,fill_1x_nitrate,,,
c6b5c3f7cc44,,63,Eu,3,CCCCN(CCCC)C(=O)C(Cc1ccccc1CC(C(=O)N(CCCC)CCCC)C(=O)N(CCCC)CCCC)C(=O)N(CCCC)CCCC,CCCCN(CCCC)C(=O)C(Cc1ccccc1CC(C(=O)N(CCCC)CCCC)C(=O)N(CCCC)CCCC)C(=O)N(CCCC)CCCC,"[10, 44]","[""O(amide_carbonyl)"", ""O(amide_carbonyl)""]",2,9,4,nitrate,nitrate,1,63|CCCCN(CCCC)C(=O)C(Cc1ccccc1CC(C(=O)N(CCCC)CCCC)C(=O)N(CCCC)CCCC)C(=O)N(CCCC)CCCC|nitrate,1,1,acid_class=nitrate|acid_strength_bin=medium|nitrate_activity=medium|pH_bin=missing|diluent_family=aromatic|modifier_class=none|temperature_bin=ambient|contact_time_bin=missing|shaking_time_bin=missing|phase_ratio_bin=missing,1.0,1.0,25.0,25.0,planned,fill_1x_nitrate,,,
74b654cc8157,,66,Dy,3,CCCCN(CCCC)C(=O)C(Cc1ccccc1CC(C(=O)N(CCCC)CCCC)C(=O)N(CCCC)CCCC)C(=O)N(CCCC)CCCC,CCCCN(CCCC)C(=O)C(Cc1ccccc1CC(C(=O)N(CCCC)CCCC)C(=O)N(CCCC)CCCC)C(=O)N(CCCC)CCCC,"[10, 44]","[""O(amide_carbonyl)"", ""O(amide_carbonyl)""]",2,8,4,nitrate,nitrate,0,66|CCCCN(CCCC)C(=O)C(Cc1ccccc1CC(C(=O)N(CCCC)CCCC)C(=O)N(CCCC)CCCC)C(=O)N(CCCC)CCCC|nitrate,1,1,acid_class=nitrate|acid_strength_bin=medium|nitrate_activity=medium|pH_bin=missing|diluent_family=aromatic|modifier_class=none|temperature_bin=ambient|contact_time_bin=missing|shaking_time_bin=missing|phase_ratio_bin=missing,1.0,1.0,25.0,25.0,planned,ok,,,
4143c21a233c,,66,Dy,3,CCCCN(CCCC)C(=O)CCC(=O)N(CCCC)CCCC,CCCCN(CCCC)C(=O)CCC(=O)N(CCCC)CCCC,"[10, 14]","[""O(amide_carbonyl)"", ""O(amide_carbonyl)""]",2,8,4,nitrate,nitrate,0,66|CCCCN(CCCC)C(=O)CCC(=O)N(CCCC)CCCC|nitrate,1,1,acid_class=nitrate|acid_strength_bin=high|nitrate_activity=high|pH_bin=missing|diluent_family=aromatic|modifier_class=none|temperature_bin=ambient|contact_time_bin=missing|shaking_time_bin=missing|phase_ratio_bin=missing,4.0,4.0,25.0,25.0,planned,ok,,,
22a9d1cb90fb,,60,Nd,3,CCCCN(CCCC)C(=O)CCC(=O)N(CCCC)CCCC,CCCCN(CCCC)C(=O)CCC(=O)N(CCCC)CCCC,"[10, 14]","[""O(amide_carbonyl)"", ""O(amide_carbonyl)""]",2,9,4,nitrate,nitrate,1,60|CCCCN(CCCC)C(=O)CCC(=O)N(CCCC)CCCC|nitrate,1,1,acid_class=nitrate|acid_strength_bin=high|nitrate_activity=high|pH_bin=missing|diluent_family=aromatic|modifier_class=none|temperature_bin=ambient|contact_time_bin=missing|shaking_time_bin=missing|phase_ratio_bin=missing,4.0,4.0,25.0,25.0,planned,fill_1x_nitrate,,,
4e47a8aea4f6,,62,Sm,3,CCCCN(CCCC)C(=O)CCC(=O)N(CCCC)CCCC,CCCCN(CCCC)C(=O)CCC(=O)N(CCCC)CCCC,"[10, 14]","[""O(amide_carbonyl)"", ""O(amide_carbonyl)""]",2,9,4,nitrate,nitrate,1,62|CCCCN(CCCC)C(=O)CCC(=O)N(CCCC)CCCC|nitrate,1,1,acid_class=nitrate|acid_strength_bin=high|nitrate_activity=high|pH_bin=missing|diluent_family=aromatic|modifier_class=none|temperature_bin=ambient|contact_time_bin=missing|shaking_time_bin=missing|phase_ratio_bin=missing,4.0,4.0,25.0,25.0,planned,fill_1x_nitrate,,,
8085bc618fe6,,63,Eu,3,CCCCN(CCCC)C(=O)CCC(=O)N(CCCC)CCCC,CCCCN(CCCC)C(=O)CCC(=O)N(CCCC)CCCC,"[10, 14]","[""O(amide_carbonyl)"", ""O(amide_carbonyl)""]",2,9,4,nitrate,nitrate,1,63|CCCCN(CCCC)C(=O)CCC(=O)N(CCCC)CCCC|nitrate,1,1,acid_class=nitrate|acid_strength_bin=high|nitrate_activity=high|pH_bin=missing|diluent_family=aromatic|modifier_class=none|temperature_bin=ambient|contact_time_bin=missing|shaking_time_bin=missing|phase_ratio_bin=missing,4.0,4.0,25.0,25.0,planned,fill_1x_nitrate,,,
17f690b1fab1,,64,Gd,3,CCCCN(CCCC)C(=O)CCC(=O)N(CCCC)CCCC,CCCCN(CCCC)C(=O)CCC(=O)N(CCCC)CCCC,"[10, 14]","[""O(amide_carbonyl)"", ""O(amide_carbonyl)""]",2,9,4,nitrate,nitrate,1,64|CCCCN(CCCC)C(=O)CCC(=O)N(CCCC)CCCC|nitrate,1,1,acid_class=nitrate|acid_strength_bin=high|nitrate_activity=high|pH_bin=missing|diluent_family=aromatic|modifier_class=none|temperature_bin=ambient|contact_time_bin=missing|shaking_time_bin=missing|phase_ratio_bin=missing,4.0,4.0,25.0,25.0,planned,fill_1x_nitrate,,,
654a7abbfe0a,,60,Nd,3,CCc1ccc(N(CC)C(=O)c2ccc3ccc4ccc(C(=O)N(CC)c5ccc(CC)cc5)nc4c3n2)cc1,CCc1ccc(N(CC)C(=O)c2ccc3ccc4ccc(C(=O)N(CC)c5ccc(CC)cc5)nc4c3n2)cc1,"[10, 22, 34, 37]","[""O(amide_carbonyl)"", ""O(amide_carbonyl)"", ""N(aromatic)"", ""N(aromatic)""]",4,9,2,nitrate,nitrate,1,60|CCc1ccc(N(CC)C(=O)c2ccc3ccc4ccc(C(=O)N(CC)c5ccc(CC)cc5)nc4c3n2)cc1|nitrate,1,1,acid_class=nitrate|acid_strength_bin=high|nitrate_activity=high|pH_bin=missing|diluent_family=nitroaromatic|modifier_class=none|temperature_bin=ambient|contact_time_bin=missing|shaking_time_bin=missing|phase_ratio_bin=missing,3.0,3.0,25.0,25.0,planned,fill_1x_nitrate,,,
619f4e86023e,,59,Pr,3,CCc1ccc(N(CC)C(=O)c2ccc3ccc4ccc(C(=O)N(CC)c5ccc(CC)cc5)nc4c3n2)cc1,CCc1ccc(N(CC)C(=O)c2ccc3ccc4ccc(C(=O)N(CC)c5ccc(CC)cc5)nc4c3n2)cc1,"[10, 22, 34, 37]","[""O(amide_carbonyl)"", ""O(amide_carbonyl)"", ""N(aromatic)"", ""N(aromatic)""]",4,9,2,nitrate,nitrate,1,59|CCc1ccc(N(CC)C(=O)c2ccc3ccc4ccc(C(=O)N(CC)c5ccc(CC)cc5)nc4c3n2)cc1|nitrate,1,1,acid_class=nitrate|acid_strength_bin=high|nitrate_activity=high|pH_bin=missing|diluent_family=nitroaromatic|modifier_class=none|temperature_bin=ambient|contact_time_bin=missing|shaking_time_bin=missing|phase_ratio_bin=missing,3.0,3.0,25.0,25.0,planned,fill_1x_nitrate,,,
bf3d4b94b8f1,,58,Ce,3,CCc1ccc(N(CC)C(=O)c2ccc3ccc4ccc(C(=O)N(CC)c5ccc(CC)cc5)nc4c3n2)cc1,CCc1ccc(N(CC)C(=O)c2ccc3ccc4ccc(C(=O)N(CC)c5ccc(CC)cc5)nc4c3n2)cc1,"[10, 22, 34, 37]","[""O(amide_carbonyl)"", ""O(amide_carbonyl)"", ""N(aromatic)"", ""N(aromatic)""]",4,9,2,nitrate,nitrate,1,58|CCc1ccc(N(CC)C(=O)c2ccc3ccc4ccc(C(=O)N(CC)c5ccc(CC)cc5)nc4c3n2)cc1|nitrate,1,1,acid_class=nitrate|acid_strength_bin=high|nitrate_activity=high|pH_bin=missing|diluent_family=nitroaromatic|modifier_class=none|temperature_bin=ambient|contact_time_bin=missing|shaking_time_bin=missing|phase_ratio_bin=missing,3.0,3.0,25.0,25.0,planned,fill_1x_nitrate,,,
34cc22db4387,,67,Ho,3,CCc1ccc(N(CC)C(=O)c2ccc3ccc4ccc(C(=O)N(CC)c5ccc(CC)cc5)nc4c3n2)cc1,CCc1ccc(N(CC)C(=O)c2ccc3ccc4ccc(C(=O)N(CC)c5ccc(CC)cc5)nc4c3n2)cc1,"[10, 22, 34, 37]","[""O(amide_carbonyl)"", ""O(amide_carbonyl)"", ""N(aromatic)"", ""N(aromatic)""]",4,8,2,nitrate,nitrate,0,67|CCc1ccc(N(CC)C(=O)c2ccc3ccc4ccc(C(=O)N(CC)c5ccc(CC)cc5)nc4c3n2)cc1|nitrate,1,1,acid_class=nitrate|acid_strength_bin=high|nitrate_activity=high|pH_bin=missing|diluent_family=nitroaromatic|modifier_class=none|temperature_bin=ambient|contact_time_bin=missing|shaking_time_bin=missing|phase_ratio_bin=missing,3.0,3.0,25.0,25.0,planned,ok,,,
e0d716170554,,62,Sm,3,CCc1ccc(N(CC)C(=O)c2ccc3ccc4ccc(C(=O)N(CC)c5ccc(CC)cc5)nc4c3n2)cc1,CCc1ccc(N(CC)C(=O)c2ccc3ccc4ccc(C(=O)N(CC)c5ccc(CC)cc5)nc4c3n2)cc1,"[10, 22, 34, 37]","[""O(amide_carbonyl)"", ""O(amide_carbonyl)"", ""N(aromatic)"", ""N(aromatic)""]",4,9,2,nitrate,nitrate,1,62|CCc1ccc(N(CC)C(=O)c2ccc3ccc4ccc(C(=O)N(CC)c5ccc(CC)cc5)nc4c3n2)cc1|nitrate,1,1,acid_class=nitrate|acid_strength_bin=high|nitrate_activity=high|pH_bin=missing|diluent_family=nitroaromatic|modifier_class=none|temperature_bin=ambient|contact_time_bin=missing|shaking_time_bin=missing|phase_ratio_bin=missing,3.0,3.0,25.0,25.0,planned,fill_1x_nitrate,,,
720a392ef0d0,,71,Lu,3,CCc1ccc(N(CC)C(=O)c2ccc3ccc4ccc(C(=O)N(CC)c5ccc(CC)cc5)nc4c3n2)cc1,CCc1ccc(N(CC)C(=O)c2ccc3ccc4ccc(C(=O)N(CC)c5ccc(CC)cc5)nc4c3n2)cc1,"[10, 22, 34, 37]","[""O(amide_carbonyl)"", ""O(amide_carbonyl)"", ""N(aromatic)"", ""N(aromatic)""]",4,8,2,nitrate,nitrate,0,71|CCc1ccc(N(CC)C(=O)c2ccc3ccc4ccc(C(=O)N(CC)c5ccc(CC)cc5)nc4c3n2)cc1|nitrate,1,1,acid_class=nitrate|acid_strength_bin=high|nitrate_activity=high|pH_bin=missing|diluent_family=nitroaromatic|modifier_class=none|temperature_bin=ambient|contact_time_bin=missing|shaking_time_bin=missing|phase_ratio_bin=missing,3.0,3.0,25.0,25.0,planned,ok,,,
8f30fbba865f,,58,Ce,3,CCCCN(CCCC)C(=O)c1ccc2ccc3ccc(C(=O)N(CCCC)CCCC)nc3c2n1,CCCCN(CCCC)C(=O)c1ccc2ccc3ccc(C(=O)N(CCCC)CCCC)nc3c2n1,"[10, 22, 32, 35]","[""O(amide_carbonyl)"", ""O(amide_carbonyl)"", ""N(aromatic)"", ""N(aromatic)""]",4,9,2,nitrate,nitrate,1,58|CCCCN(CCCC)C(=O)c1ccc2ccc3ccc(C(=O)N(CCCC)CCCC)nc3c2n1|nitrate,1,1,acid_class=nitrate|acid_strength_bin=high|nitrate_activity=high|pH_bin=missing|diluent_family=nitroaromatic|modifier_class=none|temperature_bin=ambient|contact_time_bin=missing|shaking_time_bin=missing|phase_ratio_bin=missing,3.0,3.0,25.0,25.0,planned,fill_1x_nitrate,,,
e8a069653872,,57,La,3,CCc1ccc(N(CC)C(=O)c2ccc3ccc4ccc(C(=O)N(CC)c5ccc(CC)cc5)nc4c3n2)cc1,CCc1ccc(N(CC)C(=O)c2ccc3ccc4ccc(C(=O)N(CC)c5ccc(CC)cc5)nc4c3n2)cc1,"[10, 22, 34, 37]","[""O(amide_carbonyl)"", ""O(amide_carbonyl)"", ""N(aromatic)"", ""N(aromatic)""]",4,9,2,nitrate,nitrate,1,57|CCc1ccc(N(CC)C(=O)c2ccc3ccc4ccc(C(=O)N(CC)c5ccc(CC)cc5)nc4c3n2)cc1|nitrate,1,1,acid_class=nitrate|acid_strength_bin=high|nitrate_activity=high|pH_bin=missing|diluent_family=nitroaromatic|modifier_class=none|temperature_bin=ambient|contact_time_bin=missing|shaking_time_bin=missing|phase_ratio_bin=missing,3.0,3.0,25.0,25.0,planned,fill_1x_nitrate,,,
4ac6a95798cc,,63,Eu,3,CCc1ccc(N(CC)C(=O)c2ccc3ccc4ccc(C(=O)N(CC)c5ccc(CC)cc5)nc4c3n2)cc1,CCc1ccc(N(CC)C(=O)c2ccc3ccc4ccc(C(=O)N(CC)c5ccc(CC)cc5)nc4c3n2)cc1,"[10, 22, 34, 37]","[""O(amide_carbonyl)"", ""O(amide_carbonyl)"", ""N(aromatic)"", ""N(aromatic)""]",4,9,2,nitrate,nitrate,1,63|CCc1ccc(N(CC)C(=O)c2ccc3ccc4ccc(C(=O)N(CC)c5ccc(CC)cc5)nc4c3n2)cc1|nitrate,1,1,acid_class=nitrate|acid_strength_bin=high|nitrate_activity=high|pH_bin=missing|diluent_family=nitroaromatic|modifier_class=none|temperature_bin=ambient|contact_time_bin=missing|shaking_time_bin=missing|phase_ratio_bin=missing,3.0,3.0,25.0,25.0,planned,fill_1x_nitrate,,,
5ae791922b1e,,57,La,3,CCCCN(CCCC)C(=O)c1ccc2ccc3ccc(C(=O)N(CCCC)CCCC)nc3c2n1,CCCCN(CCCC)C(=O)c1ccc2ccc3ccc(C(=O)N(CCCC)CCCC)nc3c2n1,"[10, 22, 32, 35]","[""O(amide_carbonyl)"", ""O(amide_carbonyl)"", ""N(aromatic)"", ""N(aromatic)""]",4,9,2,nitrate,nitrate,1,57|CCCCN(CCCC)C(=O)c1ccc2ccc3ccc(C(=O)N(CCCC)CCCC)nc3c2n1|nitrate,1,1,acid_class=nitrate|acid_strength_bin=high|nitrate_activity=high|pH_bin=missing|diluent_family=nitroaromatic|modifier_class=none|temperature_bin=ambient|contact_time_bin=missing|shaking_time_bin=missing|phase_ratio_bin=missing,3.0,3.0,25.0,25.0,planned,fill_1x_nitrate,,,
43d4b72c1250,,65,Tb,3,CCc1ccc(N(CC)C(=O)c2ccc3ccc4ccc(C(=O)N(CC)c5ccc(CC)cc5)nc4c3n2)cc1,CCc1ccc(N(CC)C(=O)c2ccc3ccc4ccc(C(=O)N(CC)c5ccc(CC)cc5)nc4c3n2)cc1,"[10, 22, 34, 37]","[""O(amide_carbonyl)"", ""O(amide_carbonyl)"", ""N(aromatic)"", ""N(aromatic)""]",4,8,2,nitrate,nitrate,0,65|CCc1ccc(N(CC)C(=O)c2ccc3ccc4ccc(C(=O)N(CC)c5ccc(CC)cc5)nc4c3n2)cc1|nitrate,1,1,acid_class=nitrate|acid_strength_bin=high|nitrate_activity=high|pH_bin=missing|diluent_family=nitroaromatic|modifier_class=none|temperature_bin=ambient|contact_time_bin=missing|shaking_time_bin=missing|phase_ratio_bin=missing,3.0,3.0,25.0,25.0,planned,ok,,,
c9e789434032,,71,Lu,3,CCCCN(CCCC)C(=O)c1ccc2ccc3ccc(C(=O)N(CCCC)CCCC)nc3c2n1,CCCCN(CCCC)C(=O)c1ccc2ccc3ccc(C(=O)N(CCCC)CCCC)nc3c2n1,"[10, 22, 32, 35]","[""O(amide_carbonyl)"", ""O(amide_carbonyl)"", ""N(aromatic)"", ""N(aromatic)""]",4,8,2,nitrate,nitrate,0,71|CCCCN(CCCC)C(=O)c1ccc2ccc3ccc(C(=O)N(CCCC)CCCC)nc3c2n1|nitrate,1,1,acid_class=nitrate|acid_strength_bin=high|nitrate_activity=high|pH_bin=missing|diluent_family=nitroaromatic|modifier_class=none|temperature_bin=ambient|contact_time_bin=missing|shaking_time_bin=missing|phase_ratio_bin=missing,3.0,3.0,25.0,25.0,planned,ok,,,
c15b074e4d23,,70,Yb,3,CCCCN(CCCC)C(=O)c1ccc2ccc3ccc(C(=O)N(CCCC)CCCC)nc3c2n1,CCCCN(CCCC)C(=O)c1ccc2ccc3ccc(C(=O)N(CCCC)CCCC)nc3c2n1,"[10, 22, 32, 35]","[""O(amide_carbonyl)"", ""O(amide_carbonyl)"", ""N(aromatic)"", ""N(aromatic)""]",4,8,2,nitrate,nitrate,0,70|CCCCN(CCCC)C(=O)c1ccc2ccc3ccc(C(=O)N(CCCC)CCCC)nc3c2n1|nitrate,1,1,acid_class=nitrate|acid_strength_bin=high|nitrate_activity=high|pH_bin=missing|diluent_family=nitroaromatic|modifier_class=none|temperature_bin=ambient|contact_time_bin=missing|shaking_time_bin=missing|phase_ratio_bin=missing,3.0,3.0,25.0,25.0,planned,ok,,,
ce70558c9c09,,69,Tm,3,CCCCN(CCCC)C(=O)c1ccc2ccc3ccc(C(=O)N(CCCC)CCCC)nc3c2n1,CCCCN(CCCC)C(=O)c1ccc2ccc3ccc(C(=O)N(CCCC)CCCC)nc3c2n1,"[10, 22, 32, 35]","[""O(amide_carbonyl)"", ""O(amide_carbonyl)"", ""N(aromatic)"", ""N(aromatic)""]",4,8,2,nitrate,nitrate,0,69|CCCCN(CCCC)C(=O)c1ccc2ccc3ccc(C(=O)N(CCCC)CCCC)nc3c2n1|nitrate,1,1,acid_class=nitrate|acid_strength_bin=high|nitrate_activity=high|pH_bin=missing|diluent_family=nitroaromatic|modifier_class=none|temperature_bin=ambient|contact_time_bin=missing|shaking_time_bin=missing|phase_ratio_bin=missing,3.0,3.0,25.0,25.0,planned,ok,,,
5cb934b765ab,,68,Er,3,CCCCN(CCCC)C(=O)c1ccc2ccc3ccc(C(=O)N(CCCC)CCCC)nc3c2n1,CCCCN(CCCC)C(=O)c1ccc2ccc3ccc(C(=O)N(CCCC)CCCC)nc3c2n1,"[10, 22, 32, 35]","[""O(amide_carbonyl)"", ""O(amide_carbonyl)"", ""N(aromatic)"", ""N(aromatic)""]",4,8,2,nitrate,nitrate,0,68|CCCCN(CCCC)C(=O)c1ccc2ccc3ccc(C(=O)N(CCCC)CCCC)nc3c2n1|nitrate,1,1,acid_class=nitrate|acid_strength_bin=high|nitrate_activity=high|pH_bin=missing|diluent_family=nitroaromatic|modifier_class=none|temperature_bin=ambient|contact_time_bin=missing|shaking_time_bin=missing|phase_ratio_bin=missing,3.0,3.0,25.0,25.0,planned,ok,,,
b87046729578,,67,Ho,3,CCCCN(CCCC)C(=O)c1ccc2ccc3ccc(C(=O)N(CCCC)CCCC)nc3c2n1,CCCCN(CCCC)C(=O)c1ccc2ccc3ccc(C(=O)N(CCCC)CCCC)nc3c2n1,"[10, 22, 32, 35]","[""O(amide_carbonyl)"", ""O(amide_carbonyl)"", ""N(aromatic)"", ""N(aromatic)""]",4,8,2,nitrate,nitrate,0,67|CCCCN(CCCC)C(=O)c1ccc2ccc3ccc(C(=O)N(CCCC)CCCC)nc3c2n1|nitrate,1,1,acid_class=nitrate|acid_strength_bin=high|nitrate_activity=high|pH_bin=missing|diluent_family=nitroaromatic|modifier_class=none|temperature_bin=ambient|contact_time_bin=missing|shaking_time_bin=missing|phase_ratio_bin=missing,3.0,3.0,25.0,25.0,planned,ok,,,
71c5db64de9f,,66,Dy,3,CCCCN(CCCC)C(=O)c1ccc2ccc3ccc(C(=O)N(CCCC)CCCC)nc3c2n1,CCCCN(CCCC)C(=O)c1ccc2ccc3ccc(C(=O)N(CCCC)CCCC)nc3c2n1,"[10, 22, 32, 35]","[""O(amide_carbonyl)"", ""O(amide_carbonyl)"", ""N(aromatic)"", ""N(aromatic)""]",4,8,2,nitrate,nitrate,0,66|CCCCN(CCCC)C(=O)c1ccc2ccc3ccc(C(=O)N(CCCC)CCCC)nc3c2n1|nitrate,1,1,acid_class=nitrate|acid_strength_bin=high|nitrate_activity=high|pH_bin=missing|diluent_family=nitroaromatic|modifier_class=none|temperature_bin=ambient|contact_time_bin=missing|shaking_time_bin=missing|phase_ratio_bin=missing,3.0,3.0,25.0,25.0,planned,ok,,,
efcff4e23a7a,,64,Gd,3,CCc1ccc(N(CC)C(=O)c2ccc3ccc4ccc(C(=O)N(CC)c5ccc(CC)cc5)nc4c3n2)cc1,CCc1ccc(N(CC)C(=O)c2ccc3ccc4ccc(C(=O)N(CC)c5ccc(CC)cc5)nc4c3n2)cc1,"[10, 22, 34, 37]","[""O(amide_carbonyl)"", ""O(amide_carbonyl)"", ""N(aromatic)"", ""N(aromatic)""]",4,9,2,nitrate,nitrate,1,64|CCc1ccc(N(CC)C(=O)c2ccc3ccc4ccc(C(=O)N(CC)c5ccc(CC)cc5)nc4c3n2)cc1|nitrate,1,1,acid_class=nitrate|acid_strength_bin=high|nitrate_activity=high|pH_bin=missing|diluent_family=nitroaromatic|modifier_class=none|temperature_bin=ambient|contact_time_bin=missing|shaking_time_bin=missing|phase_ratio_bin=missing,3.0,3.0,25.0,25.0,planned,fill_1x_nitrate,,,
cc5ca9680814,,65,Tb,3,CCCCN(CCCC)C(=O)c1ccc2ccc3ccc(C(=O)N(CCCC)CCCC)nc3c2n1,CCCCN(CCCC)C(=O)c1ccc2ccc3ccc(C(=O)N(CCCC)CCCC)nc3c2n1,"[10, 22, 32, 35]","[""O(amide_carbonyl)"", ""O(amide_carbonyl)"", ""N(aromatic)"", ""N(aromatic)""]",4,8,2,nitrate,nitrate,0,65|CCCCN(CCCC)C(=O)c1ccc2ccc3ccc(C(=O)N(CCCC)CCCC)nc3c2n1|nitrate,1,1,acid_class=nitrate|acid_strength_bin=high|nitrate_activity=high|pH_bin=missing|diluent_family=nitroaromatic|modifier_class=none|temperature_bin=ambient|contact_time_bin=missing|shaking_time_bin=missing|phase_ratio_bin=missing,3.0,3.0,25.0,25.0,planned,ok,,,
770e7e252dd6,,63,Eu,3,CCCCN(CCCC)C(=O)c1ccc2ccc3ccc(C(=O)N(CCCC)CCCC)nc3c2n1,CCCCN(CCCC)C(=O)c1ccc2ccc3ccc(C(=O)N(CCCC)CCCC)nc3c2n1,"[10, 22, 32, 35]","[""O(amide_carbonyl)"", ""O(amide_carbonyl)"", ""N(aromatic)"", ""N(aromatic)""]",4,9,2,nitrate,nitrate,1,63|CCCCN(CCCC)C(=O)c1ccc2ccc3ccc(C(=O)N(CCCC)CCCC)nc3c2n1|nitrate,1,1,acid_class=nitrate|acid_strength_bin=high|nitrate_activity=high|pH_bin=missing|diluent_family=nitroaromatic|modifier_class=none|temperature_bin=ambient|contact_time_bin=missing|shaking_time_bin=missing|phase_ratio_bin=missing,3.0,3.0,25.0,25.0,planned,fill_1x_nitrate,,,
42a7261afaa8,,62,Sm,3,CCCCN(CCCC)C(=O)c1ccc2ccc3ccc(C(=O)N(CCCC)CCCC)nc3c2n1,CCCCN(CCCC)C(=O)c1ccc2ccc3ccc(C(=O)N(CCCC)CCCC)nc3c2n1,"[10, 22, 32, 35]","[""O(amide_carbonyl)"", ""O(amide_carbonyl)"", ""N(aromatic)"", ""N(aromatic)""]",4,9,2,nitrate,nitrate,1,62|CCCCN(CCCC)C(=O)c1ccc2ccc3ccc(C(=O)N(CCCC)CCCC)nc3c2n1|nitrate,1,1,acid_class=nitrate|acid_strength_bin=high|nitrate_activity=high|pH_bin=missing|diluent_family=nitroaromatic|modifier_class=none|temperature_bin=ambient|contact_time_bin=missing|shaking_time_bin=missing|phase_ratio_bin=missing,3.0,3.0,25.0,25.0,planned,fill_1x_nitrate,,,
753e733fcdc6,,60,Nd,3,CCCCN(CCCC)C(=O)c1ccc2ccc3ccc(C(=O)N(CCCC)CCCC)nc3c2n1,CCCCN(CCCC)C(=O)c1ccc2ccc3ccc(C(=O)N(CCCC)CCCC)nc3c2n1,"[10, 22, 32, 35]","[""O(amide_carbonyl)"", ""O(amide_carbonyl)"", ""N(aromatic)"", ""N(aromatic)""]",4,9,2,nitrate,nitrate,1,60|CCCCN(CCCC)C(=O)c1ccc2ccc3ccc(C(=O)N(CCCC)CCCC)nc3c2n1|nitrate,1,1,acid_class=nitrate|acid_strength_bin=high|nitrate_activity=high|pH_bin=missing|diluent_family=nitroaromatic|modifier_class=none|temperature_bin=ambient|contact_time_bin=missing|shaking_time_bin=missing|phase_ratio_bin=missing,3.0,3.0,25.0,25.0,planned,fill_1x_nitrate,,,
cd5c9451993e,,70,Yb,3,CCc1ccc(N(CC)C(=O)c2ccc3ccc4ccc(C(=O)N(CC)c5ccc(CC)cc5)nc4c3n2)cc1,CCc1ccc(N(CC)C(=O)c2ccc3ccc4ccc(C(=O)N(CC)c5ccc(CC)cc5)nc4c3n2)cc1,"[10, 22, 34, 37]","[""O(amide_carbonyl)"", ""O(amide_carbonyl)"", ""N(aromatic)"", ""N(aromatic)""]",4,8,2,nitrate,nitrate,0,70|CCc1ccc(N(CC)C(=O)c2ccc3ccc4ccc(C(=O)N(CC)c5ccc(CC)cc5)nc4c3n2)cc1|nitrate,1,1,acid_class=nitrate|acid_strength_bin=high|nitrate_activity=high|pH_bin=missing|diluent_family=nitroaromatic|modifier_class=none|temperature_bin=ambient|contact_time_bin=missing|shaking_time_bin=missing|phase_ratio_bin=missing,3.0,3.0,25.0,25.0,planned,ok,,,
62d86ee18db9,,69,Tm,3,CCc1ccc(N(CC)C(=O)c2ccc3ccc4ccc(C(=O)N(CC)c5ccc(CC)cc5)nc4c3n2)cc1,CCc1ccc(N(CC)C(=O)c2ccc3ccc4ccc(C(=O)N(CC)c5ccc(CC)cc5)nc4c3n2)cc1,"[10, 22, 34, 37]","[""O(amide_carbonyl)"", ""O(amide_carbonyl)"", ""N(aromatic)"", ""N(aromatic)""]",4,8,2,nitrate,nitrate,0,69|CCc1ccc(N(CC)C(=O)c2ccc3ccc4ccc(C(=O)N(CC)c5ccc(CC)cc5)nc4c3n2)cc1|nitrate,1,1,acid_class=nitrate|acid_strength_bin=high|nitrate_activity=high|pH_bin=missing|diluent_family=nitroaromatic|modifier_class=none|temperature_bin=ambient|contact_time_bin=missing|shaking_time_bin=missing|phase_ratio_bin=missing,3.0,3.0,25.0,25.0,planned,ok,,,
25e2506fda2c,,68,Er,3,CCc1ccc(N(CC)C(=O)c2ccc3ccc4ccc(C(=O)N(CC)c5ccc(CC)cc5)nc4c3n2)cc1,CCc1ccc(N(CC)C(=O)c2ccc3ccc4ccc(C(=O)N(CC)c5ccc(CC)cc5)nc4c3n2)cc1,"[10, 22, 34, 37]","[""O(amide_carbonyl)"", ""O(amide_carbonyl)"", ""N(aromatic)"", ""N(aromatic)""]",4,8,2,nitrate,nitrate,0,68|CCc1ccc(N(CC)C(=O)c2ccc3ccc4ccc(C(=O)N(CC)c5ccc(CC)cc5)nc4c3n2)cc1|nitrate,1,1,acid_class=nitrate|acid_strength_bin=high|nitrate_activity=high|pH_bin=missing|diluent_family=nitroaromatic|modifier_class=none|temperature_bin=ambient|contact_time_bin=missing|shaking_time_bin=missing|phase_ratio_bin=missing,3.0,3.0,25.0,25.0,planned,ok,,,
9a7c62d243a2,,66,Dy,3,CCc1ccc(N(CC)C(=O)c2ccc3ccc4ccc(C(=O)N(CC)c5ccc(CC)cc5)nc4c3n2)cc1,CCc1ccc(N(CC)C(=O)c2ccc3ccc4ccc(C(=O)N(CC)c5ccc(CC)cc5)nc4c3n2)cc1,"[10, 22, 34, 37]","[""O(amide_carbonyl)"", ""O(amide_carbonyl)"", ""N(aromatic)"", ""N(aromatic)""]",4,8,2,nitrate,nitrate,0,66|CCc1ccc(N(CC)C(=O)c2ccc3ccc4ccc(C(=O)N(CC)c5ccc(CC)cc5)nc4c3n2)cc1|nitrate,1,1,acid_class=nitrate|acid_strength_bin=high|nitrate_activity=high|pH_bin=missing|diluent_family=nitroaromatic|modifier_class=none|temperature_bin=ambient|contact_time_bin=missing|shaking_time_bin=missing|phase_ratio_bin=missing,3.0,3.0,25.0,25.0,planned,ok,,,
b1698120a579,,64,Gd,3,CCCCN(CCCC)C(=O)c1ccc2ccc3ccc(C(=O)N(CCCC)CCCC)nc3c2n1,CCCCN(CCCC)C(=O)c1ccc2ccc3ccc(C(=O)N(CCCC)CCCC)nc3c2n1,"[10, 22, 32, 35]","[""O(amide_carbonyl)"", ""O(amide_carbonyl)"", ""N(aromatic)"", ""N(aromatic)""]",4,9,2,nitrate,nitrate,1,64|CCCCN(CCCC)C(=O)c1ccc2ccc3ccc(C(=O)N(CCCC)CCCC)nc3c2n1|nitrate,1,1,acid_class=nitrate|acid_strength_bin=high|nitrate_activity=high|pH_bin=missing|diluent_family=nitroaromatic|modifier_class=none|temperature_bin=ambient|contact_time_bin=missing|shaking_time_bin=missing|phase_ratio_bin=missing,3.0,3.0,25.0,25.0,planned,fill_1x_nitrate,,,
960096c39e15,,59,Pr,3,CCCCN(CCCC)C(=O)c1ccc2ccc3ccc(C(=O)N(CCCC)CCCC)nc3c2n1,CCCCN(CCCC)C(=O)c1ccc2ccc3ccc(C(=O)N(CCCC)CCCC)nc3c2n1,"[10, 22, 32, 35]","[""O(amide_carbonyl)"", ""O(amide_carbonyl)"", ""N(aromatic)"", ""N(aromatic)""]",4,9,2,nitrate,nitrate,1,59|CCCCN(CCCC)C(=O)c1ccc2ccc3ccc(C(=O)N(CCCC)CCCC)nc3c2n1|nitrate,1,1,acid_class=nitrate|acid_strength_bin=high|nitrate_activity=high|pH_bin=missing|diluent_family=nitroaromatic|modifier_class=none|temperature_bin=ambient|contact_time_bin=missing|shaking_time_bin=missing|phase_ratio_bin=missing,3.0,3.0,25.0,25.0,planned,fill_1x_nitrate,,,
932ef4e2c665,,66,Dy,3,O=C(O)CN(CCO)CCN(CC(=O)O)CC(=O)O,O=C(O)CN(CCO)CCN(CC(=O)O)CC(=O)O,"[0, 2, 4, 7, 10, 13, 14, 17]","[""O(ester_carbonyl)"", ""O(hydroxyl)"", ""N(amine)"", ""O(hydroxyl)"", ""N(amine)"", ""O(ester_carbonyl)"", ""O(hydroxyl)"", ""O(ester_carbonyl)""]",8,8,1,nitrate,nitrate,0,66|O=C(O)CN(CCO)CCN(CC(=O)O)CC(=O)O|nitrate,1,1,acid_class=nitrate|acid_strength_bin=high|nitrate_activity=high|pH_bin=missing|diluent_family=aliphatic_hydrocarbon|modifier_class=none|temperature_bin=ambient|contact_time_bin=missing|shaking_time_bin=missing|phase_ratio_bin=missing,3.0,3.0,25.0,25.0,planned,fill_2x_nitrate,,,
08ad5b34d70c,,60,Nd,3,O=C(O)CN(CCO)CCN(CC(=O)O)CC(=O)O,O=C(O)CN(CCO)CCN(CC(=O)O)CC(=O)O,"[0, 2, 4, 7, 10, 13, 14, 17]","[""O(ester_carbonyl)"", ""O(hydroxyl)"", ""N(amine)"", ""O(hydroxyl)"", ""N(amine)"", ""O(ester_carbonyl)"", ""O(hydroxyl)"", ""O(ester_carbonyl)""]",8,9,1,nitrate,nitrate,1,60|O=C(O)CN(CCO)CCN(CC(=O)O)CC(=O)O|nitrate,1,1,acid_class=nitrate|acid_strength_bin=high|nitrate_activity=high|pH_bin=missing|diluent_family=aliphatic_hydrocarbon|modifier_class=none|temperature_bin=ambient|contact_time_bin=missing|shaking_time_bin=missing|phase_ratio_bin=missing,3.0,3.0,25.0,25.0,planned,fill_3x_nitrate,,,
98f86a1f1a95,,64,Gd,3,O=C(O)CN(CC(=O)O)C1CCCCC1N(CC(=O)O)CC(=O)O,O=C(O)CN(CC(=O)O)C1CCCCC1N(CC(=O)O)CC(=O)O,"[0, 2, 4, 7, 8, 15, 18, 19]","[""O(ester_carbonyl)"", ""O(hydroxyl)"", ""N(amine)"", ""O(ester_carbonyl)"", ""O(hydroxyl)"", ""N(amine)"", ""O(ester_carbonyl)"", ""O(hydroxyl)""]",8,9,1,nitrate,nitrate,1,64|O=C(O)CN(CC(=O)O)C1CCCCC1N(CC(=O)O)CC(=O)O|nitrate,1,1,acid_class=nitrate|acid_strength_bin=high|nitrate_activity=high|pH_bin=missing|diluent_family=aliphatic_hydrocarbon|modifier_class=none|temperature_bin=ambient|contact_time_bin=missing|shaking_time_bin=missing|phase_ratio_bin=missing,3.0,3.0,25.0,25.0,planned,fill_3x_nitrate,,,
5eb61b1dbb69,,66,Dy,3,O=C(O)CN(CC(=O)O)C1CCCCC1N(CC(=O)O)CC(=O)O,O=C(O)CN(CC(=O)O)C1CCCCC1N(CC(=O)O)CC(=O)O,"[0, 2, 4, 7, 8, 15, 18, 19]","[""O(ester_carbonyl)"", ""O(hydroxyl)"", ""N(amine)"", ""O(ester_carbonyl)"", ""O(hydroxyl)"", ""N(amine)"", ""O(ester_carbonyl)"", ""O(hydroxyl)""]",8,8,1,nitrate,nitrate,0,66|O=C(O)CN(CC(=O)O)C1CCCCC1N(CC(=O)O)CC(=O)O|nitrate,1,1,acid_class=nitrate|acid_strength_bin=high|nitrate_activity=high|pH_bin=missing|diluent_family=aliphatic_hydrocarbon|modifier_class=none|temperature_bin=ambient|contact_time_bin=missing|shaking_time_bin=missing|phase_ratio_bin=missing,3.0,3.0,25.0,25.0,planned,fill_2x_nitrate,,,
95358dc8e1c2,,63,Eu,3,O=C(O)CN(CC(=O)O)C1CCCCC1N(CC(=O)O)CC(=O)O,O=C(O)CN(CC(=O)O)C1CCCCC1N(CC(=O)O)CC(=O)O,"[0, 2, 4, 7, 8, 15, 18, 19]","[""O(ester_carbonyl)"", ""O(hydroxyl)"", ""N(amine)"", ""O(ester_carbonyl)"", ""O(hydroxyl)"", ""N(amine)"", ""O(ester_carbonyl)"", ""O(hydroxyl)""]",8,9,1,nitrate,nitrate,1,63|O=C(O)CN(CC(=O)O)C1CCCCC1N(CC(=O)O)CC(=O)O|nitrate,1,1,acid_class=nitrate|acid_strength_bin=high|nitrate_activity=high|pH_bin=missing|diluent_family=aliphatic_hydrocarbon|modifier_class=none|temperature_bin=ambient|contact_time_bin=missing|shaking_time_bin=missing|phase_ratio_bin=missing,3.0,3.0,25.0,25.0,planned,fill_3x_nitrate,,,
f495ab846c8b,,62,Sm,3,O=C(O)CN(CC(=O)O)C1CCCCC1N(CC(=O)O)CC(=O)O,O=C(O)CN(CC(=O)O)C1CCCCC1N(CC(=O)O)CC(=O)O,"[0, 2, 4, 7, 8, 15, 18, 19]","[""O(ester_carbonyl)"", ""O(hydroxyl)"", ""N(amine)"", ""O(ester_carbonyl)"", ""O(hydroxyl)"", ""N(amine)"", ""O(ester_carbonyl)"", ""O(hydroxyl)""]",8,9,1,nitrate,nitrate,1,62|O=C(O)CN(CC(=O)O)C1CCCCC1N(CC(=O)O)CC(=O)O|nitrate,1,1,acid_class=nitrate|acid_strength_bin=high|nitrate_activity=high|pH_bin=missing|diluent_family=aliphatic_hydrocarbon|modifier_class=none|temperature_bin=ambient|contact_time_bin=missing|shaking_time_bin=missing|phase_ratio_bin=missing,3.0,3.0,25.0,25.0,planned,fill_3x_nitrate,,,
ac16f7a06741,,60,Nd,3,O=C(O)CN(CC(=O)O)C1CCCCC1N(CC(=O)O)CC(=O)O,O=C(O)CN(CC(=O)O)C1CCCCC1N(CC(=O)O)CC(=O)O,"[0, 2, 4, 7, 8, 15, 18, 19]","[""O(ester_carbonyl)"", ""O(hydroxyl)"", ""N(amine)"", ""O(ester_carbonyl)"", ""O(hydroxyl)"", ""N(amine)"", ""O(ester_carbonyl)"", ""O(hydroxyl)""]",8,9,1,nitrate,nitrate,1,60|O=C(O)CN(CC(=O)O)C1CCCCC1N(CC(=O)O)CC(=O)O|nitrate,1,1,acid_class=nitrate|acid_strength_bin=high|nitrate_activity=high|pH_bin=missing|diluent_family=aliphatic_hydrocarbon|modifier_class=none|temperature_bin=ambient|contact_time_bin=missing|shaking_time_bin=missing|phase_ratio_bin=missing,3.0,3.0,25.0,25.0,planned,fill_3x_nitrate,,,
6774552a35e9,,58,Ce,3,O=C(O)CN(CC(=O)O)C1CCCCC1N(CC(=O)O)CC(=O)O,O=C(O)CN(CC(=O)O)C1CCCCC1N(CC(=O)O)CC(=O)O,"[0, 2, 4, 7, 8, 15, 18, 19]","[""O(ester_carbonyl)"", ""O(hydroxyl)"", ""N(amine)"", ""O(ester_carbonyl)"", ""O(hydroxyl)"", ""N(amine)"", ""O(ester_carbonyl)"", ""O(hydroxyl)""]",8,9,1,nitrate,nitrate,1,58|O=C(O)CN(CC(=O)O)C1CCCCC1N(CC(=O)O)CC(=O)O|nitrate,1,1,acid_class=nitrate|acid_strength_bin=high|nitrate_activity=high|pH_bin=missing|diluent_family=aliphatic_hydrocarbon|modifier_class=none|temperature_bin=ambient|contact_time_bin=missing|shaking_time_bin=missing|phase_ratio_bin=missing,3.0,3.0,25.0,25.0,planned,fill_3x_nitrate,,,
448f0760f6e6,,57,La,3,O=C(O)CN(CC(=O)O)C1CCCCC1N(CC(=O)O)CC(=O)O,O=C(O)CN(CC(=O)O)C1CCCCC1N(CC(=O)O)CC(=O)O,"[0, 2, 4, 7, 8, 15, 18, 19]","[""O(ester_carbonyl)"", ""O(hydroxyl)"", ""N(amine)"", ""O(ester_carbonyl)"", ""O(hydroxyl)"", ""N(amine)"", ""O(ester_carbonyl)"", ""O(hydroxyl)""]",8,9,1,nitrate,nitrate,1,57|O=C(O)CN(CC(=O)O)C1CCCCC1N(CC(=O)O)CC(=O)O|nitrate,1,1,acid_class=nitrate|acid_strength_bin=high|nitrate_activity=high|pH_bin=missing|diluent_family=aliphatic_hydrocarbon|modifier_class=none|temperature_bin=ambient|contact_time_bin=missing|shaking_time_bin=missing|phase_ratio_bin=missing,3.0,3.0,25.0,25.0,planned,fill_3x_nitrate,,,
1bd312352a39,,59,Pr,3,O=C(O)CN(CC(=O)O)C1CCCCC1N(CC(=O)O)CC(=O)O,O=C(O)CN(CC(=O)O)C1CCCCC1N(CC(=O)O)CC(=O)O,"[0, 2, 4, 7, 8, 15, 18, 19]","[""O(ester_carbonyl)"", ""O(hydroxyl)"", ""N(amine)"", ""O(ester_carbonyl)"", ""O(hydroxyl)"", ""N(amine)"", ""O(ester_carbonyl)"", ""O(hydroxyl)""]",8,9,1,nitrate,nitrate,1,59|O=C(O)CN(CC(=O)O)C1CCCCC1N(CC(=O)O)CC(=O)O|nitrate,1,1,acid_class=nitrate|acid_strength_bin=high|nitrate_activity=high|pH_bin=missing|diluent_family=aliphatic_hydrocarbon|modifier_class=none|temperature_bin=ambient|contact_time_bin=missing|shaking_time_bin=missing|phase_ratio_bin=missing,3.0,3.0,25.0,25.0,planned,fill_3x_nitrate,,,
28e521f57d3b,,63,Eu,3,O=C(O)CN(CCO)CCN(CC(=O)O)CC(=O)O,O=C(O)CN(CCO)CCN(CC(=O)O)CC(=O)O,"[0, 2, 4, 7, 10, 13, 14, 17]","[""O(ester_carbonyl)"", ""O(hydroxyl)"", ""N(amine)"", ""O(hydroxyl)"", ""N(amine)"", ""O(ester_carbonyl)"", ""O(hydroxyl)"", ""O(ester_carbonyl)""]",8,9,1,nitrate,nitrate,1,63|O=C(O)CN(CCO)CCN(CC(=O)O)CC(=O)O|nitrate,1,1,acid_class=nitrate|acid_strength_bin=high|nitrate_activity=high|pH_bin=missing|diluent_family=aliphatic_hydrocarbon|modifier_class=none|temperature_bin=ambient|contact_time_bin=missing|shaking_time_bin=missing|phase_ratio_bin=missing,3.0,3.0,25.0,25.0,planned,fill_3x_nitrate,,,
b236b6f60311,,62,Sm,3,O=C(O)CN(CCO)CCN(CC(=O)O)CC(=O)O,O=C(O)CN(CCO)CCN(CC(=O)O)CC(=O)O,"[0, 2, 4, 7, 10, 13, 14, 17]","[""O(ester_carbonyl)"", ""O(hydroxyl)"", ""N(amine)"", ""O(hydroxyl)"", ""N(amine)"", ""O(ester_carbonyl)"", ""O(hydroxyl)"", ""O(ester_carbonyl)""]",8,9,1,nitrate,nitrate,1,62|O=C(O)CN(CCO)CCN(CC(=O)O)CC(=O)O|nitrate,1,1,acid_class=nitrate|acid_strength_bin=high|nitrate_activity=high|pH_bin=missing|diluent_family=aliphatic_hydrocarbon|modifier_class=none|temperature_bin=ambient|contact_time_bin=missing|shaking_time_bin=missing|phase_ratio_bin=missing,3.0,3.0,25.0,25.0,planned,fill_3x_nitrate,,,
ee16c94c1ba9,,59,Pr,3,O=C(O)CN(CCO)CCN(CC(=O)O)CC(=O)O,O=C(O)CN(CCO)CCN(CC(=O)O)CC(=O)O,"[0, 2, 4, 7, 10, 13, 14, 17]","[""O(ester_carbonyl)"", ""O(hydroxyl)"", ""N(amine)"", ""O(hydroxyl)"", ""N(amine)"", ""O(ester_carbonyl)"", ""O(hydroxyl)"", ""O(ester_carbonyl)""]",8,9,1,nitrate,nitrate,1,59|O=C(O)CN(CCO)CCN(CC(=O)O)CC(=O)O|nitrate,1,1,acid_class=nitrate|acid_strength_bin=high|nitrate_activity=high|pH_bin=missing|diluent_family=aliphatic_hydrocarbon|modifier_class=none|temperature_bin=ambient|contact_time_bin=missing|shaking_time_bin=missing|phase_ratio_bin=missing,3.0,3.0,25.0,25.0,planned,fill_3x_nitrate,,,
1deb3f946bab,,58,Ce,3,O=C(O)CN(CCO)CCN(CC(=O)O)CC(=O)O,O=C(O)CN(CCO)CCN(CC(=O)O)CC(=O)O,"[0, 2, 4, 7, 10, 13, 14, 17]","[""O(ester_carbonyl)"", ""O(hydroxyl)"", ""N(amine)"", ""O(hydroxyl)"", ""N(amine)"", ""O(ester_carbonyl)"", ""O(hydroxyl)"", ""O(ester_carbonyl)""]",8,9,1,nitrate,nitrate,1,58|O=C(O)CN(CCO)CCN(CC(=O)O)CC(=O)O|nitrate,1,1,acid_class=nitrate|acid_strength_bin=high|nitrate_activity=high|pH_bin=missing|diluent_family=aliphatic_hydrocarbon|modifier_class=none|temperature_bin=ambient|contact_time_bin=missing|shaking_time_bin=missing|phase_ratio_bin=missing,3.0,3.0,25.0,25.0,planned,fill_3x_nitrate,,,
d4d6b8c18118,,57,La,3,O=C(O)CN(CCO)CCN(CC(=O)O)CC(=O)O,O=C(O)CN(CCO)CCN(CC(=O)O)CC(=O)O,"[0, 2, 4, 7, 10, 13, 14, 17]","[""O(ester_carbonyl)"", ""O(hydroxyl)"", ""N(amine)"", ""O(hydroxyl)"", ""N(amine)"", ""O(ester_carbonyl)"", ""O(hydroxyl)"", ""O(ester_carbonyl)""]",8,9,1,nitrate,nitrate,1,57|O=C(O)CN(CCO)CCN(CC(=O)O)CC(=O)O|nitrate,1,1,acid_class=nitrate|acid_strength_bin=high|nitrate_activity=high|pH_bin=missing|diluent_family=aliphatic_hydrocarbon|modifier_class=none|temperature_bin=ambient|contact_time_bin=missing|shaking_time_bin=missing|phase_ratio_bin=missing,3.0,3.0,25.0,25.0,planned,fill_3x_nitrate,,,
797b56c554e7,,64,Gd,3,O=C(O)CN(CCO)CCN(CC(=O)O)CC(=O)O,O=C(O)CN(CCO)CCN(CC(=O)O)CC(=O)O,"[0, 2, 4, 7, 10, 13, 14, 17]","[""O(ester_carbonyl)"", ""O(hydroxyl)"", ""N(amine)"", ""O(hydroxyl)"", ""N(amine)"", ""O(ester_carbonyl)"", ""O(hydroxyl)"", ""O(ester_carbonyl)""]",8,9,1,nitrate,nitrate,1,64|O=C(O)CN(CCO)CCN(CC(=O)O)CC(=O)O|nitrate,1,1,acid_class=nitrate|acid_strength_bin=high|nitrate_activity=high|pH_bin=missing|diluent_family=aliphatic_hydrocarbon|modifier_class=none|temperature_bin=ambient|contact_time_bin=missing|shaking_time_bin=missing|phase_ratio_bin=missing,3.0,3.0,25.0,25.0,planned,fill_3x_nitrate,,,
ba3d00daee31,,69,Tm,3,CCN(C(=O)c1cccc(C(=O)N(CC)c2ccc(C)cc2)n1)c1ccc(C)cc1,CCN(C(=O)c1cccc(C(=O)N(CC)c2ccc(C)cc2)n1)c1ccc(C)cc1,"[4, 11, 22]","[""O(amide_carbonyl)"", ""O(amide_carbonyl)"", ""N(aromatic)""]",3,8,2,nitrate,nitrate,2,69|CCN(C(=O)c1cccc(C(=O)N(CC)c2ccc(C)cc2)n1)c1ccc(C)cc1|nitrate,1,1,acid_class=nitrate|acid_strength_bin=high|nitrate_activity=high|pH_bin=missing|diluent_family=other|modifier_class=none|temperature_bin=ambient|contact_time_bin=missing|shaking_time_bin=missing|phase_ratio_bin=missing,2.0,2.0,25.0,25.0,planned,fill_2x_nitrate,,,
20e7fddc1791,,64,Gd,3,CCN(C(=O)c1cccc(C(=O)N(CC)c2ccc(C)cc2)n1)c1ccc(C)cc1,CCN(C(=O)c1cccc(C(=O)N(CC)c2ccc(C)cc2)n1)c1ccc(C)cc1,"[4, 11, 22]","[""O(amide_carbonyl)"", ""O(amide_carbonyl)"", ""N(aromatic)""]",3,9,3,nitrate,nitrate,0,64|CCN(C(=O)c1cccc(C(=O)N(CC)c2ccc(C)cc2)n1)c1ccc(C)cc1|nitrate,1,1,acid_class=nitrate|acid_strength_bin=high|nitrate_activity=high|pH_bin=missing|diluent_family=other|modifier_class=none|temperature_bin=ambient|contact_time_bin=missing|shaking_time_bin=missing|phase_ratio_bin=missing,2.0,2.0,25.0,25.0,planned,ok,,,
e4d73cf0cbd7,,65,Tb,3,CCN(C(=O)c1cccc(C(=O)N(CC)c2ccc(C)cc2)n1)c1ccc(C)cc1,CCN(C(=O)c1cccc(C(=O)N(CC)c2ccc(C)cc2)n1)c1ccc(C)cc1,"[4, 11, 22]","[""O(amide_carbonyl)"", ""O(amide_carbonyl)"", ""N(aromatic)""]",3,8,2,nitrate,nitrate,2,65|CCN(C(=O)c1cccc(C(=O)N(CC)c2ccc(C)cc2)n1)c1ccc(C)cc1|nitrate,1,1,acid_class=nitrate|acid_strength_bin=high|nitrate_activity=high|pH_bin=missing|diluent_family=other|modifier_class=none|temperature_bin=ambient|contact_time_bin=missing|shaking_time_bin=missing|phase_ratio_bin=missing,2.0,2.0,25.0,25.0,planned,fill_2x_nitrate,,,
792e27489bd0,,67,Ho,3,CCN(C(=O)c1cccc(C(=O)N(CC)c2ccc(C)cc2)n1)c1ccc(C)cc1,CCN(C(=O)c1cccc(C(=O)N(CC)c2ccc(C)cc2)n1)c1ccc(C)cc1,"[4, 11, 22]","[""O(amide_carbonyl)"", ""O(amide_carbonyl)"", ""N(aromatic)""]",3,8,2,nitrate,nitrate,2,67|CCN(C(=O)c1cccc(C(=O)N(CC)c2ccc(C)cc2)n1)c1ccc(C)cc1|nitrate,1,1,acid_class=nitrate|acid_strength_bin=high|nitrate_activity=high|pH_bin=missing|diluent_family=other|modifier_class=none|temperature_bin=ambient|contact_time_bin=missing|shaking_time_bin=missing|phase_ratio_bin=missing,2.0,2.0,25.0,25.0,planned,fill_2x_nitrate,,,
7c8f4755d2ca,,68,Er,3,CCN(C(=O)c1cccc(C(=O)N(CC)c2ccc(C)cc2)n1)c1ccc(C)cc1,CCN(C(=O)c1cccc(C(=O)N(CC)c2ccc(C)cc2)n1)c1ccc(C)cc1,"[4, 11, 22]","[""O(amide_carbonyl)"", ""O(amide_carbonyl)"", ""N(aromatic)""]",3,8,2,nitrate,nitrate,2,68|CCN(C(=O)c1cccc(C(=O)N(CC)c2ccc(C)cc2)n1)c1ccc(C)cc1|nitrate,1,1,acid_class=nitrate|acid_strength_bin=high|nitrate_activity=high|pH_bin=missing|diluent_family=other|modifier_class=none|temperature_bin=ambient|contact_time_bin=missing|shaking_time_bin=missing|phase_ratio_bin=missing,2.0,2.0,25.0,25.0,planned,fill_2x_nitrate,,,
099e39a31842,,70,Yb,3,CCN(C(=O)c1cccc(C(=O)N(CC)c2ccc(C)cc2)n1)c1ccc(C)cc1,CCN(C(=O)c1cccc(C(=O)N(CC)c2ccc(C)cc2)n1)c1ccc(C)cc1,"[4, 11, 22]","[""O(amide_carbonyl)"", ""O(amide_carbonyl)"", ""N(aromatic)""]",3,8,2,nitrate,nitrate,2,70|CCN(C(=O)c1cccc(C(=O)N(CC)c2ccc(C)cc2)n1)c1ccc(C)cc1|nitrate,1,1,acid_class=nitrate|acid_strength_bin=high|nitrate_activity=high|pH_bin=missing|diluent_family=other|modifier_class=none|temperature_bin=ambient|contact_time_bin=missing|shaking_time_bin=missing|phase_ratio_bin=missing,2.0,2.0,25.0,25.0,planned,fill_2x_nitrate,,,
e9e816218db5,,66,Dy,3,CCN(C(=O)c1cccc(C(=O)N(CC)c2ccccc2C)n1)c1ccccc1C,CCN(C(=O)c1cccc(C(=O)N(CC)c2ccccc2C)n1)c1ccccc1C,"[4, 11, 22]","[""O(amide_carbonyl)"", ""O(amide_carbonyl)"", ""N(aromatic)""]",3,8,2,nitrate,nitrate,2,66|CCN(C(=O)c1cccc(C(=O)N(CC)c2ccccc2C)n1)c1ccccc1C|nitrate,1,1,acid_class=nitrate|acid_strength_bin=high|nitrate_activity=high|pH_bin=missing|diluent_family=other|modifier_class=none|temperature_bin=ambient|contact_time_bin=missing|shaking_time_bin=missing|phase_ratio_bin=missing,2.0,2.0,25.0,25.0,planned,fill_2x_nitrate,,,
04a989df1e78,,57,La,3,CCN(C(=O)c1cccc(C(=O)N(CC)c2ccccc2C)n1)c1ccccc1C,CCN(C(=O)c1cccc(C(=O)N(CC)c2ccccc2C)n1)c1ccccc1C,"[4, 11, 22]","[""O(amide_carbonyl)"", ""O(amide_carbonyl)"", ""N(aromatic)""]",3,9,3,nitrate,nitrate,0,57|CCN(C(=O)c1cccc(C(=O)N(CC)c2ccccc2C)n1)c1ccccc1C|nitrate,1,1,acid_class=nitrate|acid_strength_bin=high|nitrate_activity=high|pH_bin=missing|diluent_family=other|modifier_class=none|temperature_bin=ambient|contact_time_bin=missing|shaking_time_bin=missing|phase_ratio_bin=missing,2.0,2.0,25.0,25.0,planned,ok,,,
287451bfb5da,,59,Pr,3,CCN(C(=O)c1cccc(C(=O)N(CC)c2ccccc2C)n1)c1ccccc1C,CCN(C(=O)c1cccc(C(=O)N(CC)c2ccccc2C)n1)c1ccccc1C,"[4, 11, 22]","[""O(amide_carbonyl)"", ""O(amide_carbonyl)"", ""N(aromatic)""]",3,9,3,nitrate,nitrate,0,59|CCN(C(=O)c1cccc(C(=O)N(CC)c2ccccc2C)n1)c1ccccc1C|nitrate,1,1,acid_class=nitrate|acid_strength_bin=high|nitrate_activity=high|pH_bin=missing|diluent_family=other|modifier_class=none|temperature_bin=ambient|contact_time_bin=missing|shaking_time_bin=missing|phase_ratio_bin=missing,2.0,2.0,25.0,25.0,planned,ok,,,
4ee87201c25b,,60,Nd,3,CCN(C(=O)c1cccc(C(=O)N(CC)c2ccccc2C)n1)c1ccccc1C,CCN(C(=O)c1cccc(C(=O)N(CC)c2ccccc2C)n1)c1ccccc1C,"[4, 11, 22]","[""O(amide_carbonyl)"", ""O(amide_carbonyl)"", ""N(aromatic)""]",3,9,3,nitrate,nitrate,0,60|CCN(C(=O)c1cccc(C(=O)N(CC)c2ccccc2C)n1)c1ccccc1C|nitrate,1,1,acid_class=nitrate|acid_strength_bin=high|nitrate_activity=high|pH_bin=missing|diluent_family=other|modifier_class=none|temperature_bin=ambient|contact_time_bin=missing|shaking_time_bin=missing|phase_ratio_bin=missing,2.0,2.0,25.0,25.0,planned,ok,,,
9c969388a823,,63,Eu,3,CCN(C(=O)c1cccc(C(=O)N(CC)c2ccccc2C)n1)c1ccccc1C,CCN(C(=O)c1cccc(C(=O)N(CC)c2ccccc2C)n1)c1ccccc1C,"[4, 11, 22]","[""O(amide_carbonyl)"", ""O(amide_carbonyl)"", ""N(aromatic)""]",3,9,3,nitrate,nitrate,0,63|CCN(C(=O)c1cccc(C(=O)N(CC)c2ccccc2C)n1)c1ccccc1C|nitrate,1,1,acid_class=nitrate|acid_strength_bin=high|nitrate_activity=high|pH_bin=missing|diluent_family=other|modifier_class=none|temperature_bin=ambient|contact_time_bin=missing|shaking_time_bin=missing|phase_ratio_bin=missing,2.0,2.0,25.0,25.0,planned,ok,,,
f31ab54d2cd7,,63,Eu,3,CCN(C(=O)c1cccc(C(=O)N(CC)c2ccc(C)cc2)n1)c1ccc(C)cc1,CCN(C(=O)c1cccc(C(=O)N(CC)c2ccc(C)cc2)n1)c1ccc(C)cc1,"[4, 11, 22]","[""O(amide_carbonyl)"", ""O(amide_carbonyl)"", ""N(aromatic)""]",3,9,3,nitrate,nitrate,0,63|CCN(C(=O)c1cccc(C(=O)N(CC)c2ccc(C)cc2)n1)c1ccc(C)cc1|nitrate,1,1,acid_class=nitrate|acid_strength_bin=high|nitrate_activity=high|pH_bin=missing|diluent_family=other|modifier_class=none|temperature_bin=ambient|contact_time_bin=missing|shaking_time_bin=missing|phase_ratio_bin=missing,2.0,2.0,25.0,25.0,planned,ok,,,
7810eaa2122a,,71,Lu,3,CCN(C(=O)c1cccc(C(=O)N(CC)c2ccc(C)cc2)n1)c1ccc(C)cc1,CCN(C(=O)c1cccc(C(=O)N(CC)c2ccc(C)cc2)n1)c1ccc(C)cc1,"[4, 11, 22]","[""O(amide_carbonyl)"", ""O(amide_carbonyl)"", ""N(aromatic)""]",3,8,2,nitrate,nitrate,2,71|CCN(C(=O)c1cccc(C(=O)N(CC)c2ccc(C)cc2)n1)c1ccc(C)cc1|nitrate,1,1,acid_class=nitrate|acid_strength_bin=high|nitrate_activity=high|pH_bin=missing|diluent_family=other|modifier_class=none|temperature_bin=ambient|contact_time_bin=missing|shaking_time_bin=missing|phase_ratio_bin=missing,2.0,2.0,25.0,25.0,planned,fill_2x_nitrate,,,
a738655fc126,,62,Sm,3,CCN(C(=O)c1cccc(C(=O)N(CC)c2ccc(C)cc2)n1)c1ccc(C)cc1,CCN(C(=O)c1cccc(C(=O)N(CC)c2ccc(C)cc2)n1)c1ccc(C)cc1,"[4, 11, 22]","[""O(amide_carbonyl)"", ""O(amide_carbonyl)"", ""N(aromatic)""]",3,9,3,nitrate,nitrate,0,62|CCN(C(=O)c1cccc(C(=O)N(CC)c2ccc(C)cc2)n1)c1ccc(C)cc1|nitrate,1,1,acid_class=nitrate|acid_strength_bin=high|nitrate_activity=high|pH_bin=missing|diluent_family=other|modifier_class=none|temperature_bin=ambient|contact_time_bin=missing|shaking_time_bin=missing|phase_ratio_bin=missing,2.0,2.0,25.0,25.0,planned,ok,,,
63d3dfc8ecc7,,66,Dy,3,CCN(C(=O)c1cccc(C(=O)N(CC)c2cccc(C)c2)n1)c1cccc(C)c1,CCN(C(=O)c1cccc(C(=O)N(CC)c2cccc(C)c2)n1)c1cccc(C)c1,"[4, 11, 22]","[""O(amide_carbonyl)"", ""O(amide_carbonyl)"", ""N(aromatic)""]",3,8,2,nitrate,nitrate,2,66|CCN(C(=O)c1cccc(C(=O)N(CC)c2cccc(C)c2)n1)c1cccc(C)c1|nitrate,1,1,acid_class=nitrate|acid_strength_bin=high|nitrate_activity=high|pH_bin=missing|diluent_family=other|modifier_class=none|temperature_bin=ambient|contact_time_bin=missing|shaking_time_bin=missing|phase_ratio_bin=missing,2.0,2.0,25.0,25.0,planned,fill_2x_nitrate,,,
ff03ca9ee573,,59,Pr,3,CCN(C(=O)c1cccc(C(=O)N(CC)c2ccc(C)cc2)n1)c1ccc(C)cc1,CCN(C(=O)c1cccc(C(=O)N(CC)c2ccc(C)cc2)n1)c1ccc(C)cc1,"[4, 11, 22]","[""O(amide_carbonyl)"", ""O(amide_carbonyl)"", ""N(aromatic)""]",3,9,3,nitrate,nitrate,0,59|CCN(C(=O)c1cccc(C(=O)N(CC)c2ccc(C)cc2)n1)c1ccc(C)cc1|nitrate,1,1,acid_class=nitrate|acid_strength_bin=high|nitrate_activity=high|pH_bin=missing|diluent_family=other|modifier_class=none|temperature_bin=ambient|contact_time_bin=missing|shaking_time_bin=missing|phase_ratio_bin=missing,2.0,2.0,25.0,25.0,planned,ok,,,
c389650f6ed2,,58,Ce,3,CCN(C(=O)c1cccc(C(=O)N(CC)c2ccc(C)cc2)n1)c1ccc(C)cc1,CCN(C(=O)c1cccc(C(=O)N(CC)c2ccc(C)cc2)n1)c1ccc(C)cc1,"[4, 11, 22]","[""O(amide_carbonyl)"", ""O(amide_carbonyl)"", ""N(aromatic)""]",3,9,3,nitrate,nitrate,0,58|CCN(C(=O)c1cccc(C(=O)N(CC)c2ccc(C)cc2)n1)c1ccc(C)cc1|nitrate,1,1,acid_class=nitrate|acid_strength_bin=high|nitrate_activity=high|pH_bin=missing|diluent_family=other|modifier_class=none|temperature_bin=ambient|contact_time_bin=missing|shaking_time_bin=missing|phase_ratio_bin=missing,2.0,2.0,25.0,25.0,planned,ok,,,
245aab76c27a,,57,La,3,CCN(C(=O)c1cccc(C(=O)N(CC)c2ccc(C)cc2)n1)c1ccc(C)cc1,CCN(C(=O)c1cccc(C(=O)N(CC)c2ccc(C)cc2)n1)c1ccc(C)cc1,"[4, 11, 22]","[""O(amide_carbonyl)"", ""O(amide_carbonyl)"", ""N(aromatic)""]",3,9,3,nitrate,nitrate,0,57|CCN(C(=O)c1cccc(C(=O)N(CC)c2ccc(C)cc2)n1)c1ccc(C)cc1|nitrate,1,1,acid_class=nitrate|acid_strength_bin=high|nitrate_activity=high|pH_bin=missing|diluent_family=other|modifier_class=none|temperature_bin=ambient|contact_time_bin=missing|shaking_time_bin=missing|phase_ratio_bin=missing,2.0,2.0,25.0,25.0,planned,ok,,,
39a5b5aa21a0,,71,Lu,3,CCN(C(=O)c1cccc(C(=O)N(CC)c2cccc(C)c2)n1)c1cccc(C)c1,CCN(C(=O)c1cccc(C(=O)N(CC)c2cccc(C)c2)n1)c1cccc(C)c1,"[4, 11, 22]","[""O(amide_carbonyl)"", ""O(amide_carbonyl)"", ""N(aromatic)""]",3,8,2,nitrate,nitrate,2,71|CCN(C(=O)c1cccc(C(=O)N(CC)c2cccc(C)c2)n1)c1cccc(C)c1|nitrate,1,1,acid_class=nitrate|acid_strength_bin=high|nitrate_activity=high|pH_bin=missing|diluent_family=other|modifier_class=none|temperature_bin=ambient|contact_time_bin=missing|shaking_time_bin=missing|phase_ratio_bin=missing,2.0,2.0,25.0,25.0,planned,fill_2x_nitrate,,,
478865a57681,,69,Tm,3,CCN(C(=O)c1cccc(C(=O)N(CC)c2cccc(C)c2)n1)c1cccc(C)c1,CCN(C(=O)c1cccc(C(=O)N(CC)c2cccc(C)c2)n1)c1cccc(C)c1,"[4, 11, 22]","[""O(amide_carbonyl)"", ""O(amide_carbonyl)"", ""N(aromatic)""]",3,8,2,nitrate,nitrate,2,69|CCN(C(=O)c1cccc(C(=O)N(CC)c2cccc(C)c2)n1)c1cccc(C)c1|nitrate,1,1,acid_class=nitrate|acid_strength_bin=high|nitrate_activity=high|pH_bin=missing|diluent_family=other|modifier_class=none|temperature_bin=ambient|contact_time_bin=missing|shaking_time_bin=missing|phase_ratio_bin=missing,2.0,2.0,25.0,25.0,planned,fill_2x_nitrate,,,
af6762e04ade,,68,Er,3,CCN(C(=O)c1cccc(C(=O)N(CC)c2cccc(C)c2)n1)c1cccc(C)c1,CCN(C(=O)c1cccc(C(=O)N(CC)c2cccc(C)c2)n1)c1cccc(C)c1,"[4, 11, 22]","[""O(amide_carbonyl)"", ""O(amide_carbonyl)"", ""N(aromatic)""]",3,8,2,nitrate,nitrate,2,68|CCN(C(=O)c1cccc(C(=O)N(CC)c2cccc(C)c2)n1)c1cccc(C)c1|nitrate,1,1,acid_class=nitrate|acid_strength_bin=high|nitrate_activity=high|pH_bin=missing|diluent_family=other|modifier_class=none|temperature_bin=ambient|contact_time_bin=missing|shaking_time_bin=missing|phase_ratio_bin=missing,2.0,2.0,25.0,25.0,planned,fill_2x_nitrate,,,
ea4d5ab02e38,,64,Gd,3,CCN(C(=O)c1cccc(C(=O)N(CC)c2ccccc2C)n1)c1ccccc1C,CCN(C(=O)c1cccc(C(=O)N(CC)c2ccccc2C)n1)c1ccccc1C,"[4, 11, 22]","[""O(amide_carbonyl)"", ""O(amide_carbonyl)"", ""N(aromatic)""]",3,9,3,nitrate,nitrate,0,64|CCN(C(=O)c1cccc(C(=O)N(CC)c2ccccc2C)n1)c1ccccc1C|nitrate,1,1,acid_class=nitrate|acid_strength_bin=high|nitrate_activity=high|pH_bin=missing|diluent_family=other|modifier_class=none|temperature_bin=ambient|contact_time_bin=missing|shaking_time_bin=missing|phase_ratio_bin=missing,2.0,2.0,25.0,25.0,planned,ok,,,
b57df295ed81,,65,Tb,3,CCN(C(=O)c1cccc(C(=O)N(CC)c2cccc(C)c2)n1)c1cccc(C)c1,CCN(C(=O)c1cccc(C(=O)N(CC)c2cccc(C)c2)n1)c1cccc(C)c1,"[4, 11, 22]","[""O(amide_carbonyl)"", ""O(amide_carbonyl)"", ""N(aromatic)""]",3,8,2,nitrate,nitrate,2,65|CCN(C(=O)c1cccc(C(=O)N(CC)c2cccc(C)c2)n1)c1cccc(C)c1|nitrate,1,1,acid_class=nitrate|acid_strength_bin=high|nitrate_activity=high|pH_bin=missing|diluent_family=other|modifier_class=none|temperature_bin=ambient|contact_time_bin=missing|shaking_time_bin=missing|phase_ratio_bin=missing,2.0,2.0,25.0,25.0,planned,fill_2x_nitrate,,,
94c7d618f2c0,,64,Gd,3,CCN(C(=O)c1cccc(C(=O)N(CC)c2cccc(C)c2)n1)c1cccc(C)c1,CCN(C(=O)c1cccc(C(=O)N(CC)c2cccc(C)c2)n1)c1cccc(C)c1,"[4, 11, 22]","[""O(amide_carbonyl)"", ""O(amide_carbonyl)"", ""N(aromatic)""]",3,9,3,nitrate,nitrate,0,64|CCN(C(=O)c1cccc(C(=O)N(CC)c2cccc(C)c2)n1)c1cccc(C)c1|nitrate,1,1,acid_class=nitrate|acid_strength_bin=high|nitrate_activity=high|pH_bin=missing|diluent_family=other|modifier_class=none|temperature_bin=ambient|contact_time_bin=missing|shaking_time_bin=missing|phase_ratio_bin=missing,2.0,2.0,25.0,25.0,planned,ok,,,
311e29964626,,60,Nd,3,CCN(C(=O)c1cccc(C(=O)N(CC)c2cccc(C)c2)n1)c1cccc(C)c1,CCN(C(=O)c1cccc(C(=O)N(CC)c2cccc(C)c2)n1)c1cccc(C)c1,"[4, 11, 22]","[""O(amide_carbonyl)"", ""O(amide_carbonyl)"", ""N(aromatic)""]",3,9,3,nitrate,nitrate,0,60|CCN(C(=O)c1cccc(C(=O)N(CC)c2cccc(C)c2)n1)c1cccc(C)c1|nitrate,1,1,acid_class=nitrate|acid_strength_bin=high|nitrate_activity=high|pH_bin=missing|diluent_family=other|modifier_class=none|temperature_bin=ambient|contact_time_bin=missing|shaking_time_bin=missing|phase_ratio_bin=missing,2.0,2.0,25.0,25.0,planned,ok,,,
45780af8ed77,,59,Pr,3,CCN(C(=O)c1cccc(C(=O)N(CC)c2cccc(C)c2)n1)c1cccc(C)c1,CCN(C(=O)c1cccc(C(=O)N(CC)c2cccc(C)c2)n1)c1cccc(C)c1,"[4, 11, 22]","[""O(amide_carbonyl)"", ""O(amide_carbonyl)"", ""N(aromatic)""]",3,9,3,nitrate,nitrate,0,59|CCN(C(=O)c1cccc(C(=O)N(CC)c2cccc(C)c2)n1)c1cccc(C)c1|nitrate,1,1,acid_class=nitrate|acid_strength_bin=high|nitrate_activity=high|pH_bin=missing|diluent_family=other|modifier_class=none|temperature_bin=ambient|contact_time_bin=missing|shaking_time_bin=missing|phase_ratio_bin=missing,2.0,2.0,25.0,25.0,planned,ok,,,
3fdaf88840c9,,58,Ce,3,CCN(C(=O)c1cccc(C(=O)N(CC)c2cccc(C)c2)n1)c1cccc(C)c1,CCN(C(=O)c1cccc(C(=O)N(CC)c2cccc(C)c2)n1)c1cccc(C)c1,"[4, 11, 22]","[""O(amide_carbonyl)"", ""O(amide_carbonyl)"", ""N(aromatic)""]",3,9,3,nitrate,nitrate,0,58|CCN(C(=O)c1cccc(C(=O)N(CC)c2cccc(C)c2)n1)c1cccc(C)c1|nitrate,1,1,acid_class=nitrate|acid_strength_bin=high|nitrate_activity=high|pH_bin=missing|diluent_family=other|modifier_class=none|temperature_bin=ambient|contact_time_bin=missing|shaking_time_bin=missing|phase_ratio_bin=missing,2.0,2.0,25.0,25.0,planned,ok,,,
3982ef27bf6b,,57,La,3,CCN(C(=O)c1cccc(C(=O)N(CC)c2cccc(C)c2)n1)c1cccc(C)c1,CCN(C(=O)c1cccc(C(=O)N(CC)c2cccc(C)c2)n1)c1cccc(C)c1,"[4, 11, 22]","[""O(amide_carbonyl)"", ""O(amide_carbonyl)"", ""N(aromatic)""]",3,9,3,nitrate,nitrate,0,57|CCN(C(=O)c1cccc(C(=O)N(CC)c2cccc(C)c2)n1)c1cccc(C)c1|nitrate,1,1,acid_class=nitrate|acid_strength_bin=high|nitrate_activity=high|pH_bin=missing|diluent_family=other|modifier_class=none|temperature_bin=ambient|contact_time_bin=missing|shaking_time_bin=missing|phase_ratio_bin=missing,2.0,2.0,25.0,25.0,planned,ok,,,
e390a47c8764,,60,Nd,3,CCN(C(=O)c1cccc(C(=O)N(CC)c2ccc(C)cc2)n1)c1ccc(C)cc1,CCN(C(=O)c1cccc(C(=O)N(CC)c2ccc(C)cc2)n1)c1ccc(C)cc1,"[4, 11, 22]","[""O(amide_carbonyl)"", ""O(amide_carbonyl)"", ""N(aromatic)""]",3,9,3,nitrate,nitrate,0,60|CCN(C(=O)c1cccc(C(=O)N(CC)c2ccc(C)cc2)n1)c1ccc(C)cc1|nitrate,1,1,acid_class=nitrate|acid_strength_bin=high|nitrate_activity=high|pH_bin=missing|diluent_family=other|modifier_class=none|temperature_bin=ambient|contact_time_bin=missing|shaking_time_bin=missing|phase_ratio_bin=missing,2.0,2.0,25.0,25.0,planned,ok,,,
1dd89a7c8169,,65,Tb,3,CCN(C(=O)c1cccc(C(=O)N(CC)c2ccccc2C)n1)c1ccccc1C,CCN(C(=O)c1cccc(C(=O)N(CC)c2ccccc2C)n1)c1ccccc1C,"[4, 11, 22]","[""O(amide_carbonyl)"", ""O(amide_carbonyl)"", ""N(aromatic)""]",3,8,2,nitrate,nitrate,2,65|CCN(C(=O)c1cccc(C(=O)N(CC)c2ccccc2C)n1)c1ccccc1C|nitrate,1,1,acid_class=nitrate|acid_strength_bin=high|nitrate_activity=high|pH_bin=missing|diluent_family=other|modifier_class=none|temperature_bin=ambient|contact_time_bin=missing|shaking_time_bin=missing|phase_ratio_bin=missing,2.0,2.0,25.0,25.0,planned,fill_2x_nitrate,,,
5370ba03ef04,,66,Dy,3,CCN(C(=O)c1cccc(C(=O)N(CC)c2ccc(C)cc2)n1)c1ccc(C)cc1,CCN(C(=O)c1cccc(C(=O)N(CC)c2ccc(C)cc2)n1)c1ccc(C)cc1,"[4, 11, 22]","[""O(amide_carbonyl)"", ""O(amide_carbonyl)"", ""N(aromatic)""]",3,8,2,nitrate,nitrate,2,66|CCN(C(=O)c1cccc(C(=O)N(CC)c2ccc(C)cc2)n1)c1ccc(C)cc1|nitrate,1,1,acid_class=nitrate|acid_strength_bin=high|nitrate_activity=high|pH_bin=missing|diluent_family=other|modifier_class=none|temperature_bin=ambient|contact_time_bin=missing|shaking_time_bin=missing|phase_ratio_bin=missing,2.0,2.0,25.0,25.0,planned,fill_2x_nitrate,,,
afa62779e42c,,67,Ho,3,CCN(C(=O)c1cccc(C(=O)N(CC)c2ccccc2C)n1)c1ccccc1C,CCN(C(=O)c1cccc(C(=O)N(CC)c2ccccc2C)n1)c1ccccc1C,"[4, 11, 22]","[""O(amide_carbonyl)"", ""O(amide_carbonyl)"", ""N(aromatic)""]",3,8,2,nitrate,nitrate,2,67|CCN(C(=O)c1cccc(C(=O)N(CC)c2ccccc2C)n1)c1ccccc1C|nitrate,1,1,acid_class=nitrate|acid_strength_bin=high|nitrate_activity=high|pH_bin=missing|diluent_family=other|modifier_class=none|temperature_bin=ambient|contact_time_bin=missing|shaking_time_bin=missing|phase_ratio_bin=missing,2.0,2.0,25.0,25.0,planned,fill_2x_nitrate,,,
c0ebc570b8f1,,71,Lu,3,CCCCCCc1ccc(N(CC)C(=O)c2cccc(-c3cccc(C(=O)N(CC)c4ccc(CCCCCC)cc4)n3)n2)cc1,CCCCCCc1ccc(N(CC)C(=O)c2cccc(-c3cccc(C(=O)N(CC)c4ccc(CCCCCC)cc4)n3)n2)cc1,"[14, 26, 42, 43]","[""O(amide_carbonyl)"", ""O(amide_carbonyl)"", ""N(aromatic)"", ""N(aromatic)""]",4,8,2,nitrate,nitrate,0,71|CCCCCCc1ccc(N(CC)C(=O)c2cccc(-c3cccc(C(=O)N(CC)c4ccc(CCCCCC)cc4)n3)n2)cc1|nitrate,1,1,acid_class=nitrate|acid_strength_bin=high|nitrate_activity=high|pH_bin=missing|diluent_family=nitroaromatic|modifier_class=none|temperature_bin=ambient|contact_time_bin=missing|shaking_time_bin=missing|phase_ratio_bin=missing,3.0,3.0,25.0,25.0,planned,ok,,,
088188ebcac6,,70,Yb,3,CCN(C(=O)c1cccc(C(=O)N(CC)c2ccccc2C)n1)c1ccccc1C,CCN(C(=O)c1cccc(C(=O)N(CC)c2ccccc2C)n1)c1ccccc1C,"[4, 11, 22]","[""O(amide_carbonyl)"", ""O(amide_carbonyl)"", ""N(aromatic)""]",3,8,2,nitrate,nitrate,2,70|CCN(C(=O)c1cccc(C(=O)N(CC)c2ccccc2C)n1)c1ccccc1C|nitrate,1,1,acid_class=nitrate|acid_strength_bin=high|nitrate_activity=high|pH_bin=missing|diluent_family=other|modifier_class=none|temperature_bin=ambient|contact_time_bin=missing|shaking_time_bin=missing|phase_ratio_bin=missing,2.0,2.0,25.0,25.0,planned,fill_2x_nitrate,,,
06c592a86509,,62,Sm,3,CCN(C(=O)c1cccc(C(=O)N(CC)c2ccccc2C)n1)c1ccccc1C,CCN(C(=O)c1cccc(C(=O)N(CC)c2ccccc2C)n1)c1ccccc1C,"[4, 11, 22]","[""O(amide_carbonyl)"", ""O(amide_carbonyl)"", ""N(aromatic)""]",3,9,3,nitrate,nitrate,0,62|CCN(C(=O)c1cccc(C(=O)N(CC)c2ccccc2C)n1)c1ccccc1C|nitrate,1,1,acid_class=nitrate|acid_strength_bin=high|nitrate_activity=high|pH_bin=missing|diluent_family=other|modifier_class=none|temperature_bin=ambient|contact_time_bin=missing|shaking_time_bin=missing|phase_ratio_bin=missing,2.0,2.0,25.0,25.0,planned,ok,,,
f34cec6407eb,,58,Ce,3,CCN(C(=O)c1cccc(C(=O)N(CC)c2ccccc2C)n1)c1ccccc1C,CCN(C(=O)c1cccc(C(=O)N(CC)c2ccccc2C)n1)c1ccccc1C,"[4, 11, 22]","[""O(amide_carbonyl)"", ""O(amide_carbonyl)"", ""N(aromatic)""]",3,9,3,nitrate,nitrate,0,58|CCN(C(=O)c1cccc(C(=O)N(CC)c2ccccc2C)n1)c1ccccc1C|nitrate,1,1,acid_class=nitrate|acid_strength_bin=high|nitrate_activity=high|pH_bin=missing|diluent_family=other|modifier_class=none|temperature_bin=ambient|contact_time_bin=missing|shaking_time_bin=missing|phase_ratio_bin=missing,2.0,2.0,25.0,25.0,planned,ok,,,
404ade356415,,70,Yb,3,CCN(C(=O)c1cccc(C(=O)N(CC)c2cccc(C)c2)n1)c1cccc(C)c1,CCN(C(=O)c1cccc(C(=O)N(CC)c2cccc(C)c2)n1)c1cccc(C)c1,"[4, 11, 22]","[""O(amide_carbonyl)"", ""O(amide_carbonyl)"", ""N(aromatic)""]",3,8,2,nitrate,nitrate,2,70|CCN(C(=O)c1cccc(C(=O)N(CC)c2cccc(C)c2)n1)c1cccc(C)c1|nitrate,1,1,acid_class=nitrate|acid_strength_bin=high|nitrate_activity=high|pH_bin=missing|diluent_family=other|modifier_class=none|temperature_bin=ambient|contact_time_bin=missing|shaking_time_bin=missing|phase_ratio_bin=missing,2.0,2.0,25.0,25.0,planned,fill_2x_nitrate,,,
8668c435029f,,67,Ho,3,CCN(C(=O)c1cccc(C(=O)N(CC)c2cccc(C)c2)n1)c1cccc(C)c1,CCN(C(=O)c1cccc(C(=O)N(CC)c2cccc(C)c2)n1)c1cccc(C)c1,"[4, 11, 22]","[""O(amide_carbonyl)"", ""O(amide_carbonyl)"", ""N(aromatic)""]",3,8,2,nitrate,nitrate,2,67|CCN(C(=O)c1cccc(C(=O)N(CC)c2cccc(C)c2)n1)c1cccc(C)c1|nitrate,1,1,acid_class=nitrate|acid_strength_bin=high|nitrate_activity=high|pH_bin=missing|diluent_family=other|modifier_class=none|temperature_bin=ambient|contact_time_bin=missing|shaking_time_bin=missing|phase_ratio_bin=missing,2.0,2.0,25.0,25.0,planned,fill_2x_nitrate,,,
1ea050391df5,,63,Eu,3,CCN(C(=O)c1cccc(C(=O)N(CC)c2cccc(C)c2)n1)c1cccc(C)c1,CCN(C(=O)c1cccc(C(=O)N(CC)c2cccc(C)c2)n1)c1cccc(C)c1,"[4, 11, 22]","[""O(amide_carbonyl)"", ""O(amide_carbonyl)"", ""N(aromatic)""]",3,9,3,nitrate,nitrate,0,63|CCN(C(=O)c1cccc(C(=O)N(CC)c2cccc(C)c2)n1)c1cccc(C)c1|nitrate,1,1,acid_class=nitrate|acid_strength_bin=high|nitrate_activity=high|pH_bin=missing|diluent_family=other|modifier_class=none|temperature_bin=ambient|contact_time_bin=missing|shaking_time_bin=missing|phase_ratio_bin=missing,2.0,2.0,25.0,25.0,planned,ok,,,
d024676a0646,,62,Sm,3,CCN(C(=O)c1cccc(C(=O)N(CC)c2cccc(C)c2)n1)c1cccc(C)c1,CCN(C(=O)c1cccc(C(=O)N(CC)c2cccc(C)c2)n1)c1cccc(C)c1,"[4, 11, 22]","[""O(amide_carbonyl)"", ""O(amide_carbonyl)"", ""N(aromatic)""]",3,9,3,nitrate,nitrate,0,62|CCN(C(=O)c1cccc(C(=O)N(CC)c2cccc(C)c2)n1)c1cccc(C)c1|nitrate,1,1,acid_class=nitrate|acid_strength_bin=high|nitrate_activity=high|pH_bin=missing|diluent_family=other|modifier_class=none|temperature_bin=ambient|contact_time_bin=missing|shaking_time_bin=missing|phase_ratio_bin=missing,2.0,2.0,25.0,25.0,planned,ok,,,
264ee7c974f3,,70,Yb,3,CCCCCCc1ccc(N(CC)C(=O)c2cccc(-c3cccc(C(=O)N(CC)c4ccc(CCCCCC)cc4)n3)n2)cc1,CCCCCCc1ccc(N(CC)C(=O)c2cccc(-c3cccc(C(=O)N(CC)c4ccc(CCCCCC)cc4)n3)n2)cc1,"[14, 26, 42, 43]","[""O(amide_carbonyl)"", ""O(amide_carbonyl)"", ""N(aromatic)"", ""N(aromatic)""]",4,8,2,nitrate,nitrate,0,70|CCCCCCc1ccc(N(CC)C(=O)c2cccc(-c3cccc(C(=O)N(CC)c4ccc(CCCCCC)cc4)n3)n2)cc1|nitrate,1,1,acid_class=nitrate|acid_strength_bin=high|nitrate_activity=high|pH_bin=missing|diluent_family=nitroaromatic|modifier_class=none|temperature_bin=ambient|contact_time_bin=missing|shaking_time_bin=missing|phase_ratio_bin=missing,3.0,3.0,25.0,25.0,planned,ok,,,
082fdc884936,,69,Tm,3,CCCCCCc1ccc(N(CC)C(=O)c2cccc(-c3cccc(C(=O)N(CC)c4ccc(CCCCCC)cc4)n3)n2)cc1,CCCCCCc1ccc(N(CC)C(=O)c2cccc(-c3cccc(C(=O)N(CC)c4ccc(CCCCCC)cc4)n3)n2)cc1,"[14, 26, 42, 43]","[""O(amide_carbonyl)"", ""O(amide_carbonyl)"", ""N(aromatic)"", ""N(aromatic)""]",4,8,2,nitrate,nitrate,0,69|CCCCCCc1ccc(N(CC)C(=O)c2cccc(-c3cccc(C(=O)N(CC)c4ccc(CCCCCC)cc4)n3)n2)cc1|nitrate,1,1,acid_class=nitrate|acid_strength_bin=high|nitrate_activity=high|pH_bin=missing|diluent_family=nitroaromatic|modifier_class=none|temperature_bin=ambient|contact_time_bin=missing|shaking_time_bin=missing|phase_ratio_bin=missing,3.0,3.0,25.0,25.0,planned,ok,,,
f287c1970d51,,68,Er,3,CCCCCCc1ccc(N(CC)C(=O)c2cccc(-c3cccc(C(=O)N(CC)c4ccc(CCCCCC)cc4)n3)n2)cc1,CCCCCCc1ccc(N(CC)C(=O)c2cccc(-c3cccc(C(=O)N(CC)c4ccc(CCCCCC)cc4)n3)n2)cc1,"[14, 26, 42, 43]","[""O(amide_carbonyl)"", ""O(amide_carbonyl)"", ""N(aromatic)"", ""N(aromatic)""]",4,8,2,nitrate,nitrate,0,68|CCCCCCc1ccc(N(CC)C(=O)c2cccc(-c3cccc(C(=O)N(CC)c4ccc(CCCCCC)cc4)n3)n2)cc1|nitrate,1,1,acid_class=nitrate|acid_strength_bin=high|nitrate_activity=high|pH_bin=missing|diluent_family=nitroaromatic|modifier_class=none|temperature_bin=ambient|contact_time_bin=missing|shaking_time_bin=missing|phase_ratio_bin=missing,3.0,3.0,25.0,25.0,planned,ok,,,
5554eaf366fe,,68,Er,3,CCN(C(=O)c1cccc(C(=O)N(CC)c2ccccc2C)n1)c1ccccc1C,CCN(C(=O)c1cccc(C(=O)N(CC)c2ccccc2C)n1)c1ccccc1C,"[4, 11, 22]","[""O(amide_carbonyl)"", ""O(amide_carbonyl)"", ""N(aromatic)""]",3,8,2,nitrate,nitrate,2,68|CCN(C(=O)c1cccc(C(=O)N(CC)c2ccccc2C)n1)c1ccccc1C|nitrate,1,1,acid_class=nitrate|acid_strength_bin=high|nitrate_activity=high|pH_bin=missing|diluent_family=other|modifier_class=none|temperature_bin=ambient|contact_time_bin=missing|shaking_time_bin=missing|phase_ratio_bin=missing,2.0,2.0,25.0,25.0,planned,fill_2x_nitrate,,,
4fcd65d35e78,,66,Dy,3,CCCCCCc1ccc(N(CC)C(=O)c2cccc(-c3cccc(C(=O)N(CC)c4ccc(CCCCCC)cc4)n3)n2)cc1,CCCCCCc1ccc(N(CC)C(=O)c2cccc(-c3cccc(C(=O)N(CC)c4ccc(CCCCCC)cc4)n3)n2)cc1,"[14, 26, 42, 43]","[""O(amide_carbonyl)"", ""O(amide_carbonyl)"", ""N(aromatic)"", ""N(aromatic)""]",4,8,2,nitrate,nitrate,0,66|CCCCCCc1ccc(N(CC)C(=O)c2cccc(-c3cccc(C(=O)N(CC)c4ccc(CCCCCC)cc4)n3)n2)cc1|nitrate,1,1,acid_class=nitrate|acid_strength_bin=high|nitrate_activity=high|pH_bin=missing|diluent_family=nitroaromatic|modifier_class=none|temperature_bin=ambient|contact_time_bin=missing|shaking_time_bin=missing|phase_ratio_bin=missing,3.0,3.0,25.0,25.0,planned,ok,,,
dcaf7a1cb18d,,67,Ho,3,CCCCCCc1ccc(N(CC)C(=O)c2cccc(-c3cccc(C(=O)N(CC)c4ccc(CCCCCC)cc4)n3)n2)cc1,CCCCCCc1ccc(N(CC)C(=O)c2cccc(-c3cccc(C(=O)N(CC)c4ccc(CCCCCC)cc4)n3)n2)cc1,"[14, 26, 42, 43]","[""O(amide_carbonyl)"", ""O(amide_carbonyl)"", ""N(aromatic)"", ""N(aromatic)""]",4,8,2,nitrate,nitrate,0,67|CCCCCCc1ccc(N(CC)C(=O)c2cccc(-c3cccc(C(=O)N(CC)c4ccc(CCCCCC)cc4)n3)n2)cc1|nitrate,1,1,acid_class=nitrate|acid_strength_bin=high|nitrate_activity=high|pH_bin=missing|diluent_family=nitroaromatic|modifier_class=none|temperature_bin=ambient|contact_time_bin=missing|shaking_time_bin=missing|phase_ratio_bin=missing,3.0,3.0,25.0,25.0,planned,ok,,,
65ec4936ed7c,,71,Lu,3,CCN(C(=O)c1cccc(C(=O)N(CC)c2ccccc2C)n1)c1ccccc1C,CCN(C(=O)c1cccc(C(=O)N(CC)c2ccccc2C)n1)c1ccccc1C,"[4, 11, 22]","[""O(amide_carbonyl)"", ""O(amide_carbonyl)"", ""N(aromatic)""]",3,8,2,nitrate,nitrate,2,71|CCN(C(=O)c1cccc(C(=O)N(CC)c2ccccc2C)n1)c1ccccc1C|nitrate,1,1,acid_class=nitrate|acid_strength_bin=high|nitrate_activity=high|pH_bin=missing|diluent_family=other|modifier_class=none|temperature_bin=ambient|contact_time_bin=missing|shaking_time_bin=missing|phase_ratio_bin=missing,2.0,2.0,25.0,25.0,planned,fill_2x_nitrate,,,
e0b3afb2d971,,57,La,3,CCCCCCc1ccc(N(CC)C(=O)c2cccc(-c3cccc(C(=O)N(CC)c4ccc(CCCCCC)cc4)n3)n2)cc1,CCCCCCc1ccc(N(CC)C(=O)c2cccc(-c3cccc(C(=O)N(CC)c4ccc(CCCCCC)cc4)n3)n2)cc1,"[14, 26, 42, 43]","[""O(amide_carbonyl)"", ""O(amide_carbonyl)"", ""N(aromatic)"", ""N(aromatic)""]",4,9,2,nitrate,nitrate,1,57|CCCCCCc1ccc(N(CC)C(=O)c2cccc(-c3cccc(C(=O)N(CC)c4ccc(CCCCCC)cc4)n3)n2)cc1|nitrate,1,1,acid_class=nitrate|acid_strength_bin=high|nitrate_activity=high|pH_bin=missing|diluent_family=nitroaromatic|modifier_class=none|temperature_bin=ambient|contact_time_bin=missing|shaking_time_bin=missing|phase_ratio_bin=missing,3.0,3.0,25.0,25.0,planned,fill_1x_nitrate,,,
e2bb2cfe2897,,58,Ce,3,CCCCCCc1ccc(N(CC)C(=O)c2cccc(-c3cccc(C(=O)N(CC)c4ccc(CCCCCC)cc4)n3)n2)cc1,CCCCCCc1ccc(N(CC)C(=O)c2cccc(-c3cccc(C(=O)N(CC)c4ccc(CCCCCC)cc4)n3)n2)cc1,"[14, 26, 42, 43]","[""O(amide_carbonyl)"", ""O(amide_carbonyl)"", ""N(aromatic)"", ""N(aromatic)""]",4,9,2,nitrate,nitrate,1,58|CCCCCCc1ccc(N(CC)C(=O)c2cccc(-c3cccc(C(=O)N(CC)c4ccc(CCCCCC)cc4)n3)n2)cc1|nitrate,1,1,acid_class=nitrate|acid_strength_bin=high|nitrate_activity=high|pH_bin=missing|diluent_family=nitroaromatic|modifier_class=none|temperature_bin=ambient|contact_time_bin=missing|shaking_time_bin=missing|phase_ratio_bin=missing,3.0,3.0,25.0,25.0,planned,fill_1x_nitrate,,,
4ec27284e1c5,,59,Pr,3,CCCCCCc1ccc(N(CC)C(=O)c2cccc(-c3cccc(C(=O)N(CC)c4ccc(CCCCCC)cc4)n3)n2)cc1,CCCCCCc1ccc(N(CC)C(=O)c2cccc(-c3cccc(C(=O)N(CC)c4ccc(CCCCCC)cc4)n3)n2)cc1,"[14, 26, 42, 43]","[""O(amide_carbonyl)"", ""O(amide_carbonyl)"", ""N(aromatic)"", ""N(aromatic)""]",4,9,2,nitrate,nitrate,1,59|CCCCCCc1ccc(N(CC)C(=O)c2cccc(-c3cccc(C(=O)N(CC)c4ccc(CCCCCC)cc4)n3)n2)cc1|nitrate,1,1,acid_class=nitrate|acid_strength_bin=high|nitrate_activity=high|pH_bin=missing|diluent_family=nitroaromatic|modifier_class=none|temperature_bin=ambient|contact_time_bin=missing|shaking_time_bin=missing|phase_ratio_bin=missing,3.0,3.0,25.0,25.0,planned,fill_1x_nitrate,,,
ff820f3e266f,,69,Tm,3,CCN(C(=O)c1cccc(C(=O)N(CC)c2ccccc2C)n1)c1ccccc1C,CCN(C(=O)c1cccc(C(=O)N(CC)c2ccccc2C)n1)c1ccccc1C,"[4, 11, 22]","[""O(amide_carbonyl)"", ""O(amide_carbonyl)"", ""N(aromatic)""]",3,8,2,nitrate,nitrate,2,69|CCN(C(=O)c1cccc(C(=O)N(CC)c2ccccc2C)n1)c1ccccc1C|nitrate,1,1,acid_class=nitrate|acid_strength_bin=high|nitrate_activity=high|pH_bin=missing|diluent_family=other|modifier_class=none|temperature_bin=ambient|contact_time_bin=missing|shaking_time_bin=missing|phase_ratio_bin=missing,2.0,2.0,25.0,25.0,planned,fill_2x_nitrate,,,
c0cc4b663d20,,62,Sm,3,CCCCCCc1ccc(N(CC)C(=O)c2cccc(-c3cccc(C(=O)N(CC)c4ccc(CCCCCC)cc4)n3)n2)cc1,CCCCCCc1ccc(N(CC)C(=O)c2cccc(-c3cccc(C(=O)N(CC)c4ccc(CCCCCC)cc4)n3)n2)cc1,"[14, 26, 42, 43]","[""O(amide_carbonyl)"", ""O(amide_carbonyl)"", ""N(aromatic)"", ""N(aromatic)""]",4,9,2,nitrate,nitrate,1,62|CCCCCCc1ccc(N(CC)C(=O)c2cccc(-c3cccc(C(=O)N(CC)c4ccc(CCCCCC)cc4)n3)n2)cc1|nitrate,1,1,acid_class=nitrate|acid_strength_bin=high|nitrate_activity=high|pH_bin=missing|diluent_family=nitroaromatic|modifier_class=none|temperature_bin=ambient|contact_time_bin=missing|shaking_time_bin=missing|phase_ratio_bin=missing,3.0,3.0,25.0,25.0,planned,fill_1x_nitrate,,,
dde20ae789d3,,63,Eu,3,CCCCCCc1ccc(N(CC)C(=O)c2cccc(-c3cccc(C(=O)N(CC)c4ccc(CCCCCC)cc4)n3)n2)cc1,CCCCCCc1ccc(N(CC)C(=O)c2cccc(-c3cccc(C(=O)N(CC)c4ccc(CCCCCC)cc4)n3)n2)cc1,"[14, 26, 42, 43]","[""O(amide_carbonyl)"", ""O(amide_carbonyl)"", ""N(aromatic)"", ""N(aromatic)""]",4,9,2,nitrate,nitrate,1,63|CCCCCCc1ccc(N(CC)C(=O)c2cccc(-c3cccc(C(=O)N(CC)c4ccc(CCCCCC)cc4)n3)n2)cc1|nitrate,1,1,acid_class=nitrate|acid_strength_bin=high|nitrate_activity=high|pH_bin=missing|diluent_family=nitroaromatic|modifier_class=none|temperature_bin=ambient|contact_time_bin=missing|shaking_time_bin=missing|phase_ratio_bin=missing,3.0,3.0,25.0,25.0,planned,fill_1x_nitrate,,,
362436cb1022,,64,Gd,3,CCCCCCc1ccc(N(CC)C(=O)c2cccc(-c3cccc(C(=O)N(CC)c4ccc(CCCCCC)cc4)n3)n2)cc1,CCCCCCc1ccc(N(CC)C(=O)c2cccc(-c3cccc(C(=O)N(CC)c4ccc(CCCCCC)cc4)n3)n2)cc1,"[14, 26, 42, 43]","[""O(amide_carbonyl)"", ""O(amide_carbonyl)"", ""N(aromatic)"", ""N(aromatic)""]",4,9,2,nitrate,nitrate,1,64|CCCCCCc1ccc(N(CC)C(=O)c2cccc(-c3cccc(C(=O)N(CC)c4ccc(CCCCCC)cc4)n3)n2)cc1|nitrate,1,1,acid_class=nitrate|acid_strength_bin=high|nitrate_activity=high|pH_bin=missing|diluent_family=nitroaromatic|modifier_class=none|temperature_bin=ambient|contact_time_bin=missing|shaking_time_bin=missing|phase_ratio_bin=missing,3.0,3.0,25.0,25.0,planned,fill_1x_nitrate,,,
de90cb6a80b3,,65,Tb,3,CCCCCCc1ccc(N(CC)C(=O)c2cccc(-c3cccc(C(=O)N(CC)c4ccc(CCCCCC)cc4)n3)n2)cc1,CCCCCCc1ccc(N(CC)C(=O)c2cccc(-c3cccc(C(=O)N(CC)c4ccc(CCCCCC)cc4)n3)n2)cc1,"[14, 26, 42, 43]","[""O(amide_carbonyl)"", ""O(amide_carbonyl)"", ""N(aromatic)"", ""N(aromatic)""]",4,8,2,nitrate,nitrate,0,65|CCCCCCc1ccc(N(CC)C(=O)c2cccc(-c3cccc(C(=O)N(CC)c4ccc(CCCCCC)cc4)n3)n2)cc1|nitrate,1,1,acid_class=nitrate|acid_strength_bin=high|nitrate_activity=high|pH_bin=missing|diluent_family=nitroaromatic|modifier_class=none|temperature_bin=ambient|contact_time_bin=missing|shaking_time_bin=missing|phase_ratio_bin=missing,3.0,3.0,25.0,25.0,planned,ok,,,
b21d53057cbd,,60,Nd,3,CCCCCCc1ccc(N(CC)C(=O)c2cccc(-c3cccc(C(=O)N(CC)c4ccc(CCCCCC)cc4)n3)n2)cc1,CCCCCCc1ccc(N(CC)C(=O)c2cccc(-c3cccc(C(=O)N(CC)c4ccc(CCCCCC)cc4)n3)n2)cc1,"[14, 26, 42, 43]","[""O(amide_carbonyl)"", ""O(amide_carbonyl)"", ""N(aromatic)"", ""N(aromatic)""]",4,9,2,nitrate,nitrate,1,60|CCCCCCc1ccc(N(CC)C(=O)c2cccc(-c3cccc(C(=O)N(CC)c4ccc(CCCCCC)cc4)n3)n2)cc1|nitrate,1,1,acid_class=nitrate|acid_strength_bin=high|nitrate_activity=high|pH_bin=missing|diluent_family=nitroaromatic|modifier_class=none|temperature_bin=ambient|contact_time_bin=missing|shaking_time_bin=missing|phase_ratio_bin=missing,3.0,3.0,25.0,25.0,planned,fill_1x_nitrate,,,
0aa6481162e6,,66,Dy,3,CCCCCCCCN(C)C(=O)COCC(=O)N(C)CCCCCCCC,CCCCCCCCN(C)C(=O)COCC(=O)N(C)CCCCCCCC,"[11, 13, 16]","[""O(amide_carbonyl)"", ""O(ether)"", ""O(amide_carbonyl)""]",3,8,2,nitrate,nitrate,2,66|CCCCCCCCN(C)C(=O)COCC(=O)N(C)CCCCCCCC|nitrate,29,8,acid_class=nitrate|acid_strength_bin=high|nitrate_activity=high|pH_bin=missing|diluent_family=aliphatic_hydrocarbon|modifier_class=none|temperature_bin=ambient|contact_time_bin=medium|shaking_time_bin=missing|phase_ratio_bin=missing;acid_class=nitrate|acid_strength_bin=high|nitrate_activity=high|pH_bin=missing|diluent_family=aliphatic_hydrocarbon|modifier_class=none|temperature_bin=ambient|contact_time_bin=missing|shaking_time_bin=missing|phase_ratio_bin=missing;acid_class=nitrate|acid_strength_bin=high|nitrate_activity=high|pH_bin=missing|diluent_family=other|modifier_class=none|temperature_bin=ambient|contact_time_bin=missing|shaking_time_bin=medium|phase_ratio_bin=missing;acid_class=nitrate|acid_strength_bin=low|nitrate_activity=low|pH_bin=missing|diluent_family=aliphatic_hydrocarbon|modifier_class=none|temperature_bin=ambient|contact_time_bin=medium|shaking_time_bin=missing|phase_ratio_bin=missing;acid_class=nitrate|acid_strength_bin=medium|nitrate_activity=medium|pH_bin=missing|diluent_family=aliphatic_hydrocarbon|modifier_class=none|temperature_bin=ambient|contact_time_bin=medium|shaking_time_bin=missing|phase_ratio_bin=missing,0.498551,5.9942,25.0,25.0,planned,fill_2x_nitrate,,,
adc6081d21be,,64,Gd,3,CCCCCCCCN(C)C(=O)COCC(=O)N(C)CCCCCCCC,CCCCCCCCN(C)C(=O)COCC(=O)N(C)CCCCCCCC,"[11, 13, 16]","[""O(amide_carbonyl)"", ""O(ether)"", ""O(amide_carbonyl)""]",3,9,3,nitrate,nitrate,0,64|CCCCCCCCN(C)C(=O)COCC(=O)N(C)CCCCCCCC|nitrate,36,10,acid_class=nitrate|acid_strength_bin=high|nitrate_activity=high|pH_bin=missing|diluent_family=aliphatic_hydrocarbon|modifier_class=alcohol|temperature_bin=ambient|contact_time_bin=missing|shaking_time_bin=medium|phase_ratio_bin=missing;acid_class=nitrate|acid_strength_bin=high|nitrate_activity=high|pH_bin=missing|diluent_family=aliphatic_hydrocarbon|modifier_class=none|temperature_bin=ambient|contact_time_bin=medium|shaking_time_bin=missing|phase_ratio_bin=missing;acid_class=nitrate|acid_strength_bin=high|nitrate_activity=high|pH_bin=missing|diluent_family=aliphatic_hydrocarbon|modifier_class=none|temperature_bin=ambient|contact_time_bin=missing|shaking_time_bin=missing|phase_ratio_bin=missing;acid_class=nitrate|acid_strength_bin=high|nitrate_activity=high|pH_bin=missing|diluent_family=other|modifier_class=none|temperature_bin=ambient|contact_time_bin=missing|shaking_time_bin=medium|phase_ratio_bin=missing;acid_class=nitrate|acid_strength_bin=low|nitrate_activity=low|pH_bin=missing|diluent_family=aliphatic_hydrocarbon|modifier_class=alcohol|temperature_bin=ambient|contact_time_bin=missing|shaking_time_bin=medium|phase_ratio_bin=missing,0.490909,5.9942,25.0,25.0,planned,ok,,,
00b72194210d,,70,Yb,3,CCCCCCCCN(C)C(=O)COCC(=O)N(C)CCCCCCCC,CCCCCCCCN(C)C(=O)COCC(=O)N(C)CCCCCCCC,"[11, 13, 16]","[""O(amide_carbonyl)"", ""O(ether)"", ""O(amide_carbonyl)""]",3,8,2,nitrate,nitrate,2,70|CCCCCCCCN(C)C(=O)COCC(=O)N(C)CCCCCCCC|nitrate,21,7,acid_class=nitrate|acid_strength_bin=high|nitrate_activity=high|pH_bin=missing|diluent_family=aliphatic_hydrocarbon|modifier_class=none|temperature_bin=ambient|contact_time_bin=medium|shaking_time_bin=missing|phase_ratio_bin=missing;acid_class=nitrate|acid_strength_bin=high|nitrate_activity=high|pH_bin=missing|diluent_family=aliphatic_hydrocarbon|modifier_class=none|temperature_bin=ambient|contact_time_bin=missing|shaking_time_bin=missing|phase_ratio_bin=missing;acid_class=nitrate|acid_strength_bin=high|nitrate_activity=high|pH_bin=missing|diluent_family=other|modifier_class=none|temperature_bin=ambient|contact_time_bin=missing|shaking_time_bin=medium|phase_ratio_bin=missing;acid_class=nitrate|acid_strength_bin=low|nitrate_activity=low|pH_bin=missing|diluent_family=aliphatic_hydrocarbon|modifier_class=none|temperature_bin=ambient|contact_time_bin=medium|shaking_time_bin=missing|phase_ratio_bin=missing;acid_class=nitrate|acid_strength_bin=medium|nitrate_activity=medium|pH_bin=missing|diluent_family=aliphatic_hydrocarbon|modifier_class=none|temperature_bin=ambient|contact_time_bin=medium|shaking_time_bin=missing|phase_ratio_bin=missing,0.492754,5.9942,25.0,25.0,planned,fill_2x_nitrate,,,
0d2f900796bc,,69,Tm,3,CCCCCCCCN(C)C(=O)COCC(=O)N(C)CCCCCCCC,CCCCCCCCN(C)C(=O)COCC(=O)N(C)CCCCCCCC,"[11, 13, 16]","[""O(amide_carbonyl)"", ""O(ether)"", ""O(amide_carbonyl)""]",3,8,2,nitrate,nitrate,2,69|CCCCCCCCN(C)C(=O)COCC(=O)N(C)CCCCCCCC|nitrate,17,5,acid_class=nitrate|acid_strength_bin=high|nitrate_activity=high|pH_bin=missing|diluent_family=aliphatic_hydrocarbon|modifier_class=none|temperature_bin=ambient|contact_time_bin=medium|shaking_time_bin=missing|phase_ratio_bin=missing;acid_class=nitrate|acid_strength_bin=high|nitrate_activity=high|pH_bin=missing|diluent_family=aliphatic_hydrocarbon|modifier_class=none|temperature_bin=ambient|contact_time_bin=missing|shaking_time_bin=missing|phase_ratio_bin=missing;acid_class=nitrate|acid_strength_bin=low|nitrate_activity=low|pH_bin=missing|diluent_family=aliphatic_hydrocarbon|modifier_class=none|temperature_bin=ambient|contact_time_bin=medium|shaking_time_bin=missing|phase_ratio_bin=missing;acid_class=nitrate|acid_strength_bin=medium|nitrate_activity=medium|pH_bin=missing|diluent_family=aliphatic_hydrocarbon|modifier_class=none|temperature_bin=ambient|contact_time_bin=medium|shaking_time_bin=missing|phase_ratio_bin=missing;acid_class=nitrate|acid_strength_bin=medium|nitrate_activity=medium|pH_bin=missing|diluent_family=aliphatic_hydrocarbon|modifier_class=none|temperature_bin=ambient|contact_time_bin=missing|shaking_time_bin=missing|phase_ratio_bin=missing,0.498551,5.98841,25.0,25.0,planned,fill_2x_nitrate,,,
e244e3a88005,,60,Nd,3,CCCCCCCCN(C)C(=O)COCC(=O)N(C)CCCCCCCC,CCCCCCCCN(C)C(=O)COCC(=O)N(C)CCCCCCCC,"[11, 13, 16]","[""O(amide_carbonyl)"", ""O(ether)"", ""O(amide_carbonyl)""]",3,9,3,nitrate,nitrate,0,60|CCCCCCCCN(C)C(=O)COCC(=O)N(C)CCCCCCCC|nitrate,90,13,acid_class=nitrate|acid_strength_bin=high|nitrate_activity=high|pH_bin=missing|diluent_family=aliphatic_hydrocarbon|modifier_class=alcohol|temperature_bin=ambient|contact_time_bin=missing|shaking_time_bin=medium|phase_ratio_bin=missing;acid_class=nitrate|acid_strength_bin=high|nitrate_activity=high|pH_bin=missing|diluent_family=aliphatic_hydrocarbon|modifier_class=alcohol|temperature_bin=ambient|contact_time_bin=missing|shaking_time_bin=short|phase_ratio_bin=missing;acid_class=nitrate|acid_strength_bin=high|nitrate_activity=high|pH_bin=missing|diluent_family=aliphatic_hydrocarbon|modifier_class=none|temperature_bin=ambient|contact_time_bin=medium|shaking_time_bin=missing|phase_ratio_bin=missing;acid_class=nitrate|acid_strength_bin=high|nitrate_activity=high|pH_bin=missing|diluent_family=aliphatic_hydrocarbon|modifier_class=none|temperature_bin=ambient|contact_time_bin=missing|shaking_time_bin=missing|phase_ratio_bin=missing;acid_class=nitrate|acid_strength_bin=high|nitrate_activity=high|pH_bin=missing|diluent_family=other|modifier_class=none|temperature_bin=ambient|contact_time_bin=missing|shaking_time_bin=medium|phase_ratio_bin=missing,0.498551,6.0,25.0,25.0,planned,ok,,,
ae2559f4836f,,58,Ce,3,CCCCCCCCN(C)C(=O)COCC(=O)N(C)CCCCCCCC,CCCCCCCCN(C)C(=O)COCC(=O)N(C)CCCCCCCC,"[11, 13, 16]","[""O(amide_carbonyl)"", ""O(ether)"", ""O(amide_carbonyl)""]",3,9,3,nitrate,nitrate,0,58|CCCCCCCCN(C)C(=O)COCC(=O)N(C)CCCCCCCC|nitrate,17,5,acid_class=nitrate|acid_strength_bin=high|nitrate_activity=high|pH_bin=missing|diluent_family=aliphatic_hydrocarbon|modifier_class=none|temperature_bin=ambient|contact_time_bin=medium|shaking_time_bin=missing|phase_ratio_bin=missing;acid_class=nitrate|acid_strength_bin=high|nitrate_activity=high|pH_bin=missing|diluent_family=aliphatic_hydrocarbon|modifier_class=none|temperature_bin=ambient|contact_time_bin=missing|shaking_time_bin=missing|phase_ratio_bin=missing;acid_class=nitrate|acid_strength_bin=low|nitrate_activity=low|pH_bin=missing|diluent_family=aliphatic_hydrocarbon|modifier_class=none|temperature_bin=ambient|contact_time_bin=medium|shaking_time_bin=missing|phase_ratio_bin=missing;acid_class=nitrate|acid_strength_bin=medium|nitrate_activity=medium|pH_bin=missing|diluent_family=aliphatic_hydrocarbon|modifier_class=none|temperature_bin=ambient|contact_time_bin=medium|shaking_time_bin=missing|phase_ratio_bin=missing;acid_class=nitrate|acid_strength_bin=medium|nitrate_activity=medium|pH_bin=missing|diluent_family=aliphatic_hydrocarbon|modifier_class=none|temperature_bin=ambient|contact_time_bin=missing|shaking_time_bin=missing|phase_ratio_bin=missing,0.498551,5.9942,25.0,25.0,planned,ok,,,
72b20e30d213,,59,Pr,3,CCCCCCCCN(C)C(=O)COCC(=O)N(C)CCCCCCCC,CCCCCCCCN(C)C(=O)COCC(=O)N(C)CCCCCCCC,"[11, 13, 16]","[""O(amide_carbonyl)"", ""O(ether)"", ""O(amide_carbonyl)""]",3,9,3,nitrate,nitrate,0,59|CCCCCCCCN(C)C(=O)COCC(=O)N(C)CCCCCCCC|nitrate,17,5,acid_class=nitrate|acid_strength_bin=high|nitrate_activity=high|pH_bin=missing|diluent_family=aliphatic_hydrocarbon|modifier_class=none|temperature_bin=ambient|contact_time_bin=medium|shaking_time_bin=missing|phase_ratio_bin=missing;acid_class=nitrate|acid_strength_bin=high|nitrate_activity=high|pH_bin=missing|diluent_family=aliphatic_hydrocarbon|modifier_class=none|temperature_bin=ambient|contact_time_bin=missing|shaking_time_bin=missing|phase_ratio_bin=missing;acid_class=nitrate|acid_strength_bin=low|nitrate_activity=low|pH_bin=missing|diluent_family=aliphatic_hydrocarbon|modifier_class=none|temperature_bin=ambient|contact_time_bin=medium|shaking_time_bin=missing|phase_ratio_bin=missing;acid_class=nitrate|acid_strength_bin=medium|nitrate_activity=medium|pH_bin=missing|diluent_family=aliphatic_hydrocarbon|modifier_class=none|temperature_bin=ambient|contact_time_bin=medium|shaking_time_bin=missing|phase_ratio_bin=missing;acid_class=nitrate|acid_strength_bin=medium|nitrate_activity=medium|pH_bin=missing|diluent_family=aliphatic_hydrocarbon|modifier_class=none|temperature_bin=ambient|contact_time_bin=missing|shaking_time_bin=missing|phase_ratio_bin=missing,0.498551,5.9942,25.0,25.0,planned,ok,,,
9103a2256b97,,62,Sm,3,CCCCCCCCN(C)C(=O)COCC(=O)N(C)CCCCCCCC,CCCCCCCCN(C)C(=O)COCC(=O)N(C)CCCCCCCC,"[11, 13, 16]","[""O(amide_carbonyl)"", ""O(ether)"", ""O(amide_carbonyl)""]",3,9,3,nitrate,nitrate,0,62|CCCCCCCCN(C)C(=O)COCC(=O)N(C)CCCCCCCC|nitrate,25,8,acid_class=nitrate|acid_strength_bin=high|nitrate_activity=high|pH_bin=missing|diluent_family=aliphatic_hydrocarbon|modifier_class=alcohol|temperature_bin=ambient|contact_time_bin=missing|shaking_time_bin=medium|phase_ratio_bin=missing;acid_class=nitrate|acid_strength_bin=high|nitrate_activity=high|pH_bin=missing|diluent_family=aliphatic_hydrocarbon|modifier_class=none|temperature_bin=ambient|contact_time_bin=medium|shaking_time_bin=missing|phase_ratio_bin=missing;acid_class=nitrate|acid_strength_bin=high|nitrate_activity=high|pH_bin=missing|diluent_family=aliphatic_hydrocarbon|modifier_class=none|temperature_bin=ambient|contact_time_bin=missing|shaking_time_bin=missing|phase_ratio_bin=missing;acid_class=nitrate|acid_strength_bin=low|nitrate_activity=low|pH_bin=missing|diluent_family=aliphatic_hydrocarbon|modifier_class=none|temperature_bin=ambient|contact_time_bin=medium|shaking_time_bin=missing|phase_ratio_bin=missing;acid_class=nitrate|acid_strength_bin=medium|nitrate_activity=medium|pH_bin=missing|diluent_family=aliphatic_hydrocarbon|modifier_class=alcohol|temperature_bin=ambient|contact_time_bin=missing|shaking_time_bin=medium|phase_ratio_bin=missing,0.498551,5.9942,25.0,25.0,planned,ok,,,
f804d5d017c2,,57,La,3,CCCCCCCCN(C)C(=O)COCC(=O)N(C)CCCCCCCC,CCCCCCCCN(C)C(=O)COCC(=O)N(C)CCCCCCCC,"[11, 13, 16]","[""O(amide_carbonyl)"", ""O(ether)"", ""O(amide_carbonyl)""]",3,9,3,nitrate,nitrate,0,57|CCCCCCCCN(C)C(=O)COCC(=O)N(C)CCCCCCCC|nitrate,30,10,acid_class=nitrate|acid_strength_bin=high|nitrate_activity=high|pH_bin=missing|diluent_family=aliphatic_hydrocarbon|modifier_class=alcohol|temperature_bin=ambient|contact_time_bin=missing|shaking_time_bin=medium|phase_ratio_bin=missing;acid_class=nitrate|acid_strength_bin=high|nitrate_activity=high|pH_bin=missing|diluent_family=aliphatic_hydrocarbon|modifier_class=none|temperature_bin=ambient|contact_time_bin=medium|shaking_time_bin=missing|phase_ratio_bin=missing;acid_class=nitrate|acid_strength_bin=high|nitrate_activity=high|pH_bin=missing|diluent_family=aliphatic_hydrocarbon|modifier_class=none|temperature_bin=ambient|contact_time_bin=missing|shaking_time_bin=missing|phase_ratio_bin=missing;acid_class=nitrate|acid_strength_bin=high|nitrate_activity=high|pH_bin=missing|diluent_family=other|modifier_class=none|temperature_bin=ambient|contact_time_bin=missing|shaking_time_bin=medium|phase_ratio_bin=missing;acid_class=nitrate|acid_strength_bin=low|nitrate_activity=low|pH_bin=missing|diluent_family=aliphatic_hydrocarbon|modifier_class=none|temperature_bin=ambient|contact_time_bin=medium|shaking_time_bin=missing|phase_ratio_bin=missing,0.498551,6.0,25.0,25.0,planned,ok,,,
0e6590941a7e,,71,Lu,3,CCCCCCCCN(C)C(=O)COCC(=O)N(C)CCCCCCCC,CCCCCCCCN(C)C(=O)COCC(=O)N(C)CCCCCCCC,"[11, 13, 16]","[""O(amide_carbonyl)"", ""O(ether)"", ""O(amide_carbonyl)""]",3,8,2,nitrate,nitrate,2,71|CCCCCCCCN(C)C(=O)COCC(=O)N(C)CCCCCCCC|nitrate,18,6,acid_class=nitrate|acid_strength_bin=high|nitrate_activity=high|pH_bin=missing|diluent_family=aliphatic_hydrocarbon|modifier_class=none|temperature_bin=ambient|contact_time_bin=medium|shaking_time_bin=missing|phase_ratio_bin=missing;acid_class=nitrate|acid_strength_bin=high|nitrate_activity=high|pH_bin=missing|diluent_family=aliphatic_hydrocarbon|modifier_class=none|temperature_bin=ambient|contact_time_bin=missing|shaking_time_bin=missing|phase_ratio_bin=missing;acid_class=nitrate|acid_strength_bin=low|nitrate_activity=low|pH_bin=missing|diluent_family=aliphatic_hydrocarbon|modifier_class=none|temperature_bin=ambient|contact_time_bin=medium|shaking_time_bin=missing|phase_ratio_bin=missing;acid_class=nitrate|acid_strength_bin=medium|nitrate_activity=medium|pH_bin=missing|diluent_family=aliphatic_hydrocarbon|modifier_class=none|temperature_bin=ambient|contact_time_bin=medium|shaking_time_bin=missing|phase_ratio_bin=missing;acid_class=nitrate|acid_strength_bin=medium|nitrate_activity=medium|pH_bin=missing|diluent_family=aliphatic_hydrocarbon|modifier_class=none|temperature_bin=ambient|contact_time_bin=missing|shaking_time_bin=missing|phase_ratio_bin=missing,0.498551,5.98841,25.0,25.0,planned,fill_2x_nitrate,,,
df3c7afb2be0,,68,Er,3,CCCCCCCCN(C)C(=O)COCC(=O)N(C)CCCCCCCC,CCCCCCCCN(C)C(=O)COCC(=O)N(C)CCCCCCCC,"[11, 13, 16]","[""O(amide_carbonyl)"", ""O(ether)"", ""O(amide_carbonyl)""]",3,8,2,nitrate,nitrate,2,68|CCCCCCCCN(C)C(=O)COCC(=O)N(C)CCCCCCCC|nitrate,29,8,acid_class=nitrate|acid_strength_bin=high|nitrate_activity=high|pH_bin=missing|diluent_family=aliphatic_hydrocarbon|modifier_class=none|temperature_bin=ambient|contact_time_bin=medium|shaking_time_bin=missing|phase_ratio_bin=missing;acid_class=nitrate|acid_strength_bin=high|nitrate_activity=high|pH_bin=missing|diluent_family=aliphatic_hydrocarbon|modifier_class=none|temperature_bin=ambient|contact_time_bin=missing|shaking_time_bin=missing|phase_ratio_bin=missing;acid_class=nitrate|acid_strength_bin=high|nitrate_activity=high|pH_bin=missing|diluent_family=other|modifier_class=none|temperature_bin=ambient|contact_time_bin=missing|shaking_time_bin=medium|phase_ratio_bin=missing;acid_class=nitrate|acid_strength_bin=low|nitrate_activity=low|pH_bin=missing|diluent_family=aliphatic_hydrocarbon|modifier_class=none|temperature_bin=ambient|contact_time_bin=medium|shaking_time_bin=missing|phase_ratio_bin=missing;acid_class=nitrate|acid_strength_bin=medium|nitrate_activity=medium|pH_bin=missing|diluent_family=aliphatic_hydrocarbon|modifier_class=none|temperature_bin=ambient|contact_time_bin=medium|shaking_time_bin=missing|phase_ratio_bin=missing,0.492754,5.98841,25.0,25.0,planned,fill_2x_nitrate,,,
d0b19c04ca9c,,67,Ho,3,CCCCCCCCN(C)C(=O)COCC(=O)N(C)CCCCCCCC,CCCCCCCCN(C)C(=O)COCC(=O)N(C)CCCCCCCC,"[11, 13, 16]","[""O(amide_carbonyl)"", ""O(ether)"", ""O(amide_carbonyl)""]",3,8,2,nitrate,nitrate,2,67|CCCCCCCCN(C)C(=O)COCC(=O)N(C)CCCCCCCC|nitrate,34,9,acid_class=nitrate|acid_strength_bin=high|nitrate_activity=high|pH_bin=missing|diluent_family=aliphatic_hydrocarbon|modifier_class=alcohol|temperature_bin=ambient|contact_time_bin=missing|shaking_time_bin=medium|phase_ratio_bin=missing;acid_class=nitrate|acid_strength_bin=high|nitrate_activity=high|pH_bin=missing|diluent_family=aliphatic_hydrocarbon|modifier_class=none|temperature_bin=ambient|contact_time_bin=medium|shaking_time_bin=missing|phase_ratio_bin=missing;acid_class=nitrate|acid_strength_bin=high|nitrate_activity=high|pH_bin=missing|diluent_family=aliphatic_hydrocarbon|modifier_class=none|temperature_bin=ambient|contact_time_bin=missing|shaking_time_bin=missing|phase_ratio_bin=missing;acid_class=nitrate|acid_strength_bin=high|nitrate_activity=high|pH_bin=missing|diluent_family=other|modifier_class=none|temperature_bin=ambient|contact_time_bin=missing|shaking_time_bin=medium|phase_ratio_bin=missing;acid_class=nitrate|acid_strength_bin=low|nitrate_activity=low|pH_bin=missing|diluent_family=aliphatic_hydrocarbon|modifier_class=none|temperature_bin=ambient|contact_time_bin=medium|shaking_time_bin=missing|phase_ratio_bin=missing,0.498551,5.9942,25.0,25.0,planned,fill_2x_nitrate,,,
5902593ca024,,65,Tb,3,CCCCCCCCN(C)C(=O)COCC(=O)N(C)CCCCCCCC,CCCCCCCCN(C)C(=O)COCC(=O)N(C)CCCCCCCC,"[11, 13, 16]","[""O(amide_carbonyl)"", ""O(ether)"", ""O(amide_carbonyl)""]",3,8,2,nitrate,nitrate,2,65|CCCCCCCCN(C)C(=O)COCC(=O)N(C)CCCCCCCC|nitrate,17,5,acid_class=nitrate|acid_strength_bin=high|nitrate_activity=high|pH_bin=missing|diluent_family=aliphatic_hydrocarbon|modifier_class=none|temperature_bin=ambient|contact_time_bin=medium|shaking_time_bin=missing|phase_ratio_bin=missing;acid_class=nitrate|acid_strength_bin=high|nitrate_activity=high|pH_bin=missing|diluent_family=aliphatic_hydrocarbon|modifier_class=none|temperature_bin=ambient|contact_time_bin=missing|shaking_time_bin=missing|phase_ratio_bin=missing;acid_class=nitrate|acid_strength_bin=low|nitrate_activity=low|pH_bin=missing|diluent_family=aliphatic_hydrocarbon|modifier_class=none|temperature_bin=ambient|contact_time_bin=medium|shaking_time_bin=missing|phase_ratio_bin=missing;acid_class=nitrate|acid_strength_bin=medium|nitrate_activity=medium|pH_bin=missing|diluent_family=aliphatic_hydrocarbon|modifier_class=none|temperature_bin=ambient|contact_time_bin=medium|shaking_time_bin=missing|phase_ratio_bin=missing;acid_class=nitrate|acid_strength_bin=medium|nitrate_activity=medium|pH_bin=missing|diluent_family=aliphatic_hydrocarbon|modifier_class=none|temperature_bin=ambient|contact_time_bin=missing|shaking_time_bin=missing|phase_ratio_bin=missing,0.498551,5.9942,25.0,25.0,planned,fill_2x_nitrate,,,
d0e83cebbf21,,63,Eu,3,CCCCCCCCN(C)C(=O)COCC(=O)N(C)CCCCCCCC,CCCCCCCCN(C)C(=O)COCC(=O)N(C)CCCCCCCC,"[11, 13, 16]","[""O(amide_carbonyl)"", ""O(ether)"", ""O(amide_carbonyl)""]",3,9,3,nitrate,nitrate,0,63|CCCCCCCCN(C)C(=O)COCC(=O)N(C)CCCCCCCC|nitrate,30,11,acid_class=nitrate|acid_strength_bin=high|nitrate_activity=high|pH_bin=missing|diluent_family=aliphatic_hydrocarbon|modifier_class=alcohol|temperature_bin=ambient|contact_time_bin=missing|shaking_time_bin=medium|phase_ratio_bin=missing;acid_class=nitrate|acid_strength_bin=high|nitrate_activity=high|pH_bin=missing|diluent_family=aliphatic_hydrocarbon|modifier_class=none|temperature_bin=ambient|contact_time_bin=medium|shaking_time_bin=missing|phase_ratio_bin=missing;acid_class=nitrate|acid_strength_bin=high|nitrate_activity=high|pH_bin=missing|diluent_family=aliphatic_hydrocarbon|modifier_class=none|temperature_bin=ambient|contact_time_bin=missing|shaking_time_bin=missing|phase_ratio_bin=missing;acid_class=nitrate|acid_strength_bin=high|nitrate_activity=high|pH_bin=missing|diluent_family=aliphatic_hydrocarbon|modifier_class=none|temperature_bin=ambient|contact_time_bin=short|shaking_time_bin=missing|phase_ratio_bin=missing;acid_class=nitrate|acid_strength_bin=high|nitrate_activity=high|pH_bin=missing|diluent_family=other|modifier_class=none|temperature_bin=ambient|contact_time_bin=missing|shaking_time_bin=medium|phase_ratio_bin=missing,0.490909,5.9942,22.0,25.0,planned,ok,,,
5826276f1bcb,,63,Eu,3,CCCCN(C)C(=O)CC(=O)N(C)CCCC,CCCCN(C)C(=O)CC(=O)N(C)CCCC,"[7, 10]","[""O(amide_carbonyl)"", ""O(amide_carbonyl)""]",2,9,4,nitrate,nitrate,1,63|CCCCN(C)C(=O)CC(=O)N(C)CCCC|nitrate,3,1,acid_class=nitrate|acid_strength_bin=high|nitrate_activity=high|pH_bin=missing|diluent_family=aromatic|modifier_class=none|temperature_bin=ambient|contact_time_bin=missing|shaking_time_bin=missing|phase_ratio_bin=missing,2.0,4.0,25.0,25.0,planned,fill_1x_nitrate,,,
30f5b0a8fc33,,57,La,3,CCCCCCOCCC(C(=O)N(C)CCCC)C(=O)N(C)CCCC,CCCCCCOCCC(C(=O)N(C)CCCC)C(=O)N(C)CCCC,"[6, 11, 19]","[""O(ether)"", ""O(amide_carbonyl)"", ""O(amide_carbonyl)""]",3,9,3,nitrate,nitrate,0,57|CCCCCCOCCC(C(=O)N(C)CCCC)C(=O)N(C)CCCC|nitrate,2,1,acid_class=nitrate|acid_strength_bin=high|nitrate_activity=high|pH_bin=missing|diluent_family=aromatic|modifier_class=none|temperature_bin=ambient|contact_time_bin=missing|shaking_time_bin=missing|phase_ratio_bin=missing,3.0,5.0,25.0,25.0,planned,fill_1x_nitrate,,,
f3def7cf2cd1,,59,Pr,3,CCCCCCCCP(=O)(CC(=O)N(CC(C)C)CC(C)C)c1ccccc1,CCCCCCCCP(=O)(CC(=O)N(CC(C)C)CC(C)C)c1ccccc1,"[9, 12]","[""O(ether)"", ""O(amide_carbonyl)""]",2,9,4,nitrate,nitrate,1,59|CCCCCCCCP(=O)(CC(=O)N(CC(C)C)CC(C)C)c1ccccc1|nitrate,2,2,acid_class=nitrate|acid_strength_bin=high|nitrate_activity=high|pH_bin=missing|diluent_family=aliphatic_hydrocarbon|modifier_class=none|temperature_bin=ambient|contact_time_bin=missing|shaking_time_bin=missing|phase_ratio_bin=missing;acid_class=nitrate|acid_strength_bin=very_high|nitrate_activity=very_high|pH_bin=missing|diluent_family=alcohol_modifier|modifier_class=none|temperature_bin=ambient|contact_time_bin=missing|shaking_time_bin=missing|phase_ratio_bin=missing,2.0,6.0,25.0,30.0,planned,fill_1x_nitrate,,,
41cf78d27638,,60,Nd,3,CCCCCCCCP(=O)(CC(=O)N(CC(C)C)CC(C)C)c1ccccc1,CCCCCCCCP(=O)(CC(=O)N(CC(C)C)CC(C)C)c1ccccc1,"[9, 12]","[""O(ether)"", ""O(amide_carbonyl)""]",2,9,4,nitrate,nitrate,1,60|CCCCCCCCP(=O)(CC(=O)N(CC(C)C)CC(C)C)c1ccccc1|nitrate,2,2,acid_class=nitrate|acid_strength_bin=high|nitrate_activity=high|pH_bin=missing|diluent_family=aliphatic_hydrocarbon|modifier_class=none|temperature_bin=ambient|contact_time_bin=missing|shaking_time_bin=missing|phase_ratio_bin=missing;acid_class=nitrate|acid_strength_bin=very_high|nitrate_activity=very_high|pH_bin=missing|diluent_family=alcohol_modifier|modifier_class=none|temperature_bin=ambient|contact_time_bin=missing|shaking_time_bin=missing|phase_ratio_bin=missing,2.0,6.0,25.0,30.0,planned,fill_1x_nitrate,,,
96914ff1df96,,63,Eu,3,CCCCCCCCP(=O)(CC(=O)N(CC(C)C)CC(C)C)c1ccccc1,CCCCCCCCP(=O)(CC(=O)N(CC(C)C)CC(C)C)c1ccccc1,"[9, 12]","[""O(ether)"", ""O(amide_carbonyl)""]",2,9,4,nitrate,nitrate,1,63|CCCCCCCCP(=O)(CC(=O)N(CC(C)C)CC(C)C)c1ccccc1|nitrate,2,2,acid_class=nitrate|acid_strength_bin=high|nitrate_activity=high|pH_bin=missing|diluent_family=aliphatic_hydrocarbon|modifier_class=none|temperature_bin=ambient|contact_time_bin=missing|shaking_time_bin=missing|phase_ratio_bin=missing;acid_class=nitrate|acid_strength_bin=very_high|nitrate_activity=very_high|pH_bin=missing|diluent_family=alcohol_modifier|modifier_class=none|temperature_bin=ambient|contact_time_bin=missing|shaking_time_bin=missing|phase_ratio_bin=missing,2.0,6.0,25.0,30.0,planned,fill_1x_nitrate,,,
e432296ef3a0,,57,La,3,CCCCN(C)C(=O)CC(=O)N(C)CCCC,CCCCN(C)C(=O)CC(=O)N(C)CCCC,"[7, 10]","[""O(amide_carbonyl)"", ""O(amide_carbonyl)""]",2,9,4,nitrate,nitrate,1,57|CCCCN(C)C(=O)CC(=O)N(C)CCCC|nitrate,3,1,acid_class=nitrate|acid_strength_bin=high|nitrate_activity=high|pH_bin=missing|diluent_family=aromatic|modifier_class=none|temperature_bin=ambient|contact_time_bin=missing|shaking_time_bin=missing|phase_ratio_bin=missing,2.0,4.0,25.0,25.0,planned,fill_1x_nitrate,,,
0e14cd9e00e1,,60,Nd,3,CCCCN(C)C(=O)CC(=O)N(C)CCCC,CCCCN(C)C(=O)CC(=O)N(C)CCCC,"[7, 10]","[""O(amide_carbonyl)"", ""O(amide_carbonyl)""]",2,9,4,nitrate,nitrate,1,60|CCCCN(C)C(=O)CC(=O)N(C)CCCC|nitrate,3,1,acid_class=nitrate|acid_strength_bin=high|nitrate_activity=high|pH_bin=missing|diluent_family=aromatic|modifier_class=none|temperature_bin=ambient|contact_time_bin=missing|shaking_time_bin=missing|phase_ratio_bin=missing,2.0,4.0,25.0,25.0,planned,fill_1x_nitrate,,,
92f7d2015574,,63,Eu,3,CCCCCCOCCC(C(=O)N(C)CCCC)C(=O)N(C)CCCC,CCCCCCOCCC(C(=O)N(C)CCCC)C(=O)N(C)CCCC,"[6, 11, 19]","[""O(ether)"", ""O(amide_carbonyl)"", ""O(amide_carbonyl)""]",3,9,3,nitrate,nitrate,0,63|CCCCCCOCCC(C(=O)N(C)CCCC)C(=O)N(C)CCCC|nitrate,2,1,acid_class=nitrate|acid_strength_bin=high|nitrate_activity=high|pH_bin=missing|diluent_family=aromatic|modifier_class=none|temperature_bin=ambient|contact_time_bin=missing|shaking_time_bin=missing|phase_ratio_bin=missing,3.0,5.0,25.0,25.0,planned,fill_1x_nitrate,,,
c544ee8a251c,,60,Nd,3,CCCCCCOCCC(C(=O)N(C)CCCC)C(=O)N(C)CCCC,CCCCCCOCCC(C(=O)N(C)CCCC)C(=O)N(C)CCCC,"[6, 11, 19]","[""O(ether)"", ""O(amide_carbonyl)"", ""O(amide_carbonyl)""]",3,9,3,nitrate,nitrate,0,60|CCCCCCOCCC(C(=O)N(C)CCCC)C(=O)N(C)CCCC|nitrate,2,1,acid_class=nitrate|acid_strength_bin=high|nitrate_activity=high|pH_bin=missing|diluent_family=aromatic|modifier_class=none|temperature_bin=ambient|contact_time_bin=missing|shaking_time_bin=missing|phase_ratio_bin=missing,3.0,5.0,25.0,25.0,planned,fill_1x_nitrate,,,
72e74d3d47e2,,64,Gd,3,CCCCCCN(CCCCCC)C(=O)CC(=O)N(CCCCCC)CCCCCC,CCCCCCN(CCCCCC)C(=O)CC(=O)N(CCCCCC)CCCCCC,"[14, 17]","[""O(amide_carbonyl)"", ""O(amide_carbonyl)""]",2,9,4,nitrate,nitrate,1,64|CCCCCCN(CCCCCC)C(=O)CC(=O)N(CCCCCC)CCCCCC|nitrate,1,1,acid_class=nitrate|acid_strength_bin=low|nitrate_activity=low|pH_bin=missing|diluent_family=aromatic|modifier_class=none|temperature_bin=ambient|contact_time_bin=missing|shaking_time_bin=missing|phase_ratio_bin=missing,0.1,0.1,25.0,25.0,planned,fill_1x_nitrate,,,
36e15ccb1383,,68,Er,3,CCCCCCN(CCCCCC)C(=O)CC(=O)N(CCCCCC)CCCCCC,CCCCCCN(CCCCCC)C(=O)CC(=O)N(CCCCCC)CCCCCC,"[14, 17]","[""O(amide_carbonyl)"", ""O(amide_carbonyl)""]",2,8,4,nitrate,nitrate,0,68|CCCCCCN(CCCCCC)C(=O)CC(=O)N(CCCCCC)CCCCCC|nitrate,1,1,acid_class=nitrate|acid_strength_bin=low|nitrate_activity=low|pH_bin=missing|diluent_family=aromatic|modifier_class=none|temperature_bin=ambient|contact_time_bin=missing|shaking_time_bin=missing|phase_ratio_bin=missing,0.1,0.1,25.0,25.0,planned,ok,,,
d5355fd47e33,,65,Tb,3,CCCCCCN(CCCCCC)C(=O)CC(=O)N(CCCCCC)CCCCCC,CCCCCCN(CCCCCC)C(=O)CC(=O)N(CCCCCC)CCCCCC,"[14, 17]","[""O(amide_carbonyl)"", ""O(amide_carbonyl)""]",2,8,4,nitrate,nitrate,0,65|CCCCCCN(CCCCCC)C(=O)CC(=O)N(CCCCCC)CCCCCC|nitrate,1,1,acid_class=nitrate|acid_strength_bin=low|nitrate_activity=low|pH_bin=missing|diluent_family=aromatic|modifier_class=none|temperature_bin=ambient|contact_time_bin=missing|shaking_time_bin=missing|phase_ratio_bin=missing,0.1,0.1,25.0,25.0,planned,ok,,,
e12925d7cdf4,,63,Eu,3,CCCCCCN(CCCCCC)C(=O)CC(=O)N(CCCCCC)CCCCCC,CCCCCCN(CCCCCC)C(=O)CC(=O)N(CCCCCC)CCCCCC,"[14, 17]","[""O(amide_carbonyl)"", ""O(amide_carbonyl)""]",2,9,4,nitrate,nitrate,1,63|CCCCCCN(CCCCCC)C(=O)CC(=O)N(CCCCCC)CCCCCC|nitrate,1,1,acid_class=nitrate|acid_strength_bin=low|nitrate_activity=low|pH_bin=missing|diluent_family=aromatic|modifier_class=none|temperature_bin=ambient|contact_time_bin=missing|shaking_time_bin=missing|phase_ratio_bin=missing,0.1,0.1,25.0,25.0,planned,fill_1x_nitrate,,,
74994befb54c,,68,Er,3,CCCCCCCCN(C)C(=O)CC(=O)N(C)CCCCCCCC,CCCCCCCCN(C)C(=O)CC(=O)N(C)CCCCCCCC,"[11, 14]","[""O(amide_carbonyl)"", ""O(amide_carbonyl)""]",2,8,4,nitrate,nitrate,0,68|CCCCCCCCN(C)C(=O)CC(=O)N(C)CCCCCCCC|nitrate,1,1,acid_class=nitrate|acid_strength_bin=low|nitrate_activity=low|pH_bin=missing|diluent_family=aromatic|modifier_class=none|temperature_bin=ambient|contact_time_bin=missing|shaking_time_bin=missing|phase_ratio_bin=missing,0.1,0.1,25.0,25.0,planned,ok,,,
b280ab6a44f9,,59,Pr,3,CCCCCCN(CCCCCC)C(=O)CC(=O)N(CCCCCC)CCCCCC,CCCCCCN(CCCCCC)C(=O)CC(=O)N(CCCCCC)CCCCCC,"[14, 17]","[""O(amide_carbonyl)"", ""O(amide_carbonyl)""]",2,9,4,nitrate,nitrate,1,59|CCCCCCN(CCCCCC)C(=O)CC(=O)N(CCCCCC)CCCCCC|nitrate,1,1,acid_class=nitrate|acid_strength_bin=low|nitrate_activity=low|pH_bin=missing|diluent_family=aromatic|modifier_class=none|temperature_bin=ambient|contact_time_bin=missing|shaking_time_bin=missing|phase_ratio_bin=missing,0.1,0.1,25.0,25.0,planned,fill_1x_nitrate,,,
565df3b892a1,,57,La,3,CCCCCCN(CCCCCC)C(=O)CC(=O)N(CCCCCC)CCCCCC,CCCCCCN(CCCCCC)C(=O)CC(=O)N(CCCCCC)CCCCCC,"[14, 17]","[""O(amide_carbonyl)"", ""O(amide_carbonyl)""]",2,9,4,nitrate,nitrate,1,57|CCCCCCN(CCCCCC)C(=O)CC(=O)N(CCCCCC)CCCCCC|nitrate,1,1,acid_class=nitrate|acid_strength_bin=low|nitrate_activity=low|pH_bin=missing|diluent_family=aromatic|modifier_class=none|temperature_bin=ambient|contact_time_bin=missing|shaking_time_bin=missing|phase_ratio_bin=missing,0.1,0.1,25.0,25.0,planned,fill_1x_nitrate,,,
c2a594478281,,68,Er,3,CCCCCCN(C)C(=O)CC(=O)N(C)CCCCCC,CCCCCCN(C)C(=O)CC(=O)N(C)CCCCCC,"[9, 12]","[""O(amide_carbonyl)"", ""O(amide_carbonyl)""]",2,8,4,nitrate,nitrate,0,68|CCCCCCN(C)C(=O)CC(=O)N(C)CCCCCC|nitrate,1,1,acid_class=nitrate|acid_strength_bin=low|nitrate_activity=low|pH_bin=missing|diluent_family=aromatic|modifier_class=none|temperature_bin=ambient|contact_time_bin=missing|shaking_time_bin=missing|phase_ratio_bin=missing,0.1,0.1,25.0,25.0,planned,ok,,,
3bd15b1e93cf,,66,Dy,3,CCCCCCN(C)C(=O)CC(=O)N(C)CCCCCC,CCCCCCN(C)C(=O)CC(=O)N(C)CCCCCC,"[9, 12]","[""O(amide_carbonyl)"", ""O(amide_carbonyl)""]",2,8,4,nitrate,nitrate,0,66|CCCCCCN(C)C(=O)CC(=O)N(C)CCCCCC|nitrate,1,1,acid_class=nitrate|acid_strength_bin=low|nitrate_activity=low|pH_bin=missing|diluent_family=aromatic|modifier_class=none|temperature_bin=ambient|contact_time_bin=missing|shaking_time_bin=missing|phase_ratio_bin=missing,0.1,0.1,25.0,25.0,planned,ok,,,
4ac97b18a381,,65,Tb,3,CCCCCCN(C)C(=O)CC(=O)N(C)CCCCCC,CCCCCCN(C)C(=O)CC(=O)N(C)CCCCCC,"[9, 12]","[""O(amide_carbonyl)"", ""O(amide_carbonyl)""]",2,8,4,nitrate,nitrate,0,65|CCCCCCN(C)C(=O)CC(=O)N(C)CCCCCC|nitrate,1,1,acid_class=nitrate|acid_strength_bin=low|nitrate_activity=low|pH_bin=missing|diluent_family=aromatic|modifier_class=none|temperature_bin=ambient|contact_time_bin=missing|shaking_time_bin=missing|phase_ratio_bin=missing,0.1,0.1,25.0,25.0,planned,ok,,,
4a8982e90a94,,57,La,3,CCCCCCCCN(CCCCCCCC)C(=O)CC(=O)N(CCCCCCCC)CCCCCCCC,CCCCCCCCN(CCCCCCCC)C(=O)CC(=O)N(CCCCCCCC)CCCCCCCC,"[18, 21]","[""O(amide_carbonyl)"", ""O(amide_carbonyl)""]",2,9,4,nitrate,nitrate,1,57|CCCCCCCCN(CCCCCCCC)C(=O)CC(=O)N(CCCCCCCC)CCCCCCCC|nitrate,1,1,acid_class=nitrate|acid_strength_bin=low|nitrate_activity=low|pH_bin=missing|diluent_family=aromatic|modifier_class=none|temperature_bin=ambient|contact_time_bin=missing|shaking_time_bin=missing|phase_ratio_bin=missing,0.1,0.1,25.0,25.0,planned,fill_1x_nitrate,,,
c34baebca319,,62,Sm,3,CCCCCCN(CCCCCC)C(=O)CC(=O)N(CCCCCC)CCCCCC,CCCCCCN(CCCCCC)C(=O)CC(=O)N(CCCCCC)CCCCCC,"[14, 17]","[""O(amide_carbonyl)"", ""O(amide_carbonyl)""]",2,9,4,nitrate,nitrate,1,62|CCCCCCN(CCCCCC)C(=O)CC(=O)N(CCCCCC)CCCCCC|nitrate,1,1,acid_class=nitrate|acid_strength_bin=low|nitrate_activity=low|pH_bin=missing|diluent_family=aromatic|modifier_class=none|temperature_bin=ambient|contact_time_bin=missing|shaking_time_bin=missing|phase_ratio_bin=missing,0.1,0.1,25.0,25.0,planned,fill_1x_nitrate,,,
e0626e31cd7e,,59,Pr,3,CCCCCCCCN(CCCCCCCC)C(=O)CC(=O)N(CCCCCCCC)CCCCCCCC,CCCCCCCCN(CCCCCCCC)C(=O)CC(=O)N(CCCCCCCC)CCCCCCCC,"[18, 21]","[""O(amide_carbonyl)"", ""O(amide_carbonyl)""]",2,9,4,nitrate,nitrate,1,59|CCCCCCCCN(CCCCCCCC)C(=O)CC(=O)N(CCCCCCCC)CCCCCCCC|nitrate,1,1,acid_class=nitrate|acid_strength_bin=low|nitrate_activity=low|pH_bin=missing|diluent_family=aromatic|modifier_class=none|temperature_bin=ambient|contact_time_bin=missing|shaking_time_bin=missing|phase_ratio_bin=missing,0.1,0.1,25.0,25.0,planned,fill_1x_nitrate,,,
76f5e8b1cf36,,68,Er,3,CCCCCCCCN(CCCCCCCC)C(=O)CC(=O)N(CCCCCCCC)CCCCCCCC,CCCCCCCCN(CCCCCCCC)C(=O)CC(=O)N(CCCCCCCC)CCCCCCCC,"[18, 21]","[""O(amide_carbonyl)"", ""O(amide_carbonyl)""]",2,8,4,nitrate,nitrate,0,68|CCCCCCCCN(CCCCCCCC)C(=O)CC(=O)N(CCCCCCCC)CCCCCCCC|nitrate,1,1,acid_class=nitrate|acid_strength_bin=low|nitrate_activity=low|pH_bin=missing|diluent_family=aromatic|modifier_class=none|temperature_bin=ambient|contact_time_bin=missing|shaking_time_bin=missing|phase_ratio_bin=missing,0.1,0.1,25.0,25.0,planned,ok,,,
33940a8ecd8f,,62,Sm,3,CCCCCCCCN(CCCCCCCC)C(=O)CC(=O)N(CCCCCCCC)CCCCCCCC,CCCCCCCCN(CCCCCCCC)C(=O)CC(=O)N(CCCCCCCC)CCCCCCCC,"[18, 21]","[""O(amide_carbonyl)"", ""O(amide_carbonyl)""]",2,9,4,nitrate,nitrate,1,62|CCCCCCCCN(CCCCCCCC)C(=O)CC(=O)N(CCCCCCCC)CCCCCCCC|nitrate,1,1,acid_class=nitrate|acid_strength_bin=low|nitrate_activity=low|pH_bin=missing|diluent_family=aromatic|modifier_class=none|temperature_bin=ambient|contact_time_bin=missing|shaking_time_bin=missing|phase_ratio_bin=missing,0.1,0.1,25.0,25.0,planned,fill_1x_nitrate,,,
4dbb9790637e,,63,Eu,3,CCCCCCCCN(CCCCCCCC)C(=O)CC(=O)N(CCCCCCCC)CCCCCCCC,CCCCCCCCN(CCCCCCCC)C(=O)CC(=O)N(CCCCCCCC)CCCCCCCC,"[18, 21]","[""O(amide_carbonyl)"", ""O(amide_carbonyl)""]",2,9,4,nitrate,nitrate,1,63|CCCCCCCCN(CCCCCCCC)C(=O)CC(=O)N(CCCCCCCC)CCCCCCCC|nitrate,1,1,acid_class=nitrate|acid_strength_bin=low|nitrate_activity=low|pH_bin=missing|diluent_family=aromatic|modifier_class=none|temperature_bin=ambient|contact_time_bin=missing|shaking_time_bin=missing|phase_ratio_bin=missing,0.1,0.1,25.0,25.0,planned,fill_1x_nitrate,,,
aa36ff9b1588,,64,Gd,3,CCCCCCCCN(CCCCCCCC)C(=O)CC(=O)N(CCCCCCCC)CCCCCCCC,CCCCCCCCN(CCCCCCCC)C(=O)CC(=O)N(CCCCCCCC)CCCCCCCC,"[18, 21]","[""O(amide_carbonyl)"", ""O(amide_carbonyl)""]",2,9,4,nitrate,nitrate,1,64|CCCCCCCCN(CCCCCCCC)C(=O)CC(=O)N(CCCCCCCC)CCCCCCCC|nitrate,1,1,acid_class=nitrate|acid_strength_bin=low|nitrate_activity=low|pH_bin=missing|diluent_family=aromatic|modifier_class=none|temperature_bin=ambient|contact_time_bin=missing|shaking_time_bin=missing|phase_ratio_bin=missing,0.1,0.1,25.0,25.0,planned,fill_1x_nitrate,,,
d911b763086a,,65,Tb,3,CCCCCCCCN(CCCCCCCC)C(=O)CC(=O)N(CCCCCCCC)CCCCCCCC,CCCCCCCCN(CCCCCCCC)C(=O)CC(=O)N(CCCCCCCC)CCCCCCCC,"[18, 21]","[""O(amide_carbonyl)"", ""O(amide_carbonyl)""]",2,8,4,nitrate,nitrate,0,65|CCCCCCCCN(CCCCCCCC)C(=O)CC(=O)N(CCCCCCCC)CCCCCCCC|nitrate,1,1,acid_class=nitrate|acid_strength_bin=low|nitrate_activity=low|pH_bin=missing|diluent_family=aromatic|modifier_class=none|temperature_bin=ambient|contact_time_bin=missing|shaking_time_bin=missing|phase_ratio_bin=missing,0.1,0.1,25.0,25.0,planned,ok,,,
75d4009f7aec,,66,Dy,3,CCCCCCCCN(CCCCCCCC)C(=O)CC(=O)N(CCCCCCCC)CCCCCCCC,CCCCCCCCN(CCCCCCCC)C(=O)CC(=O)N(CCCCCCCC)CCCCCCCC,"[18, 21]","[""O(amide_carbonyl)"", ""O(amide_carbonyl)""]",2,8,4,nitrate,nitrate,0,66|CCCCCCCCN(CCCCCCCC)C(=O)CC(=O)N(CCCCCCCC)CCCCCCCC|nitrate,1,1,acid_class=nitrate|acid_strength_bin=low|nitrate_activity=low|pH_bin=missing|diluent_family=aromatic|modifier_class=none|temperature_bin=ambient|contact_time_bin=missing|shaking_time_bin=missing|phase_ratio_bin=missing,0.1,0.1,25.0,25.0,planned,ok,,,
447e5cac899d,,64,Gd,3,CCCCCCN(C)C(=O)CC(=O)N(C)CCCCCC,CCCCCCN(C)C(=O)CC(=O)N(C)CCCCCC,"[9, 12]","[""O(amide_carbonyl)"", ""O(amide_carbonyl)""]",2,9,4,nitrate,nitrate,1,64|CCCCCCN(C)C(=O)CC(=O)N(C)CCCCCC|nitrate,1,1,acid_class=nitrate|acid_strength_bin=low|nitrate_activity=low|pH_bin=missing|diluent_family=aromatic|modifier_class=none|temperature_bin=ambient|contact_time_bin=missing|shaking_time_bin=missing|phase_ratio_bin=missing,0.1,0.1,25.0,25.0,planned,fill_1x_nitrate,,,
acbc460f3e74,,59,Pr,3,CCCCN(CCCC)C(=O)CC(=O)N(CCCC)CCCC,CCCCN(CCCC)C(=O)CC(=O)N(CCCC)CCCC,"[10, 13]","[""O(amide_carbonyl)"", ""O(amide_carbonyl)""]",2,9,4,nitrate,nitrate,1,59|CCCCN(CCCC)C(=O)CC(=O)N(CCCC)CCCC|nitrate,1,1,acid_class=nitrate|acid_strength_bin=low|nitrate_activity=low|pH_bin=missing|diluent_family=aromatic|modifier_class=none|temperature_bin=ambient|contact_time_bin=missing|shaking_time_bin=missing|phase_ratio_bin=missing,0.1,0.1,25.0,25.0,planned,fill_1x_nitrate,,,
ab9583a086df,,60,Nd,3,CCCCN(CCCC)C(=O)CC(=O)N(CCCC)CCCC,CCCCN(CCCC)C(=O)CC(=O)N(CCCC)CCCC,"[10, 13]","[""O(amide_carbonyl)"", ""O(amide_carbonyl)""]",2,9,4,nitrate,nitrate,1,60|CCCCN(CCCC)C(=O)CC(=O)N(CCCC)CCCC|nitrate,1,1,acid_class=nitrate|acid_strength_bin=low|nitrate_activity=low|pH_bin=missing|diluent_family=aromatic|modifier_class=none|temperature_bin=ambient|contact_time_bin=missing|shaking_time_bin=missing|phase_ratio_bin=missing,0.1,0.1,25.0,25.0,planned,fill_1x_nitrate,,,
9727f98dd0ad,,62,Sm,3,CCCCN(CCCC)C(=O)CC(=O)N(CCCC)CCCC,CCCCN(CCCC)C(=O)CC(=O)N(CCCC)CCCC,"[10, 13]","[""O(amide_carbonyl)"", ""O(amide_carbonyl)""]",2,9,4,nitrate,nitrate,1,62|CCCCN(CCCC)C(=O)CC(=O)N(CCCC)CCCC|nitrate,1,1,acid_class=nitrate|acid_strength_bin=low|nitrate_activity=low|pH_bin=missing|diluent_family=aromatic|modifier_class=none|temperature_bin=ambient|contact_time_bin=missing|shaking_time_bin=missing|phase_ratio_bin=missing,0.1,0.1,25.0,25.0,planned,fill_1x_nitrate,,,
64a8e48f3f41,,63,Eu,3,CCCCN(CCCC)C(=O)CC(=O)N(CCCC)CCCC,CCCCN(CCCC)C(=O)CC(=O)N(CCCC)CCCC,"[10, 13]","[""O(amide_carbonyl)"", ""O(amide_carbonyl)""]",2,9,4,nitrate,nitrate,1,63|CCCCN(CCCC)C(=O)CC(=O)N(CCCC)CCCC|nitrate,1,1,acid_class=nitrate|acid_strength_bin=low|nitrate_activity=low|pH_bin=missing|diluent_family=aromatic|modifier_class=none|temperature_bin=ambient|contact_time_bin=missing|shaking_time_bin=missing|phase_ratio_bin=missing,0.1,0.1,25.0,25.0,planned,fill_1x_nitrate,,,
a2aa438d036b,,65,Tb,3,CCCCN(CCCC)C(=O)CC(=O)N(CCCC)CCCC,CCCCN(CCCC)C(=O)CC(=O)N(CCCC)CCCC,"[10, 13]","[""O(amide_carbonyl)"", ""O(amide_carbonyl)""]",2,8,4,nitrate,nitrate,0,65|CCCCN(CCCC)C(=O)CC(=O)N(CCCC)CCCC|nitrate,1,1,acid_class=nitrate|acid_strength_bin=low|nitrate_activity=low|pH_bin=missing|diluent_family=aromatic|modifier_class=none|temperature_bin=ambient|contact_time_bin=missing|shaking_time_bin=missing|phase_ratio_bin=missing,0.1,0.1,25.0,25.0,planned,ok,,,
6eed3d683da1,,66,Dy,3,CCCCN(CCCC)C(=O)CC(=O)N(CCCC)CCCC,CCCCN(CCCC)C(=O)CC(=O)N(CCCC)CCCC,"[10, 13]","[""O(amide_carbonyl)"", ""O(amide_carbonyl)""]",2,8,4,nitrate,nitrate,0,66|CCCCN(CCCC)C(=O)CC(=O)N(CCCC)CCCC|nitrate,1,1,acid_class=nitrate|acid_strength_bin=low|nitrate_activity=low|pH_bin=missing|diluent_family=aromatic|modifier_class=none|temperature_bin=ambient|contact_time_bin=missing|shaking_time_bin=missing|phase_ratio_bin=missing,0.1,0.1,25.0,25.0,planned,ok,,,
9f9884fbdcc6,,60,Nd,3,CCCCCCCCN(CCCCCCCC)C(=O)CC(=O)N(CCCCCCCC)CCCCCCCC,CCCCCCCCN(CCCCCCCC)C(=O)CC(=O)N(CCCCCCCC)CCCCCCCC,"[18, 21]","[""O(amide_carbonyl)"", ""O(amide_carbonyl)""]",2,9,4,nitrate,nitrate,1,60|CCCCCCCCN(CCCCCCCC)C(=O)CC(=O)N(CCCCCCCC)CCCCCCCC|nitrate,1,1,acid_class=nitrate|acid_strength_bin=low|nitrate_activity=low|pH_bin=missing|diluent_family=aromatic|modifier_class=none|temperature_bin=ambient|contact_time_bin=missing|shaking_time_bin=missing|phase_ratio_bin=missing,0.1,0.1,25.0,25.0,planned,fill_1x_nitrate,,,
fb58571ea1e3,,63,Eu,3,CCCCCCN(C)C(=O)CC(=O)N(C)CCCCCC,CCCCCCN(C)C(=O)CC(=O)N(C)CCCCCC,"[9, 12]","[""O(amide_carbonyl)"", ""O(amide_carbonyl)""]",2,9,4,nitrate,nitrate,1,63|CCCCCCN(C)C(=O)CC(=O)N(C)CCCCCC|nitrate,1,1,acid_class=nitrate|acid_strength_bin=low|nitrate_activity=low|pH_bin=missing|diluent_family=aromatic|modifier_class=none|temperature_bin=ambient|contact_time_bin=missing|shaking_time_bin=missing|phase_ratio_bin=missing,0.1,0.1,25.0,25.0,planned,fill_1x_nitrate,,,
a0171bc7cc0b,,64,Gd,3,CCCCCCCCN(C)C(=O)CC(=O)N(C)CCCCCCCC,CCCCCCCCN(C)C(=O)CC(=O)N(C)CCCCCCCC,"[11, 14]","[""O(amide_carbonyl)"", ""O(amide_carbonyl)""]",2,9,4,nitrate,nitrate,1,64|CCCCCCCCN(C)C(=O)CC(=O)N(C)CCCCCCCC|nitrate,1,1,acid_class=nitrate|acid_strength_bin=low|nitrate_activity=low|pH_bin=missing|diluent_family=aromatic|modifier_class=none|temperature_bin=ambient|contact_time_bin=missing|shaking_time_bin=missing|phase_ratio_bin=missing,0.1,0.1,25.0,25.0,planned,fill_1x_nitrate,,,
c6207e834de5,,60,Nd,3,CCCCCCN(C)C(=O)CC(=O)N(C)CCCCCC,CCCCCCN(C)C(=O)CC(=O)N(C)CCCCCC,"[9, 12]","[""O(amide_carbonyl)"", ""O(amide_carbonyl)""]",2,9,4,nitrate,nitrate,1,60|CCCCCCN(C)C(=O)CC(=O)N(C)CCCCCC|nitrate,1,1,acid_class=nitrate|acid_strength_bin=low|nitrate_activity=low|pH_bin=missing|diluent_family=aromatic|modifier_class=none|temperature_bin=ambient|contact_time_bin=missing|shaking_time_bin=missing|phase_ratio_bin=missing,0.1,0.1,25.0,25.0,planned,fill_1x_nitrate,,,
43d1908c5871,,68,Er,3,CCCCN(CCCC)C(=O)CC(=O)N(CCCC)CCCC,CCCCN(CCCC)C(=O)CC(=O)N(CCCC)CCCC,"[10, 13]","[""O(amide_carbonyl)"", ""O(amide_carbonyl)""]",2,8,4,nitrate,nitrate,0,68|CCCCN(CCCC)C(=O)CC(=O)N(CCCC)CCCC|nitrate,1,1,acid_class=nitrate|acid_strength_bin=low|nitrate_activity=low|pH_bin=missing|diluent_family=aromatic|modifier_class=none|temperature_bin=ambient|contact_time_bin=missing|shaking_time_bin=missing|phase_ratio_bin=missing,0.1,0.1,25.0,25.0,planned,ok,,,
0df3026619d7,,64,Gd,3,CCCCN(CCCC)C(=O)CC(=O)N(CCCC)CCCC,CCCCN(CCCC)C(=O)CC(=O)N(CCCC)CCCC,"[10, 13]","[""O(amide_carbonyl)"", ""O(amide_carbonyl)""]",2,9,4,nitrate,nitrate,1,64|CCCCN(CCCC)C(=O)CC(=O)N(CCCC)CCCC|nitrate,1,1,acid_class=nitrate|acid_strength_bin=low|nitrate_activity=low|pH_bin=missing|diluent_family=aromatic|modifier_class=none|temperature_bin=ambient|contact_time_bin=missing|shaking_time_bin=missing|phase_ratio_bin=missing,0.1,0.1,25.0,25.0,planned,fill_1x_nitrate,,,
57d7c9a51075,,57,La,3,CCCCN(CCCC)C(=O)CC(=O)N(CCCC)CCCC,CCCCN(CCCC)C(=O)CC(=O)N(CCCC)CCCC,"[10, 13]","[""O(amide_carbonyl)"", ""O(amide_carbonyl)""]",2,9,4,nitrate,nitrate,1,57|CCCCN(CCCC)C(=O)CC(=O)N(CCCC)CCCC|nitrate,1,1,acid_class=nitrate|acid_strength_bin=low|nitrate_activity=low|pH_bin=missing|diluent_family=aromatic|modifier_class=none|temperature_bin=ambient|contact_time_bin=missing|shaking_time_bin=missing|phase_ratio_bin=missing,0.1,0.1,25.0,25.0,planned,fill_1x_nitrate,,,
bcc96fe0b456,,66,Dy,3,CCCCCCN(CCCCCC)C(=O)CC(=O)N(CCCCCC)CCCCCC,CCCCCCN(CCCCCC)C(=O)CC(=O)N(CCCCCC)CCCCCC,"[14, 17]","[""O(amide_carbonyl)"", ""O(amide_carbonyl)""]",2,8,4,nitrate,nitrate,0,66|CCCCCCN(CCCCCC)C(=O)CC(=O)N(CCCCCC)CCCCCC|nitrate,1,1,acid_class=nitrate|acid_strength_bin=low|nitrate_activity=low|pH_bin=missing|diluent_family=aromatic|modifier_class=none|temperature_bin=ambient|contact_time_bin=missing|shaking_time_bin=missing|phase_ratio_bin=missing,0.1,0.1,25.0,25.0,planned,ok,,,
9b8221fee813,,60,Nd,3,CCCCCCN(CCCCCC)C(=O)CC(=O)N(CCCCCC)CCCCCC,CCCCCCN(CCCCCC)C(=O)CC(=O)N(CCCCCC)CCCCCC,"[14, 17]","[""O(amide_carbonyl)"", ""O(amide_carbonyl)""]",2,9,4,nitrate,nitrate,1,60|CCCCCCN(CCCCCC)C(=O)CC(=O)N(CCCCCC)CCCCCC|nitrate,1,1,acid_class=nitrate|acid_strength_bin=low|nitrate_activity=low|pH_bin=missing|diluent_family=aromatic|modifier_class=none|temperature_bin=ambient|contact_time_bin=missing|shaking_time_bin=missing|phase_ratio_bin=missing,0.1,0.1,25.0,25.0,planned,fill_1x_nitrate,,,
5dd23c7b3686,,57,La,3,CCCCCCN(C)C(=O)CC(=O)N(C)CCCCCC,CCCCCCN(C)C(=O)CC(=O)N(C)CCCCCC,"[9, 12]","[""O(amide_carbonyl)"", ""O(amide_carbonyl)""]",2,9,4,nitrate,nitrate,1,57|CCCCCCN(C)C(=O)CC(=O)N(C)CCCCCC|nitrate,1,1,acid_class=nitrate|acid_strength_bin=low|nitrate_activity=low|pH_bin=missing|diluent_family=aromatic|modifier_class=none|temperature_bin=ambient|contact_time_bin=missing|shaking_time_bin=missing|phase_ratio_bin=missing,0.1,0.1,25.0,25.0,planned,fill_1x_nitrate,,,
67942a553292,,62,Sm,3,CCCCCCCCN(C)C(=O)C(CCCCCC)C(=O)N(C)CCCCCCCC,CCCCCCCCN(C)C(=O)C(CCCCCC)C(=O)N(C)CCCCCCCC,"[11, 20]","[""O(amide_carbonyl)"", ""O(amide_carbonyl)""]",2,9,4,nitrate,nitrate,1,62|CCCCCCCCN(C)C(=O)C(CCCCCC)C(=O)N(C)CCCCCCCC|nitrate,1,1,acid_class=nitrate|acid_strength_bin=low|nitrate_activity=low|pH_bin=missing|diluent_family=aromatic|modifier_class=none|temperature_bin=ambient|contact_time_bin=missing|shaking_time_bin=missing|phase_ratio_bin=missing,0.1,0.1,25.0,25.0,planned,fill_1x_nitrate,,,
26475200f159,,57,La,3,CCCCCCCCN(C)C(=O)C(CCCCCC)C(=O)N(C)CCCCCCCC,CCCCCCCCN(C)C(=O)C(CCCCCC)C(=O)N(C)CCCCCCCC,"[11, 20]","[""O(amide_carbonyl)"", ""O(amide_carbonyl)""]",2,9,4,nitrate,nitrate,1,57|CCCCCCCCN(C)C(=O)C(CCCCCC)C(=O)N(C)CCCCCCCC|nitrate,1,1,acid_class=nitrate|acid_strength_bin=low|nitrate_activity=low|pH_bin=missing|diluent_family=aromatic|modifier_class=none|temperature_bin=ambient|contact_time_bin=missing|shaking_time_bin=missing|phase_ratio_bin=missing,0.1,0.1,25.0,25.0,planned,fill_1x_nitrate,,,
46b6a5023c7f,,62,Sm,3,CCCCCCN(C)C(=O)CC(=O)N(C)CCCCCC,CCCCCCN(C)C(=O)CC(=O)N(C)CCCCCC,"[9, 12]","[""O(amide_carbonyl)"", ""O(amide_carbonyl)""]",2,9,4,nitrate,nitrate,1,62|CCCCCCN(C)C(=O)CC(=O)N(C)CCCCCC|nitrate,1,1,acid_class=nitrate|acid_strength_bin=low|nitrate_activity=low|pH_bin=missing|diluent_family=aromatic|modifier_class=none|temperature_bin=ambient|contact_time_bin=missing|shaking_time_bin=missing|phase_ratio_bin=missing,0.1,0.1,25.0,25.0,planned,fill_1x_nitrate,,,
fb8eb6781614,,60,Nd,3,CCCCCCCCN(C)C(=O)C(CCCCCC)C(=O)N(C)CCCCCCCC,CCCCCCCCN(C)C(=O)C(CCCCCC)C(=O)N(C)CCCCCCCC,"[11, 20]","[""O(amide_carbonyl)"", ""O(amide_carbonyl)""]",2,9,4,nitrate,nitrate,1,60|CCCCCCCCN(C)C(=O)C(CCCCCC)C(=O)N(C)CCCCCCCC|nitrate,1,1,acid_class=nitrate|acid_strength_bin=low|nitrate_activity=low|pH_bin=missing|diluent_family=aromatic|modifier_class=none|temperature_bin=ambient|contact_time_bin=missing|shaking_time_bin=missing|phase_ratio_bin=missing,0.1,0.1,25.0,25.0,planned,fill_1x_nitrate,,,
0d10d9826758,,63,Eu,3,CCCCCCCCN(C)C(=O)C(CCCCCC)C(=O)N(C)CCCCCCCC,CCCCCCCCN(C)C(=O)C(CCCCCC)C(=O)N(C)CCCCCCCC,"[11, 20]","[""O(amide_carbonyl)"", ""O(amide_carbonyl)""]",2,9,4,nitrate,nitrate,1,63|CCCCCCCCN(C)C(=O)C(CCCCCC)C(=O)N(C)CCCCCCCC|nitrate,1,1,acid_class=nitrate|acid_strength_bin=low|nitrate_activity=low|pH_bin=missing|diluent_family=aromatic|modifier_class=none|temperature_bin=ambient|contact_time_bin=missing|shaking_time_bin=missing|phase_ratio_bin=missing,0.1,0.1,25.0,25.0,planned,fill_1x_nitrate,,,
9be4eee26d31,,64,Gd,3,CCCCCCCCN(C)C(=O)C(CCCCCC)C(=O)N(C)CCCCCCCC,CCCCCCCCN(C)C(=O)C(CCCCCC)C(=O)N(C)CCCCCCCC,"[11, 20]","[""O(amide_carbonyl)"", ""O(amide_carbonyl)""]",2,9,4,nitrate,nitrate,1,64|CCCCCCCCN(C)C(=O)C(CCCCCC)C(=O)N(C)CCCCCCCC|nitrate,1,1,acid_class=nitrate|acid_strength_bin=low|nitrate_activity=low|pH_bin=missing|diluent_family=aromatic|modifier_class=none|temperature_bin=ambient|contact_time_bin=missing|shaking_time_bin=missing|phase_ratio_bin=missing,0.1,0.1,25.0,25.0,planned,fill_1x_nitrate,,,
54b5f1e8c33a,,59,Pr,3,CCCCCCCCN(C)C(=O)C(CCCCCC)C(=O)N(C)CCCCCCCC,CCCCCCCCN(C)C(=O)C(CCCCCC)C(=O)N(C)CCCCCCCC,"[11, 20]","[""O(amide_carbonyl)"", ""O(amide_carbonyl)""]",2,9,4,nitrate,nitrate,1,59|CCCCCCCCN(C)C(=O)C(CCCCCC)C(=O)N(C)CCCCCCCC|nitrate,1,1,acid_class=nitrate|acid_strength_bin=low|nitrate_activity=low|pH_bin=missing|diluent_family=aromatic|modifier_class=none|temperature_bin=ambient|contact_time_bin=missing|shaking_time_bin=missing|phase_ratio_bin=missing,0.1,0.1,25.0,25.0,planned,fill_1x_nitrate,,,
7218af7f73e0,,66,Dy,3,CCCCCCCCN(C)C(=O)C(CCCCCC)C(=O)N(C)CCCCCCCC,CCCCCCCCN(C)C(=O)C(CCCCCC)C(=O)N(C)CCCCCCCC,"[11, 20]","[""O(amide_carbonyl)"", ""O(amide_carbonyl)""]",2,8,4,nitrate,nitrate,0,66|CCCCCCCCN(C)C(=O)C(CCCCCC)C(=O)N(C)CCCCCCCC|nitrate,1,1,acid_class=nitrate|acid_strength_bin=low|nitrate_activity=low|pH_bin=missing|diluent_family=aromatic|modifier_class=none|temperature_bin=ambient|contact_time_bin=missing|shaking_time_bin=missing|phase_ratio_bin=missing,0.1,0.1,25.0,25.0,planned,ok,,,
0568596c93c3,,59,Pr,3,CCCCCCN(C)C(=O)CC(=O)N(C)CCCCCC,CCCCCCN(C)C(=O)CC(=O)N(C)CCCCCC,"[9, 12]","[""O(amide_carbonyl)"", ""O(amide_carbonyl)""]",2,9,4,nitrate,nitrate,1,59|CCCCCCN(C)C(=O)CC(=O)N(C)CCCCCC|nitrate,1,1,acid_class=nitrate|acid_strength_bin=low|nitrate_activity=low|pH_bin=missing|diluent_family=aromatic|modifier_class=none|temperature_bin=ambient|contact_time_bin=missing|shaking_time_bin=missing|phase_ratio_bin=missing,0.1,0.1,25.0,25.0,planned,fill_1x_nitrate,,,
b4b96a003a01,,65,Tb,3,CCCCCCCCN(C)C(=O)C(CCCCCC)C(=O)N(C)CCCCCCCC,CCCCCCCCN(C)C(=O)C(CCCCCC)C(=O)N(C)CCCCCCCC,"[11, 20]","[""O(amide_carbonyl)"", ""O(amide_carbonyl)""]",2,8,4,nitrate,nitrate,0,65|CCCCCCCCN(C)C(=O)C(CCCCCC)C(=O)N(C)CCCCCCCC|nitrate,1,1,acid_class=nitrate|acid_strength_bin=low|nitrate_activity=low|pH_bin=missing|diluent_family=aromatic|modifier_class=none|temperature_bin=ambient|contact_time_bin=missing|shaking_time_bin=missing|phase_ratio_bin=missing,0.1,0.1,25.0,25.0,planned,ok,,,
0b2630ca1d2e,,66,Dy,3,CCCCCCCCN(C)C(=O)CC(=O)N(C)CCCCCCCC,CCCCCCCCN(C)C(=O)CC(=O)N(C)CCCCCCCC,"[11, 14]","[""O(amide_carbonyl)"", ""O(amide_carbonyl)""]",2,8,4,nitrate,nitrate,0,66|CCCCCCCCN(C)C(=O)CC(=O)N(C)CCCCCCCC|nitrate,1,1,acid_class=nitrate|acid_strength_bin=low|nitrate_activity=low|pH_bin=missing|diluent_family=aromatic|modifier_class=none|temperature_bin=ambient|contact_time_bin=missing|shaking_time_bin=missing|phase_ratio_bin=missing,0.1,0.1,25.0,25.0,planned,ok,,,
710d25d80b46,,63,Eu,3,CCCCCCCCN(C)C(=O)CC(=O)N(C)CCCCCCCC,CCCCCCCCN(C)C(=O)CC(=O)N(C)CCCCCCCC,"[11, 14]","[""O(amide_carbonyl)"", ""O(amide_carbonyl)""]",2,9,4,nitrate,nitrate,1,63|CCCCCCCCN(C)C(=O)CC(=O)N(C)CCCCCCCC|nitrate,1,1,acid_class=nitrate|acid_strength_bin=low|nitrate_activity=low|pH_bin=missing|diluent_family=aromatic|modifier_class=none|temperature_bin=ambient|contact_time_bin=missing|shaking_time_bin=missing|phase_ratio_bin=missing,0.1,0.1,25.0,25.0,planned,fill_1x_nitrate,,,
9b8d81f13c2b,,65,Tb,3,CCCCCCCCN(C)C(=O)CC(=O)N(C)CCCCCCCC,CCCCCCCCN(C)C(=O)CC(=O)N(C)CCCCCCCC,"[11, 14]","[""O(amide_carbonyl)"", ""O(amide_carbonyl)""]",2,8,4,nitrate,nitrate,0,65|CCCCCCCCN(C)C(=O)CC(=O)N(C)CCCCCCCC|nitrate,1,1,acid_class=nitrate|acid_strength_bin=low|nitrate_activity=low|pH_bin=missing|diluent_family=aromatic|modifier_class=none|temperature_bin=ambient|contact_time_bin=missing|shaking_time_bin=missing|phase_ratio_bin=missing,0.1,0.1,25.0,25.0,planned,ok,,,
9cb117b39426,,60,Nd,3,CCCCCCCCN(C)C(=O)CC(=O)N(C)CCCCCCCC,CCCCCCCCN(C)C(=O)CC(=O)N(C)CCCCCCCC,"[11, 14]","[""O(amide_carbonyl)"", ""O(amide_carbonyl)""]",2,9,4,nitrate,nitrate,1,60|CCCCCCCCN(C)C(=O)CC(=O)N(C)CCCCCCCC|nitrate,1,1,acid_class=nitrate|acid_strength_bin=low|nitrate_activity=low|pH_bin=missing|diluent_family=aromatic|modifier_class=none|temperature_bin=ambient|contact_time_bin=missing|shaking_time_bin=missing|phase_ratio_bin=missing,0.1,0.1,25.0,25.0,planned,fill_1x_nitrate,,,
f3977c66f8e4,,59,Pr,3,CCCCCCCCN(C)C(=O)CC(=O)N(C)CCCCCCCC,CCCCCCCCN(C)C(=O)CC(=O)N(C)CCCCCCCC,"[11, 14]","[""O(amide_carbonyl)"", ""O(amide_carbonyl)""]",2,9,4,nitrate,nitrate,1,59|CCCCCCCCN(C)C(=O)CC(=O)N(C)CCCCCCCC|nitrate,1,1,acid_class=nitrate|acid_strength_bin=low|nitrate_activity=low|pH_bin=missing|diluent_family=aromatic|modifier_class=none|temperature_bin=ambient|contact_time_bin=missing|shaking_time_bin=missing|phase_ratio_bin=missing,0.1,0.1,25.0,25.0,planned,fill_1x_nitrate,,,
e1ef5a6db0e5,,57,La,3,CCCCCCCCN(C)C(=O)CC(=O)N(C)CCCCCCCC,CCCCCCCCN(C)C(=O)CC(=O)N(C)CCCCCCCC,"[11, 14]","[""O(amide_carbonyl)"", ""O(amide_carbonyl)""]",2,9,4,nitrate,nitrate,1,57|CCCCCCCCN(C)C(=O)CC(=O)N(C)CCCCCCCC|nitrate,1,1,acid_class=nitrate|acid_strength_bin=low|nitrate_activity=low|pH_bin=missing|diluent_family=aromatic|modifier_class=none|temperature_bin=ambient|contact_time_bin=missing|shaking_time_bin=missing|phase_ratio_bin=missing,0.1,0.1,25.0,25.0,planned,fill_1x_nitrate,,,
84835de65489,,68,Er,3,CCCCCCCCN(C)C(=O)C(CCCCCC)C(=O)N(C)CCCCCCCC,CCCCCCCCN(C)C(=O)C(CCCCCC)C(=O)N(C)CCCCCCCC,"[11, 20]","[""O(amide_carbonyl)"", ""O(amide_carbonyl)""]",2,8,4,nitrate,nitrate,0,68|CCCCCCCCN(C)C(=O)C(CCCCCC)C(=O)N(C)CCCCCCCC|nitrate,1,1,acid_class=nitrate|acid_strength_bin=low|nitrate_activity=low|pH_bin=missing|diluent_family=aromatic|modifier_class=none|temperature_bin=ambient|contact_time_bin=missing|shaking_time_bin=missing|phase_ratio_bin=missing,0.1,0.1,25.0,25.0,planned,ok,,,
73947a2946b0,,62,Sm,3,CCCCCCCCN(C)C(=O)CC(=O)N(C)CCCCCCCC,CCCCCCCCN(C)C(=O)CC(=O)N(C)CCCCCCCC,"[11, 14]","[""O(amide_carbonyl)"", ""O(amide_carbonyl)""]",2,9,4,nitrate,nitrate,1,62|CCCCCCCCN(C)C(=O)CC(=O)N(C)CCCCCCCC|nitrate,1,1,acid_class=nitrate|acid_strength_bin=low|nitrate_activity=low|pH_bin=missing|diluent_family=aromatic|modifier_class=none|temperature_bin=ambient|contact_time_bin=missing|shaking_time_bin=missing|phase_ratio_bin=missing,0.1,0.1,25.0,25.0,planned,fill_1x_nitrate,,,
a79e7ea6e06f,,68,Er,3,CC1(C)CCC(C)(C)c2nc(-c3cccc(-c4cccc(-c5nnc6c(n5)C(C)(C)CCC6(C)C)n4)n3)nnc21,CC1(C)CCC(C)(C)c2nc(-c3cccc(-c4cccc(-c5nnc6c(n5)C(C)(C)CCC6(C)C)n4)n3)nnc21,"[9, 22, 23, 26, 35, 36, 37, 38]","[""N(aromatic)"", ""N(aromatic)"", ""N(aromatic)"", ""N(aromatic)"", ""N(aromatic)"", ""N(aromatic)"", ""N(aromatic)"", ""N(aromatic)""]",8,8,1,nitrate,nitrate,0,68|CC1(C)CCC(C)(C)c2nc(-c3cccc(-c4cccc(-c5nnc6c(n5)C(C)(C)CCC6(C)C)n4)n3)nnc21|nitrate,1,1,acid_class=nitrate|acid_strength_bin=medium|nitrate_activity=medium|pH_bin=missing|diluent_family=alcohol_modifier|modifier_class=none|temperature_bin=ambient|contact_time_bin=missing|shaking_time_bin=missing|phase_ratio_bin=missing,1.0,1.0,20.0,20.0,planned,fill_4x_nitrate,,,
b9dbd9b023ab,,65,Tb,3,CC1(C)CCC(C)(C)c2nc(-c3cccc(-c4cccc(-c5nnc6c(n5)C(C)(C)CCC6(C)C)n4)n3)nnc21,CC1(C)CCC(C)(C)c2nc(-c3cccc(-c4cccc(-c5nnc6c(n5)C(C)(C)CCC6(C)C)n4)n3)nnc21,"[9, 22, 23, 26, 35, 36, 37, 38]","[""N(aromatic)"", ""N(aromatic)"", ""N(aromatic)"", ""N(aromatic)"", ""N(aromatic)"", ""N(aromatic)"", ""N(aromatic)"", ""N(aromatic)""]",8,8,1,nitrate,nitrate,0,65|CC1(C)CCC(C)(C)c2nc(-c3cccc(-c4cccc(-c5nnc6c(n5)C(C)(C)CCC6(C)C)n4)n3)nnc21|nitrate,1,1,acid_class=nitrate|acid_strength_bin=medium|nitrate_activity=medium|pH_bin=missing|diluent_family=alcohol_modifier|modifier_class=none|temperature_bin=ambient|contact_time_bin=missing|shaking_time_bin=missing|phase_ratio_bin=missing,1.0,1.0,20.0,20.0,planned,fill_4x_nitrate,,,
adecfa6ff040,,71,Lu,3,CC1(C)CCC(C)(C)c2nc(-c3cccc(-c4cccc(-c5nnc6c(n5)C(C)(C)CCC6(C)C)n4)n3)nnc21,CC1(C)CCC(C)(C)c2nc(-c3cccc(-c4cccc(-c5nnc6c(n5)C(C)(C)CCC6(C)C)n4)n3)nnc21,"[9, 22, 23, 26, 35, 36, 37, 38]","[""N(aromatic)"", ""N(aromatic)"", ""N(aromatic)"", ""N(aromatic)"", ""N(aromatic)"", ""N(aromatic)"", ""N(aromatic)"", ""N(aromatic)""]",8,8,1,nitrate,nitrate,0,71|CC1(C)CCC(C)(C)c2nc(-c3cccc(-c4cccc(-c5nnc6c(n5)C(C)(C)CCC6(C)C)n4)n3)nnc21|nitrate,1,1,acid_class=nitrate|acid_strength_bin=medium|nitrate_activity=medium|pH_bin=missing|diluent_family=alcohol_modifier|modifier_class=none|temperature_bin=ambient|contact_time_bin=missing|shaking_time_bin=missing|phase_ratio_bin=missing,1.0,1.0,20.0,20.0,planned,fill_4x_nitrate,,,
06eed66cb810,,70,Yb,3,CC1(C)CCC(C)(C)c2nc(-c3cccc(-c4cccc(-c5nnc6c(n5)C(C)(C)CCC6(C)C)n4)n3)nnc21,CC1(C)CCC(C)(C)c2nc(-c3cccc(-c4cccc(-c5nnc6c(n5)C(C)(C)CCC6(C)C)n4)n3)nnc21,"[9, 22, 23, 26, 35, 36, 37, 38]","[""N(aromatic)"", ""N(aromatic)"", ""N(aromatic)"", ""N(aromatic)"", ""N(aromatic)"", ""N(aromatic)"", ""N(aromatic)"", ""N(aromatic)""]",8,8,1,nitrate,nitrate,0,70|CC1(C)CCC(C)(C)c2nc(-c3cccc(-c4cccc(-c5nnc6c(n5)C(C)(C)CCC6(C)C)n4)n3)nnc21|nitrate,1,1,acid_class=nitrate|acid_strength_bin=medium|nitrate_activity=medium|pH_bin=missing|diluent_family=alcohol_modifier|modifier_class=none|temperature_bin=ambient|contact_time_bin=missing|shaking_time_bin=missing|phase_ratio_bin=missing,1.0,1.0,20.0,20.0,planned,fill_4x_nitrate,,,
47584ae7b3f1,,69,Tm,3,CC1(C)CCC(C)(C)c2nc(-c3cccc(-c4cccc(-c5nnc6c(n5)C(C)(C)CCC6(C)C)n4)n3)nnc21,CC1(C)CCC(C)(C)c2nc(-c3cccc(-c4cccc(-c5nnc6c(n5)C(C)(C)CCC6(C)C)n4)n3)nnc21,"[9, 22, 23, 26, 35, 36, 37, 38]","[""N(aromatic)"", ""N(aromatic)"", ""N(aromatic)"", ""N(aromatic)"", ""N(aromatic)"", ""N(aromatic)"", ""N(aromatic)"", ""N(aromatic)""]",8,8,1,nitrate,nitrate,0,69|CC1(C)CCC(C)(C)c2nc(-c3cccc(-c4cccc(-c5nnc6c(n5)C(C)(C)CCC6(C)C)n4)n3)nnc21|nitrate,1,1,acid_class=nitrate|acid_strength_bin=medium|nitrate_activity=medium|pH_bin=missing|diluent_family=alcohol_modifier|modifier_class=none|temperature_bin=ambient|contact_time_bin=missing|shaking_time_bin=missing|phase_ratio_bin=missing,1.0,1.0,20.0,20.0,planned,fill_4x_nitrate,,,
4cb46c21efa5,,67,Ho,3,CC1(C)CCC(C)(C)c2nc(-c3cccc(-c4cccc(-c5nnc6c(n5)C(C)(C)CCC6(C)C)n4)n3)nnc21,CC1(C)CCC(C)(C)c2nc(-c3cccc(-c4cccc(-c5nnc6c(n5)C(C)(C)CCC6(C)C)n4)n3)nnc21,"[9, 22, 23, 26, 35, 36, 37, 38]","[""N(aromatic)"", ""N(aromatic)"", ""N(aromatic)"", ""N(aromatic)"", ""N(aromatic)"", ""N(aromatic)"", ""N(aromatic)"", ""N(aromatic)""]",8,8,1,nitrate,nitrate,0,67|CC1(C)CCC(C)(C)c2nc(-c3cccc(-c4cccc(-c5nnc6c(n5)C(C)(C)CCC6(C)C)n4)n3)nnc21|nitrate,1,1,acid_class=nitrate|acid_strength_bin=medium|nitrate_activity=medium|pH_bin=missing|diluent_family=alcohol_modifier|modifier_class=none|temperature_bin=ambient|contact_time_bin=missing|shaking_time_bin=missing|phase_ratio_bin=missing,1.0,1.0,20.0,20.0,planned,fill_4x_nitrate,,,
4de900a55128,,58,Ce,3,CC1(C)CCC(C)(C)c2nc(-c3cccc(-c4cccc(-c5nnc6c(n5)C(C)(C)CCC6(C)C)n4)n3)nnc21,CC1(C)CCC(C)(C)c2nc(-c3cccc(-c4cccc(-c5nnc6c(n5)C(C)(C)CCC6(C)C)n4)n3)nnc21,"[9, 22, 23, 26, 35, 36, 37, 38]","[""N(aromatic)"", ""N(aromatic)"", ""N(aromatic)"", ""N(aromatic)"", ""N(aromatic)"", ""N(aromatic)"", ""N(aromatic)"", ""N(aromatic)""]",8,9,1,nitrate,nitrate,1,58|CC1(C)CCC(C)(C)c2nc(-c3cccc(-c4cccc(-c5nnc6c(n5)C(C)(C)CCC6(C)C)n4)n3)nnc21|nitrate,1,1,acid_class=nitrate|acid_strength_bin=medium|nitrate_activity=medium|pH_bin=missing|diluent_family=alcohol_modifier|modifier_class=none|temperature_bin=ambient|contact_time_bin=missing|shaking_time_bin=missing|phase_ratio_bin=missing,1.0,1.0,20.0,20.0,planned,fill_5x_nitrate,,,
95a1bbb26c49,,64,Gd,3,CC1(C)CCC(C)(C)c2nc(-c3cccc(-c4cccc(-c5nnc6c(n5)C(C)(C)CCC6(C)C)n4)n3)nnc21,CC1(C)CCC(C)(C)c2nc(-c3cccc(-c4cccc(-c5nnc6c(n5)C(C)(C)CCC6(C)C)n4)n3)nnc21,"[9, 22, 23, 26, 35, 36, 37, 38]","[""N(aromatic)"", ""N(aromatic)"", ""N(aromatic)"", ""N(aromatic)"", ""N(aromatic)"", ""N(aromatic)"", ""N(aromatic)"", ""N(aromatic)""]",8,9,1,nitrate,nitrate,1,64|CC1(C)CCC(C)(C)c2nc(-c3cccc(-c4cccc(-c5nnc6c(n5)C(C)(C)CCC6(C)C)n4)n3)nnc21|nitrate,1,1,acid_class=nitrate|acid_strength_bin=medium|nitrate_activity=medium|pH_bin=missing|diluent_family=alcohol_modifier|modifier_class=none|temperature_bin=ambient|contact_time_bin=missing|shaking_time_bin=missing|phase_ratio_bin=missing,1.0,1.0,20.0,20.0,planned,fill_5x_nitrate,,,
1fec5a3a3c29,,63,Eu,3,CC1(C)CCC(C)(C)c2nc(-c3cccc(-c4cccc(-c5nnc6c(n5)C(C)(C)CCC6(C)C)n4)n3)nnc21,CC1(C)CCC(C)(C)c2nc(-c3cccc(-c4cccc(-c5nnc6c(n5)C(C)(C)CCC6(C)C)n4)n3)nnc21,"[9, 22, 23, 26, 35, 36, 37, 38]","[""N(aromatic)"", ""N(aromatic)"", ""N(aromatic)"", ""N(aromatic)"", ""N(aromatic)"", ""N(aromatic)"", ""N(aromatic)"", ""N(aromatic)""]",8,9,1,nitrate,nitrate,1,63|CC1(C)CCC(C)(C)c2nc(-c3cccc(-c4cccc(-c5nnc6c(n5)C(C)(C)CCC6(C)C)n4)n3)nnc21|nitrate,6,4,acid_class=nitrate|acid_strength_bin=high|nitrate_activity=high|pH_bin=missing|diluent_family=other|modifier_class=none|temperature_bin=ambient|contact_time_bin=long|shaking_time_bin=missing|phase_ratio_bin=missing;acid_class=nitrate|acid_strength_bin=low|nitrate_activity=low|pH_bin=missing|diluent_family=other|modifier_class=none|temperature_bin=ambient|contact_time_bin=long|shaking_time_bin=missing|phase_ratio_bin=missing;acid_class=nitrate|acid_strength_bin=medium|nitrate_activity=medium|pH_bin=missing|diluent_family=alcohol_modifier|modifier_class=none|temperature_bin=ambient|contact_time_bin=missing|shaking_time_bin=missing|phase_ratio_bin=missing;acid_class=nitrate|acid_strength_bin=medium|nitrate_activity=medium|pH_bin=missing|diluent_family=other|modifier_class=none|temperature_bin=ambient|contact_time_bin=long|shaking_time_bin=missing|phase_ratio_bin=missing,0.1,4.0,20.0,25.0,planned,fill_5x_nitrate,,,
f2ea53fb007e,,62,Sm,3,CC1(C)CCC(C)(C)c2nc(-c3cccc(-c4cccc(-c5nnc6c(n5)C(C)(C)CCC6(C)C)n4)n3)nnc21,CC1(C)CCC(C)(C)c2nc(-c3cccc(-c4cccc(-c5nnc6c(n5)C(C)(C)CCC6(C)C)n4)n3)nnc21,"[9, 22, 23, 26, 35, 36, 37, 38]","[""N(aromatic)"", ""N(aromatic)"", ""N(aromatic)"", ""N(aromatic)"", ""N(aromatic)"", ""N(aromatic)"", ""N(aromatic)"", ""N(aromatic)""]",8,9,1,nitrate,nitrate,1,62|CC1(C)CCC(C)(C)c2nc(-c3cccc(-c4cccc(-c5nnc6c(n5)C(C)(C)CCC6(C)C)n4)n3)nnc21|nitrate,1,1,acid_class=nitrate|acid_strength_bin=medium|nitrate_activity=medium|pH_bin=missing|diluent_family=alcohol_modifier|modifier_class=none|temperature_bin=ambient|contact_time_bin=missing|shaking_time_bin=missing|phase_ratio_bin=missing,1.0,1.0,20.0,20.0,planned,fill_5x_nitrate,,,
806c58d6243c,,60,Nd,3,CC1(C)CCC(C)(C)c2nc(-c3cccc(-c4cccc(-c5nnc6c(n5)C(C)(C)CCC6(C)C)n4)n3)nnc21,CC1(C)CCC(C)(C)c2nc(-c3cccc(-c4cccc(-c5nnc6c(n5)C(C)(C)CCC6(C)C)n4)n3)nnc21,"[9, 22, 23, 26, 35, 36, 37, 38]","[""N(aromatic)"", ""N(aromatic)"", ""N(aromatic)"", ""N(aromatic)"", ""N(aromatic)"", ""N(aromatic)"", ""N(aromatic)"", ""N(aromatic)""]",8,9,1,nitrate,nitrate,1,60|CC1(C)CCC(C)(C)c2nc(-c3cccc(-c4cccc(-c5nnc6c(n5)C(C)(C)CCC6(C)C)n4)n3)nnc21|nitrate,1,1,acid_class=nitrate|acid_strength_bin=medium|nitrate_activity=medium|pH_bin=missing|diluent_family=alcohol_modifier|modifier_class=none|temperature_bin=ambient|contact_time_bin=missing|shaking_time_bin=missing|phase_ratio_bin=missing,1.0,1.0,20.0,20.0,planned,fill_5x_nitrate,,,
36570cc1ffa3,,59,Pr,3,CC1(C)CCC(C)(C)c2nc(-c3cccc(-c4cccc(-c5nnc6c(n5)C(C)(C)CCC6(C)C)n4)n3)nnc21,CC1(C)CCC(C)(C)c2nc(-c3cccc(-c4cccc(-c5nnc6c(n5)C(C)(C)CCC6(C)C)n4)n3)nnc21,"[9, 22, 23, 26, 35, 36, 37, 38]","[""N(aromatic)"", ""N(aromatic)"", ""N(aromatic)"", ""N(aromatic)"", ""N(aromatic)"", ""N(aromatic)"", ""N(aromatic)"", ""N(aromatic)""]",8,9,1,nitrate,nitrate,1,59|CC1(C)CCC(C)(C)c2nc(-c3cccc(-c4cccc(-c5nnc6c(n5)C(C)(C)CCC6(C)C)n4)n3)nnc21|nitrate,1,1,acid_class=nitrate|acid_strength_bin=medium|nitrate_activity=medium|pH_bin=missing|diluent_family=alcohol_modifier|modifier_class=none|temperature_bin=ambient|contact_time_bin=missing|shaking_time_bin=missing|phase_ratio_bin=missing,1.0,1.0,20.0,20.0,planned,fill_5x_nitrate,,,
7fca7db38c62,,66,Dy,3,CC1(C)CCC(C)(C)c2nc(-c3cccc(-c4cccc(-c5nnc6c(n5)C(C)(C)CCC6(C)C)n4)n3)nnc21,CC1(C)CCC(C)(C)c2nc(-c3cccc(-c4cccc(-c5nnc6c(n5)C(C)(C)CCC6(C)C)n4)n3)nnc21,"[9, 22, 23, 26, 35, 36, 37, 38]","[""N(aromatic)"", ""N(aromatic)"", ""N(aromatic)"", ""N(aromatic)"", ""N(aromatic)"", ""N(aromatic)"", ""N(aromatic)"", ""N(aromatic)""]",8,8,1,nitrate,nitrate,0,66|CC1(C)CCC(C)(C)c2nc(-c3cccc(-c4cccc(-c5nnc6c(n5)C(C)(C)CCC6(C)C)n4)n3)nnc21|nitrate,1,1,acid_class=nitrate|acid_strength_bin=medium|nitrate_activity=medium|pH_bin=missing|diluent_family=alcohol_modifier|modifier_class=none|temperature_bin=ambient|contact_time_bin=missing|shaking_time_bin=missing|phase_ratio_bin=missing,1.0,1.0,20.0,20.0,planned,fill_4x_nitrate,,,
fa1405552d8e,,57,La,3,CC1(C)CCC(C)(C)c2nc(-c3cccc(-c4cccc(-c5nnc6c(n5)C(C)(C)CCC6(C)C)n4)n3)nnc21,CC1(C)CCC(C)(C)c2nc(-c3cccc(-c4cccc(-c5nnc6c(n5)C(C)(C)CCC6(C)C)n4)n3)nnc21,"[9, 22, 23, 26, 35, 36, 37, 38]","[""N(aromatic)"", ""N(aromatic)"", ""N(aromatic)"", ""N(aromatic)"", ""N(aromatic)"", ""N(aromatic)"", ""N(aromatic)"", ""N(aromatic)""]",8,9,1,nitrate,nitrate,1,57|CC1(C)CCC(C)(C)c2nc(-c3cccc(-c4cccc(-c5nnc6c(n5)C(C)(C)CCC6(C)C)n4)n3)nnc21|nitrate,1,1,acid_class=nitrate|acid_strength_bin=medium|nitrate_activity=medium|pH_bin=missing|diluent_family=alcohol_modifier|modifier_class=none|temperature_bin=ambient|contact_time_bin=missing|shaking_time_bin=missing|phase_ratio_bin=missing,1.0,1.0,20.0,20.0,planned,fill_5x_nitrate,,,
152a7e128511,,70,Yb,3,CCCCCCCCP(=O)(CC(=O)N(CC(C)C)CC(C)C)c1ccccc1,CCCCCCCCP(=O)(CC(=O)N(CC(C)C)CC(C)C)c1ccccc1,"[9, 12]","[""O(ether)"", ""O(amide_carbonyl)""]",2,8,4,nitrate,nitrate,0,70|CCCCCCCCP(=O)(CC(=O)N(CC(C)C)CC(C)C)c1ccccc1|nitrate,1,1,acid_class=nitrate|acid_strength_bin=very_high|nitrate_activity=very_high|pH_bin=missing|diluent_family=alcohol_modifier|modifier_class=none|temperature_bin=ambient|contact_time_bin=missing|shaking_time_bin=missing|phase_ratio_bin=missing,6.0,6.0,25.0,25.0,planned,ok,,,
199a952d6faf,,68,Er,3,CCCCCCCCP(=O)(CC(=O)N(CC(C)C)CC(C)C)c1ccccc1,CCCCCCCCP(=O)(CC(=O)N(CC(C)C)CC(C)C)c1ccccc1,"[9, 12]","[""O(ether)"", ""O(amide_carbonyl)""]",2,8,4,nitrate,nitrate,0,68|CCCCCCCCP(=O)(CC(=O)N(CC(C)C)CC(C)C)c1ccccc1|nitrate,1,1,acid_class=nitrate|acid_strength_bin=very_high|nitrate_activity=very_high|pH_bin=missing|diluent_family=alcohol_modifier|modifier_class=none|temperature_bin=ambient|contact_time_bin=missing|shaking_time_bin=missing|phase_ratio_bin=missing,6.0,6.0,25.0,25.0,planned,ok,,,
dcd4a91070b4,,67,Ho,3,CCCCCCCCP(=O)(CC(=O)N(CC(C)C)CC(C)C)c1ccccc1,CCCCCCCCP(=O)(CC(=O)N(CC(C)C)CC(C)C)c1ccccc1,"[9, 12]","[""O(ether)"", ""O(amide_carbonyl)""]",2,8,4,nitrate,nitrate,0,67|CCCCCCCCP(=O)(CC(=O)N(CC(C)C)CC(C)C)c1ccccc1|nitrate,1,1,acid_class=nitrate|acid_strength_bin=very_high|nitrate_activity=very_high|pH_bin=missing|diluent_family=alcohol_modifier|modifier_class=none|temperature_bin=ambient|contact_time_bin=missing|shaking_time_bin=missing|phase_ratio_bin=missing,6.0,6.0,25.0,25.0,planned,ok,,,
40012f263bb5,,66,Dy,3,CCCCCCCCP(=O)(CC(=O)N(CC(C)C)CC(C)C)c1ccccc1,CCCCCCCCP(=O)(CC(=O)N(CC(C)C)CC(C)C)c1ccccc1,"[9, 12]","[""O(ether)"", ""O(amide_carbonyl)""]",2,8,4,nitrate,nitrate,0,66|CCCCCCCCP(=O)(CC(=O)N(CC(C)C)CC(C)C)c1ccccc1|nitrate,1,1,acid_class=nitrate|acid_strength_bin=very_high|nitrate_activity=very_high|pH_bin=missing|diluent_family=alcohol_modifier|modifier_class=none|temperature_bin=ambient|contact_time_bin=missing|shaking_time_bin=missing|phase_ratio_bin=missing,6.0,6.0,25.0,25.0,planned,ok,,,
5f7899a8a6a7,,64,Gd,3,CCCCCCCCP(=O)(CC(=O)N(CC(C)C)CC(C)C)c1ccccc1,CCCCCCCCP(=O)(CC(=O)N(CC(C)C)CC(C)C)c1ccccc1,"[9, 12]","[""O(ether)"", ""O(amide_carbonyl)""]",2,9,4,nitrate,nitrate,1,64|CCCCCCCCP(=O)(CC(=O)N(CC(C)C)CC(C)C)c1ccccc1|nitrate,1,1,acid_class=nitrate|acid_strength_bin=very_high|nitrate_activity=very_high|pH_bin=missing|diluent_family=alcohol_modifier|modifier_class=none|temperature_bin=ambient|contact_time_bin=missing|shaking_time_bin=missing|phase_ratio_bin=missing,6.0,6.0,25.0,25.0,planned,fill_1x_nitrate,,,
6f4e7788de0c,,65,Tb,3,CCCCCCCCP(=O)(CC(=O)N(CC(C)C)CC(C)C)c1ccccc1,CCCCCCCCP(=O)(CC(=O)N(CC(C)C)CC(C)C)c1ccccc1,"[9, 12]","[""O(ether)"", ""O(amide_carbonyl)""]",2,8,4,nitrate,nitrate,0,65|CCCCCCCCP(=O)(CC(=O)N(CC(C)C)CC(C)C)c1ccccc1|nitrate,1,1,acid_class=nitrate|acid_strength_bin=very_high|nitrate_activity=very_high|pH_bin=missing|diluent_family=alcohol_modifier|modifier_class=none|temperature_bin=ambient|contact_time_bin=missing|shaking_time_bin=missing|phase_ratio_bin=missing,6.0,6.0,25.0,25.0,planned,ok,,,
86fbc882ab62,,69,Tm,3,CCCCCCCCP(=O)(CC(=O)N(CC(C)C)CC(C)C)c1ccccc1,CCCCCCCCP(=O)(CC(=O)N(CC(C)C)CC(C)C)c1ccccc1,"[9, 12]","[""O(ether)"", ""O(amide_carbonyl)""]",2,8,4,nitrate,nitrate,0,69|CCCCCCCCP(=O)(CC(=O)N(CC(C)C)CC(C)C)c1ccccc1|nitrate,1,1,acid_class=nitrate|acid_strength_bin=very_high|nitrate_activity=very_high|pH_bin=missing|diluent_family=alcohol_modifier|modifier_class=none|temperature_bin=ambient|contact_time_bin=missing|shaking_time_bin=missing|phase_ratio_bin=missing,6.0,6.0,25.0,25.0,planned,ok,,,
41258ba72432,,62,Sm,3,CCCCCCCCP(=O)(CC(=O)N(CC(C)C)CC(C)C)c1ccccc1,CCCCCCCCP(=O)(CC(=O)N(CC(C)C)CC(C)C)c1ccccc1,"[9, 12]","[""O(ether)"", ""O(amide_carbonyl)""]",2,9,4,nitrate,nitrate,1,62|CCCCCCCCP(=O)(CC(=O)N(CC(C)C)CC(C)C)c1ccccc1|nitrate,1,1,acid_class=nitrate|acid_strength_bin=very_high|nitrate_activity=very_high|pH_bin=missing|diluent_family=alcohol_modifier|modifier_class=none|temperature_bin=ambient|contact_time_bin=missing|shaking_time_bin=missing|phase_ratio_bin=missing,6.0,6.0,25.0,25.0,planned,fill_1x_nitrate,,,
35a401f1b743,,58,Ce,3,CCCCCCCCP(=O)(CC(=O)N(CC(C)C)CC(C)C)c1ccccc1,CCCCCCCCP(=O)(CC(=O)N(CC(C)C)CC(C)C)c1ccccc1,"[9, 12]","[""O(ether)"", ""O(amide_carbonyl)""]",2,9,4,nitrate,nitrate,1,58|CCCCCCCCP(=O)(CC(=O)N(CC(C)C)CC(C)C)c1ccccc1|nitrate,1,1,acid_class=nitrate|acid_strength_bin=very_high|nitrate_activity=very_high|pH_bin=missing|diluent_family=alcohol_modifier|modifier_class=none|temperature_bin=ambient|contact_time_bin=missing|shaking_time_bin=missing|phase_ratio_bin=missing,6.0,6.0,25.0,25.0,planned,fill_1x_nitrate,,,
4e8cb6ac0b5c,,57,La,3,CCCCCCCCP(=O)(CC(=O)N(CC(C)C)CC(C)C)c1ccccc1,CCCCCCCCP(=O)(CC(=O)N(CC(C)C)CC(C)C)c1ccccc1,"[9, 12]","[""O(ether)"", ""O(amide_carbonyl)""]",2,9,4,nitrate,nitrate,1,57|CCCCCCCCP(=O)(CC(=O)N(CC(C)C)CC(C)C)c1ccccc1|nitrate,1,1,acid_class=nitrate|acid_strength_bin=very_high|nitrate_activity=very_high|pH_bin=missing|diluent_family=alcohol_modifier|modifier_class=none|temperature_bin=ambient|contact_time_bin=missing|shaking_time_bin=missing|phase_ratio_bin=missing,6.0,6.0,25.0,25.0,planned,fill_1x_nitrate,,,
085249651ebf,,63,Eu,3,CCCCN(CCCC)C(=O)c1ccccc1C(=O)O,CCCCN(CCCC)C(=O)c1ccccc1C(=O)O,"[10, 18, 19]","[""O(amide_carbonyl)"", ""O(ester_carbonyl)"", ""O(hydroxyl)""]",3,9,3,nitrate,nitrate,0,63|CCCCN(CCCC)C(=O)c1ccccc1C(=O)O|nitrate,1,1,acid_class=nitrate|acid_strength_bin=low|nitrate_activity=low|pH_bin=missing|diluent_family=other|modifier_class=none|temperature_bin=ambient|contact_time_bin=missing|shaking_time_bin=missing|phase_ratio_bin=missing,0.1,0.1,25.0,25.0,planned,fill_1x_nitrate,,,
c14689bc7575,,57,La,3,CCCCN(CCCC)C(=O)c1ccccc1C(=O)O,CCCCN(CCCC)C(=O)c1ccccc1C(=O)O,"[10, 18, 19]","[""O(amide_carbonyl)"", ""O(ester_carbonyl)"", ""O(hydroxyl)""]",3,9,3,nitrate,nitrate,0,57|CCCCN(CCCC)C(=O)c1ccccc1C(=O)O|nitrate,1,1,acid_class=nitrate|acid_strength_bin=low|nitrate_activity=low|pH_bin=missing|diluent_family=other|modifier_class=none|temperature_bin=ambient|contact_time_bin=missing|shaking_time_bin=missing|phase_ratio_bin=missing,0.1,0.1,25.0,25.0,planned,fill_1x_nitrate,,,
1d2f8dd1ad95,,68,Er,3,CCCCN(CCCC)C(=O)c1ccccc1C(=O)O,CCCCN(CCCC)C(=O)c1ccccc1C(=O)O,"[10, 18, 19]","[""O(amide_carbonyl)"", ""O(ester_carbonyl)"", ""O(hydroxyl)""]",3,8,2,nitrate,nitrate,2,68|CCCCN(CCCC)C(=O)c1ccccc1C(=O)O|nitrate,1,1,acid_class=nitrate|acid_strength_bin=low|nitrate_activity=low|pH_bin=missing|diluent_family=other|modifier_class=none|temperature_bin=ambient|contact_time_bin=missing|shaking_time_bin=missing|phase_ratio_bin=missing,0.1,0.1,25.0,25.0,planned,ok,,,
05f5c88c078b,,63,Eu,3,CCN(C(=O)c1ccc2ccc3ccc(C(=O)N(CC)c4ccc(C)cc4)nc3c2n1)c1ccc(C)cc1,CCN(C(=O)c1ccc2ccc3ccc(C(=O)N(CC)c4ccc(C)cc4)nc3c2n1)c1ccc(C)cc1,"[4, 16, 27, 30]","[""O(amide_carbonyl)"", ""O(amide_carbonyl)"", ""N(aromatic)"", ""N(aromatic)""]",4,9,2,nitrate,nitrate,1,63|CCN(C(=O)c1ccc2ccc3ccc(C(=O)N(CC)c4ccc(C)cc4)nc3c2n1)c1ccc(C)cc1|nitrate,1,1,acid_class=nitrate|acid_strength_bin=medium|nitrate_activity=medium|pH_bin=missing|diluent_family=other|modifier_class=none|temperature_bin=ambient|contact_time_bin=missing|shaking_time_bin=missing|phase_ratio_bin=missing,1.0,1.0,25.0,25.0,planned,fill_1x_nitrate,,,
8146c89872e8,,57,La,3,CCN(C(=O)c1ccc2ccc3ccc(C(=O)N(CC)c4ccc(C)cc4)nc3c2n1)c1ccc(C)cc1,CCN(C(=O)c1ccc2ccc3ccc(C(=O)N(CC)c4ccc(C)cc4)nc3c2n1)c1ccc(C)cc1,"[4, 16, 27, 30]","[""O(amide_carbonyl)"", ""O(amide_carbonyl)"", ""N(aromatic)"", ""N(aromatic)""]",4,9,2,nitrate,nitrate,1,57|CCN(C(=O)c1ccc2ccc3ccc(C(=O)N(CC)c4ccc(C)cc4)nc3c2n1)c1ccc(C)cc1|nitrate,1,1,acid_class=nitrate|acid_strength_bin=medium|nitrate_activity=medium|pH_bin=missing|diluent_family=other|modifier_class=none|temperature_bin=ambient|contact_time_bin=missing|shaking_time_bin=missing|phase_ratio_bin=missing,1.0,1.0,25.0,25.0,planned,fill_1x_nitrate,,,
9279ad596860,,70,Yb,3,CCN(C(=O)c1ccc2ccc3ccc(C(=O)N(CC)c4ccc(C)cc4)nc3c2n1)c1ccc(C)cc1,CCN(C(=O)c1ccc2ccc3ccc(C(=O)N(CC)c4ccc(C)cc4)nc3c2n1)c1ccc(C)cc1,"[4, 16, 27, 30]","[""O(amide_carbonyl)"", ""O(amide_carbonyl)"", ""N(aromatic)"", ""N(aromatic)""]",4,8,2,nitrate,nitrate,0,70|CCN(C(=O)c1ccc2ccc3ccc(C(=O)N(CC)c4ccc(C)cc4)nc3c2n1)c1ccc(C)cc1|nitrate,1,1,acid_class=nitrate|acid_strength_bin=medium|nitrate_activity=medium|pH_bin=missing|diluent_family=other|modifier_class=none|temperature_bin=ambient|contact_time_bin=missing|shaking_time_bin=missing|phase_ratio_bin=missing,1.0,1.0,25.0,25.0,planned,ok,,,
3006bf92d707,,71,Lu,3,CCCCCCCCP(=O)(CC(=O)N(CC(C)C)CC(C)C)c1ccccc1,CCCCCCCCP(=O)(CC(=O)N(CC(C)C)CC(C)C)c1ccccc1,"[9, 12]","[""O(ether)"", ""O(amide_carbonyl)""]",2,8,4,nitrate,nitrate,0,71|CCCCCCCCP(=O)(CC(=O)N(CC(C)C)CC(C)C)c1ccccc1|nitrate,1,1,acid_class=nitrate|acid_strength_bin=very_high|nitrate_activity=very_high|pH_bin=missing|diluent_family=alcohol_modifier|modifier_class=none|temperature_bin=ambient|contact_time_bin=missing|shaking_time_bin=missing|phase_ratio_bin=missing,6.0,6.0,25.0,25.0,planned,ok,,,
03dd780e91d8,,57,La,3,CCCCCCCCN(CCCC(CCCC)CCCCCC)C(=O)COCC(=O)N(CCCCCCCC)CCCC(CCCC)CCCCCC,CCCCCCCCN(CCCC(CCCC)CCCCCC)C(=O)COCC(=O)N(CCCCCCCC)CCCC(CCCC)CCCCCC,"[24, 26, 29]","[""O(amide_carbonyl)"", ""O(ether)"", ""O(amide_carbonyl)""]",3,9,3,water,water,0,57|CCCCCCCCN(CCCC(CCCC)CCCCCC)C(=O)COCC(=O)N(CCCCCCCC)CCCC(CCCC)CCCCCC|water,1,1,acid_class=chloride|acid_strength_bin=high|nitrate_activity=none|pH_bin=missing|diluent_family=aliphatic_hydrocarbon|modifier_class=none|temperature_bin=ambient|contact_time_bin=missing|shaking_time_bin=missing|phase_ratio_bin=missing,3.0,3.0,25.0,25.0,planned,ok,,,
5fbd1c742eef,,69,Tm,3,CCCCCCN(CCC(C)CCC=C(C)C)C(=O)COCC(=O)N(CCCCCC)CCC(C)CCC=C(C)C,CCCCCCN(CCC(C)CCC=C(C)C)C(=O)COCC(=O)N(CCCCCC)CCC(C)CCC=C(C)C,"[18, 20, 23]","[""O(amide_carbonyl)"", ""O(ether)"", ""O(amide_carbonyl)""]",3,8,2,water,water,2,69|CCCCCCN(CCC(C)CCC=C(C)C)C(=O)COCC(=O)N(CCCCCC)CCC(C)CCC=C(C)C|water,1,1,acid_class=chloride|acid_strength_bin=high|nitrate_activity=none|pH_bin=missing|diluent_family=aliphatic_hydrocarbon|modifier_class=none|temperature_bin=ambient|contact_time_bin=missing|shaking_time_bin=missing|phase_ratio_bin=missing,3.0,3.0,25.0,25.0,planned,fill_2x_water,,,
5901e5087775,,68,Er,3,CCCCCCN(CCC(C)CCC=C(C)C)C(=O)COCC(=O)N(CCCCCC)CCC(C)CCC=C(C)C,CCCCCCN(CCC(C)CCC=C(C)C)C(=O)COCC(=O)N(CCCCCC)CCC(C)CCC=C(C)C,"[18, 20, 23]","[""O(amide_carbonyl)"", ""O(ether)"", ""O(amide_carbonyl)""]",3,8,2,water,water,2,68|CCCCCCN(CCC(C)CCC=C(C)C)C(=O)COCC(=O)N(CCCCCC)CCC(C)CCC=C(C)C|water,1,1,acid_class=chloride|acid_strength_bin=high|nitrate_activity=none|pH_bin=missing|diluent_family=aliphatic_hydrocarbon|modifier_class=none|temperature_bin=ambient|contact_time_bin=missing|shaking_time_bin=missing|phase_ratio_bin=missing,3.0,3.0,25.0,25.0,planned,fill_2x_water,,,
f97f64fb03bd,,67,Ho,3,CCCCCCN(CCC(C)CCC=C(C)C)C(=O)COCC(=O)N(CCCCCC)CCC(C)CCC=C(C)C,CCCCCCN(CCC(C)CCC=C(C)C)C(=O)COCC(=O)N(CCCCCC)CCC(C)CCC=C(C)C,"[18, 20, 23]","[""O(amide_carbonyl)"", ""O(ether)"", ""O(amide_carbonyl)""]",3,8,2,water,water,2,67|CCCCCCN(CCC(C)CCC=C(C)C)C(=O)COCC(=O)N(CCCCCC)CCC(C)CCC=C(C)C|water,1,1,acid_class=chloride|acid_strength_bin=high|nitrate_activity=none|pH_bin=missing|diluent_family=aliphatic_hydrocarbon|modifier_class=none|temperature_bin=ambient|contact_time_bin=missing|shaking_time_bin=missing|phase_ratio_bin=missing,3.0,3.0,25.0,25.0,planned,fill_2x_water,,,
64d28ef826fc,,66,Dy,3,CCCCCCN(CCC(C)CCC=C(C)C)C(=O)COCC(=O)N(CCCCCC)CCC(C)CCC=C(C)C,CCCCCCN(CCC(C)CCC=C(C)C)C(=O)COCC(=O)N(CCCCCC)CCC(C)CCC=C(C)C,"[18, 20, 23]","[""O(amide_carbonyl)"", ""O(ether)"", ""O(amide_carbonyl)""]",3,8,2,water,water,2,66|CCCCCCN(CCC(C)CCC=C(C)C)C(=O)COCC(=O)N(CCCCCC)CCC(C)CCC=C(C)C|water,1,1,acid_class=chloride|acid_strength_bin=high|nitrate_activity=none|pH_bin=missing|diluent_family=aliphatic_hydrocarbon|modifier_class=none|temperature_bin=ambient|contact_time_bin=missing|shaking_time_bin=missing|phase_ratio_bin=missing,3.0,3.0,25.0,25.0,planned,fill_2x_water,,,
4d984cc3fa59,,63,Eu,3,CCCCCCN(CCC(C)CCC=C(C)C)C(=O)COCC(=O)N(CCCCCC)CCC(C)CCC=C(C)C,CCCCCCN(CCC(C)CCC=C(C)C)C(=O)COCC(=O)N(CCCCCC)CCC(C)CCC=C(C)C,"[18, 20, 23]","[""O(amide_carbonyl)"", ""O(ether)"", ""O(amide_carbonyl)""]",3,9,3,water,water,0,63|CCCCCCN(CCC(C)CCC=C(C)C)C(=O)COCC(=O)N(CCCCCC)CCC(C)CCC=C(C)C|water,1,1,acid_class=chloride|acid_strength_bin=high|nitrate_activity=none|pH_bin=missing|diluent_family=aliphatic_hydrocarbon|modifier_class=none|temperature_bin=ambient|contact_time_bin=missing|shaking_time_bin=missing|phase_ratio_bin=missing,3.0,3.0,25.0,25.0,planned,ok,,,
0507ced001b2,,64,Gd,3,CCCCCCN(CCC(C)CCC=C(C)C)C(=O)COCC(=O)N(CCCCCC)CCC(C)CCC=C(C)C,CCCCCCN(CCC(C)CCC=C(C)C)C(=O)COCC(=O)N(CCCCCC)CCC(C)CCC=C(C)C,"[18, 20, 23]","[""O(amide_carbonyl)"", ""O(ether)"", ""O(amide_carbonyl)""]",3,9,3,water,water,0,64|CCCCCCN(CCC(C)CCC=C(C)C)C(=O)COCC(=O)N(CCCCCC)CCC(C)CCC=C(C)C|water,1,1,acid_class=chloride|acid_strength_bin=high|nitrate_activity=none|pH_bin=missing|diluent_family=aliphatic_hydrocarbon|modifier_class=none|temperature_bin=ambient|contact_time_bin=missing|shaking_time_bin=missing|phase_ratio_bin=missing,3.0,3.0,25.0,25.0,planned,ok,,,
1a29423d80c9,,62,Sm,3,CCCCCCN(CCC(C)CCC=C(C)C)C(=O)COCC(=O)N(CCCCCC)CCC(C)CCC=C(C)C,CCCCCCN(CCC(C)CCC=C(C)C)C(=O)COCC(=O)N(CCCCCC)CCC(C)CCC=C(C)C,"[18, 20, 23]","[""O(amide_carbonyl)"", ""O(ether)"", ""O(amide_carbonyl)""]",3,9,3,water,water,0,62|CCCCCCN(CCC(C)CCC=C(C)C)C(=O)COCC(=O)N(CCCCCC)CCC(C)CCC=C(C)C|water,1,1,acid_class=chloride|acid_strength_bin=high|nitrate_activity=none|pH_bin=missing|diluent_family=aliphatic_hydrocarbon|modifier_class=none|temperature_bin=ambient|contact_time_bin=missing|shaking_time_bin=missing|phase_ratio_bin=missing,3.0,3.0,25.0,25.0,planned,ok,,,
b27655c8eeb9,,60,Nd,3,CCCCCCN(CCC(C)CCC=C(C)C)C(=O)COCC(=O)N(CCCCCC)CCC(C)CCC=C(C)C,CCCCCCN(CCC(C)CCC=C(C)C)C(=O)COCC(=O)N(CCCCCC)CCC(C)CCC=C(C)C,"[18, 20, 23]","[""O(amide_carbonyl)"", ""O(ether)"", ""O(amide_carbonyl)""]",3,9,3,water,water,0,60|CCCCCCN(CCC(C)CCC=C(C)C)C(=O)COCC(=O)N(CCCCCC)CCC(C)CCC=C(C)C|water,1,1,acid_class=chloride|acid_strength_bin=high|nitrate_activity=none|pH_bin=missing|diluent_family=aliphatic_hydrocarbon|modifier_class=none|temperature_bin=ambient|contact_time_bin=missing|shaking_time_bin=missing|phase_ratio_bin=missing,3.0,3.0,25.0,25.0,planned,ok,,,
a9474dbf3555,,70,Yb,3,CCCCCCN(CCC(C)CCC=C(C)C)C(=O)COCC(=O)N(CCCCCC)CCC(C)CCC=C(C)C,CCCCCCN(CCC(C)CCC=C(C)C)C(=O)COCC(=O)N(CCCCCC)CCC(C)CCC=C(C)C,"[18, 20, 23]","[""O(amide_carbonyl)"", ""O(ether)"", ""O(amide_carbonyl)""]",3,8,2,water,water,2,70|CCCCCCN(CCC(C)CCC=C(C)C)C(=O)COCC(=O)N(CCCCCC)CCC(C)CCC=C(C)C|water,1,1,acid_class=chloride|acid_strength_bin=high|nitrate_activity=none|pH_bin=missing|diluent_family=aliphatic_hydrocarbon|modifier_class=none|temperature_bin=ambient|contact_time_bin=missing|shaking_time_bin=missing|phase_ratio_bin=missing,3.0,3.0,25.0,25.0,planned,fill_2x_water,,,
071dab5d8629,,58,Ce,3,CCCCCCN(CCC(C)CCC=C(C)C)C(=O)COCC(=O)N(CCCCCC)CCC(C)CCC=C(C)C,CCCCCCN(CCC(C)CCC=C(C)C)C(=O)COCC(=O)N(CCCCCC)CCC(C)CCC=C(C)C,"[18, 20, 23]","[""O(amide_carbonyl)"", ""O(ether)"", ""O(amide_carbonyl)""]",3,9,3,water,water,0,58|CCCCCCN(CCC(C)CCC=C(C)C)C(=O)COCC(=O)N(CCCCCC)CCC(C)CCC=C(C)C|water,1,1,acid_class=chloride|acid_strength_bin=high|nitrate_activity=none|pH_bin=missing|diluent_family=aliphatic_hydrocarbon|modifier_class=none|temperature_bin=ambient|contact_time_bin=missing|shaking_time_bin=missing|phase_ratio_bin=missing,3.0,3.0,25.0,25.0,planned,ok,,,
2bc0b61a513a,,65,Tb,3,CCCCCCN(CCC(C)CCC=C(C)C)C(=O)COCC(=O)N(CCCCCC)CCC(C)CCC=C(C)C,CCCCCCN(CCC(C)CCC=C(C)C)C(=O)COCC(=O)N(CCCCCC)CCC(C)CCC=C(C)C,"[18, 20, 23]","[""O(amide_carbonyl)"", ""O(ether)"", ""O(amide_carbonyl)""]",3,8,2,water,water,2,65|CCCCCCN(CCC(C)CCC=C(C)C)C(=O)COCC(=O)N(CCCCCC)CCC(C)CCC=C(C)C|water,1,1,acid_class=chloride|acid_strength_bin=high|nitrate_activity=none|pH_bin=missing|diluent_family=aliphatic_hydrocarbon|modifier_class=none|temperature_bin=ambient|contact_time_bin=missing|shaking_time_bin=missing|phase_ratio_bin=missing,3.0,3.0,25.0,25.0,planned,fill_2x_water,,,
81535e73c150,,59,Pr,3,CCCCCCN(CCC(C)CCC=C(C)C)C(=O)COCC(=O)N(CCCCCC)CCC(C)CCC=C(C)C,CCCCCCN(CCC(C)CCC=C(C)C)C(=O)COCC(=O)N(CCCCCC)CCC(C)CCC=C(C)C,"[18, 20, 23]","[""O(amide_carbonyl)"", ""O(ether)"", ""O(amide_carbonyl)""]",3,9,3,water,water,0,59|CCCCCCN(CCC(C)CCC=C(C)C)C(=O)COCC(=O)N(CCCCCC)CCC(C)CCC=C(C)C|water,1,1,acid_class=chloride|acid_strength_bin=high|nitrate_activity=none|pH_bin=missing|diluent_family=aliphatic_hydrocarbon|modifier_class=none|temperature_bin=ambient|contact_time_bin=missing|shaking_time_bin=missing|phase_ratio_bin=missing,3.0,3.0,25.0,25.0,planned,ok,,,
10ce90d9d103,,62,Sm,3,CCCCCCCCCCCCN(CCCCCCCCCCCC)C(=O)COC1CCCN(CCCCCC)C1=O,CCCCCCCCCCCCN(CCCCCCCCCCCC)C(=O)COC1CCCN(CCCCCC)C1=O,"[26, 28, 41]","[""O(amide_carbonyl)"", ""O(ether)"", ""O(amide_carbonyl)""]",3,9,3,nitrate,nitrate,0,62|CCCCCCCCCCCCN(CCCCCCCCCCCC)C(=O)COC1CCCN(CCCCCC)C1=O|nitrate,1,1,acid_class=nitrate|acid_strength_bin=medium|nitrate_activity=medium|pH_bin=missing|diluent_family=aliphatic_hydrocarbon|modifier_class=none|temperature_bin=ambient|contact_time_bin=missing|shaking_time_bin=missing|phase_ratio_bin=missing,1.0,1.0,25.0,25.0,planned,ok,,,
d917c0c26159,,57,La,3,CCCCCCCCCCCCN(CCCCCCCCCCCC)C(=O)COC1CCCN(CCCCCC)C1=O,CCCCCCCCCCCCN(CCCCCCCCCCCC)C(=O)COC1CCCN(CCCCCC)C1=O,"[26, 28, 41]","[""O(amide_carbonyl)"", ""O(ether)"", ""O(amide_carbonyl)""]",3,9,3,nitrate,nitrate,0,57|CCCCCCCCCCCCN(CCCCCCCCCCCC)C(=O)COC1CCCN(CCCCCC)C1=O|nitrate,1,1,acid_class=nitrate|acid_strength_bin=medium|nitrate_activity=medium|pH_bin=missing|diluent_family=aliphatic_hydrocarbon|modifier_class=none|temperature_bin=ambient|contact_time_bin=missing|shaking_time_bin=missing|phase_ratio_bin=missing,1.0,1.0,25.0,25.0,planned,ok,,,
1f868e7f9752,,58,Ce,3,CCCCCCCCCCCCN(CCCCCCCCCCCC)C(=O)COC1CCCN(CCCCCC)C1=O,CCCCCCCCCCCCN(CCCCCCCCCCCC)C(=O)COC1CCCN(CCCCCC)C1=O,"[26, 28, 41]","[""O(amide_carbonyl)"", ""O(ether)"", ""O(amide_carbonyl)""]",3,9,3,nitrate,nitrate,0,58|CCCCCCCCCCCCN(CCCCCCCCCCCC)C(=O)COC1CCCN(CCCCCC)C1=O|nitrate,1,1,acid_class=nitrate|acid_strength_bin=medium|nitrate_activity=medium|pH_bin=missing|diluent_family=aliphatic_hydrocarbon|modifier_class=none|temperature_bin=ambient|contact_time_bin=missing|shaking_time_bin=missing|phase_ratio_bin=missing,1.0,1.0,25.0,25.0,planned,ok,,,
dffea6f8c61d,,59,Pr,3,CCCCCCCCCCCCN(CCCCCCCCCCCC)C(=O)COC1CCCN(CCCCCC)C1=O,CCCCCCCCCCCCN(CCCCCCCCCCCC)C(=O)COC1CCCN(CCCCCC)C1=O,"[26, 28, 41]","[""O(amide_carbonyl)"", ""O(ether)"", ""O(amide_carbonyl)""]",3,9,3,nitrate,nitrate,0,59|CCCCCCCCCCCCN(CCCCCCCCCCCC)C(=O)COC1CCCN(CCCCCC)C1=O|nitrate,1,1,acid_class=nitrate|acid_strength_bin=medium|nitrate_activity=medium|pH_bin=missing|diluent_family=aliphatic_hydrocarbon|modifier_class=none|temperature_bin=ambient|contact_time_bin=missing|shaking_time_bin=missing|phase_ratio_bin=missing,1.0,1.0,25.0,25.0,planned,ok,,,
b43f7786b547,,60,Nd,3,CCCCCCCCCCCCN(CCCCCCCCCCCC)C(=O)COC1CCCN(CCCCCC)C1=O,CCCCCCCCCCCCN(CCCCCCCCCCCC)C(=O)COC1CCCN(CCCCCC)C1=O,"[26, 28, 41]","[""O(amide_carbonyl)"", ""O(ether)"", ""O(amide_carbonyl)""]",3,9,3,nitrate,nitrate,0,60|CCCCCCCCCCCCN(CCCCCCCCCCCC)C(=O)COC1CCCN(CCCCCC)C1=O|nitrate,1,1,acid_class=nitrate|acid_strength_bin=medium|nitrate_activity=medium|pH_bin=missing|diluent_family=aliphatic_hydrocarbon|modifier_class=none|temperature_bin=ambient|contact_time_bin=missing|shaking_time_bin=missing|phase_ratio_bin=missing,1.0,1.0,25.0,25.0,planned,ok,,,
0eb9f51b6fdf,,63,Eu,3,CCCCCCCCCCCCN(CCCCCCCCCCCC)C(=O)COC1CCCN(CCCCCC)C1=O,CCCCCCCCCCCCN(CCCCCCCCCCCC)C(=O)COC1CCCN(CCCCCC)C1=O,"[26, 28, 41]","[""O(amide_carbonyl)"", ""O(ether)"", ""O(amide_carbonyl)""]",3,9,3,nitrate,nitrate,0,63|CCCCCCCCCCCCN(CCCCCCCCCCCC)C(=O)COC1CCCN(CCCCCC)C1=O|nitrate,1,1,acid_class=nitrate|acid_strength_bin=medium|nitrate_activity=medium|pH_bin=missing|diluent_family=aliphatic_hydrocarbon|modifier_class=none|temperature_bin=ambient|contact_time_bin=missing|shaking_time_bin=missing|phase_ratio_bin=missing,1.0,1.0,25.0,25.0,planned,ok,,,
076b08bdd522,,64,Gd,3,CCCCCCCCCCCCN(CCCCCCCCCCCC)C(=O)COC1CCCN(CCCCCC)C1=O,CCCCCCCCCCCCN(CCCCCCCCCCCC)C(=O)COC1CCCN(CCCCCC)C1=O,"[26, 28, 41]","[""O(amide_carbonyl)"", ""O(ether)"", ""O(amide_carbonyl)""]",3,9,3,nitrate,nitrate,0,64|CCCCCCCCCCCCN(CCCCCCCCCCCC)C(=O)COC1CCCN(CCCCCC)C1=O|nitrate,1,1,acid_class=nitrate|acid_strength_bin=medium|nitrate_activity=medium|pH_bin=missing|diluent_family=aliphatic_hydrocarbon|modifier_class=none|temperature_bin=ambient|contact_time_bin=missing|shaking_time_bin=missing|phase_ratio_bin=missing,1.0,1.0,25.0,25.0,planned,ok,,,
637dd623b29a,,65,Tb,3,CCCCCCCCCCCCN(CCCCCCCCCCCC)C(=O)COC1CCCN(CCCCCC)C1=O,CCCCCCCCCCCCN(CCCCCCCCCCCC)C(=O)COC1CCCN(CCCCCC)C1=O,"[26, 28, 41]","[""O(amide_carbonyl)"", ""O(ether)"", ""O(amide_carbonyl)""]",3,8,2,nitrate,nitrate,2,65|CCCCCCCCCCCCN(CCCCCCCCCCCC)C(=O)COC1CCCN(CCCCCC)C1=O|nitrate,1,1,acid_class=nitrate|acid_strength_bin=medium|nitrate_activity=medium|pH_bin=missing|diluent_family=aliphatic_hydrocarbon|modifier_class=none|temperature_bin=ambient|contact_time_bin=missing|shaking_time_bin=missing|phase_ratio_bin=missing,1.0,1.0,25.0,25.0,planned,fill_2x_nitrate,,,
3422077ed716,,66,Dy,3,CCCCCCCCCCCCN(CCCCCCCCCCCC)C(=O)COC1CCCN(CCCCCC)C1=O,CCCCCCCCCCCCN(CCCCCCCCCCCC)C(=O)COC1CCCN(CCCCCC)C1=O,"[26, 28, 41]","[""O(amide_carbonyl)"", ""O(ether)"", ""O(amide_carbonyl)""]",3,8,2,nitrate,nitrate,2,66|CCCCCCCCCCCCN(CCCCCCCCCCCC)C(=O)COC1CCCN(CCCCCC)C1=O|nitrate,1,1,acid_class=nitrate|acid_strength_bin=medium|nitrate_activity=medium|pH_bin=missing|diluent_family=aliphatic_hydrocarbon|modifier_class=none|temperature_bin=ambient|contact_time_bin=missing|shaking_time_bin=missing|phase_ratio_bin=missing,1.0,1.0,25.0,25.0,planned,fill_2x_nitrate,,,
01ab21da6e59,,67,Ho,3,CCCCCCCCCCCCN(CCCCCCCCCCCC)C(=O)COC1CCCN(CCCCCC)C1=O,CCCCCCCCCCCCN(CCCCCCCCCCCC)C(=O)COC1CCCN(CCCCCC)C1=O,"[26, 28, 41]","[""O(amide_carbonyl)"", ""O(ether)"", ""O(amide_carbonyl)""]",3,8,2,nitrate,nitrate,2,67|CCCCCCCCCCCCN(CCCCCCCCCCCC)C(=O)COC1CCCN(CCCCCC)C1=O|nitrate,1,1,acid_class=nitrate|acid_strength_bin=medium|nitrate_activity=medium|pH_bin=missing|diluent_family=aliphatic_hydrocarbon|modifier_class=none|temperature_bin=ambient|contact_time_bin=missing|shaking_time_bin=missing|phase_ratio_bin=missing,1.0,1.0,25.0,25.0,planned,fill_2x_nitrate,,,
3b80b406e1b9,,68,Er,3,CCCCCCCCCCCCN(CCCCCCCCCCCC)C(=O)COC1CCCN(CCCCCC)C1=O,CCCCCCCCCCCCN(CCCCCCCCCCCC)C(=O)COC1CCCN(CCCCCC)C1=O,"[26, 28, 41]","[""O(amide_carbonyl)"", ""O(ether)"", ""O(amide_carbonyl)""]",3,8,2,nitrate,nitrate,2,68|CCCCCCCCCCCCN(CCCCCCCCCCCC)C(=O)COC1CCCN(CCCCCC)C1=O|nitrate,1,1,acid_class=nitrate|acid_strength_bin=medium|nitrate_activity=medium|pH_bin=missing|diluent_family=aliphatic_hydrocarbon|modifier_class=none|temperature_bin=ambient|contact_time_bin=missing|shaking_time_bin=missing|phase_ratio_bin=missing,1.0,1.0,25.0,25.0,planned,fill_2x_nitrate,,,
5bb30e928269,,69,Tm,3,CCCCCCCCCCCCN(CCCCCCCCCCCC)C(=O)COC1CCCN(CCCCCC)C1=O,CCCCCCCCCCCCN(CCCCCCCCCCCC)C(=O)COC1CCCN(CCCCCC)C1=O,"[26, 28, 41]","[""O(amide_carbonyl)"", ""O(ether)"", ""O(amide_carbonyl)""]",3,8,2,nitrate,nitrate,2,69|CCCCCCCCCCCCN(CCCCCCCCCCCC)C(=O)COC1CCCN(CCCCCC)C1=O|nitrate,1,1,acid_class=nitrate|acid_strength_bin=medium|nitrate_activity=medium|pH_bin=missing|diluent_family=aliphatic_hydrocarbon|modifier_class=none|temperature_bin=ambient|contact_time_bin=missing|shaking_time_bin=missing|phase_ratio_bin=missing,1.0,1.0,25.0,25.0,planned,fill_2x_nitrate,,,
a00fc375c167,,57,La,3,CCCCCCN(CCC(C)CCC=C(C)C)C(=O)COCC(=O)N(CCCCCC)CCC(C)CCC=C(C)C,CCCCCCN(CCC(C)CCC=C(C)C)C(=O)COCC(=O)N(CCCCCC)CCC(C)CCC=C(C)C,"[18, 20, 23]","[""O(amide_carbonyl)"", ""O(ether)"", ""O(amide_carbonyl)""]",3,9,3,water,water,0,57|CCCCCCN(CCC(C)CCC=C(C)C)C(=O)COCC(=O)N(CCCCCC)CCC(C)CCC=C(C)C|water,1,1,acid_class=chloride|acid_strength_bin=high|nitrate_activity=none|pH_bin=missing|diluent_family=aliphatic_hydrocarbon|modifier_class=none|temperature_bin=ambient|contact_time_bin=missing|shaking_time_bin=missing|phase_ratio_bin=missing,3.0,3.0,25.0,25.0,planned,ok,,,
128ad64b4147,,71,Lu,3,CCCCCCN(CCC(C)CCC=C(C)C)C(=O)COCC(=O)N(CCCCCC)CCC(C)CCC=C(C)C,CCCCCCN(CCC(C)CCC=C(C)C)C(=O)COCC(=O)N(CCCCCC)CCC(C)CCC=C(C)C,"[18, 20, 23]","[""O(amide_carbonyl)"", ""O(ether)"", ""O(amide_carbonyl)""]",3,8,2,water,water,2,71|CCCCCCN(CCC(C)CCC=C(C)C)C(=O)COCC(=O)N(CCCCCC)CCC(C)CCC=C(C)C|water,1,1,acid_class=chloride|acid_strength_bin=high|nitrate_activity=none|pH_bin=missing|diluent_family=aliphatic_hydrocarbon|modifier_class=none|temperature_bin=ambient|contact_time_bin=missing|shaking_time_bin=missing|phase_ratio_bin=missing,3.0,3.0,25.0,25.0,planned,fill_2x_water,,,
6cce4e8db490,,71,Lu,3,CCCCCCN(CCC(C)CCCC(C)C)C(=O)COCC(=O)N(CCCCCC)CCC(C)CCCC(C)C,CCCCCCN(CCC(C)CCCC(C)C)C(=O)COCC(=O)N(CCCCCC)CCC(C)CCCC(C)C,"[18, 20, 23]","[""O(amide_carbonyl)"", ""O(ether)"", ""O(amide_carbonyl)""]",3,8,2,water,water,2,71|CCCCCCN(CCC(C)CCCC(C)C)C(=O)COCC(=O)N(CCCCCC)CCC(C)CCCC(C)C|water,1,1,acid_class=chloride|acid_strength_bin=high|nitrate_activity=none|pH_bin=missing|diluent_family=aliphatic_hydrocarbon|modifier_class=none|temperature_bin=ambient|contact_time_bin=missing|shaking_time_bin=missing|phase_ratio_bin=missing,3.0,3.0,25.0,25.0,planned,fill_2x_water,,,
152d8aff1d8c,,69,Tm,3,CCCCCCN(CCC(C)CCCC(C)C)C(=O)COCC(=O)N(CCCCCC)CCC(C)CCCC(C)C,CCCCCCN(CCC(C)CCCC(C)C)C(=O)COCC(=O)N(CCCCCC)CCC(C)CCCC(C)C,"[18, 20, 23]","[""O(amide_carbonyl)"", ""O(ether)"", ""O(amide_carbonyl)""]",3,8,2,water,water,2,69|CCCCCCN(CCC(C)CCCC(C)C)C(=O)COCC(=O)N(CCCCCC)CCC(C)CCCC(C)C|water,1,1,acid_class=chloride|acid_strength_bin=high|nitrate_activity=none|pH_bin=missing|diluent_family=aliphatic_hydrocarbon|modifier_class=none|temperature_bin=ambient|contact_time_bin=missing|shaking_time_bin=missing|phase_ratio_bin=missing,3.0,3.0,25.0,25.0,planned,fill_2x_water,,,
1e21959a3fd8,,70,Yb,3,CCCCCCCCCCCCN(CCCCCCCCCCCC)C(=O)COC1CCCN(CCCCCC)C1=O,CCCCCCCCCCCCN(CCCCCCCCCCCC)C(=O)COC1CCCN(CCCCCC)C1=O,"[26, 28, 41]","[""O(amide_carbonyl)"", ""O(ether)"", ""O(amide_carbonyl)""]",3,8,2,nitrate,nitrate,2,70|CCCCCCCCCCCCN(CCCCCCCCCCCC)C(=O)COC1CCCN(CCCCCC)C1=O|nitrate,1,1,acid_class=nitrate|acid_strength_bin=medium|nitrate_activity=medium|pH_bin=missing|diluent_family=aliphatic_hydrocarbon|modifier_class=none|temperature_bin=ambient|contact_time_bin=missing|shaking_time_bin=missing|phase_ratio_bin=missing,1.0,1.0,25.0,25.0,planned,fill_2x_nitrate,,,
4a46d09e5596,,57,La,3,CCCCCCN(CCC(C)CCCC(C)C)C(=O)COCC(=O)N(CCCCCC)CCC(C)CCCC(C)C,CCCCCCN(CCC(C)CCCC(C)C)C(=O)COCC(=O)N(CCCCCC)CCC(C)CCCC(C)C,"[18, 20, 23]","[""O(amide_carbonyl)"", ""O(ether)"", ""O(amide_carbonyl)""]",3,9,3,water,water,0,57|CCCCCCN(CCC(C)CCCC(C)C)C(=O)COCC(=O)N(CCCCCC)CCC(C)CCCC(C)C|water,1,1,acid_class=chloride|acid_strength_bin=high|nitrate_activity=none|pH_bin=missing|diluent_family=aliphatic_hydrocarbon|modifier_class=none|temperature_bin=ambient|contact_time_bin=missing|shaking_time_bin=missing|phase_ratio_bin=missing,3.0,3.0,25.0,25.0,planned,ok,,,
8ed5d86a6446,,58,Ce,3,CCCCCCN(CCC(C)CCCC(C)C)C(=O)COCC(=O)N(CCCCCC)CCC(C)CCCC(C)C,CCCCCCN(CCC(C)CCCC(C)C)C(=O)COCC(=O)N(CCCCCC)CCC(C)CCCC(C)C,"[18, 20, 23]","[""O(amide_carbonyl)"", ""O(ether)"", ""O(amide_carbonyl)""]",3,9,3,water,water,0,58|CCCCCCN(CCC(C)CCCC(C)C)C(=O)COCC(=O)N(CCCCCC)CCC(C)CCCC(C)C|water,1,1,acid_class=chloride|acid_strength_bin=high|nitrate_activity=none|pH_bin=missing|diluent_family=aliphatic_hydrocarbon|modifier_class=none|temperature_bin=ambient|contact_time_bin=missing|shaking_time_bin=missing|phase_ratio_bin=missing,3.0,3.0,25.0,25.0,planned,ok,,,
60f03d2c67cc,,59,Pr,3,CCCCCCN(CCC(C)CCCC(C)C)C(=O)COCC(=O)N(CCCCCC)CCC(C)CCCC(C)C,CCCCCCN(CCC(C)CCCC(C)C)C(=O)COCC(=O)N(CCCCCC)CCC(C)CCCC(C)C,"[18, 20, 23]","[""O(amide_carbonyl)"", ""O(ether)"", ""O(amide_carbonyl)""]",3,9,3,water,water,0,59|CCCCCCN(CCC(C)CCCC(C)C)C(=O)COCC(=O)N(CCCCCC)CCC(C)CCCC(C)C|water,1,1,acid_class=chloride|acid_strength_bin=high|nitrate_activity=none|pH_bin=missing|diluent_family=aliphatic_hydrocarbon|modifier_class=none|temperature_bin=ambient|contact_time_bin=missing|shaking_time_bin=missing|phase_ratio_bin=missing,3.0,3.0,25.0,25.0,planned,ok,,,
730ccd1931fb,,60,Nd,3,CCCCCCN(CCC(C)CCCC(C)C)C(=O)COCC(=O)N(CCCCCC)CCC(C)CCCC(C)C,CCCCCCN(CCC(C)CCCC(C)C)C(=O)COCC(=O)N(CCCCCC)CCC(C)CCCC(C)C,"[18, 20, 23]","[""O(amide_carbonyl)"", ""O(ether)"", ""O(amide_carbonyl)""]",3,9,3,water,water,0,60|CCCCCCN(CCC(C)CCCC(C)C)C(=O)COCC(=O)N(CCCCCC)CCC(C)CCCC(C)C|water,1,1,acid_class=chloride|acid_strength_bin=high|nitrate_activity=none|pH_bin=missing|diluent_family=aliphatic_hydrocarbon|modifier_class=none|temperature_bin=ambient|contact_time_bin=missing|shaking_time_bin=missing|phase_ratio_bin=missing,3.0,3.0,25.0,25.0,planned,ok,,,
4bed52a4e22b,,62,Sm,3,CCCCCCN(CCC(C)CCCC(C)C)C(=O)COCC(=O)N(CCCCCC)CCC(C)CCCC(C)C,CCCCCCN(CCC(C)CCCC(C)C)C(=O)COCC(=O)N(CCCCCC)CCC(C)CCCC(C)C,"[18, 20, 23]","[""O(amide_carbonyl)"", ""O(ether)"", ""O(amide_carbonyl)""]",3,9,3,water,water,0,62|CCCCCCN(CCC(C)CCCC(C)C)C(=O)COCC(=O)N(CCCCCC)CCC(C)CCCC(C)C|water,1,1,acid_class=chloride|acid_strength_bin=high|nitrate_activity=none|pH_bin=missing|diluent_family=aliphatic_hydrocarbon|modifier_class=none|temperature_bin=ambient|contact_time_bin=missing|shaking_time_bin=missing|phase_ratio_bin=missing,3.0,3.0,25.0,25.0,planned,ok,,,
2ba2430d45f9,,63,Eu,3,CCCCCCN(CCC(C)CCCC(C)C)C(=O)COCC(=O)N(CCCCCC)CCC(C)CCCC(C)C,CCCCCCN(CCC(C)CCCC(C)C)C(=O)COCC(=O)N(CCCCCC)CCC(C)CCCC(C)C,"[18, 20, 23]","[""O(amide_carbonyl)"", ""O(ether)"", ""O(amide_carbonyl)""]",3,9,3,water,water,0,63|CCCCCCN(CCC(C)CCCC(C)C)C(=O)COCC(=O)N(CCCCCC)CCC(C)CCCC(C)C|water,1,1,acid_class=chloride|acid_strength_bin=high|nitrate_activity=none|pH_bin=missing|diluent_family=aliphatic_hydrocarbon|modifier_class=none|temperature_bin=ambient|contact_time_bin=missing|shaking_time_bin=missing|phase_ratio_bin=missing,3.0,3.0,25.0,25.0,planned,ok,,,
6594b7e2cb96,,64,Gd,3,CCCCCCN(CCC(C)CCCC(C)C)C(=O)COCC(=O)N(CCCCCC)CCC(C)CCCC(C)C,CCCCCCN(CCC(C)CCCC(C)C)C(=O)COCC(=O)N(CCCCCC)CCC(C)CCCC(C)C,"[18, 20, 23]","[""O(amide_carbonyl)"", ""O(ether)"", ""O(amide_carbonyl)""]",3,9,3,water,water,0,64|CCCCCCN(CCC(C)CCCC(C)C)C(=O)COCC(=O)N(CCCCCC)CCC(C)CCCC(C)C|water,1,1,acid_class=chloride|acid_strength_bin=high|nitrate_activity=none|pH_bin=missing|diluent_family=aliphatic_hydrocarbon|modifier_class=none|temperature_bin=ambient|contact_time_bin=missing|shaking_time_bin=missing|phase_ratio_bin=missing,3.0,3.0,25.0,25.0,planned,ok,,,
29d75ee7f8b2,,65,Tb,3,CCCCCCN(CCC(C)CCCC(C)C)C(=O)COCC(=O)N(CCCCCC)CCC(C)CCCC(C)C,CCCCCCN(CCC(C)CCCC(C)C)C(=O)COCC(=O)N(CCCCCC)CCC(C)CCCC(C)C,"[18, 20, 23]","[""O(amide_carbonyl)"", ""O(ether)"", ""O(amide_carbonyl)""]",3,8,2,water,water,2,65|CCCCCCN(CCC(C)CCCC(C)C)C(=O)COCC(=O)N(CCCCCC)CCC(C)CCCC(C)C|water,1,1,acid_class=chloride|acid_strength_bin=high|nitrate_activity=none|pH_bin=missing|diluent_family=aliphatic_hydrocarbon|modifier_class=none|temperature_bin=ambient|contact_time_bin=missing|shaking_time_bin=missing|phase_ratio_bin=missing,3.0,3.0,25.0,25.0,planned,fill_2x_water,,,
e6ee8642b159,,66,Dy,3,CCCCCCN(CCC(C)CCCC(C)C)C(=O)COCC(=O)N(CCCCCC)CCC(C)CCCC(C)C,CCCCCCN(CCC(C)CCCC(C)C)C(=O)COCC(=O)N(CCCCCC)CCC(C)CCCC(C)C,"[18, 20, 23]","[""O(amide_carbonyl)"", ""O(ether)"", ""O(amide_carbonyl)""]",3,8,2,water,water,2,66|CCCCCCN(CCC(C)CCCC(C)C)C(=O)COCC(=O)N(CCCCCC)CCC(C)CCCC(C)C|water,1,1,acid_class=chloride|acid_strength_bin=high|nitrate_activity=none|pH_bin=missing|diluent_family=aliphatic_hydrocarbon|modifier_class=none|temperature_bin=ambient|contact_time_bin=missing|shaking_time_bin=missing|phase_ratio_bin=missing,3.0,3.0,25.0,25.0,planned,fill_2x_water,,,
c58483c35141,,67,Ho,3,CCCCCCN(CCC(C)CCCC(C)C)C(=O)COCC(=O)N(CCCCCC)CCC(C)CCCC(C)C,CCCCCCN(CCC(C)CCCC(C)C)C(=O)COCC(=O)N(CCCCCC)CCC(C)CCCC(C)C,"[18, 20, 23]","[""O(amide_carbonyl)"", ""O(ether)"", ""O(amide_carbonyl)""]",3,8,2,water,water,2,67|CCCCCCN(CCC(C)CCCC(C)C)C(=O)COCC(=O)N(CCCCCC)CCC(C)CCCC(C)C|water,1,1,acid_class=chloride|acid_strength_bin=high|nitrate_activity=none|pH_bin=missing|diluent_family=aliphatic_hydrocarbon|modifier_class=none|temperature_bin=ambient|contact_time_bin=missing|shaking_time_bin=missing|phase_ratio_bin=missing,3.0,3.0,25.0,25.0,planned,fill_2x_water,,,
7c6902521d28,,68,Er,3,CCCCCCN(CCC(C)CCCC(C)C)C(=O)COCC(=O)N(CCCCCC)CCC(C)CCCC(C)C,CCCCCCN(CCC(C)CCCC(C)C)C(=O)COCC(=O)N(CCCCCC)CCC(C)CCCC(C)C,"[18, 20, 23]","[""O(amide_carbonyl)"", ""O(ether)"", ""O(amide_carbonyl)""]",3,8,2,water,water,2,68|CCCCCCN(CCC(C)CCCC(C)C)C(=O)COCC(=O)N(CCCCCC)CCC(C)CCCC(C)C|water,1,1,acid_class=chloride|acid_strength_bin=high|nitrate_activity=none|pH_bin=missing|diluent_family=aliphatic_hydrocarbon|modifier_class=none|temperature_bin=ambient|contact_time_bin=missing|shaking_time_bin=missing|phase_ratio_bin=missing,3.0,3.0,25.0,25.0,planned,fill_2x_water,,,
692a566c8add,,70,Yb,3,CCCCCCN(CCC(C)CCCC(C)C)C(=O)COCC(=O)N(CCCCCC)CCC(C)CCCC(C)C,CCCCCCN(CCC(C)CCCC(C)C)C(=O)COCC(=O)N(CCCCCC)CCC(C)CCCC(C)C,"[18, 20, 23]","[""O(amide_carbonyl)"", ""O(ether)"", ""O(amide_carbonyl)""]",3,8,2,water,water,2,70|CCCCCCN(CCC(C)CCCC(C)C)C(=O)COCC(=O)N(CCCCCC)CCC(C)CCCC(C)C|water,1,1,acid_class=chloride|acid_strength_bin=high|nitrate_activity=none|pH_bin=missing|diluent_family=aliphatic_hydrocarbon|modifier_class=none|temperature_bin=ambient|contact_time_bin=missing|shaking_time_bin=missing|phase_ratio_bin=missing,3.0,3.0,25.0,25.0,planned,fill_2x_water,,,
513a2473cb69,,71,Lu,3,CCCCCCCCCCCCN(CCCCCCCCCCCC)C(=O)COC1CCCN(CCCCCC)C1=O,CCCCCCCCCCCCN(CCCCCCCCCCCC)C(=O)COC1CCCN(CCCCCC)C1=O,"[26, 28, 41]","[""O(amide_carbonyl)"", ""O(ether)"", ""O(amide_carbonyl)""]",3,8,2,nitrate,nitrate,2,71|CCCCCCCCCCCCN(CCCCCCCCCCCC)C(=O)COC1CCCN(CCCCCC)C1=O|nitrate,1,1,acid_class=nitrate|acid_strength_bin=medium|nitrate_activity=medium|pH_bin=missing|diluent_family=aliphatic_hydrocarbon|modifier_class=none|temperature_bin=ambient|contact_time_bin=missing|shaking_time_bin=missing|phase_ratio_bin=missing,1.0,1.0,25.0,25.0,planned,fill_2x_nitrate,,,
cafe7bff72b2,,63,Eu,3,CC(C)(C)c1ccc(NC(=O)c2cnccn2)cc1,CC(C)(C)c1ccc(NC(=O)c2cnccn2)cc1,"[10, 13, 16]","[""O(amide_carbonyl)"", ""N(aromatic)"", ""N(aromatic)""]",3,9,3,nitrate,nitrate,0,63|CC(C)(C)c1ccc(NC(=O)c2cnccn2)cc1|nitrate,1,1,acid_class=nitrate|acid_strength_bin=high|nitrate_activity=high|pH_bin=missing|diluent_family=alcohol_modifier|modifier_class=none|temperature_bin=ambient|contact_time_bin=medium|shaking_time_bin=missing|phase_ratio_bin=missing,3.82,3.82,23.0,23.0,planned,ok,,,
0ab3f3c24f19,,63,Eu,3,CC(C)(C)c1ccc(NCC(=O)c2cccc(C(=O)CNc3ccc(C(C)(C)C)cc3)n2)cc1,CC(C)(C)c1ccc(NCC(=O)c2cccc(C(=O)CNc3ccc(C(C)(C)C)cc3)n2)cc1,"[8, 11, 18, 20, 31]","[""N(amine)"", ""O(carbonyl)"", ""O(carbonyl)"", ""N(amine)"", ""N(aromatic)""]",5,9,1,nitrate,nitrate,4,63|CC(C)(C)c1ccc(NCC(=O)c2cccc(C(=O)CNc3ccc(C(C)(C)C)cc3)n2)cc1|nitrate,1,1,acid_class=nitrate|acid_strength_bin=high|nitrate_activity=high|pH_bin=missing|diluent_family=alcohol_modifier|modifier_class=none|temperature_bin=ambient|contact_time_bin=medium|shaking_time_bin=missing|phase_ratio_bin=missing,3.82,3.82,23.0,23.0,planned,fill_4x_nitrate,,,
7627c1e45ee0,,63,Eu,3,CCCCN(CCCC)C(=O)COCC(=O)N(CC)CCN(CC)C(=O)COCC(=O)N(CCCC)CCCC,CCCCN(CCCC)C(=O)COCC(=O)N(CC)CCN(CC)C(=O)COCC(=O)N(CCCC)CCCC,"[10, 12, 15]","[""O(amide_carbonyl)"", ""O(ether)"", ""O(amide_carbonyl)""]",3,9,3,nitrate,nitrate,0,63|CCCCN(CCCC)C(=O)COCC(=O)N(CC)CCN(CC)C(=O)COCC(=O)N(CCCC)CCCC|nitrate,6,2,acid_class=nitrate|acid_strength_bin=high|nitrate_activity=high|pH_bin=missing|diluent_family=alcohol_modifier|modifier_class=none|temperature_bin=ambient|contact_time_bin=medium|shaking_time_bin=missing|phase_ratio_bin=missing;acid_class=nitrate|acid_strength_bin=medium|nitrate_activity=medium|pH_bin=missing|diluent_family=alcohol_modifier|modifier_class=none|temperature_bin=ambient|contact_time_bin=medium|shaking_time_bin=missing|phase_ratio_bin=missing,0.998762,5.99814,30.0,30.0,planned,ok,,,
5add7e7980fc,,63,Eu,3,CCCCN(CCCC)C(=O)COCC(=O)N(CCN(C(=O)COCC(=O)N(CCCC)CCCC)C(C)C)C(C)C,CCCCN(CCCC)C(=O)COCC(=O)N(CCN(C(=O)COCC(=O)N(CCCC)CCCC)C(C)C)C(C)C,"[10, 12, 15]","[""O(amide_carbonyl)"", ""O(ether)"", ""O(amide_carbonyl)""]",3,9,3,nitrate,nitrate,0,63|CCCCN(CCCC)C(=O)COCC(=O)N(CCN(C(=O)COCC(=O)N(CCCC)CCCC)C(C)C)C(C)C|nitrate,6,2,acid_class=nitrate|acid_strength_bin=high|nitrate_activity=high|pH_bin=missing|diluent_family=alcohol_modifier|modifier_class=none|temperature_bin=ambient|contact_time_bin=medium|shaking_time_bin=missing|phase_ratio_bin=missing;acid_class=nitrate|acid_strength_bin=medium|nitrate_activity=medium|pH_bin=missing|diluent_family=alcohol_modifier|modifier_class=none|temperature_bin=ambient|contact_time_bin=medium|shaking_time_bin=missing|phase_ratio_bin=missing,0.998762,5.99814,30.0,30.0,planned,ok,,,
3df1d7358828,,64,Gd,3,CCCCCCCCP(=O)(CCCCCCCC)Cc1cccc(CP(=O)(CCCCCCCC)CCCCCCCC)[n+]1[O-],CCCCCCCCP(=O)(CCCCCCCC)Cc1cccc(CP(=O)(CCCCCCCC)CCCCCCCC)[n+]1[O-],"[9, 26, 44]","[""O(ether)"", ""O(ether)"", ""O(ether)""]",3,9,3,nitrate,nitrate,0,64|CCCCCCCCP(=O)(CCCCCCCC)Cc1cccc(CP(=O)(CCCCCCCC)CCCCCCCC)[n+]1[O-]|nitrate,1,1,acid_class=nitrate|acid_strength_bin=low|nitrate_activity=low|pH_bin=missing|diluent_family=aromatic|modifier_class=none|temperature_bin=ambient|contact_time_bin=missing|shaking_time_bin=missing|phase_ratio_bin=missing,0.3,0.3,25.0,25.0,planned,ok,,,
a51968909434,,63,Eu,3,CCCCCCCCP(=O)(CCCCCCCC)Cc1cccc(CP(=O)(CCCCCCCC)CCCCCCCC)[n+]1[O-],CCCCCCCCP(=O)(CCCCCCCC)Cc1cccc(CP(=O)(CCCCCCCC)CCCCCCCC)[n+]1[O-],"[9, 26, 44]","[""O(ether)"", ""O(ether)"", ""O(ether)""]",3,9,3,nitrate,nitrate,0,63|CCCCCCCCP(=O)(CCCCCCCC)Cc1cccc(CP(=O)(CCCCCCCC)CCCCCCCC)[n+]1[O-]|nitrate,1,1,acid_class=nitrate|acid_strength_bin=low|nitrate_activity=low|pH_bin=missing|diluent_family=aromatic|modifier_class=none|temperature_bin=ambient|contact_time_bin=missing|shaking_time_bin=missing|phase_ratio_bin=missing,0.3,0.3,25.0,25.0,planned,ok,,,
2fa73f2a7520,,68,Er,3,CCCCCCCCP(=O)(CCCCCCCC)Cc1cccc(CP(=O)(CCCCCCCC)CCCCCCCC)[n+]1[O-],CCCCCCCCP(=O)(CCCCCCCC)Cc1cccc(CP(=O)(CCCCCCCC)CCCCCCCC)[n+]1[O-],"[9, 26, 44]","[""O(ether)"", ""O(ether)"", ""O(ether)""]",3,8,2,water,water,2,68|CCCCCCCCP(=O)(CCCCCCCC)Cc1cccc(CP(=O)(CCCCCCCC)CCCCCCCC)[n+]1[O-]|water,1,1,acid_class=chloride|acid_strength_bin=trace|nitrate_activity=none|pH_bin=missing|diluent_family=aromatic|modifier_class=none|temperature_bin=ambient|contact_time_bin=missing|shaking_time_bin=missing|phase_ratio_bin=missing,0.001,0.001,25.0,25.0,planned,fill_2x_water,,,
0eec28e02708,,62,Sm,3,CCCCCCCCP(=O)(CCCCCCCC)Cc1cccc(CP(=O)(CCCCCCCC)CCCCCCCC)[n+]1[O-],CCCCCCCCP(=O)(CCCCCCCC)Cc1cccc(CP(=O)(CCCCCCCC)CCCCCCCC)[n+]1[O-],"[9, 26, 44]","[""O(ether)"", ""O(ether)"", ""O(ether)""]",3,9,3,nitrate,nitrate,0,62|CCCCCCCCP(=O)(CCCCCCCC)Cc1cccc(CP(=O)(CCCCCCCC)CCCCCCCC)[n+]1[O-]|nitrate,1,1,acid_class=nitrate|acid_strength_bin=low|nitrate_activity=low|pH_bin=missing|diluent_family=aromatic|modifier_class=none|temperature_bin=ambient|contact_time_bin=missing|shaking_time_bin=missing|phase_ratio_bin=missing,0.3,0.3,25.0,25.0,planned,ok,,,
f728fe13d29b,,69,Tm,3,CCCCCCCCP(=O)(CCCCCCCC)Cc1cccc(CP(=O)(CCCCCCCC)CCCCCCCC)[n+]1[O-],CCCCCCCCP(=O)(CCCCCCCC)Cc1cccc(CP(=O)(CCCCCCCC)CCCCCCCC)[n+]1[O-],"[9, 26, 44]","[""O(ether)"", ""O(ether)"", ""O(ether)""]",3,8,2,water,water,2,69|CCCCCCCCP(=O)(CCCCCCCC)Cc1cccc(CP(=O)(CCCCCCCC)CCCCCCCC)[n+]1[O-]|water,1,1,acid_class=chloride|acid_strength_bin=trace|nitrate_activity=none|pH_bin=missing|diluent_family=aromatic|modifier_class=none|temperature_bin=ambient|contact_time_bin=missing|shaking_time_bin=missing|phase_ratio_bin=missing,0.001,0.001,25.0,25.0,planned,fill_2x_water,,,
6b34bf7e6a1e,,59,Pr,3,CCCCCCCCP(=O)(CCCCCCCC)Cc1cccc(CP(=O)(CCCCCCCC)CCCCCCCC)[n+]1[O-],CCCCCCCCP(=O)(CCCCCCCC)Cc1cccc(CP(=O)(CCCCCCCC)CCCCCCCC)[n+]1[O-],"[9, 26, 44]","[""O(ether)"", ""O(ether)"", ""O(ether)""]",3,9,3,nitrate,nitrate,0,59|CCCCCCCCP(=O)(CCCCCCCC)Cc1cccc(CP(=O)(CCCCCCCC)CCCCCCCC)[n+]1[O-]|nitrate,1,1,acid_class=nitrate|acid_strength_bin=low|nitrate_activity=low|pH_bin=missing|diluent_family=aromatic|modifier_class=none|temperature_bin=ambient|contact_time_bin=missing|shaking_time_bin=missing|phase_ratio_bin=missing,0.3,0.3,25.0,25.0,planned,ok,,,
823ce0596fcf,,58,Ce,3,CCCCCCCCP(=O)(CCCCCCCC)Cc1cccc(CP(=O)(CCCCCCCC)CCCCCCCC)[n+]1[O-],CCCCCCCCP(=O)(CCCCCCCC)Cc1cccc(CP(=O)(CCCCCCCC)CCCCCCCC)[n+]1[O-],"[9, 26, 44]","[""O(ether)"", ""O(ether)"", ""O(ether)""]",3,9,3,nitrate,nitrate,0,58|CCCCCCCCP(=O)(CCCCCCCC)Cc1cccc(CP(=O)(CCCCCCCC)CCCCCCCC)[n+]1[O-]|nitrate,1,1,acid_class=nitrate|acid_strength_bin=low|nitrate_activity=low|pH_bin=missing|diluent_family=aromatic|modifier_class=none|temperature_bin=ambient|contact_time_bin=missing|shaking_time_bin=missing|phase_ratio_bin=missing,0.3,0.3,25.0,25.0,planned,ok,,,
0316ab580175,,66,Dy,3,CCCCCCCCP(=O)(CCCCCCCC)Cc1cccc(CP(=O)(CCCCCCCC)CCCCCCCC)[n+]1[O-],CCCCCCCCP(=O)(CCCCCCCC)Cc1cccc(CP(=O)(CCCCCCCC)CCCCCCCC)[n+]1[O-],"[9, 26, 44]","[""O(ether)"", ""O(ether)"", ""O(ether)""]",3,8,2,nitrate,nitrate,2,66|CCCCCCCCP(=O)(CCCCCCCC)Cc1cccc(CP(=O)(CCCCCCCC)CCCCCCCC)[n+]1[O-]|nitrate,1,1,acid_class=nitrate|acid_strength_bin=low|nitrate_activity=low|pH_bin=missing|diluent_family=aromatic|modifier_class=none|temperature_bin=ambient|contact_time_bin=missing|shaking_time_bin=missing|phase_ratio_bin=missing,0.3,0.3,25.0,25.0,planned,fill_2x_nitrate,,,
e8ea064a4c49,,57,La,3,CCCCCCCCP(=O)(CCCCCCCC)Cc1cccc(CP(=O)(CCCCCCCC)CCCCCCCC)[n+]1[O-],CCCCCCCCP(=O)(CCCCCCCC)Cc1cccc(CP(=O)(CCCCCCCC)CCCCCCCC)[n+]1[O-],"[9, 26, 44]","[""O(ether)"", ""O(ether)"", ""O(ether)""]",3,9,3,nitrate,nitrate,0,57|CCCCCCCCP(=O)(CCCCCCCC)Cc1cccc(CP(=O)(CCCCCCCC)CCCCCCCC)[n+]1[O-]|nitrate,1,1,acid_class=nitrate|acid_strength_bin=low|nitrate_activity=low|pH_bin=missing|diluent_family=aromatic|modifier_class=none|temperature_bin=ambient|contact_time_bin=missing|shaking_time_bin=missing|phase_ratio_bin=missing,0.3,0.3,25.0,25.0,planned,ok,,,
8ec3e5cffd20,,60,Nd,3,CCCCCCCCP(=O)(CCCCCCCC)Cc1cccc(CP(=O)(CCCCCCCC)CCCCCCCC)[n+]1[O-],CCCCCCCCP(=O)(CCCCCCCC)Cc1cccc(CP(=O)(CCCCCCCC)CCCCCCCC)[n+]1[O-],"[9, 26, 44]","[""O(ether)"", ""O(ether)"", ""O(ether)""]",3,9,3,nitrate,nitrate,0,60|CCCCCCCCP(=O)(CCCCCCCC)Cc1cccc(CP(=O)(CCCCCCCC)CCCCCCCC)[n+]1[O-]|nitrate,1,1,acid_class=nitrate|acid_strength_bin=low|nitrate_activity=low|pH_bin=missing|diluent_family=aromatic|modifier_class=none|temperature_bin=ambient|contact_time_bin=missing|shaking_time_bin=missing|phase_ratio_bin=missing,0.3,0.3,25.0,25.0,planned,ok,,,
c8ad5ca34e13,,67,Ho,3,CCCCCCCCP(=O)(CCCCCCCC)Cc1cccc(CP(=O)(CCCCCCCC)CCCCCCCC)[n+]1[O-],CCCCCCCCP(=O)(CCCCCCCC)Cc1cccc(CP(=O)(CCCCCCCC)CCCCCCCC)[n+]1[O-],"[9, 26, 44]","[""O(ether)"", ""O(ether)"", ""O(ether)""]",3,8,2,nitrate,nitrate,2,67|CCCCCCCCP(=O)(CCCCCCCC)Cc1cccc(CP(=O)(CCCCCCCC)CCCCCCCC)[n+]1[O-]|nitrate,1,1,acid_class=nitrate|acid_strength_bin=low|nitrate_activity=low|pH_bin=missing|diluent_family=aromatic|modifier_class=none|temperature_bin=ambient|contact_time_bin=missing|shaking_time_bin=missing|phase_ratio_bin=missing,0.3,0.3,25.0,25.0,planned,fill_2x_nitrate,,,
672f281b5671,,65,Tb,3,CCCCCCCCP(=O)(CCCCCCCC)Cc1cccc(CP(=O)(CCCCCCCC)CCCCCCCC)[n+]1[O-],CCCCCCCCP(=O)(CCCCCCCC)Cc1cccc(CP(=O)(CCCCCCCC)CCCCCCCC)[n+]1[O-],"[9, 26, 44]","[""O(ether)"", ""O(ether)"", ""O(ether)""]",3,8,2,nitrate,nitrate,2,65|CCCCCCCCP(=O)(CCCCCCCC)Cc1cccc(CP(=O)(CCCCCCCC)CCCCCCCC)[n+]1[O-]|nitrate,1,1,acid_class=nitrate|acid_strength_bin=low|nitrate_activity=low|pH_bin=missing|diluent_family=aromatic|modifier_class=none|temperature_bin=ambient|contact_time_bin=missing|shaking_time_bin=missing|phase_ratio_bin=missing,0.3,0.3,25.0,25.0,planned,fill_2x_nitrate,,,
e95ac61548eb,,69,Tm,3,CCCCCCCCP(=O)(CCCCCCCC)Cc1cccc(CP(=O)(CCCCCCCC)CCCCCCCC)[n+]1[O-],CCCCCCCCP(=O)(CCCCCCCC)Cc1cccc(CP(=O)(CCCCCCCC)CCCCCCCC)[n+]1[O-],"[9, 26, 44]","[""O(ether)"", ""O(ether)"", ""O(ether)""]",3,8,2,nitrate,nitrate,2,69|CCCCCCCCP(=O)(CCCCCCCC)Cc1cccc(CP(=O)(CCCCCCCC)CCCCCCCC)[n+]1[O-]|nitrate,1,1,acid_class=nitrate|acid_strength_bin=low|nitrate_activity=low|pH_bin=missing|diluent_family=aromatic|modifier_class=none|temperature_bin=ambient|contact_time_bin=missing|shaking_time_bin=missing|phase_ratio_bin=missing,0.3,0.3,25.0,25.0,planned,fill_2x_nitrate,,,
7090c77a2fc2,,71,Lu,3,CCCCCCCCP(=O)(CCCCCCCC)Cc1cccc(CP(=O)(CCCCCCCC)CCCCCCCC)[n+]1[O-],CCCCCCCCP(=O)(CCCCCCCC)Cc1cccc(CP(=O)(CCCCCCCC)CCCCCCCC)[n+]1[O-],"[9, 26, 44]","[""O(ether)"", ""O(ether)"", ""O(ether)""]",3,8,2,water,water,2,71|CCCCCCCCP(=O)(CCCCCCCC)Cc1cccc(CP(=O)(CCCCCCCC)CCCCCCCC)[n+]1[O-]|water,1,1,acid_class=chloride|acid_strength_bin=trace|nitrate_activity=none|pH_bin=missing|diluent_family=aromatic|modifier_class=none|temperature_bin=ambient|contact_time_bin=missing|shaking_time_bin=missing|phase_ratio_bin=missing,0.001,0.001,25.0,25.0,planned,fill_2x_water,,,
159a1c7de3e7,,70,Yb,3,CCCCCCCCP(=O)(CCCCCCCC)Cc1cccc(CP(=O)(CCCCCCCC)CCCCCCCC)[n+]1[O-],CCCCCCCCP(=O)(CCCCCCCC)Cc1cccc(CP(=O)(CCCCCCCC)CCCCCCCC)[n+]1[O-],"[9, 26, 44]","[""O(ether)"", ""O(ether)"", ""O(ether)""]",3,8,2,water,water,2,70|CCCCCCCCP(=O)(CCCCCCCC)Cc1cccc(CP(=O)(CCCCCCCC)CCCCCCCC)[n+]1[O-]|water,1,1,acid_class=chloride|acid_strength_bin=trace|nitrate_activity=none|pH_bin=missing|diluent_family=aromatic|modifier_class=none|temperature_bin=ambient|contact_time_bin=missing|shaking_time_bin=missing|phase_ratio_bin=missing,0.001,0.001,25.0,25.0,planned,fill_2x_water,,,
e7c451828720,,68,Er,3,CCCCCCCCP(=O)(CCCCCCCC)Cc1cccc(CP(=O)(CCCCCCCC)CCCCCCCC)[n+]1[O-],CCCCCCCCP(=O)(CCCCCCCC)Cc1cccc(CP(=O)(CCCCCCCC)CCCCCCCC)[n+]1[O-],"[9, 26, 44]","[""O(ether)"", ""O(ether)"", ""O(ether)""]",3,8,2,nitrate,nitrate,2,68|CCCCCCCCP(=O)(CCCCCCCC)Cc1cccc(CP(=O)(CCCCCCCC)CCCCCCCC)[n+]1[O-]|nitrate,1,1,acid_class=nitrate|acid_strength_bin=low|nitrate_activity=low|pH_bin=missing|diluent_family=aromatic|modifier_class=none|temperature_bin=ambient|contact_time_bin=missing|shaking_time_bin=missing|phase_ratio_bin=missing,0.3,0.3,25.0,25.0,planned,fill_2x_nitrate,,,
e6b34f7dfc54,,65,Tb,3,CCCCCCCCP(=O)(CCCCCCCC)Cc1cccc(CP(=O)(CCCCCCCC)CCCCCCCC)[n+]1[O-],CCCCCCCCP(=O)(CCCCCCCC)Cc1cccc(CP(=O)(CCCCCCCC)CCCCCCCC)[n+]1[O-],"[9, 26, 44]","[""O(ether)"", ""O(ether)"", ""O(ether)""]",3,8,2,water,water,2,65|CCCCCCCCP(=O)(CCCCCCCC)Cc1cccc(CP(=O)(CCCCCCCC)CCCCCCCC)[n+]1[O-]|water,1,1,acid_class=chloride|acid_strength_bin=trace|nitrate_activity=none|pH_bin=missing|diluent_family=aromatic|modifier_class=none|temperature_bin=ambient|contact_time_bin=missing|shaking_time_bin=missing|phase_ratio_bin=missing,0.001,0.001,25.0,25.0,planned,fill_2x_water,,,
a29d42869fc8,,64,Gd,3,CCCCCCCCP(=O)(CCCCCCCC)Cc1cccc(CP(=O)(CCCCCCCC)CCCCCCCC)[n+]1[O-],CCCCCCCCP(=O)(CCCCCCCC)Cc1cccc(CP(=O)(CCCCCCCC)CCCCCCCC)[n+]1[O-],"[9, 26, 44]","[""O(ether)"", ""O(ether)"", ""O(ether)""]",3,9,3,water,water,0,64|CCCCCCCCP(=O)(CCCCCCCC)Cc1cccc(CP(=O)(CCCCCCCC)CCCCCCCC)[n+]1[O-]|water,1,1,acid_class=chloride|acid_strength_bin=trace|nitrate_activity=none|pH_bin=missing|diluent_family=aromatic|modifier_class=none|temperature_bin=ambient|contact_time_bin=missing|shaking_time_bin=missing|phase_ratio_bin=missing,0.001,0.001,25.0,25.0,planned,ok,,,
e53e8fa1150f,,63,Eu,3,CCCCCCCCP(=O)(CCCCCCCC)Cc1cccc(CP(=O)(CCCCCCCC)CCCCCCCC)[n+]1[O-],CCCCCCCCP(=O)(CCCCCCCC)Cc1cccc(CP(=O)(CCCCCCCC)CCCCCCCC)[n+]1[O-],"[9, 26, 44]","[""O(ether)"", ""O(ether)"", ""O(ether)""]",3,9,3,water,water,0,63|CCCCCCCCP(=O)(CCCCCCCC)Cc1cccc(CP(=O)(CCCCCCCC)CCCCCCCC)[n+]1[O-]|water,1,1,acid_class=chloride|acid_strength_bin=trace|nitrate_activity=none|pH_bin=missing|diluent_family=aromatic|modifier_class=none|temperature_bin=ambient|contact_time_bin=missing|shaking_time_bin=missing|phase_ratio_bin=missing,0.001,0.001,25.0,25.0,planned,ok,,,
d2b28654fc73,,66,Dy,3,CCCCCCCCP(=O)(CCCCCCCC)Cc1cccc(CP(=O)(CCCCCCCC)CCCCCCCC)[n+]1[O-],CCCCCCCCP(=O)(CCCCCCCC)Cc1cccc(CP(=O)(CCCCCCCC)CCCCCCCC)[n+]1[O-],"[9, 26, 44]","[""O(ether)"", ""O(ether)"", ""O(ether)""]",3,8,2,water,water,2,66|CCCCCCCCP(=O)(CCCCCCCC)Cc1cccc(CP(=O)(CCCCCCCC)CCCCCCCC)[n+]1[O-]|water,1,1,acid_class=chloride|acid_strength_bin=trace|nitrate_activity=none|pH_bin=missing|diluent_family=aromatic|modifier_class=none|temperature_bin=ambient|contact_time_bin=missing|shaking_time_bin=missing|phase_ratio_bin=missing,0.001,0.001,25.0,25.0,planned,fill_2x_water,,,
85d76bb6d3a3,,60,Nd,3,CCCCCCCCP(=O)(CCCCCCCC)Cc1cccc(CP(=O)(CCCCCCCC)CCCCCCCC)[n+]1[O-],CCCCCCCCP(=O)(CCCCCCCC)Cc1cccc(CP(=O)(CCCCCCCC)CCCCCCCC)[n+]1[O-],"[9, 26, 44]","[""O(ether)"", ""O(ether)"", ""O(ether)""]",3,9,3,water,water,0,60|CCCCCCCCP(=O)(CCCCCCCC)Cc1cccc(CP(=O)(CCCCCCCC)CCCCCCCC)[n+]1[O-]|water,1,1,acid_class=chloride|acid_strength_bin=trace|nitrate_activity=none|pH_bin=missing|diluent_family=aromatic|modifier_class=none|temperature_bin=ambient|contact_time_bin=missing|shaking_time_bin=missing|phase_ratio_bin=missing,0.001,0.001,25.0,25.0,planned,ok,,,
78ee86481f9d,,59,Pr,3,CCCCCCCCP(=O)(CCCCCCCC)Cc1cccc(CP(=O)(CCCCCCCC)CCCCCCCC)[n+]1[O-],CCCCCCCCP(=O)(CCCCCCCC)Cc1cccc(CP(=O)(CCCCCCCC)CCCCCCCC)[n+]1[O-],"[9, 26, 44]","[""O(ether)"", ""O(ether)"", ""O(ether)""]",3,9,3,water,water,0,59|CCCCCCCCP(=O)(CCCCCCCC)Cc1cccc(CP(=O)(CCCCCCCC)CCCCCCCC)[n+]1[O-]|water,1,1,acid_class=chloride|acid_strength_bin=trace|nitrate_activity=none|pH_bin=missing|diluent_family=aromatic|modifier_class=none|temperature_bin=ambient|contact_time_bin=missing|shaking_time_bin=missing|phase_ratio_bin=missing,0.001,0.001,25.0,25.0,planned,ok,,,
88362553f959,,58,Ce,3,CCCCCCCCP(=O)(CCCCCCCC)Cc1cccc(CP(=O)(CCCCCCCC)CCCCCCCC)[n+]1[O-],CCCCCCCCP(=O)(CCCCCCCC)Cc1cccc(CP(=O)(CCCCCCCC)CCCCCCCC)[n+]1[O-],"[9, 26, 44]","[""O(ether)"", ""O(ether)"", ""O(ether)""]",3,9,3,water,water,0,58|CCCCCCCCP(=O)(CCCCCCCC)Cc1cccc(CP(=O)(CCCCCCCC)CCCCCCCC)[n+]1[O-]|water,1,1,acid_class=chloride|acid_strength_bin=trace|nitrate_activity=none|pH_bin=missing|diluent_family=aromatic|modifier_class=none|temperature_bin=ambient|contact_time_bin=missing|shaking_time_bin=missing|phase_ratio_bin=missing,0.001,0.001,25.0,25.0,planned,ok,,,
7f50bafcf653,,57,La,3,CCCCCCCCP(=O)(CCCCCCCC)Cc1cccc(CP(=O)(CCCCCCCC)CCCCCCCC)[n+]1[O-],CCCCCCCCP(=O)(CCCCCCCC)Cc1cccc(CP(=O)(CCCCCCCC)CCCCCCCC)[n+]1[O-],"[9, 26, 44]","[""O(ether)"", ""O(ether)"", ""O(ether)""]",3,9,3,water,water,0,57|CCCCCCCCP(=O)(CCCCCCCC)Cc1cccc(CP(=O)(CCCCCCCC)CCCCCCCC)[n+]1[O-]|water,1,1,acid_class=chloride|acid_strength_bin=trace|nitrate_activity=none|pH_bin=missing|diluent_family=aromatic|modifier_class=none|temperature_bin=ambient|contact_time_bin=missing|shaking_time_bin=missing|phase_ratio_bin=missing,0.001,0.001,25.0,25.0,planned,ok,,,
a71aa6e38cbc,,71,Lu,3,CCCCCCCCP(=O)(CCCCCCCC)Cc1cccc(CP(=O)(CCCCCCCC)CCCCCCCC)[n+]1[O-],CCCCCCCCP(=O)(CCCCCCCC)Cc1cccc(CP(=O)(CCCCCCCC)CCCCCCCC)[n+]1[O-],"[9, 26, 44]","[""O(ether)"", ""O(ether)"", ""O(ether)""]",3,8,2,nitrate,nitrate,2,71|CCCCCCCCP(=O)(CCCCCCCC)Cc1cccc(CP(=O)(CCCCCCCC)CCCCCCCC)[n+]1[O-]|nitrate,1,1,acid_class=nitrate|acid_strength_bin=low|nitrate_activity=low|pH_bin=missing|diluent_family=aromatic|modifier_class=none|temperature_bin=ambient|contact_time_bin=missing|shaking_time_bin=missing|phase_ratio_bin=missing,0.3,0.3,25.0,25.0,planned,fill_2x_nitrate,,,
f0c8355b615c,,70,Yb,3,CCCCCCCCP(=O)(CCCCCCCC)Cc1cccc(CP(=O)(CCCCCCCC)CCCCCCCC)[n+]1[O-],CCCCCCCCP(=O)(CCCCCCCC)Cc1cccc(CP(=O)(CCCCCCCC)CCCCCCCC)[n+]1[O-],"[9, 26, 44]","[""O(ether)"", ""O(ether)"", ""O(ether)""]",3,8,2,nitrate,nitrate,2,70|CCCCCCCCP(=O)(CCCCCCCC)Cc1cccc(CP(=O)(CCCCCCCC)CCCCCCCC)[n+]1[O-]|nitrate,1,1,acid_class=nitrate|acid_strength_bin=low|nitrate_activity=low|pH_bin=missing|diluent_family=aromatic|modifier_class=none|temperature_bin=ambient|contact_time_bin=missing|shaking_time_bin=missing|phase_ratio_bin=missing,0.3,0.3,25.0,25.0,planned,fill_2x_nitrate,,,
e8105004c5ac,,62,Sm,3,CCCCCCCCP(=O)(CCCCCCCC)Cc1cccc(CP(=O)(CCCCCCCC)CCCCCCCC)[n+]1[O-],CCCCCCCCP(=O)(CCCCCCCC)Cc1cccc(CP(=O)(CCCCCCCC)CCCCCCCC)[n+]1[O-],"[9, 26, 44]","[""O(ether)"", ""O(ether)"", ""O(ether)""]",3,9,3,water,water,0,62|CCCCCCCCP(=O)(CCCCCCCC)Cc1cccc(CP(=O)(CCCCCCCC)CCCCCCCC)[n+]1[O-]|water,1,1,acid_class=chloride|acid_strength_bin=trace|nitrate_activity=none|pH_bin=missing|diluent_family=aromatic|modifier_class=none|temperature_bin=ambient|contact_time_bin=missing|shaking_time_bin=missing|phase_ratio_bin=missing,0.001,0.001,25.0,25.0,planned,ok,,,
9cc62587b518,,67,Ho,3,CCCCCCCCP(=O)(CCCCCCCC)Cc1cccc(CP(=O)(CCCCCCCC)CCCCCCCC)[n+]1[O-],CCCCCCCCP(=O)(CCCCCCCC)Cc1cccc(CP(=O)(CCCCCCCC)CCCCCCCC)[n+]1[O-],"[9, 26, 44]","[""O(ether)"", ""O(ether)"", ""O(ether)""]",3,8,2,water,water,2,67|CCCCCCCCP(=O)(CCCCCCCC)Cc1cccc(CP(=O)(CCCCCCCC)CCCCCCCC)[n+]1[O-]|water,1,1,acid_class=chloride|acid_strength_bin=trace|nitrate_activity=none|pH_bin=missing|diluent_family=aromatic|modifier_class=none|temperature_bin=ambient|contact_time_bin=missing|shaking_time_bin=missing|phase_ratio_bin=missing,0.001,0.001,25.0,25.0,planned,fill_2x_water,,,
816b93f5201d,,63,Eu,3,O=P(c1ccccc1)(c1ccccc1)c1ccc2ccc3ccc(P(=O)(c4ccccc4)c4ccccc4)nc3c2n1,O=P(c1ccccc1)(c1ccccc1)c1ccc2ccc3ccc(P(=O)(c4ccccc4)c4ccccc4)nc3c2n1,"[0, 25, 38, 41]","[""O(ether)"", ""O(ether)"", ""N(aromatic)"", ""N(aromatic)""]",4,9,2,nitrate,nitrate,1,63|O=P(c1ccccc1)(c1ccccc1)c1ccc2ccc3ccc(P(=O)(c4ccccc4)c4ccccc4)nc3c2n1|nitrate,3,3,acid_class=nitrate|acid_strength_bin=high|nitrate_activity=high|pH_bin=missing|diluent_family=aromatic|modifier_class=none|temperature_bin=ambient|contact_time_bin=missing|shaking_time_bin=missing|phase_ratio_bin=missing;acid_class=nitrate|acid_strength_bin=low|nitrate_activity=low|pH_bin=missing|diluent_family=aromatic|modifier_class=none|temperature_bin=ambient|contact_time_bin=missing|shaking_time_bin=missing|phase_ratio_bin=missing;acid_class=nitrate|acid_strength_bin=medium|nitrate_activity=medium|pH_bin=missing|diluent_family=aromatic|modifier_class=none|temperature_bin=ambient|contact_time_bin=missing|shaking_time_bin=missing|phase_ratio_bin=missing,0.1,4.0,25.0,25.0,planned,fill_1x_nitrate,,,
7cee7f336f10,,63,Eu,3,CCOP(=O)(OCC)c1ccc2ccc3ccc(P(=O)(OCC)OCC)nc3c2n1,CCOP(=O)(OCC)c1ccc2ccc3ccc(P(=O)(OCC)OCC)nc3c2n1,"[2, 4, 5, 19, 20, 23, 26, 29]","[""O(ether)"", ""O(ether)"", ""O(ether)"", ""O(ether)"", ""O(ether)"", ""O(ether)"", ""N(aromatic)"", ""N(aromatic)""]",8,9,1,nitrate,nitrate,1,63|CCOP(=O)(OCC)c1ccc2ccc3ccc(P(=O)(OCC)OCC)nc3c2n1|nitrate,3,2,acid_class=nitrate|acid_strength_bin=high|nitrate_activity=high|pH_bin=missing|diluent_family=nitroaromatic|modifier_class=none|temperature_bin=ambient|contact_time_bin=missing|shaking_time_bin=missing|phase_ratio_bin=missing;acid_class=nitrate|acid_strength_bin=medium|nitrate_activity=medium|pH_bin=missing|diluent_family=nitroaromatic|modifier_class=none|temperature_bin=ambient|contact_time_bin=missing|shaking_time_bin=missing|phase_ratio_bin=missing,1.0,3.0,25.0,25.0,planned,fill_1x_nitrate,,,
f627b8cfec4b,,60,Nd,3,CCCCCCCCN(CCCCCCCC)C(=O)COCC(=O)N(CCCCCCCC)CCCCCCCC,CCCCCCCCN(CCCCCCCC)C(=O)COCC(=O)N(CCCCCCCC)CCCCCCCC,"[18, 20, 23]","[""O(amide_carbonyl)"", ""O(ether)"", ""O(amide_carbonyl)""]",3,9,3,nitrate,nitrate,0,60|CCCCCCCCN(CCCCCCCC)C(=O)COCC(=O)N(CCCCCCCC)CCCCCCCC|nitrate,98,24,acid_class=nitrate|acid_strength_bin=high|nitrate_activity=high|pH_bin=missing|diluent_family=alcohol_modifier|modifier_class=none|temperature_bin=ambient|contact_time_bin=missing|shaking_time_bin=medium|phase_ratio_bin=missing;acid_class=nitrate|acid_strength_bin=high|nitrate_activity=high|pH_bin=missing|diluent_family=aliphatic_hydrocarbon|modifier_class=alcohol|temperature_bin=ambient|contact_time_bin=missing|shaking_time_bin=medium|phase_ratio_bin=missing;acid_class=nitrate|acid_strength_bin=high|nitrate_activity=high|pH_bin=missing|diluent_family=aliphatic_hydrocarbon|modifier_class=none|temperature_bin=ambient|contact_time_bin=medium|shaking_time_bin=missing|phase_ratio_bin=missing;acid_class=nitrate|acid_strength_bin=high|nitrate_activity=high|pH_bin=missing|diluent_family=aliphatic_hydrocarbon|modifier_class=none|temperature_bin=ambient|contact_time_bin=missing|shaking_time_bin=medium|phase_ratio_bin=missing;acid_class=nitrate|acid_strength_bin=high|nitrate_activity=high|pH_bin=missing|diluent_family=aliphatic_hydrocarbon|modifier_class=none|temperature_bin=ambient|contact_time_bin=missing|shaking_time_bin=missing|phase_ratio_bin=missing,0.0562341,5.06092,20.0,25.0,planned,ok,,,
6587dff62b60,,63,Eu,3,CCCCC(CC)CN(CC(CC)CCCC)C(=O)COCC(=O)N(CC(CC)CCCC)CC(CC)CCCC,CCCCC(CC)CN(CC(CC)CCCC)C(=O)COCC(=O)N(CC(CC)CCCC)CC(CC)CCCC,"[18, 20, 23]","[""O(amide_carbonyl)"", ""O(ether)"", ""O(amide_carbonyl)""]",3,9,3,nitrate,nitrate,0,63|CCCCC(CC)CN(CC(CC)CCCC)C(=O)COCC(=O)N(CC(CC)CCCC)CC(CC)CCCC|nitrate,70,10,acid_class=nitrate|acid_strength_bin=high|nitrate_activity=high|pH_bin=missing|diluent_family=aliphatic_hydrocarbon|modifier_class=alcohol|temperature_bin=ambient|contact_time_bin=missing|shaking_time_bin=medium|phase_ratio_bin=missing;acid_class=nitrate|acid_strength_bin=high|nitrate_activity=high|pH_bin=missing|diluent_family=aliphatic_hydrocarbon|modifier_class=none|temperature_bin=ambient|contact_time_bin=medium|shaking_time_bin=missing|phase_ratio_bin=missing;acid_class=nitrate|acid_strength_bin=high|nitrate_activity=high|pH_bin=missing|diluent_family=aliphatic_hydrocarbon|modifier_class=none|temperature_bin=ambient|contact_time_bin=missing|shaking_time_bin=medium|phase_ratio_bin=missing;acid_class=nitrate|acid_strength_bin=high|nitrate_activity=high|pH_bin=missing|diluent_family=aromatic|modifier_class=none|temperature_bin=ambient|contact_time_bin=missing|shaking_time_bin=medium|phase_ratio_bin=missing;acid_class=nitrate|acid_strength_bin=low|nitrate_activity=low|pH_bin=missing|diluent_family=aliphatic_hydrocarbon|modifier_class=alcohol|temperature_bin=ambient|contact_time_bin=missing|shaking_time_bin=medium|phase_ratio_bin=missing,0.0977299,5.23427,25.0,25.0,planned,ok,,,
5de6ab30ffee,,60,Nd,3,CCCCC(CC)CN(CC(CC)CCCC)C(=O)COCC(=O)N(CC(CC)CCCC)CC(CC)CCCC,CCCCC(CC)CN(CC(CC)CCCC)C(=O)COCC(=O)N(CC(CC)CCCC)CC(CC)CCCC,"[18, 20, 23]","[""O(amide_carbonyl)"", ""O(ether)"", ""O(amide_carbonyl)""]",3,9,3,nitrate,nitrate,0,60|CCCCC(CC)CN(CC(CC)CCCC)C(=O)COCC(=O)N(CC(CC)CCCC)CC(CC)CCCC|nitrate,34,13,acid_class=nitrate|acid_strength_bin=high|nitrate_activity=high|pH_bin=missing|diluent_family=aliphatic_hydrocarbon|modifier_class=alcohol|temperature_bin=ambient|contact_time_bin=missing|shaking_time_bin=medium|phase_ratio_bin=missing;acid_class=nitrate|acid_strength_bin=high|nitrate_activity=high|pH_bin=missing|diluent_family=aliphatic_hydrocarbon|modifier_class=alcohol|temperature_bin=ambient|contact_time_bin=missing|shaking_time_bin=short|phase_ratio_bin=missing;acid_class=nitrate|acid_strength_bin=high|nitrate_activity=high|pH_bin=missing|diluent_family=aliphatic_hydrocarbon|modifier_class=none|temperature_bin=ambient|contact_time_bin=missing|shaking_time_bin=medium|phase_ratio_bin=missing;acid_class=nitrate|acid_strength_bin=high|nitrate_activity=high|pH_bin=missing|diluent_family=aliphatic_hydrocarbon|modifier_class=none|temperature_bin=ambient|contact_time_bin=missing|shaking_time_bin=missing|phase_ratio_bin=missing;acid_class=nitrate|acid_strength_bin=high|nitrate_activity=high|pH_bin=missing|diluent_family=aromatic|modifier_class=none|temperature_bin=ambient|contact_time_bin=missing|shaking_time_bin=medium|phase_ratio_bin=missing,0.0869565,7.04348,25.0,25.0,planned,ok,,,
842fa08145bb,,60,Nd,3,CCCCCCCCCCN(CCCCCCCCCC)C(=O)COCC(=O)N(CCCCCCCCCC)CCCCCCCCCC,CCCCCCCCCCN(CCCCCCCCCC)C(=O)COCC(=O)N(CCCCCCCCCC)CCCCCCCCCC,"[22, 24, 27]","[""O(amide_carbonyl)"", ""O(ether)"", ""O(amide_carbonyl)""]",3,9,3,nitrate,nitrate,0,60|CCCCCCCCCCN(CCCCCCCCCC)C(=O)COCC(=O)N(CCCCCCCCCC)CCCCCCCCCC|nitrate,26,4,acid_class=nitrate|acid_strength_bin=high|nitrate_activity=high|pH_bin=missing|diluent_family=aliphatic_hydrocarbon|modifier_class=none|temperature_bin=ambient|contact_time_bin=missing|shaking_time_bin=medium|phase_ratio_bin=missing;acid_class=nitrate|acid_strength_bin=high|nitrate_activity=high|pH_bin=missing|diluent_family=aromatic|modifier_class=none|temperature_bin=ambient|contact_time_bin=missing|shaking_time_bin=missing|phase_ratio_bin=missing;acid_class=nitrate|acid_strength_bin=low|nitrate_activity=low|pH_bin=missing|diluent_family=aromatic|modifier_class=none|temperature_bin=ambient|contact_time_bin=missing|shaking_time_bin=missing|phase_ratio_bin=missing;acid_class=nitrate|acid_strength_bin=medium|nitrate_activity=medium|pH_bin=missing|diluent_family=aromatic|modifier_class=none|temperature_bin=ambient|contact_time_bin=missing|shaking_time_bin=missing|phase_ratio_bin=missing,0.0987194,5.02321,25.0,25.0,planned,ok,,,
fffb75876769,,60,Nd,3,CCCCCCCCCCCCN(CCCCCCCCCCCC)C(=O)COCC(=O)N(CCCCCCCCCCCC)CCCCCCCCCCCC,CCCCCCCCCCCCN(CCCCCCCCCCCC)C(=O)COCC(=O)N(CCCCCCCCCCCC)CCCCCCCCCCCC,"[26, 28, 31]","[""O(amide_carbonyl)"", ""O(ether)"", ""O(amide_carbonyl)""]",3,9,3,nitrate,nitrate,0,60|CCCCCCCCCCCCN(CCCCCCCCCCCC)C(=O)COCC(=O)N(CCCCCCCCCCCC)CCCCCCCCCCCC|nitrate,38,7,acid_class=nitrate|acid_strength_bin=high|nitrate_activity=high|pH_bin=missing|diluent_family=aliphatic_hydrocarbon|modifier_class=none|temperature_bin=ambient|contact_time_bin=missing|shaking_time_bin=missing|phase_ratio_bin=missing;acid_class=nitrate|acid_strength_bin=high|nitrate_activity=high|pH_bin=missing|diluent_family=aliphatic_hydrocarbon|modifier_class=none|temperature_bin=ambient|contact_time_bin=short|shaking_time_bin=missing|phase_ratio_bin=missing;acid_class=nitrate|acid_strength_bin=high|nitrate_activity=high|pH_bin=missing|diluent_family=aromatic|modifier_class=none|temperature_bin=ambient|contact_time_bin=short|shaking_time_bin=missing|phase_ratio_bin=missing;acid_class=nitrate|acid_strength_bin=low|nitrate_activity=low|pH_bin=missing|diluent_family=aromatic|modifier_class=none|temperature_bin=ambient|contact_time_bin=short|shaking_time_bin=missing|phase_ratio_bin=missing;acid_class=nitrate|acid_strength_bin=medium|nitrate_activity=medium|pH_bin=missing|diluent_family=aliphatic_hydrocarbon|modifier_class=none|temperature_bin=ambient|contact_time_bin=short|shaking_time_bin=missing|phase_ratio_bin=missing,0.0970588,5.0,15.0,50.0,planned,ok,,,
04e043628161,,60,Nd,3,CCCCCCCCCCCCN(CCCCCCCCCCCC)C(=O)COCC(=O)N(CCCCCCCC)CCCCCCCC,CCCCCCCCCCCCN(CCCCCCCCCCCC)C(=O)COCC(=O)N(CCCCCCCC)CCCCCCCC,"[26, 28, 31]","[""O(amide_carbonyl)"", ""O(ether)"", ""O(amide_carbonyl)""]",3,9,3,nitrate,nitrate,0,60|CCCCCCCCCCCCN(CCCCCCCCCCCC)C(=O)COCC(=O)N(CCCCCCCC)CCCCCCCC|nitrate,35,2,acid_class=nitrate|acid_strength_bin=high|nitrate_activity=high|pH_bin=missing|diluent_family=aliphatic_hydrocarbon|modifier_class=none|temperature_bin=ambient|contact_time_bin=missing|shaking_time_bin=missing|phase_ratio_bin=missing;acid_class=nitrate|acid_strength_bin=medium|nitrate_activity=medium|pH_bin=missing|diluent_family=aliphatic_hydrocarbon|modifier_class=none|temperature_bin=ambient|contact_time_bin=missing|shaking_time_bin=missing|phase_ratio_bin=missing,1.0,4.0,25.0,25.0,planned,ok,,,
841e714ef7bf,,71,Lu,3,CCCCCCCCN(CCCCCCCC)C(=O)COCC(=O)N(CCCCCCCC)CCCCCCCC,CCCCCCCCN(CCCCCCCC)C(=O)COCC(=O)N(CCCCCCCC)CCCCCCCC,"[18, 20, 23]","[""O(amide_carbonyl)"", ""O(ether)"", ""O(amide_carbonyl)""]",3,8,2,nitrate,nitrate,2,71|CCCCCCCCN(CCCCCCCC)C(=O)COCC(=O)N(CCCCCCCC)CCCCCCCC|nitrate,53,14,acid_class=nitrate|acid_strength_bin=high|nitrate_activity=high|pH_bin=missing|diluent_family=aliphatic_hydrocarbon|modifier_class=none|temperature_bin=ambient|contact_time_bin=missing|shaking_time_bin=medium|phase_ratio_bin=missing;acid_class=nitrate|acid_strength_bin=low|nitrate_activity=low|pH_bin=missing|diluent_family=aliphatic_hydrocarbon|modifier_class=none|temperature_bin=ambient|contact_time_bin=medium|shaking_time_bin=missing|phase_ratio_bin=missing;acid_class=nitrate|acid_strength_bin=low|nitrate_activity=low|pH_bin=missing|diluent_family=aromatic|modifier_class=none|temperature_bin=ambient|contact_time_bin=medium|shaking_time_bin=missing|phase_ratio_bin=missing;acid_class=nitrate|acid_strength_bin=low|nitrate_activity=low|pH_bin=missing|diluent_family=other|modifier_class=none|temperature_bin=ambient|contact_time_bin=missing|shaking_time_bin=medium|phase_ratio_bin=missing;acid_class=nitrate|acid_strength_bin=medium|nitrate_activity=medium|pH_bin=missing|diluent_family=alcohol_modifier|modifier_class=none|temperature_bin=ambient|contact_time_bin=medium|shaking_time_bin=missing|phase_ratio_bin=missing,0.0562341,3.0,20.0,50.0,planned,fill_2x_nitrate,,,
195a6a071085,,57,La,3,CCCCCCCCN(CCCCCCCC)C(=O)COCC(=O)N(CCCCCCCC)CCCCCCCC,CCCCCCCCN(CCCCCCCC)C(=O)COCC(=O)N(CCCCCCCC)CCCCCCCC,"[18, 20, 23]","[""O(amide_carbonyl)"", ""O(ether)"", ""O(amide_carbonyl)""]",3,9,3,nitrate,nitrate,0,57|CCCCCCCCN(CCCCCCCC)C(=O)COCC(=O)N(CCCCCCCC)CCCCCCCC|nitrate,63,19,acid_class=nitrate|acid_strength_bin=high|nitrate_activity=high|pH_bin=missing|diluent_family=aliphatic_hydrocarbon|modifier_class=alcohol|temperature_bin=ambient|contact_time_bin=missing|shaking_time_bin=medium|phase_ratio_bin=missing;acid_class=nitrate|acid_strength_bin=high|nitrate_activity=high|pH_bin=missing|diluent_family=aliphatic_hydrocarbon|modifier_class=none|temperature_bin=ambient|contact_time_bin=missing|shaking_time_bin=medium|phase_ratio_bin=missing;acid_class=nitrate|acid_strength_bin=high|nitrate_activity=high|pH_bin=missing|diluent_family=aliphatic_hydrocarbon|modifier_class=none|temperature_bin=ambient|contact_time_bin=short|shaking_time_bin=missing|phase_ratio_bin=missing;acid_class=nitrate|acid_strength_bin=high|nitrate_activity=high|pH_bin=missing|diluent_family=aromatic|modifier_class=none|temperature_bin=ambient|contact_time_bin=missing|shaking_time_bin=medium|phase_ratio_bin=missing;acid_class=nitrate|acid_strength_bin=high|nitrate_activity=high|pH_bin=missing|diluent_family=other|modifier_class=none|temperature_bin=ambient|contact_time_bin=missing|shaking_time_bin=medium|phase_ratio_bin=missing,0.0562341,5.02946,20.0,25.0,planned,ok,,,
9a0b2ab62928,,67,Ho,3,CCCCCCCCN(CCCCCCCC)C(=O)COCC(=O)N(CCCCCCCC)CCCCCCCC,CCCCCCCCN(CCCCCCCC)C(=O)COCC(=O)N(CCCCCCCC)CCCCCCCC,"[18, 20, 23]","[""O(amide_carbonyl)"", ""O(ether)"", ""O(amide_carbonyl)""]",3,8,2,nitrate,nitrate,2,67|CCCCCCCCN(CCCCCCCC)C(=O)COCC(=O)N(CCCCCCCC)CCCCCCCC|nitrate,41,12,acid_class=nitrate|acid_strength_bin=high|nitrate_activity=high|pH_bin=missing|diluent_family=aliphatic_hydrocarbon|modifier_class=none|temperature_bin=ambient|contact_time_bin=missing|shaking_time_bin=medium|phase_ratio_bin=missing;acid_class=nitrate|acid_strength_bin=low|nitrate_activity=low|pH_bin=missing|diluent_family=aliphatic_hydrocarbon|modifier_class=none|temperature_bin=ambient|contact_time_bin=medium|shaking_time_bin=missing|phase_ratio_bin=missing;acid_class=nitrate|acid_strength_bin=low|nitrate_activity=low|pH_bin=missing|diluent_family=aromatic|modifier_class=none|temperature_bin=ambient|contact_time_bin=medium|shaking_time_bin=missing|phase_ratio_bin=missing;acid_class=nitrate|acid_strength_bin=low|nitrate_activity=low|pH_bin=missing|diluent_family=other|modifier_class=none|temperature_bin=ambient|contact_time_bin=missing|shaking_time_bin=medium|phase_ratio_bin=missing;acid_class=nitrate|acid_strength_bin=medium|nitrate_activity=medium|pH_bin=missing|diluent_family=alcohol_modifier|modifier_class=none|temperature_bin=ambient|contact_time_bin=medium|shaking_time_bin=missing|phase_ratio_bin=missing,0.0562341,2.9,20.0,50.0313971742543,planned,fill_2x_nitrate,,,
78c4dd080e4c,,69,Tm,3,CCCCCCCCN(CCCCCCCC)C(=O)COCC(=O)N(CCCCCCCC)CCCCCCCC,CCCCCCCCN(CCCCCCCC)C(=O)COCC(=O)N(CCCCCCCC)CCCCCCCC,"[18, 20, 23]","[""O(amide_carbonyl)"", ""O(ether)"", ""O(amide_carbonyl)""]",3,8,2,nitrate,nitrate,2,69|CCCCCCCCN(CCCCCCCC)C(=O)COCC(=O)N(CCCCCCCC)CCCCCCCC|nitrate,35,12,acid_class=nitrate|acid_strength_bin=high|nitrate_activity=high|pH_bin=missing|diluent_family=aliphatic_hydrocarbon|modifier_class=none|temperature_bin=ambient|contact_time_bin=missing|shaking_time_bin=medium|phase_ratio_bin=missing;acid_class=nitrate|acid_strength_bin=low|nitrate_activity=low|pH_bin=missing|diluent_family=aliphatic_hydrocarbon|modifier_class=none|temperature_bin=ambient|contact_time_bin=medium|shaking_time_bin=missing|phase_ratio_bin=missing;acid_class=nitrate|acid_strength_bin=low|nitrate_activity=low|pH_bin=missing|diluent_family=aromatic|modifier_class=none|temperature_bin=ambient|contact_time_bin=medium|shaking_time_bin=missing|phase_ratio_bin=missing;acid_class=nitrate|acid_strength_bin=low|nitrate_activity=low|pH_bin=missing|diluent_family=other|modifier_class=none|temperature_bin=ambient|contact_time_bin=missing|shaking_time_bin=medium|phase_ratio_bin=missing;acid_class=nitrate|acid_strength_bin=medium|nitrate_activity=medium|pH_bin=missing|diluent_family=alcohol_modifier|modifier_class=none|temperature_bin=ambient|contact_time_bin=medium|shaking_time_bin=missing|phase_ratio_bin=missing,0.0562341,2.9,20.0,50.0,planned,fill_2x_nitrate,,,
ece8108f76e3,,66,Dy,3,CCCCCCCCN(CCCCCCCC)C(=O)COCC(=O)N(CCCCCCCC)CCCCCCCC,CCCCCCCCN(CCCCCCCC)C(=O)COCC(=O)N(CCCCCCCC)CCCCCCCC,"[18, 20, 23]","[""O(amide_carbonyl)"", ""O(ether)"", ""O(amide_carbonyl)""]",3,8,2,nitrate,nitrate,2,66|CCCCCCCCN(CCCCCCCC)C(=O)COCC(=O)N(CCCCCCCC)CCCCCCCC|nitrate,45,15,acid_class=nitrate|acid_strength_bin=high|nitrate_activity=high|pH_bin=missing|diluent_family=aliphatic_hydrocarbon|modifier_class=none|temperature_bin=ambient|contact_time_bin=missing|shaking_time_bin=medium|phase_ratio_bin=missing;acid_class=nitrate|acid_strength_bin=low|nitrate_activity=low|pH_bin=missing|diluent_family=aliphatic_hydrocarbon|modifier_class=none|temperature_bin=ambient|contact_time_bin=medium|shaking_time_bin=missing|phase_ratio_bin=missing;acid_class=nitrate|acid_strength_bin=low|nitrate_activity=low|pH_bin=missing|diluent_family=aromatic|modifier_class=none|temperature_bin=ambient|contact_time_bin=medium|shaking_time_bin=missing|phase_ratio_bin=missing;acid_class=nitrate|acid_strength_bin=low|nitrate_activity=low|pH_bin=missing|diluent_family=other|modifier_class=none|temperature_bin=ambient|contact_time_bin=missing|shaking_time_bin=medium|phase_ratio_bin=missing;acid_class=nitrate|acid_strength_bin=medium|nitrate_activity=medium|pH_bin=missing|diluent_family=alcohol_modifier|modifier_class=none|temperature_bin=ambient|contact_time_bin=medium|shaking_time_bin=missing|phase_ratio_bin=missing,0.0562341,2.9,10.0,50.0,planned,fill_2x_nitrate,,,
daa93503e260,,58,Ce,3,CCCCCCCCN(CCCCCCCC)C(=O)COCC(=O)N(CCCCCCCC)CCCCCCCC,CCCCCCCCN(CCCCCCCC)C(=O)COCC(=O)N(CCCCCCCC)CCCCCCCC,"[18, 20, 23]","[""O(amide_carbonyl)"", ""O(ether)"", ""O(amide_carbonyl)""]",3,9,3,nitrate,nitrate,0,58|CCCCCCCCN(CCCCCCCC)C(=O)COCC(=O)N(CCCCCCCC)CCCCCCCC|nitrate,63,13,acid_class=nitrate|acid_strength_bin=high|nitrate_activity=high|pH_bin=missing|diluent_family=aliphatic_hydrocarbon|modifier_class=none|temperature_bin=ambient|contact_time_bin=missing|shaking_time_bin=medium|phase_ratio_bin=missing;acid_class=nitrate|acid_strength_bin=high|nitrate_activity=high|pH_bin=missing|diluent_family=other|modifier_class=none|temperature_bin=ambient|contact_time_bin=missing|shaking_time_bin=medium|phase_ratio_bin=missing;acid_class=nitrate|acid_strength_bin=low|nitrate_activity=low|pH_bin=missing|diluent_family=aliphatic_hydrocarbon|modifier_class=none|temperature_bin=ambient|contact_time_bin=medium|shaking_time_bin=missing|phase_ratio_bin=missing;acid_class=nitrate|acid_strength_bin=low|nitrate_activity=low|pH_bin=missing|diluent_family=aromatic|modifier_class=none|temperature_bin=ambient|contact_time_bin=medium|shaking_time_bin=missing|phase_ratio_bin=missing;acid_class=nitrate|acid_strength_bin=low|nitrate_activity=low|pH_bin=missing|diluent_family=other|modifier_class=none|temperature_bin=ambient|contact_time_bin=missing|shaking_time_bin=medium|phase_ratio_bin=missing,0.0562341,6.046,20.0,25.0,planned,ok,,,
932854907794,,62,Sm,3,CCCCCCCCN(CCCCCCCC)C(=O)COCC(=O)N(CCCCCCCC)CCCCCCCC,CCCCCCCCN(CCCCCCCC)C(=O)COCC(=O)N(CCCCCCCC)CCCCCCCC,"[18, 20, 23]","[""O(amide_carbonyl)"", ""O(ether)"", ""O(amide_carbonyl)""]",3,9,3,nitrate,nitrate,0,62|CCCCCCCCN(CCCCCCCC)C(=O)COCC(=O)N(CCCCCCCC)CCCCCCCC|nitrate,34,13,acid_class=nitrate|acid_strength_bin=high|nitrate_activity=high|pH_bin=missing|diluent_family=aliphatic_hydrocarbon|modifier_class=none|temperature_bin=ambient|contact_time_bin=missing|shaking_time_bin=medium|phase_ratio_bin=missing;acid_class=nitrate|acid_strength_bin=low|nitrate_activity=low|pH_bin=missing|diluent_family=aliphatic_hydrocarbon|modifier_class=none|temperature_bin=ambient|contact_time_bin=medium|shaking_time_bin=missing|phase_ratio_bin=missing;acid_class=nitrate|acid_strength_bin=low|nitrate_activity=low|pH_bin=missing|diluent_family=aromatic|modifier_class=none|temperature_bin=ambient|contact_time_bin=medium|shaking_time_bin=missing|phase_ratio_bin=missing;acid_class=nitrate|acid_strength_bin=low|nitrate_activity=low|pH_bin=missing|diluent_family=other|modifier_class=none|temperature_bin=ambient|contact_time_bin=missing|shaking_time_bin=medium|phase_ratio_bin=missing;acid_class=nitrate|acid_strength_bin=medium|nitrate_activity=medium|pH_bin=missing|diluent_family=alcohol_modifier|modifier_class=none|temperature_bin=ambient|contact_time_bin=medium|shaking_time_bin=missing|phase_ratio_bin=missing,0.0562341,2.9,20.0,25.0,planned,ok,,,
bfc694b020e5,,59,Pr,3,CCCCCCCCN(CCCCCCCC)C(=O)COCC(=O)N(CCCCCCCC)CCCCCCCC,CCCCCCCCN(CCCCCCCC)C(=O)COCC(=O)N(CCCCCCCC)CCCCCCCC,"[18, 20, 23]","[""O(amide_carbonyl)"", ""O(ether)"", ""O(amide_carbonyl)""]",3,9,3,nitrate,nitrate,0,59|CCCCCCCCN(CCCCCCCC)C(=O)COCC(=O)N(CCCCCCCC)CCCCCCCC|nitrate,51,13,acid_class=nitrate|acid_strength_bin=high|nitrate_activity=high|pH_bin=missing|diluent_family=aliphatic_hydrocarbon|modifier_class=alcohol|temperature_bin=ambient|contact_time_bin=missing|shaking_time_bin=medium|phase_ratio_bin=missing;acid_class=nitrate|acid_strength_bin=high|nitrate_activity=high|pH_bin=missing|diluent_family=aliphatic_hydrocarbon|modifier_class=none|temperature_bin=ambient|contact_time_bin=missing|shaking_time_bin=medium|phase_ratio_bin=missing;acid_class=nitrate|acid_strength_bin=high|nitrate_activity=high|pH_bin=missing|diluent_family=other|modifier_class=none|temperature_bin=ambient|contact_time_bin=missing|shaking_time_bin=medium|phase_ratio_bin=missing;acid_class=nitrate|acid_strength_bin=low|nitrate_activity=low|pH_bin=missing|diluent_family=aliphatic_hydrocarbon|modifier_class=none|temperature_bin=ambient|contact_time_bin=medium|shaking_time_bin=missing|phase_ratio_bin=missing;acid_class=nitrate|acid_strength_bin=low|nitrate_activity=low|pH_bin=missing|diluent_family=aromatic|modifier_class=none|temperature_bin=ambient|contact_time_bin=medium|shaking_time_bin=missing|phase_ratio_bin=missing,0.0562341,5.05711,20.0,25.0,planned,ok,,,
28d4b8569192,,65,Tb,3,CCCCCCCCN(CCCCCCCC)C(=O)COCC(=O)N(CCCCCCCC)CCCCCCCC,CCCCCCCCN(CCCCCCCC)C(=O)COCC(=O)N(CCCCCCCC)CCCCCCCC,"[18, 20, 23]","[""O(amide_carbonyl)"", ""O(ether)"", ""O(amide_carbonyl)""]",3,8,2,nitrate,nitrate,2,65|CCCCCCCCN(CCCCCCCC)C(=O)COCC(=O)N(CCCCCCCC)CCCCCCCC|nitrate,45,13,acid_class=nitrate|acid_strength_bin=high|nitrate_activity=high|pH_bin=missing|diluent_family=aliphatic_hydrocarbon|modifier_class=none|temperature_bin=ambient|contact_time_bin=missing|shaking_time_bin=medium|phase_ratio_bin=missing;acid_class=nitrate|acid_strength_bin=low|nitrate_activity=low|pH_bin=missing|diluent_family=aliphatic_hydrocarbon|modifier_class=none|temperature_bin=ambient|contact_time_bin=medium|shaking_time_bin=missing|phase_ratio_bin=missing;acid_class=nitrate|acid_strength_bin=low|nitrate_activity=low|pH_bin=missing|diluent_family=aromatic|modifier_class=none|temperature_bin=ambient|contact_time_bin=medium|shaking_time_bin=missing|phase_ratio_bin=missing;acid_class=nitrate|acid_strength_bin=low|nitrate_activity=low|pH_bin=missing|diluent_family=other|modifier_class=none|temperature_bin=ambient|contact_time_bin=missing|shaking_time_bin=medium|phase_ratio_bin=missing;acid_class=nitrate|acid_strength_bin=medium|nitrate_activity=medium|pH_bin=missing|diluent_family=alcohol_modifier|modifier_class=none|temperature_bin=ambient|contact_time_bin=medium|shaking_time_bin=missing|phase_ratio_bin=missing,0.0562341,2.9,10.0,50.0,planned,fill_2x_nitrate,,,
ffeead124530,,64,Gd,3,CCCCCCCCN(CCCCCCCC)C(=O)COCC(=O)N(CCCCCCCC)CCCCCCCC,CCCCCCCCN(CCCCCCCC)C(=O)COCC(=O)N(CCCCCCCC)CCCCCCCC,"[18, 20, 23]","[""O(amide_carbonyl)"", ""O(ether)"", ""O(amide_carbonyl)""]",3,9,3,nitrate,nitrate,0,64|CCCCCCCCN(CCCCCCCC)C(=O)COCC(=O)N(CCCCCCCC)CCCCCCCC|nitrate,75,14,acid_class=nitrate|acid_strength_bin=high|nitrate_activity=high|pH_bin=missing|diluent_family=aliphatic_hydrocarbon|modifier_class=none|temperature_bin=ambient|contact_time_bin=missing|shaking_time_bin=medium|phase_ratio_bin=missing;acid_class=nitrate|acid_strength_bin=low|nitrate_activity=low|pH_bin=missing|diluent_family=aliphatic_hydrocarbon|modifier_class=none|temperature_bin=ambient|contact_time_bin=medium|shaking_time_bin=missing|phase_ratio_bin=missing;acid_class=nitrate|acid_strength_bin=low|nitrate_activity=low|pH_bin=missing|diluent_family=aromatic|modifier_class=none|temperature_bin=ambient|contact_time_bin=medium|shaking_time_bin=missing|phase_ratio_bin=missing;acid_class=nitrate|acid_strength_bin=low|nitrate_activity=low|pH_bin=missing|diluent_family=other|modifier_class=none|temperature_bin=ambient|contact_time_bin=missing|shaking_time_bin=medium|phase_ratio_bin=missing;acid_class=nitrate|acid_strength_bin=medium|nitrate_activity=medium|pH_bin=missing|diluent_family=alcohol_modifier|modifier_class=none|temperature_bin=ambient|contact_time_bin=medium|shaking_time_bin=missing|phase_ratio_bin=missing,0.0562341,2.9,20.0,50.0,planned,ok,,,
a69ec7cc9333,,63,Eu,3,CCCCCCCCN(CCCCCCCC)C(=O)CO,CCCCCCCCN(CCCCCCCC)C(=O)CO,"[18, 20]","[""O(amide_carbonyl)"", ""O(hydroxyl)""]",2,9,4,nitrate,nitrate,1,63|CCCCCCCCN(CCCCCCCC)C(=O)CO|nitrate,10,6,acid_class=nitrate|acid_strength_bin=high|nitrate_activity=high|pH_bin=missing|diluent_family=aliphatic_hydrocarbon|modifier_class=none|temperature_bin=ambient|contact_time_bin=missing|shaking_time_bin=medium|phase_ratio_bin=missing;acid_class=nitrate|acid_strength_bin=high|nitrate_activity=high|pH_bin=missing|diluent_family=aliphatic_hydrocarbon|modifier_class=organophosphorus|temperature_bin=ambient|contact_time_bin=missing|shaking_time_bin=medium|phase_ratio_bin=missing;acid_class=nitrate|acid_strength_bin=low|nitrate_activity=low|pH_bin=missing|diluent_family=aliphatic_hydrocarbon|modifier_class=none|temperature_bin=ambient|contact_time_bin=missing|shaking_time_bin=medium|phase_ratio_bin=missing;acid_class=nitrate|acid_strength_bin=low|nitrate_activity=low|pH_bin=missing|diluent_family=aliphatic_hydrocarbon|modifier_class=organophosphorus|temperature_bin=ambient|contact_time_bin=missing|shaking_time_bin=medium|phase_ratio_bin=missing;acid_class=nitrate|acid_strength_bin=medium|nitrate_activity=medium|pH_bin=missing|diluent_family=aliphatic_hydrocarbon|modifier_class=none|temperature_bin=ambient|contact_time_bin=missing|shaking_time_bin=medium|phase_ratio_bin=missing,0.0994584,2.99513,25.0,25.0,planned,fill_1x_nitrate,,,
61cc2c48be65,,62,Sm,3,CCCCC(CC)CN(CC(CC)CCCC)C(=O)COCC(=O)N(CC(CC)CCCC)CC(CC)CCCC,CCCCC(CC)CN(CC(CC)CCCC)C(=O)COCC(=O)N(CC(CC)CCCC)CC(CC)CCCC,"[18, 20, 23]","[""O(amide_carbonyl)"", ""O(ether)"", ""O(amide_carbonyl)""]",3,9,3,nitrate,nitrate,0,62|CCCCC(CC)CN(CC(CC)CCCC)C(=O)COCC(=O)N(CC(CC)CCCC)CC(CC)CCCC|nitrate,15,6,acid_class=nitrate|acid_strength_bin=high|nitrate_activity=high|pH_bin=missing|diluent_family=aliphatic_hydrocarbon|modifier_class=alcohol|temperature_bin=ambient|contact_time_bin=missing|shaking_time_bin=short|phase_ratio_bin=missing;acid_class=nitrate|acid_strength_bin=low|nitrate_activity=low|pH_bin=missing|diluent_family=aliphatic_hydrocarbon|modifier_class=alcohol|temperature_bin=ambient|contact_time_bin=missing|shaking_time_bin=short|phase_ratio_bin=missing;acid_class=nitrate|acid_strength_bin=medium|nitrate_activity=medium|pH_bin=missing|diluent_family=aliphatic_hydrocarbon|modifier_class=alcohol|temperature_bin=ambient|contact_time_bin=missing|shaking_time_bin=short|phase_ratio_bin=missing;acid_class=nitrate|acid_strength_bin=medium|nitrate_activity=medium|pH_bin=missing|diluent_family=aromatic|modifier_class=none|temperature_bin=ambient|contact_time_bin=missing|shaking_time_bin=missing|phase_ratio_bin=missing;acid_class=nitrate|acid_strength_bin=medium|nitrate_activity=medium|pH_bin=missing|diluent_family=aromatic|modifier_class=none|temperature_bin=ambient|contact_time_bin=short|shaking_time_bin=missing|phase_ratio_bin=missing,0.1001,6.99542,25.0,25.0,planned,ok,,,
98ef331a5303,,66,Dy,3,CCCCC(CC)CN(CC(CC)CCCC)C(=O)COCC(=O)N(CC(CC)CCCC)CC(CC)CCCC,CCCCC(CC)CN(CC(CC)CCCC)C(=O)COCC(=O)N(CC(CC)CCCC)CC(CC)CCCC,"[18, 20, 23]","[""O(amide_carbonyl)"", ""O(ether)"", ""O(amide_carbonyl)""]",3,8,2,nitrate,nitrate,2,66|CCCCC(CC)CN(CC(CC)CCCC)C(=O)COCC(=O)N(CC(CC)CCCC)CC(CC)CCCC|nitrate,9,6,acid_class=nitrate|acid_strength_bin=high|nitrate_activity=high|pH_bin=missing|diluent_family=aliphatic_hydrocarbon|modifier_class=alcohol|temperature_bin=ambient|contact_time_bin=missing|shaking_time_bin=short|phase_ratio_bin=missing;acid_class=nitrate|acid_strength_bin=low|nitrate_activity=low|pH_bin=missing|diluent_family=aliphatic_hydrocarbon|modifier_class=alcohol|temperature_bin=ambient|contact_time_bin=missing|shaking_time_bin=short|phase_ratio_bin=missing;acid_class=nitrate|acid_strength_bin=medium|nitrate_activity=medium|pH_bin=missing|diluent_family=aliphatic_hydrocarbon|modifier_class=alcohol|temperature_bin=ambient|contact_time_bin=missing|shaking_time_bin=short|phase_ratio_bin=missing;acid_class=nitrate|acid_strength_bin=medium|nitrate_activity=medium|pH_bin=missing|diluent_family=aromatic|modifier_class=none|temperature_bin=ambient|contact_time_bin=missing|shaking_time_bin=missing|phase_ratio_bin=missing;acid_class=nitrate|acid_strength_bin=medium|nitrate_activity=medium|pH_bin=missing|diluent_family=aromatic|modifier_class=none|temperature_bin=ambient|contact_time_bin=short|shaking_time_bin=missing|phase_ratio_bin=missing,0.0813,6.9885,25.0,25.0,planned,fill_2x_nitrate,,,
e90baf173312,,57,La,3,CCCCC(CC)CN(CC(CC)CCCC)C(=O)COCC(=O)N(CC(CC)CCCC)CC(CC)CCCC,CCCCC(CC)CN(CC(CC)CCCC)C(=O)COCC(=O)N(CC(CC)CCCC)CC(CC)CCCC,"[18, 20, 23]","[""O(amide_carbonyl)"", ""O(ether)"", ""O(amide_carbonyl)""]",3,9,3,nitrate,nitrate,0,57|CCCCC(CC)CN(CC(CC)CCCC)C(=O)COCC(=O)N(CC(CC)CCCC)CC(CC)CCCC|nitrate,10,7,acid_class=nitrate|acid_strength_bin=high|nitrate_activity=high|pH_bin=missing|diluent_family=aliphatic_hydrocarbon|modifier_class=alcohol|temperature_bin=ambient|contact_time_bin=missing|shaking_time_bin=medium|phase_ratio_bin=missing;acid_class=nitrate|acid_strength_bin=high|nitrate_activity=high|pH_bin=missing|diluent_family=aliphatic_hydrocarbon|modifier_class=alcohol|temperature_bin=ambient|contact_time_bin=missing|shaking_time_bin=missing|phase_ratio_bin=missing;acid_class=nitrate|acid_strength_bin=high|nitrate_activity=high|pH_bin=missing|diluent_family=aromatic|modifier_class=none|temperature_bin=ambient|contact_time_bin=missing|shaking_time_bin=medium|phase_ratio_bin=missing;acid_class=nitrate|acid_strength_bin=low|nitrate_activity=low|pH_bin=missing|diluent_family=aliphatic_hydrocarbon|modifier_class=alcohol|temperature_bin=ambient|contact_time_bin=missing|shaking_time_bin=medium|phase_ratio_bin=missing;acid_class=nitrate|acid_strength_bin=medium|nitrate_activity=medium|pH_bin=missing|diluent_family=aliphatic_hydrocarbon|modifier_class=alcohol|temperature_bin=ambient|contact_time_bin=missing|shaking_time_bin=medium|phase_ratio_bin=missing,0.1,4.0,25.0,25.0,planned,ok,,,
c833e23c281d,,58,Ce,3,CCCCC(CC)CN(CC(CC)CCCC)C(=O)COCC(=O)N(CC(CC)CCCC)CC(CC)CCCC,CCCCC(CC)CN(CC(CC)CCCC)C(=O)COCC(=O)N(CC(CC)CCCC)CC(CC)CCCC,"[18, 20, 23]","[""O(amide_carbonyl)"", ""O(ether)"", ""O(amide_carbonyl)""]",3,9,3,nitrate,nitrate,0,58|CCCCC(CC)CN(CC(CC)CCCC)C(=O)COCC(=O)N(CC(CC)CCCC)CC(CC)CCCC|nitrate,1,1,acid_class=nitrate|acid_strength_bin=high|nitrate_activity=high|pH_bin=missing|diluent_family=aliphatic_hydrocarbon|modifier_class=alcohol|temperature_bin=ambient|contact_time_bin=missing|shaking_time_bin=missing|phase_ratio_bin=missing,4.0,4.0,25.0,25.0,planned,ok,,,
bc638483400c,,60,Nd,3,CCCCC(CC)CN(CC(CC)CCCC)C(=O)COCC(=O)N(CC(CC)CCCC)CC(CC)CCCC,CCCCC(CC)CN(CC(CC)CCCC)C(=O)COCC(=O)N(CC(CC)CCCC)CC(CC)CCCC,"[18, 20, 23]","[""O(amide_carbonyl)"", ""O(ether)"", ""O(amide_carbonyl)""]",3,9,3,water,water,0,60|CCCCC(CC)CN(CC(CC)CCCC)C(=O)COCC(=O)N(CC(CC)CCCC)CC(CC)CCCC|water,14,7,acid_class=chloride|acid_strength_bin=high|nitrate_activity=none|pH_bin=missing|diluent_family=aliphatic_hydrocarbon|modifier_class=alcohol|temperature_bin=ambient|contact_time_bin=missing|shaking_time_bin=short|phase_ratio_bin=missing;acid_class=chloride|acid_strength_bin=high|nitrate_activity=none|pH_bin=missing|diluent_family=aliphatic_hydrocarbon|modifier_class=none|temperature_bin=ambient|contact_time_bin=medium|shaking_time_bin=missing|phase_ratio_bin=missing;acid_class=chloride|acid_strength_bin=medium|nitrate_activity=none|pH_bin=missing|diluent_family=aliphatic_hydrocarbon|modifier_class=alcohol|temperature_bin=ambient|contact_time_bin=missing|shaking_time_bin=short|phase_ratio_bin=missing;acid_class=chloride|acid_strength_bin=very_high|nitrate_activity=none|pH_bin=missing|diluent_family=aliphatic_hydrocarbon|modifier_class=alcohol|temperature_bin=ambient|contact_time_bin=missing|shaking_time_bin=short|phase_ratio_bin=missing;acid_class=sulfate|acid_strength_bin=high|nitrate_activity=none|pH_bin=missing|diluent_family=aliphatic_hydrocarbon|modifier_class=alcohol|temperature_bin=ambient|contact_time_bin=missing|shaking_time_bin=short|phase_ratio_bin=missing,1.01724,8.98276,22.0,25.0,planned,ok,,,
e4103e24a2d3,,59,Pr,3,CCCCCCCCN(CCCCCCCC)C(=O)COCC(=O)N(CCCCCCCC)CCCCCCCC,CCCCCCCCN(CCCCCCCC)C(=O)COCC(=O)N(CCCCCCCC)CCCCCCCC,"[18, 20, 23]","[""O(amide_carbonyl)"", ""O(ether)"", ""O(amide_carbonyl)""]",3,9,3,water,water,0,59|CCCCCCCCN(CCCCCCCC)C(=O)COCC(=O)N(CCCCCCCC)CCCCCCCC|water,33,9,acid_class=carboxylate|acid_strength_bin=high|nitrate_activity=none|pH_bin=missing|diluent_family=aliphatic_hydrocarbon|modifier_class=none|temperature_bin=ambient|contact_time_bin=medium|shaking_time_bin=missing|phase_ratio_bin=missing;acid_class=chloride|acid_strength_bin=high|nitrate_activity=none|pH_bin=missing|diluent_family=aliphatic_hydrocarbon|modifier_class=alcohol|temperature_bin=ambient|contact_time_bin=missing|shaking_time_bin=medium|phase_ratio_bin=missing;acid_class=chloride|acid_strength_bin=high|nitrate_activity=none|pH_bin=missing|diluent_family=aliphatic_hydrocarbon|modifier_class=none|temperature_bin=ambient|contact_time_bin=medium|shaking_time_bin=missing|phase_ratio_bin=missing;acid_class=chloride|acid_strength_bin=low|nitrate_activity=none|pH_bin=missing|diluent_family=aliphatic_hydrocarbon|modifier_class=none|temperature_bin=ambient|contact_time_bin=medium|shaking_time_bin=missing|phase_ratio_bin=missing;acid_class=chloride|acid_strength_bin=medium|nitrate_activity=none|pH_bin=missing|diluent_family=aliphatic_hydrocarbon|modifier_class=none|temperature_bin=ambient|contact_time_bin=medium|shaking_time_bin=missing|phase_ratio_bin=missing,0.00933254,5.0,20.0,25.0,planned,ok,,,
5085718391b0,,60,Nd,3,CCCCCCCCN(CCCCCCCC)C(=O)COCC(=O)N(CCCCCCCC)CCCCCCCC,CCCCCCCCN(CCCCCCCC)C(=O)COCC(=O)N(CCCCCCCC)CCCCCCCC,"[18, 20, 23]","[""O(amide_carbonyl)"", ""O(ether)"", ""O(amide_carbonyl)""]",3,9,3,water,water,0,60|CCCCCCCCN(CCCCCCCC)C(=O)COCC(=O)N(CCCCCCCC)CCCCCCCC|water,55,12,acid_class=carboxylate|acid_strength_bin=high|nitrate_activity=none|pH_bin=missing|diluent_family=aliphatic_hydrocarbon|modifier_class=none|temperature_bin=ambient|contact_time_bin=medium|shaking_time_bin=missing|phase_ratio_bin=missing;acid_class=carboxylate|acid_strength_bin=medium|nitrate_activity=none|pH_bin=missing|diluent_family=aliphatic_hydrocarbon|modifier_class=none|temperature_bin=ambient|contact_time_bin=medium|shaking_time_bin=missing|phase_ratio_bin=missing;acid_class=chloride|acid_strength_bin=high|nitrate_activity=none|pH_bin=missing|diluent_family=aliphatic_hydrocarbon|modifier_class=alcohol|temperature_bin=ambient|contact_time_bin=missing|shaking_time_bin=medium|phase_ratio_bin=missing;acid_class=chloride|acid_strength_bin=high|nitrate_activity=none|pH_bin=missing|diluent_family=aliphatic_hydrocarbon|modifier_class=none|temperature_bin=ambient|contact_time_bin=medium|shaking_time_bin=missing|phase_ratio_bin=missing;acid_class=chloride|acid_strength_bin=low|nitrate_activity=none|pH_bin=missing|diluent_family=aliphatic_hydrocarbon|modifier_class=none|temperature_bin=ambient|contact_time_bin=medium|shaking_time_bin=missing|phase_ratio_bin=missing,0.00933254,7.0,20.0,25.0,planned,ok,,,
f8ea0c6a57d9,,57,La,3,CCCCCCCCCCN(CCCCCCCCCC)C(=O)C(C)OC(C)C(=O)N(CCCCCCCCCC)CCCCCCCCCC,CCCCCCCCCCN(CCCCCCCCCC)C(=O)C(C)OC(C)C(=O)N(CCCCCCCCCC)CCCCCCCCCC,"[22, 25, 29]","[""O(amide_carbonyl)"", ""O(ether)"", ""O(amide_carbonyl)""]",3,9,3,nitrate,nitrate,0,57|CCCCCCCCCCN(CCCCCCCCCC)C(=O)C(C)OC(C)C(=O)N(CCCCCCCCCC)CCCCCCCCCC|nitrate,5,2,acid_class=nitrate|acid_strength_bin=high|nitrate_activity=high|pH_bin=missing|diluent_family=aliphatic_hydrocarbon|modifier_class=none|temperature_bin=ambient|contact_time_bin=medium|shaking_time_bin=missing|phase_ratio_bin=missing;acid_class=nitrate|acid_strength_bin=medium|nitrate_activity=medium|pH_bin=missing|diluent_family=aliphatic_hydrocarbon|modifier_class=none|temperature_bin=ambient|contact_time_bin=medium|shaking_time_bin=missing|phase_ratio_bin=missing,1.6,5.6,25.0,25.0,planned,ok,,,
f9562d4a626b,,58,Ce,3,CCCCCCCCCCN(CCCCCCCCCC)C(=O)C(C)OC(C)C(=O)N(CCCCCCCCCC)CCCCCCCCCC,CCCCCCCCCCN(CCCCCCCCCC)C(=O)C(C)OC(C)C(=O)N(CCCCCCCCCC)CCCCCCCCCC,"[22, 25, 29]","[""O(amide_carbonyl)"", ""O(ether)"", ""O(amide_carbonyl)""]",3,9,3,nitrate,nitrate,0,58|CCCCCCCCCCN(CCCCCCCCCC)C(=O)C(C)OC(C)C(=O)N(CCCCCCCCCC)CCCCCCCCCC|nitrate,5,2,acid_class=nitrate|acid_strength_bin=high|nitrate_activity=high|pH_bin=missing|diluent_family=aliphatic_hydrocarbon|modifier_class=none|temperature_bin=ambient|contact_time_bin=medium|shaking_time_bin=missing|phase_ratio_bin=missing;acid_class=nitrate|acid_strength_bin=medium|nitrate_activity=medium|pH_bin=missing|diluent_family=aliphatic_hydrocarbon|modifier_class=none|temperature_bin=ambient|contact_time_bin=medium|shaking_time_bin=missing|phase_ratio_bin=missing,1.6,5.6,25.0,25.0,planned,ok,,,
002121ae5677,,59,Pr,3,CCCCCCCCCCN(CCCCCCCCCC)C(=O)C(C)OC(C)C(=O)N(CCCCCCCCCC)CCCCCCCCCC,CCCCCCCCCCN(CCCCCCCCCC)C(=O)C(C)OC(C)C(=O)N(CCCCCCCCCC)CCCCCCCCCC,"[22, 25, 29]","[""O(amide_carbonyl)"", ""O(ether)"", ""O(amide_carbonyl)""]",3,9,3,nitrate,nitrate,0,59|CCCCCCCCCCN(CCCCCCCCCC)C(=O)C(C)OC(C)C(=O)N(CCCCCCCCCC)CCCCCCCCCC|nitrate,5,2,acid_class=nitrate|acid_strength_bin=high|nitrate_activity=high|pH_bin=missing|diluent_family=aliphatic_hydrocarbon|modifier_class=none|temperature_bin=ambient|contact_time_bin=medium|shaking_time_bin=missing|phase_ratio_bin=missing;acid_class=nitrate|acid_strength_bin=medium|nitrate_activity=medium|pH_bin=missing|diluent_family=aliphatic_hydrocarbon|modifier_class=none|temperature_bin=ambient|contact_time_bin=medium|shaking_time_bin=missing|phase_ratio_bin=missing,1.6,5.6,25.0,25.0,planned,ok,,,
f08b024abf27,,60,Nd,3,CCCCCCCCCCN(CCCCCCCCCC)C(=O)C(C)OC(C)C(=O)N(CCCCCCCCCC)CCCCCCCCCC,CCCCCCCCCCN(CCCCCCCCCC)C(=O)C(C)OC(C)C(=O)N(CCCCCCCCCC)CCCCCCCCCC,"[22, 25, 29]","[""O(amide_carbonyl)"", ""O(ether)"", ""O(amide_carbonyl)""]",3,9,3,nitrate,nitrate,0,60|CCCCCCCCCCN(CCCCCCCCCC)C(=O)C(C)OC(C)C(=O)N(CCCCCCCCCC)CCCCCCCCCC|nitrate,5,2,acid_class=nitrate|acid_strength_bin=high|nitrate_activity=high|pH_bin=missing|diluent_family=aliphatic_hydrocarbon|modifier_class=none|temperature_bin=ambient|contact_time_bin=medium|shaking_time_bin=missing|phase_ratio_bin=missing;acid_class=nitrate|acid_strength_bin=medium|nitrate_activity=medium|pH_bin=missing|diluent_family=aliphatic_hydrocarbon|modifier_class=none|temperature_bin=ambient|contact_time_bin=medium|shaking_time_bin=missing|phase_ratio_bin=missing,1.6,5.6,25.0,25.0,planned,ok,,,
63f877d64bd9,,62,Sm,3,CCCCCCCCCCN(CCCCCCCCCC)C(=O)C(C)OC(C)C(=O)N(CCCCCCCCCC)CCCCCCCCCC,CCCCCCCCCCN(CCCCCCCCCC)C(=O)C(C)OC(C)C(=O)N(CCCCCCCCCC)CCCCCCCCCC,"[22, 25, 29]","[""O(amide_carbonyl)"", ""O(ether)"", ""O(amide_carbonyl)""]",3,9,3,nitrate,nitrate,0,62|CCCCCCCCCCN(CCCCCCCCCC)C(=O)C(C)OC(C)C(=O)N(CCCCCCCCCC)CCCCCCCCCC|nitrate,5,2,acid_class=nitrate|acid_strength_bin=high|nitrate_activity=high|pH_bin=missing|diluent_family=aliphatic_hydrocarbon|modifier_class=none|temperature_bin=ambient|contact_time_bin=medium|shaking_time_bin=missing|phase_ratio_bin=missing;acid_class=nitrate|acid_strength_bin=medium|nitrate_activity=medium|pH_bin=missing|diluent_family=aliphatic_hydrocarbon|modifier_class=none|temperature_bin=ambient|contact_time_bin=medium|shaking_time_bin=missing|phase_ratio_bin=missing,1.6,5.6,25.0,25.0,planned,ok,,,
4982246f582c,,63,Eu,3,CCCCCCCCCCN(CCCCCCCCCC)C(=O)C(C)OC(C)C(=O)N(CCCCCCCCCC)CCCCCCCCCC,CCCCCCCCCCN(CCCCCCCCCC)C(=O)C(C)OC(C)C(=O)N(CCCCCCCCCC)CCCCCCCCCC,"[22, 25, 29]","[""O(amide_carbonyl)"", ""O(ether)"", ""O(amide_carbonyl)""]",3,9,3,nitrate,nitrate,0,63|CCCCCCCCCCN(CCCCCCCCCC)C(=O)C(C)OC(C)C(=O)N(CCCCCCCCCC)CCCCCCCCCC|nitrate,5,2,acid_class=nitrate|acid_strength_bin=high|nitrate_activity=high|pH_bin=missing|diluent_family=aliphatic_hydrocarbon|modifier_class=none|temperature_bin=ambient|contact_time_bin=medium|shaking_time_bin=missing|phase_ratio_bin=missing;acid_class=nitrate|acid_strength_bin=medium|nitrate_activity=medium|pH_bin=missing|diluent_family=aliphatic_hydrocarbon|modifier_class=none|temperature_bin=ambient|contact_time_bin=medium|shaking_time_bin=missing|phase_ratio_bin=missing,1.6,5.6,25.0,25.0,planned,ok,,,
37b6322ee57d,,64,Gd,3,CCCCCCCCCCN(CCCCCCCCCC)C(=O)C(C)OC(C)C(=O)N(CCCCCCCCCC)CCCCCCCCCC,CCCCCCCCCCN(CCCCCCCCCC)C(=O)C(C)OC(C)C(=O)N(CCCCCCCCCC)CCCCCCCCCC,"[22, 25, 29]","[""O(amide_carbonyl)"", ""O(ether)"", ""O(amide_carbonyl)""]",3,9,3,nitrate,nitrate,0,64|CCCCCCCCCCN(CCCCCCCCCC)C(=O)C(C)OC(C)C(=O)N(CCCCCCCCCC)CCCCCCCCCC|nitrate,5,2,acid_class=nitrate|acid_strength_bin=high|nitrate_activity=high|pH_bin=missing|diluent_family=aliphatic_hydrocarbon|modifier_class=none|temperature_bin=ambient|contact_time_bin=medium|shaking_time_bin=missing|phase_ratio_bin=missing;acid_class=nitrate|acid_strength_bin=medium|nitrate_activity=medium|pH_bin=missing|diluent_family=aliphatic_hydrocarbon|modifier_class=none|temperature_bin=ambient|contact_time_bin=medium|shaking_time_bin=missing|phase_ratio_bin=missing,1.6,5.6,25.0,25.0,planned,ok,,,
fbc5bc0bae10,,65,Tb,3,CCCCCCCCCCN(CCCCCCCCCC)C(=O)C(C)OC(C)C(=O)N(CCCCCCCCCC)CCCCCCCCCC,CCCCCCCCCCN(CCCCCCCCCC)C(=O)C(C)OC(C)C(=O)N(CCCCCCCCCC)CCCCCCCCCC,"[22, 25, 29]","[""O(amide_carbonyl)"", ""O(ether)"", ""O(amide_carbonyl)""]",3,8,2,nitrate,nitrate,2,65|CCCCCCCCCCN(CCCCCCCCCC)C(=O)C(C)OC(C)C(=O)N(CCCCCCCCCC)CCCCCCCCCC|nitrate,5,2,acid_class=nitrate|acid_strength_bin=high|nitrate_activity=high|pH_bin=missing|diluent_family=aliphatic_hydrocarbon|modifier_class=none|temperature_bin=ambient|contact_time_bin=medium|shaking_time_bin=missing|phase_ratio_bin=missing;acid_class=nitrate|acid_strength_bin=medium|nitrate_activity=medium|pH_bin=missing|diluent_family=aliphatic_hydrocarbon|modifier_class=none|temperature_bin=ambient|contact_time_bin=medium|shaking_time_bin=missing|phase_ratio_bin=missing,1.6,5.6,25.0,25.0,planned,fill_2x_nitrate,,,
5b1c88b12f99,,66,Dy,3,CCCCCCCCCCN(CCCCCCCCCC)C(=O)C(C)OC(C)C(=O)N(CCCCCCCCCC)CCCCCCCCCC,CCCCCCCCCCN(CCCCCCCCCC)C(=O)C(C)OC(C)C(=O)N(CCCCCCCCCC)CCCCCCCCCC,"[22, 25, 29]","[""O(amide_carbonyl)"", ""O(ether)"", ""O(amide_carbonyl)""]",3,8,2,nitrate,nitrate,2,66|CCCCCCCCCCN(CCCCCCCCCC)C(=O)C(C)OC(C)C(=O)N(CCCCCCCCCC)CCCCCCCCCC|nitrate,5,2,acid_class=nitrate|acid_strength_bin=high|nitrate_activity=high|pH_bin=missing|diluent_family=aliphatic_hydrocarbon|modifier_class=none|temperature_bin=ambient|contact_time_bin=medium|shaking_time_bin=missing|phase_ratio_bin=missing;acid_class=nitrate|acid_strength_bin=medium|nitrate_activity=medium|pH_bin=missing|diluent_family=aliphatic_hydrocarbon|modifier_class=none|temperature_bin=ambient|contact_time_bin=medium|shaking_time_bin=missing|phase_ratio_bin=missing,1.6,5.6,25.0,25.0,planned,fill_2x_nitrate,,,
4d8d2c661a75,,63,Eu,3,CCCCCN(CCCCC)C(=O)COCC(=O)N(CCCCC)CCCCC,CCCCCN(CCCCC)C(=O)COCC(=O)N(CCCCC)CCCCC,"[12, 14, 17]","[""O(amide_carbonyl)"", ""O(ether)"", ""O(amide_carbonyl)""]",3,9,3,nitrate,nitrate,0,63|CCCCCN(CCCCC)C(=O)COCC(=O)N(CCCCC)CCCCC|nitrate,3,3,acid_class=nitrate|acid_strength_bin=high|nitrate_activity=high|pH_bin=missing|diluent_family=aliphatic_hydrocarbon|modifier_class=none|temperature_bin=ambient|contact_time_bin=medium|shaking_time_bin=missing|phase_ratio_bin=missing;acid_class=nitrate|acid_strength_bin=medium|nitrate_activity=medium|pH_bin=missing|diluent_family=aromatic|modifier_class=none|temperature_bin=ambient|contact_time_bin=medium|shaking_time_bin=missing|phase_ratio_bin=missing;acid_class=nitrate|acid_strength_bin=medium|nitrate_activity=medium|pH_bin=missing|diluent_family=chlorinated|modifier_class=none|temperature_bin=ambient|contact_time_bin=medium|shaking_time_bin=missing|phase_ratio_bin=missing,1.0,3.0,25.0,25.0,planned,ok,,,
56c925ac0a96,,63,Eu,3,CCCCCCN(CCCCCC)C(=O)COCC(=O)N(CCCCCC)CCCCCC,CCCCCCN(CCCCCC)C(=O)COCC(=O)N(CCCCCC)CCCCCC,"[14, 16, 19]","[""O(amide_carbonyl)"", ""O(ether)"", ""O(amide_carbonyl)""]",3,9,3,nitrate,nitrate,0,63|CCCCCCN(CCCCCC)C(=O)COCC(=O)N(CCCCCC)CCCCCC|nitrate,13,9,acid_class=nitrate|acid_strength_bin=high|nitrate_activity=high|pH_bin=missing|diluent_family=aliphatic_hydrocarbon|modifier_class=alcohol|temperature_bin=ambient|contact_time_bin=missing|shaking_time_bin=medium|phase_ratio_bin=missing;acid_class=nitrate|acid_strength_bin=high|nitrate_activity=high|pH_bin=missing|diluent_family=aliphatic_hydrocarbon|modifier_class=none|temperature_bin=ambient|contact_time_bin=medium|shaking_time_bin=missing|phase_ratio_bin=missing;acid_class=nitrate|acid_strength_bin=high|nitrate_activity=high|pH_bin=missing|diluent_family=aromatic|modifier_class=none|temperature_bin=ambient|contact_time_bin=missing|shaking_time_bin=medium|phase_ratio_bin=missing;acid_class=nitrate|acid_strength_bin=low|nitrate_activity=low|pH_bin=missing|diluent_family=aliphatic_hydrocarbon|modifier_class=alcohol|temperature_bin=ambient|contact_time_bin=missing|shaking_time_bin=medium|phase_ratio_bin=missing;acid_class=nitrate|acid_strength_bin=medium|nitrate_activity=medium|pH_bin=missing|diluent_family=aliphatic_hydrocarbon|modifier_class=alcohol|temperature_bin=ambient|contact_time_bin=missing|shaking_time_bin=medium|phase_ratio_bin=missing,0.1,5.0,25.0,25.0,planned,ok,,,
9bc1c5b0634b,,63,Eu,3,CCCCCCCCCCCCN(CCCCCCCCCCCC)C(=O)COCC(=O)N(CCCCCCCCCCCC)CCCCCCCCCCCC,CCCCCCCCCCCCN(CCCCCCCCCCCC)C(=O)COCC(=O)N(CCCCCCCCCCCC)CCCCCCCCCCCC,"[26, 28, 31]","[""O(amide_carbonyl)"", ""O(ether)"", ""O(amide_carbonyl)""]",3,9,3,nitrate,nitrate,0,63|CCCCCCCCCCCCN(CCCCCCCCCCCC)C(=O)COCC(=O)N(CCCCCCCCCCCC)CCCCCCCCCCCC|nitrate,36,7,acid_class=nitrate|acid_strength_bin=high|nitrate_activity=high|pH_bin=missing|diluent_family=aliphatic_hydrocarbon|modifier_class=none|temperature_bin=ambient|contact_time_bin=medium|shaking_time_bin=missing|phase_ratio_bin=missing;acid_class=nitrate|acid_strength_bin=high|nitrate_activity=high|pH_bin=missing|diluent_family=aliphatic_hydrocarbon|modifier_class=none|temperature_bin=ambient|contact_time_bin=short|shaking_time_bin=missing|phase_ratio_bin=missing;acid_class=nitrate|acid_strength_bin=high|nitrate_activity=high|pH_bin=missing|diluent_family=aromatic|modifier_class=none|temperature_bin=ambient|contact_time_bin=short|shaking_time_bin=missing|phase_ratio_bin=missing;acid_class=nitrate|acid_strength_bin=low|nitrate_activity=low|pH_bin=missing|diluent_family=aromatic|modifier_class=none|temperature_bin=ambient|contact_time_bin=short|shaking_time_bin=missing|phase_ratio_bin=missing;acid_class=nitrate|acid_strength_bin=medium|nitrate_activity=medium|pH_bin=missing|diluent_family=aliphatic_hydrocarbon|modifier_class=none|temperature_bin=ambient|contact_time_bin=short|shaking_time_bin=missing|phase_ratio_bin=missing,0.101471,5.0,15.0,55.0,planned,ok,,,
42e8b0326a3a,,63,Eu,3,CCCCCCCCN(CCCCCCCC)C(=O)COCC(=O)NCCc1c(CC)c(CCNC(=O)COCC(=O)N(CCCCCCCC)CCCCCCCC)c(CC)c(CCNC(=O)COCC(=O)N(CCCCCCCC)CCCCCCCC)c1CC,CCCCCCCCN(CCCCCCCC)C(=O)COCC(=O)NCCc1c(CC)c(CCNC(=O)COCC(=O)N(CCCCCCCC)CCCCCCCC)c(CC)c(CCNC(=O)COCC(=O)N(CCCCCCCC)CCCCCCCC)c1CC,"[18, 20, 23]","[""O(amide_carbonyl)"", ""O(ether)"", ""O(amide_carbonyl)""]",3,9,3,nitrate,nitrate,0,63|CCCCCCCCN(CCCCCCCC)C(=O)COCC(=O)NCCc1c(CC)c(CCNC(=O)COCC(=O)N(CCCCCCCC)CCCCCCCC)c(CC)c(CCNC(=O)COCC(=O)N(CCCCCCCC)CCCCCCCC)c1CC|nitrate,15,8,acid_class=nitrate|acid_strength_bin=high|nitrate_activity=high|pH_bin=missing|diluent_family=aliphatic_hydrocarbon|modifier_class=none|temperature_bin=ambient|contact_time_bin=medium|shaking_time_bin=missing|phase_ratio_bin=missing;acid_class=nitrate|acid_strength_bin=high|nitrate_activity=high|pH_bin=missing|diluent_family=ionic_liquid|modifier_class=none|temperature_bin=ambient|contact_time_bin=long|shaking_time_bin=missing|phase_ratio_bin=missing;acid_class=nitrate|acid_strength_bin=low|nitrate_activity=low|pH_bin=missing|diluent_family=aliphatic_hydrocarbon|modifier_class=none|temperature_bin=ambient|contact_time_bin=medium|shaking_time_bin=missing|phase_ratio_bin=missing;acid_class=nitrate|acid_strength_bin=low|nitrate_activity=low|pH_bin=missing|diluent_family=ionic_liquid|modifier_class=none|temperature_bin=ambient|contact_time_bin=long|shaking_time_bin=missing|phase_ratio_bin=missing;acid_class=nitrate|acid_strength_bin=medium|nitrate_activity=medium|pH_bin=missing|diluent_family=aliphatic_hydrocarbon|modifier_class=none|temperature_bin=ambient|contact_time_bin=medium|shaking_time_bin=missing|phase_ratio_bin=missing,0.0981595,6.0,25.0,25.0,planned,ok,,,
3528f915b0a8,,63,Eu,3,CCCCCCCCN(CCCCCCCC)C(=O)COCC(=O)NCCCOc1cc(OCCCNC(=O)COCC(=O)N(CCCCCCCC)CCCCCCCC)cc(OCCCNC(=O)COCC(=O)N(CCCCCCCC)CCCCCCCC)c1,CCCCCCCCN(CCCCCCCC)C(=O)COCC(=O)NCCCOc1cc(OCCCNC(=O)COCC(=O)N(CCCCCCCC)CCCCCCCC)cc(OCCCNC(=O)COCC(=O)N(CCCCCCCC)CCCCCCCC)c1,"[18, 20, 23]","[""O(amide_carbonyl)"", ""O(ether)"", ""O(amide_carbonyl)""]",3,9,3,nitrate,nitrate,0,63|CCCCCCCCN(CCCCCCCC)C(=O)COCC(=O)NCCCOc1cc(OCCCNC(=O)COCC(=O)N(CCCCCCCC)CCCCCCCC)cc(OCCCNC(=O)COCC(=O)N(CCCCCCCC)CCCCCCCC)c1|nitrate,14,8,acid_class=nitrate|acid_strength_bin=high|nitrate_activity=high|pH_bin=missing|diluent_family=aliphatic_hydrocarbon|modifier_class=none|temperature_bin=ambient|contact_time_bin=medium|shaking_time_bin=missing|phase_ratio_bin=missing;acid_class=nitrate|acid_strength_bin=high|nitrate_activity=high|pH_bin=missing|diluent_family=ionic_liquid|modifier_class=none|temperature_bin=ambient|contact_time_bin=long|shaking_time_bin=missing|phase_ratio_bin=missing;acid_class=nitrate|acid_strength_bin=low|nitrate_activity=low|pH_bin=missing|diluent_family=aliphatic_hydrocarbon|modifier_class=none|temperature_bin=ambient|contact_time_bin=medium|shaking_time_bin=missing|phase_ratio_bin=missing;acid_class=nitrate|acid_strength_bin=low|nitrate_activity=low|pH_bin=missing|diluent_family=ionic_liquid|modifier_class=none|temperature_bin=ambient|contact_time_bin=long|shaking_time_bin=missing|phase_ratio_bin=missing;acid_class=nitrate|acid_strength_bin=medium|nitrate_activity=medium|pH_bin=missing|diluent_family=aliphatic_hydrocarbon|modifier_class=none|temperature_bin=ambient|contact_time_bin=medium|shaking_time_bin=missing|phase_ratio_bin=missing,0.0981595,6.0,25.0,25.0,planned,ok,,,
61b5adf1c34b,,60,Nd,3,CCCCCCCCCCN(CCCCCCCCCC)C(=O)COCC(=O)N(CCCCCC)CCCCCC,CCCCCCCCCCN(CCCCCCCCCC)C(=O)COCC(=O)N(CCCCCC)CCCCCC,"[22, 24, 27]","[""O(amide_carbonyl)"", ""O(ether)"", ""O(amide_carbonyl)""]",3,9,3,nitrate,nitrate,0,60|CCCCCCCCCCN(CCCCCCCCCC)C(=O)COCC(=O)N(CCCCCC)CCCCCC|nitrate,22,4,acid_class=nitrate|acid_strength_bin=high|nitrate_activity=high|pH_bin=missing|diluent_family=aliphatic_hydrocarbon|modifier_class=none|temperature_bin=ambient|contact_time_bin=medium|shaking_time_bin=missing|phase_ratio_bin=missing;acid_class=nitrate|acid_strength_bin=high|nitrate_activity=high|pH_bin=missing|diluent_family=aliphatic_hydrocarbon|modifier_class=none|temperature_bin=warm|contact_time_bin=medium|shaking_time_bin=missing|phase_ratio_bin=missing;acid_class=nitrate|acid_strength_bin=low|nitrate_activity=low|pH_bin=missing|diluent_family=aliphatic_hydrocarbon|modifier_class=none|temperature_bin=ambient|contact_time_bin=medium|shaking_time_bin=missing|phase_ratio_bin=missing;acid_class=nitrate|acid_strength_bin=medium|nitrate_activity=medium|pH_bin=missing|diluent_family=aliphatic_hydrocarbon|modifier_class=none|temperature_bin=ambient|contact_time_bin=medium|shaking_time_bin=missing|phase_ratio_bin=missing,0.1,5.0,15.0,55.0,planned,ok,,,
13d5fe5f17a4,,62,Sm,3,CCCCCCCCCCN(CCCCCCCCCC)C(=O)COCC(=O)N(CCCCCC)CCCCCC,CCCCCCCCCCN(CCCCCCCCCC)C(=O)COCC(=O)N(CCCCCC)CCCCCC,"[22, 24, 27]","[""O(amide_carbonyl)"", ""O(ether)"", ""O(amide_carbonyl)""]",3,9,3,nitrate,nitrate,0,62|CCCCCCCCCCN(CCCCCCCCCC)C(=O)COCC(=O)N(CCCCCC)CCCCCC|nitrate,22,4,acid_class=nitrate|acid_strength_bin=high|nitrate_activity=high|pH_bin=missing|diluent_family=aliphatic_hydrocarbon|modifier_class=none|temperature_bin=ambient|contact_time_bin=medium|shaking_time_bin=missing|phase_ratio_bin=missing;acid_class=nitrate|acid_strength_bin=high|nitrate_activity=high|pH_bin=missing|diluent_family=aliphatic_hydrocarbon|modifier_class=none|temperature_bin=warm|contact_time_bin=medium|shaking_time_bin=missing|phase_ratio_bin=missing;acid_class=nitrate|acid_strength_bin=low|nitrate_activity=low|pH_bin=missing|diluent_family=aliphatic_hydrocarbon|modifier_class=none|temperature_bin=ambient|contact_time_bin=medium|shaking_time_bin=missing|phase_ratio_bin=missing;acid_class=nitrate|acid_strength_bin=medium|nitrate_activity=medium|pH_bin=missing|diluent_family=aliphatic_hydrocarbon|modifier_class=none|temperature_bin=ambient|contact_time_bin=medium|shaking_time_bin=missing|phase_ratio_bin=missing,0.1,5.0,15.0,55.0,planned,ok,,,
e15b249cea3d,,64,Gd,3,CCCCCCCCCCN(CCCCCCCCCC)C(=O)COCC(=O)N(CCCCCC)CCCCCC,CCCCCCCCCCN(CCCCCCCCCC)C(=O)COCC(=O)N(CCCCCC)CCCCCC,"[22, 24, 27]","[""O(amide_carbonyl)"", ""O(ether)"", ""O(amide_carbonyl)""]",3,9,3,nitrate,nitrate,0,64|CCCCCCCCCCN(CCCCCCCCCC)C(=O)COCC(=O)N(CCCCCC)CCCCCC|nitrate,23,4,acid_class=nitrate|acid_strength_bin=high|nitrate_activity=high|pH_bin=missing|diluent_family=aliphatic_hydrocarbon|modifier_class=none|temperature_bin=ambient|contact_time_bin=medium|shaking_time_bin=missing|phase_ratio_bin=missing;acid_class=nitrate|acid_strength_bin=high|nitrate_activity=high|pH_bin=missing|diluent_family=aliphatic_hydrocarbon|modifier_class=none|temperature_bin=warm|contact_time_bin=medium|shaking_time_bin=missing|phase_ratio_bin=missing;acid_class=nitrate|acid_strength_bin=low|nitrate_activity=low|pH_bin=missing|diluent_family=aliphatic_hydrocarbon|modifier_class=none|temperature_bin=ambient|contact_time_bin=medium|shaking_time_bin=missing|phase_ratio_bin=missing;acid_class=nitrate|acid_strength_bin=medium|nitrate_activity=medium|pH_bin=missing|diluent_family=aliphatic_hydrocarbon|modifier_class=none|temperature_bin=ambient|contact_time_bin=medium|shaking_time_bin=missing|phase_ratio_bin=missing,0.1,5.0,15.0,55.0,planned,ok,,,
6beb6e4f3fac,,66,Dy,3,CCCCCCCCCCN(CCCCCCCCCC)C(=O)COCC(=O)N(CCCCCC)CCCCCC,CCCCCCCCCCN(CCCCCCCCCC)C(=O)COCC(=O)N(CCCCCC)CCCCCC,"[22, 24, 27]","[""O(amide_carbonyl)"", ""O(ether)"", ""O(amide_carbonyl)""]",3,8,2,nitrate,nitrate,2,66|CCCCCCCCCCN(CCCCCCCCCC)C(=O)COCC(=O)N(CCCCCC)CCCCCC|nitrate,22,4,acid_class=nitrate|acid_strength_bin=high|nitrate_activity=high|pH_bin=missing|diluent_family=aliphatic_hydrocarbon|modifier_class=none|temperature_bin=ambient|contact_time_bin=medium|shaking_time_bin=missing|phase_ratio_bin=missing;acid_class=nitrate|acid_strength_bin=high|nitrate_activity=high|pH_bin=missing|diluent_family=aliphatic_hydrocarbon|modifier_class=none|temperature_bin=warm|contact_time_bin=medium|shaking_time_bin=missing|phase_ratio_bin=missing;acid_class=nitrate|acid_strength_bin=low|nitrate_activity=low|pH_bin=missing|diluent_family=aliphatic_hydrocarbon|modifier_class=none|temperature_bin=ambient|contact_time_bin=medium|shaking_time_bin=missing|phase_ratio_bin=missing;acid_class=nitrate|acid_strength_bin=medium|nitrate_activity=medium|pH_bin=missing|diluent_family=aliphatic_hydrocarbon|modifier_class=none|temperature_bin=ambient|contact_time_bin=medium|shaking_time_bin=missing|phase_ratio_bin=missing,0.1,5.0,15.0,55.0,planned,fill_2x_nitrate,,,
3e850e102c59,,67,Ho,3,CCCCCCCCCCN(CCCCCCCCCC)C(=O)COCC(=O)N(CCCCCC)CCCCCC,CCCCCCCCCCN(CCCCCCCCCC)C(=O)COCC(=O)N(CCCCCC)CCCCCC,"[22, 24, 27]","[""O(amide_carbonyl)"", ""O(ether)"", ""O(amide_carbonyl)""]",3,8,2,nitrate,nitrate,2,67|CCCCCCCCCCN(CCCCCCCCCC)C(=O)COCC(=O)N(CCCCCC)CCCCCC|nitrate,24,4,acid_class=nitrate|acid_strength_bin=high|nitrate_activity=high|pH_bin=missing|diluent_family=aliphatic_hydrocarbon|modifier_class=none|temperature_bin=ambient|contact_time_bin=medium|shaking_time_bin=missing|phase_ratio_bin=missing;acid_class=nitrate|acid_strength_bin=high|nitrate_activity=high|pH_bin=missing|diluent_family=aliphatic_hydrocarbon|modifier_class=none|temperature_bin=warm|contact_time_bin=medium|shaking_time_bin=missing|phase_ratio_bin=missing;acid_class=nitrate|acid_strength_bin=low|nitrate_activity=low|pH_bin=missing|diluent_family=aliphatic_hydrocarbon|modifier_class=none|temperature_bin=ambient|contact_time_bin=medium|shaking_time_bin=missing|phase_ratio_bin=missing;acid_class=nitrate|acid_strength_bin=medium|nitrate_activity=medium|pH_bin=missing|diluent_family=aliphatic_hydrocarbon|modifier_class=none|temperature_bin=ambient|contact_time_bin=medium|shaking_time_bin=missing|phase_ratio_bin=missing,0.1,5.0,15.0,55.0,planned,fill_2x_nitrate,,,
55e629e17e99,,68,Er,3,CCCCCCCCCCN(CCCCCCCCCC)C(=O)COCC(=O)N(CCCCCC)CCCCCC,CCCCCCCCCCN(CCCCCCCCCC)C(=O)COCC(=O)N(CCCCCC)CCCCCC,"[22, 24, 27]","[""O(amide_carbonyl)"", ""O(ether)"", ""O(amide_carbonyl)""]",3,8,2,nitrate,nitrate,2,68|CCCCCCCCCCN(CCCCCCCCCC)C(=O)COCC(=O)N(CCCCCC)CCCCCC|nitrate,22,4,acid_class=nitrate|acid_strength_bin=high|nitrate_activity=high|pH_bin=missing|diluent_family=aliphatic_hydrocarbon|modifier_class=none|temperature_bin=ambient|contact_time_bin=medium|shaking_time_bin=missing|phase_ratio_bin=missing;acid_class=nitrate|acid_strength_bin=high|nitrate_activity=high|pH_bin=missing|diluent_family=aliphatic_hydrocarbon|modifier_class=none|temperature_bin=warm|contact_time_bin=medium|shaking_time_bin=missing|phase_ratio_bin=missing;acid_class=nitrate|acid_strength_bin=low|nitrate_activity=low|pH_bin=missing|diluent_family=aliphatic_hydrocarbon|modifier_class=none|temperature_bin=ambient|contact_time_bin=medium|shaking_time_bin=missing|phase_ratio_bin=missing;acid_class=nitrate|acid_strength_bin=medium|nitrate_activity=medium|pH_bin=missing|diluent_family=aliphatic_hydrocarbon|modifier_class=none|temperature_bin=ambient|contact_time_bin=medium|shaking_time_bin=missing|phase_ratio_bin=missing,0.1,5.0,15.0,55.0,planned,fill_2x_nitrate,,,
b962af2d7020,,57,La,3,CCCCCCCCCCN(CCCCCCCCCC)C(=O)COCC(=O)N(CCCCCC)CCCCCC,CCCCCCCCCCN(CCCCCCCCCC)C(=O)COCC(=O)N(CCCCCC)CCCCCC,"[22, 24, 27]","[""O(amide_carbonyl)"", ""O(ether)"", ""O(amide_carbonyl)""]",3,9,3,nitrate,nitrate,0,57|CCCCCCCCCCN(CCCCCCCCCC)C(=O)COCC(=O)N(CCCCCC)CCCCCC|nitrate,1,1,acid_class=nitrate|acid_strength_bin=medium|nitrate_activity=medium|pH_bin=missing|diluent_family=aliphatic_hydrocarbon|modifier_class=none|temperature_bin=ambient|contact_time_bin=medium|shaking_time_bin=missing|phase_ratio_bin=missing,1.0,1.0,25.0,25.0,planned,ok,,,
b7ac3832cbad,,58,Ce,3,CCCCCCCCCCN(CCCCCCCCCC)C(=O)COCC(=O)N(CCCCCC)CCCCCC,CCCCCCCCCCN(CCCCCCCCCC)C(=O)COCC(=O)N(CCCCCC)CCCCCC,"[22, 24, 27]","[""O(amide_carbonyl)"", ""O(ether)"", ""O(amide_carbonyl)""]",3,9,3,nitrate,nitrate,0,58|CCCCCCCCCCN(CCCCCCCCCC)C(=O)COCC(=O)N(CCCCCC)CCCCCC|nitrate,1,1,acid_class=nitrate|acid_strength_bin=medium|nitrate_activity=medium|pH_bin=missing|diluent_family=aliphatic_hydrocarbon|modifier_class=none|temperature_bin=ambient|contact_time_bin=medium|shaking_time_bin=missing|phase_ratio_bin=missing,1.0,1.0,25.0,25.0,planned,ok,,,
8c73fec5405e,,59,Pr,3,CCCCCCCCCCN(CCCCCCCCCC)C(=O)COCC(=O)N(CCCCCC)CCCCCC,CCCCCCCCCCN(CCCCCCCCCC)C(=O)COCC(=O)N(CCCCCC)CCCCCC,"[22, 24, 27]","[""O(amide_carbonyl)"", ""O(ether)"", ""O(amide_carbonyl)""]",3,9,3,nitrate,nitrate,0,59|CCCCCCCCCCN(CCCCCCCCCC)C(=O)COCC(=O)N(CCCCCC)CCCCCC|nitrate,1,1,acid_class=nitrate|acid_strength_bin=medium|nitrate_activity=medium|pH_bin=missing|diluent_family=aliphatic_hydrocarbon|modifier_class=none|temperature_bin=ambient|contact_time_bin=medium|shaking_time_bin=missing|phase_ratio_bin=missing,1.0,1.0,25.0,25.0,planned,ok,,,
86c497c70791,,63,Eu,3,CCCCCCCCCCN(CCCCCCCCCC)C(=O)COCC(=O)N(CCCCCC)CCCCCC,CCCCCCCCCCN(CCCCCCCCCC)C(=O)COCC(=O)N(CCCCCC)CCCCCC,"[22, 24, 27]","[""O(amide_carbonyl)"", ""O(ether)"", ""O(amide_carbonyl)""]",3,9,3,nitrate,nitrate,0,63|CCCCCCCCCCN(CCCCCCCCCC)C(=O)COCC(=O)N(CCCCCC)CCCCCC|nitrate,1,1,acid_class=nitrate|acid_strength_bin=medium|nitrate_activity=medium|pH_bin=missing|diluent_family=aliphatic_hydrocarbon|modifier_class=none|temperature_bin=ambient|contact_time_bin=medium|shaking_time_bin=missing|phase_ratio_bin=missing,1.0,1.0,25.0,25.0,planned,ok,,,
b3d93bfa9619,,65,Tb,3,CCCCCCCCCCN(CCCCCCCCCC)C(=O)COCC(=O)N(CCCCCC)CCCCCC,CCCCCCCCCCN(CCCCCCCCCC)C(=O)COCC(=O)N(CCCCCC)CCCCCC,"[22, 24, 27]","[""O(amide_carbonyl)"", ""O(ether)"", ""O(amide_carbonyl)""]",3,8,2,nitrate,nitrate,2,65|CCCCCCCCCCN(CCCCCCCCCC)C(=O)COCC(=O)N(CCCCCC)CCCCCC|nitrate,1,1,acid_class=nitrate|acid_strength_bin=medium|nitrate_activity=medium|pH_bin=missing|diluent_family=aliphatic_hydrocarbon|modifier_class=none|temperature_bin=ambient|contact_time_bin=medium|shaking_time_bin=missing|phase_ratio_bin=missing,1.0,1.0,25.0,25.0,planned,fill_2x_nitrate,,,
83b8adbff60c,,69,Tm,3,CCCCCCCCCCN(CCCCCCCCCC)C(=O)COCC(=O)N(CCCCCC)CCCCCC,CCCCCCCCCCN(CCCCCCCCCC)C(=O)COCC(=O)N(CCCCCC)CCCCCC,"[22, 24, 27]","[""O(amide_carbonyl)"", ""O(ether)"", ""O(amide_carbonyl)""]",3,8,2,nitrate,nitrate,2,69|CCCCCCCCCCN(CCCCCCCCCC)C(=O)COCC(=O)N(CCCCCC)CCCCCC|nitrate,1,1,acid_class=nitrate|acid_strength_bin=medium|nitrate_activity=medium|pH_bin=missing|diluent_family=aliphatic_hydrocarbon|modifier_class=none|temperature_bin=ambient|contact_time_bin=medium|shaking_time_bin=missing|phase_ratio_bin=missing,1.0,1.0,25.0,25.0,planned,fill_2x_nitrate,,,
214faaf3ceec,,70,Yb,3,CCCCCCCCCCN(CCCCCCCCCC)C(=O)COCC(=O)N(CCCCCC)CCCCCC,CCCCCCCCCCN(CCCCCCCCCC)C(=O)COCC(=O)N(CCCCCC)CCCCCC,"[22, 24, 27]","[""O(amide_carbonyl)"", ""O(ether)"", ""O(amide_carbonyl)""]",3,8,2,nitrate,nitrate,2,70|CCCCCCCCCCN(CCCCCCCCCC)C(=O)COCC(=O)N(CCCCCC)CCCCCC|nitrate,1,1,acid_class=nitrate|acid_strength_bin=medium|nitrate_activity=medium|pH_bin=missing|diluent_family=aliphatic_hydrocarbon|modifier_class=none|temperature_bin=ambient|contact_time_bin=medium|shaking_time_bin=missing|phase_ratio_bin=missing,1.0,1.0,25.0,25.0,planned,fill_2x_nitrate,,,
69820f6ef382,,71,Lu,3,CCCCCCCCCCN(CCCCCCCCCC)C(=O)COCC(=O)N(CCCCCC)CCCCCC,CCCCCCCCCCN(CCCCCCCCCC)C(=O)COCC(=O)N(CCCCCC)CCCCCC,"[22, 24, 27]","[""O(amide_carbonyl)"", ""O(ether)"", ""O(amide_carbonyl)""]",3,8,2,nitrate,nitrate,2,71|CCCCCCCCCCN(CCCCCCCCCC)C(=O)COCC(=O)N(CCCCCC)CCCCCC|nitrate,1,1,acid_class=nitrate|acid_strength_bin=medium|nitrate_activity=medium|pH_bin=missing|diluent_family=aliphatic_hydrocarbon|modifier_class=none|temperature_bin=ambient|contact_time_bin=medium|shaking_time_bin=missing|phase_ratio_bin=missing,1.0,1.0,25.0,25.0,planned,fill_2x_nitrate,,,
baede0a95237,,60,Nd,3,CCCCCCCCCCN(CCCCCCCCCC)C(=O)COCC(=O)N(CCCCCC)CCCCCC,CCCCCCCCCCN(CCCCCCCCCC)C(=O)COCC(=O)N(CCCCCC)CCCCCC,"[22, 24, 27]","[""O(amide_carbonyl)"", ""O(ether)"", ""O(amide_carbonyl)""]",3,9,3,water,water,0,60|CCCCCCCCCCN(CCCCCCCCCC)C(=O)COCC(=O)N(CCCCCC)CCCCCC|water,12,8,acid_class=chloride|acid_strength_bin=high|nitrate_activity=none|pH_bin=missing|diluent_family=aliphatic_hydrocarbon|modifier_class=none|temperature_bin=ambient|contact_time_bin=medium|shaking_time_bin=missing|phase_ratio_bin=missing;acid_class=chloride|acid_strength_bin=low|nitrate_activity=none|pH_bin=missing|diluent_family=aliphatic_hydrocarbon|modifier_class=none|temperature_bin=ambient|contact_time_bin=medium|shaking_time_bin=missing|phase_ratio_bin=missing;acid_class=chloride|acid_strength_bin=medium|nitrate_activity=none|pH_bin=missing|diluent_family=aliphatic_hydrocarbon|modifier_class=none|temperature_bin=ambient|contact_time_bin=medium|shaking_time_bin=missing|phase_ratio_bin=missing;acid_class=chloride|acid_strength_bin=very_high|nitrate_activity=none|pH_bin=missing|diluent_family=aliphatic_hydrocarbon|modifier_class=none|temperature_bin=ambient|contact_time_bin=medium|shaking_time_bin=missing|phase_ratio_bin=missing;acid_class=sulfate|acid_strength_bin=high|nitrate_activity=none|pH_bin=missing|diluent_family=aliphatic_hydrocarbon|modifier_class=none|temperature_bin=ambient|contact_time_bin=medium|shaking_time_bin=missing|phase_ratio_bin=missing,0.1,7.0,25.0,25.0,planned,ok,,,
d48b4e430acd,,62,Sm,3,CCCCCCCCCCN(CCCCCCCCCC)C(=O)COCC(=O)N(CCCCCC)CCCCCC,CCCCCCCCCCN(CCCCCCCCCC)C(=O)COCC(=O)N(CCCCCC)CCCCCC,"[22, 24, 27]","[""O(amide_carbonyl)"", ""O(ether)"", ""O(amide_carbonyl)""]",3,9,3,water,water,0,62|CCCCCCCCCCN(CCCCCCCCCC)C(=O)COCC(=O)N(CCCCCC)CCCCCC|water,12,8,acid_class=chloride|acid_strength_bin=high|nitrate_activity=none|pH_bin=missing|diluent_family=aliphatic_hydrocarbon|modifier_class=none|temperature_bin=ambient|contact_time_bin=medium|shaking_time_bin=missing|phase_ratio_bin=missing;acid_class=chloride|acid_strength_bin=low|nitrate_activity=none|pH_bin=missing|diluent_family=aliphatic_hydrocarbon|modifier_class=none|temperature_bin=ambient|contact_time_bin=medium|shaking_time_bin=missing|phase_ratio_bin=missing;acid_class=chloride|acid_strength_bin=medium|nitrate_activity=none|pH_bin=missing|diluent_family=aliphatic_hydrocarbon|modifier_class=none|temperature_bin=ambient|contact_time_bin=medium|shaking_time_bin=missing|phase_ratio_bin=missing;acid_class=chloride|acid_strength_bin=very_high|nitrate_activity=none|pH_bin=missing|diluent_family=aliphatic_hydrocarbon|modifier_class=none|temperature_bin=ambient|contact_time_bin=medium|shaking_time_bin=missing|phase_ratio_bin=missing;acid_class=sulfate|acid_strength_bin=high|nitrate_activity=none|pH_bin=missing|diluent_family=aliphatic_hydrocarbon|modifier_class=none|temperature_bin=ambient|contact_time_bin=medium|shaking_time_bin=missing|phase_ratio_bin=missing,0.1,7.0,25.0,25.0,planned,ok,,,
125a61fe04b1,,64,Gd,3,CCCCCCCCCCN(CCCCCCCCCC)C(=O)COCC(=O)N(CCCCCC)CCCCCC,CCCCCCCCCCN(CCCCCCCCCC)C(=O)COCC(=O)N(CCCCCC)CCCCCC,"[22, 24, 27]","[""O(amide_carbonyl)"", ""O(ether)"", ""O(amide_carbonyl)""]",3,9,3,water,water,0,64|CCCCCCCCCCN(CCCCCCCCCC)C(=O)COCC(=O)N(CCCCCC)CCCCCC|water,12,8,acid_class=chloride|acid_strength_bin=high|nitrate_activity=none|pH_bin=missing|diluent_family=aliphatic_hydrocarbon|modifier_class=none|temperature_bin=ambient|contact_time_bin=medium|shaking_time_bin=missing|phase_ratio_bin=missing;acid_class=chloride|acid_strength_bin=low|nitrate_activity=none|pH_bin=missing|diluent_family=aliphatic_hydrocarbon|modifier_class=none|temperature_bin=ambient|contact_time_bin=medium|shaking_time_bin=missing|phase_ratio_bin=missing;acid_class=chloride|acid_strength_bin=medium|nitrate_activity=none|pH_bin=missing|diluent_family=aliphatic_hydrocarbon|modifier_class=none|temperature_bin=ambient|contact_time_bin=medium|shaking_time_bin=missing|phase_ratio_bin=missing;acid_class=chloride|acid_strength_bin=very_high|nitrate_activity=none|pH_bin=missing|diluent_family=aliphatic_hydrocarbon|modifier_class=none|temperature_bin=ambient|contact_time_bin=medium|shaking_time_bin=missing|phase_ratio_bin=missing;acid_class=sulfate|acid_strength_bin=high|nitrate_activity=none|pH_bin=missing|diluent_family=aliphatic_hydrocarbon|modifier_class=none|temperature_bin=ambient|contact_time_bin=medium|shaking_time_bin=missing|phase_ratio_bin=missing,0.1,7.0,25.0,25.0,planned,ok,,,
2b349d0725cb,,66,Dy,3,CCCCCCCCCCN(CCCCCCCCCC)C(=O)COCC(=O)N(CCCCCC)CCCCCC,CCCCCCCCCCN(CCCCCCCCCC)C(=O)COCC(=O)N(CCCCCC)CCCCCC,"[22, 24, 27]","[""O(amide_carbonyl)"", ""O(ether)"", ""O(amide_carbonyl)""]",3,8,2,water,water,2,66|CCCCCCCCCCN(CCCCCCCCCC)C(=O)COCC(=O)N(CCCCCC)CCCCCC|water,12,8,acid_class=chloride|acid_strength_bin=high|nitrate_activity=none|pH_bin=missing|diluent_family=aliphatic_hydrocarbon|modifier_class=none|temperature_bin=ambient|contact_time_bin=medium|shaking_time_bin=missing|phase_ratio_bin=missing;acid_class=chloride|acid_strength_bin=low|nitrate_activity=none|pH_bin=missing|diluent_family=aliphatic_hydrocarbon|modifier_class=none|temperature_bin=ambient|contact_time_bin=medium|shaking_time_bin=missing|phase_ratio_bin=missing;acid_class=chloride|acid_strength_bin=medium|nitrate_activity=none|pH_bin=missing|diluent_family=aliphatic_hydrocarbon|modifier_class=none|temperature_bin=ambient|contact_time_bin=medium|shaking_time_bin=missing|phase_ratio_bin=missing;acid_class=chloride|acid_strength_bin=very_high|nitrate_activity=none|pH_bin=missing|diluent_family=aliphatic_hydrocarbon|modifier_class=none|temperature_bin=ambient|contact_time_bin=medium|shaking_time_bin=missing|phase_ratio_bin=missing;acid_class=sulfate|acid_strength_bin=high|nitrate_activity=none|pH_bin=missing|diluent_family=aliphatic_hydrocarbon|modifier_class=none|temperature_bin=ambient|contact_time_bin=medium|shaking_time_bin=missing|phase_ratio_bin=missing,0.1,7.0,25.0,25.0,planned,fill_2x_water,,,
ec6e02a60fef,,67,Ho,3,CCCCCCCCCCN(CCCCCCCCCC)C(=O)COCC(=O)N(CCCCCC)CCCCCC,CCCCCCCCCCN(CCCCCCCCCC)C(=O)COCC(=O)N(CCCCCC)CCCCCC,"[22, 24, 27]","[""O(amide_carbonyl)"", ""O(ether)"", ""O(amide_carbonyl)""]",3,8,2,water,water,2,67|CCCCCCCCCCN(CCCCCCCCCC)C(=O)COCC(=O)N(CCCCCC)CCCCCC|water,12,8,acid_class=chloride|acid_strength_bin=high|nitrate_activity=none|pH_bin=missing|diluent_family=aliphatic_hydrocarbon|modifier_class=none|temperature_bin=ambient|contact_time_bin=medium|shaking_time_bin=missing|phase_ratio_bin=missing;acid_class=chloride|acid_strength_bin=low|nitrate_activity=none|pH_bin=missing|diluent_family=aliphatic_hydrocarbon|modifier_class=none|temperature_bin=ambient|contact_time_bin=medium|shaking_time_bin=missing|phase_ratio_bin=missing;acid_class=chloride|acid_strength_bin=medium|nitrate_activity=none|pH_bin=missing|diluent_family=aliphatic_hydrocarbon|modifier_class=none|temperature_bin=ambient|contact_time_bin=medium|shaking_time_bin=missing|phase_ratio_bin=missing;acid_class=chloride|acid_strength_bin=very_high|nitrate_activity=none|pH_bin=missing|diluent_family=aliphatic_hydrocarbon|modifier_class=none|temperature_bin=ambient|contact_time_bin=medium|shaking_time_bin=missing|phase_ratio_bin=missing;acid_class=sulfate|acid_strength_bin=high|nitrate_activity=none|pH_bin=missing|diluent_family=aliphatic_hydrocarbon|modifier_class=none|temperature_bin=ambient|contact_time_bin=medium|shaking_time_bin=missing|phase_ratio_bin=missing,0.1,7.0,25.0,25.0,planned,fill_2x_water,,,
9217936670e5,,68,Er,3,CCCCCCCCCCN(CCCCCCCCCC)C(=O)COCC(=O)N(CCCCCC)CCCCCC,CCCCCCCCCCN(CCCCCCCCCC)C(=O)COCC(=O)N(CCCCCC)CCCCCC,"[22, 24, 27]","[""O(amide_carbonyl)"", ""O(ether)"", ""O(amide_carbonyl)""]",3,8,2,water,water,2,68|CCCCCCCCCCN(CCCCCCCCCC)C(=O)COCC(=O)N(CCCCCC)CCCCCC|water,12,8,acid_class=chloride|acid_strength_bin=high|nitrate_activity=none|pH_bin=missing|diluent_family=aliphatic_hydrocarbon|modifier_class=none|temperature_bin=ambient|contact_time_bin=medium|shaking_time_bin=missing|phase_ratio_bin=missing;acid_class=chloride|acid_strength_bin=low|nitrate_activity=none|pH_bin=missing|diluent_family=aliphatic_hydrocarbon|modifier_class=none|temperature_bin=ambient|contact_time_bin=medium|shaking_time_bin=missing|phase_ratio_bin=missing;acid_class=chloride|acid_strength_bin=medium|nitrate_activity=none|pH_bin=missing|diluent_family=aliphatic_hydrocarbon|modifier_class=none|temperature_bin=ambient|contact_time_bin=medium|shaking_time_bin=missing|phase_ratio_bin=missing;acid_class=chloride|acid_strength_bin=very_high|nitrate_activity=none|pH_bin=missing|diluent_family=aliphatic_hydrocarbon|modifier_class=none|temperature_bin=ambient|contact_time_bin=medium|shaking_time_bin=missing|phase_ratio_bin=missing;acid_class=sulfate|acid_strength_bin=high|nitrate_activity=none|pH_bin=missing|diluent_family=aliphatic_hydrocarbon|modifier_class=none|temperature_bin=ambient|contact_time_bin=medium|shaking_time_bin=missing|phase_ratio_bin=missing,0.1,7.0,25.0,25.0,planned,fill_2x_water,,,
389643f6ef69,,68,Er,3,CCCCCCCCN(CCCCCCCC)C(=O)COCC(=O)N(CCCCCCCC)CCCCCCCC,CCCCCCCCN(CCCCCCCC)C(=O)COCC(=O)N(CCCCCCCC)CCCCCCCC,"[18, 20, 23]","[""O(amide_carbonyl)"", ""O(ether)"", ""O(amide_carbonyl)""]",3,8,2,nitrate,nitrate,2,68|CCCCCCCCN(CCCCCCCC)C(=O)COCC(=O)N(CCCCCCCC)CCCCCCCC|nitrate,33,13,acid_class=nitrate|acid_strength_bin=low|nitrate_activity=low|pH_bin=missing|diluent_family=aliphatic_hydrocarbon|modifier_class=none|temperature_bin=ambient|contact_time_bin=medium|shaking_time_bin=missing|phase_ratio_bin=missing;acid_class=nitrate|acid_strength_bin=low|nitrate_activity=low|pH_bin=missing|diluent_family=aromatic|modifier_class=none|temperature_bin=ambient|contact_time_bin=medium|shaking_time_bin=missing|phase_ratio_bin=missing;acid_class=nitrate|acid_strength_bin=low|nitrate_activity=low|pH_bin=missing|diluent_family=other|modifier_class=none|temperature_bin=ambient|contact_time_bin=missing|shaking_time_bin=medium|phase_ratio_bin=missing;acid_class=nitrate|acid_strength_bin=medium|nitrate_activity=medium|pH_bin=missing|diluent_family=alcohol_modifier|modifier_class=none|temperature_bin=ambient|contact_time_bin=medium|shaking_time_bin=missing|phase_ratio_bin=missing;acid_class=nitrate|acid_strength_bin=medium|nitrate_activity=medium|pH_bin=missing|diluent_family=aliphatic_hydrocarbon|modifier_class=none|temperature_bin=ambient|contact_time_bin=medium|shaking_time_bin=missing|phase_ratio_bin=missing,0.0562341,1.5,20.0,50.0,planned,fill_2x_nitrate,,,
b626912f120c,,70,Yb,3,CCCCCCCCN(CCCCCCCC)C(=O)COCC(=O)N(CCCCCCCC)CCCCCCCC,CCCCCCCCN(CCCCCCCC)C(=O)COCC(=O)N(CCCCCCCC)CCCCCCCC,"[18, 20, 23]","[""O(amide_carbonyl)"", ""O(ether)"", ""O(amide_carbonyl)""]",3,8,2,nitrate,nitrate,2,70|CCCCCCCCN(CCCCCCCC)C(=O)COCC(=O)N(CCCCCCCC)CCCCCCCC|nitrate,25,9,acid_class=nitrate|acid_strength_bin=low|nitrate_activity=low|pH_bin=missing|diluent_family=aliphatic_hydrocarbon|modifier_class=none|temperature_bin=ambient|contact_time_bin=medium|shaking_time_bin=missing|phase_ratio_bin=missing;acid_class=nitrate|acid_strength_bin=low|nitrate_activity=low|pH_bin=missing|diluent_family=aromatic|modifier_class=none|temperature_bin=ambient|contact_time_bin=medium|shaking_time_bin=missing|phase_ratio_bin=missing;acid_class=nitrate|acid_strength_bin=medium|nitrate_activity=medium|pH_bin=missing|diluent_family=alcohol_modifier|modifier_class=none|temperature_bin=ambient|contact_time_bin=medium|shaking_time_bin=missing|phase_ratio_bin=missing;acid_class=nitrate|acid_strength_bin=medium|nitrate_activity=medium|pH_bin=missing|diluent_family=aliphatic_hydrocarbon|modifier_class=none|temperature_bin=ambient|contact_time_bin=medium|shaking_time_bin=missing|phase_ratio_bin=missing;acid_class=nitrate|acid_strength_bin=medium|nitrate_activity=medium|pH_bin=missing|diluent_family=aliphatic_hydrocarbon|modifier_class=none|temperature_bin=ambient|contact_time_bin=short|shaking_time_bin=missing|phase_ratio_bin=missing,0.0562341,1.0,20.0,50.0,planned,fill_2x_nitrate,,,
3ebeca6a53a4,,57,La,3,CCN(CC)C(=O)COCC(=O)N(CC)CC,CCN(CC)C(=O)COCC(=O)N(CC)CC,"[6, 8, 11]","[""O(amide_carbonyl)"", ""O(ether)"", ""O(amide_carbonyl)""]",3,9,3,nitrate,nitrate,0,57|CCN(CC)C(=O)COCC(=O)N(CC)CC|nitrate,6,5,acid_class=nitrate|acid_strength_bin=medium|nitrate_activity=medium|pH_bin=missing|diluent_family=alcohol_modifier|modifier_class=none|temperature_bin=ambient|contact_time_bin=medium|shaking_time_bin=missing|phase_ratio_bin=missing;acid_class=nitrate|acid_strength_bin=medium|nitrate_activity=medium|pH_bin=missing|diluent_family=aliphatic_hydrocarbon|modifier_class=none|temperature_bin=ambient|contact_time_bin=medium|shaking_time_bin=missing|phase_ratio_bin=missing;acid_class=nitrate|acid_strength_bin=medium|nitrate_activity=medium|pH_bin=missing|diluent_family=aromatic|modifier_class=none|temperature_bin=ambient|contact_time_bin=medium|shaking_time_bin=missing|phase_ratio_bin=missing;acid_class=nitrate|acid_strength_bin=medium|nitrate_activity=medium|pH_bin=missing|diluent_family=chlorinated|modifier_class=none|temperature_bin=ambient|contact_time_bin=medium|shaking_time_bin=missing|phase_ratio_bin=missing;acid_class=nitrate|acid_strength_bin=medium|nitrate_activity=medium|pH_bin=missing|diluent_family=other|modifier_class=none|temperature_bin=ambient|contact_time_bin=medium|shaking_time_bin=missing|phase_ratio_bin=missing,0.95,0.95,25.0,25.0,planned,ok,,,
7f484cb99e8d,,58,Ce,3,CCN(CC)C(=O)COCC(=O)N(CC)CC,CCN(CC)C(=O)COCC(=O)N(CC)CC,"[6, 8, 11]","[""O(amide_carbonyl)"", ""O(ether)"", ""O(amide_carbonyl)""]",3,9,3,nitrate,nitrate,0,58|CCN(CC)C(=O)COCC(=O)N(CC)CC|nitrate,6,5,acid_class=nitrate|acid_strength_bin=medium|nitrate_activity=medium|pH_bin=missing|diluent_family=alcohol_modifier|modifier_class=none|temperature_bin=ambient|contact_time_bin=medium|shaking_time_bin=missing|phase_ratio_bin=missing;acid_class=nitrate|acid_strength_bin=medium|nitrate_activity=medium|pH_bin=missing|diluent_family=aliphatic_hydrocarbon|modifier_class=none|temperature_bin=ambient|contact_time_bin=medium|shaking_time_bin=missing|phase_ratio_bin=missing;acid_class=nitrate|acid_strength_bin=medium|nitrate_activity=medium|pH_bin=missing|diluent_family=aromatic|modifier_class=none|temperature_bin=ambient|contact_time_bin=medium|shaking_time_bin=missing|phase_ratio_bin=missing;acid_class=nitrate|acid_strength_bin=medium|nitrate_activity=medium|pH_bin=missing|diluent_family=chlorinated|modifier_class=none|temperature_bin=ambient|contact_time_bin=medium|shaking_time_bin=missing|phase_ratio_bin=missing;acid_class=nitrate|acid_strength_bin=medium|nitrate_activity=medium|pH_bin=missing|diluent_family=other|modifier_class=none|temperature_bin=ambient|contact_time_bin=medium|shaking_time_bin=missing|phase_ratio_bin=missing,0.95,0.95,25.0,25.0,planned,ok,,,
11243c52d348,,59,Pr,3,CCN(CC)C(=O)COCC(=O)N(CC)CC,CCN(CC)C(=O)COCC(=O)N(CC)CC,"[6, 8, 11]","[""O(amide_carbonyl)"", ""O(ether)"", ""O(amide_carbonyl)""]",3,9,3,nitrate,nitrate,0,59|CCN(CC)C(=O)COCC(=O)N(CC)CC|nitrate,6,5,acid_class=nitrate|acid_strength_bin=medium|nitrate_activity=medium|pH_bin=missing|diluent_family=alcohol_modifier|modifier_class=none|temperature_bin=ambient|contact_time_bin=medium|shaking_time_bin=missing|phase_ratio_bin=missing;acid_class=nitrate|acid_strength_bin=medium|nitrate_activity=medium|pH_bin=missing|diluent_family=aliphatic_hydrocarbon|modifier_class=none|temperature_bin=ambient|contact_time_bin=medium|shaking_time_bin=missing|phase_ratio_bin=missing;acid_class=nitrate|acid_strength_bin=medium|nitrate_activity=medium|pH_bin=missing|diluent_family=aromatic|modifier_class=none|temperature_bin=ambient|contact_time_bin=medium|shaking_time_bin=missing|phase_ratio_bin=missing;acid_class=nitrate|acid_strength_bin=medium|nitrate_activity=medium|pH_bin=missing|diluent_family=chlorinated|modifier_class=none|temperature_bin=ambient|contact_time_bin=medium|shaking_time_bin=missing|phase_ratio_bin=missing;acid_class=nitrate|acid_strength_bin=medium|nitrate_activity=medium|pH_bin=missing|diluent_family=other|modifier_class=none|temperature_bin=ambient|contact_time_bin=medium|shaking_time_bin=missing|phase_ratio_bin=missing,0.95,0.95,25.0,25.0,planned,ok,,,
9ae8d8b17a3a,,60,Nd,3,CCN(CC)C(=O)COCC(=O)N(CC)CC,CCN(CC)C(=O)COCC(=O)N(CC)CC,"[6, 8, 11]","[""O(amide_carbonyl)"", ""O(ether)"", ""O(amide_carbonyl)""]",3,9,3,nitrate,nitrate,0,60|CCN(CC)C(=O)COCC(=O)N(CC)CC|nitrate,6,5,acid_class=nitrate|acid_strength_bin=medium|nitrate_activity=medium|pH_bin=missing|diluent_family=alcohol_modifier|modifier_class=none|temperature_bin=ambient|contact_time_bin=medium|shaking_time_bin=missing|phase_ratio_bin=missing;acid_class=nitrate|acid_strength_bin=medium|nitrate_activity=medium|pH_bin=missing|diluent_family=aliphatic_hydrocarbon|modifier_class=none|temperature_bin=ambient|contact_time_bin=medium|shaking_time_bin=missing|phase_ratio_bin=missing;acid_class=nitrate|acid_strength_bin=medium|nitrate_activity=medium|pH_bin=missing|diluent_family=aromatic|modifier_class=none|temperature_bin=ambient|contact_time_bin=medium|shaking_time_bin=missing|phase_ratio_bin=missing;acid_class=nitrate|acid_strength_bin=medium|nitrate_activity=medium|pH_bin=missing|diluent_family=chlorinated|modifier_class=none|temperature_bin=ambient|contact_time_bin=medium|shaking_time_bin=missing|phase_ratio_bin=missing;acid_class=nitrate|acid_strength_bin=medium|nitrate_activity=medium|pH_bin=missing|diluent_family=other|modifier_class=none|temperature_bin=ambient|contact_time_bin=medium|shaking_time_bin=missing|phase_ratio_bin=missing,0.95,0.95,25.0,25.0,planned,ok,,,
d28620aeb924,,62,Sm,3,CCN(CC)C(=O)COCC(=O)N(CC)CC,CCN(CC)C(=O)COCC(=O)N(CC)CC,"[6, 8, 11]","[""O(amide_carbonyl)"", ""O(ether)"", ""O(amide_carbonyl)""]",3,9,3,nitrate,nitrate,0,62|CCN(CC)C(=O)COCC(=O)N(CC)CC|nitrate,6,5,acid_class=nitrate|acid_strength_bin=medium|nitrate_activity=medium|pH_bin=missing|diluent_family=alcohol_modifier|modifier_class=none|temperature_bin=ambient|contact_time_bin=medium|shaking_time_bin=missing|phase_ratio_bin=missing;acid_class=nitrate|acid_strength_bin=medium|nitrate_activity=medium|pH_bin=missing|diluent_family=aliphatic_hydrocarbon|modifier_class=none|temperature_bin=ambient|contact_time_bin=medium|shaking_time_bin=missing|phase_ratio_bin=missing;acid_class=nitrate|acid_strength_bin=medium|nitrate_activity=medium|pH_bin=missing|diluent_family=aromatic|modifier_class=none|temperature_bin=ambient|contact_time_bin=medium|shaking_time_bin=missing|phase_ratio_bin=missing;acid_class=nitrate|acid_strength_bin=medium|nitrate_activity=medium|pH_bin=missing|diluent_family=chlorinated|modifier_class=none|temperature_bin=ambient|contact_time_bin=medium|shaking_time_bin=missing|phase_ratio_bin=missing;acid_class=nitrate|acid_strength_bin=medium|nitrate_activity=medium|pH_bin=missing|diluent_family=other|modifier_class=none|temperature_bin=ambient|contact_time_bin=medium|shaking_time_bin=missing|phase_ratio_bin=missing,0.95,0.95,25.0,25.0,planned,ok,,,
1c6448b96579,,63,Eu,3,CCN(CC)C(=O)COCC(=O)N(CC)CC,CCN(CC)C(=O)COCC(=O)N(CC)CC,"[6, 8, 11]","[""O(amide_carbonyl)"", ""O(ether)"", ""O(amide_carbonyl)""]",3,9,3,nitrate,nitrate,0,63|CCN(CC)C(=O)COCC(=O)N(CC)CC|nitrate,6,5,acid_class=nitrate|acid_strength_bin=medium|nitrate_activity=medium|pH_bin=missing|diluent_family=alcohol_modifier|modifier_class=none|temperature_bin=ambient|contact_time_bin=medium|shaking_time_bin=missing|phase_ratio_bin=missing;acid_class=nitrate|acid_strength_bin=medium|nitrate_activity=medium|pH_bin=missing|diluent_family=aliphatic_hydrocarbon|modifier_class=none|temperature_bin=ambient|contact_time_bin=medium|shaking_time_bin=missing|phase_ratio_bin=missing;acid_class=nitrate|acid_strength_bin=medium|nitrate_activity=medium|pH_bin=missing|diluent_family=aromatic|modifier_class=none|temperature_bin=ambient|contact_time_bin=medium|shaking_time_bin=missing|phase_ratio_bin=missing;acid_class=nitrate|acid_strength_bin=medium|nitrate_activity=medium|pH_bin=missing|diluent_family=chlorinated|modifier_class=none|temperature_bin=ambient|contact_time_bin=medium|shaking_time_bin=missing|phase_ratio_bin=missing;acid_class=nitrate|acid_strength_bin=medium|nitrate_activity=medium|pH_bin=missing|diluent_family=other|modifier_class=none|temperature_bin=ambient|contact_time_bin=medium|shaking_time_bin=missing|phase_ratio_bin=missing,0.95,0.95,25.0,25.0,planned,ok,,,
8016e2df9486,,64,Gd,3,CCN(CC)C(=O)COCC(=O)N(CC)CC,CCN(CC)C(=O)COCC(=O)N(CC)CC,"[6, 8, 11]","[""O(amide_carbonyl)"", ""O(ether)"", ""O(amide_carbonyl)""]",3,9,3,nitrate,nitrate,0,64|CCN(CC)C(=O)COCC(=O)N(CC)CC|nitrate,6,5,acid_class=nitrate|acid_strength_bin=medium|nitrate_activity=medium|pH_bin=missing|diluent_family=alcohol_modifier|modifier_class=none|temperature_bin=ambient|contact_time_bin=medium|shaking_time_bin=missing|phase_ratio_bin=missing;acid_class=nitrate|acid_strength_bin=medium|nitrate_activity=medium|pH_bin=missing|diluent_family=aliphatic_hydrocarbon|modifier_class=none|temperature_bin=ambient|contact_time_bin=medium|shaking_time_bin=missing|phase_ratio_bin=missing;acid_class=nitrate|acid_strength_bin=medium|nitrate_activity=medium|pH_bin=missing|diluent_family=aromatic|modifier_class=none|temperature_bin=ambient|contact_time_bin=medium|shaking_time_bin=missing|phase_ratio_bin=missing;acid_class=nitrate|acid_strength_bin=medium|nitrate_activity=medium|pH_bin=missing|diluent_family=chlorinated|modifier_class=none|temperature_bin=ambient|contact_time_bin=medium|shaking_time_bin=missing|phase_ratio_bin=missing;acid_class=nitrate|acid_strength_bin=medium|nitrate_activity=medium|pH_bin=missing|diluent_family=other|modifier_class=none|temperature_bin=ambient|contact_time_bin=medium|shaking_time_bin=missing|phase_ratio_bin=missing,0.95,0.95,25.0,25.0,planned,ok,,,
120b149e6b53,,65,Tb,3,CCN(CC)C(=O)COCC(=O)N(CC)CC,CCN(CC)C(=O)COCC(=O)N(CC)CC,"[6, 8, 11]","[""O(amide_carbonyl)"", ""O(ether)"", ""O(amide_carbonyl)""]",3,8,2,nitrate,nitrate,2,65|CCN(CC)C(=O)COCC(=O)N(CC)CC|nitrate,6,5,acid_class=nitrate|acid_strength_bin=medium|nitrate_activity=medium|pH_bin=missing|diluent_family=alcohol_modifier|modifier_class=none|temperature_bin=ambient|contact_time_bin=medium|shaking_time_bin=missing|phase_ratio_bin=missing;acid_class=nitrate|acid_strength_bin=medium|nitrate_activity=medium|pH_bin=missing|diluent_family=aliphatic_hydrocarbon|modifier_class=none|temperature_bin=ambient|contact_time_bin=medium|shaking_time_bin=missing|phase_ratio_bin=missing;acid_class=nitrate|acid_strength_bin=medium|nitrate_activity=medium|pH_bin=missing|diluent_family=aromatic|modifier_class=none|temperature_bin=ambient|contact_time_bin=medium|shaking_time_bin=missing|phase_ratio_bin=missing;acid_class=nitrate|acid_strength_bin=medium|nitrate_activity=medium|pH_bin=missing|diluent_family=chlorinated|modifier_class=none|temperature_bin=ambient|contact_time_bin=medium|shaking_time_bin=missing|phase_ratio_bin=missing;acid_class=nitrate|acid_strength_bin=medium|nitrate_activity=medium|pH_bin=missing|diluent_family=other|modifier_class=none|temperature_bin=ambient|contact_time_bin=medium|shaking_time_bin=missing|phase_ratio_bin=missing,0.95,0.95,25.0,25.0,planned,fill_2x_nitrate,,,
5cb8d5f242e0,,66,Dy,3,CCN(CC)C(=O)COCC(=O)N(CC)CC,CCN(CC)C(=O)COCC(=O)N(CC)CC,"[6, 8, 11]","[""O(amide_carbonyl)"", ""O(ether)"", ""O(amide_carbonyl)""]",3,8,2,nitrate,nitrate,2,66|CCN(CC)C(=O)COCC(=O)N(CC)CC|nitrate,6,5,acid_class=nitrate|acid_strength_bin=medium|nitrate_activity=medium|pH_bin=missing|diluent_family=alcohol_modifier|modifier_class=none|temperature_bin=ambient|contact_time_bin=medium|shaking_time_bin=missing|phase_ratio_bin=missing;acid_class=nitrate|acid_strength_bin=medium|nitrate_activity=medium|pH_bin=missing|diluent_family=aliphatic_hydrocarbon|modifier_class=none|temperature_bin=ambient|contact_time_bin=medium|shaking_time_bin=missing|phase_ratio_bin=missing;acid_class=nitrate|acid_strength_bin=medium|nitrate_activity=medium|pH_bin=missing|diluent_family=aromatic|modifier_class=none|temperature_bin=ambient|contact_time_bin=medium|shaking_time_bin=missing|phase_ratio_bin=missing;acid_class=nitrate|acid_strength_bin=medium|nitrate_activity=medium|pH_bin=missing|diluent_family=chlorinated|modifier_class=none|temperature_bin=ambient|contact_time_bin=medium|shaking_time_bin=missing|phase_ratio_bin=missing;acid_class=nitrate|acid_strength_bin=medium|nitrate_activity=medium|pH_bin=missing|diluent_family=other|modifier_class=none|temperature_bin=ambient|contact_time_bin=medium|shaking_time_bin=missing|phase_ratio_bin=missing,0.95,0.95,25.0,25.0,planned,fill_2x_nitrate,,,
0153ed287bb6,,67,Ho,3,CCN(CC)C(=O)COCC(=O)N(CC)CC,CCN(CC)C(=O)COCC(=O)N(CC)CC,"[6, 8, 11]","[""O(amide_carbonyl)"", ""O(ether)"", ""O(amide_carbonyl)""]",3,8,2,nitrate,nitrate,2,67|CCN(CC)C(=O)COCC(=O)N(CC)CC|nitrate,6,5,acid_class=nitrate|acid_strength_bin=medium|nitrate_activity=medium|pH_bin=missing|diluent_family=alcohol_modifier|modifier_class=none|temperature_bin=ambient|contact_time_bin=medium|shaking_time_bin=missing|phase_ratio_bin=missing;acid_class=nitrate|acid_strength_bin=medium|nitrate_activity=medium|pH_bin=missing|diluent_family=aliphatic_hydrocarbon|modifier_class=none|temperature_bin=ambient|contact_time_bin=medium|shaking_time_bin=missing|phase_ratio_bin=missing;acid_class=nitrate|acid_strength_bin=medium|nitrate_activity=medium|pH_bin=missing|diluent_family=aromatic|modifier_class=none|temperature_bin=ambient|contact_time_bin=medium|shaking_time_bin=missing|phase_ratio_bin=missing;acid_class=nitrate|acid_strength_bin=medium|nitrate_activity=medium|pH_bin=missing|diluent_family=chlorinated|modifier_class=none|temperature_bin=ambient|contact_time_bin=medium|shaking_time_bin=missing|phase_ratio_bin=missing;acid_class=nitrate|acid_strength_bin=medium|nitrate_activity=medium|pH_bin=missing|diluent_family=other|modifier_class=none|temperature_bin=ambient|contact_time_bin=medium|shaking_time_bin=missing|phase_ratio_bin=missing,0.95,0.95,25.0,25.0,planned,fill_2x_nitrate,,,
63cc5cb9d9a2,,68,Er,3,CCN(CC)C(=O)COCC(=O)N(CC)CC,CCN(CC)C(=O)COCC(=O)N(CC)CC,"[6, 8, 11]","[""O(amide_carbonyl)"", ""O(ether)"", ""O(amide_carbonyl)""]",3,8,2,nitrate,nitrate,2,68|CCN(CC)C(=O)COCC(=O)N(CC)CC|nitrate,6,5,acid_class=nitrate|acid_strength_bin=medium|nitrate_activity=medium|pH_bin=missing|diluent_family=alcohol_modifier|modifier_class=none|temperature_bin=ambient|contact_time_bin=medium|shaking_time_bin=missing|phase_ratio_bin=missing;acid_class=nitrate|acid_strength_bin=medium|nitrate_activity=medium|pH_bin=missing|diluent_family=aliphatic_hydrocarbon|modifier_class=none|temperature_bin=ambient|contact_time_bin=medium|shaking_time_bin=missing|phase_ratio_bin=missing;acid_class=nitrate|acid_strength_bin=medium|nitrate_activity=medium|pH_bin=missing|diluent_family=aromatic|modifier_class=none|temperature_bin=ambient|contact_time_bin=medium|shaking_time_bin=missing|phase_ratio_bin=missing;acid_class=nitrate|acid_strength_bin=medium|nitrate_activity=medium|pH_bin=missing|diluent_family=chlorinated|modifier_class=none|temperature_bin=ambient|contact_time_bin=medium|shaking_time_bin=missing|phase_ratio_bin=missing;acid_class=nitrate|acid_strength_bin=medium|nitrate_activity=medium|pH_bin=missing|diluent_family=other|modifier_class=none|temperature_bin=ambient|contact_time_bin=medium|shaking_time_bin=missing|phase_ratio_bin=missing,0.95,0.95,25.0,25.0,planned,fill_2x_nitrate,,,
07ab94fa20c7,,69,Tm,3,CCN(CC)C(=O)COCC(=O)N(CC)CC,CCN(CC)C(=O)COCC(=O)N(CC)CC,"[6, 8, 11]","[""O(amide_carbonyl)"", ""O(ether)"", ""O(amide_carbonyl)""]",3,8,2,nitrate,nitrate,2,69|CCN(CC)C(=O)COCC(=O)N(CC)CC|nitrate,6,5,acid_class=nitrate|acid_strength_bin=medium|nitrate_activity=medium|pH_bin=missing|diluent_family=alcohol_modifier|modifier_class=none|temperature_bin=ambient|contact_time_bin=medium|shaking_time_bin=missing|phase_ratio_bin=missing;acid_class=nitrate|acid_strength_bin=medium|nitrate_activity=medium|pH_bin=missing|diluent_family=aliphatic_hydrocarbon|modifier_class=none|temperature_bin=ambient|contact_time_bin=medium|shaking_time_bin=missing|phase_ratio_bin=missing;acid_class=nitrate|acid_strength_bin=medium|nitrate_activity=medium|pH_bin=missing|diluent_family=aromatic|modifier_class=none|temperature_bin=ambient|contact_time_bin=medium|shaking_time_bin=missing|phase_ratio_bin=missing;acid_class=nitrate|acid_strength_bin=medium|nitrate_activity=medium|pH_bin=missing|diluent_family=chlorinated|modifier_class=none|temperature_bin=ambient|contact_time_bin=medium|shaking_time_bin=missing|phase_ratio_bin=missing;acid_class=nitrate|acid_strength_bin=medium|nitrate_activity=medium|pH_bin=missing|diluent_family=other|modifier_class=none|temperature_bin=ambient|contact_time_bin=medium|shaking_time_bin=missing|phase_ratio_bin=missing,0.95,0.95,25.0,25.0,planned,fill_2x_nitrate,,,
98f5735a8ce8,,70,Yb,3,CCN(CC)C(=O)COCC(=O)N(CC)CC,CCN(CC)C(=O)COCC(=O)N(CC)CC,"[6, 8, 11]","[""O(amide_carbonyl)"", ""O(ether)"", ""O(amide_carbonyl)""]",3,8,2,nitrate,nitrate,2,70|CCN(CC)C(=O)COCC(=O)N(CC)CC|nitrate,6,5,acid_class=nitrate|acid_strength_bin=medium|nitrate_activity=medium|pH_bin=missing|diluent_family=alcohol_modifier|modifier_class=none|temperature_bin=ambient|contact_time_bin=medium|shaking_time_bin=missing|phase_ratio_bin=missing;acid_class=nitrate|acid_strength_bin=medium|nitrate_activity=medium|pH_bin=missing|diluent_family=aliphatic_hydrocarbon|modifier_class=none|temperature_bin=ambient|contact_time_bin=medium|shaking_time_bin=missing|phase_ratio_bin=missing;acid_class=nitrate|acid_strength_bin=medium|nitrate_activity=medium|pH_bin=missing|diluent_family=aromatic|modifier_class=none|temperature_bin=ambient|contact_time_bin=medium|shaking_time_bin=missing|phase_ratio_bin=missing;acid_class=nitrate|acid_strength_bin=medium|nitrate_activity=medium|pH_bin=missing|diluent_family=chlorinated|modifier_class=none|temperature_bin=ambient|contact_time_bin=medium|shaking_time_bin=missing|phase_ratio_bin=missing;acid_class=nitrate|acid_strength_bin=medium|nitrate_activity=medium|pH_bin=missing|diluent_family=other|modifier_class=none|temperature_bin=ambient|contact_time_bin=medium|shaking_time_bin=missing|phase_ratio_bin=missing,0.95,0.95,25.0,25.0,planned,fill_2x_nitrate,,,
3bf55ebabec5,,71,Lu,3,CCN(CC)C(=O)COCC(=O)N(CC)CC,CCN(CC)C(=O)COCC(=O)N(CC)CC,"[6, 8, 11]","[""O(amide_carbonyl)"", ""O(ether)"", ""O(amide_carbonyl)""]",3,8,2,nitrate,nitrate,2,71|CCN(CC)C(=O)COCC(=O)N(CC)CC|nitrate,6,5,acid_class=nitrate|acid_strength_bin=medium|nitrate_activity=medium|pH_bin=missing|diluent_family=alcohol_modifier|modifier_class=none|temperature_bin=ambient|contact_time_bin=medium|shaking_time_bin=missing|phase_ratio_bin=missing;acid_class=nitrate|acid_strength_bin=medium|nitrate_activity=medium|pH_bin=missing|diluent_family=aliphatic_hydrocarbon|modifier_class=none|temperature_bin=ambient|contact_time_bin=medium|shaking_time_bin=missing|phase_ratio_bin=missing;acid_class=nitrate|acid_strength_bin=medium|nitrate_activity=medium|pH_bin=missing|diluent_family=aromatic|modifier_class=none|temperature_bin=ambient|contact_time_bin=medium|shaking_time_bin=missing|phase_ratio_bin=missing;acid_class=nitrate|acid_strength_bin=medium|nitrate_activity=medium|pH_bin=missing|diluent_family=chlorinated|modifier_class=none|temperature_bin=ambient|contact_time_bin=medium|shaking_time_bin=missing|phase_ratio_bin=missing;acid_class=nitrate|acid_strength_bin=medium|nitrate_activity=medium|pH_bin=missing|diluent_family=other|modifier_class=none|temperature_bin=ambient|contact_time_bin=medium|shaking_time_bin=missing|phase_ratio_bin=missing,0.95,0.95,25.0,25.0,planned,fill_2x_nitrate,,,
8ef1fca4d9b9,,63,Eu,3,CCCCCCCCN(CCCCCCCC)C(=O)C(C)OC(C)C(=O)N(CCCCCCCC)CCCCCCCC,CCCCCCCCN(CCCCCCCC)C(=O)C(C)OC(C)C(=O)N(CCCCCCCC)CCCCCCCC,"[18, 21, 25]","[""O(amide_carbonyl)"", ""O(ether)"", ""O(amide_carbonyl)""]",3,9,3,water,water,0,63|CCCCCCCCN(CCCCCCCC)C(=O)C(C)OC(C)C(=O)N(CCCCCCCC)CCCCCCCC|water,2,2,acid_class=nitrate|acid_strength_bin=very_low|nitrate_activity=very_low|pH_bin=missing|diluent_family=aliphatic_hydrocarbon|modifier_class=none|temperature_bin=ambient|contact_time_bin=short|shaking_time_bin=missing|phase_ratio_bin=missing;acid_class=nitrate|acid_strength_bin=very_low|nitrate_activity=very_low|pH_bin=missing|diluent_family=other|modifier_class=none|temperature_bin=ambient|contact_time_bin=short|shaking_time_bin=missing|phase_ratio_bin=missing,0.01,0.0113,22.0,22.0,planned,ok,,,
f0368514bd3f,,63,Eu,3,CCCCCCCCN(CCCCCCCC)C(=O)COC(C)C(=O)N(CCCCCCCC)CCCCCCCC,CCCCCCCCN(CCCCCCCC)C(=O)COC(C)C(=O)N(CCCCCCCC)CCCCCCCC,"[18, 20, 24]","[""O(amide_carbonyl)"", ""O(ether)"", ""O(amide_carbonyl)""]",3,9,3,water,water,0,63|CCCCCCCCN(CCCCCCCC)C(=O)COC(C)C(=O)N(CCCCCCCC)CCCCCCCC|water,2,2,acid_class=nitrate|acid_strength_bin=very_low|nitrate_activity=very_low|pH_bin=missing|diluent_family=aliphatic_hydrocarbon|modifier_class=none|temperature_bin=ambient|contact_time_bin=short|shaking_time_bin=missing|phase_ratio_bin=missing;acid_class=nitrate|acid_strength_bin=very_low|nitrate_activity=very_low|pH_bin=missing|diluent_family=other|modifier_class=none|temperature_bin=ambient|contact_time_bin=short|shaking_time_bin=missing|phase_ratio_bin=missing,0.0112304,0.0113,22.0,22.0,planned,ok,,,
7e4821d174f3,,63,Eu,3,CCCCCCCCN(CCCCCCCC)C(=O)COC(C)C(=O)N(CCCCCCCC)CCCCCCCC,CCCCCCCCN(CCCCCCCC)C(=O)COC(C)C(=O)N(CCCCCCCC)CCCCCCCC,"[18, 20, 24]","[""O(amide_carbonyl)"", ""O(ether)"", ""O(amide_carbonyl)""]",3,9,3,nitrate,nitrate,0,63|CCCCCCCCN(CCCCCCCC)C(=O)COC(C)C(=O)N(CCCCCCCC)CCCCCCCC|nitrate,10,6,acid_class=nitrate|acid_strength_bin=high|nitrate_activity=high|pH_bin=missing|diluent_family=aliphatic_hydrocarbon|modifier_class=none|temperature_bin=ambient|contact_time_bin=short|shaking_time_bin=missing|phase_ratio_bin=missing;acid_class=nitrate|acid_strength_bin=high|nitrate_activity=high|pH_bin=missing|diluent_family=other|modifier_class=none|temperature_bin=ambient|contact_time_bin=short|shaking_time_bin=missing|phase_ratio_bin=missing;acid_class=nitrate|acid_strength_bin=low|nitrate_activity=low|pH_bin=missing|diluent_family=aliphatic_hydrocarbon|modifier_class=none|temperature_bin=ambient|contact_time_bin=short|shaking_time_bin=missing|phase_ratio_bin=missing;acid_class=nitrate|acid_strength_bin=low|nitrate_activity=low|pH_bin=missing|diluent_family=other|modifier_class=none|temperature_bin=ambient|contact_time_bin=short|shaking_time_bin=missing|phase_ratio_bin=missing;acid_class=nitrate|acid_strength_bin=medium|nitrate_activity=medium|pH_bin=missing|diluent_family=aliphatic_hydrocarbon|modifier_class=none|temperature_bin=ambient|contact_time_bin=short|shaking_time_bin=missing|phase_ratio_bin=missing,0.108289,4.0133,22.0,22.0,planned,ok,,,
2004891d770f,,63,Eu,3,CCCCCCCCN(CCCCCCCC)C(=O)COC(C(=O)N(CCCCCCCC)CCCCCCCC)c1ccccc1,CCCCCCCCN(CCCCCCCC)C(=O)COC(C(=O)N(CCCCCCCC)CCCCCCCC)c1ccccc1,"[18, 20, 23]","[""O(amide_carbonyl)"", ""O(ether)"", ""O(amide_carbonyl)""]",3,9,3,water,water,0,63|CCCCCCCCN(CCCCCCCC)C(=O)COC(C(=O)N(CCCCCCCC)CCCCCCCC)c1ccccc1|water,2,2,acid_class=nitrate|acid_strength_bin=very_low|nitrate_activity=very_low|pH_bin=missing|diluent_family=aliphatic_hydrocarbon|modifier_class=none|temperature_bin=ambient|contact_time_bin=short|shaking_time_bin=missing|phase_ratio_bin=missing;acid_class=nitrate|acid_strength_bin=very_low|nitrate_activity=very_low|pH_bin=missing|diluent_family=other|modifier_class=none|temperature_bin=ambient|contact_time_bin=short|shaking_time_bin=missing|phase_ratio_bin=missing,0.01,0.0113,22.0,22.0,planned,ok,,,
09167c1368f2,,63,Eu,3,CCCCCCCCN(CCCCCCCC)C(=O)C(C)OC(C(=O)N(CCCCCCCC)CCCCCCCC)c1ccccc1,CCCCCCCCN(CCCCCCCC)C(=O)C(C)OC(C(=O)N(CCCCCCCC)CCCCCCCC)c1ccccc1,"[18, 21, 24]","[""O(amide_carbonyl)"", ""O(ether)"", ""O(amide_carbonyl)""]",3,9,3,water,water,0,63|CCCCCCCCN(CCCCCCCC)C(=O)C(C)OC(C(=O)N(CCCCCCCC)CCCCCCCC)c1ccccc1|water,2,2,acid_class=nitrate|acid_strength_bin=very_low|nitrate_activity=very_low|pH_bin=missing|diluent_family=aliphatic_hydrocarbon|modifier_class=none|temperature_bin=ambient|contact_time_bin=short|shaking_time_bin=missing|phase_ratio_bin=missing;acid_class=nitrate|acid_strength_bin=very_low|nitrate_activity=very_low|pH_bin=missing|diluent_family=other|modifier_class=none|temperature_bin=ambient|contact_time_bin=short|shaking_time_bin=missing|phase_ratio_bin=missing,0.01,0.0113,22.0,22.0,planned,ok,,,
ba4db0bfd97a,,63,Eu,3,CCCCCCCCN(CCCCCCCC)C(=O)COC(C(=O)N(CCCCCCCC)CCCCCCCC)c1ccccc1,CCCCCCCCN(CCCCCCCC)C(=O)COC(C(=O)N(CCCCCCCC)CCCCCCCC)c1ccccc1,"[18, 20, 23]","[""O(amide_carbonyl)"", ""O(ether)"", ""O(amide_carbonyl)""]",3,9,3,nitrate,nitrate,0,63|CCCCCCCCN(CCCCCCCC)C(=O)COC(C(=O)N(CCCCCCCC)CCCCCCCC)c1ccccc1|nitrate,10,6,acid_class=nitrate|acid_strength_bin=high|nitrate_activity=high|pH_bin=missing|diluent_family=aliphatic_hydrocarbon|modifier_class=none|temperature_bin=ambient|contact_time_bin=short|shaking_time_bin=missing|phase_ratio_bin=missing;acid_class=nitrate|acid_strength_bin=high|nitrate_activity=high|pH_bin=missing|diluent_family=other|modifier_class=none|temperature_bin=ambient|contact_time_bin=short|shaking_time_bin=missing|phase_ratio_bin=missing;acid_class=nitrate|acid_strength_bin=low|nitrate_activity=low|pH_bin=missing|diluent_family=aliphatic_hydrocarbon|modifier_class=none|temperature_bin=ambient|contact_time_bin=short|shaking_time_bin=missing|phase_ratio_bin=missing;acid_class=nitrate|acid_strength_bin=low|nitrate_activity=low|pH_bin=missing|diluent_family=other|modifier_class=none|temperature_bin=ambient|contact_time_bin=short|shaking_time_bin=missing|phase_ratio_bin=missing;acid_class=nitrate|acid_strength_bin=medium|nitrate_activity=medium|pH_bin=missing|diluent_family=aliphatic_hydrocarbon|modifier_class=none|temperature_bin=ambient|contact_time_bin=short|shaking_time_bin=missing|phase_ratio_bin=missing,0.1,4.0133,22.0,22.0,planned,ok,,,
5a7b8d4059f6,,63,Eu,3,CCCCCCCCN(CCCCCCCC)C(=O)C(C)OC(C(=O)N(CCCCCCCC)CCCCCCCC)c1ccccc1,CCCCCCCCN(CCCCCCCC)C(=O)C(C)OC(C(=O)N(CCCCCCCC)CCCCCCCC)c1ccccc1,"[18, 21, 24]","[""O(amide_carbonyl)"", ""O(ether)"", ""O(amide_carbonyl)""]",3,9,3,nitrate,nitrate,0,63|CCCCCCCCN(CCCCCCCC)C(=O)C(C)OC(C(=O)N(CCCCCCCC)CCCCCCCC)c1ccccc1|nitrate,10,6,acid_class=nitrate|acid_strength_bin=high|nitrate_activity=high|pH_bin=missing|diluent_family=aliphatic_hydrocarbon|modifier_class=none|temperature_bin=ambient|contact_time_bin=short|shaking_time_bin=missing|phase_ratio_bin=missing;acid_class=nitrate|acid_strength_bin=high|nitrate_activity=high|pH_bin=missing|diluent_family=other|modifier_class=none|temperature_bin=ambient|contact_time_bin=short|shaking_time_bin=missing|phase_ratio_bin=missing;acid_class=nitrate|acid_strength_bin=low|nitrate_activity=low|pH_bin=missing|diluent_family=aliphatic_hydrocarbon|modifier_class=none|temperature_bin=ambient|contact_time_bin=short|shaking_time_bin=missing|phase_ratio_bin=missing;acid_class=nitrate|acid_strength_bin=low|nitrate_activity=low|pH_bin=missing|diluent_family=other|modifier_class=none|temperature_bin=ambient|contact_time_bin=short|shaking_time_bin=missing|phase_ratio_bin=missing;acid_class=nitrate|acid_strength_bin=medium|nitrate_activity=medium|pH_bin=missing|diluent_family=aliphatic_hydrocarbon|modifier_class=none|temperature_bin=ambient|contact_time_bin=short|shaking_time_bin=missing|phase_ratio_bin=missing,0.1,4.0133,22.0,22.0,planned,ok,,,
c52cf9b12c74,,63,Eu,3,CCCCCCCCN(CCCCCCCC)C(=O)C1CCC(C(=O)N(CCCCCCCC)CCCCCCCC)O1,CCCCCCCCN(CCCCCCCC)C(=O)C1CCC(C(=O)N(CCCCCCCC)CCCCCCCC)O1,"[18, 24, 42]","[""O(amide_carbonyl)"", ""O(amide_carbonyl)"", ""O(ether)""]",3,9,3,water,water,0,63|CCCCCCCCN(CCCCCCCC)C(=O)C1CCC(C(=O)N(CCCCCCCC)CCCCCCCC)O1|water,1,1,acid_class=nitrate|acid_strength_bin=very_low|nitrate_activity=very_low|pH_bin=missing|diluent_family=other|modifier_class=none|temperature_bin=ambient|contact_time_bin=medium|shaking_time_bin=missing|phase_ratio_bin=missing,0.0112497,0.0112497,22.0,22.0,planned,ok,,,
5239bc4153d8,,63,Eu,3,CCCCCCCCN(CCCCCCCC)C(=O)C1CCC(C(=O)N(CCCCCCCC)CCCCCCCC)O1,CCCCCCCCN(CCCCCCCC)C(=O)C1CCC(C(=O)N(CCCCCCCC)CCCCCCCC)O1,"[18, 24, 42]","[""O(amide_carbonyl)"", ""O(amide_carbonyl)"", ""O(ether)""]",3,9,3,nitrate,nitrate,0,63|CCCCCCCCN(CCCCCCCC)C(=O)C1CCC(C(=O)N(CCCCCCCC)CCCCCCCC)O1|nitrate,4,3,acid_class=nitrate|acid_strength_bin=high|nitrate_activity=high|pH_bin=missing|diluent_family=other|modifier_class=none|temperature_bin=ambient|contact_time_bin=medium|shaking_time_bin=missing|phase_ratio_bin=missing;acid_class=nitrate|acid_strength_bin=low|nitrate_activity=low|pH_bin=missing|diluent_family=other|modifier_class=none|temperature_bin=ambient|contact_time_bin=medium|shaking_time_bin=missing|phase_ratio_bin=missing;acid_class=nitrate|acid_strength_bin=medium|nitrate_activity=medium|pH_bin=missing|diluent_family=other|modifier_class=none|temperature_bin=ambient|contact_time_bin=medium|shaking_time_bin=missing|phase_ratio_bin=missing,0.102088,4.01284,22.0,22.0,planned,ok,,,
b50df1b297d6,,63,Eu,3,CCCCC(CC)CN(CC(CC)CCCC)C(=O)CN(CC(=O)N(CC(CC)CCCC)CC(CC)CCCC)CC(=O)N(CC(CC)CCCC)CC(CC)CCCC,CCCCC(CC)CN(CC(CC)CCCC)C(=O)CN(CC(=O)N(CC(CC)CCCC)CC(CC)CCCC)CC(=O)N(CC(CC)CCCC)CC(CC)CCCC,"[18, 20, 23, 43]","[""O(amide_carbonyl)"", ""N(amine)"", ""O(amide_carbonyl)"", ""O(amide_carbonyl)""]",4,9,2,water,water,1,63|CCCCC(CC)CN(CC(CC)CCCC)C(=O)CN(CC(=O)N(CC(CC)CCCC)CC(CC)CCCC)CC(=O)N(CC(CC)CCCC)CC(CC)CCCC|water,2,2,acid_class=nitrate|acid_strength_bin=very_low|nitrate_activity=very_low|pH_bin=missing|diluent_family=aliphatic_hydrocarbon|modifier_class=none|temperature_bin=ambient|contact_time_bin=short|shaking_time_bin=missing|phase_ratio_bin=missing;acid_class=nitrate|acid_strength_bin=very_low|nitrate_activity=very_low|pH_bin=missing|diluent_family=other|modifier_class=none|temperature_bin=ambient|contact_time_bin=short|shaking_time_bin=missing|phase_ratio_bin=missing,0.0112411,0.0113,22.0,22.0,planned,fill_5x_water,,,
bf9e03e12455,,63,Eu,3,CCCCC(CC)CN(CC(CC)CCCC)C(=O)CN(CC(=O)N(CC(CC)CCCC)CC(CC)CCCC)CC(=O)N(CC(CC)CCCC)CC(CC)CCCC,CCCCC(CC)CN(CC(CC)CCCC)C(=O)CN(CC(=O)N(CC(CC)CCCC)CC(CC)CCCC)CC(=O)N(CC(CC)CCCC)CC(CC)CCCC,"[18, 20, 23, 43]","[""O(amide_carbonyl)"", ""N(amine)"", ""O(amide_carbonyl)"", ""O(amide_carbonyl)""]",4,9,2,nitrate,nitrate,1,63|CCCCC(CC)CN(CC(CC)CCCC)C(=O)CN(CC(=O)N(CC(CC)CCCC)CC(CC)CCCC)CC(=O)N(CC(CC)CCCC)CC(CC)CCCC|nitrate,10,6,acid_class=nitrate|acid_strength_bin=high|nitrate_activity=high|pH_bin=missing|diluent_family=aliphatic_hydrocarbon|modifier_class=none|temperature_bin=ambient|contact_time_bin=short|shaking_time_bin=missing|phase_ratio_bin=missing;acid_class=nitrate|acid_strength_bin=high|nitrate_activity=high|pH_bin=missing|diluent_family=other|modifier_class=none|temperature_bin=ambient|contact_time_bin=short|shaking_time_bin=missing|phase_ratio_bin=missing;acid_class=nitrate|acid_strength_bin=low|nitrate_activity=low|pH_bin=missing|diluent_family=aliphatic_hydrocarbon|modifier_class=none|temperature_bin=ambient|contact_time_bin=short|shaking_time_bin=missing|phase_ratio_bin=missing;acid_class=nitrate|acid_strength_bin=low|nitrate_activity=low|pH_bin=missing|diluent_family=other|modifier_class=none|temperature_bin=ambient|contact_time_bin=short|shaking_time_bin=missing|phase_ratio_bin=missing;acid_class=nitrate|acid_strength_bin=medium|nitrate_activity=medium|pH_bin=missing|diluent_family=aliphatic_hydrocarbon|modifier_class=none|temperature_bin=ambient|contact_time_bin=short|shaking_time_bin=missing|phase_ratio_bin=missing,0.108112,4.0133,22.0,22.0,planned,fill_5x_nitrate,,,
6be1220425fa,,63,Eu,3,CCCCCCCCCCN(CCCCCCCCCC)C(=O)COCC(=O)N(CCCCCCCCCC)CCCCCCCCCC,CCCCCCCCCCN(CCCCCCCCCC)C(=O)COCC(=O)N(CCCCCCCCCC)CCCCCCCCCC,"[22, 24, 27]","[""O(amide_carbonyl)"", ""O(ether)"", ""O(amide_carbonyl)""]",3,9,3,nitrate,nitrate,0,63|CCCCCCCCCCN(CCCCCCCCCC)C(=O)COCC(=O)N(CCCCCCCCCC)CCCCCCCCCC|nitrate,5,5,acid_class=nitrate|acid_strength_bin=medium|nitrate_activity=medium|pH_bin=missing|diluent_family=aliphatic_hydrocarbon|modifier_class=none|temperature_bin=ambient|contact_time_bin=medium|shaking_time_bin=missing|phase_ratio_bin=missing;acid_class=nitrate|acid_strength_bin=medium|nitrate_activity=medium|pH_bin=missing|diluent_family=aromatic|modifier_class=none|temperature_bin=ambient|contact_time_bin=medium|shaking_time_bin=missing|phase_ratio_bin=missing;acid_class=nitrate|acid_strength_bin=medium|nitrate_activity=medium|pH_bin=missing|diluent_family=aromatic|modifier_class=none|temperature_bin=ambient|contact_time_bin=missing|shaking_time_bin=missing|phase_ratio_bin=missing;acid_class=nitrate|acid_strength_bin=medium|nitrate_activity=medium|pH_bin=missing|diluent_family=chlorinated|modifier_class=none|temperature_bin=ambient|contact_time_bin=medium|shaking_time_bin=missing|phase_ratio_bin=missing;acid_class=nitrate|acid_strength_bin=medium|nitrate_activity=medium|pH_bin=missing|diluent_family=other|modifier_class=none|temperature_bin=ambient|contact_time_bin=medium|shaking_time_bin=missing|phase_ratio_bin=missing,1.0,1.5,25.0,25.0,planned,ok,,,
2bb8a487a3df,,58,Ce,3,CCCCCCCCN(CCCCCCCC)C(=O)COCC(=O)N(CCCCCCCC)CCCCCCCC,CCCCCCCCN(CCCCCCCC)C(=O)COCC(=O)N(CCCCCCCC)CCCCCCCC,"[18, 20, 23]","[""O(amide_carbonyl)"", ""O(ether)"", ""O(amide_carbonyl)""]",3,9,3,water,water,0,58|CCCCCCCCN(CCCCCCCC)C(=O)COCC(=O)N(CCCCCCCC)CCCCCCCC|water,58,13,acid_class=carboxylate|acid_strength_bin=high|nitrate_activity=none|pH_bin=missing|diluent_family=aliphatic_hydrocarbon|modifier_class=none|temperature_bin=ambient|contact_time_bin=medium|shaking_time_bin=missing|phase_ratio_bin=missing;acid_class=carboxylate|acid_strength_bin=medium|nitrate_activity=none|pH_bin=missing|diluent_family=aliphatic_hydrocarbon|modifier_class=none|temperature_bin=ambient|contact_time_bin=medium|shaking_time_bin=missing|phase_ratio_bin=missing;acid_class=chloride|acid_strength_bin=high|nitrate_activity=none|pH_bin=missing|diluent_family=aliphatic_hydrocarbon|modifier_class=none|temperature_bin=ambient|contact_time_bin=medium|shaking_time_bin=missing|phase_ratio_bin=missing;acid_class=chloride|acid_strength_bin=low|nitrate_activity=none|pH_bin=missing|diluent_family=aliphatic_hydrocarbon|modifier_class=none|temperature_bin=ambient|contact_time_bin=medium|shaking_time_bin=missing|phase_ratio_bin=missing;acid_class=chloride|acid_strength_bin=medium|nitrate_activity=none|pH_bin=missing|diluent_family=aliphatic_hydrocarbon|modifier_class=none|temperature_bin=ambient|contact_time_bin=medium|shaking_time_bin=missing|phase_ratio_bin=missing,0.00933254,7.0,20.0,25.0,planned,ok,,,
7969957ddddb,,68,Er,3,CCCCCCCCN(CCCCCCCC)C(=O)COCC(=O)N(CCCCCCCC)CCCCCCCC,CCCCCCCCN(CCCCCCCC)C(=O)COCC(=O)N(CCCCCCCC)CCCCCCCC,"[18, 20, 23]","[""O(amide_carbonyl)"", ""O(ether)"", ""O(amide_carbonyl)""]",3,8,2,water,water,2,68|CCCCCCCCN(CCCCCCCC)C(=O)COCC(=O)N(CCCCCCCC)CCCCCCCC|water,42,9,acid_class=carboxylate|acid_strength_bin=high|nitrate_activity=none|pH_bin=missing|diluent_family=aliphatic_hydrocarbon|modifier_class=none|temperature_bin=ambient|contact_time_bin=medium|shaking_time_bin=missing|phase_ratio_bin=missing;acid_class=carboxylate|acid_strength_bin=medium|nitrate_activity=none|pH_bin=missing|diluent_family=aliphatic_hydrocarbon|modifier_class=none|temperature_bin=ambient|contact_time_bin=medium|shaking_time_bin=missing|phase_ratio_bin=missing;acid_class=chloride|acid_strength_bin=high|nitrate_activity=none|pH_bin=missing|diluent_family=aliphatic_hydrocarbon|modifier_class=none|temperature_bin=ambient|contact_time_bin=medium|shaking_time_bin=missing|phase_ratio_bin=missing;acid_class=chloride|acid_strength_bin=low|nitrate_activity=none|pH_bin=missing|diluent_family=aliphatic_hydrocarbon|modifier_class=none|temperature_bin=ambient|contact_time_bin=medium|shaking_time_bin=missing|phase_ratio_bin=missing;acid_class=chloride|acid_strength_bin=medium|nitrate_activity=none|pH_bin=missing|diluent_family=aliphatic_hydrocarbon|modifier_class=none|temperature_bin=ambient|contact_time_bin=medium|shaking_time_bin=missing|phase_ratio_bin=missing,0.00933254,5.0,20.0,25.0,planned,fill_2x_water,,,
02b82eed2591,,66,Dy,3,CCCCCCCCN(CCCCCCCC)C(=O)COCC(=O)N(CCCCCCCC)CCCCCCCC,CCCCCCCCN(CCCCCCCC)C(=O)COCC(=O)N(CCCCCCCC)CCCCCCCC,"[18, 20, 23]","[""O(amide_carbonyl)"", ""O(ether)"", ""O(amide_carbonyl)""]",3,8,2,water,water,2,66|CCCCCCCCN(CCCCCCCC)C(=O)COCC(=O)N(CCCCCCCC)CCCCCCCC|water,42,9,acid_class=carboxylate|acid_strength_bin=high|nitrate_activity=none|pH_bin=missing|diluent_family=aliphatic_hydrocarbon|modifier_class=none|temperature_bin=ambient|contact_time_bin=medium|shaking_time_bin=missing|phase_ratio_bin=missing;acid_class=carboxylate|acid_strength_bin=medium|nitrate_activity=none|pH_bin=missing|diluent_family=aliphatic_hydrocarbon|modifier_class=none|temperature_bin=ambient|contact_time_bin=medium|shaking_time_bin=missing|phase_ratio_bin=missing;acid_class=chloride|acid_strength_bin=high|nitrate_activity=none|pH_bin=missing|diluent_family=aliphatic_hydrocarbon|modifier_class=none|temperature_bin=ambient|contact_time_bin=medium|shaking_time_bin=missing|phase_ratio_bin=missing;acid_class=chloride|acid_strength_bin=low|nitrate_activity=none|pH_bin=missing|diluent_family=aliphatic_hydrocarbon|modifier_class=none|temperature_bin=ambient|contact_time_bin=medium|shaking_time_bin=missing|phase_ratio_bin=missing;acid_class=chloride|acid_strength_bin=medium|nitrate_activity=none|pH_bin=missing|diluent_family=aliphatic_hydrocarbon|modifier_class=none|temperature_bin=ambient|contact_time_bin=medium|shaking_time_bin=missing|phase_ratio_bin=missing,0.00933254,5.0,20.0,25.0,planned,fill_2x_water,,,
9060a51020d0,,64,Gd,3,CCCCCCCCN(CCCCCCCC)C(=O)COCC(=O)N(CCCCCCCC)CCCCCCCC,CCCCCCCCN(CCCCCCCC)C(=O)COCC(=O)N(CCCCCCCC)CCCCCCCC,"[18, 20, 23]","[""O(amide_carbonyl)"", ""O(ether)"", ""O(amide_carbonyl)""]",3,9,3,water,water,0,64|CCCCCCCCN(CCCCCCCC)C(=O)COCC(=O)N(CCCCCCCC)CCCCCCCC|water,47,9,acid_class=carboxylate|acid_strength_bin=high|nitrate_activity=none|pH_bin=missing|diluent_family=aliphatic_hydrocarbon|modifier_class=none|temperature_bin=ambient|contact_time_bin=medium|shaking_time_bin=missing|phase_ratio_bin=missing;acid_class=carboxylate|acid_strength_bin=medium|nitrate_activity=none|pH_bin=missing|diluent_family=aliphatic_hydrocarbon|modifier_class=none|temperature_bin=ambient|contact_time_bin=medium|shaking_time_bin=missing|phase_ratio_bin=missing;acid_class=chloride|acid_strength_bin=high|nitrate_activity=none|pH_bin=missing|diluent_family=aliphatic_hydrocarbon|modifier_class=none|temperature_bin=ambient|contact_time_bin=medium|shaking_time_bin=missing|phase_ratio_bin=missing;acid_class=chloride|acid_strength_bin=low|nitrate_activity=none|pH_bin=missing|diluent_family=aliphatic_hydrocarbon|modifier_class=none|temperature_bin=ambient|contact_time_bin=medium|shaking_time_bin=missing|phase_ratio_bin=missing;acid_class=chloride|acid_strength_bin=medium|nitrate_activity=none|pH_bin=missing|diluent_family=aliphatic_hydrocarbon|modifier_class=none|temperature_bin=ambient|contact_time_bin=medium|shaking_time_bin=missing|phase_ratio_bin=missing,0.00933254,5.0,20.0,25.0,planned,ok,,,
44a23e6db33b,,67,Ho,3,CCCCCCCCN(CCCCCCCC)C(=O)COCC(=O)N(CCCCCCCC)CCCCCCCC,CCCCCCCCN(CCCCCCCC)C(=O)COCC(=O)N(CCCCCCCC)CCCCCCCC,"[18, 20, 23]","[""O(amide_carbonyl)"", ""O(ether)"", ""O(amide_carbonyl)""]",3,8,2,water,water,2,67|CCCCCCCCN(CCCCCCCC)C(=O)COCC(=O)N(CCCCCCCC)CCCCCCCC|water,42,9,acid_class=carboxylate|acid_strength_bin=high|nitrate_activity=none|pH_bin=missing|diluent_family=aliphatic_hydrocarbon|modifier_class=none|temperature_bin=ambient|contact_time_bin=medium|shaking_time_bin=missing|phase_ratio_bin=missing;acid_class=carboxylate|acid_strength_bin=medium|nitrate_activity=none|pH_bin=missing|diluent_family=aliphatic_hydrocarbon|modifier_class=none|temperature_bin=ambient|contact_time_bin=medium|shaking_time_bin=missing|phase_ratio_bin=missing;acid_class=chloride|acid_strength_bin=high|nitrate_activity=none|pH_bin=missing|diluent_family=aliphatic_hydrocarbon|modifier_class=none|temperature_bin=ambient|contact_time_bin=medium|shaking_time_bin=missing|phase_ratio_bin=missing;acid_class=chloride|acid_strength_bin=low|nitrate_activity=none|pH_bin=missing|diluent_family=aliphatic_hydrocarbon|modifier_class=none|temperature_bin=ambient|contact_time_bin=medium|shaking_time_bin=missing|phase_ratio_bin=missing;acid_class=chloride|acid_strength_bin=medium|nitrate_activity=none|pH_bin=missing|diluent_family=aliphatic_hydrocarbon|modifier_class=none|temperature_bin=ambient|contact_time_bin=medium|shaking_time_bin=missing|phase_ratio_bin=missing,0.00933254,5.0,20.0,25.0,planned,fill_2x_water,,,
cac084a0d563,,57,La,3,CCCCCCCCN(CCCCCCCC)C(=O)COCC(=O)N(CCCCCCCC)CCCCCCCC,CCCCCCCCN(CCCCCCCC)C(=O)COCC(=O)N(CCCCCCCC)CCCCCCCC,"[18, 20, 23]","[""O(amide_carbonyl)"", ""O(ether)"", ""O(amide_carbonyl)""]",3,9,3,water,water,0,57|CCCCCCCCN(CCCCCCCC)C(=O)COCC(=O)N(CCCCCCCC)CCCCCCCC|water,51,11,acid_class=carboxylate|acid_strength_bin=high|nitrate_activity=none|pH_bin=missing|diluent_family=aliphatic_hydrocarbon|modifier_class=none|temperature_bin=ambient|contact_time_bin=medium|shaking_time_bin=missing|phase_ratio_bin=missing;acid_class=carboxylate|acid_strength_bin=medium|nitrate_activity=none|pH_bin=missing|diluent_family=aliphatic_hydrocarbon|modifier_class=none|temperature_bin=ambient|contact_time_bin=medium|shaking_time_bin=missing|phase_ratio_bin=missing;acid_class=chloride|acid_strength_bin=high|nitrate_activity=none|pH_bin=missing|diluent_family=aliphatic_hydrocarbon|modifier_class=none|temperature_bin=ambient|contact_time_bin=medium|shaking_time_bin=missing|phase_ratio_bin=missing;acid_class=chloride|acid_strength_bin=low|nitrate_activity=none|pH_bin=missing|diluent_family=aliphatic_hydrocarbon|modifier_class=none|temperature_bin=ambient|contact_time_bin=medium|shaking_time_bin=missing|phase_ratio_bin=missing;acid_class=chloride|acid_strength_bin=medium|nitrate_activity=none|pH_bin=missing|diluent_family=aliphatic_hydrocarbon|modifier_class=none|temperature_bin=ambient|contact_time_bin=medium|shaking_time_bin=missing|phase_ratio_bin=missing,0.00933254,6.0,20.0,25.0,planned,ok,,,
eed9dc5fbef3,,71,Lu,3,CCCCCCCCN(CCCCCCCC)C(=O)COCC(=O)N(CCCCCCCC)CCCCCCCC,CCCCCCCCN(CCCCCCCC)C(=O)COCC(=O)N(CCCCCCCC)CCCCCCCC,"[18, 20, 23]","[""O(amide_carbonyl)"", ""O(ether)"", ""O(amide_carbonyl)""]",3,8,2,water,water,2,71|CCCCCCCCN(CCCCCCCC)C(=O)COCC(=O)N(CCCCCCCC)CCCCCCCC|water,43,9,acid_class=carboxylate|acid_strength_bin=high|nitrate_activity=none|pH_bin=missing|diluent_family=aliphatic_hydrocarbon|modifier_class=none|temperature_bin=ambient|contact_time_bin=medium|shaking_time_bin=missing|phase_ratio_bin=missing;acid_class=carboxylate|acid_strength_bin=medium|nitrate_activity=none|pH_bin=missing|diluent_family=aliphatic_hydrocarbon|modifier_class=none|temperature_bin=ambient|contact_time_bin=medium|shaking_time_bin=missing|phase_ratio_bin=missing;acid_class=chloride|acid_strength_bin=high|nitrate_activity=none|pH_bin=missing|diluent_family=aliphatic_hydrocarbon|modifier_class=none|temperature_bin=ambient|contact_time_bin=medium|shaking_time_bin=missing|phase_ratio_bin=missing;acid_class=chloride|acid_strength_bin=low|nitrate_activity=none|pH_bin=missing|diluent_family=aliphatic_hydrocarbon|modifier_class=none|temperature_bin=ambient|contact_time_bin=medium|shaking_time_bin=missing|phase_ratio_bin=missing;acid_class=chloride|acid_strength_bin=medium|nitrate_activity=none|pH_bin=missing|diluent_family=aliphatic_hydrocarbon|modifier_class=none|temperature_bin=ambient|contact_time_bin=medium|shaking_time_bin=missing|phase_ratio_bin=missing,0.00933254,5.0,20.0,25.0,planned,fill_2x_water,,,
32566dc9a831,,62,Sm,3,CCCCCCCCN(CCCCCCCC)C(=O)COCC(=O)N(CCCCCCCC)CCCCCCCC,CCCCCCCCN(CCCCCCCC)C(=O)COCC(=O)N(CCCCCCCC)CCCCCCCC,"[18, 20, 23]","[""O(amide_carbonyl)"", ""O(ether)"", ""O(amide_carbonyl)""]",3,9,3,water,water,0,62|CCCCCCCCN(CCCCCCCC)C(=O)COCC(=O)N(CCCCCCCC)CCCCCCCC|water,38,9,acid_class=carboxylate|acid_strength_bin=high|nitrate_activity=none|pH_bin=missing|diluent_family=aliphatic_hydrocarbon|modifier_class=none|temperature_bin=ambient|contact_time_bin=medium|shaking_time_bin=missing|phase_ratio_bin=missing;acid_class=carboxylate|acid_strength_bin=medium|nitrate_activity=none|pH_bin=missing|diluent_family=aliphatic_hydrocarbon|modifier_class=none|temperature_bin=ambient|contact_time_bin=medium|shaking_time_bin=missing|phase_ratio_bin=missing;acid_class=chloride|acid_strength_bin=high|nitrate_activity=none|pH_bin=missing|diluent_family=aliphatic_hydrocarbon|modifier_class=none|temperature_bin=ambient|contact_time_bin=medium|shaking_time_bin=missing|phase_ratio_bin=missing;acid_class=chloride|acid_strength_bin=low|nitrate_activity=none|pH_bin=missing|diluent_family=aliphatic_hydrocarbon|modifier_class=none|temperature_bin=ambient|contact_time_bin=medium|shaking_time_bin=missing|phase_ratio_bin=missing;acid_class=chloride|acid_strength_bin=medium|nitrate_activity=none|pH_bin=missing|diluent_family=aliphatic_hydrocarbon|modifier_class=none|temperature_bin=ambient|contact_time_bin=medium|shaking_time_bin=missing|phase_ratio_bin=missing,0.00933254,5.0,20.0,25.0,planned,ok,,,
16686414c510,,65,Tb,3,CCCCCCCCN(CCCCCCCC)C(=O)COCC(=O)N(CCCCCCCC)CCCCCCCC,CCCCCCCCN(CCCCCCCC)C(=O)COCC(=O)N(CCCCCCCC)CCCCCCCC,"[18, 20, 23]","[""O(amide_carbonyl)"", ""O(ether)"", ""O(amide_carbonyl)""]",3,8,2,water,water,2,65|CCCCCCCCN(CCCCCCCC)C(=O)COCC(=O)N(CCCCCCCC)CCCCCCCC|water,43,9,acid_class=carboxylate|acid_strength_bin=high|nitrate_activity=none|pH_bin=missing|diluent_family=aliphatic_hydrocarbon|modifier_class=none|temperature_bin=ambient|contact_time_bin=medium|shaking_time_bin=missing|phase_ratio_bin=missing;acid_class=carboxylate|acid_strength_bin=medium|nitrate_activity=none|pH_bin=missing|diluent_family=aliphatic_hydrocarbon|modifier_class=none|temperature_bin=ambient|contact_time_bin=medium|shaking_time_bin=missing|phase_ratio_bin=missing;acid_class=chloride|acid_strength_bin=high|nitrate_activity=none|pH_bin=missing|diluent_family=aliphatic_hydrocarbon|modifier_class=none|temperature_bin=ambient|contact_time_bin=medium|shaking_time_bin=missing|phase_ratio_bin=missing;acid_class=chloride|acid_strength_bin=low|nitrate_activity=none|pH_bin=missing|diluent_family=aliphatic_hydrocarbon|modifier_class=none|temperature_bin=ambient|contact_time_bin=medium|shaking_time_bin=missing|phase_ratio_bin=missing;acid_class=chloride|acid_strength_bin=medium|nitrate_activity=none|pH_bin=missing|diluent_family=aliphatic_hydrocarbon|modifier_class=none|temperature_bin=ambient|contact_time_bin=medium|shaking_time_bin=missing|phase_ratio_bin=missing,0.00933254,5.0,20.0,25.0,planned,fill_2x_water,,,
6f2b8ea84d8f,,69,Tm,3,CCCCCCCCN(CCCCCCCC)C(=O)COCC(=O)N(CCCCCCCC)CCCCCCCC,CCCCCCCCN(CCCCCCCC)C(=O)COCC(=O)N(CCCCCCCC)CCCCCCCC,"[18, 20, 23]","[""O(amide_carbonyl)"", ""O(ether)"", ""O(amide_carbonyl)""]",3,8,2,water,water,2,69|CCCCCCCCN(CCCCCCCC)C(=O)COCC(=O)N(CCCCCCCC)CCCCCCCC|water,42,9,acid_class=carboxylate|acid_strength_bin=high|nitrate_activity=none|pH_bin=missing|diluent_family=aliphatic_hydrocarbon|modifier_class=none|temperature_bin=ambient|contact_time_bin=medium|shaking_time_bin=missing|phase_ratio_bin=missing;acid_class=carboxylate|acid_strength_bin=medium|nitrate_activity=none|pH_bin=missing|diluent_family=aliphatic_hydrocarbon|modifier_class=none|temperature_bin=ambient|contact_time_bin=medium|shaking_time_bin=missing|phase_ratio_bin=missing;acid_class=chloride|acid_strength_bin=high|nitrate_activity=none|pH_bin=missing|diluent_family=aliphatic_hydrocarbon|modifier_class=none|temperature_bin=ambient|contact_time_bin=medium|shaking_time_bin=missing|phase_ratio_bin=missing;acid_class=chloride|acid_strength_bin=low|nitrate_activity=none|pH_bin=missing|diluent_family=aliphatic_hydrocarbon|modifier_class=none|temperature_bin=ambient|contact_time_bin=medium|shaking_time_bin=missing|phase_ratio_bin=missing;acid_class=chloride|acid_strength_bin=medium|nitrate_activity=none|pH_bin=missing|diluent_family=aliphatic_hydrocarbon|modifier_class=none|temperature_bin=ambient|contact_time_bin=medium|shaking_time_bin=missing|phase_ratio_bin=missing,0.00933254,5.0,20.0,25.0,planned,fill_2x_water,,,
64d6f07f057c,,70,Yb,3,CCCCCCCCN(CCCCCCCC)C(=O)COCC(=O)N(CCCCCCCC)CCCCCCCC,CCCCCCCCN(CCCCCCCC)C(=O)COCC(=O)N(CCCCCCCC)CCCCCCCC,"[18, 20, 23]","[""O(amide_carbonyl)"", ""O(ether)"", ""O(amide_carbonyl)""]",3,8,2,water,water,2,70|CCCCCCCCN(CCCCCCCC)C(=O)COCC(=O)N(CCCCCCCC)CCCCCCCC|water,41,8,acid_class=carboxylate|acid_strength_bin=high|nitrate_activity=none|pH_bin=missing|diluent_family=aliphatic_hydrocarbon|modifier_class=none|temperature_bin=ambient|contact_time_bin=medium|shaking_time_bin=missing|phase_ratio_bin=missing;acid_class=carboxylate|acid_strength_bin=medium|nitrate_activity=none|pH_bin=missing|diluent_family=aliphatic_hydrocarbon|modifier_class=none|temperature_bin=ambient|contact_time_bin=medium|shaking_time_bin=missing|phase_ratio_bin=missing;acid_class=chloride|acid_strength_bin=high|nitrate_activity=none|pH_bin=missing|diluent_family=aliphatic_hydrocarbon|modifier_class=none|temperature_bin=ambient|contact_time_bin=medium|shaking_time_bin=missing|phase_ratio_bin=missing;acid_class=chloride|acid_strength_bin=low|nitrate_activity=none|pH_bin=missing|diluent_family=aliphatic_hydrocarbon|modifier_class=none|temperature_bin=ambient|contact_time_bin=medium|shaking_time_bin=missing|phase_ratio_bin=missing;acid_class=chloride|acid_strength_bin=medium|nitrate_activity=none|pH_bin=missing|diluent_family=aliphatic_hydrocarbon|modifier_class=none|temperature_bin=ambient|contact_time_bin=medium|shaking_time_bin=missing|phase_ratio_bin=missing,0.00933254,5.0,20.0,25.0,planned,fill_2x_water,,,
4bb9a121aefd,,57,La,3,CCCCCCCCCCCCN(CCCCCCCCCCCC)C(=O)COCC(=O)N(CCCCCCCCCCCC)CCCCCCCCCCCC,CCCCCCCCCCCCN(CCCCCCCCCCCC)C(=O)COCC(=O)N(CCCCCCCCCCCC)CCCCCCCCCCCC,"[26, 28, 31]","[""O(amide_carbonyl)"", ""O(ether)"", ""O(amide_carbonyl)""]",3,9,3,nitrate,nitrate,0,57|CCCCCCCCCCCCN(CCCCCCCCCCCC)C(=O)COCC(=O)N(CCCCCCCCCCCC)CCCCCCCCCCCC|nitrate,44,6,acid_class=nitrate|acid_strength_bin=high|nitrate_activity=high|pH_bin=missing|diluent_family=aliphatic_hydrocarbon|modifier_class=none|temperature_bin=ambient|contact_time_bin=short|shaking_time_bin=missing|phase_ratio_bin=missing;acid_class=nitrate|acid_strength_bin=high|nitrate_activity=high|pH_bin=missing|diluent_family=aromatic|modifier_class=none|temperature_bin=ambient|contact_time_bin=short|shaking_time_bin=missing|phase_ratio_bin=missing;acid_class=nitrate|acid_strength_bin=low|nitrate_activity=low|pH_bin=missing|diluent_family=aromatic|modifier_class=none|temperature_bin=ambient|contact_time_bin=short|shaking_time_bin=missing|phase_ratio_bin=missing;acid_class=nitrate|acid_strength_bin=medium|nitrate_activity=medium|pH_bin=missing|diluent_family=aliphatic_hydrocarbon|modifier_class=none|temperature_bin=ambient|contact_time_bin=short|shaking_time_bin=missing|phase_ratio_bin=missing;acid_class=nitrate|acid_strength_bin=medium|nitrate_activity=medium|pH_bin=missing|diluent_family=aromatic|modifier_class=none|temperature_bin=ambient|contact_time_bin=short|shaking_time_bin=missing|phase_ratio_bin=missing,0.101471,5.0,15.0,55.0,planned,ok,,,
59eb2c8e16fe,,58,Ce,3,CCCCCCCCCCCCN(CCCCCCCCCCCC)C(=O)COCC(=O)N(CCCCCCCCCCCC)CCCCCCCCCCCC,CCCCCCCCCCCCN(CCCCCCCCCCCC)C(=O)COCC(=O)N(CCCCCCCCCCCC)CCCCCCCCCCCC,"[26, 28, 31]","[""O(amide_carbonyl)"", ""O(ether)"", ""O(amide_carbonyl)""]",3,9,3,nitrate,nitrate,0,58|CCCCCCCCCCCCN(CCCCCCCCCCCC)C(=O)COCC(=O)N(CCCCCCCCCCCC)CCCCCCCCCCCC|nitrate,12,2,acid_class=nitrate|acid_strength_bin=high|nitrate_activity=high|pH_bin=missing|diluent_family=aliphatic_hydrocarbon|modifier_class=none|temperature_bin=ambient|contact_time_bin=short|shaking_time_bin=missing|phase_ratio_bin=missing;acid_class=nitrate|acid_strength_bin=medium|nitrate_activity=medium|pH_bin=missing|diluent_family=aliphatic_hydrocarbon|modifier_class=none|temperature_bin=ambient|contact_time_bin=short|shaking_time_bin=missing|phase_ratio_bin=missing,0.5,4.0,25.0,25.0,planned,ok,,,
b63ff46d0633,,59,Pr,3,CCCCCCCCCCCCN(CCCCCCCCCCCC)C(=O)COCC(=O)N(CCCCCCCCCCCC)CCCCCCCCCCCC,CCCCCCCCCCCCN(CCCCCCCCCCCC)C(=O)COCC(=O)N(CCCCCCCCCCCC)CCCCCCCCCCCC,"[26, 28, 31]","[""O(amide_carbonyl)"", ""O(ether)"", ""O(amide_carbonyl)""]",3,9,3,nitrate,nitrate,0,59|CCCCCCCCCCCCN(CCCCCCCCCCCC)C(=O)COCC(=O)N(CCCCCCCCCCCC)CCCCCCCCCCCC|nitrate,12,2,acid_class=nitrate|acid_strength_bin=high|nitrate_activity=high|pH_bin=missing|diluent_family=aliphatic_hydrocarbon|modifier_class=none|temperature_bin=ambient|contact_time_bin=short|shaking_time_bin=missing|phase_ratio_bin=missing;acid_class=nitrate|acid_strength_bin=medium|nitrate_activity=medium|pH_bin=missing|diluent_family=aliphatic_hydrocarbon|modifier_class=none|temperature_bin=ambient|contact_time_bin=short|shaking_time_bin=missing|phase_ratio_bin=missing,0.5,4.0,25.0,25.0,planned,ok,,,
68ff2a8a7c68,,62,Sm,3,CCCCCCCCCCCCN(CCCCCCCCCCCC)C(=O)COCC(=O)N(CCCCCCCCCCCC)CCCCCCCCCCCC,CCCCCCCCCCCCN(CCCCCCCCCCCC)C(=O)COCC(=O)N(CCCCCCCCCCCC)CCCCCCCCCCCC,"[26, 28, 31]","[""O(amide_carbonyl)"", ""O(ether)"", ""O(amide_carbonyl)""]",3,9,3,nitrate,nitrate,0,62|CCCCCCCCCCCCN(CCCCCCCCCCCC)C(=O)COCC(=O)N(CCCCCCCCCCCC)CCCCCCCCCCCC|nitrate,13,3,acid_class=nitrate|acid_strength_bin=high|nitrate_activity=high|pH_bin=missing|diluent_family=aliphatic_hydrocarbon|modifier_class=none|temperature_bin=ambient|contact_time_bin=short|shaking_time_bin=missing|phase_ratio_bin=missing;acid_class=nitrate|acid_strength_bin=medium|nitrate_activity=medium|pH_bin=missing|diluent_family=aliphatic_hydrocarbon|modifier_class=none|temperature_bin=ambient|contact_time_bin=short|shaking_time_bin=missing|phase_ratio_bin=missing;acid_class=nitrate|acid_strength_bin=medium|nitrate_activity=medium|pH_bin=missing|diluent_family=aromatic|modifier_class=none|temperature_bin=ambient|contact_time_bin=short|shaking_time_bin=missing|phase_ratio_bin=missing,0.5,4.0,25.0,25.0,planned,ok,,,
9b52da38293d,,64,Gd,3,CCCCCCCCCCCCN(CCCCCCCCCCCC)C(=O)COCC(=O)N(CCCCCCCCCCCC)CCCCCCCCCCCC,CCCCCCCCCCCCN(CCCCCCCCCCCC)C(=O)COCC(=O)N(CCCCCCCCCCCC)CCCCCCCCCCCC,"[26, 28, 31]","[""O(amide_carbonyl)"", ""O(ether)"", ""O(amide_carbonyl)""]",3,9,3,nitrate,nitrate,0,64|CCCCCCCCCCCCN(CCCCCCCCCCCC)C(=O)COCC(=O)N(CCCCCCCCCCCC)CCCCCCCCCCCC|nitrate,16,3,acid_class=nitrate|acid_strength_bin=high|nitrate_activity=high|pH_bin=missing|diluent_family=aliphatic_hydrocarbon|modifier_class=none|temperature_bin=ambient|contact_time_bin=short|shaking_time_bin=missing|phase_ratio_bin=missing;acid_class=nitrate|acid_strength_bin=medium|nitrate_activity=medium|pH_bin=missing|diluent_family=aliphatic_hydrocarbon|modifier_class=none|temperature_bin=ambient|contact_time_bin=short|shaking_time_bin=missing|phase_ratio_bin=missing;acid_class=nitrate|acid_strength_bin=medium|nitrate_activity=medium|pH_bin=missing|diluent_family=aromatic|modifier_class=none|temperature_bin=ambient|contact_time_bin=short|shaking_time_bin=missing|phase_ratio_bin=missing,0.5,4.0,25.0,25.0,planned,ok,,,
4211f1780bf5,,65,Tb,3,CCCCCCCCCCCCN(CCCCCCCCCCCC)C(=O)COCC(=O)N(CCCCCCCCCCCC)CCCCCCCCCCCC,CCCCCCCCCCCCN(CCCCCCCCCCCC)C(=O)COCC(=O)N(CCCCCCCCCCCC)CCCCCCCCCCCC,"[26, 28, 31]","[""O(amide_carbonyl)"", ""O(ether)"", ""O(amide_carbonyl)""]",3,8,2,nitrate,nitrate,2,65|CCCCCCCCCCCCN(CCCCCCCCCCCC)C(=O)COCC(=O)N(CCCCCCCCCCCC)CCCCCCCCCCCC|nitrate,12,2,acid_class=nitrate|acid_strength_bin=high|nitrate_activity=high|pH_bin=missing|diluent_family=aliphatic_hydrocarbon|modifier_class=none|temperature_bin=ambient|contact_time_bin=short|shaking_time_bin=missing|phase_ratio_bin=missing;acid_class=nitrate|acid_strength_bin=medium|nitrate_activity=medium|pH_bin=missing|diluent_family=aliphatic_hydrocarbon|modifier_class=none|temperature_bin=ambient|contact_time_bin=short|shaking_time_bin=missing|phase_ratio_bin=missing,0.5,4.0,25.0,25.0,planned,fill_2x_nitrate,,,
bdc8ba8ab563,,66,Dy,3,CCCCCCCCCCCCN(CCCCCCCCCCCC)C(=O)COCC(=O)N(CCCCCCCCCCCC)CCCCCCCCCCCC,CCCCCCCCCCCCN(CCCCCCCCCCCC)C(=O)COCC(=O)N(CCCCCCCCCCCC)CCCCCCCCCCCC,"[26, 28, 31]","[""O(amide_carbonyl)"", ""O(ether)"", ""O(amide_carbonyl)""]",3,8,2,nitrate,nitrate,2,66|CCCCCCCCCCCCN(CCCCCCCCCCCC)C(=O)COCC(=O)N(CCCCCCCCCCCC)CCCCCCCCCCCC|nitrate,18,5,acid_class=nitrate|acid_strength_bin=high|nitrate_activity=high|pH_bin=missing|diluent_family=aliphatic_hydrocarbon|modifier_class=none|temperature_bin=ambient|contact_time_bin=short|shaking_time_bin=missing|phase_ratio_bin=missing;acid_class=nitrate|acid_strength_bin=high|nitrate_activity=high|pH_bin=missing|diluent_family=aromatic|modifier_class=none|temperature_bin=ambient|contact_time_bin=short|shaking_time_bin=missing|phase_ratio_bin=missing;acid_class=nitrate|acid_strength_bin=low|nitrate_activity=low|pH_bin=missing|diluent_family=aromatic|modifier_class=none|temperature_bin=ambient|contact_time_bin=short|shaking_time_bin=missing|phase_ratio_bin=missing;acid_class=nitrate|acid_strength_bin=medium|nitrate_activity=medium|pH_bin=missing|diluent_family=aliphatic_hydrocarbon|modifier_class=none|temperature_bin=ambient|contact_time_bin=short|shaking_time_bin=missing|phase_ratio_bin=missing;acid_class=nitrate|acid_strength_bin=medium|nitrate_activity=medium|pH_bin=missing|diluent_family=aromatic|modifier_class=none|temperature_bin=ambient|contact_time_bin=short|shaking_time_bin=missing|phase_ratio_bin=missing,0.0970588,4.99853,25.0,25.0,planned,fill_2x_nitrate,,,
0d1fa3691af2,,67,Ho,3,CCCCCCCCCCCCN(CCCCCCCCCCCC)C(=O)COCC(=O)N(CCCCCCCCCCCC)CCCCCCCCCCCC,CCCCCCCCCCCCN(CCCCCCCCCCCC)C(=O)COCC(=O)N(CCCCCCCCCCCC)CCCCCCCCCCCC,"[26, 28, 31]","[""O(amide_carbonyl)"", ""O(ether)"", ""O(amide_carbonyl)""]",3,8,2,nitrate,nitrate,2,67|CCCCCCCCCCCCN(CCCCCCCCCCCC)C(=O)COCC(=O)N(CCCCCCCCCCCC)CCCCCCCCCCCC|nitrate,12,2,acid_class=nitrate|acid_strength_bin=high|nitrate_activity=high|pH_bin=missing|diluent_family=aliphatic_hydrocarbon|modifier_class=none|temperature_bin=ambient|contact_time_bin=short|shaking_time_bin=missing|phase_ratio_bin=missing;acid_class=nitrate|acid_strength_bin=medium|nitrate_activity=medium|pH_bin=missing|diluent_family=aliphatic_hydrocarbon|modifier_class=none|temperature_bin=ambient|contact_time_bin=short|shaking_time_bin=missing|phase_ratio_bin=missing,0.5,4.0,25.0,25.0,planned,fill_2x_nitrate,,,
f93dab8ec08b,,68,Er,3,CCCCCCCCCCCCN(CCCCCCCCCCCC)C(=O)COCC(=O)N(CCCCCCCCCCCC)CCCCCCCCCCCC,CCCCCCCCCCCCN(CCCCCCCCCCCC)C(=O)COCC(=O)N(CCCCCCCCCCCC)CCCCCCCCCCCC,"[26, 28, 31]","[""O(amide_carbonyl)"", ""O(ether)"", ""O(amide_carbonyl)""]",3,8,2,nitrate,nitrate,2,68|CCCCCCCCCCCCN(CCCCCCCCCCCC)C(=O)COCC(=O)N(CCCCCCCCCCCC)CCCCCCCCCCCC|nitrate,13,3,acid_class=nitrate|acid_strength_bin=high|nitrate_activity=high|pH_bin=missing|diluent_family=aliphatic_hydrocarbon|modifier_class=none|temperature_bin=ambient|contact_time_bin=short|shaking_time_bin=missing|phase_ratio_bin=missing;acid_class=nitrate|acid_strength_bin=medium|nitrate_activity=medium|pH_bin=missing|diluent_family=aliphatic_hydrocarbon|modifier_class=none|temperature_bin=ambient|contact_time_bin=short|shaking_time_bin=missing|phase_ratio_bin=missing;acid_class=nitrate|acid_strength_bin=medium|nitrate_activity=medium|pH_bin=missing|diluent_family=aromatic|modifier_class=none|temperature_bin=ambient|contact_time_bin=short|shaking_time_bin=missing|phase_ratio_bin=missing,0.5,4.0,25.0,25.0,planned,fill_2x_nitrate,,,
6f9944c52b41,,69,Tm,3,CCCCCCCCCCCCN(CCCCCCCCCCCC)C(=O)COCC(=O)N(CCCCCCCCCCCC)CCCCCCCCCCCC,CCCCCCCCCCCCN(CCCCCCCCCCCC)C(=O)COCC(=O)N(CCCCCCCCCCCC)CCCCCCCCCCCC,"[26, 28, 31]","[""O(amide_carbonyl)"", ""O(ether)"", ""O(amide_carbonyl)""]",3,8,2,nitrate,nitrate,2,69|CCCCCCCCCCCCN(CCCCCCCCCCCC)C(=O)COCC(=O)N(CCCCCCCCCCCC)CCCCCCCCCCCC|nitrate,12,2,acid_class=nitrate|acid_strength_bin=high|nitrate_activity=high|pH_bin=missing|diluent_family=aliphatic_hydrocarbon|modifier_class=none|temperature_bin=ambient|contact_time_bin=short|shaking_time_bin=missing|phase_ratio_bin=missing;acid_class=nitrate|acid_strength_bin=medium|nitrate_activity=medium|pH_bin=missing|diluent_family=aliphatic_hydrocarbon|modifier_class=none|temperature_bin=ambient|contact_time_bin=short|shaking_time_bin=missing|phase_ratio_bin=missing,0.5,4.0,25.0,25.0,planned,fill_2x_nitrate,,,
406ee69b3ee1,,70,Yb,3,CCCCCCCCCCCCN(CCCCCCCCCCCC)C(=O)COCC(=O)N(CCCCCCCCCCCC)CCCCCCCCCCCC,CCCCCCCCCCCCN(CCCCCCCCCCCC)C(=O)COCC(=O)N(CCCCCCCCCCCC)CCCCCCCCCCCC,"[26, 28, 31]","[""O(amide_carbonyl)"", ""O(ether)"", ""O(amide_carbonyl)""]",3,8,2,nitrate,nitrate,2,70|CCCCCCCCCCCCN(CCCCCCCCCCCC)C(=O)COCC(=O)N(CCCCCCCCCCCC)CCCCCCCCCCCC|nitrate,12,2,acid_class=nitrate|acid_strength_bin=high|nitrate_activity=high|pH_bin=missing|diluent_family=aliphatic_hydrocarbon|modifier_class=none|temperature_bin=ambient|contact_time_bin=short|shaking_time_bin=missing|phase_ratio_bin=missing;acid_class=nitrate|acid_strength_bin=medium|nitrate_activity=medium|pH_bin=missing|diluent_family=aliphatic_hydrocarbon|modifier_class=none|temperature_bin=ambient|contact_time_bin=short|shaking_time_bin=missing|phase_ratio_bin=missing,0.5,4.0,25.0,25.0,planned,fill_2x_nitrate,,,
6fc647952acf,,71,Lu,3,CCCCCCCCCCCCN(CCCCCCCCCCCC)C(=O)COCC(=O)N(CCCCCCCCCCCC)CCCCCCCCCCCC,CCCCCCCCCCCCN(CCCCCCCCCCCC)C(=O)COCC(=O)N(CCCCCCCCCCCC)CCCCCCCCCCCC,"[26, 28, 31]","[""O(amide_carbonyl)"", ""O(ether)"", ""O(amide_carbonyl)""]",3,8,2,nitrate,nitrate,2,71|CCCCCCCCCCCCN(CCCCCCCCCCCC)C(=O)COCC(=O)N(CCCCCCCCCCCC)CCCCCCCCCCCC|nitrate,17,5,acid_class=nitrate|acid_strength_bin=high|nitrate_activity=high|pH_bin=missing|diluent_family=aliphatic_hydrocarbon|modifier_class=none|temperature_bin=ambient|contact_time_bin=short|shaking_time_bin=missing|phase_ratio_bin=missing;acid_class=nitrate|acid_strength_bin=high|nitrate_activity=high|pH_bin=missing|diluent_family=aromatic|modifier_class=none|temperature_bin=ambient|contact_time_bin=short|shaking_time_bin=missing|phase_ratio_bin=missing;acid_class=nitrate|acid_strength_bin=low|nitrate_activity=low|pH_bin=missing|diluent_family=aromatic|modifier_class=none|temperature_bin=ambient|contact_time_bin=short|shaking_time_bin=missing|phase_ratio_bin=missing;acid_class=nitrate|acid_strength_bin=medium|nitrate_activity=medium|pH_bin=missing|diluent_family=aliphatic_hydrocarbon|modifier_class=none|temperature_bin=ambient|contact_time_bin=short|shaking_time_bin=missing|phase_ratio_bin=missing;acid_class=nitrate|acid_strength_bin=medium|nitrate_activity=medium|pH_bin=missing|diluent_family=aromatic|modifier_class=none|temperature_bin=ambient|contact_time_bin=short|shaking_time_bin=missing|phase_ratio_bin=missing,0.101471,4.99853,25.0,25.0,planned,fill_2x_nitrate,,,
d34bcf644124,,57,La,3,CCCCCCCCN(CCCCCCCC)C(=O)COCCOCC(=O)N(CCCCCCCC)CCCCCCCC,CCCCCCCCN(CCCCCCCC)C(=O)COCCOCC(=O)N(CCCCCCCC)CCCCCCCC,"[18, 20, 23, 26]","[""O(amide_carbonyl)"", ""O(ether)"", ""O(ether)"", ""O(amide_carbonyl)""]",4,9,2,nitrate,nitrate,1,57|CCCCCCCCN(CCCCCCCC)C(=O)COCCOCC(=O)N(CCCCCCCC)CCCCCCCC|nitrate,6,1,acid_class=nitrate|acid_strength_bin=high|nitrate_activity=high|pH_bin=missing|diluent_family=aliphatic_hydrocarbon|modifier_class=none|temperature_bin=ambient|contact_time_bin=short|shaking_time_bin=missing|phase_ratio_bin=missing,3.0,3.0,25.0,25.0,planned,fill_1x_nitrate,,,
12c512965f48,,58,Ce,3,CCCCCCCCN(CCCCCCCC)C(=O)COCCOCC(=O)N(CCCCCCCC)CCCCCCCC,CCCCCCCCN(CCCCCCCC)C(=O)COCCOCC(=O)N(CCCCCCCC)CCCCCCCC,"[18, 20, 23, 26]","[""O(amide_carbonyl)"", ""O(ether)"", ""O(ether)"", ""O(amide_carbonyl)""]",4,9,2,nitrate,nitrate,1,58|CCCCCCCCN(CCCCCCCC)C(=O)COCCOCC(=O)N(CCCCCCCC)CCCCCCCC|nitrate,6,1,acid_class=nitrate|acid_strength_bin=high|nitrate_activity=high|pH_bin=missing|diluent_family=aliphatic_hydrocarbon|modifier_class=none|temperature_bin=ambient|contact_time_bin=short|shaking_time_bin=missing|phase_ratio_bin=missing,3.0,3.0,25.0,25.0,planned,fill_1x_nitrate,,,
ee75af6cd41a,,59,Pr,3,CCCCCCCCN(CCCCCCCC)C(=O)COCCOCC(=O)N(CCCCCCCC)CCCCCCCC,CCCCCCCCN(CCCCCCCC)C(=O)COCCOCC(=O)N(CCCCCCCC)CCCCCCCC,"[18, 20, 23, 26]","[""O(amide_carbonyl)"", ""O(ether)"", ""O(ether)"", ""O(amide_carbonyl)""]",4,9,2,nitrate,nitrate,1,59|CCCCCCCCN(CCCCCCCC)C(=O)COCCOCC(=O)N(CCCCCCCC)CCCCCCCC|nitrate,6,1,acid_class=nitrate|acid_strength_bin=high|nitrate_activity=high|pH_bin=missing|diluent_family=aliphatic_hydrocarbon|modifier_class=none|temperature_bin=ambient|contact_time_bin=short|shaking_time_bin=missing|phase_ratio_bin=missing,3.0,3.0,25.0,25.0,planned,fill_1x_nitrate,,,
ecf430f58566,,60,Nd,3,CCCCCCCCN(CCCCCCCC)C(=O)COCCOCC(=O)N(CCCCCCCC)CCCCCCCC,CCCCCCCCN(CCCCCCCC)C(=O)COCCOCC(=O)N(CCCCCCCC)CCCCCCCC,"[18, 20, 23, 26]","[""O(amide_carbonyl)"", ""O(ether)"", ""O(ether)"", ""O(amide_carbonyl)""]",4,9,2,nitrate,nitrate,1,60|CCCCCCCCN(CCCCCCCC)C(=O)COCCOCC(=O)N(CCCCCCCC)CCCCCCCC|nitrate,6,1,acid_class=nitrate|acid_strength_bin=high|nitrate_activity=high|pH_bin=missing|diluent_family=aliphatic_hydrocarbon|modifier_class=none|temperature_bin=ambient|contact_time_bin=short|shaking_time_bin=missing|phase_ratio_bin=missing,3.0,3.0,25.0,25.0,planned,fill_1x_nitrate,,,
21044fc0e869,,62,Sm,3,CCCCCCCCN(CCCCCCCC)C(=O)COCCOCC(=O)N(CCCCCCCC)CCCCCCCC,CCCCCCCCN(CCCCCCCC)C(=O)COCCOCC(=O)N(CCCCCCCC)CCCCCCCC,"[18, 20, 23, 26]","[""O(amide_carbonyl)"", ""O(ether)"", ""O(ether)"", ""O(amide_carbonyl)""]",4,9,2,nitrate,nitrate,1,62|CCCCCCCCN(CCCCCCCC)C(=O)COCCOCC(=O)N(CCCCCCCC)CCCCCCCC|nitrate,6,1,acid_class=nitrate|acid_strength_bin=high|nitrate_activity=high|pH_bin=missing|diluent_family=aliphatic_hydrocarbon|modifier_class=none|temperature_bin=ambient|contact_time_bin=short|shaking_time_bin=missing|phase_ratio_bin=missing,3.0,3.0,25.0,25.0,planned,fill_1x_nitrate,,,
3569f0ba49db,,63,Eu,3,CCCCCCCCN(CCCCCCCC)C(=O)COCCOCC(=O)N(CCCCCCCC)CCCCCCCC,CCCCCCCCN(CCCCCCCC)C(=O)COCCOCC(=O)N(CCCCCCCC)CCCCCCCC,"[18, 20, 23, 26]","[""O(amide_carbonyl)"", ""O(ether)"", ""O(ether)"", ""O(amide_carbonyl)""]",4,9,2,nitrate,nitrate,1,63|CCCCCCCCN(CCCCCCCC)C(=O)COCCOCC(=O)N(CCCCCCCC)CCCCCCCC|nitrate,6,1,acid_class=nitrate|acid_strength_bin=high|nitrate_activity=high|pH_bin=missing|diluent_family=aliphatic_hydrocarbon|modifier_class=none|temperature_bin=ambient|contact_time_bin=short|shaking_time_bin=missing|phase_ratio_bin=missing,3.0,3.0,25.0,25.0,planned,fill_1x_nitrate,,,
2b6df3205d87,,64,Gd,3,CCCCCCCCN(CCCCCCCC)C(=O)COCCOCC(=O)N(CCCCCCCC)CCCCCCCC,CCCCCCCCN(CCCCCCCC)C(=O)COCCOCC(=O)N(CCCCCCCC)CCCCCCCC,"[18, 20, 23, 26]","[""O(amide_carbonyl)"", ""O(ether)"", ""O(ether)"", ""O(amide_carbonyl)""]",4,9,2,nitrate,nitrate,1,64|CCCCCCCCN(CCCCCCCC)C(=O)COCCOCC(=O)N(CCCCCCCC)CCCCCCCC|nitrate,5,1,acid_class=nitrate|acid_strength_bin=high|nitrate_activity=high|pH_bin=missing|diluent_family=aliphatic_hydrocarbon|modifier_class=none|temperature_bin=ambient|contact_time_bin=short|shaking_time_bin=missing|phase_ratio_bin=missing,3.0,3.0,25.0,25.0,planned,fill_1x_nitrate,,,
76675dfa63d5,,65,Tb,3,CCCCCCCCN(CCCCCCCC)C(=O)COCCOCC(=O)N(CCCCCCCC)CCCCCCCC,CCCCCCCCN(CCCCCCCC)C(=O)COCCOCC(=O)N(CCCCCCCC)CCCCCCCC,"[18, 20, 23, 26]","[""O(amide_carbonyl)"", ""O(ether)"", ""O(ether)"", ""O(amide_carbonyl)""]",4,8,2,nitrate,nitrate,0,65|CCCCCCCCN(CCCCCCCC)C(=O)COCCOCC(=O)N(CCCCCCCC)CCCCCCCC|nitrate,5,1,acid_class=nitrate|acid_strength_bin=high|nitrate_activity=high|pH_bin=missing|diluent_family=aliphatic_hydrocarbon|modifier_class=none|temperature_bin=ambient|contact_time_bin=short|shaking_time_bin=missing|phase_ratio_bin=missing,3.0,3.0,25.0,25.0,planned,ok,,,
691f291b34fa,,66,Dy,3,CCCCCCCCN(CCCCCCCC)C(=O)COCCOCC(=O)N(CCCCCCCC)CCCCCCCC,CCCCCCCCN(CCCCCCCC)C(=O)COCCOCC(=O)N(CCCCCCCC)CCCCCCCC,"[18, 20, 23, 26]","[""O(amide_carbonyl)"", ""O(ether)"", ""O(ether)"", ""O(amide_carbonyl)""]",4,8,2,nitrate,nitrate,0,66|CCCCCCCCN(CCCCCCCC)C(=O)COCCOCC(=O)N(CCCCCCCC)CCCCCCCC|nitrate,4,1,acid_class=nitrate|acid_strength_bin=high|nitrate_activity=high|pH_bin=missing|diluent_family=aliphatic_hydrocarbon|modifier_class=none|temperature_bin=ambient|contact_time_bin=short|shaking_time_bin=missing|phase_ratio_bin=missing,3.0,3.0,25.0,25.0,planned,ok,,,
5b7cdd751f3a,,67,Ho,3,CCCCCCCCN(CCCCCCCC)C(=O)COCCOCC(=O)N(CCCCCCCC)CCCCCCCC,CCCCCCCCN(CCCCCCCC)C(=O)COCCOCC(=O)N(CCCCCCCC)CCCCCCCC,"[18, 20, 23, 26]","[""O(amide_carbonyl)"", ""O(ether)"", ""O(ether)"", ""O(amide_carbonyl)""]",4,8,2,nitrate,nitrate,0,67|CCCCCCCCN(CCCCCCCC)C(=O)COCCOCC(=O)N(CCCCCCCC)CCCCCCCC|nitrate,4,1,acid_class=nitrate|acid_strength_bin=high|nitrate_activity=high|pH_bin=missing|diluent_family=aliphatic_hydrocarbon|modifier_class=none|temperature_bin=ambient|contact_time_bin=short|shaking_time_bin=missing|phase_ratio_bin=missing,3.0,3.0,25.0,25.0,planned,ok,,,
44e81bdfe89c,,68,Er,3,CCCCCCCCN(CCCCCCCC)C(=O)COCCOCC(=O)N(CCCCCCCC)CCCCCCCC,CCCCCCCCN(CCCCCCCC)C(=O)COCCOCC(=O)N(CCCCCCCC)CCCCCCCC,"[18, 20, 23, 26]","[""O(amide_carbonyl)"", ""O(ether)"", ""O(ether)"", ""O(amide_carbonyl)""]",4,8,2,nitrate,nitrate,0,68|CCCCCCCCN(CCCCCCCC)C(=O)COCCOCC(=O)N(CCCCCCCC)CCCCCCCC|nitrate,4,1,acid_class=nitrate|acid_strength_bin=high|nitrate_activity=high|pH_bin=missing|diluent_family=aliphatic_hydrocarbon|modifier_class=none|temperature_bin=ambient|contact_time_bin=short|shaking_time_bin=missing|phase_ratio_bin=missing,3.0,3.0,25.0,25.0,planned,ok,,,
06ba812ae6ed,,69,Tm,3,CCCCCCCCN(CCCCCCCC)C(=O)COCCOCC(=O)N(CCCCCCCC)CCCCCCCC,CCCCCCCCN(CCCCCCCC)C(=O)COCCOCC(=O)N(CCCCCCCC)CCCCCCCC,"[18, 20, 23, 26]","[""O(amide_carbonyl)"", ""O(ether)"", ""O(ether)"", ""O(amide_carbonyl)""]",4,8,2,nitrate,nitrate,0,69|CCCCCCCCN(CCCCCCCC)C(=O)COCCOCC(=O)N(CCCCCCCC)CCCCCCCC|nitrate,4,1,acid_class=nitrate|acid_strength_bin=high|nitrate_activity=high|pH_bin=missing|diluent_family=aliphatic_hydrocarbon|modifier_class=none|temperature_bin=ambient|contact_time_bin=short|shaking_time_bin=missing|phase_ratio_bin=missing,3.0,3.0,25.0,25.0,planned,ok,,,
360ac5f4ff3e,,70,Yb,3,CCCCCCCCN(CCCCCCCC)C(=O)COCCOCC(=O)N(CCCCCCCC)CCCCCCCC,CCCCCCCCN(CCCCCCCC)C(=O)COCCOCC(=O)N(CCCCCCCC)CCCCCCCC,"[18, 20, 23, 26]","[""O(amide_carbonyl)"", ""O(ether)"", ""O(ether)"", ""O(amide_carbonyl)""]",4,8,2,nitrate,nitrate,0,70|CCCCCCCCN(CCCCCCCC)C(=O)COCCOCC(=O)N(CCCCCCCC)CCCCCCCC|nitrate,4,1,acid_class=nitrate|acid_strength_bin=high|nitrate_activity=high|pH_bin=missing|diluent_family=aliphatic_hydrocarbon|modifier_class=none|temperature_bin=ambient|contact_time_bin=short|shaking_time_bin=missing|phase_ratio_bin=missing,3.0,3.0,25.0,25.0,planned,ok,,,
569888167aa5,,71,Lu,3,CCCCCCCCN(CCCCCCCC)C(=O)COCCOCC(=O)N(CCCCCCCC)CCCCCCCC,CCCCCCCCN(CCCCCCCC)C(=O)COCCOCC(=O)N(CCCCCCCC)CCCCCCCC,"[18, 20, 23, 26]","[""O(amide_carbonyl)"", ""O(ether)"", ""O(ether)"", ""O(amide_carbonyl)""]",4,8,2,nitrate,nitrate,0,71|CCCCCCCCN(CCCCCCCC)C(=O)COCCOCC(=O)N(CCCCCCCC)CCCCCCCC|nitrate,4,1,acid_class=nitrate|acid_strength_bin=high|nitrate_activity=high|pH_bin=missing|diluent_family=aliphatic_hydrocarbon|modifier_class=none|temperature_bin=ambient|contact_time_bin=short|shaking_time_bin=missing|phase_ratio_bin=missing,3.0,3.0,25.0,25.0,planned,ok,,,
b3acce98c3f1,,57,La,3,CCCCCCCCCCCCN(CCCCCCCCCCCC)C(=O)COCCOCC(=O)N(CCCCCCCCCCCC)CCCCCCCCCCCC,CCCCCCCCCCCCN(CCCCCCCCCCCC)C(=O)COCCOCC(=O)N(CCCCCCCCCCCC)CCCCCCCCCCCC,"[26, 28, 31, 34]","[""O(amide_carbonyl)"", ""O(ether)"", ""O(ether)"", ""O(amide_carbonyl)""]",4,9,2,nitrate,nitrate,1,57|CCCCCCCCCCCCN(CCCCCCCCCCCC)C(=O)COCCOCC(=O)N(CCCCCCCCCCCC)CCCCCCCCCCCC|nitrate,13,1,acid_class=nitrate|acid_strength_bin=high|nitrate_activity=high|pH_bin=missing|diluent_family=aliphatic_hydrocarbon|modifier_class=none|temperature_bin=ambient|contact_time_bin=short|shaking_time_bin=missing|phase_ratio_bin=missing,3.0,5.0,25.0,25.0,planned,fill_5x_nitrate,,,
4c832a9d11b3,,58,Ce,3,CCCCCCCCCCCCN(CCCCCCCCCCCC)C(=O)COCCOCC(=O)N(CCCCCCCCCCCC)CCCCCCCCCCCC,CCCCCCCCCCCCN(CCCCCCCCCCCC)C(=O)COCCOCC(=O)N(CCCCCCCCCCCC)CCCCCCCCCCCC,"[26, 28, 31, 34]","[""O(amide_carbonyl)"", ""O(ether)"", ""O(ether)"", ""O(amide_carbonyl)""]",4,9,2,nitrate,nitrate,1,58|CCCCCCCCCCCCN(CCCCCCCCCCCC)C(=O)COCCOCC(=O)N(CCCCCCCCCCCC)CCCCCCCCCCCC|nitrate,10,1,acid_class=nitrate|acid_strength_bin=high|nitrate_activity=high|pH_bin=missing|diluent_family=aliphatic_hydrocarbon|modifier_class=none|temperature_bin=ambient|contact_time_bin=short|shaking_time_bin=missing|phase_ratio_bin=missing,3.0,5.0,25.0,25.0,planned,fill_5x_nitrate,,,
383aee8c8ad5,,59,Pr,3,CCCCCCCCCCCCN(CCCCCCCCCCCC)C(=O)COCCOCC(=O)N(CCCCCCCCCCCC)CCCCCCCCCCCC,CCCCCCCCCCCCN(CCCCCCCCCCCC)C(=O)COCCOCC(=O)N(CCCCCCCCCCCC)CCCCCCCCCCCC,"[26, 28, 31, 34]","[""O(amide_carbonyl)"", ""O(ether)"", ""O(ether)"", ""O(amide_carbonyl)""]",4,9,2,nitrate,nitrate,1,59|CCCCCCCCCCCCN(CCCCCCCCCCCC)C(=O)COCCOCC(=O)N(CCCCCCCCCCCC)CCCCCCCCCCCC|nitrate,10,1,acid_class=nitrate|acid_strength_bin=high|nitrate_activity=high|pH_bin=missing|diluent_family=aliphatic_hydrocarbon|modifier_class=none|temperature_bin=ambient|contact_time_bin=short|shaking_time_bin=missing|phase_ratio_bin=missing,3.0,5.0,25.0,25.0,planned,fill_5x_nitrate,,,
fbf793f2aa3f,,60,Nd,3,CCCCCCCCCCCCN(CCCCCCCCCCCC)C(=O)COCCOCC(=O)N(CCCCCCCCCCCC)CCCCCCCCCCCC,CCCCCCCCCCCCN(CCCCCCCCCCCC)C(=O)COCCOCC(=O)N(CCCCCCCCCCCC)CCCCCCCCCCCC,"[26, 28, 31, 34]","[""O(amide_carbonyl)"", ""O(ether)"", ""O(ether)"", ""O(amide_carbonyl)""]",4,9,2,nitrate,nitrate,1,60|CCCCCCCCCCCCN(CCCCCCCCCCCC)C(=O)COCCOCC(=O)N(CCCCCCCCCCCC)CCCCCCCCCCCC|nitrate,10,1,acid_class=nitrate|acid_strength_bin=high|nitrate_activity=high|pH_bin=missing|diluent_family=aliphatic_hydrocarbon|modifier_class=none|temperature_bin=ambient|contact_time_bin=short|shaking_time_bin=missing|phase_ratio_bin=missing,3.0,5.0,25.0,25.0,planned,fill_5x_nitrate,,,
583ace8b123c,,62,Sm,3,CCCCCCCCCCCCN(CCCCCCCCCCCC)C(=O)COCCOCC(=O)N(CCCCCCCCCCCC)CCCCCCCCCCCC,CCCCCCCCCCCCN(CCCCCCCCCCCC)C(=O)COCCOCC(=O)N(CCCCCCCCCCCC)CCCCCCCCCCCC,"[26, 28, 31, 34]","[""O(amide_carbonyl)"", ""O(ether)"", ""O(ether)"", ""O(amide_carbonyl)""]",4,9,2,nitrate,nitrate,1,62|CCCCCCCCCCCCN(CCCCCCCCCCCC)C(=O)COCCOCC(=O)N(CCCCCCCCCCCC)CCCCCCCCCCCC|nitrate,10,1,acid_class=nitrate|acid_strength_bin=high|nitrate_activity=high|pH_bin=missing|diluent_family=aliphatic_hydrocarbon|modifier_class=none|temperature_bin=ambient|contact_time_bin=short|shaking_time_bin=missing|phase_ratio_bin=missing,3.0,5.0,25.0,25.0,planned,fill_5x_nitrate,,,
6857f8009f97,,63,Eu,3,CCCCCCCCCCCCN(CCCCCCCCCCCC)C(=O)COCCOCC(=O)N(CCCCCCCCCCCC)CCCCCCCCCCCC,CCCCCCCCCCCCN(CCCCCCCCCCCC)C(=O)COCCOCC(=O)N(CCCCCCCCCCCC)CCCCCCCCCCCC,"[26, 28, 31, 34]","[""O(amide_carbonyl)"", ""O(ether)"", ""O(ether)"", ""O(amide_carbonyl)""]",4,9,2,nitrate,nitrate,1,63|CCCCCCCCCCCCN(CCCCCCCCCCCC)C(=O)COCCOCC(=O)N(CCCCCCCCCCCC)CCCCCCCCCCCC|nitrate,10,1,acid_class=nitrate|acid_strength_bin=high|nitrate_activity=high|pH_bin=missing|diluent_family=aliphatic_hydrocarbon|modifier_class=none|temperature_bin=ambient|contact_time_bin=short|shaking_time_bin=missing|phase_ratio_bin=missing,3.0,5.0,25.0,25.0,planned,fill_5x_nitrate,,,
89b02e41f264,,64,Gd,3,CCCCCCCCCCCCN(CCCCCCCCCCCC)C(=O)COCCOCC(=O)N(CCCCCCCCCCCC)CCCCCCCCCCCC,CCCCCCCCCCCCN(CCCCCCCCCCCC)C(=O)COCCOCC(=O)N(CCCCCCCCCCCC)CCCCCCCCCCCC,"[26, 28, 31, 34]","[""O(amide_carbonyl)"", ""O(ether)"", ""O(ether)"", ""O(amide_carbonyl)""]",4,9,2,nitrate,nitrate,1,64|CCCCCCCCCCCCN(CCCCCCCCCCCC)C(=O)COCCOCC(=O)N(CCCCCCCCCCCC)CCCCCCCCCCCC|nitrate,13,1,acid_class=nitrate|acid_strength_bin=high|nitrate_activity=high|pH_bin=missing|diluent_family=aliphatic_hydrocarbon|modifier_class=none|temperature_bin=ambient|contact_time_bin=short|shaking_time_bin=missing|phase_ratio_bin=missing,3.0,5.0,25.0,25.0,planned,fill_5x_nitrate,,,
88156a705de7,,65,Tb,3,CCCCCCCCCCCCN(CCCCCCCCCCCC)C(=O)COCCOCC(=O)N(CCCCCCCCCCCC)CCCCCCCCCCCC,CCCCCCCCCCCCN(CCCCCCCCCCCC)C(=O)COCCOCC(=O)N(CCCCCCCCCCCC)CCCCCCCCCCCC,"[26, 28, 31, 34]","[""O(amide_carbonyl)"", ""O(ether)"", ""O(ether)"", ""O(amide_carbonyl)""]",4,8,2,nitrate,nitrate,0,65|CCCCCCCCCCCCN(CCCCCCCCCCCC)C(=O)COCCOCC(=O)N(CCCCCCCCCCCC)CCCCCCCCCCCC|nitrate,10,1,acid_class=nitrate|acid_strength_bin=high|nitrate_activity=high|pH_bin=missing|diluent_family=aliphatic_hydrocarbon|modifier_class=none|temperature_bin=ambient|contact_time_bin=short|shaking_time_bin=missing|phase_ratio_bin=missing,3.0,5.0,25.0,25.0,planned,fill_4x_nitrate,,,
f500c12758c4,,66,Dy,3,CCCCCCCCCCCCN(CCCCCCCCCCCC)C(=O)COCCOCC(=O)N(CCCCCCCCCCCC)CCCCCCCCCCCC,CCCCCCCCCCCCN(CCCCCCCCCCCC)C(=O)COCCOCC(=O)N(CCCCCCCCCCCC)CCCCCCCCCCCC,"[26, 28, 31, 34]","[""O(amide_carbonyl)"", ""O(ether)"", ""O(ether)"", ""O(amide_carbonyl)""]",4,8,2,nitrate,nitrate,0,66|CCCCCCCCCCCCN(CCCCCCCCCCCC)C(=O)COCCOCC(=O)N(CCCCCCCCCCCC)CCCCCCCCCCCC|nitrate,10,1,acid_class=nitrate|acid_strength_bin=high|nitrate_activity=high|pH_bin=missing|diluent_family=aliphatic_hydrocarbon|modifier_class=none|temperature_bin=ambient|contact_time_bin=short|shaking_time_bin=missing|phase_ratio_bin=missing,3.0,5.0,25.0,25.0,planned,fill_4x_nitrate,,,
e564b3438f58,,67,Ho,3,CCCCCCCCCCCCN(CCCCCCCCCCCC)C(=O)COCCOCC(=O)N(CCCCCCCCCCCC)CCCCCCCCCCCC,CCCCCCCCCCCCN(CCCCCCCCCCCC)C(=O)COCCOCC(=O)N(CCCCCCCCCCCC)CCCCCCCCCCCC,"[26, 28, 31, 34]","[""O(amide_carbonyl)"", ""O(ether)"", ""O(ether)"", ""O(amide_carbonyl)""]",4,8,2,nitrate,nitrate,0,67|CCCCCCCCCCCCN(CCCCCCCCCCCC)C(=O)COCCOCC(=O)N(CCCCCCCCCCCC)CCCCCCCCCCCC|nitrate,10,1,acid_class=nitrate|acid_strength_bin=high|nitrate_activity=high|pH_bin=missing|diluent_family=aliphatic_hydrocarbon|modifier_class=none|temperature_bin=ambient|contact_time_bin=short|shaking_time_bin=missing|phase_ratio_bin=missing,3.0,5.0,25.0,25.0,planned,fill_4x_nitrate,,,
03fee2e60a8c,,68,Er,3,CCCCCCCCCCCCN(CCCCCCCCCCCC)C(=O)COCCOCC(=O)N(CCCCCCCCCCCC)CCCCCCCCCCCC,CCCCCCCCCCCCN(CCCCCCCCCCCC)C(=O)COCCOCC(=O)N(CCCCCCCCCCCC)CCCCCCCCCCCC,"[26, 28, 31, 34]","[""O(amide_carbonyl)"", ""O(ether)"", ""O(ether)"", ""O(amide_carbonyl)""]",4,8,2,nitrate,nitrate,0,68|CCCCCCCCCCCCN(CCCCCCCCCCCC)C(=O)COCCOCC(=O)N(CCCCCCCCCCCC)CCCCCCCCCCCC|nitrate,10,1,acid_class=nitrate|acid_strength_bin=high|nitrate_activity=high|pH_bin=missing|diluent_family=aliphatic_hydrocarbon|modifier_class=none|temperature_bin=ambient|contact_time_bin=short|shaking_time_bin=missing|phase_ratio_bin=missing,3.0,5.0,25.0,25.0,planned,fill_4x_nitrate,,,
4b32aee3750c,,69,Tm,3,CCCCCCCCCCCCN(CCCCCCCCCCCC)C(=O)COCCOCC(=O)N(CCCCCCCCCCCC)CCCCCCCCCCCC,CCCCCCCCCCCCN(CCCCCCCCCCCC)C(=O)COCCOCC(=O)N(CCCCCCCCCCCC)CCCCCCCCCCCC,"[26, 28, 31, 34]","[""O(amide_carbonyl)"", ""O(ether)"", ""O(ether)"", ""O(amide_carbonyl)""]",4,8,2,nitrate,nitrate,0,69|CCCCCCCCCCCCN(CCCCCCCCCCCC)C(=O)COCCOCC(=O)N(CCCCCCCCCCCC)CCCCCCCCCCCC|nitrate,10,1,acid_class=nitrate|acid_strength_bin=high|nitrate_activity=high|pH_bin=missing|diluent_family=aliphatic_hydrocarbon|modifier_class=none|temperature_bin=ambient|contact_time_bin=short|shaking_time_bin=missing|phase_ratio_bin=missing,3.0,5.0,25.0,25.0,planned,fill_4x_nitrate,,,
274a07367e74,,70,Yb,3,CCCCCCCCCCCCN(CCCCCCCCCCCC)C(=O)COCCOCC(=O)N(CCCCCCCCCCCC)CCCCCCCCCCCC,CCCCCCCCCCCCN(CCCCCCCCCCCC)C(=O)COCCOCC(=O)N(CCCCCCCCCCCC)CCCCCCCCCCCC,"[26, 28, 31, 34]","[""O(amide_carbonyl)"", ""O(ether)"", ""O(ether)"", ""O(amide_carbonyl)""]",4,8,2,nitrate,nitrate,0,70|CCCCCCCCCCCCN(CCCCCCCCCCCC)C(=O)COCCOCC(=O)N(CCCCCCCCCCCC)CCCCCCCCCCCC|nitrate,10,1,acid_class=nitrate|acid_strength_bin=high|nitrate_activity=high|pH_bin=missing|diluent_family=aliphatic_hydrocarbon|modifier_class=none|temperature_bin=ambient|contact_time_bin=short|shaking_time_bin=missing|phase_ratio_bin=missing,3.0,5.0,25.0,25.0,planned,fill_4x_nitrate,,,
24b21e3ba58f,,71,Lu,3,CCCCCCCCCCCCN(CCCCCCCCCCCC)C(=O)COCCOCC(=O)N(CCCCCCCCCCCC)CCCCCCCCCCCC,CCCCCCCCCCCCN(CCCCCCCCCCCC)C(=O)COCCOCC(=O)N(CCCCCCCCCCCC)CCCCCCCCCCCC,"[26, 28, 31, 34]","[""O(amide_carbonyl)"", ""O(ether)"", ""O(ether)"", ""O(amide_carbonyl)""]",4,8,2,nitrate,nitrate,0,71|CCCCCCCCCCCCN(CCCCCCCCCCCC)C(=O)COCCOCC(=O)N(CCCCCCCCCCCC)CCCCCCCCCCCC|nitrate,10,1,acid_class=nitrate|acid_strength_bin=high|nitrate_activity=high|pH_bin=missing|diluent_family=aliphatic_hydrocarbon|modifier_class=none|temperature_bin=ambient|contact_time_bin=short|shaking_time_bin=missing|phase_ratio_bin=missing,3.0,5.0,25.0,25.0,planned,fill_4x_nitrate,,,
b183716e4fc0,,57,La,3,CCCCCCCCCCCCN(CCCCCCCCCCCC)C(=O)COCCOCC(=O)N(CCCCCCCCCCCC)CCCCCCCCCCCC,CCCCCCCCCCCCN(CCCCCCCCCCCC)C(=O)COCCOCC(=O)N(CCCCCCCCCCCC)CCCCCCCCCCCC,"[26, 28, 31, 34]","[""O(amide_carbonyl)"", ""O(ether)"", ""O(ether)"", ""O(amide_carbonyl)""]",4,9,2,water,water,1,57|CCCCCCCCCCCCN(CCCCCCCCCCCC)C(=O)COCCOCC(=O)N(CCCCCCCCCCCC)CCCCCCCCCCCC|water,4,1,acid_class=nitrate|acid_strength_bin=trace|nitrate_activity=trace|pH_bin=missing|diluent_family=aliphatic_hydrocarbon|modifier_class=none|temperature_bin=ambient|contact_time_bin=short|shaking_time_bin=missing|phase_ratio_bin=missing,0.001,0.006,25.0,25.0,planned,fill_5x_water,,,
e1e2f450e02a,,58,Ce,3,CCCCCCCCCCCCN(CCCCCCCCCCCC)C(=O)COCCOCC(=O)N(CCCCCCCCCCCC)CCCCCCCCCCCC,CCCCCCCCCCCCN(CCCCCCCCCCCC)C(=O)COCCOCC(=O)N(CCCCCCCCCCCC)CCCCCCCCCCCC,"[26, 28, 31, 34]","[""O(amide_carbonyl)"", ""O(ether)"", ""O(ether)"", ""O(amide_carbonyl)""]",4,9,2,water,water,1,58|CCCCCCCCCCCCN(CCCCCCCCCCCC)C(=O)COCCOCC(=O)N(CCCCCCCCCCCC)CCCCCCCCCCCC|water,4,1,acid_class=nitrate|acid_strength_bin=trace|nitrate_activity=trace|pH_bin=missing|diluent_family=aliphatic_hydrocarbon|modifier_class=none|temperature_bin=ambient|contact_time_bin=short|shaking_time_bin=missing|phase_ratio_bin=missing,0.001,0.006,25.0,25.0,planned,fill_5x_water,,,
854acace1b9b,,59,Pr,3,CCCCCCCCCCCCN(CCCCCCCCCCCC)C(=O)COCCOCC(=O)N(CCCCCCCCCCCC)CCCCCCCCCCCC,CCCCCCCCCCCCN(CCCCCCCCCCCC)C(=O)COCCOCC(=O)N(CCCCCCCCCCCC)CCCCCCCCCCCC,"[26, 28, 31, 34]","[""O(amide_carbonyl)"", ""O(ether)"", ""O(ether)"", ""O(amide_carbonyl)""]",4,9,2,water,water,1,59|CCCCCCCCCCCCN(CCCCCCCCCCCC)C(=O)COCCOCC(=O)N(CCCCCCCCCCCC)CCCCCCCCCCCC|water,4,1,acid_class=nitrate|acid_strength_bin=trace|nitrate_activity=trace|pH_bin=missing|diluent_family=aliphatic_hydrocarbon|modifier_class=none|temperature_bin=ambient|contact_time_bin=short|shaking_time_bin=missing|phase_ratio_bin=missing,0.001,0.006,25.0,25.0,planned,fill_5x_water,,,
64eab4384a5e,,60,Nd,3,CCCCCCCCCCCCN(CCCCCCCCCCCC)C(=O)COCCOCC(=O)N(CCCCCCCCCCCC)CCCCCCCCCCCC,CCCCCCCCCCCCN(CCCCCCCCCCCC)C(=O)COCCOCC(=O)N(CCCCCCCCCCCC)CCCCCCCCCCCC,"[26, 28, 31, 34]","[""O(amide_carbonyl)"", ""O(ether)"", ""O(ether)"", ""O(amide_carbonyl)""]",4,9,2,water,water,1,60|CCCCCCCCCCCCN(CCCCCCCCCCCC)C(=O)COCCOCC(=O)N(CCCCCCCCCCCC)CCCCCCCCCCCC|water,4,1,acid_class=nitrate|acid_strength_bin=trace|nitrate_activity=trace|pH_bin=missing|diluent_family=aliphatic_hydrocarbon|modifier_class=none|temperature_bin=ambient|contact_time_bin=short|shaking_time_bin=missing|phase_ratio_bin=missing,0.001,0.006,25.0,25.0,planned,fill_5x_water,,,
849d9b5c14f1,,62,Sm,3,CCCCCCCCCCCCN(CCCCCCCCCCCC)C(=O)COCCOCC(=O)N(CCCCCCCCCCCC)CCCCCCCCCCCC,CCCCCCCCCCCCN(CCCCCCCCCCCC)C(=O)COCCOCC(=O)N(CCCCCCCCCCCC)CCCCCCCCCCCC,"[26, 28, 31, 34]","[""O(amide_carbonyl)"", ""O(ether)"", ""O(ether)"", ""O(amide_carbonyl)""]",4,9,2,water,water,1,62|CCCCCCCCCCCCN(CCCCCCCCCCCC)C(=O)COCCOCC(=O)N(CCCCCCCCCCCC)CCCCCCCCCCCC|water,4,1,acid_class=nitrate|acid_strength_bin=trace|nitrate_activity=trace|pH_bin=missing|diluent_family=aliphatic_hydrocarbon|modifier_class=none|temperature_bin=ambient|contact_time_bin=short|shaking_time_bin=missing|phase_ratio_bin=missing,0.001,0.006,25.0,25.0,planned,fill_5x_water,,,
bd3b6d612c1f,,63,Eu,3,CCCCCCCCCCCCN(CCCCCCCCCCCC)C(=O)COCCOCC(=O)N(CCCCCCCCCCCC)CCCCCCCCCCCC,CCCCCCCCCCCCN(CCCCCCCCCCCC)C(=O)COCCOCC(=O)N(CCCCCCCCCCCC)CCCCCCCCCCCC,"[26, 28, 31, 34]","[""O(amide_carbonyl)"", ""O(ether)"", ""O(ether)"", ""O(amide_carbonyl)""]",4,9,2,water,water,1,63|CCCCCCCCCCCCN(CCCCCCCCCCCC)C(=O)COCCOCC(=O)N(CCCCCCCCCCCC)CCCCCCCCCCCC|water,4,1,acid_class=nitrate|acid_strength_bin=trace|nitrate_activity=trace|pH_bin=missing|diluent_family=aliphatic_hydrocarbon|modifier_class=none|temperature_bin=ambient|contact_time_bin=short|shaking_time_bin=missing|phase_ratio_bin=missing,0.001,0.006,25.0,25.0,planned,fill_5x_water,,,
b8f750590859,,64,Gd,3,CCCCCCCCCCCCN(CCCCCCCCCCCC)C(=O)COCCOCC(=O)N(CCCCCCCCCCCC)CCCCCCCCCCCC,CCCCCCCCCCCCN(CCCCCCCCCCCC)C(=O)COCCOCC(=O)N(CCCCCCCCCCCC)CCCCCCCCCCCC,"[26, 28, 31, 34]","[""O(amide_carbonyl)"", ""O(ether)"", ""O(ether)"", ""O(amide_carbonyl)""]",4,9,2,water,water,1,64|CCCCCCCCCCCCN(CCCCCCCCCCCC)C(=O)COCCOCC(=O)N(CCCCCCCCCCCC)CCCCCCCCCCCC|water,4,1,acid_class=nitrate|acid_strength_bin=trace|nitrate_activity=trace|pH_bin=missing|diluent_family=aliphatic_hydrocarbon|modifier_class=none|temperature_bin=ambient|contact_time_bin=short|shaking_time_bin=missing|phase_ratio_bin=missing,0.001,0.006,25.0,25.0,planned,fill_5x_water,,,
71135eb07a7d,,65,Tb,3,CCCCCCCCCCCCN(CCCCCCCCCCCC)C(=O)COCCOCC(=O)N(CCCCCCCCCCCC)CCCCCCCCCCCC,CCCCCCCCCCCCN(CCCCCCCCCCCC)C(=O)COCCOCC(=O)N(CCCCCCCCCCCC)CCCCCCCCCCCC,"[26, 28, 31, 34]","[""O(amide_carbonyl)"", ""O(ether)"", ""O(ether)"", ""O(amide_carbonyl)""]",4,8,2,water,water,0,65|CCCCCCCCCCCCN(CCCCCCCCCCCC)C(=O)COCCOCC(=O)N(CCCCCCCCCCCC)CCCCCCCCCCCC|water,4,1,acid_class=nitrate|acid_strength_bin=trace|nitrate_activity=trace|pH_bin=missing|diluent_family=aliphatic_hydrocarbon|modifier_class=none|temperature_bin=ambient|contact_time_bin=short|shaking_time_bin=missing|phase_ratio_bin=missing,0.001,0.006,25.0,25.0,planned,fill_4x_water,,,
f91982a596b6,,66,Dy,3,CCCCCCCCCCCCN(CCCCCCCCCCCC)C(=O)COCCOCC(=O)N(CCCCCCCCCCCC)CCCCCCCCCCCC,CCCCCCCCCCCCN(CCCCCCCCCCCC)C(=O)COCCOCC(=O)N(CCCCCCCCCCCC)CCCCCCCCCCCC,"[26, 28, 31, 34]","[""O(amide_carbonyl)"", ""O(ether)"", ""O(ether)"", ""O(amide_carbonyl)""]",4,8,2,water,water,0,66|CCCCCCCCCCCCN(CCCCCCCCCCCC)C(=O)COCCOCC(=O)N(CCCCCCCCCCCC)CCCCCCCCCCCC|water,4,1,acid_class=nitrate|acid_strength_bin=trace|nitrate_activity=trace|pH_bin=missing|diluent_family=aliphatic_hydrocarbon|modifier_class=none|temperature_bin=ambient|contact_time_bin=short|shaking_time_bin=missing|phase_ratio_bin=missing,0.001,0.006,25.0,25.0,planned,fill_4x_water,,,
7b117768e0c1,,67,Ho,3,CCCCCCCCCCCCN(CCCCCCCCCCCC)C(=O)COCCOCC(=O)N(CCCCCCCCCCCC)CCCCCCCCCCCC,CCCCCCCCCCCCN(CCCCCCCCCCCC)C(=O)COCCOCC(=O)N(CCCCCCCCCCCC)CCCCCCCCCCCC,"[26, 28, 31, 34]","[""O(amide_carbonyl)"", ""O(ether)"", ""O(ether)"", ""O(amide_carbonyl)""]",4,8,2,water,water,0,67|CCCCCCCCCCCCN(CCCCCCCCCCCC)C(=O)COCCOCC(=O)N(CCCCCCCCCCCC)CCCCCCCCCCCC|water,4,1,acid_class=nitrate|acid_strength_bin=trace|nitrate_activity=trace|pH_bin=missing|diluent_family=aliphatic_hydrocarbon|modifier_class=none|temperature_bin=ambient|contact_time_bin=short|shaking_time_bin=missing|phase_ratio_bin=missing,0.001,0.006,25.0,25.0,planned,fill_4x_water,,,
9549b9713c8b,,68,Er,3,CCCCCCCCCCCCN(CCCCCCCCCCCC)C(=O)COCCOCC(=O)N(CCCCCCCCCCCC)CCCCCCCCCCCC,CCCCCCCCCCCCN(CCCCCCCCCCCC)C(=O)COCCOCC(=O)N(CCCCCCCCCCCC)CCCCCCCCCCCC,"[26, 28, 31, 34]","[""O(amide_carbonyl)"", ""O(ether)"", ""O(ether)"", ""O(amide_carbonyl)""]",4,8,2,water,water,0,68|CCCCCCCCCCCCN(CCCCCCCCCCCC)C(=O)COCCOCC(=O)N(CCCCCCCCCCCC)CCCCCCCCCCCC|water,4,1,acid_class=nitrate|acid_strength_bin=trace|nitrate_activity=trace|pH_bin=missing|diluent_family=aliphatic_hydrocarbon|modifier_class=none|temperature_bin=ambient|contact_time_bin=short|shaking_time_bin=missing|phase_ratio_bin=missing,0.001,0.006,25.0,25.0,planned,fill_4x_water,,,
288f94dc47a0,,69,Tm,3,CCCCCCCCCCCCN(CCCCCCCCCCCC)C(=O)COCCOCC(=O)N(CCCCCCCCCCCC)CCCCCCCCCCCC,CCCCCCCCCCCCN(CCCCCCCCCCCC)C(=O)COCCOCC(=O)N(CCCCCCCCCCCC)CCCCCCCCCCCC,"[26, 28, 31, 34]","[""O(amide_carbonyl)"", ""O(ether)"", ""O(ether)"", ""O(amide_carbonyl)""]",4,8,2,water,water,0,69|CCCCCCCCCCCCN(CCCCCCCCCCCC)C(=O)COCCOCC(=O)N(CCCCCCCCCCCC)CCCCCCCCCCCC|water,4,1,acid_class=nitrate|acid_strength_bin=trace|nitrate_activity=trace|pH_bin=missing|diluent_family=aliphatic_hydrocarbon|modifier_class=none|temperature_bin=ambient|contact_time_bin=short|shaking_time_bin=missing|phase_ratio_bin=missing,0.001,0.006,25.0,25.0,planned,fill_4x_water,,,
ccd7dd4dc900,,70,Yb,3,CCCCCCCCCCCCN(CCCCCCCCCCCC)C(=O)COCCOCC(=O)N(CCCCCCCCCCCC)CCCCCCCCCCCC,CCCCCCCCCCCCN(CCCCCCCCCCCC)C(=O)COCCOCC(=O)N(CCCCCCCCCCCC)CCCCCCCCCCCC,"[26, 28, 31, 34]","[""O(amide_carbonyl)"", ""O(ether)"", ""O(ether)"", ""O(amide_carbonyl)""]",4,8,2,water,water,0,70|CCCCCCCCCCCCN(CCCCCCCCCCCC)C(=O)COCCOCC(=O)N(CCCCCCCCCCCC)CCCCCCCCCCCC|water,4,1,acid_class=nitrate|acid_strength_bin=trace|nitrate_activity=trace|pH_bin=missing|diluent_family=aliphatic_hydrocarbon|modifier_class=none|temperature_bin=ambient|contact_time_bin=short|shaking_time_bin=missing|phase_ratio_bin=missing,0.001,0.006,25.0,25.0,planned,fill_4x_water,,,
cce95ad37f1c,,71,Lu,3,CCCCCCCCCCCCN(CCCCCCCCCCCC)C(=O)COCCOCC(=O)N(CCCCCCCCCCCC)CCCCCCCCCCCC,CCCCCCCCCCCCN(CCCCCCCCCCCC)C(=O)COCCOCC(=O)N(CCCCCCCCCCCC)CCCCCCCCCCCC,"[26, 28, 31, 34]","[""O(amide_carbonyl)"", ""O(ether)"", ""O(ether)"", ""O(amide_carbonyl)""]",4,8,2,water,water,0,71|CCCCCCCCCCCCN(CCCCCCCCCCCC)C(=O)COCCOCC(=O)N(CCCCCCCCCCCC)CCCCCCCCCCCC|water,4,1,acid_class=nitrate|acid_strength_bin=trace|nitrate_activity=trace|pH_bin=missing|diluent_family=aliphatic_hydrocarbon|modifier_class=none|temperature_bin=ambient|contact_time_bin=short|shaking_time_bin=missing|phase_ratio_bin=missing,0.001,0.006,25.0,25.0,planned,fill_4x_water,,,
35604f886abb,,57,La,3,CCCCCCCCCCN(CCCCCCCCCC)C(=O)[C@H](C)O[C@H](CC)C(=O)N(CCCCCCCCCC)CCCCCCCCCC,CCCCCCCCCCN(CCCCCCCCCC)C(=O)[C@H](C)O[C@H](CC)C(=O)N(CCCCCCCCCC)CCCCCCCCCC,"[22, 25, 30]","[""O(amide_carbonyl)"", ""O(ether)"", ""O(amide_carbonyl)""]",3,9,3,nitrate,nitrate,0,57|CCCCCCCCCCN(CCCCCCCCCC)C(=O)[C@H](C)O[C@H](CC)C(=O)N(CCCCCCCCCC)CCCCCCCCCC|nitrate,1,1,acid_class=nitrate|acid_strength_bin=very_high|nitrate_activity=very_high|pH_bin=missing|diluent_family=aliphatic_hydrocarbon|modifier_class=none|temperature_bin=ambient|contact_time_bin=medium|shaking_time_bin=missing|phase_ratio_bin=missing,7.4,7.4,22.0,22.0,planned,ok,,,
4a2a29392892,,58,Ce,3,CCCCCCCCCCN(CCCCCCCCCC)C(=O)[C@H](C)O[C@H](CC)C(=O)N(CCCCCCCCCC)CCCCCCCCCC,CCCCCCCCCCN(CCCCCCCCCC)C(=O)[C@H](C)O[C@H](CC)C(=O)N(CCCCCCCCCC)CCCCCCCCCC,"[22, 25, 30]","[""O(amide_carbonyl)"", ""O(ether)"", ""O(amide_carbonyl)""]",3,9,3,nitrate,nitrate,0,58|CCCCCCCCCCN(CCCCCCCCCC)C(=O)[C@H](C)O[C@H](CC)C(=O)N(CCCCCCCCCC)CCCCCCCCCC|nitrate,1,1,acid_class=nitrate|acid_strength_bin=very_high|nitrate_activity=very_high|pH_bin=missing|diluent_family=aliphatic_hydrocarbon|modifier_class=none|temperature_bin=ambient|contact_time_bin=medium|shaking_time_bin=missing|phase_ratio_bin=missing,7.4,7.4,22.0,22.0,planned,ok,,,
7671ea468d74,,59,Pr,3,CCCCCCCCCCN(CCCCCCCCCC)C(=O)[C@H](C)O[C@H](CC)C(=O)N(CCCCCCCCCC)CCCCCCCCCC,CCCCCCCCCCN(CCCCCCCCCC)C(=O)[C@H](C)O[C@H](CC)C(=O)N(CCCCCCCCCC)CCCCCCCCCC,"[22, 25, 30]","[""O(amide_carbonyl)"", ""O(ether)"", ""O(amide_carbonyl)""]",3,9,3,nitrate,nitrate,0,59|CCCCCCCCCCN(CCCCCCCCCC)C(=O)[C@H](C)O[C@H](CC)C(=O)N(CCCCCCCCCC)CCCCCCCCCC|nitrate,1,1,acid_class=nitrate|acid_strength_bin=very_high|nitrate_activity=very_high|pH_bin=missing|diluent_family=aliphatic_hydrocarbon|modifier_class=none|temperature_bin=ambient|contact_time_bin=medium|shaking_time_bin=missing|phase_ratio_bin=missing,7.4,7.4,22.0,22.0,planned,ok,,,
bb5c3fb1d709,,60,Nd,3,CCCCCCCCCCN(CCCCCCCCCC)C(=O)[C@H](C)O[C@H](CC)C(=O)N(CCCCCCCCCC)CCCCCCCCCC,CCCCCCCCCCN(CCCCCCCCCC)C(=O)[C@H](C)O[C@H](CC)C(=O)N(CCCCCCCCCC)CCCCCCCCCC,"[22, 25, 30]","[""O(amide_carbonyl)"", ""O(ether)"", ""O(amide_carbonyl)""]",3,9,3,nitrate,nitrate,0,60|CCCCCCCCCCN(CCCCCCCCCC)C(=O)[C@H](C)O[C@H](CC)C(=O)N(CCCCCCCCCC)CCCCCCCCCC|nitrate,1,1,acid_class=nitrate|acid_strength_bin=very_high|nitrate_activity=very_high|pH_bin=missing|diluent_family=aliphatic_hydrocarbon|modifier_class=none|temperature_bin=ambient|contact_time_bin=medium|shaking_time_bin=missing|phase_ratio_bin=missing,7.4,7.4,22.0,22.0,planned,ok,,,
4b9e6f47ed6d,,62,Sm,3,CCCCCCCCCCN(CCCCCCCCCC)C(=O)[C@H](C)O[C@H](CC)C(=O)N(CCCCCCCCCC)CCCCCCCCCC,CCCCCCCCCCN(CCCCCCCCCC)C(=O)[C@H](C)O[C@H](CC)C(=O)N(CCCCCCCCCC)CCCCCCCCCC,"[22, 25, 30]","[""O(amide_carbonyl)"", ""O(ether)"", ""O(amide_carbonyl)""]",3,9,3,nitrate,nitrate,0,62|CCCCCCCCCCN(CCCCCCCCCC)C(=O)[C@H](C)O[C@H](CC)C(=O)N(CCCCCCCCCC)CCCCCCCCCC|nitrate,1,1,acid_class=nitrate|acid_strength_bin=very_high|nitrate_activity=very_high|pH_bin=missing|diluent_family=aliphatic_hydrocarbon|modifier_class=none|temperature_bin=ambient|contact_time_bin=medium|shaking_time_bin=missing|phase_ratio_bin=missing,7.4,7.4,22.0,22.0,planned,ok,,,
86140b949960,,63,Eu,3,CCCCCCCCCCN(CCCCCCCCCC)C(=O)[C@H](C)O[C@H](CC)C(=O)N(CCCCCCCCCC)CCCCCCCCCC,CCCCCCCCCCN(CCCCCCCCCC)C(=O)[C@H](C)O[C@H](CC)C(=O)N(CCCCCCCCCC)CCCCCCCCCC,"[22, 25, 30]","[""O(amide_carbonyl)"", ""O(ether)"", ""O(amide_carbonyl)""]",3,9,3,nitrate,nitrate,0,63|CCCCCCCCCCN(CCCCCCCCCC)C(=O)[C@H](C)O[C@H](CC)C(=O)N(CCCCCCCCCC)CCCCCCCCCC|nitrate,1,1,acid_class=nitrate|acid_strength_bin=very_high|nitrate_activity=very_high|pH_bin=missing|diluent_family=aliphatic_hydrocarbon|modifier_class=none|temperature_bin=ambient|contact_time_bin=medium|shaking_time_bin=missing|phase_ratio_bin=missing,7.4,7.4,22.0,22.0,planned,ok,,,
dc61383f4cc6,,64,Gd,3,CCCCCCCCCCN(CCCCCCCCCC)C(=O)[C@H](C)O[C@H](CC)C(=O)N(CCCCCCCCCC)CCCCCCCCCC,CCCCCCCCCCN(CCCCCCCCCC)C(=O)[C@H](C)O[C@H](CC)C(=O)N(CCCCCCCCCC)CCCCCCCCCC,"[22, 25, 30]","[""O(amide_carbonyl)"", ""O(ether)"", ""O(amide_carbonyl)""]",3,9,3,nitrate,nitrate,0,64|CCCCCCCCCCN(CCCCCCCCCC)C(=O)[C@H](C)O[C@H](CC)C(=O)N(CCCCCCCCCC)CCCCCCCCCC|nitrate,1,1,acid_class=nitrate|acid_strength_bin=very_high|nitrate_activity=very_high|pH_bin=missing|diluent_family=aliphatic_hydrocarbon|modifier_class=none|temperature_bin=ambient|contact_time_bin=medium|shaking_time_bin=missing|phase_ratio_bin=missing,7.4,7.4,22.0,22.0,planned,ok,,,
6ebdcf56451b,,65,Tb,3,CCCCCCCCCCN(CCCCCCCCCC)C(=O)[C@H](C)O[C@H](CC)C(=O)N(CCCCCCCCCC)CCCCCCCCCC,CCCCCCCCCCN(CCCCCCCCCC)C(=O)[C@H](C)O[C@H](CC)C(=O)N(CCCCCCCCCC)CCCCCCCCCC,"[22, 25, 30]","[""O(amide_carbonyl)"", ""O(ether)"", ""O(amide_carbonyl)""]",3,8,2,nitrate,nitrate,2,65|CCCCCCCCCCN(CCCCCCCCCC)C(=O)[C@H](C)O[C@H](CC)C(=O)N(CCCCCCCCCC)CCCCCCCCCC|nitrate,1,1,acid_class=nitrate|acid_strength_bin=very_high|nitrate_activity=very_high|pH_bin=missing|diluent_family=aliphatic_hydrocarbon|modifier_class=none|temperature_bin=ambient|contact_time_bin=medium|shaking_time_bin=missing|phase_ratio_bin=missing,7.4,7.4,22.0,22.0,planned,fill_2x_nitrate,,,
b7bfe4c62b95,,66,Dy,3,CCCCCCCCCCN(CCCCCCCCCC)C(=O)[C@H](C)O[C@H](CC)C(=O)N(CCCCCCCCCC)CCCCCCCCCC,CCCCCCCCCCN(CCCCCCCCCC)C(=O)[C@H](C)O[C@H](CC)C(=O)N(CCCCCCCCCC)CCCCCCCCCC,"[22, 25, 30]","[""O(amide_carbonyl)"", ""O(ether)"", ""O(amide_carbonyl)""]",3,8,2,nitrate,nitrate,2,66|CCCCCCCCCCN(CCCCCCCCCC)C(=O)[C@H](C)O[C@H](CC)C(=O)N(CCCCCCCCCC)CCCCCCCCCC|nitrate,1,1,acid_class=nitrate|acid_strength_bin=very_high|nitrate_activity=very_high|pH_bin=missing|diluent_family=aliphatic_hydrocarbon|modifier_class=none|temperature_bin=ambient|contact_time_bin=medium|shaking_time_bin=missing|phase_ratio_bin=missing,7.4,7.4,22.0,22.0,planned,fill_2x_nitrate,,,
b808ea3d9637,,67,Ho,3,CCCCCCCCCCN(CCCCCCCCCC)C(=O)[C@H](C)O[C@H](CC)C(=O)N(CCCCCCCCCC)CCCCCCCCCC,CCCCCCCCCCN(CCCCCCCCCC)C(=O)[C@H](C)O[C@H](CC)C(=O)N(CCCCCCCCCC)CCCCCCCCCC,"[22, 25, 30]","[""O(amide_carbonyl)"", ""O(ether)"", ""O(amide_carbonyl)""]",3,8,2,nitrate,nitrate,2,67|CCCCCCCCCCN(CCCCCCCCCC)C(=O)[C@H](C)O[C@H](CC)C(=O)N(CCCCCCCCCC)CCCCCCCCCC|nitrate,1,1,acid_class=nitrate|acid_strength_bin=very_high|nitrate_activity=very_high|pH_bin=missing|diluent_family=aliphatic_hydrocarbon|modifier_class=none|temperature_bin=ambient|contact_time_bin=medium|shaking_time_bin=missing|phase_ratio_bin=missing,7.4,7.4,22.0,22.0,planned,fill_2x_nitrate,,,
dc8e155c1f6f,,68,Er,3,CCCCCCCCCCN(CCCCCCCCCC)C(=O)[C@H](C)O[C@H](CC)C(=O)N(CCCCCCCCCC)CCCCCCCCCC,CCCCCCCCCCN(CCCCCCCCCC)C(=O)[C@H](C)O[C@H](CC)C(=O)N(CCCCCCCCCC)CCCCCCCCCC,"[22, 25, 30]","[""O(amide_carbonyl)"", ""O(ether)"", ""O(amide_carbonyl)""]",3,8,2,nitrate,nitrate,2,68|CCCCCCCCCCN(CCCCCCCCCC)C(=O)[C@H](C)O[C@H](CC)C(=O)N(CCCCCCCCCC)CCCCCCCCCC|nitrate,1,1,acid_class=nitrate|acid_strength_bin=very_high|nitrate_activity=very_high|pH_bin=missing|diluent_family=aliphatic_hydrocarbon|modifier_class=none|temperature_bin=ambient|contact_time_bin=medium|shaking_time_bin=missing|phase_ratio_bin=missing,7.4,7.4,22.0,22.0,planned,fill_2x_nitrate,,,
48ffc9681d72,,69,Tm,3,CCCCCCCCCCN(CCCCCCCCCC)C(=O)[C@H](C)O[C@H](CC)C(=O)N(CCCCCCCCCC)CCCCCCCCCC,CCCCCCCCCCN(CCCCCCCCCC)C(=O)[C@H](C)O[C@H](CC)C(=O)N(CCCCCCCCCC)CCCCCCCCCC,"[22, 25, 30]","[""O(amide_carbonyl)"", ""O(ether)"", ""O(amide_carbonyl)""]",3,8,2,nitrate,nitrate,2,69|CCCCCCCCCCN(CCCCCCCCCC)C(=O)[C@H](C)O[C@H](CC)C(=O)N(CCCCCCCCCC)CCCCCCCCCC|nitrate,1,1,acid_class=nitrate|acid_strength_bin=very_high|nitrate_activity=very_high|pH_bin=missing|diluent_family=aliphatic_hydrocarbon|modifier_class=none|temperature_bin=ambient|contact_time_bin=medium|shaking_time_bin=missing|phase_ratio_bin=missing,7.4,7.4,22.0,22.0,planned,fill_2x_nitrate,,,
1d85f3ac9e11,,70,Yb,3,CCCCCCCCCCN(CCCCCCCCCC)C(=O)[C@H](C)O[C@H](CC)C(=O)N(CCCCCCCCCC)CCCCCCCCCC,CCCCCCCCCCN(CCCCCCCCCC)C(=O)[C@H](C)O[C@H](CC)C(=O)N(CCCCCCCCCC)CCCCCCCCCC,"[22, 25, 30]","[""O(amide_carbonyl)"", ""O(ether)"", ""O(amide_carbonyl)""]",3,8,2,nitrate,nitrate,2,70|CCCCCCCCCCN(CCCCCCCCCC)C(=O)[C@H](C)O[C@H](CC)C(=O)N(CCCCCCCCCC)CCCCCCCCCC|nitrate,1,1,acid_class=nitrate|acid_strength_bin=very_high|nitrate_activity=very_high|pH_bin=missing|diluent_family=aliphatic_hydrocarbon|modifier_class=none|temperature_bin=ambient|contact_time_bin=medium|shaking_time_bin=missing|phase_ratio_bin=missing,7.4,7.4,22.0,22.0,planned,fill_2x_nitrate,,,
64800e3c0b9b,,71,Lu,3,CCCCCCCCCCN(CCCCCCCCCC)C(=O)[C@H](C)O[C@H](CC)C(=O)N(CCCCCCCCCC)CCCCCCCCCC,CCCCCCCCCCN(CCCCCCCCCC)C(=O)[C@H](C)O[C@H](CC)C(=O)N(CCCCCCCCCC)CCCCCCCCCC,"[22, 25, 30]","[""O(amide_carbonyl)"", ""O(ether)"", ""O(amide_carbonyl)""]",3,8,2,nitrate,nitrate,2,71|CCCCCCCCCCN(CCCCCCCCCC)C(=O)[C@H](C)O[C@H](CC)C(=O)N(CCCCCCCCCC)CCCCCCCCCC|nitrate,1,1,acid_class=nitrate|acid_strength_bin=very_high|nitrate_activity=very_high|pH_bin=missing|diluent_family=aliphatic_hydrocarbon|modifier_class=none|temperature_bin=ambient|contact_time_bin=medium|shaking_time_bin=missing|phase_ratio_bin=missing,7.4,7.4,22.0,22.0,planned,fill_2x_nitrate,,,
e6f1d9a5abba,,57,La,3,CCCCCCCCN(CCCCCCCC)C(=O)[C@H](CCC)O[C@H](CCC)C(=O)N(CCCCCCCC)CCCCCCCC,CCCCCCCCN(CCCCCCCC)C(=O)[C@H](CCC)O[C@H](CCC)C(=O)N(CCCCCCCC)CCCCCCCC,"[18, 23, 29]","[""O(amide_carbonyl)"", ""O(ether)"", ""O(amide_carbonyl)""]",3,9,3,nitrate,nitrate,0,57|CCCCCCCCN(CCCCCCCC)C(=O)[C@H](CCC)O[C@H](CCC)C(=O)N(CCCCCCCC)CCCCCCCC|nitrate,1,1,acid_class=nitrate|acid_strength_bin=very_high|nitrate_activity=very_high|pH_bin=missing|diluent_family=aliphatic_hydrocarbon|modifier_class=none|temperature_bin=ambient|contact_time_bin=medium|shaking_time_bin=missing|phase_ratio_bin=missing,7.4,7.4,22.0,22.0,planned,ok,,,
71027d67add4,,58,Ce,3,CCCCCCCCN(CCCCCCCC)C(=O)[C@H](CCC)O[C@H](CCC)C(=O)N(CCCCCCCC)CCCCCCCC,CCCCCCCCN(CCCCCCCC)C(=O)[C@H](CCC)O[C@H](CCC)C(=O)N(CCCCCCCC)CCCCCCCC,"[18, 23, 29]","[""O(amide_carbonyl)"", ""O(ether)"", ""O(amide_carbonyl)""]",3,9,3,nitrate,nitrate,0,58|CCCCCCCCN(CCCCCCCC)C(=O)[C@H](CCC)O[C@H](CCC)C(=O)N(CCCCCCCC)CCCCCCCC|nitrate,1,1,acid_class=nitrate|acid_strength_bin=very_high|nitrate_activity=very_high|pH_bin=missing|diluent_family=aliphatic_hydrocarbon|modifier_class=none|temperature_bin=ambient|contact_time_bin=medium|shaking_time_bin=missing|phase_ratio_bin=missing,7.4,7.4,22.0,22.0,planned,ok,,,
62889dab346c,,59,Pr,3,CCCCCCCCN(CCCCCCCC)C(=O)[C@H](CCC)O[C@H](CCC)C(=O)N(CCCCCCCC)CCCCCCCC,CCCCCCCCN(CCCCCCCC)C(=O)[C@H](CCC)O[C@H](CCC)C(=O)N(CCCCCCCC)CCCCCCCC,"[18, 23, 29]","[""O(amide_carbonyl)"", ""O(ether)"", ""O(amide_carbonyl)""]",3,9,3,nitrate,nitrate,0,59|CCCCCCCCN(CCCCCCCC)C(=O)[C@H](CCC)O[C@H](CCC)C(=O)N(CCCCCCCC)CCCCCCCC|nitrate,1,1,acid_class=nitrate|acid_strength_bin=very_high|nitrate_activity=very_high|pH_bin=missing|diluent_family=aliphatic_hydrocarbon|modifier_class=none|temperature_bin=ambient|contact_time_bin=medium|shaking_time_bin=missing|phase_ratio_bin=missing,7.4,7.4,22.0,22.0,planned,ok,,,
4ff73e9a6d59,,60,Nd,3,CCCCCCCCN(CCCCCCCC)C(=O)[C@H](CCC)O[C@H](CCC)C(=O)N(CCCCCCCC)CCCCCCCC,CCCCCCCCN(CCCCCCCC)C(=O)[C@H](CCC)O[C@H](CCC)C(=O)N(CCCCCCCC)CCCCCCCC,"[18, 23, 29]","[""O(amide_carbonyl)"", ""O(ether)"", ""O(amide_carbonyl)""]",3,9,3,nitrate,nitrate,0,60|CCCCCCCCN(CCCCCCCC)C(=O)[C@H](CCC)O[C@H](CCC)C(=O)N(CCCCCCCC)CCCCCCCC|nitrate,1,1,acid_class=nitrate|acid_strength_bin=very_high|nitrate_activity=very_high|pH_bin=missing|diluent_family=aliphatic_hydrocarbon|modifier_class=none|temperature_bin=ambient|contact_time_bin=medium|shaking_time_bin=missing|phase_ratio_bin=missing,7.4,7.4,22.0,22.0,planned,ok,,,
8a40905d102b,,62,Sm,3,CCCCCCCCN(CCCCCCCC)C(=O)[C@H](CCC)O[C@H](CCC)C(=O)N(CCCCCCCC)CCCCCCCC,CCCCCCCCN(CCCCCCCC)C(=O)[C@H](CCC)O[C@H](CCC)C(=O)N(CCCCCCCC)CCCCCCCC,"[18, 23, 29]","[""O(amide_carbonyl)"", ""O(ether)"", ""O(amide_carbonyl)""]",3,9,3,nitrate,nitrate,0,62|CCCCCCCCN(CCCCCCCC)C(=O)[C@H](CCC)O[C@H](CCC)C(=O)N(CCCCCCCC)CCCCCCCC|nitrate,1,1,acid_class=nitrate|acid_strength_bin=very_high|nitrate_activity=very_high|pH_bin=missing|diluent_family=aliphatic_hydrocarbon|modifier_class=none|temperature_bin=ambient|contact_time_bin=medium|shaking_time_bin=missing|phase_ratio_bin=missing,7.4,7.4,22.0,22.0,planned,ok,,,
192ab9676a31,,63,Eu,3,CCCCCCCCN(CCCCCCCC)C(=O)[C@H](CCC)O[C@H](CCC)C(=O)N(CCCCCCCC)CCCCCCCC,CCCCCCCCN(CCCCCCCC)C(=O)[C@H](CCC)O[C@H](CCC)C(=O)N(CCCCCCCC)CCCCCCCC,"[18, 23, 29]","[""O(amide_carbonyl)"", ""O(ether)"", ""O(amide_carbonyl)""]",3,9,3,nitrate,nitrate,0,63|CCCCCCCCN(CCCCCCCC)C(=O)[C@H](CCC)O[C@H](CCC)C(=O)N(CCCCCCCC)CCCCCCCC|nitrate,1,1,acid_class=nitrate|acid_strength_bin=very_high|nitrate_activity=very_high|pH_bin=missing|diluent_family=aliphatic_hydrocarbon|modifier_class=none|temperature_bin=ambient|contact_time_bin=medium|shaking_time_bin=missing|phase_ratio_bin=missing,7.4,7.4,22.0,22.0,planned,ok,,,
e9ec8b6cba4c,,64,Gd,3,CCCCCCCCN(CCCCCCCC)C(=O)[C@H](CCC)O[C@H](CCC)C(=O)N(CCCCCCCC)CCCCCCCC,CCCCCCCCN(CCCCCCCC)C(=O)[C@H](CCC)O[C@H](CCC)C(=O)N(CCCCCCCC)CCCCCCCC,"[18, 23, 29]","[""O(amide_carbonyl)"", ""O(ether)"", ""O(amide_carbonyl)""]",3,9,3,nitrate,nitrate,0,64|CCCCCCCCN(CCCCCCCC)C(=O)[C@H](CCC)O[C@H](CCC)C(=O)N(CCCCCCCC)CCCCCCCC|nitrate,1,1,acid_class=nitrate|acid_strength_bin=very_high|nitrate_activity=very_high|pH_bin=missing|diluent_family=aliphatic_hydrocarbon|modifier_class=none|temperature_bin=ambient|contact_time_bin=medium|shaking_time_bin=missing|phase_ratio_bin=missing,7.4,7.4,22.0,22.0,planned,ok,,,
67730a2cee7f,,65,Tb,3,CCCCCCCCN(CCCCCCCC)C(=O)[C@H](CCC)O[C@H](CCC)C(=O)N(CCCCCCCC)CCCCCCCC,CCCCCCCCN(CCCCCCCC)C(=O)[C@H](CCC)O[C@H](CCC)C(=O)N(CCCCCCCC)CCCCCCCC,"[18, 23, 29]","[""O(amide_carbonyl)"", ""O(ether)"", ""O(amide_carbonyl)""]",3,8,2,nitrate,nitrate,2,65|CCCCCCCCN(CCCCCCCC)C(=O)[C@H](CCC)O[C@H](CCC)C(=O)N(CCCCCCCC)CCCCCCCC|nitrate,1,1,acid_class=nitrate|acid_strength_bin=very_high|nitrate_activity=very_high|pH_bin=missing|diluent_family=aliphatic_hydrocarbon|modifier_class=none|temperature_bin=ambient|contact_time_bin=medium|shaking_time_bin=missing|phase_ratio_bin=missing,7.4,7.4,22.0,22.0,planned,fill_2x_nitrate,,,
e2618656e862,,66,Dy,3,CCCCCCCCN(CCCCCCCC)C(=O)[C@H](CCC)O[C@H](CCC)C(=O)N(CCCCCCCC)CCCCCCCC,CCCCCCCCN(CCCCCCCC)C(=O)[C@H](CCC)O[C@H](CCC)C(=O)N(CCCCCCCC)CCCCCCCC,"[18, 23, 29]","[""O(amide_carbonyl)"", ""O(ether)"", ""O(amide_carbonyl)""]",3,8,2,nitrate,nitrate,2,66|CCCCCCCCN(CCCCCCCC)C(=O)[C@H](CCC)O[C@H](CCC)C(=O)N(CCCCCCCC)CCCCCCCC|nitrate,1,1,acid_class=nitrate|acid_strength_bin=very_high|nitrate_activity=very_high|pH_bin=missing|diluent_family=aliphatic_hydrocarbon|modifier_class=none|temperature_bin=ambient|contact_time_bin=medium|shaking_time_bin=missing|phase_ratio_bin=missing,7.4,7.4,22.0,22.0,planned,fill_2x_nitrate,,,
1e92df557489,,67,Ho,3,CCCCCCCCN(CCCCCCCC)C(=O)[C@H](CCC)O[C@H](CCC)C(=O)N(CCCCCCCC)CCCCCCCC,CCCCCCCCN(CCCCCCCC)C(=O)[C@H](CCC)O[C@H](CCC)C(=O)N(CCCCCCCC)CCCCCCCC,"[18, 23, 29]","[""O(amide_carbonyl)"", ""O(ether)"", ""O(amide_carbonyl)""]",3,8,2,nitrate,nitrate,2,67|CCCCCCCCN(CCCCCCCC)C(=O)[C@H](CCC)O[C@H](CCC)C(=O)N(CCCCCCCC)CCCCCCCC|nitrate,1,1,acid_class=nitrate|acid_strength_bin=very_high|nitrate_activity=very_high|pH_bin=missing|diluent_family=aliphatic_hydrocarbon|modifier_class=none|temperature_bin=ambient|contact_time_bin=medium|shaking_time_bin=missing|phase_ratio_bin=missing,7.4,7.4,22.0,22.0,planned,fill_2x_nitrate,,,
644ba168e77c,,68,Er,3,CCCCCCCCN(CCCCCCCC)C(=O)[C@H](CCC)O[C@H](CCC)C(=O)N(CCCCCCCC)CCCCCCCC,CCCCCCCCN(CCCCCCCC)C(=O)[C@H](CCC)O[C@H](CCC)C(=O)N(CCCCCCCC)CCCCCCCC,"[18, 23, 29]","[""O(amide_carbonyl)"", ""O(ether)"", ""O(amide_carbonyl)""]",3,8,2,nitrate,nitrate,2,68|CCCCCCCCN(CCCCCCCC)C(=O)[C@H](CCC)O[C@H](CCC)C(=O)N(CCCCCCCC)CCCCCCCC|nitrate,1,1,acid_class=nitrate|acid_strength_bin=very_high|nitrate_activity=very_high|pH_bin=missing|diluent_family=aliphatic_hydrocarbon|modifier_class=none|temperature_bin=ambient|contact_time_bin=medium|shaking_time_bin=missing|phase_ratio_bin=missing,7.4,7.4,22.0,22.0,planned,fill_2x_nitrate,,,
a235e8694a87,,69,Tm,3,CCCCCCCCN(CCCCCCCC)C(=O)[C@H](CCC)O[C@H](CCC)C(=O)N(CCCCCCCC)CCCCCCCC,CCCCCCCCN(CCCCCCCC)C(=O)[C@H](CCC)O[C@H](CCC)C(=O)N(CCCCCCCC)CCCCCCCC,"[18, 23, 29]","[""O(amide_carbonyl)"", ""O(ether)"", ""O(amide_carbonyl)""]",3,8,2,nitrate,nitrate,2,69|CCCCCCCCN(CCCCCCCC)C(=O)[C@H](CCC)O[C@H](CCC)C(=O)N(CCCCCCCC)CCCCCCCC|nitrate,1,1,acid_class=nitrate|acid_strength_bin=very_high|nitrate_activity=very_high|pH_bin=missing|diluent_family=aliphatic_hydrocarbon|modifier_class=none|temperature_bin=ambient|contact_time_bin=medium|shaking_time_bin=missing|phase_ratio_bin=missing,7.4,7.4,22.0,22.0,planned,fill_2x_nitrate,,,
ab5843fab94e,,70,Yb,3,CCCCCCCCN(CCCCCCCC)C(=O)[C@H](CCC)O[C@H](CCC)C(=O)N(CCCCCCCC)CCCCCCCC,CCCCCCCCN(CCCCCCCC)C(=O)[C@H](CCC)O[C@H](CCC)C(=O)N(CCCCCCCC)CCCCCCCC,"[18, 23, 29]","[""O(amide_carbonyl)"", ""O(ether)"", ""O(amide_carbonyl)""]",3,8,2,nitrate,nitrate,2,70|CCCCCCCCN(CCCCCCCC)C(=O)[C@H](CCC)O[C@H](CCC)C(=O)N(CCCCCCCC)CCCCCCCC|nitrate,1,1,acid_class=nitrate|acid_strength_bin=very_high|nitrate_activity=very_high|pH_bin=missing|diluent_family=aliphatic_hydrocarbon|modifier_class=none|temperature_bin=ambient|contact_time_bin=medium|shaking_time_bin=missing|phase_ratio_bin=missing,7.4,7.4,22.0,22.0,planned,fill_2x_nitrate,,,
17304295db25,,71,Lu,3,CCCCCCCCN(CCCCCCCC)C(=O)[C@H](CCC)O[C@H](CCC)C(=O)N(CCCCCCCC)CCCCCCCC,CCCCCCCCN(CCCCCCCC)C(=O)[C@H](CCC)O[C@H](CCC)C(=O)N(CCCCCCCC)CCCCCCCC,"[18, 23, 29]","[""O(amide_carbonyl)"", ""O(ether)"", ""O(amide_carbonyl)""]",3,8,2,nitrate,nitrate,2,71|CCCCCCCCN(CCCCCCCC)C(=O)[C@H](CCC)O[C@H](CCC)C(=O)N(CCCCCCCC)CCCCCCCC|nitrate,1,1,acid_class=nitrate|acid_strength_bin=very_high|nitrate_activity=very_high|pH_bin=missing|diluent_family=aliphatic_hydrocarbon|modifier_class=none|temperature_bin=ambient|contact_time_bin=medium|shaking_time_bin=missing|phase_ratio_bin=missing,7.4,7.4,22.0,22.0,planned,fill_2x_nitrate,,,
38bcdcf8e36e,,57,La,3,CCCCCCCCN(CCCCCCCC)C(=O)[C@H](C)O[C@@H](CC)C(=O)N(CCCCCCCC)CCCCCCCC,CCCCCCCCN(CCCCCCCC)C(=O)[C@H](C)O[C@@H](CC)C(=O)N(CCCCCCCC)CCCCCCCC,"[18, 21, 26]","[""O(amide_carbonyl)"", ""O(ether)"", ""O(amide_carbonyl)""]",3,9,3,nitrate,nitrate,0,57|CCCCCCCCN(CCCCCCCC)C(=O)[C@H](C)O[C@@H](CC)C(=O)N(CCCCCCCC)CCCCCCCC|nitrate,1,1,acid_class=nitrate|acid_strength_bin=very_high|nitrate_activity=very_high|pH_bin=missing|diluent_family=aliphatic_hydrocarbon|modifier_class=none|temperature_bin=ambient|contact_time_bin=medium|shaking_time_bin=missing|phase_ratio_bin=missing,7.4,7.4,22.0,22.0,planned,ok,,,
c845df018794,,58,Ce,3,CCCCCCCCN(CCCCCCCC)C(=O)[C@H](C)O[C@@H](CC)C(=O)N(CCCCCCCC)CCCCCCCC,CCCCCCCCN(CCCCCCCC)C(=O)[C@H](C)O[C@@H](CC)C(=O)N(CCCCCCCC)CCCCCCCC,"[18, 21, 26]","[""O(amide_carbonyl)"", ""O(ether)"", ""O(amide_carbonyl)""]",3,9,3,nitrate,nitrate,0,58|CCCCCCCCN(CCCCCCCC)C(=O)[C@H](C)O[C@@H](CC)C(=O)N(CCCCCCCC)CCCCCCCC|nitrate,1,1,acid_class=nitrate|acid_strength_bin=very_high|nitrate_activity=very_high|pH_bin=missing|diluent_family=aliphatic_hydrocarbon|modifier_class=none|temperature_bin=ambient|contact_time_bin=medium|shaking_time_bin=missing|phase_ratio_bin=missing,7.4,7.4,22.0,22.0,planned,ok,,,
67b06e1b77e3,,59,Pr,3,CCCCCCCCN(CCCCCCCC)C(=O)[C@H](C)O[C@@H](CC)C(=O)N(CCCCCCCC)CCCCCCCC,CCCCCCCCN(CCCCCCCC)C(=O)[C@H](C)O[C@@H](CC)C(=O)N(CCCCCCCC)CCCCCCCC,"[18, 21, 26]","[""O(amide_carbonyl)"", ""O(ether)"", ""O(amide_carbonyl)""]",3,9,3,nitrate,nitrate,0,59|CCCCCCCCN(CCCCCCCC)C(=O)[C@H](C)O[C@@H](CC)C(=O)N(CCCCCCCC)CCCCCCCC|nitrate,1,1,acid_class=nitrate|acid_strength_bin=very_high|nitrate_activity=very_high|pH_bin=missing|diluent_family=aliphatic_hydrocarbon|modifier_class=none|temperature_bin=ambient|contact_time_bin=medium|shaking_time_bin=missing|phase_ratio_bin=missing,7.4,7.4,22.0,22.0,planned,ok,,,
7ba552465e9f,,60,Nd,3,CCCCCCCCN(CCCCCCCC)C(=O)[C@H](C)O[C@@H](CC)C(=O)N(CCCCCCCC)CCCCCCCC,CCCCCCCCN(CCCCCCCC)C(=O)[C@H](C)O[C@@H](CC)C(=O)N(CCCCCCCC)CCCCCCCC,"[18, 21, 26]","[""O(amide_carbonyl)"", ""O(ether)"", ""O(amide_carbonyl)""]",3,9,3,nitrate,nitrate,0,60|CCCCCCCCN(CCCCCCCC)C(=O)[C@H](C)O[C@@H](CC)C(=O)N(CCCCCCCC)CCCCCCCC|nitrate,1,1,acid_class=nitrate|acid_strength_bin=very_high|nitrate_activity=very_high|pH_bin=missing|diluent_family=aliphatic_hydrocarbon|modifier_class=none|temperature_bin=ambient|contact_time_bin=medium|shaking_time_bin=missing|phase_ratio_bin=missing,7.4,7.4,22.0,22.0,planned,ok,,,
ac443d1a57b1,,62,Sm,3,CCCCCCCCN(CCCCCCCC)C(=O)[C@H](C)O[C@@H](CC)C(=O)N(CCCCCCCC)CCCCCCCC,CCCCCCCCN(CCCCCCCC)C(=O)[C@H](C)O[C@@H](CC)C(=O)N(CCCCCCCC)CCCCCCCC,"[18, 21, 26]","[""O(amide_carbonyl)"", ""O(ether)"", ""O(amide_carbonyl)""]",3,9,3,nitrate,nitrate,0,62|CCCCCCCCN(CCCCCCCC)C(=O)[C@H](C)O[C@@H](CC)C(=O)N(CCCCCCCC)CCCCCCCC|nitrate,1,1,acid_class=nitrate|acid_strength_bin=very_high|nitrate_activity=very_high|pH_bin=missing|diluent_family=aliphatic_hydrocarbon|modifier_class=none|temperature_bin=ambient|contact_time_bin=medium|shaking_time_bin=missing|phase_ratio_bin=missing,7.4,7.4,22.0,22.0,planned,ok,,,
f5dfe43c4b49,,64,Gd,3,CCCCCCCCN(CCCCCCCC)C(=O)[C@H](C)O[C@@H](CC)C(=O)N(CCCCCCCC)CCCCCCCC,CCCCCCCCN(CCCCCCCC)C(=O)[C@H](C)O[C@@H](CC)C(=O)N(CCCCCCCC)CCCCCCCC,"[18, 21, 26]","[""O(amide_carbonyl)"", ""O(ether)"", ""O(amide_carbonyl)""]",3,9,3,nitrate,nitrate,0,64|CCCCCCCCN(CCCCCCCC)C(=O)[C@H](C)O[C@@H](CC)C(=O)N(CCCCCCCC)CCCCCCCC|nitrate,1,1,acid_class=nitrate|acid_strength_bin=very_high|nitrate_activity=very_high|pH_bin=missing|diluent_family=aliphatic_hydrocarbon|modifier_class=none|temperature_bin=ambient|contact_time_bin=medium|shaking_time_bin=missing|phase_ratio_bin=missing,7.4,7.4,22.0,22.0,planned,ok,,,
92e9b82aaf06,,65,Tb,3,CCCCCCCCN(CCCCCCCC)C(=O)[C@H](C)O[C@@H](CC)C(=O)N(CCCCCCCC)CCCCCCCC,CCCCCCCCN(CCCCCCCC)C(=O)[C@H](C)O[C@@H](CC)C(=O)N(CCCCCCCC)CCCCCCCC,"[18, 21, 26]","[""O(amide_carbonyl)"", ""O(ether)"", ""O(amide_carbonyl)""]",3,8,2,nitrate,nitrate,2,65|CCCCCCCCN(CCCCCCCC)C(=O)[C@H](C)O[C@@H](CC)C(=O)N(CCCCCCCC)CCCCCCCC|nitrate,1,1,acid_class=nitrate|acid_strength_bin=very_high|nitrate_activity=very_high|pH_bin=missing|diluent_family=aliphatic_hydrocarbon|modifier_class=none|temperature_bin=ambient|contact_time_bin=medium|shaking_time_bin=missing|phase_ratio_bin=missing,7.4,7.4,22.0,22.0,planned,fill_2x_nitrate,,,
66cc8b0df11e,,66,Dy,3,CCCCCCCCN(CCCCCCCC)C(=O)[C@H](C)O[C@@H](CC)C(=O)N(CCCCCCCC)CCCCCCCC,CCCCCCCCN(CCCCCCCC)C(=O)[C@H](C)O[C@@H](CC)C(=O)N(CCCCCCCC)CCCCCCCC,"[18, 21, 26]","[""O(amide_carbonyl)"", ""O(ether)"", ""O(amide_carbonyl)""]",3,8,2,nitrate,nitrate,2,66|CCCCCCCCN(CCCCCCCC)C(=O)[C@H](C)O[C@@H](CC)C(=O)N(CCCCCCCC)CCCCCCCC|nitrate,1,1,acid_class=nitrate|acid_strength_bin=very_high|nitrate_activity=very_high|pH_bin=missing|diluent_family=aliphatic_hydrocarbon|modifier_class=none|temperature_bin=ambient|contact_time_bin=medium|shaking_time_bin=missing|phase_ratio_bin=missing,7.4,7.4,22.0,22.0,planned,fill_2x_nitrate,,,
12150b672fa2,,67,Ho,3,CCCCCCCCN(CCCCCCCC)C(=O)[C@H](C)O[C@@H](CC)C(=O)N(CCCCCCCC)CCCCCCCC,CCCCCCCCN(CCCCCCCC)C(=O)[C@H](C)O[C@@H](CC)C(=O)N(CCCCCCCC)CCCCCCCC,"[18, 21, 26]","[""O(amide_carbonyl)"", ""O(ether)"", ""O(amide_carbonyl)""]",3,8,2,nitrate,nitrate,2,67|CCCCCCCCN(CCCCCCCC)C(=O)[C@H](C)O[C@@H](CC)C(=O)N(CCCCCCCC)CCCCCCCC|nitrate,1,1,acid_class=nitrate|acid_strength_bin=very_high|nitrate_activity=very_high|pH_bin=missing|diluent_family=aliphatic_hydrocarbon|modifier_class=none|temperature_bin=ambient|contact_time_bin=medium|shaking_time_bin=missing|phase_ratio_bin=missing,7.4,7.4,22.0,22.0,planned,fill_2x_nitrate,,,
00a6ad5de760,,68,Er,3,CCCCCCCCN(CCCCCCCC)C(=O)[C@H](C)O[C@@H](CC)C(=O)N(CCCCCCCC)CCCCCCCC,CCCCCCCCN(CCCCCCCC)C(=O)[C@H](C)O[C@@H](CC)C(=O)N(CCCCCCCC)CCCCCCCC,"[18, 21, 26]","[""O(amide_carbonyl)"", ""O(ether)"", ""O(amide_carbonyl)""]",3,8,2,nitrate,nitrate,2,68|CCCCCCCCN(CCCCCCCC)C(=O)[C@H](C)O[C@@H](CC)C(=O)N(CCCCCCCC)CCCCCCCC|nitrate,1,1,acid_class=nitrate|acid_strength_bin=very_high|nitrate_activity=very_high|pH_bin=missing|diluent_family=aliphatic_hydrocarbon|modifier_class=none|temperature_bin=ambient|contact_time_bin=medium|shaking_time_bin=missing|phase_ratio_bin=missing,7.4,7.4,22.0,22.0,planned,fill_2x_nitrate,,,
ab5942bd2a10,,69,Tm,3,CCCCCCCCN(CCCCCCCC)C(=O)[C@H](C)O[C@@H](CC)C(=O)N(CCCCCCCC)CCCCCCCC,CCCCCCCCN(CCCCCCCC)C(=O)[C@H](C)O[C@@H](CC)C(=O)N(CCCCCCCC)CCCCCCCC,"[18, 21, 26]","[""O(amide_carbonyl)"", ""O(ether)"", ""O(amide_carbonyl)""]",3,8,2,nitrate,nitrate,2,69|CCCCCCCCN(CCCCCCCC)C(=O)[C@H](C)O[C@@H](CC)C(=O)N(CCCCCCCC)CCCCCCCC|nitrate,1,1,acid_class=nitrate|acid_strength_bin=very_high|nitrate_activity=very_high|pH_bin=missing|diluent_family=aliphatic_hydrocarbon|modifier_class=none|temperature_bin=ambient|contact_time_bin=medium|shaking_time_bin=missing|phase_ratio_bin=missing,7.4,7.4,22.0,22.0,planned,fill_2x_nitrate,,,
997308866060,,70,Yb,3,CCCCCCCCN(CCCCCCCC)C(=O)[C@H](C)O[C@@H](CC)C(=O)N(CCCCCCCC)CCCCCCCC,CCCCCCCCN(CCCCCCCC)C(=O)[C@H](C)O[C@@H](CC)C(=O)N(CCCCCCCC)CCCCCCCC,"[18, 21, 26]","[""O(amide_carbonyl)"", ""O(ether)"", ""O(amide_carbonyl)""]",3,8,2,nitrate,nitrate,2,70|CCCCCCCCN(CCCCCCCC)C(=O)[C@H](C)O[C@@H](CC)C(=O)N(CCCCCCCC)CCCCCCCC|nitrate,1,1,acid_class=nitrate|acid_strength_bin=very_high|nitrate_activity=very_high|pH_bin=missing|diluent_family=aliphatic_hydrocarbon|modifier_class=none|temperature_bin=ambient|contact_time_bin=medium|shaking_time_bin=missing|phase_ratio_bin=missing,7.4,7.4,22.0,22.0,planned,fill_2x_nitrate,,,
ffd50c00b3c9,,71,Lu,3,CCCCCCCCN(CCCCCCCC)C(=O)[C@H](C)O[C@@H](CC)C(=O)N(CCCCCCCC)CCCCCCCC,CCCCCCCCN(CCCCCCCC)C(=O)[C@H](C)O[C@@H](CC)C(=O)N(CCCCCCCC)CCCCCCCC,"[18, 21, 26]","[""O(amide_carbonyl)"", ""O(ether)"", ""O(amide_carbonyl)""]",3,8,2,nitrate,nitrate,2,71|CCCCCCCCN(CCCCCCCC)C(=O)[C@H](C)O[C@@H](CC)C(=O)N(CCCCCCCC)CCCCCCCC|nitrate,1,1,acid_class=nitrate|acid_strength_bin=very_high|nitrate_activity=very_high|pH_bin=missing|diluent_family=aliphatic_hydrocarbon|modifier_class=none|temperature_bin=ambient|contact_time_bin=medium|shaking_time_bin=missing|phase_ratio_bin=missing,7.4,7.4,22.0,22.0,planned,fill_2x_nitrate,,,
8f6217e6a4f8,,57,La,3,CCCCCCCCCCN(CCCCCCCCCC)C(=O)[C@H](CCC)O[C@H](CCC)C(=O)N(CCCCCCCCCC)CCCCCCCCCC,CCCCCCCCCCN(CCCCCCCCCC)C(=O)[C@H](CCC)O[C@H](CCC)C(=O)N(CCCCCCCCCC)CCCCCCCCCC,"[22, 27, 33]","[""O(amide_carbonyl)"", ""O(ether)"", ""O(amide_carbonyl)""]",3,9,3,nitrate,nitrate,0,57|CCCCCCCCCCN(CCCCCCCCCC)C(=O)[C@H](CCC)O[C@H](CCC)C(=O)N(CCCCCCCCCC)CCCCCCCCCC|nitrate,1,1,acid_class=nitrate|acid_strength_bin=very_high|nitrate_activity=very_high|pH_bin=missing|diluent_family=aliphatic_hydrocarbon|modifier_class=none|temperature_bin=ambient|contact_time_bin=medium|shaking_time_bin=missing|phase_ratio_bin=missing,7.4,7.4,22.0,22.0,planned,ok,,,
f5babe805079,,58,Ce,3,CCCCCCCCCCN(CCCCCCCCCC)C(=O)[C@H](CCC)O[C@H](CCC)C(=O)N(CCCCCCCCCC)CCCCCCCCCC,CCCCCCCCCCN(CCCCCCCCCC)C(=O)[C@H](CCC)O[C@H](CCC)C(=O)N(CCCCCCCCCC)CCCCCCCCCC,"[22, 27, 33]","[""O(amide_carbonyl)"", ""O(ether)"", ""O(amide_carbonyl)""]",3,9,3,nitrate,nitrate,0,58|CCCCCCCCCCN(CCCCCCCCCC)C(=O)[C@H](CCC)O[C@H](CCC)C(=O)N(CCCCCCCCCC)CCCCCCCCCC|nitrate,1,1,acid_class=nitrate|acid_strength_bin=very_high|nitrate_activity=very_high|pH_bin=missing|diluent_family=aliphatic_hydrocarbon|modifier_class=none|temperature_bin=ambient|contact_time_bin=medium|shaking_time_bin=missing|phase_ratio_bin=missing,7.4,7.4,22.0,22.0,planned,ok,,,
b32a7a896194,,59,Pr,3,CCCCCCCCCCN(CCCCCCCCCC)C(=O)[C@H](CCC)O[C@H](CCC)C(=O)N(CCCCCCCCCC)CCCCCCCCCC,CCCCCCCCCCN(CCCCCCCCCC)C(=O)[C@H](CCC)O[C@H](CCC)C(=O)N(CCCCCCCCCC)CCCCCCCCCC,"[22, 27, 33]","[""O(amide_carbonyl)"", ""O(ether)"", ""O(amide_carbonyl)""]",3,9,3,nitrate,nitrate,0,59|CCCCCCCCCCN(CCCCCCCCCC)C(=O)[C@H](CCC)O[C@H](CCC)C(=O)N(CCCCCCCCCC)CCCCCCCCCC|nitrate,1,1,acid_class=nitrate|acid_strength_bin=very_high|nitrate_activity=very_high|pH_bin=missing|diluent_family=aliphatic_hydrocarbon|modifier_class=none|temperature_bin=ambient|contact_time_bin=medium|shaking_time_bin=missing|phase_ratio_bin=missing,7.4,7.4,22.0,22.0,planned,ok,,,
e5884e16a6fa,,60,Nd,3,CCCCCCCCCCN(CCCCCCCCCC)C(=O)[C@H](CCC)O[C@H](CCC)C(=O)N(CCCCCCCCCC)CCCCCCCCCC,CCCCCCCCCCN(CCCCCCCCCC)C(=O)[C@H](CCC)O[C@H](CCC)C(=O)N(CCCCCCCCCC)CCCCCCCCCC,"[22, 27, 33]","[""O(amide_carbonyl)"", ""O(ether)"", ""O(amide_carbonyl)""]",3,9,3,nitrate,nitrate,0,60|CCCCCCCCCCN(CCCCCCCCCC)C(=O)[C@H](CCC)O[C@H](CCC)C(=O)N(CCCCCCCCCC)CCCCCCCCCC|nitrate,1,1,acid_class=nitrate|acid_strength_bin=very_high|nitrate_activity=very_high|pH_bin=missing|diluent_family=aliphatic_hydrocarbon|modifier_class=none|temperature_bin=ambient|contact_time_bin=medium|shaking_time_bin=missing|phase_ratio_bin=missing,7.4,7.4,22.0,22.0,planned,ok,,,
774b9b571613,,62,Sm,3,CCCCCCCCCCN(CCCCCCCCCC)C(=O)[C@H](CCC)O[C@H](CCC)C(=O)N(CCCCCCCCCC)CCCCCCCCCC,CCCCCCCCCCN(CCCCCCCCCC)C(=O)[C@H](CCC)O[C@H](CCC)C(=O)N(CCCCCCCCCC)CCCCCCCCCC,"[22, 27, 33]","[""O(amide_carbonyl)"", ""O(ether)"", ""O(amide_carbonyl)""]",3,9,3,nitrate,nitrate,0,62|CCCCCCCCCCN(CCCCCCCCCC)C(=O)[C@H](CCC)O[C@H](CCC)C(=O)N(CCCCCCCCCC)CCCCCCCCCC|nitrate,1,1,acid_class=nitrate|acid_strength_bin=very_high|nitrate_activity=very_high|pH_bin=missing|diluent_family=aliphatic_hydrocarbon|modifier_class=none|temperature_bin=ambient|contact_time_bin=medium|shaking_time_bin=missing|phase_ratio_bin=missing,7.4,7.4,22.0,22.0,planned,ok,,,
d8e5a70b033d,,63,Eu,3,CCCCCCCCCCN(CCCCCCCCCC)C(=O)[C@H](CCC)O[C@H](CCC)C(=O)N(CCCCCCCCCC)CCCCCCCCCC,CCCCCCCCCCN(CCCCCCCCCC)C(=O)[C@H](CCC)O[C@H](CCC)C(=O)N(CCCCCCCCCC)CCCCCCCCCC,"[22, 27, 33]","[""O(amide_carbonyl)"", ""O(ether)"", ""O(amide_carbonyl)""]",3,9,3,nitrate,nitrate,0,63|CCCCCCCCCCN(CCCCCCCCCC)C(=O)[C@H](CCC)O[C@H](CCC)C(=O)N(CCCCCCCCCC)CCCCCCCCCC|nitrate,1,1,acid_class=nitrate|acid_strength_bin=very_high|nitrate_activity=very_high|pH_bin=missing|diluent_family=aliphatic_hydrocarbon|modifier_class=none|temperature_bin=ambient|contact_time_bin=medium|shaking_time_bin=missing|phase_ratio_bin=missing,7.4,7.4,22.0,22.0,planned,ok,,,
616c00e0345b,,64,Gd,3,CCCCCCCCCCN(CCCCCCCCCC)C(=O)[C@H](CCC)O[C@H](CCC)C(=O)N(CCCCCCCCCC)CCCCCCCCCC,CCCCCCCCCCN(CCCCCCCCCC)C(=O)[C@H](CCC)O[C@H](CCC)C(=O)N(CCCCCCCCCC)CCCCCCCCCC,"[22, 27, 33]","[""O(amide_carbonyl)"", ""O(ether)"", ""O(amide_carbonyl)""]",3,9,3,nitrate,nitrate,0,64|CCCCCCCCCCN(CCCCCCCCCC)C(=O)[C@H](CCC)O[C@H](CCC)C(=O)N(CCCCCCCCCC)CCCCCCCCCC|nitrate,1,1,acid_class=nitrate|acid_strength_bin=very_high|nitrate_activity=very_high|pH_bin=missing|diluent_family=aliphatic_hydrocarbon|modifier_class=none|temperature_bin=ambient|contact_time_bin=medium|shaking_time_bin=missing|phase_ratio_bin=missing,7.4,7.4,22.0,22.0,planned,ok,,,
3ca0ac76038b,,65,Tb,3,CCCCCCCCCCN(CCCCCCCCCC)C(=O)[C@H](CCC)O[C@H](CCC)C(=O)N(CCCCCCCCCC)CCCCCCCCCC,CCCCCCCCCCN(CCCCCCCCCC)C(=O)[C@H](CCC)O[C@H](CCC)C(=O)N(CCCCCCCCCC)CCCCCCCCCC,"[22, 27, 33]","[""O(amide_carbonyl)"", ""O(ether)"", ""O(amide_carbonyl)""]",3,8,2,nitrate,nitrate,2,65|CCCCCCCCCCN(CCCCCCCCCC)C(=O)[C@H](CCC)O[C@H](CCC)C(=O)N(CCCCCCCCCC)CCCCCCCCCC|nitrate,1,1,acid_class=nitrate|acid_strength_bin=very_high|nitrate_activity=very_high|pH_bin=missing|diluent_family=aliphatic_hydrocarbon|modifier_class=none|temperature_bin=ambient|contact_time_bin=medium|shaking_time_bin=missing|phase_ratio_bin=missing,7.4,7.4,22.0,22.0,planned,fill_2x_nitrate,,,
c23d9f998f3e,,66,Dy,3,CCCCCCCCCCN(CCCCCCCCCC)C(=O)[C@H](CCC)O[C@H](CCC)C(=O)N(CCCCCCCCCC)CCCCCCCCCC,CCCCCCCCCCN(CCCCCCCCCC)C(=O)[C@H](CCC)O[C@H](CCC)C(=O)N(CCCCCCCCCC)CCCCCCCCCC,"[22, 27, 33]","[""O(amide_carbonyl)"", ""O(ether)"", ""O(amide_carbonyl)""]",3,8,2,nitrate,nitrate,2,66|CCCCCCCCCCN(CCCCCCCCCC)C(=O)[C@H](CCC)O[C@H](CCC)C(=O)N(CCCCCCCCCC)CCCCCCCCCC|nitrate,1,1,acid_class=nitrate|acid_strength_bin=very_high|nitrate_activity=very_high|pH_bin=missing|diluent_family=aliphatic_hydrocarbon|modifier_class=none|temperature_bin=ambient|contact_time_bin=medium|shaking_time_bin=missing|phase_ratio_bin=missing,7.4,7.4,22.0,22.0,planned,fill_2x_nitrate,,,
196e9237ccfb,,67,Ho,3,CCCCCCCCCCN(CCCCCCCCCC)C(=O)[C@H](CCC)O[C@H](CCC)C(=O)N(CCCCCCCCCC)CCCCCCCCCC,CCCCCCCCCCN(CCCCCCCCCC)C(=O)[C@H](CCC)O[C@H](CCC)C(=O)N(CCCCCCCCCC)CCCCCCCCCC,"[22, 27, 33]","[""O(amide_carbonyl)"", ""O(ether)"", ""O(amide_carbonyl)""]",3,8,2,nitrate,nitrate,2,67|CCCCCCCCCCN(CCCCCCCCCC)C(=O)[C@H](CCC)O[C@H](CCC)C(=O)N(CCCCCCCCCC)CCCCCCCCCC|nitrate,1,1,acid_class=nitrate|acid_strength_bin=very_high|nitrate_activity=very_high|pH_bin=missing|diluent_family=aliphatic_hydrocarbon|modifier_class=none|temperature_bin=ambient|contact_time_bin=medium|shaking_time_bin=missing|phase_ratio_bin=missing,7.4,7.4,22.0,22.0,planned,fill_2x_nitrate,,,
92aa293d5923,,68,Er,3,CCCCCCCCCCN(CCCCCCCCCC)C(=O)[C@H](CCC)O[C@H](CCC)C(=O)N(CCCCCCCCCC)CCCCCCCCCC,CCCCCCCCCCN(CCCCCCCCCC)C(=O)[C@H](CCC)O[C@H](CCC)C(=O)N(CCCCCCCCCC)CCCCCCCCCC,"[22, 27, 33]","[""O(amide_carbonyl)"", ""O(ether)"", ""O(amide_carbonyl)""]",3,8,2,nitrate,nitrate,2,68|CCCCCCCCCCN(CCCCCCCCCC)C(=O)[C@H](CCC)O[C@H](CCC)C(=O)N(CCCCCCCCCC)CCCCCCCCCC|nitrate,1,1,acid_class=nitrate|acid_strength_bin=very_high|nitrate_activity=very_high|pH_bin=missing|diluent_family=aliphatic_hydrocarbon|modifier_class=none|temperature_bin=ambient|contact_time_bin=medium|shaking_time_bin=missing|phase_ratio_bin=missing,7.4,7.4,22.0,22.0,planned,fill_2x_nitrate,,,
287e7462a808,,69,Tm,3,CCCCCCCCCCN(CCCCCCCCCC)C(=O)[C@H](CCC)O[C@H](CCC)C(=O)N(CCCCCCCCCC)CCCCCCCCCC,CCCCCCCCCCN(CCCCCCCCCC)C(=O)[C@H](CCC)O[C@H](CCC)C(=O)N(CCCCCCCCCC)CCCCCCCCCC,"[22, 27, 33]","[""O(amide_carbonyl)"", ""O(ether)"", ""O(amide_carbonyl)""]",3,8,2,nitrate,nitrate,2,69|CCCCCCCCCCN(CCCCCCCCCC)C(=O)[C@H](CCC)O[C@H](CCC)C(=O)N(CCCCCCCCCC)CCCCCCCCCC|nitrate,1,1,acid_class=nitrate|acid_strength_bin=very_high|nitrate_activity=very_high|pH_bin=missing|diluent_family=aliphatic_hydrocarbon|modifier_class=none|temperature_bin=ambient|contact_time_bin=medium|shaking_time_bin=missing|phase_ratio_bin=missing,7.4,7.4,22.0,22.0,planned,fill_2x_nitrate,,,
0d4aaa41f2b0,,70,Yb,3,CCCCCCCCCCN(CCCCCCCCCC)C(=O)[C@H](CCC)O[C@H](CCC)C(=O)N(CCCCCCCCCC)CCCCCCCCCC,CCCCCCCCCCN(CCCCCCCCCC)C(=O)[C@H](CCC)O[C@H](CCC)C(=O)N(CCCCCCCCCC)CCCCCCCCCC,"[22, 27, 33]","[""O(amide_carbonyl)"", ""O(ether)"", ""O(amide_carbonyl)""]",3,8,2,nitrate,nitrate,2,70|CCCCCCCCCCN(CCCCCCCCCC)C(=O)[C@H](CCC)O[C@H](CCC)C(=O)N(CCCCCCCCCC)CCCCCCCCCC|nitrate,1,1,acid_class=nitrate|acid_strength_bin=very_high|nitrate_activity=very_high|pH_bin=missing|diluent_family=aliphatic_hydrocarbon|modifier_class=none|temperature_bin=ambient|contact_time_bin=medium|shaking_time_bin=missing|phase_ratio_bin=missing,7.4,7.4,22.0,22.0,planned,fill_2x_nitrate,,,
8ba2ae0e67b2,,63,Eu,3,CC12CCC(c3nnc(-c4cccc(-c5cccc(-c6nnc7c(n6)C6(C)CCC7C6(C)C)n5)n4)nc31)C2(C)C,CC12CCC(c3nnc(-c4cccc(-c5cccc(-c6nnc7c(n6)C6(C)CCC7C6(C)C)n5)n4)nc31)C2(C)C,"[6, 7, 20, 21, 24, 33, 34, 35]","[""N(aromatic)"", ""N(aromatic)"", ""N(aromatic)"", ""N(aromatic)"", ""N(aromatic)"", ""N(aromatic)"", ""N(aromatic)"", ""N(aromatic)""]",8,9,1,nitrate,nitrate,1,63|CC12CCC(c3nnc(-c4cccc(-c5cccc(-c6nnc7c(n6)C6(C)CCC7C6(C)C)n5)n4)nc31)C2(C)C|nitrate,14,2,acid_class=nitrate|acid_strength_bin=low|nitrate_activity=low|pH_bin=missing|diluent_family=alcohol_modifier|modifier_class=none|temperature_bin=ambient|contact_time_bin=short|shaking_time_bin=missing|phase_ratio_bin=missing;acid_class=nitrate|acid_strength_bin=medium|nitrate_activity=medium|pH_bin=missing|diluent_family=alcohol_modifier|modifier_class=none|temperature_bin=ambient|contact_time_bin=short|shaking_time_bin=missing|phase_ratio_bin=missing,0.3,1.0,20.0,20.0,planned,fill_5x_nitrate,,,
2b57b13ee8a3,,63,Eu,3,CC12CCC(c3nnc(-c4cccc(-c5nnc6c(n5)C5(C)CCC6C5(C)C)n4)nc31)C2(C)C,CC12CCC(c3nnc(-c4cccc(-c5nnc6c(n5)C5(C)CCC6C5(C)C)n4)nc31)C2(C)C,"[6, 7, 15, 16, 19, 28, 29]","[""N(aromatic)"", ""N(aromatic)"", ""N(aromatic)"", ""N(aromatic)"", ""N(aromatic)"", ""N(aromatic)"", ""N(aromatic)""]",7,9,1,nitrate,nitrate,2,63|CC12CCC(c3nnc(-c4cccc(-c5nnc6c(n5)C5(C)CCC6C5(C)C)n4)nc31)C2(C)C|nitrate,9,4,acid_class=nitrate|acid_strength_bin=high|nitrate_activity=high|pH_bin=missing|diluent_family=alcohol_modifier|modifier_class=none|temperature_bin=ambient|contact_time_bin=medium|shaking_time_bin=missing|phase_ratio_bin=missing;acid_class=nitrate|acid_strength_bin=low|nitrate_activity=low|pH_bin=missing|diluent_family=alcohol_modifier|modifier_class=none|temperature_bin=ambient|contact_time_bin=medium|shaking_time_bin=missing|phase_ratio_bin=missing;acid_class=nitrate|acid_strength_bin=low|nitrate_activity=low|pH_bin=missing|diluent_family=aliphatic_hydrocarbon|modifier_class=none|temperature_bin=ambient|contact_time_bin=missing|shaking_time_bin=missing|phase_ratio_bin=missing;acid_class=nitrate|acid_strength_bin=medium|nitrate_activity=medium|pH_bin=missing|diluent_family=alcohol_modifier|modifier_class=none|temperature_bin=ambient|contact_time_bin=medium|shaking_time_bin=missing|phase_ratio_bin=missing,0.1,3.0,20.0,20.0,planned,ok,,,
459f887bb756,,63,Eu,3,CCCCCc1nnc(-c2cccc(-c3cccc(-c4nnc(CCCCC)c(CCCCC)n4)n3)n2)nc1CCCCC,CCCCCc1nnc(-c2cccc(-c3cccc(-c4nnc(CCCCC)c(CCCCC)n4)n3)n2)nc1CCCCC,"[6, 7, 20, 21, 34, 35, 36, 37]","[""N(aromatic)"", ""N(aromatic)"", ""N(aromatic)"", ""N(aromatic)"", ""N(aromatic)"", ""N(aromatic)"", ""N(aromatic)"", ""N(aromatic)""]",8,9,1,water,water,1,63|CCCCCc1nnc(-c2cccc(-c3cccc(-c4nnc(CCCCC)c(CCCCC)n4)n3)n2)nc1CCCCC|water,43,5,acid_class=nitrate|acid_strength_bin=very_low|nitrate_activity=very_low|pH_bin=missing|diluent_family=alcohol_modifier|modifier_class=none|temperature_bin=ambient|contact_time_bin=missing|shaking_time_bin=missing|phase_ratio_bin=missing;acid_class=nitrate|acid_strength_bin=very_low|nitrate_activity=very_low|pH_bin=missing|diluent_family=aromatic|modifier_class=none|temperature_bin=ambient|contact_time_bin=missing|shaking_time_bin=missing|phase_ratio_bin=missing;acid_class=nitrate|acid_strength_bin=very_low|nitrate_activity=very_low|pH_bin=missing|diluent_family=other|modifier_class=none|temperature_bin=ambient|contact_time_bin=missing|shaking_time_bin=missing|phase_ratio_bin=missing;acid_class=nitrate|acid_strength_bin=very_low|nitrate_activity=very_low|pH_bin=missing|diluent_family=other|modifier_class=none|temperature_bin=cold|contact_time_bin=missing|shaking_time_bin=missing|phase_ratio_bin=missing;acid_class=perchlorate|acid_strength_bin=very_low|nitrate_activity=none|pH_bin=missing|diluent_family=aromatic|modifier_class=none|temperature_bin=ambient|contact_time_bin=missing|shaking_time_bin=missing|phase_ratio_bin=missing,0.01,0.01,10.0,30.0,planned,fill_5x_water,,,
b7e4a26801b1,,63,Eu,3,CCN(CC)C(=O)COc1c2cc(OC)cc1Cc1cc(OC)cc(c1OCC(=O)N(CC)CC)Cc1cc(OC)cc(c1OCC(=O)N(CC)CC)Cc1cc(OC)cc(c1OCC(=O)N(CC)CC)Cc1cc(OC)cc(c1OCC(=O)N(CC)CC)Cc1cc(OC)cc(c1OCC(=O)N(CC)CC)C2,CCN(CC)C(=O)COc1c2cc(OC)cc1Cc1cc(OC)cc(c1OCC(=O)N(CC)CC)Cc1cc(OC)cc(c1OCC(=O)N(CC)CC)Cc1cc(OC)cc(c1OCC(=O)N(CC)CC)Cc1cc(OC)cc(c1OCC(=O)N(CC)CC)Cc1cc(OC)cc(c1OCC(=O)N(CC)CC)C2,"[6, 8, 13]","[""O(amide_carbonyl)"", ""O(ether)"", ""O(ether)""]",3,9,3,nitrate,nitrate,0,63|CCN(CC)C(=O)COc1c2cc(OC)cc1Cc1cc(OC)cc(c1OCC(=O)N(CC)CC)Cc1cc(OC)cc(c1OCC(=O)N(CC)CC)Cc1cc(OC)cc(c1OCC(=O)N(CC)CC)Cc1cc(OC)cc(c1OCC(=O)N(CC)CC)Cc1cc(OC)cc(c1OCC(=O)N(CC)CC)C2|nitrate,1,1,acid_class=nitrate|acid_strength_bin=medium|nitrate_activity=medium|pH_bin=missing|diluent_family=nitroaromatic|modifier_class=none|temperature_bin=ambient|contact_time_bin=missing|shaking_time_bin=missing|phase_ratio_bin=missing,1.0,1.0,25.0,25.0,planned,ok,,,
115400ae3367,,57,La,3,CCCCCCOP(=O)(O)OCCCCCC,CCCCCCOP(=O)(O)OCCCCCC,"[6, 8, 9, 10]","[""O(ether)"", ""O(ether)"", ""O(hydroxyl)"", ""O(ether)""]",4,9,2,nitrate,nitrate,1,57|CCCCCCOP(=O)(O)OCCCCCC|nitrate,1,1,acid_class=nitrate|acid_strength_bin=medium|nitrate_activity=medium|pH_bin=missing|diluent_family=aliphatic_hydrocarbon|modifier_class=none|temperature_bin=ambient|contact_time_bin=missing|shaking_time_bin=missing|phase_ratio_bin=missing,1.0,1.0,25.0,25.0,planned,fill_1x_nitrate,,,
03c12597fa60,,58,Ce,3,CCCCCCOP(=O)(O)OCCCCCC,CCCCCCOP(=O)(O)OCCCCCC,"[6, 8, 9, 10]","[""O(ether)"", ""O(ether)"", ""O(hydroxyl)"", ""O(ether)""]",4,9,2,nitrate,nitrate,1,58|CCCCCCOP(=O)(O)OCCCCCC|nitrate,1,1,acid_class=nitrate|acid_strength_bin=medium|nitrate_activity=medium|pH_bin=missing|diluent_family=aliphatic_hydrocarbon|modifier_class=none|temperature_bin=ambient|contact_time_bin=missing|shaking_time_bin=missing|phase_ratio_bin=missing,1.0,1.0,25.0,25.0,planned,fill_1x_nitrate,,,
7c2f487582c7,,59,Pr,3,CCCCCCOP(=O)(O)OCCCCCC,CCCCCCOP(=O)(O)OCCCCCC,"[6, 8, 9, 10]","[""O(ether)"", ""O(ether)"", ""O(hydroxyl)"", ""O(ether)""]",4,9,2,nitrate,nitrate,1,59|CCCCCCOP(=O)(O)OCCCCCC|nitrate,1,1,acid_class=nitrate|acid_strength_bin=medium|nitrate_activity=medium|pH_bin=missing|diluent_family=aliphatic_hydrocarbon|modifier_class=none|temperature_bin=ambient|contact_time_bin=missing|shaking_time_bin=missing|phase_ratio_bin=missing,1.0,1.0,25.0,25.0,planned,fill_1x_nitrate,,,
cfff67068369,,62,Sm,3,CCCCCCOP(=O)(O)OCCCCCC,CCCCCCOP(=O)(O)OCCCCCC,"[6, 8, 9, 10]","[""O(ether)"", ""O(ether)"", ""O(hydroxyl)"", ""O(ether)""]",4,9,2,nitrate,nitrate,1,62|CCCCCCOP(=O)(O)OCCCCCC|nitrate,1,1,acid_class=nitrate|acid_strength_bin=medium|nitrate_activity=medium|pH_bin=missing|diluent_family=aliphatic_hydrocarbon|modifier_class=none|temperature_bin=ambient|contact_time_bin=missing|shaking_time_bin=missing|phase_ratio_bin=missing,1.0,1.0,25.0,25.0,planned,fill_1x_nitrate,,,
6b37907bfc14,,63,Eu,3,CCCCCCOP(=O)(O)OCCCCCC,CCCCCCOP(=O)(O)OCCCCCC,"[6, 8, 9, 10]","[""O(ether)"", ""O(ether)"", ""O(hydroxyl)"", ""O(ether)""]",4,9,2,nitrate,nitrate,1,63|CCCCCCOP(=O)(O)OCCCCCC|nitrate,1,1,acid_class=nitrate|acid_strength_bin=medium|nitrate_activity=medium|pH_bin=missing|diluent_family=aliphatic_hydrocarbon|modifier_class=none|temperature_bin=ambient|contact_time_bin=missing|shaking_time_bin=missing|phase_ratio_bin=missing,1.0,1.0,25.0,25.0,planned,fill_1x_nitrate,,,
0fbcda847eb3,,64,Gd,3,CCCCCCOP(=O)(O)OCCCCCC,CCCCCCOP(=O)(O)OCCCCCC,"[6, 8, 9, 10]","[""O(ether)"", ""O(ether)"", ""O(hydroxyl)"", ""O(ether)""]",4,9,2,nitrate,nitrate,1,64|CCCCCCOP(=O)(O)OCCCCCC|nitrate,1,1,acid_class=nitrate|acid_strength_bin=medium|nitrate_activity=medium|pH_bin=missing|diluent_family=aliphatic_hydrocarbon|modifier_class=none|temperature_bin=ambient|contact_time_bin=missing|shaking_time_bin=missing|phase_ratio_bin=missing,1.0,1.0,25.0,25.0,planned,fill_1x_nitrate,,,
5cfc95c5b8bd,,65,Tb,3,CCCCCCOP(=O)(O)OCCCCCC,CCCCCCOP(=O)(O)OCCCCCC,"[6, 8, 9, 10]","[""O(ether)"", ""O(ether)"", ""O(hydroxyl)"", ""O(ether)""]",4,8,2,nitrate,nitrate,0,65|CCCCCCOP(=O)(O)OCCCCCC|nitrate,1,1,acid_class=nitrate|acid_strength_bin=medium|nitrate_activity=medium|pH_bin=missing|diluent_family=aliphatic_hydrocarbon|modifier_class=none|temperature_bin=ambient|contact_time_bin=missing|shaking_time_bin=missing|phase_ratio_bin=missing,1.0,1.0,25.0,25.0,planned,ok,,,
5e4d792ef262,,66,Dy,3,CCCCCCOP(=O)(O)OCCCCCC,CCCCCCOP(=O)(O)OCCCCCC,"[6, 8, 9, 10]","[""O(ether)"", ""O(ether)"", ""O(hydroxyl)"", ""O(ether)""]",4,8,2,nitrate,nitrate,0,66|CCCCCCOP(=O)(O)OCCCCCC|nitrate,1,1,acid_class=nitrate|acid_strength_bin=medium|nitrate_activity=medium|pH_bin=missing|diluent_family=aliphatic_hydrocarbon|modifier_class=none|temperature_bin=ambient|contact_time_bin=missing|shaking_time_bin=missing|phase_ratio_bin=missing,1.0,1.0,25.0,25.0,planned,ok,,,
59fa2fc349b4,,67,Ho,3,CCCCCCOP(=O)(O)OCCCCCC,CCCCCCOP(=O)(O)OCCCCCC,"[6, 8, 9, 10]","[""O(ether)"", ""O(ether)"", ""O(hydroxyl)"", ""O(ether)""]",4,8,2,nitrate,nitrate,0,67|CCCCCCOP(=O)(O)OCCCCCC|nitrate,1,1,acid_class=nitrate|acid_strength_bin=medium|nitrate_activity=medium|pH_bin=missing|diluent_family=aliphatic_hydrocarbon|modifier_class=none|temperature_bin=ambient|contact_time_bin=missing|shaking_time_bin=missing|phase_ratio_bin=missing,1.0,1.0,25.0,25.0,planned,ok,,,
5c6b31d59222,,60,Nd,3,CCCCCCOP(=O)(O)OCCCCCC,CCCCCCOP(=O)(O)OCCCCCC,"[6, 8, 9, 10]","[""O(ether)"", ""O(ether)"", ""O(hydroxyl)"", ""O(ether)""]",4,9,2,nitrate,nitrate,1,60|CCCCCCOP(=O)(O)OCCCCCC|nitrate,1,1,acid_class=nitrate|acid_strength_bin=medium|nitrate_activity=medium|pH_bin=missing|diluent_family=aliphatic_hydrocarbon|modifier_class=none|temperature_bin=ambient|contact_time_bin=missing|shaking_time_bin=missing|phase_ratio_bin=missing,1.0,1.0,25.0,25.0,planned,fill_1x_nitrate,,,
c24902aaaf79,,60,Nd,3,CC12CCC(c3nnc(-c4cccc(-c5nnc6c(n5)C5(C)CCC6C5(C)C)n4)nc31)C2(C)C,CC12CCC(c3nnc(-c4cccc(-c5nnc6c(n5)C5(C)CCC6C5(C)C)n4)nc31)C2(C)C,"[6, 7, 15, 16, 19, 28, 29]","[""N(aromatic)"", ""N(aromatic)"", ""N(aromatic)"", ""N(aromatic)"", ""N(aromatic)"", ""N(aromatic)"", ""N(aromatic)""]",7,9,1,nitrate,nitrate,2,60|CC12CCC(c3nnc(-c4cccc(-c5nnc6c(n5)C5(C)CCC6C5(C)C)n4)nc31)C2(C)C|nitrate,1,1,acid_class=nitrate|acid_strength_bin=low|nitrate_activity=low|pH_bin=missing|diluent_family=aliphatic_hydrocarbon|modifier_class=none|temperature_bin=ambient|contact_time_bin=missing|shaking_time_bin=missing|phase_ratio_bin=missing,0.1,0.1,20.0,20.0,planned,ok,,,
86e8f93956e0,,57,La,3,CC12CCC(c3nnc(-c4cccc(-c5nnc6c(n5)C5(C)CCC6C5(C)C)n4)nc31)C2(C)C,CC12CCC(c3nnc(-c4cccc(-c5nnc6c(n5)C5(C)CCC6C5(C)C)n4)nc31)C2(C)C,"[6, 7, 15, 16, 19, 28, 29]","[""N(aromatic)"", ""N(aromatic)"", ""N(aromatic)"", ""N(aromatic)"", ""N(aromatic)"", ""N(aromatic)"", ""N(aromatic)""]",7,9,1,nitrate,nitrate,2,57|CC12CCC(c3nnc(-c4cccc(-c5nnc6c(n5)C5(C)CCC6C5(C)C)n4)nc31)C2(C)C|nitrate,1,1,acid_class=nitrate|acid_strength_bin=low|nitrate_activity=low|pH_bin=missing|diluent_family=aliphatic_hydrocarbon|modifier_class=none|temperature_bin=ambient|contact_time_bin=missing|shaking_time_bin=missing|phase_ratio_bin=missing,0.1,0.1,20.0,20.0,planned,ok,,,
a2a36cd7a4f4,,62,Sm,3,CC12CCC(c3nnc(-c4cccc(-c5nnc6c(n5)C5(C)CCC6C5(C)C)n4)nc31)C2(C)C,CC12CCC(c3nnc(-c4cccc(-c5nnc6c(n5)C5(C)CCC6C5(C)C)n4)nc31)C2(C)C,"[6, 7, 15, 16, 19, 28, 29]","[""N(aromatic)"", ""N(aromatic)"", ""N(aromatic)"", ""N(aromatic)"", ""N(aromatic)"", ""N(aromatic)"", ""N(aromatic)""]",7,9,1,nitrate,nitrate,2,62|CC12CCC(c3nnc(-c4cccc(-c5nnc6c(n5)C5(C)CCC6C5(C)C)n4)nc31)C2(C)C|nitrate,1,1,acid_class=nitrate|acid_strength_bin=low|nitrate_activity=low|pH_bin=missing|diluent_family=aliphatic_hydrocarbon|modifier_class=none|temperature_bin=ambient|contact_time_bin=missing|shaking_time_bin=missing|phase_ratio_bin=missing,0.1,0.1,20.0,20.0,planned,ok,,,
a000d0fe0bcb,,59,Pr,3,CC12CCC(c3nnc(-c4cccc(-c5nnc6c(n5)C5(C)CCC6C5(C)C)n4)nc31)C2(C)C,CC12CCC(c3nnc(-c4cccc(-c5nnc6c(n5)C5(C)CCC6C5(C)C)n4)nc31)C2(C)C,"[6, 7, 15, 16, 19, 28, 29]","[""N(aromatic)"", ""N(aromatic)"", ""N(aromatic)"", ""N(aromatic)"", ""N(aromatic)"", ""N(aromatic)"", ""N(aromatic)""]",7,9,1,nitrate,nitrate,2,59|CC12CCC(c3nnc(-c4cccc(-c5nnc6c(n5)C5(C)CCC6C5(C)C)n4)nc31)C2(C)C|nitrate,1,1,acid_class=nitrate|acid_strength_bin=low|nitrate_activity=low|pH_bin=missing|diluent_family=aliphatic_hydrocarbon|modifier_class=none|temperature_bin=ambient|contact_time_bin=missing|shaking_time_bin=missing|phase_ratio_bin=missing,0.1,0.1,20.0,20.0,planned,ok,,,
94022ba2aba3,,65,Tb,3,CC12CCC(c3nnc(-c4cccc(-c5nnc6c(n5)C5(C)CCC6C5(C)C)n4)nc31)C2(C)C,CC12CCC(c3nnc(-c4cccc(-c5nnc6c(n5)C5(C)CCC6C5(C)C)n4)nc31)C2(C)C,"[6, 7, 15, 16, 19, 28, 29]","[""N(aromatic)"", ""N(aromatic)"", ""N(aromatic)"", ""N(aromatic)"", ""N(aromatic)"", ""N(aromatic)"", ""N(aromatic)""]",7,8,1,nitrate,nitrate,1,65|CC12CCC(c3nnc(-c4cccc(-c5nnc6c(n5)C5(C)CCC6C5(C)C)n4)nc31)C2(C)C|nitrate,1,1,acid_class=nitrate|acid_strength_bin=low|nitrate_activity=low|pH_bin=missing|diluent_family=aliphatic_hydrocarbon|modifier_class=none|temperature_bin=ambient|contact_time_bin=missing|shaking_time_bin=missing|phase_ratio_bin=missing,0.1,0.1,20.0,20.0,planned,ok,,,
c155a4660cba,,66,Dy,3,CC12CCC(c3nnc(-c4cccc(-c5nnc6c(n5)C5(C)CCC6C5(C)C)n4)nc31)C2(C)C,CC12CCC(c3nnc(-c4cccc(-c5nnc6c(n5)C5(C)CCC6C5(C)C)n4)nc31)C2(C)C,"[6, 7, 15, 16, 19, 28, 29]","[""N(aromatic)"", ""N(aromatic)"", ""N(aromatic)"", ""N(aromatic)"", ""N(aromatic)"", ""N(aromatic)"", ""N(aromatic)""]",7,8,1,nitrate,nitrate,1,66|CC12CCC(c3nnc(-c4cccc(-c5nnc6c(n5)C5(C)CCC6C5(C)C)n4)nc31)C2(C)C|nitrate,1,1,acid_class=nitrate|acid_strength_bin=low|nitrate_activity=low|pH_bin=missing|diluent_family=aliphatic_hydrocarbon|modifier_class=none|temperature_bin=ambient|contact_time_bin=missing|shaking_time_bin=missing|phase_ratio_bin=missing,0.1,0.1,20.0,20.0,planned,ok,,,
1516d237b7fa,,64,Gd,3,CC12CCC(c3nnc(-c4cccc(-c5nnc6c(n5)C5(C)CCC6C5(C)C)n4)nc31)C2(C)C,CC12CCC(c3nnc(-c4cccc(-c5nnc6c(n5)C5(C)CCC6C5(C)C)n4)nc31)C2(C)C,"[6, 7, 15, 16, 19, 28, 29]","[""N(aromatic)"", ""N(aromatic)"", ""N(aromatic)"", ""N(aromatic)"", ""N(aromatic)"", ""N(aromatic)"", ""N(aromatic)""]",7,9,1,nitrate,nitrate,2,64|CC12CCC(c3nnc(-c4cccc(-c5nnc6c(n5)C5(C)CCC6C5(C)C)n4)nc31)C2(C)C|nitrate,1,1,acid_class=nitrate|acid_strength_bin=low|nitrate_activity=low|pH_bin=missing|diluent_family=aliphatic_hydrocarbon|modifier_class=none|temperature_bin=ambient|contact_time_bin=missing|shaking_time_bin=missing|phase_ratio_bin=missing,0.1,0.1,20.0,20.0,planned,ok,,,
46ce34695899,,68,Er,3,CC12CCC(c3nnc(-c4cccc(-c5nnc6c(n5)C5(C)CCC6C5(C)C)n4)nc31)C2(C)C,CC12CCC(c3nnc(-c4cccc(-c5nnc6c(n5)C5(C)CCC6C5(C)C)n4)nc31)C2(C)C,"[6, 7, 15, 16, 19, 28, 29]","[""N(aromatic)"", ""N(aromatic)"", ""N(aromatic)"", ""N(aromatic)"", ""N(aromatic)"", ""N(aromatic)"", ""N(aromatic)""]",7,8,1,nitrate,nitrate,1,68|CC12CCC(c3nnc(-c4cccc(-c5nnc6c(n5)C5(C)CCC6C5(C)C)n4)nc31)C2(C)C|nitrate,1,1,acid_class=nitrate|acid_strength_bin=low|nitrate_activity=low|pH_bin=missing|diluent_family=aliphatic_hydrocarbon|modifier_class=none|temperature_bin=ambient|contact_time_bin=missing|shaking_time_bin=missing|phase_ratio_bin=missing,0.1,0.1,20.0,20.0,planned,ok,,,
7b3aca9f455b,,69,Tm,3,CC12CCC(c3nnc(-c4cccc(-c5nnc6c(n5)C5(C)CCC6C5(C)C)n4)nc31)C2(C)C,CC12CCC(c3nnc(-c4cccc(-c5nnc6c(n5)C5(C)CCC6C5(C)C)n4)nc31)C2(C)C,"[6, 7, 15, 16, 19, 28, 29]","[""N(aromatic)"", ""N(aromatic)"", ""N(aromatic)"", ""N(aromatic)"", ""N(aromatic)"", ""N(aromatic)"", ""N(aromatic)""]",7,8,1,nitrate,nitrate,1,69|CC12CCC(c3nnc(-c4cccc(-c5nnc6c(n5)C5(C)CCC6C5(C)C)n4)nc31)C2(C)C|nitrate,1,1,acid_class=nitrate|acid_strength_bin=low|nitrate_activity=low|pH_bin=missing|diluent_family=aliphatic_hydrocarbon|modifier_class=none|temperature_bin=ambient|contact_time_bin=missing|shaking_time_bin=missing|phase_ratio_bin=missing,0.1,0.1,20.0,20.0,planned,ok,,,
a56492569304,,70,Yb,3,CC12CCC(c3nnc(-c4cccc(-c5nnc6c(n5)C5(C)CCC6C5(C)C)n4)nc31)C2(C)C,CC12CCC(c3nnc(-c4cccc(-c5nnc6c(n5)C5(C)CCC6C5(C)C)n4)nc31)C2(C)C,"[6, 7, 15, 16, 19, 28, 29]","[""N(aromatic)"", ""N(aromatic)"", ""N(aromatic)"", ""N(aromatic)"", ""N(aromatic)"", ""N(aromatic)"", ""N(aromatic)""]",7,8,1,nitrate,nitrate,1,70|CC12CCC(c3nnc(-c4cccc(-c5nnc6c(n5)C5(C)CCC6C5(C)C)n4)nc31)C2(C)C|nitrate,1,1,acid_class=nitrate|acid_strength_bin=low|nitrate_activity=low|pH_bin=missing|diluent_family=aliphatic_hydrocarbon|modifier_class=none|temperature_bin=ambient|contact_time_bin=missing|shaking_time_bin=missing|phase_ratio_bin=missing,0.1,0.1,20.0,20.0,planned,ok,,,
3ba30f5fe8be,,71,Lu,3,CC12CCC(c3nnc(-c4cccc(-c5nnc6c(n5)C5(C)CCC6C5(C)C)n4)nc31)C2(C)C,CC12CCC(c3nnc(-c4cccc(-c5nnc6c(n5)C5(C)CCC6C5(C)C)n4)nc31)C2(C)C,"[6, 7, 15, 16, 19, 28, 29]","[""N(aromatic)"", ""N(aromatic)"", ""N(aromatic)"", ""N(aromatic)"", ""N(aromatic)"", ""N(aromatic)"", ""N(aromatic)""]",7,8,1,nitrate,nitrate,1,71|CC12CCC(c3nnc(-c4cccc(-c5nnc6c(n5)C5(C)CCC6C5(C)C)n4)nc31)C2(C)C|nitrate,1,1,acid_class=nitrate|acid_strength_bin=low|nitrate_activity=low|pH_bin=missing|diluent_family=aliphatic_hydrocarbon|modifier_class=none|temperature_bin=ambient|contact_time_bin=missing|shaking_time_bin=missing|phase_ratio_bin=missing,0.1,0.1,20.0,20.0,planned,ok,,,
436f63f21bbe,,58,Ce,3,CC12CCC(c3nnc(-c4cccc(-c5nnc6c(n5)C5(C)CCC6C5(C)C)n4)nc31)C2(C)C,CC12CCC(c3nnc(-c4cccc(-c5nnc6c(n5)C5(C)CCC6C5(C)C)n4)nc31)C2(C)C,"[6, 7, 15, 16, 19, 28, 29]","[""N(aromatic)"", ""N(aromatic)"", ""N(aromatic)"", ""N(aromatic)"", ""N(aromatic)"", ""N(aromatic)"", ""N(aromatic)""]",7,9,1,nitrate,nitrate,2,58|CC12CCC(c3nnc(-c4cccc(-c5nnc6c(n5)C5(C)CCC6C5(C)C)n4)nc31)C2(C)C|nitrate,1,1,acid_class=nitrate|acid_strength_bin=low|nitrate_activity=low|pH_bin=missing|diluent_family=aliphatic_hydrocarbon|modifier_class=none|temperature_bin=ambient|contact_time_bin=missing|shaking_time_bin=missing|phase_ratio_bin=missing,0.1,0.1,20.0,20.0,planned,ok,,,
41c879df857c,,67,Ho,3,CC12CCC(c3nnc(-c4cccc(-c5nnc6c(n5)C5(C)CCC6C5(C)C)n4)nc31)C2(C)C,CC12CCC(c3nnc(-c4cccc(-c5nnc6c(n5)C5(C)CCC6C5(C)C)n4)nc31)C2(C)C,"[6, 7, 15, 16, 19, 28, 29]","[""N(aromatic)"", ""N(aromatic)"", ""N(aromatic)"", ""N(aromatic)"", ""N(aromatic)"", ""N(aromatic)"", ""N(aromatic)""]",7,8,1,nitrate,nitrate,1,67|CC12CCC(c3nnc(-c4cccc(-c5nnc6c(n5)C5(C)CCC6C5(C)C)n4)nc31)C2(C)C|nitrate,1,1,acid_class=nitrate|acid_strength_bin=low|nitrate_activity=low|pH_bin=missing|diluent_family=aliphatic_hydrocarbon|modifier_class=none|temperature_bin=ambient|contact_time_bin=missing|shaking_time_bin=missing|phase_ratio_bin=missing,0.1,0.1,20.0,20.0,planned,ok,,,
54a18e48131d,,63,Eu,3,O=C(c1ccc2ccc3ccc(C(=O)N4CCCC4)nc3c2n1)N1CCCC1,O=C(c1ccc2ccc3ccc(C(=O)N4CCCC4)nc3c2n1)N1CCCC1,"[0, 13, 19, 22]","[""O(amide_carbonyl)"", ""O(amide_carbonyl)"", ""N(aromatic)"", ""N(aromatic)""]",4,9,2,nitrate,nitrate,1,63|O=C(c1ccc2ccc3ccc(C(=O)N4CCCC4)nc3c2n1)N1CCCC1|nitrate,1,1,acid_class=nitrate|acid_strength_bin=high|nitrate_activity=high|pH_bin=missing|diluent_family=nitroaromatic|modifier_class=none|temperature_bin=ambient|contact_time_bin=missing|shaking_time_bin=missing|phase_ratio_bin=missing,2.0,2.0,25.0,25.0,planned,fill_1x_nitrate,,,
07655ff7a828,,63,Eu,3,O=C(c1cccc(C(=O)N2CCCC2)n1)N1CCCC1,O=C(c1cccc(C(=O)N2CCCC2)n1)N1CCCC1,"[0, 8, 14]","[""O(amide_carbonyl)"", ""O(amide_carbonyl)"", ""N(aromatic)""]",3,9,3,nitrate,nitrate,0,63|O=C(c1cccc(C(=O)N2CCCC2)n1)N1CCCC1|nitrate,1,1,acid_class=nitrate|acid_strength_bin=high|nitrate_activity=high|pH_bin=missing|diluent_family=nitroaromatic|modifier_class=none|temperature_bin=ambient|contact_time_bin=missing|shaking_time_bin=missing|phase_ratio_bin=missing,2.0,2.0,25.0,25.0,planned,ok,,,
7c32cb83c0f4,,60,Nd,3,O=C(c1cc(Cl)c2ccc3c(Cl)cc(C(=O)N4CCCC4)nc3c2n1)N1CCCC1,O=C(c1cc(Cl)c2ccc3c(Cl)cc(C(=O)N4CCCC4)nc3c2n1)N1CCCC1,"[0, 15, 21, 24]","[""O(amide_carbonyl)"", ""O(amide_carbonyl)"", ""N(aromatic)"", ""N(aromatic)""]",4,9,2,nitrate,nitrate,1,60|O=C(c1cc(Cl)c2ccc3c(Cl)cc(C(=O)N4CCCC4)nc3c2n1)N1CCCC1|nitrate,2,1,acid_class=nitrate|acid_strength_bin=high|nitrate_activity=high|pH_bin=missing|diluent_family=nitroaromatic|modifier_class=none|temperature_bin=ambient|contact_time_bin=missing|shaking_time_bin=missing|phase_ratio_bin=missing,2.0,3.0,25.0,25.0,planned,fill_1x_nitrate,,,
008db255a91a,,57,La,3,O=C(c1cc(Cl)c2ccc3c(Cl)cc(C(=O)N4CCCC4)nc3c2n1)N1CCCC1,O=C(c1cc(Cl)c2ccc3c(Cl)cc(C(=O)N4CCCC4)nc3c2n1)N1CCCC1,"[0, 15, 21, 24]","[""O(amide_carbonyl)"", ""O(amide_carbonyl)"", ""N(aromatic)"", ""N(aromatic)""]",4,9,2,nitrate,nitrate,1,57|O=C(c1cc(Cl)c2ccc3c(Cl)cc(C(=O)N4CCCC4)nc3c2n1)N1CCCC1|nitrate,2,1,acid_class=nitrate|acid_strength_bin=high|nitrate_activity=high|pH_bin=missing|diluent_family=nitroaromatic|modifier_class=none|temperature_bin=ambient|contact_time_bin=missing|shaking_time_bin=missing|phase_ratio_bin=missing,2.0,3.0,25.0,25.0,planned,fill_1x_nitrate,,,
9ce3bd94dcd5,,58,Ce,3,O=C(c1cc(Cl)c2ccc3c(Cl)cc(C(=O)N4CCCC4)nc3c2n1)N1CCCC1,O=C(c1cc(Cl)c2ccc3c(Cl)cc(C(=O)N4CCCC4)nc3c2n1)N1CCCC1,"[0, 15, 21, 24]","[""O(amide_carbonyl)"", ""O(amide_carbonyl)"", ""N(aromatic)"", ""N(aromatic)""]",4,9,2,nitrate,nitrate,1,58|O=C(c1cc(Cl)c2ccc3c(Cl)cc(C(=O)N4CCCC4)nc3c2n1)N1CCCC1|nitrate,2,1,acid_class=nitrate|acid_strength_bin=high|nitrate_activity=high|pH_bin=missing|diluent_family=nitroaromatic|modifier_class=none|temperature_bin=ambient|contact_time_bin=missing|shaking_time_bin=missing|phase_ratio_bin=missing,2.0,3.0,25.0,25.0,planned,fill_1x_nitrate,,,
5ac5b6a65542,,59,Pr,3,O=C(c1cc(Cl)c2ccc3c(Cl)cc(C(=O)N4CCCC4)nc3c2n1)N1CCCC1,O=C(c1cc(Cl)c2ccc3c(Cl)cc(C(=O)N4CCCC4)nc3c2n1)N1CCCC1,"[0, 15, 21, 24]","[""O(amide_carbonyl)"", ""O(amide_carbonyl)"", ""N(aromatic)"", ""N(aromatic)""]",4,9,2,nitrate,nitrate,1,59|O=C(c1cc(Cl)c2ccc3c(Cl)cc(C(=O)N4CCCC4)nc3c2n1)N1CCCC1|nitrate,2,1,acid_class=nitrate|acid_strength_bin=high|nitrate_activity=high|pH_bin=missing|diluent_family=nitroaromatic|modifier_class=none|temperature_bin=ambient|contact_time_bin=missing|shaking_time_bin=missing|phase_ratio_bin=missing,2.0,3.0,25.0,25.0,planned,fill_1x_nitrate,,,
8f13cdeb94ed,,62,Sm,3,O=C(c1cc(Cl)c2ccc3c(Cl)cc(C(=O)N4CCCC4)nc3c2n1)N1CCCC1,O=C(c1cc(Cl)c2ccc3c(Cl)cc(C(=O)N4CCCC4)nc3c2n1)N1CCCC1,"[0, 15, 21, 24]","[""O(amide_carbonyl)"", ""O(amide_carbonyl)"", ""N(aromatic)"", ""N(aromatic)""]",4,9,2,nitrate,nitrate,1,62|O=C(c1cc(Cl)c2ccc3c(Cl)cc(C(=O)N4CCCC4)nc3c2n1)N1CCCC1|nitrate,2,1,acid_class=nitrate|acid_strength_bin=high|nitrate_activity=high|pH_bin=missing|diluent_family=nitroaromatic|modifier_class=none|temperature_bin=ambient|contact_time_bin=missing|shaking_time_bin=missing|phase_ratio_bin=missing,2.0,3.0,25.0,25.0,planned,fill_1x_nitrate,,,
91de4635830b,,71,Lu,3,O=C(c1cc(Cl)c2ccc3c(Cl)cc(C(=O)N4CCCC4)nc3c2n1)N1CCCC1,O=C(c1cc(Cl)c2ccc3c(Cl)cc(C(=O)N4CCCC4)nc3c2n1)N1CCCC1,"[0, 15, 21, 24]","[""O(amide_carbonyl)"", ""O(amide_carbonyl)"", ""N(aromatic)"", ""N(aromatic)""]",4,8,2,nitrate,nitrate,0,71|O=C(c1cc(Cl)c2ccc3c(Cl)cc(C(=O)N4CCCC4)nc3c2n1)N1CCCC1|nitrate,2,1,acid_class=nitrate|acid_strength_bin=high|nitrate_activity=high|pH_bin=missing|diluent_family=nitroaromatic|modifier_class=none|temperature_bin=ambient|contact_time_bin=missing|shaking_time_bin=missing|phase_ratio_bin=missing,2.0,3.0,25.0,25.0,planned,ok,,,
05ba35f6ce18,,65,Tb,3,O=C(c1cc(Cl)c2ccc3c(Cl)cc(C(=O)N4CCCC4)nc3c2n1)N1CCCC1,O=C(c1cc(Cl)c2ccc3c(Cl)cc(C(=O)N4CCCC4)nc3c2n1)N1CCCC1,"[0, 15, 21, 24]","[""O(amide_carbonyl)"", ""O(amide_carbonyl)"", ""N(aromatic)"", ""N(aromatic)""]",4,8,2,nitrate,nitrate,0,65|O=C(c1cc(Cl)c2ccc3c(Cl)cc(C(=O)N4CCCC4)nc3c2n1)N1CCCC1|nitrate,2,1,acid_class=nitrate|acid_strength_bin=high|nitrate_activity=high|pH_bin=missing|diluent_family=nitroaromatic|modifier_class=none|temperature_bin=ambient|contact_time_bin=missing|shaking_time_bin=missing|phase_ratio_bin=missing,2.0,3.0,25.0,25.0,planned,ok,,,
7aa90e4f17c0,,66,Dy,3,O=C(c1cc(Cl)c2ccc3c(Cl)cc(C(=O)N4CCCC4)nc3c2n1)N1CCCC1,O=C(c1cc(Cl)c2ccc3c(Cl)cc(C(=O)N4CCCC4)nc3c2n1)N1CCCC1,"[0, 15, 21, 24]","[""O(amide_carbonyl)"", ""O(amide_carbonyl)"", ""N(aromatic)"", ""N(aromatic)""]",4,8,2,nitrate,nitrate,0,66|O=C(c1cc(Cl)c2ccc3c(Cl)cc(C(=O)N4CCCC4)nc3c2n1)N1CCCC1|nitrate,2,1,acid_class=nitrate|acid_strength_bin=high|nitrate_activity=high|pH_bin=missing|diluent_family=nitroaromatic|modifier_class=none|temperature_bin=ambient|contact_time_bin=missing|shaking_time_bin=missing|phase_ratio_bin=missing,2.0,3.0,25.0,25.0,planned,ok,,,
c0af6f10dc57,,67,Ho,3,O=C(c1cc(Cl)c2ccc3c(Cl)cc(C(=O)N4CCCC4)nc3c2n1)N1CCCC1,O=C(c1cc(Cl)c2ccc3c(Cl)cc(C(=O)N4CCCC4)nc3c2n1)N1CCCC1,"[0, 15, 21, 24]","[""O(amide_carbonyl)"", ""O(amide_carbonyl)"", ""N(aromatic)"", ""N(aromatic)""]",4,8,2,nitrate,nitrate,0,67|O=C(c1cc(Cl)c2ccc3c(Cl)cc(C(=O)N4CCCC4)nc3c2n1)N1CCCC1|nitrate,2,1,acid_class=nitrate|acid_strength_bin=high|nitrate_activity=high|pH_bin=missing|diluent_family=nitroaromatic|modifier_class=none|temperature_bin=ambient|contact_time_bin=missing|shaking_time_bin=missing|phase_ratio_bin=missing,2.0,3.0,25.0,25.0,planned,ok,,,
129af7e0e0bc,,68,Er,3,O=C(c1cc(Cl)c2ccc3c(Cl)cc(C(=O)N4CCCC4)nc3c2n1)N1CCCC1,O=C(c1cc(Cl)c2ccc3c(Cl)cc(C(=O)N4CCCC4)nc3c2n1)N1CCCC1,"[0, 15, 21, 24]","[""O(amide_carbonyl)"", ""O(amide_carbonyl)"", ""N(aromatic)"", ""N(aromatic)""]",4,8,2,nitrate,nitrate,0,68|O=C(c1cc(Cl)c2ccc3c(Cl)cc(C(=O)N4CCCC4)nc3c2n1)N1CCCC1|nitrate,2,1,acid_class=nitrate|acid_strength_bin=high|nitrate_activity=high|pH_bin=missing|diluent_family=nitroaromatic|modifier_class=none|temperature_bin=ambient|contact_time_bin=missing|shaking_time_bin=missing|phase_ratio_bin=missing,2.0,3.0,25.0,25.0,planned,ok,,,
1850c628e914,,69,Tm,3,O=C(c1cc(Cl)c2ccc3c(Cl)cc(C(=O)N4CCCC4)nc3c2n1)N1CCCC1,O=C(c1cc(Cl)c2ccc3c(Cl)cc(C(=O)N4CCCC4)nc3c2n1)N1CCCC1,"[0, 15, 21, 24]","[""O(amide_carbonyl)"", ""O(amide_carbonyl)"", ""N(aromatic)"", ""N(aromatic)""]",4,8,2,nitrate,nitrate,0,69|O=C(c1cc(Cl)c2ccc3c(Cl)cc(C(=O)N4CCCC4)nc3c2n1)N1CCCC1|nitrate,2,1,acid_class=nitrate|acid_strength_bin=high|nitrate_activity=high|pH_bin=missing|diluent_family=nitroaromatic|modifier_class=none|temperature_bin=ambient|contact_time_bin=missing|shaking_time_bin=missing|phase_ratio_bin=missing,2.0,3.0,25.0,25.0,planned,ok,,,
ce738ef3149c,,63,Eu,3,O=C(c1cc(Cl)c2ccc3c(Cl)cc(C(=O)N4CCCC4)nc3c2n1)N1CCCC1,O=C(c1cc(Cl)c2ccc3c(Cl)cc(C(=O)N4CCCC4)nc3c2n1)N1CCCC1,"[0, 15, 21, 24]","[""O(amide_carbonyl)"", ""O(amide_carbonyl)"", ""N(aromatic)"", ""N(aromatic)""]",4,9,2,nitrate,nitrate,1,63|O=C(c1cc(Cl)c2ccc3c(Cl)cc(C(=O)N4CCCC4)nc3c2n1)N1CCCC1|nitrate,2,1,acid_class=nitrate|acid_strength_bin=high|nitrate_activity=high|pH_bin=missing|diluent_family=nitroaromatic|modifier_class=none|temperature_bin=ambient|contact_time_bin=missing|shaking_time_bin=missing|phase_ratio_bin=missing,2.0,3.0,25.0,25.0,planned,fill_1x_nitrate,,,
fb8fcb46a95e,,70,Yb,3,O=C(c1cc(Cl)c2ccc3c(Cl)cc(C(=O)N4CCCC4)nc3c2n1)N1CCCC1,O=C(c1cc(Cl)c2ccc3c(Cl)cc(C(=O)N4CCCC4)nc3c2n1)N1CCCC1,"[0, 15, 21, 24]","[""O(amide_carbonyl)"", ""O(amide_carbonyl)"", ""N(aromatic)"", ""N(aromatic)""]",4,8,2,nitrate,nitrate,0,70|O=C(c1cc(Cl)c2ccc3c(Cl)cc(C(=O)N4CCCC4)nc3c2n1)N1CCCC1|nitrate,2,1,acid_class=nitrate|acid_strength_bin=high|nitrate_activity=high|pH_bin=missing|diluent_family=nitroaromatic|modifier_class=none|temperature_bin=ambient|contact_time_bin=missing|shaking_time_bin=missing|phase_ratio_bin=missing,2.0,3.0,25.0,25.0,planned,ok,,,
4d6e73ab7534,,64,Gd,3,O=C(c1cc(Cl)c2ccc3c(Cl)cc(C(=O)N4CCCC4)nc3c2n1)N1CCCC1,O=C(c1cc(Cl)c2ccc3c(Cl)cc(C(=O)N4CCCC4)nc3c2n1)N1CCCC1,"[0, 15, 21, 24]","[""O(amide_carbonyl)"", ""O(amide_carbonyl)"", ""N(aromatic)"", ""N(aromatic)""]",4,9,2,nitrate,nitrate,1,64|O=C(c1cc(Cl)c2ccc3c(Cl)cc(C(=O)N4CCCC4)nc3c2n1)N1CCCC1|nitrate,2,1,acid_class=nitrate|acid_strength_bin=high|nitrate_activity=high|pH_bin=missing|diluent_family=nitroaromatic|modifier_class=none|temperature_bin=ambient|contact_time_bin=missing|shaking_time_bin=missing|phase_ratio_bin=missing,2.0,3.0,25.0,25.0,planned,fill_1x_nitrate,,,
550111e74c0a,,63,Eu,3,O=C(c1cc(Cl)c2ccc3c(Cl)cc(C(=O)N4CCc5ccccc54)nc3c2n1)N1CCc2ccccc21,O=C(c1cc(Cl)c2ccc3c(Cl)cc(C(=O)N4CCc5ccccc54)nc3c2n1)N1CCc2ccccc21,"[0, 15, 25, 28]","[""O(amide_carbonyl)"", ""O(amide_carbonyl)"", ""N(aromatic)"", ""N(aromatic)""]",4,9,2,nitrate,nitrate,1,63|O=C(c1cc(Cl)c2ccc3c(Cl)cc(C(=O)N4CCc5ccccc54)nc3c2n1)N1CCc2ccccc21|nitrate,1,1,acid_class=nitrate|acid_strength_bin=high|nitrate_activity=high|pH_bin=missing|diluent_family=nitroaromatic|modifier_class=none|temperature_bin=ambient|contact_time_bin=missing|shaking_time_bin=missing|phase_ratio_bin=missing,3.0,3.0,25.0,25.0,planned,fill_1x_nitrate,,,
17ade3ff0dc6,,68,Er,3,C1COCCOCCOCCOCCOCCO1,C1COCCOCCOCCOCCOCCO1,"[2, 5, 8, 11, 14, 17]","[""O(ether)"", ""O(ether)"", ""O(ether)"", ""O(ether)"", ""O(ether)"", ""O(ether)""]",6,8,1,nitrate,nitrate,2,68|C1COCCOCCOCCOCCOCCO1|nitrate,1,1,acid_class=nitrate|acid_strength_bin=medium|nitrate_activity=medium|pH_bin=missing|diluent_family=other|modifier_class=none|temperature_bin=ambient|contact_time_bin=missing|shaking_time_bin=missing|phase_ratio_bin=missing,1.0,1.0,25.0,25.0,planned,fill_2x_nitrate,,,
e8a79da64745,,58,Ce,3,C1COCCOCCOCCOCCOCCO1,C1COCCOCCOCCOCCOCCO1,"[2, 5, 8, 11, 14, 17]","[""O(ether)"", ""O(ether)"", ""O(ether)"", ""O(ether)"", ""O(ether)"", ""O(ether)""]",6,9,1,nitrate,nitrate,3,58|C1COCCOCCOCCOCCOCCO1|nitrate,1,1,acid_class=nitrate|acid_strength_bin=medium|nitrate_activity=medium|pH_bin=missing|diluent_family=other|modifier_class=none|temperature_bin=ambient|contact_time_bin=missing|shaking_time_bin=missing|phase_ratio_bin=missing,1.0,1.0,25.0,25.0,planned,fill_3x_nitrate,,,
f9f384f89922,,59,Pr,3,C1COCCOCCOCCOCCOCCO1,C1COCCOCCOCCOCCOCCO1,"[2, 5, 8, 11, 14, 17]","[""O(ether)"", ""O(ether)"", ""O(ether)"", ""O(ether)"", ""O(ether)"", ""O(ether)""]",6,9,1,nitrate,nitrate,3,59|C1COCCOCCOCCOCCOCCO1|nitrate,1,1,acid_class=nitrate|acid_strength_bin=medium|nitrate_activity=medium|pH_bin=missing|diluent_family=other|modifier_class=none|temperature_bin=ambient|contact_time_bin=missing|shaking_time_bin=missing|phase_ratio_bin=missing,1.0,1.0,25.0,25.0,planned,fill_3x_nitrate,,,
61dd876b1799,,63,Eu,3,C1COCCOCCOCCOCCOCCO1,C1COCCOCCOCCOCCOCCO1,"[2, 5, 8, 11, 14, 17]","[""O(ether)"", ""O(ether)"", ""O(ether)"", ""O(ether)"", ""O(ether)"", ""O(ether)""]",6,9,1,nitrate,nitrate,3,63|C1COCCOCCOCCOCCOCCO1|nitrate,1,1,acid_class=nitrate|acid_strength_bin=medium|nitrate_activity=medium|pH_bin=missing|diluent_family=other|modifier_class=none|temperature_bin=ambient|contact_time_bin=missing|shaking_time_bin=missing|phase_ratio_bin=missing,1.0,1.0,25.0,25.0,planned,fill_3x_nitrate,,,
9633695708be,,57,La,3,C1COCCOCCOCCOCCOCCO1,C1COCCOCCOCCOCCOCCO1,"[2, 5, 8, 11, 14, 17]","[""O(ether)"", ""O(ether)"", ""O(ether)"", ""O(ether)"", ""O(ether)"", ""O(ether)""]",6,9,1,nitrate,nitrate,3,57|C1COCCOCCOCCOCCOCCO1|nitrate,1,1,acid_class=nitrate|acid_strength_bin=medium|nitrate_activity=medium|pH_bin=missing|diluent_family=other|modifier_class=none|temperature_bin=ambient|contact_time_bin=missing|shaking_time_bin=missing|phase_ratio_bin=missing,1.0,1.0,25.0,25.0,planned,fill_3x_nitrate,,,
9bcb2e957ab8,,57,La,3,CC(C)CCCC(C)CCCCN(C)C(=O)COCC(=O)N(C)CCCCC(C)CCCC(C)C,CC(C)CCCC(C)CCCCN(C)C(=O)COCC(=O)N(C)CCCCC(C)CCCC(C)C,"[15, 17, 20]","[""O(amide_carbonyl)"", ""O(ether)"", ""O(amide_carbonyl)""]",3,9,3,water,water,0,57|CC(C)CCCC(C)CCCCN(C)C(=O)COCC(=O)N(C)CCCCC(C)CCCC(C)C|water,1,1,acid_class=chloride|acid_strength_bin=high|nitrate_activity=none|pH_bin=missing|diluent_family=aliphatic_hydrocarbon|modifier_class=none|temperature_bin=ambient|contact_time_bin=medium|shaking_time_bin=missing|phase_ratio_bin=missing,3.0,3.0,25.0,25.0,planned,ok,,,
03f87059d30f,,58,Ce,3,CC(C)CCCC(C)CCCCN(C)C(=O)COCC(=O)N(C)CCCCC(C)CCCC(C)C,CC(C)CCCC(C)CCCCN(C)C(=O)COCC(=O)N(C)CCCCC(C)CCCC(C)C,"[15, 17, 20]","[""O(amide_carbonyl)"", ""O(ether)"", ""O(amide_carbonyl)""]",3,9,3,water,water,0,58|CC(C)CCCC(C)CCCCN(C)C(=O)COCC(=O)N(C)CCCCC(C)CCCC(C)C|water,1,1,acid_class=chloride|acid_strength_bin=high|nitrate_activity=none|pH_bin=missing|diluent_family=aliphatic_hydrocarbon|modifier_class=none|temperature_bin=ambient|contact_time_bin=medium|shaking_time_bin=missing|phase_ratio_bin=missing,3.0,3.0,25.0,25.0,planned,ok,,,
1008ab9ab6ef,,59,Pr,3,CC(C)CCCC(C)CCCCN(C)C(=O)COCC(=O)N(C)CCCCC(C)CCCC(C)C,CC(C)CCCC(C)CCCCN(C)C(=O)COCC(=O)N(C)CCCCC(C)CCCC(C)C,"[15, 17, 20]","[""O(amide_carbonyl)"", ""O(ether)"", ""O(amide_carbonyl)""]",3,9,3,water,water,0,59|CC(C)CCCC(C)CCCCN(C)C(=O)COCC(=O)N(C)CCCCC(C)CCCC(C)C|water,1,1,acid_class=chloride|acid_strength_bin=high|nitrate_activity=none|pH_bin=missing|diluent_family=aliphatic_hydrocarbon|modifier_class=none|temperature_bin=ambient|contact_time_bin=medium|shaking_time_bin=missing|phase_ratio_bin=missing,3.0,3.0,25.0,25.0,planned,ok,,,
f8c51a63947a,,60,Nd,3,CC(C)CCCC(C)CCCCN(C)C(=O)COCC(=O)N(C)CCCCC(C)CCCC(C)C,CC(C)CCCC(C)CCCCN(C)C(=O)COCC(=O)N(C)CCCCC(C)CCCC(C)C,"[15, 17, 20]","[""O(amide_carbonyl)"", ""O(ether)"", ""O(amide_carbonyl)""]",3,9,3,water,water,0,60|CC(C)CCCC(C)CCCCN(C)C(=O)COCC(=O)N(C)CCCCC(C)CCCC(C)C|water,1,1,acid_class=chloride|acid_strength_bin=high|nitrate_activity=none|pH_bin=missing|diluent_family=aliphatic_hydrocarbon|modifier_class=none|temperature_bin=ambient|contact_time_bin=medium|shaking_time_bin=missing|phase_ratio_bin=missing,3.0,3.0,25.0,25.0,planned,ok,,,
43a07be1eb37,,62,Sm,3,CC(C)CCCC(C)CCCCN(C)C(=O)COCC(=O)N(C)CCCCC(C)CCCC(C)C,CC(C)CCCC(C)CCCCN(C)C(=O)COCC(=O)N(C)CCCCC(C)CCCC(C)C,"[15, 17, 20]","[""O(amide_carbonyl)"", ""O(ether)"", ""O(amide_carbonyl)""]",3,9,3,water,water,0,62|CC(C)CCCC(C)CCCCN(C)C(=O)COCC(=O)N(C)CCCCC(C)CCCC(C)C|water,1,1,acid_class=chloride|acid_strength_bin=high|nitrate_activity=none|pH_bin=missing|diluent_family=aliphatic_hydrocarbon|modifier_class=none|temperature_bin=ambient|contact_time_bin=medium|shaking_time_bin=missing|phase_ratio_bin=missing,3.0,3.0,25.0,25.0,planned,ok,,,
f5a4d693ef5a,,63,Eu,3,CC(C)CCCC(C)CCCCN(C)C(=O)COCC(=O)N(C)CCCCC(C)CCCC(C)C,CC(C)CCCC(C)CCCCN(C)C(=O)COCC(=O)N(C)CCCCC(C)CCCC(C)C,"[15, 17, 20]","[""O(amide_carbonyl)"", ""O(ether)"", ""O(amide_carbonyl)""]",3,9,3,water,water,0,63|CC(C)CCCC(C)CCCCN(C)C(=O)COCC(=O)N(C)CCCCC(C)CCCC(C)C|water,1,1,acid_class=chloride|acid_strength_bin=high|nitrate_activity=none|pH_bin=missing|diluent_family=aliphatic_hydrocarbon|modifier_class=none|temperature_bin=ambient|contact_time_bin=medium|shaking_time_bin=missing|phase_ratio_bin=missing,3.0,3.0,25.0,25.0,planned,ok,,,
4b8ebeec8a69,,64,Gd,3,CC(C)CCCC(C)CCCCN(C)C(=O)COCC(=O)N(C)CCCCC(C)CCCC(C)C,CC(C)CCCC(C)CCCCN(C)C(=O)COCC(=O)N(C)CCCCC(C)CCCC(C)C,"[15, 17, 20]","[""O(amide_carbonyl)"", ""O(ether)"", ""O(amide_carbonyl)""]",3,9,3,water,water,0,64|CC(C)CCCC(C)CCCCN(C)C(=O)COCC(=O)N(C)CCCCC(C)CCCC(C)C|water,1,1,acid_class=chloride|acid_strength_bin=high|nitrate_activity=none|pH_bin=missing|diluent_family=aliphatic_hydrocarbon|modifier_class=none|temperature_bin=ambient|contact_time_bin=medium|shaking_time_bin=missing|phase_ratio_bin=missing,3.0,3.0,25.0,25.0,planned,ok,,,
ce18f978f6a5,,65,Tb,3,CC(C)CCCC(C)CCCCN(C)C(=O)COCC(=O)N(C)CCCCC(C)CCCC(C)C,CC(C)CCCC(C)CCCCN(C)C(=O)COCC(=O)N(C)CCCCC(C)CCCC(C)C,"[15, 17, 20]","[""O(amide_carbonyl)"", ""O(ether)"", ""O(amide_carbonyl)""]",3,8,2,water,water,2,65|CC(C)CCCC(C)CCCCN(C)C(=O)COCC(=O)N(C)CCCCC(C)CCCC(C)C|water,1,1,acid_class=chloride|acid_strength_bin=high|nitrate_activity=none|pH_bin=missing|diluent_family=aliphatic_hydrocarbon|modifier_class=none|temperature_bin=ambient|contact_time_bin=medium|shaking_time_bin=missing|phase_ratio_bin=missing,3.0,3.0,25.0,25.0,planned,fill_2x_water,,,
09d9173d54bc,,66,Dy,3,CC(C)CCCC(C)CCCCN(C)C(=O)COCC(=O)N(C)CCCCC(C)CCCC(C)C,CC(C)CCCC(C)CCCCN(C)C(=O)COCC(=O)N(C)CCCCC(C)CCCC(C)C,"[15, 17, 20]","[""O(amide_carbonyl)"", ""O(ether)"", ""O(amide_carbonyl)""]",3,8,2,water,water,2,66|CC(C)CCCC(C)CCCCN(C)C(=O)COCC(=O)N(C)CCCCC(C)CCCC(C)C|water,1,1,acid_class=chloride|acid_strength_bin=high|nitrate_activity=none|pH_bin=missing|diluent_family=aliphatic_hydrocarbon|modifier_class=none|temperature_bin=ambient|contact_time_bin=medium|shaking_time_bin=missing|phase_ratio_bin=missing,3.0,3.0,25.0,25.0,planned,fill_2x_water,,,
607aa1966b81,,67,Ho,3,CC(C)CCCC(C)CCCCN(C)C(=O)COCC(=O)N(C)CCCCC(C)CCCC(C)C,CC(C)CCCC(C)CCCCN(C)C(=O)COCC(=O)N(C)CCCCC(C)CCCC(C)C,"[15, 17, 20]","[""O(amide_carbonyl)"", ""O(ether)"", ""O(amide_carbonyl)""]",3,8,2,water,water,2,67|CC(C)CCCC(C)CCCCN(C)C(=O)COCC(=O)N(C)CCCCC(C)CCCC(C)C|water,1,1,acid_class=chloride|acid_strength_bin=high|nitrate_activity=none|pH_bin=missing|diluent_family=aliphatic_hydrocarbon|modifier_class=none|temperature_bin=ambient|contact_time_bin=medium|shaking_time_bin=missing|phase_ratio_bin=missing,3.0,3.0,25.0,25.0,planned,fill_2x_water,,,
9ce84f078e7a,,68,Er,3,CC(C)CCCC(C)CCCCN(C)C(=O)COCC(=O)N(C)CCCCC(C)CCCC(C)C,CC(C)CCCC(C)CCCCN(C)C(=O)COCC(=O)N(C)CCCCC(C)CCCC(C)C,"[15, 17, 20]","[""O(amide_carbonyl)"", ""O(ether)"", ""O(amide_carbonyl)""]",3,8,2,water,water,2,68|CC(C)CCCC(C)CCCCN(C)C(=O)COCC(=O)N(C)CCCCC(C)CCCC(C)C|water,1,1,acid_class=chloride|acid_strength_bin=high|nitrate_activity=none|pH_bin=missing|diluent_family=aliphatic_hydrocarbon|modifier_class=none|temperature_bin=ambient|contact_time_bin=medium|shaking_time_bin=missing|phase_ratio_bin=missing,3.0,3.0,25.0,25.0,planned,fill_2x_water,,,
e063c6236fdd,,69,Tm,3,CC(C)CCCC(C)CCCCN(C)C(=O)COCC(=O)N(C)CCCCC(C)CCCC(C)C,CC(C)CCCC(C)CCCCN(C)C(=O)COCC(=O)N(C)CCCCC(C)CCCC(C)C,"[15, 17, 20]","[""O(amide_carbonyl)"", ""O(ether)"", ""O(amide_carbonyl)""]",3,8,2,water,water,2,69|CC(C)CCCC(C)CCCCN(C)C(=O)COCC(=O)N(C)CCCCC(C)CCCC(C)C|water,1,1,acid_class=chloride|acid_strength_bin=high|nitrate_activity=none|pH_bin=missing|diluent_family=aliphatic_hydrocarbon|modifier_class=none|temperature_bin=ambient|contact_time_bin=medium|shaking_time_bin=missing|phase_ratio_bin=missing,3.0,3.0,25.0,25.0,planned,fill_2x_water,,,
63e8132ef0eb,,70,Yb,3,CC(C)CCCC(C)CCCCN(C)C(=O)COCC(=O)N(C)CCCCC(C)CCCC(C)C,CC(C)CCCC(C)CCCCN(C)C(=O)COCC(=O)N(C)CCCCC(C)CCCC(C)C,"[15, 17, 20]","[""O(amide_carbonyl)"", ""O(ether)"", ""O(amide_carbonyl)""]",3,8,2,water,water,2,70|CC(C)CCCC(C)CCCCN(C)C(=O)COCC(=O)N(C)CCCCC(C)CCCC(C)C|water,1,1,acid_class=chloride|acid_strength_bin=high|nitrate_activity=none|pH_bin=missing|diluent_family=aliphatic_hydrocarbon|modifier_class=none|temperature_bin=ambient|contact_time_bin=medium|shaking_time_bin=missing|phase_ratio_bin=missing,3.0,3.0,25.0,25.0,planned,fill_2x_water,,,
26b646a9e773,,71,Lu,3,CC(C)CCCC(C)CCCCN(C)C(=O)COCC(=O)N(C)CCCCC(C)CCCC(C)C,CC(C)CCCC(C)CCCCN(C)C(=O)COCC(=O)N(C)CCCCC(C)CCCC(C)C,"[15, 17, 20]","[""O(amide_carbonyl)"", ""O(ether)"", ""O(amide_carbonyl)""]",3,8,2,water,water,2,71|CC(C)CCCC(C)CCCCN(C)C(=O)COCC(=O)N(C)CCCCC(C)CCCC(C)C|water,1,1,acid_class=chloride|acid_strength_bin=high|nitrate_activity=none|pH_bin=missing|diluent_family=aliphatic_hydrocarbon|modifier_class=none|temperature_bin=ambient|contact_time_bin=medium|shaking_time_bin=missing|phase_ratio_bin=missing,3.0,3.0,25.0,25.0,planned,fill_2x_water,,,
b07fdb80b7a7,,58,Ce,3,CCCCCCCCN(CCCCCCCC)C(=O)[C@H](C)O[C@H](C)C(=O)N(CCCCCCCC)CCCCCCCC,CCCCCCCCN(CCCCCCCC)C(=O)[C@H](C)O[C@H](C)C(=O)N(CCCCCCCC)CCCCCCCC,"[18, 21, 25]","[""O(amide_carbonyl)"", ""O(ether)"", ""O(amide_carbonyl)""]",3,9,3,nitrate,nitrate,0,58|CCCCCCCCN(CCCCCCCC)C(=O)[C@H](C)O[C@H](C)C(=O)N(CCCCCCCC)CCCCCCCC|nitrate,1,1,acid_class=nitrate|acid_strength_bin=high|nitrate_activity=high|pH_bin=missing|diluent_family=aliphatic_hydrocarbon|modifier_class=none|temperature_bin=ambient|contact_time_bin=short|shaking_time_bin=missing|phase_ratio_bin=missing,4.3,4.3,22.0,22.0,planned,ok,,,
27bd49628d7d,,58,Ce,3,CCCCCCCCN(CCCCCCCC)C(=O)[C@H](C)O[C@@H](C)C(=O)N(CCCCCCCC)CCCCCCCC,CCCCCCCCN(CCCCCCCC)C(=O)[C@H](C)O[C@@H](C)C(=O)N(CCCCCCCC)CCCCCCCC,"[18, 21, 25]","[""O(amide_carbonyl)"", ""O(ether)"", ""O(amide_carbonyl)""]",3,9,3,nitrate,nitrate,0,58|CCCCCCCCN(CCCCCCCC)C(=O)[C@H](C)O[C@@H](C)C(=O)N(CCCCCCCC)CCCCCCCC|nitrate,1,1,acid_class=nitrate|acid_strength_bin=high|nitrate_activity=high|pH_bin=missing|diluent_family=aliphatic_hydrocarbon|modifier_class=none|temperature_bin=ambient|contact_time_bin=short|shaking_time_bin=missing|phase_ratio_bin=missing,4.3,4.3,22.0,22.0,planned,ok,,,
0dd26267bf56,,58,Ce,3,CN(C(=O)COCC(=O)N(C)c1ccccc1)c1ccccc1,CN(C(=O)COCC(=O)N(C)c1ccccc1)c1ccccc1,"[3, 5, 8]","[""O(amide_carbonyl)"", ""O(ether)"", ""O(amide_carbonyl)""]",3,9,3,nitrate,nitrate,0,58|CN(C(=O)COCC(=O)N(C)c1ccccc1)c1ccccc1|nitrate,5,4,acid_class=nitrate|acid_strength_bin=high|nitrate_activity=high|pH_bin=missing|diluent_family=chlorinated|modifier_class=none|temperature_bin=ambient|contact_time_bin=short|shaking_time_bin=missing|phase_ratio_bin=missing;acid_class=nitrate|acid_strength_bin=medium|nitrate_activity=medium|pH_bin=missing|diluent_family=aromatic|modifier_class=none|temperature_bin=ambient|contact_time_bin=medium|shaking_time_bin=missing|phase_ratio_bin=missing;acid_class=nitrate|acid_strength_bin=medium|nitrate_activity=medium|pH_bin=missing|diluent_family=chlorinated|modifier_class=none|temperature_bin=ambient|contact_time_bin=medium|shaking_time_bin=missing|phase_ratio_bin=missing;acid_class=nitrate|acid_strength_bin=medium|nitrate_activity=medium|pH_bin=missing|diluent_family=other|modifier_class=none|temperature_bin=ambient|contact_time_bin=medium|shaking_time_bin=missing|phase_ratio_bin=missing,1.0,4.0,23.0,25.0,planned,ok,,,
3ba1ae8a2e42,,58,Ce,3,CCCCN(CCCC)C(=O)COCC(=O)N(CCCC)CCCC,CCCCN(CCCC)C(=O)COCC(=O)N(CCCC)CCCC,"[10, 12, 15]","[""O(amide_carbonyl)"", ""O(ether)"", ""O(amide_carbonyl)""]",3,9,3,nitrate,nitrate,0,58|CCCCN(CCCC)C(=O)COCC(=O)N(CCCC)CCCC|nitrate,16,4,acid_class=nitrate|acid_strength_bin=high|nitrate_activity=high|pH_bin=missing|diluent_family=aromatic|modifier_class=none|temperature_bin=ambient|contact_time_bin=medium|shaking_time_bin=missing|phase_ratio_bin=missing;acid_class=nitrate|acid_strength_bin=low|nitrate_activity=low|pH_bin=missing|diluent_family=aromatic|modifier_class=none|temperature_bin=ambient|contact_time_bin=medium|shaking_time_bin=missing|phase_ratio_bin=missing;acid_class=nitrate|acid_strength_bin=medium|nitrate_activity=medium|pH_bin=missing|diluent_family=aromatic|modifier_class=none|temperature_bin=ambient|contact_time_bin=medium|shaking_time_bin=missing|phase_ratio_bin=missing;acid_class=nitrate|acid_strength_bin=medium|nitrate_activity=medium|pH_bin=missing|diluent_family=aromatic|modifier_class=none|temperature_bin=warm|contact_time_bin=medium|shaking_time_bin=missing|phase_ratio_bin=missing,0.482055,3.12866,25.0,43.0,planned,ok,,,
453fd2c396d7,,58,Ce,3,CCCCC(CC)CN(CC(CC)CCCC)C(=O)COCC(=O)N(CC(CC)CCCC)CC(CC)CCCC,CCCCC(CC)CN(CC(CC)CCCC)C(=O)COCC(=O)N(CC(CC)CCCC)CC(CC)CCCC,"[18, 20, 23]","[""O(amide_carbonyl)"", ""O(ether)"", ""O(amide_carbonyl)""]",3,9,3,water,water,0,58|CCCCC(CC)CN(CC(CC)CCCC)C(=O)COCC(=O)N(CC(CC)CCCC)CC(CC)CCCC|water,2,1,acid_class=chloride|acid_strength_bin=high|nitrate_activity=none|pH_bin=missing|diluent_family=aliphatic_hydrocarbon|modifier_class=none|temperature_bin=ambient|contact_time_bin=medium|shaking_time_bin=missing|phase_ratio_bin=missing,3.0,3.0,22.0,25.0,planned,ok,,,
13028df1064c,,58,Ce,3,CCCCCCCCN(C)C(=O)COCC(=O)N(C)CCCCCCCC,CCCCCCCCN(C)C(=O)COCC(=O)N(C)CCCCCCCC,"[11, 13, 16]","[""O(amide_carbonyl)"", ""O(ether)"", ""O(amide_carbonyl)""]",3,9,3,water,water,0,58|CCCCCCCCN(C)C(=O)COCC(=O)N(C)CCCCCCCC|water,3,1,acid_class=chloride|acid_strength_bin=high|nitrate_activity=none|pH_bin=missing|diluent_family=aliphatic_hydrocarbon|modifier_class=none|temperature_bin=ambient|contact_time_bin=medium|shaking_time_bin=missing|phase_ratio_bin=missing,3.0,3.0,22.0,25.0,planned,ok,,,
d3fa6c984bee,,58,Ce,3,CCCCC(CC)CN(C)C(=O)COCC(=O)N(C)CC(CC)CCCC,CCCCC(CC)CN(C)C(=O)COCC(=O)N(C)CC(CC)CCCC,"[11, 13, 16]","[""O(amide_carbonyl)"", ""O(ether)"", ""O(amide_carbonyl)""]",3,9,3,water,water,0,58|CCCCC(CC)CN(C)C(=O)COCC(=O)N(C)CC(CC)CCCC|water,1,1,acid_class=chloride|acid_strength_bin=high|nitrate_activity=none|pH_bin=missing|diluent_family=aliphatic_hydrocarbon|modifier_class=none|temperature_bin=ambient|contact_time_bin=medium|shaking_time_bin=missing|phase_ratio_bin=missing,3.0,3.0,25.0,25.0,planned,ok,,,
816fdab6b6d4,,58,Ce,3,CCCCCCC(CCCC)CCCN(C)C(=O)COCC(=O)N(C)CCCC(CCCC)CCCCCC,CCCCCCC(CCCC)CCCN(C)C(=O)COCC(=O)N(C)CCCC(CCCC)CCCCCC,"[17, 19, 22]","[""O(amide_carbonyl)"", ""O(ether)"", ""O(amide_carbonyl)""]",3,9,3,water,water,0,58|CCCCCCC(CCCC)CCCN(C)C(=O)COCC(=O)N(C)CCCC(CCCC)CCCCCC|water,1,1,acid_class=chloride|acid_strength_bin=high|nitrate_activity=none|pH_bin=missing|diluent_family=aliphatic_hydrocarbon|modifier_class=none|temperature_bin=ambient|contact_time_bin=medium|shaking_time_bin=missing|phase_ratio_bin=missing,3.0,3.0,25.0,25.0,planned,ok,,,
b9647f2772c3,,58,Ce,3,CCCCCCCCN(CC)C(=O)COCC(=O)N(CC)CCCCCCCC,CCCCCCCCN(CC)C(=O)COCC(=O)N(CC)CCCCCCCC,"[12, 14, 17]","[""O(amide_carbonyl)"", ""O(ether)"", ""O(amide_carbonyl)""]",3,9,3,water,water,0,58|CCCCCCCCN(CC)C(=O)COCC(=O)N(CC)CCCCCCCC|water,1,1,acid_class=chloride|acid_strength_bin=high|nitrate_activity=none|pH_bin=missing|diluent_family=aliphatic_hydrocarbon|modifier_class=none|temperature_bin=ambient|contact_time_bin=medium|shaking_time_bin=missing|phase_ratio_bin=missing,3.0,3.0,25.0,25.0,planned,ok,,,
ac8fe0d053b4,,58,Ce,3,CCCCCCCCN(CCC)C(=O)COCC(=O)N(CCC)CCCCCCCC,CCCCCCCCN(CCC)C(=O)COCC(=O)N(CCC)CCCCCCCC,"[13, 15, 18]","[""O(amide_carbonyl)"", ""O(ether)"", ""O(amide_carbonyl)""]",3,9,3,water,water,0,58|CCCCCCCCN(CCC)C(=O)COCC(=O)N(CCC)CCCCCCCC|water,1,1,acid_class=chloride|acid_strength_bin=high|nitrate_activity=none|pH_bin=missing|diluent_family=aliphatic_hydrocarbon|modifier_class=none|temperature_bin=ambient|contact_time_bin=medium|shaking_time_bin=missing|phase_ratio_bin=missing,3.0,3.0,25.0,25.0,planned,ok,,,
b57e3861f8d5,,58,Ce,3,CCCCCCCCN(CCCCCCCC)C(=O)COCC(=O)N(C)C,CCCCCCCCN(CCCCCCCC)C(=O)COCC(=O)N(C)C,"[18, 20, 23]","[""O(amide_carbonyl)"", ""O(ether)"", ""O(amide_carbonyl)""]",3,9,3,water,water,0,58|CCCCCCCCN(CCCCCCCC)C(=O)COCC(=O)N(C)C|water,1,1,acid_class=chloride|acid_strength_bin=high|nitrate_activity=none|pH_bin=missing|diluent_family=aliphatic_hydrocarbon|modifier_class=none|temperature_bin=ambient|contact_time_bin=medium|shaking_time_bin=missing|phase_ratio_bin=missing,3.0,3.0,25.0,25.0,planned,ok,,,
3a24ab54d81a,,58,Ce,3,CCCCCCCCN(C)C(=O)COCC(=O)N(CCCCCCCC)CCCCCCCC,CCCCCCCCN(C)C(=O)COCC(=O)N(CCCCCCCC)CCCCCCCC,"[11, 13, 16]","[""O(amide_carbonyl)"", ""O(ether)"", ""O(amide_carbonyl)""]",3,9,3,water,water,0,58|CCCCCCCCN(C)C(=O)COCC(=O)N(CCCCCCCC)CCCCCCCC|water,1,1,acid_class=chloride|acid_strength_bin=high|nitrate_activity=none|pH_bin=missing|diluent_family=aliphatic_hydrocarbon|modifier_class=none|temperature_bin=ambient|contact_time_bin=medium|shaking_time_bin=missing|phase_ratio_bin=missing,3.0,3.0,25.0,25.0,planned,ok,,,
1ce299c12425,,58,Ce,3,CCCCCCCCC(C)(C)SCC1CN(C(=O)COCC(=O)N2CC(C)C(CSC(C)(C)CCCCCCCC)C2)CC1C,CCCCCCCCC(C)(C)SCC1CN(C(=O)COCC(=O)N2CC(C)C(CSC(C)(C)CCCCCCCC)C2)CC1C,"[17, 19, 22]","[""O(amide_carbonyl)"", ""O(ether)"", ""O(amide_carbonyl)""]",3,9,3,water,water,0,58|CCCCCCCCC(C)(C)SCC1CN(C(=O)COCC(=O)N2CC(C)C(CSC(C)(C)CCCCCCCC)C2)CC1C|water,1,1,acid_class=chloride|acid_strength_bin=high|nitrate_activity=none|pH_bin=missing|diluent_family=aliphatic_hydrocarbon|modifier_class=none|temperature_bin=ambient|contact_time_bin=medium|shaking_time_bin=missing|phase_ratio_bin=missing,3.0,3.0,25.0,25.0,planned,ok,,,
d84dbffddc12,,58,Ce,3,CCCCCCCCCCCCN(CCCCCCCC)C(=O)COCC(=O)N(CCCCCCCC)CCCCCCCCCCCC,CCCCCCCCCCCCN(CCCCCCCC)C(=O)COCC(=O)N(CCCCCCCC)CCCCCCCCCCCC,"[22, 24, 27]","[""O(amide_carbonyl)"", ""O(ether)"", ""O(amide_carbonyl)""]",3,9,3,water,water,0,58|CCCCCCCCCCCCN(CCCCCCCC)C(=O)COCC(=O)N(CCCCCCCC)CCCCCCCCCCCC|water,1,1,acid_class=chloride|acid_strength_bin=high|nitrate_activity=none|pH_bin=missing|diluent_family=aliphatic_hydrocarbon|modifier_class=none|temperature_bin=ambient|contact_time_bin=medium|shaking_time_bin=missing|phase_ratio_bin=missing,3.0,3.0,25.0,25.0,planned,ok,,,
3789eabe5f06,,58,Ce,3,CCCCCCCCN(CCC(C)CC(C)(C)C)C(=O)COCC(=O)N(CCCCCCCC)CCC(C)CC(C)(C)C,CCCCCCCCN(CCC(C)CC(C)(C)C)C(=O)COCC(=O)N(CCCCCCCC)CCC(C)CC(C)(C)C,"[19, 21, 24]","[""O(amide_carbonyl)"", ""O(ether)"", ""O(amide_carbonyl)""]",3,9,3,water,water,0,58|CCCCCCCCN(CCC(C)CC(C)(C)C)C(=O)COCC(=O)N(CCCCCCCC)CCC(C)CC(C)(C)C|water,1,1,acid_class=chloride|acid_strength_bin=high|nitrate_activity=none|pH_bin=missing|diluent_family=aliphatic_hydrocarbon|modifier_class=none|temperature_bin=ambient|contact_time_bin=medium|shaking_time_bin=missing|phase_ratio_bin=missing,3.0,3.0,25.0,25.0,planned,ok,,,
86c6baa1f1ac,,58,Ce,3,CCCCCCCCN(CCCC(CCCC)CCCCCC)C(=O)COCC(=O)N(CCCCCCCC)CCCC(CCCC)CCCCCC,CCCCCCCCN(CCCC(CCCC)CCCCCC)C(=O)COCC(=O)N(CCCCCCCC)CCCC(CCCC)CCCCCC,"[24, 26, 29]","[""O(amide_carbonyl)"", ""O(ether)"", ""O(amide_carbonyl)""]",3,9,3,water,water,0,58|CCCCCCCCN(CCCC(CCCC)CCCCCC)C(=O)COCC(=O)N(CCCCCCCC)CCCC(CCCC)CCCCCC|water,1,1,acid_class=chloride|acid_strength_bin=high|nitrate_activity=none|pH_bin=missing|diluent_family=aliphatic_hydrocarbon|modifier_class=none|temperature_bin=ambient|contact_time_bin=medium|shaking_time_bin=missing|phase_ratio_bin=missing,3.0,3.0,25.0,25.0,planned,ok,,,
bffb797bc9ad,,58,Ce,3,CCCCCCCCN(CCCCC(C)CCCC(C)C)C(=O)COCC(=O)N(CCCCCCCC)CCCCC(C)CCCC(C)C,CCCCCCCCN(CCCCC(C)CCCC(C)C)C(=O)COCC(=O)N(CCCCCCCC)CCCCC(C)CCCC(C)C,"[22, 24, 27]","[""O(amide_carbonyl)"", ""O(ether)"", ""O(amide_carbonyl)""]",3,9,3,water,water,0,58|CCCCCCCCN(CCCCC(C)CCCC(C)C)C(=O)COCC(=O)N(CCCCCCCC)CCCCC(C)CCCC(C)C|water,1,1,acid_class=chloride|acid_strength_bin=high|nitrate_activity=none|pH_bin=missing|diluent_family=aliphatic_hydrocarbon|modifier_class=none|temperature_bin=ambient|contact_time_bin=medium|shaking_time_bin=missing|phase_ratio_bin=missing,3.0,3.0,25.0,25.0,planned,ok,,,
843d313cd0ba,,58,Ce,3,O=C(COCC(=O)N1CCCCC1)N1CCCCC1,O=C(COCC(=O)N1CCCCC1)N1CCCCC1,"[0, 3, 6]","[""O(amide_carbonyl)"", ""O(ether)"", ""O(amide_carbonyl)""]",3,9,3,water,water,0,58|O=C(COCC(=O)N1CCCCC1)N1CCCCC1|water,1,1,acid_class=chloride|acid_strength_bin=high|nitrate_activity=none|pH_bin=missing|diluent_family=aliphatic_hydrocarbon|modifier_class=none|temperature_bin=ambient|contact_time_bin=medium|shaking_time_bin=missing|phase_ratio_bin=missing,3.0,3.0,22.0,22.0,planned,ok,,,
571ba3077142,,58,Ce,3,COCCN(CCOC)C(=O)COCC(=O)N(CCOC)CCOC,COCCN(CCOC)C(=O)COCC(=O)N(CCOC)CCOC,"[1, 7, 10, 12, 15, 19, 23]","[""O(ether)"", ""O(ether)"", ""O(amide_carbonyl)"", ""O(ether)"", ""O(amide_carbonyl)"", ""O(ether)"", ""O(ether)""]",7,9,1,water,water,2,58|COCCN(CCOC)C(=O)COCC(=O)N(CCOC)CCOC|water,1,1,acid_class=chloride|acid_strength_bin=high|nitrate_activity=none|pH_bin=missing|diluent_family=aliphatic_hydrocarbon|modifier_class=none|temperature_bin=ambient|contact_time_bin=medium|shaking_time_bin=missing|phase_ratio_bin=missing,3.0,3.0,22.0,22.0,planned,ok,,,
d37d47878554,,58,Ce,3,CCCN(CCC)C(=O)COCC(=O)N(CCC)CCC,CCCN(CCC)C(=O)COCC(=O)N(CCC)CCC,"[8, 10, 13]","[""O(amide_carbonyl)"", ""O(ether)"", ""O(amide_carbonyl)""]",3,9,3,nitrate,nitrate,0,58|CCCN(CCC)C(=O)COCC(=O)N(CCC)CCC|nitrate,5,4,acid_class=nitrate|acid_strength_bin=medium|nitrate_activity=medium|pH_bin=missing|diluent_family=alcohol_modifier|modifier_class=none|temperature_bin=ambient|contact_time_bin=medium|shaking_time_bin=missing|phase_ratio_bin=missing;acid_class=nitrate|acid_strength_bin=medium|nitrate_activity=medium|pH_bin=missing|diluent_family=aromatic|modifier_class=none|temperature_bin=ambient|contact_time_bin=medium|shaking_time_bin=missing|phase_ratio_bin=missing;acid_class=nitrate|acid_strength_bin=medium|nitrate_activity=medium|pH_bin=missing|diluent_family=chlorinated|modifier_class=none|temperature_bin=ambient|contact_time_bin=medium|shaking_time_bin=missing|phase_ratio_bin=missing;acid_class=nitrate|acid_strength_bin=medium|nitrate_activity=medium|pH_bin=missing|diluent_family=other|modifier_class=none|temperature_bin=ambient|contact_time_bin=medium|shaking_time_bin=missing|phase_ratio_bin=missing,1.0,1.0,25.0,25.0,planned,ok,,,
20fef2b9bc6a,,58,Ce,3,CCCCCCCCCCCCN(C)C(=O)C1CC(OC)CC(C(=O)N(C)CCCCCCCCCCCC)O1,CCCCCCCCCCCCN(C)C(=O)C1CC(OC)CC(C(=O)N(C)CCCCCCCCCCCC)O1,"[15, 19, 24, 39]","[""O(amide_carbonyl)"", ""O(ether)"", ""O(amide_carbonyl)"", ""O(ether)""]",4,9,2,nitrate,nitrate,1,58|CCCCCCCCCCCCN(C)C(=O)C1CC(OC)CC(C(=O)N(C)CCCCCCCCCCCC)O1|nitrate,6,1,acid_class=nitrate|acid_strength_bin=high|nitrate_activity=high|pH_bin=missing|diluent_family=aliphatic_hydrocarbon|modifier_class=none|temperature_bin=ambient|contact_time_bin=medium|shaking_time_bin=missing|phase_ratio_bin=missing,3.0,3.0,22.0,22.0,planned,ok,,,
a2c1ad5f9136,,58,Ce,3,CCCCC(CC)CP(=O)(CC(=O)N(CC(C)C)CC(C)C)c1ccccc1,CCCCC(CC)CP(=O)(CC(=O)N(CC(C)C)CC(C)C)c1ccccc1,"[9, 12]","[""O(ether)"", ""O(amide_carbonyl)""]",2,9,4,nitrate,nitrate,1,58|CCCCC(CC)CP(=O)(CC(=O)N(CC(C)C)CC(C)C)c1ccccc1|nitrate,1,1,acid_class=nitrate|acid_strength_bin=high|nitrate_activity=high|pH_bin=missing|diluent_family=other|modifier_class=none|temperature_bin=ambient|contact_time_bin=missing|shaking_time_bin=missing|phase_ratio_bin=missing,3.0,3.0,25.0,25.0,planned,fill_1x_nitrate,,,
a54f39d3a113,,58,Ce,3,CC(C)CCCCCP(=O)(CC(=O)N(CC(C)C)CC(C)C)c1ccccc1,CC(C)CCCCCP(=O)(CC(=O)N(CC(C)C)CC(C)C)c1ccccc1,"[9, 12]","[""O(ether)"", ""O(amide_carbonyl)""]",2,9,4,nitrate,nitrate,1,58|CC(C)CCCCCP(=O)(CC(=O)N(CC(C)C)CC(C)C)c1ccccc1|nitrate,1,1,acid_class=nitrate|acid_strength_bin=high|nitrate_activity=high|pH_bin=missing|diluent_family=other|modifier_class=none|temperature_bin=ambient|contact_time_bin=missing|shaking_time_bin=missing|phase_ratio_bin=missing,3.0,3.0,25.0,25.0,planned,fill_1x_nitrate,,,
70e091c4e6a2,,58,Ce,3,CCCCCc1nnc(-c2cccc(-c3cccc(-c4nnc(CCCCC)c(CCCCC)n4)n3)n2)nc1CCCCC,CCCCCc1nnc(-c2cccc(-c3cccc(-c4nnc(CCCCC)c(CCCCC)n4)n3)n2)nc1CCCCC,"[6, 7, 20, 21, 34, 35, 36, 37]","[""N(aromatic)"", ""N(aromatic)"", ""N(aromatic)"", ""N(aromatic)"", ""N(aromatic)"", ""N(aromatic)"", ""N(aromatic)"", ""N(aromatic)""]",8,9,1,nitrate,nitrate,1,58|CCCCCc1nnc(-c2cccc(-c3cccc(-c4nnc(CCCCC)c(CCCCC)n4)n3)n2)nc1CCCCC|nitrate,15,3,acid_class=nitrate|acid_strength_bin=low|nitrate_activity=low|pH_bin=missing|diluent_family=aliphatic_hydrocarbon|modifier_class=none|temperature_bin=ambient|contact_time_bin=missing|shaking_time_bin=missing|phase_ratio_bin=missing;acid_class=nitrate|acid_strength_bin=medium|nitrate_activity=medium|pH_bin=missing|diluent_family=aliphatic_hydrocarbon|modifier_class=none|temperature_bin=ambient|contact_time_bin=missing|shaking_time_bin=missing|phase_ratio_bin=missing;acid_class=nitrate|acid_strength_bin=medium|nitrate_activity=medium|pH_bin=missing|diluent_family=other|modifier_class=none|temperature_bin=ambient|contact_time_bin=missing|shaking_time_bin=missing|phase_ratio_bin=missing,0.1,1.0,20.0,25.0,planned,fill_5x_nitrate,,,
1e103e29e69e,,58,Ce,3,CCCCCCn1c(-c2ccccc2)c(-c2ccccc2)c2cc3ccc4cc5c(-c6ccccc6)c(-c6ccccc6)n(CCCCCC)c(=O)c5nc4c3nc2c1=O,CCCCCCn1c(-c2ccccc2)c(-c2ccccc2)c2cc3ccc4cc5c(-c6ccccc6)c(-c6ccccc6)n(CCCCCC)c(=O)c5nc4c3nc2c1=O,"[6, 43, 51, 53, 56, 59]","[""N(aromatic)"", ""N(aromatic)"", ""O(amide_carbonyl)"", ""N(aromatic)"", ""N(aromatic)"", ""O(amide_carbonyl)""]",6,9,1,water,water,3,58|CCCCCCn1c(-c2ccccc2)c(-c2ccccc2)c2cc3ccc4cc5c(-c6ccccc6)c(-c6ccccc6)n(CCCCCC)c(=O)c5nc4c3nc2c1=O|water,1,1,acid_class=chloride|acid_strength_bin=medium|nitrate_activity=none|pH_bin=missing|diluent_family=chlorinated|modifier_class=none|temperature_bin=ambient|contact_time_bin=missing|shaking_time_bin=missing|phase_ratio_bin=missing,0.9,0.9,25.0,25.0,planned,fill_5x_water,,,
23bc11341179,,58,Ce,3,CCCCCCn1c(-c2ccccc2)c(-c2ccccc2)c2cc3ccc4cc5c(-c6ccccc6)c(-c6ccccc6)n(CCCCCC)c(=O)c5nc4c3nc2c1=O,CCCCCCn1c(-c2ccccc2)c(-c2ccccc2)c2cc3ccc4cc5c(-c6ccccc6)c(-c6ccccc6)n(CCCCCC)c(=O)c5nc4c3nc2c1=O,"[6, 43, 51, 53, 56, 59]","[""N(aromatic)"", ""N(aromatic)"", ""O(amide_carbonyl)"", ""N(aromatic)"", ""N(aromatic)"", ""O(amide_carbonyl)""]",6,9,1,nitrate,nitrate,3,58|CCCCCCn1c(-c2ccccc2)c(-c2ccccc2)c2cc3ccc4cc5c(-c6ccccc6)c(-c6ccccc6)n(CCCCCC)c(=O)c5nc4c3nc2c1=O|nitrate,1,1,acid_class=nitrate|acid_strength_bin=medium|nitrate_activity=medium|pH_bin=missing|diluent_family=chlorinated|modifier_class=none|temperature_bin=ambient|contact_time_bin=missing|shaking_time_bin=missing|phase_ratio_bin=missing,0.9,0.9,25.0,25.0,planned,fill_5x_nitrate,,,
9fa96db16fe2,,58,Ce,3,CCCc1nnc(-c2cccc(-c3nnc(CCC)c(CCC)n3)n2)nc1CCC,CCCc1nnc(-c2cccc(-c3nnc(CCC)c(CCC)n3)n2)nc1CCC,"[4, 5, 13, 14, 23, 24, 25]","[""N(aromatic)"", ""N(aromatic)"", ""N(aromatic)"", ""N(aromatic)"", ""N(aromatic)"", ""N(aromatic)"", ""N(aromatic)""]",7,9,1,nitrate,nitrate,2,58|CCCc1nnc(-c2cccc(-c3nnc(CCC)c(CCC)n3)n2)nc1CCC|nitrate,1,1,acid_class=nitrate|acid_strength_bin=medium|nitrate_activity=medium|pH_bin=missing|diluent_family=aliphatic_hydrocarbon|modifier_class=none|temperature_bin=ambient|contact_time_bin=missing|shaking_time_bin=missing|phase_ratio_bin=missing,1.0,1.0,25.0,25.0,planned,ok,,,
1c8d038cf561,,58,Ce,3,c1cc2nc(c1)COc1ccccc1OCCOCCOc1ccccc1OC2,c1cc2nc(c1)COc1ccccc1OCCOCCOc1ccccc1OC2,"[3, 7, 14, 17, 20, 27]","[""N(aromatic)"", ""O(ether)"", ""O(ether)"", ""O(ether)"", ""O(ether)"", ""O(ether)""]",6,9,1,nitrate,nitrate,3,58|c1cc2nc(c1)COc1ccccc1OCCOCCOc1ccccc1OC2|nitrate,1,1,acid_class=nitrate|acid_strength_bin=medium|nitrate_activity=medium|pH_bin=missing|diluent_family=other|modifier_class=none|temperature_bin=ambient|contact_time_bin=missing|shaking_time_bin=missing|phase_ratio_bin=missing,1.0,1.0,25.0,25.0,planned,fill_3x_nitrate,,,
aa83667df077,,58,Ce,3,C1CCC2OCCOCCOC3CCCCC3OCCOCCOC2C1,C1CCC2OCCOCCOC3CCCCC3OCCOCCOC2C1,"[4, 7, 10, 17, 20, 23]","[""O(ether)"", ""O(ether)"", ""O(ether)"", ""O(ether)"", ""O(ether)"", ""O(ether)""]",6,9,1,nitrate,nitrate,3,58|C1CCC2OCCOCCOC3CCCCC3OCCOCCOC2C1|nitrate,1,1,acid_class=nitrate|acid_strength_bin=medium|nitrate_activity=medium|pH_bin=missing|diluent_family=other|modifier_class=none|temperature_bin=ambient|contact_time_bin=missing|shaking_time_bin=missing|phase_ratio_bin=missing,1.0,1.0,25.0,25.0,planned,fill_3x_nitrate,,,
0453c5e4f135,,58,Ce,3,c1ccc2c(c1)OCCOCCOc1ccccc1OCCOCCO2,c1ccc2c(c1)OCCOCCOc1ccccc1OCCOCCO2,"[6, 9, 12, 19, 22, 25]","[""O(ether)"", ""O(ether)"", ""O(ether)"", ""O(ether)"", ""O(ether)"", ""O(ether)""]",6,9,1,nitrate,nitrate,3,58|c1ccc2c(c1)OCCOCCOc1ccccc1OCCOCCO2|nitrate,1,1,acid_class=nitrate|acid_strength_bin=medium|nitrate_activity=medium|pH_bin=missing|diluent_family=other|modifier_class=none|temperature_bin=ambient|contact_time_bin=missing|shaking_time_bin=missing|phase_ratio_bin=missing,1.0,1.0,25.0,25.0,planned,fill_3x_nitrate,,,
afde862bf06d,,57,La,3,CCCCCCCCN(CCCCCCCC)C(=O)[C@H](C)O[C@@H](C)C(=O)N(CCCCCCCC)CCCCCCCC,CCCCCCCCN(CCCCCCCC)C(=O)[C@H](C)O[C@@H](C)C(=O)N(CCCCCCCC)CCCCCCCC,"[18, 21, 25]","[""O(amide_carbonyl)"", ""O(ether)"", ""O(amide_carbonyl)""]",3,9,3,nitrate,nitrate,0,57|CCCCCCCCN(CCCCCCCC)C(=O)[C@H](C)O[C@@H](C)C(=O)N(CCCCCCCC)CCCCCCCC|nitrate,1,1,acid_class=nitrate|acid_strength_bin=high|nitrate_activity=high|pH_bin=missing|diluent_family=aliphatic_hydrocarbon|modifier_class=none|temperature_bin=ambient|contact_time_bin=short|shaking_time_bin=missing|phase_ratio_bin=missing,4.3,4.3,22.0,22.0,planned,ok,,,
2ff01b63ee55,,59,Pr,3,CCCCCCCCN(CCCCCCCC)C(=O)[C@H](C)O[C@@H](C)C(=O)N(CCCCCCCC)CCCCCCCC,CCCCCCCCN(CCCCCCCC)C(=O)[C@H](C)O[C@@H](C)C(=O)N(CCCCCCCC)CCCCCCCC,"[18, 21, 25]","[""O(amide_carbonyl)"", ""O(ether)"", ""O(amide_carbonyl)""]",3,9,3,nitrate,nitrate,0,59|CCCCCCCCN(CCCCCCCC)C(=O)[C@H](C)O[C@@H](C)C(=O)N(CCCCCCCC)CCCCCCCC|nitrate,1,1,acid_class=nitrate|acid_strength_bin=high|nitrate_activity=high|pH_bin=missing|diluent_family=aliphatic_hydrocarbon|modifier_class=none|temperature_bin=ambient|contact_time_bin=short|shaking_time_bin=missing|phase_ratio_bin=missing,4.3,4.3,22.0,22.0,planned,ok,,,
721a61092186,,60,Nd,3,CCCCCCCCN(CCCCCCCC)C(=O)[C@H](C)O[C@@H](C)C(=O)N(CCCCCCCC)CCCCCCCC,CCCCCCCCN(CCCCCCCC)C(=O)[C@H](C)O[C@@H](C)C(=O)N(CCCCCCCC)CCCCCCCC,"[18, 21, 25]","[""O(amide_carbonyl)"", ""O(ether)"", ""O(amide_carbonyl)""]",3,9,3,nitrate,nitrate,0,60|CCCCCCCCN(CCCCCCCC)C(=O)[C@H](C)O[C@@H](C)C(=O)N(CCCCCCCC)CCCCCCCC|nitrate,1,1,acid_class=nitrate|acid_strength_bin=high|nitrate_activity=high|pH_bin=missing|diluent_family=aliphatic_hydrocarbon|modifier_class=none|temperature_bin=ambient|contact_time_bin=short|shaking_time_bin=missing|phase_ratio_bin=missing,4.3,4.3,22.0,22.0,planned,ok,,,
2f499de791f5,,62,Sm,3,CCCCCCCCN(CCCCCCCC)C(=O)[C@H](C)O[C@@H](C)C(=O)N(CCCCCCCC)CCCCCCCC,CCCCCCCCN(CCCCCCCC)C(=O)[C@H](C)O[C@@H](C)C(=O)N(CCCCCCCC)CCCCCCCC,"[18, 21, 25]","[""O(amide_carbonyl)"", ""O(ether)"", ""O(amide_carbonyl)""]",3,9,3,nitrate,nitrate,0,62|CCCCCCCCN(CCCCCCCC)C(=O)[C@H](C)O[C@@H](C)C(=O)N(CCCCCCCC)CCCCCCCC|nitrate,1,1,acid_class=nitrate|acid_strength_bin=high|nitrate_activity=high|pH_bin=missing|diluent_family=aliphatic_hydrocarbon|modifier_class=none|temperature_bin=ambient|contact_time_bin=short|shaking_time_bin=missing|phase_ratio_bin=missing,4.3,4.3,22.0,22.0,planned,ok,,,
6d3185d738e5,,63,Eu,3,CCCCCCCCN(CCCCCCCC)C(=O)[C@H](C)O[C@@H](C)C(=O)N(CCCCCCCC)CCCCCCCC,CCCCCCCCN(CCCCCCCC)C(=O)[C@H](C)O[C@@H](C)C(=O)N(CCCCCCCC)CCCCCCCC,"[18, 21, 25]","[""O(amide_carbonyl)"", ""O(ether)"", ""O(amide_carbonyl)""]",3,9,3,nitrate,nitrate,0,63|CCCCCCCCN(CCCCCCCC)C(=O)[C@H](C)O[C@@H](C)C(=O)N(CCCCCCCC)CCCCCCCC|nitrate,1,1,acid_class=nitrate|acid_strength_bin=high|nitrate_activity=high|pH_bin=missing|diluent_family=aliphatic_hydrocarbon|modifier_class=none|temperature_bin=ambient|contact_time_bin=short|shaking_time_bin=missing|phase_ratio_bin=missing,4.3,4.3,22.0,22.0,planned,ok,,,
10baf97b18c4,,64,Gd,3,CCCCCCCCN(CCCCCCCC)C(=O)[C@H](C)O[C@@H](C)C(=O)N(CCCCCCCC)CCCCCCCC,CCCCCCCCN(CCCCCCCC)C(=O)[C@H](C)O[C@@H](C)C(=O)N(CCCCCCCC)CCCCCCCC,"[18, 21, 25]","[""O(amide_carbonyl)"", ""O(ether)"", ""O(amide_carbonyl)""]",3,9,3,nitrate,nitrate,0,64|CCCCCCCCN(CCCCCCCC)C(=O)[C@H](C)O[C@@H](C)C(=O)N(CCCCCCCC)CCCCCCCC|nitrate,1,1,acid_class=nitrate|acid_strength_bin=high|nitrate_activity=high|pH_bin=missing|diluent_family=aliphatic_hydrocarbon|modifier_class=none|temperature_bin=ambient|contact_time_bin=short|shaking_time_bin=missing|phase_ratio_bin=missing,4.3,4.3,22.0,22.0,planned,ok,,,
3e99b612bb57,,65,Tb,3,CCCCCCCCN(CCCCCCCC)C(=O)[C@H](C)O[C@@H](C)C(=O)N(CCCCCCCC)CCCCCCCC,CCCCCCCCN(CCCCCCCC)C(=O)[C@H](C)O[C@@H](C)C(=O)N(CCCCCCCC)CCCCCCCC,"[18, 21, 25]","[""O(amide_carbonyl)"", ""O(ether)"", ""O(amide_carbonyl)""]",3,8,2,nitrate,nitrate,2,65|CCCCCCCCN(CCCCCCCC)C(=O)[C@H](C)O[C@@H](C)C(=O)N(CCCCCCCC)CCCCCCCC|nitrate,1,1,acid_class=nitrate|acid_strength_bin=high|nitrate_activity=high|pH_bin=missing|diluent_family=aliphatic_hydrocarbon|modifier_class=none|temperature_bin=ambient|contact_time_bin=short|shaking_time_bin=missing|phase_ratio_bin=missing,4.3,4.3,22.0,22.0,planned,fill_2x_nitrate,,,
ec0644f69d41,,66,Dy,3,CCCCCCCCN(CCCCCCCC)C(=O)[C@H](C)O[C@@H](C)C(=O)N(CCCCCCCC)CCCCCCCC,CCCCCCCCN(CCCCCCCC)C(=O)[C@H](C)O[C@@H](C)C(=O)N(CCCCCCCC)CCCCCCCC,"[18, 21, 25]","[""O(amide_carbonyl)"", ""O(ether)"", ""O(amide_carbonyl)""]",3,8,2,nitrate,nitrate,2,66|CCCCCCCCN(CCCCCCCC)C(=O)[C@H](C)O[C@@H](C)C(=O)N(CCCCCCCC)CCCCCCCC|nitrate,1,1,acid_class=nitrate|acid_strength_bin=high|nitrate_activity=high|pH_bin=missing|diluent_family=aliphatic_hydrocarbon|modifier_class=none|temperature_bin=ambient|contact_time_bin=short|shaking_time_bin=missing|phase_ratio_bin=missing,4.3,4.3,22.0,22.0,planned,fill_2x_nitrate,,,
9f301c33744c,,67,Ho,3,CCCCCCCCN(CCCCCCCC)C(=O)[C@H](C)O[C@@H](C)C(=O)N(CCCCCCCC)CCCCCCCC,CCCCCCCCN(CCCCCCCC)C(=O)[C@H](C)O[C@@H](C)C(=O)N(CCCCCCCC)CCCCCCCC,"[18, 21, 25]","[""O(amide_carbonyl)"", ""O(ether)"", ""O(amide_carbonyl)""]",3,8,2,nitrate,nitrate,2,67|CCCCCCCCN(CCCCCCCC)C(=O)[C@H](C)O[C@@H](C)C(=O)N(CCCCCCCC)CCCCCCCC|nitrate,1,1,acid_class=nitrate|acid_strength_bin=high|nitrate_activity=high|pH_bin=missing|diluent_family=aliphatic_hydrocarbon|modifier_class=none|temperature_bin=ambient|contact_time_bin=short|shaking_time_bin=missing|phase_ratio_bin=missing,4.3,4.3,22.0,22.0,planned,fill_2x_nitrate,,,
e2e7b8542799,,68,Er,3,CCCCCCCCN(CCCCCCCC)C(=O)[C@H](C)O[C@@H](C)C(=O)N(CCCCCCCC)CCCCCCCC,CCCCCCCCN(CCCCCCCC)C(=O)[C@H](C)O[C@@H](C)C(=O)N(CCCCCCCC)CCCCCCCC,"[18, 21, 25]","[""O(amide_carbonyl)"", ""O(ether)"", ""O(amide_carbonyl)""]",3,8,2,nitrate,nitrate,2,68|CCCCCCCCN(CCCCCCCC)C(=O)[C@H](C)O[C@@H](C)C(=O)N(CCCCCCCC)CCCCCCCC|nitrate,1,1,acid_class=nitrate|acid_strength_bin=high|nitrate_activity=high|pH_bin=missing|diluent_family=aliphatic_hydrocarbon|modifier_class=none|temperature_bin=ambient|contact_time_bin=short|shaking_time_bin=missing|phase_ratio_bin=missing,4.3,4.3,22.0,22.0,planned,fill_2x_nitrate,,,
da839f1b8723,,69,Tm,3,CCCCCCCCN(CCCCCCCC)C(=O)[C@H](C)O[C@@H](C)C(=O)N(CCCCCCCC)CCCCCCCC,CCCCCCCCN(CCCCCCCC)C(=O)[C@H](C)O[C@@H](C)C(=O)N(CCCCCCCC)CCCCCCCC,"[18, 21, 25]","[""O(amide_carbonyl)"", ""O(ether)"", ""O(amide_carbonyl)""]",3,8,2,nitrate,nitrate,2,69|CCCCCCCCN(CCCCCCCC)C(=O)[C@H](C)O[C@@H](C)C(=O)N(CCCCCCCC)CCCCCCCC|nitrate,1,1,acid_class=nitrate|acid_strength_bin=high|nitrate_activity=high|pH_bin=missing|diluent_family=aliphatic_hydrocarbon|modifier_class=none|temperature_bin=ambient|contact_time_bin=short|shaking_time_bin=missing|phase_ratio_bin=missing,4.3,4.3,22.0,22.0,planned,fill_2x_nitrate,,,
c0ed1cd7ac83,,70,Yb,3,CCCCCCCCN(CCCCCCCC)C(=O)[C@H](C)O[C@@H](C)C(=O)N(CCCCCCCC)CCCCCCCC,CCCCCCCCN(CCCCCCCC)C(=O)[C@H](C)O[C@@H](C)C(=O)N(CCCCCCCC)CCCCCCCC,"[18, 21, 25]","[""O(amide_carbonyl)"", ""O(ether)"", ""O(amide_carbonyl)""]",3,8,2,nitrate,nitrate,2,70|CCCCCCCCN(CCCCCCCC)C(=O)[C@H](C)O[C@@H](C)C(=O)N(CCCCCCCC)CCCCCCCC|nitrate,1,1,acid_class=nitrate|acid_strength_bin=high|nitrate_activity=high|pH_bin=missing|diluent_family=aliphatic_hydrocarbon|modifier_class=none|temperature_bin=ambient|contact_time_bin=short|shaking_time_bin=missing|phase_ratio_bin=missing,4.3,4.3,22.0,22.0,planned,fill_2x_nitrate,,,
918443e30249,,71,Lu,3,CCCCCCCCN(CCCCCCCC)C(=O)[C@H](C)O[C@@H](C)C(=O)N(CCCCCCCC)CCCCCCCC,CCCCCCCCN(CCCCCCCC)C(=O)[C@H](C)O[C@@H](C)C(=O)N(CCCCCCCC)CCCCCCCC,"[18, 21, 25]","[""O(amide_carbonyl)"", ""O(ether)"", ""O(amide_carbonyl)""]",3,8,2,nitrate,nitrate,2,71|CCCCCCCCN(CCCCCCCC)C(=O)[C@H](C)O[C@@H](C)C(=O)N(CCCCCCCC)CCCCCCCC|nitrate,1,1,acid_class=nitrate|acid_strength_bin=high|nitrate_activity=high|pH_bin=missing|diluent_family=aliphatic_hydrocarbon|modifier_class=none|temperature_bin=ambient|contact_time_bin=short|shaking_time_bin=missing|phase_ratio_bin=missing,4.3,4.3,22.0,22.0,planned,fill_2x_nitrate,,,
52429ea3421d,,57,La,3,CCCCC(CC)CP(=O)(CC(=O)N(CC(C)C)CC(C)C)c1ccccc1,CCCCC(CC)CP(=O)(CC(=O)N(CC(C)C)CC(C)C)c1ccccc1,"[9, 12]","[""O(ether)"", ""O(amide_carbonyl)""]",2,9,4,nitrate,nitrate,1,57|CCCCC(CC)CP(=O)(CC(=O)N(CC(C)C)CC(C)C)c1ccccc1|nitrate,1,1,acid_class=nitrate|acid_strength_bin=high|nitrate_activity=high|pH_bin=missing|diluent_family=other|modifier_class=none|temperature_bin=ambient|contact_time_bin=missing|shaking_time_bin=missing|phase_ratio_bin=missing,3.0,3.0,25.0,25.0,planned,fill_1x_nitrate,,,
20d170269605,,59,Pr,3,CCCCC(CC)CP(=O)(CC(=O)N(CC(C)C)CC(C)C)c1ccccc1,CCCCC(CC)CP(=O)(CC(=O)N(CC(C)C)CC(C)C)c1ccccc1,"[9, 12]","[""O(ether)"", ""O(amide_carbonyl)""]",2,9,4,nitrate,nitrate,1,59|CCCCC(CC)CP(=O)(CC(=O)N(CC(C)C)CC(C)C)c1ccccc1|nitrate,1,1,acid_class=nitrate|acid_strength_bin=high|nitrate_activity=high|pH_bin=missing|diluent_family=other|modifier_class=none|temperature_bin=ambient|contact_time_bin=missing|shaking_time_bin=missing|phase_ratio_bin=missing,3.0,3.0,25.0,25.0,planned,fill_1x_nitrate,,,
9868f7044b6e,,60,Nd,3,CCCCC(CC)CP(=O)(CC(=O)N(CC(C)C)CC(C)C)c1ccccc1,CCCCC(CC)CP(=O)(CC(=O)N(CC(C)C)CC(C)C)c1ccccc1,"[9, 12]","[""O(ether)"", ""O(amide_carbonyl)""]",2,9,4,nitrate,nitrate,1,60|CCCCC(CC)CP(=O)(CC(=O)N(CC(C)C)CC(C)C)c1ccccc1|nitrate,1,1,acid_class=nitrate|acid_strength_bin=high|nitrate_activity=high|pH_bin=missing|diluent_family=other|modifier_class=none|temperature_bin=ambient|contact_time_bin=missing|shaking_time_bin=missing|phase_ratio_bin=missing,3.0,3.0,25.0,25.0,planned,fill_1x_nitrate,,,
4c7560f50545,,62,Sm,3,CCCCC(CC)CP(=O)(CC(=O)N(CC(C)C)CC(C)C)c1ccccc1,CCCCC(CC)CP(=O)(CC(=O)N(CC(C)C)CC(C)C)c1ccccc1,"[9, 12]","[""O(ether)"", ""O(amide_carbonyl)""]",2,9,4,nitrate,nitrate,1,62|CCCCC(CC)CP(=O)(CC(=O)N(CC(C)C)CC(C)C)c1ccccc1|nitrate,1,1,acid_class=nitrate|acid_strength_bin=high|nitrate_activity=high|pH_bin=missing|diluent_family=other|modifier_class=none|temperature_bin=ambient|contact_time_bin=missing|shaking_time_bin=missing|phase_ratio_bin=missing,3.0,3.0,25.0,25.0,planned,fill_1x_nitrate,,,
7243680b7bcc,,63,Eu,3,CCCCC(CC)CP(=O)(CC(=O)N(CC(C)C)CC(C)C)c1ccccc1,CCCCC(CC)CP(=O)(CC(=O)N(CC(C)C)CC(C)C)c1ccccc1,"[9, 12]","[""O(ether)"", ""O(amide_carbonyl)""]",2,9,4,nitrate,nitrate,1,63|CCCCC(CC)CP(=O)(CC(=O)N(CC(C)C)CC(C)C)c1ccccc1|nitrate,1,1,acid_class=nitrate|acid_strength_bin=high|nitrate_activity=high|pH_bin=missing|diluent_family=other|modifier_class=none|temperature_bin=ambient|contact_time_bin=missing|shaking_time_bin=missing|phase_ratio_bin=missing,3.0,3.0,25.0,25.0,planned,fill_1x_nitrate,,,
4da09d754091,,57,La,3,CC(C)CCCCCP(=O)(CC(=O)N(CC(C)C)CC(C)C)c1ccccc1,CC(C)CCCCCP(=O)(CC(=O)N(CC(C)C)CC(C)C)c1ccccc1,"[9, 12]","[""O(ether)"", ""O(amide_carbonyl)""]",2,9,4,nitrate,nitrate,1,57|CC(C)CCCCCP(=O)(CC(=O)N(CC(C)C)CC(C)C)c1ccccc1|nitrate,1,1,acid_class=nitrate|acid_strength_bin=high|nitrate_activity=high|pH_bin=missing|diluent_family=other|modifier_class=none|temperature_bin=ambient|contact_time_bin=missing|shaking_time_bin=missing|phase_ratio_bin=missing,3.0,3.0,25.0,25.0,planned,fill_1x_nitrate,,,
03f10b544421,,59,Pr,3,CC(C)CCCCCP(=O)(CC(=O)N(CC(C)C)CC(C)C)c1ccccc1,CC(C)CCCCCP(=O)(CC(=O)N(CC(C)C)CC(C)C)c1ccccc1,"[9, 12]","[""O(ether)"", ""O(amide_carbonyl)""]",2,9,4,nitrate,nitrate,1,59|CC(C)CCCCCP(=O)(CC(=O)N(CC(C)C)CC(C)C)c1ccccc1|nitrate,1,1,acid_class=nitrate|acid_strength_bin=high|nitrate_activity=high|pH_bin=missing|diluent_family=other|modifier_class=none|temperature_bin=ambient|contact_time_bin=missing|shaking_time_bin=missing|phase_ratio_bin=missing,3.0,3.0,25.0,25.0,planned,fill_1x_nitrate,,,
03fbdef178b7,,60,Nd,3,CC(C)CCCCCP(=O)(CC(=O)N(CC(C)C)CC(C)C)c1ccccc1,CC(C)CCCCCP(=O)(CC(=O)N(CC(C)C)CC(C)C)c1ccccc1,"[9, 12]","[""O(ether)"", ""O(amide_carbonyl)""]",2,9,4,nitrate,nitrate,1,60|CC(C)CCCCCP(=O)(CC(=O)N(CC(C)C)CC(C)C)c1ccccc1|nitrate,1,1,acid_class=nitrate|acid_strength_bin=high|nitrate_activity=high|pH_bin=missing|diluent_family=other|modifier_class=none|temperature_bin=ambient|contact_time_bin=missing|shaking_time_bin=missing|phase_ratio_bin=missing,3.0,3.0,25.0,25.0,planned,fill_1x_nitrate,,,
ef5a86eedea6,,62,Sm,3,CC(C)CCCCCP(=O)(CC(=O)N(CC(C)C)CC(C)C)c1ccccc1,CC(C)CCCCCP(=O)(CC(=O)N(CC(C)C)CC(C)C)c1ccccc1,"[9, 12]","[""O(ether)"", ""O(amide_carbonyl)""]",2,9,4,nitrate,nitrate,1,62|CC(C)CCCCCP(=O)(CC(=O)N(CC(C)C)CC(C)C)c1ccccc1|nitrate,1,1,acid_class=nitrate|acid_strength_bin=high|nitrate_activity=high|pH_bin=missing|diluent_family=other|modifier_class=none|temperature_bin=ambient|contact_time_bin=missing|shaking_time_bin=missing|phase_ratio_bin=missing,3.0,3.0,25.0,25.0,planned,fill_1x_nitrate,,,
126999e61eab,,63,Eu,3,CC(C)CCCCCP(=O)(CC(=O)N(CC(C)C)CC(C)C)c1ccccc1,CC(C)CCCCCP(=O)(CC(=O)N(CC(C)C)CC(C)C)c1ccccc1,"[9, 12]","[""O(ether)"", ""O(amide_carbonyl)""]",2,9,4,nitrate,nitrate,1,63|CC(C)CCCCCP(=O)(CC(=O)N(CC(C)C)CC(C)C)c1ccccc1|nitrate,1,1,acid_class=nitrate|acid_strength_bin=high|nitrate_activity=high|pH_bin=missing|diluent_family=other|modifier_class=none|temperature_bin=ambient|contact_time_bin=missing|shaking_time_bin=missing|phase_ratio_bin=missing,3.0,3.0,25.0,25.0,planned,fill_1x_nitrate,,,
7ec9b7797bf7,,66,Dy,3,CCCCN(CCCC)C(=O)COCC(=O)N(CCCC)CCCC,CCCCN(CCCC)C(=O)COCC(=O)N(CCCC)CCCC,"[10, 12, 15]","[""O(amide_carbonyl)"", ""O(ether)"", ""O(amide_carbonyl)""]",3,8,2,nitrate,nitrate,2,66|CCCCN(CCCC)C(=O)COCC(=O)N(CCCC)CCCC|nitrate,25,6,acid_class=nitrate|acid_strength_bin=low|nitrate_activity=low|pH_bin=missing|diluent_family=aromatic|modifier_class=none|temperature_bin=ambient|contact_time_bin=medium|shaking_time_bin=missing|phase_ratio_bin=missing;acid_class=nitrate|acid_strength_bin=low|nitrate_activity=low|pH_bin=missing|diluent_family=aromatic|modifier_class=none|temperature_bin=ambient|contact_time_bin=missing|shaking_time_bin=medium|phase_ratio_bin=missing;acid_class=nitrate|acid_strength_bin=medium|nitrate_activity=medium|pH_bin=missing|diluent_family=aromatic|modifier_class=none|temperature_bin=ambient|contact_time_bin=medium|shaking_time_bin=missing|phase_ratio_bin=missing;acid_class=nitrate|acid_strength_bin=medium|nitrate_activity=medium|pH_bin=missing|diluent_family=aromatic|modifier_class=none|temperature_bin=ambient|contact_time_bin=missing|shaking_time_bin=medium|phase_ratio_bin=missing;acid_class=nitrate|acid_strength_bin=medium|nitrate_activity=medium|pH_bin=missing|diluent_family=aromatic|modifier_class=none|temperature_bin=ambient|contact_time_bin=short|shaking_time_bin=missing|phase_ratio_bin=missing,0.482059,1.61464,25.0,43.0,planned,fill_2x_nitrate,,,
776e28284952,,66,Dy,3,CCCCCCCCCCN(CCCCCCCCCC)C(=O)COCC(=O)N(CCCCCCCCCC)CCCCCCCCCC,CCCCCCCCCCN(CCCCCCCCCC)C(=O)COCC(=O)N(CCCCCCCCCC)CCCCCCCCCC,"[22, 24, 27]","[""O(amide_carbonyl)"", ""O(ether)"", ""O(amide_carbonyl)""]",3,8,2,nitrate,nitrate,2,66|CCCCCCCCCCN(CCCCCCCCCC)C(=O)COCC(=O)N(CCCCCCCCCC)CCCCCCCCCC|nitrate,1,1,acid_class=nitrate|acid_strength_bin=medium|nitrate_activity=medium|pH_bin=missing|diluent_family=aromatic|modifier_class=none|temperature_bin=ambient|contact_time_bin=missing|shaking_time_bin=missing|phase_ratio_bin=missing,1.5,1.5,25.0,25.0,planned,fill_2x_nitrate,,,
910e5c06c523,,66,Dy,3,CCCCCCN(CCCCCC)C(=O)COCC(=O)N(CCCCCC)CCCCCC,CCCCCCN(CCCCCC)C(=O)COCC(=O)N(CCCCCC)CCCCCC,"[14, 16, 19]","[""O(amide_carbonyl)"", ""O(ether)"", ""O(amide_carbonyl)""]",3,8,2,nitrate,nitrate,2,66|CCCCCCN(CCCCCC)C(=O)COCC(=O)N(CCCCCC)CCCCCC|nitrate,2,2,acid_class=nitrate|acid_strength_bin=medium|nitrate_activity=medium|pH_bin=missing|diluent_family=aromatic|modifier_class=none|temperature_bin=ambient|contact_time_bin=missing|shaking_time_bin=missing|phase_ratio_bin=missing;acid_class=nitrate|acid_strength_bin=medium|nitrate_activity=medium|pH_bin=missing|diluent_family=aromatic|modifier_class=none|temperature_bin=ambient|contact_time_bin=short|shaking_time_bin=missing|phase_ratio_bin=missing,1.5,1.5,25.0,25.0,planned,fill_2x_nitrate,,,
b34391760a14,,66,Dy,3,CCCCN(CCCC)C(=O)COCC(=O)N(CCCC)CCCC,CCCCN(CCCC)C(=O)COCC(=O)N(CCCC)CCCC,"[10, 12, 15]","[""O(amide_carbonyl)"", ""O(ether)"", ""O(amide_carbonyl)""]",3,8,2,water,water,2,66|CCCCN(CCCC)C(=O)COCC(=O)N(CCCC)CCCC|water,10,4,acid_class=chloride|acid_strength_bin=high|nitrate_activity=none|pH_bin=missing|diluent_family=aromatic|modifier_class=none|temperature_bin=ambient|contact_time_bin=missing|shaking_time_bin=medium|phase_ratio_bin=missing;acid_class=chloride|acid_strength_bin=high|nitrate_activity=none|pH_bin=missing|diluent_family=other|modifier_class=none|temperature_bin=ambient|contact_time_bin=missing|shaking_time_bin=medium|phase_ratio_bin=missing;acid_class=chloride|acid_strength_bin=medium|nitrate_activity=none|pH_bin=missing|diluent_family=aromatic|modifier_class=none|temperature_bin=ambient|contact_time_bin=missing|shaking_time_bin=medium|phase_ratio_bin=missing;acid_class=chloride|acid_strength_bin=medium|nitrate_activity=none|pH_bin=missing|diluent_family=other|modifier_class=none|temperature_bin=ambient|contact_time_bin=missing|shaking_time_bin=medium|phase_ratio_bin=missing,1.0,5.0,25.0,25.0,planned,fill_2x_water,,,
da451a1ff71f,,66,Dy,3,CCCCCCCCN(CCCCCCCC)C(=O)[C@H](C)O[C@H](C)C(=O)N(CCCCCCCC)CCCCCCCC,CCCCCCCCN(CCCCCCCC)C(=O)[C@H](C)O[C@H](C)C(=O)N(CCCCCCCC)CCCCCCCC,"[18, 21, 25]","[""O(amide_carbonyl)"", ""O(ether)"", ""O(amide_carbonyl)""]",3,8,2,nitrate,nitrate,2,66|CCCCCCCCN(CCCCCCCC)C(=O)[C@H](C)O[C@H](C)C(=O)N(CCCCCCCC)CCCCCCCC|nitrate,1,1,acid_class=nitrate|acid_strength_bin=high|nitrate_activity=high|pH_bin=missing|diluent_family=aliphatic_hydrocarbon|modifier_class=none|temperature_bin=ambient|contact_time_bin=short|shaking_time_bin=missing|phase_ratio_bin=missing,4.3,4.3,22.0,22.0,planned,fill_2x_nitrate,,,
df97869cd157,,66,Dy,3,CN(C(=O)COCC(=O)N(C)c1ccccc1)c1ccccc1,CN(C(=O)COCC(=O)N(C)c1ccccc1)c1ccccc1,"[3, 5, 8]","[""O(amide_carbonyl)"", ""O(ether)"", ""O(amide_carbonyl)""]",3,8,2,nitrate,nitrate,2,66|CN(C(=O)COCC(=O)N(C)c1ccccc1)c1ccccc1|nitrate,6,5,acid_class=nitrate|acid_strength_bin=high|nitrate_activity=high|pH_bin=missing|diluent_family=chlorinated|modifier_class=none|temperature_bin=ambient|contact_time_bin=short|shaking_time_bin=missing|phase_ratio_bin=missing;acid_class=nitrate|acid_strength_bin=medium|nitrate_activity=medium|pH_bin=missing|diluent_family=aromatic|modifier_class=none|temperature_bin=ambient|contact_time_bin=medium|shaking_time_bin=missing|phase_ratio_bin=missing;acid_class=nitrate|acid_strength_bin=medium|nitrate_activity=medium|pH_bin=missing|diluent_family=aromatic|modifier_class=none|temperature_bin=ambient|contact_time_bin=short|shaking_time_bin=missing|phase_ratio_bin=missing;acid_class=nitrate|acid_strength_bin=medium|nitrate_activity=medium|pH_bin=missing|diluent_family=chlorinated|modifier_class=none|temperature_bin=ambient|contact_time_bin=medium|shaking_time_bin=missing|phase_ratio_bin=missing;acid_class=nitrate|acid_strength_bin=medium|nitrate_activity=medium|pH_bin=missing|diluent_family=other|modifier_class=none|temperature_bin=ambient|contact_time_bin=medium|shaking_time_bin=missing|phase_ratio_bin=missing,1.0,4.0,23.0,25.0,planned,fill_2x_nitrate,,,
644deea19edd,,66,Dy,3,CCCCCCC(C)N(CCCC)C(=O)COCC(=O)N(CCCC)C(C)CCCCCC,CCCCCCC(C)N(CCCC)C(=O)COCC(=O)N(CCCC)C(C)CCCCCC,"[14, 16, 19]","[""O(amide_carbonyl)"", ""O(ether)"", ""O(amide_carbonyl)""]",3,8,2,water,water,2,66|CCCCCCC(C)N(CCCC)C(=O)COCC(=O)N(CCCC)C(C)CCCCCC|water,60,3,acid_class=chloride|acid_strength_bin=high|nitrate_activity=none|pH_bin=missing|diluent_family=aliphatic_hydrocarbon|modifier_class=none|temperature_bin=ambient|contact_time_bin=medium|shaking_time_bin=missing|phase_ratio_bin=missing;acid_class=chloride|acid_strength_bin=medium|nitrate_activity=none|pH_bin=missing|diluent_family=aliphatic_hydrocarbon|modifier_class=none|temperature_bin=ambient|contact_time_bin=medium|shaking_time_bin=missing|phase_ratio_bin=missing;acid_class=chloride|acid_strength_bin=medium|nitrate_activity=none|pH_bin=missing|diluent_family=aliphatic_hydrocarbon|modifier_class=none|temperature_bin=warm|contact_time_bin=medium|shaking_time_bin=missing|phase_ratio_bin=missing,1.0,5.0,15.0,55.0,planned,fill_2x_water,,,
00afa7add2b7,,66,Dy,3,CC(C)CN(CC(C)C)C(=O)COCC(=O)N(CC(C)C)CC(C)C,CC(C)CN(CC(C)C)C(=O)COCC(=O)N(CC(C)C)CC(C)C,"[10, 12, 15]","[""O(amide_carbonyl)"", ""O(ether)"", ""O(amide_carbonyl)""]",3,8,2,nitrate,nitrate,2,66|CC(C)CN(CC(C)C)C(=O)COCC(=O)N(CC(C)C)CC(C)C|nitrate,1,1,acid_class=nitrate|acid_strength_bin=medium|nitrate_activity=medium|pH_bin=missing|diluent_family=aromatic|modifier_class=none|temperature_bin=ambient|contact_time_bin=short|shaking_time_bin=missing|phase_ratio_bin=missing,1.5,1.5,25.0,25.0,planned,fill_2x_nitrate,,,
9f02bbfb7e4d,,66,Dy,3,CCCCCCCCN(CC(C)C)C(=O)COCC(=O)N(CCCCCCCC)CC(C)C,CCCCCCCCN(CC(C)C)C(=O)COCC(=O)N(CCCCCCCC)CC(C)C,"[14, 16, 19]","[""O(amide_carbonyl)"", ""O(ether)"", ""O(amide_carbonyl)""]",3,8,2,nitrate,nitrate,2,66|CCCCCCCCN(CC(C)C)C(=O)COCC(=O)N(CCCCCCCC)CC(C)C|nitrate,1,1,acid_class=nitrate|acid_strength_bin=medium|nitrate_activity=medium|pH_bin=missing|diluent_family=aromatic|modifier_class=none|temperature_bin=ambient|contact_time_bin=short|shaking_time_bin=missing|phase_ratio_bin=missing,1.5,1.5,25.0,25.0,planned,fill_2x_nitrate,,,
92f9ea690461,,66,Dy,3,CCCCCCCCN(CC(CC)CCCC)C(=O)COCC(=O)N(CCCCCCCC)CC(CC)CCCC,CCCCCCCCN(CC(CC)CCCC)C(=O)COCC(=O)N(CCCCCCCC)CC(CC)CCCC,"[18, 20, 23]","[""O(amide_carbonyl)"", ""O(ether)"", ""O(amide_carbonyl)""]",3,8,2,nitrate,nitrate,2,66|CCCCCCCCN(CC(CC)CCCC)C(=O)COCC(=O)N(CCCCCCCC)CC(CC)CCCC|nitrate,1,1,acid_class=nitrate|acid_strength_bin=medium|nitrate_activity=medium|pH_bin=missing|diluent_family=aromatic|modifier_class=none|temperature_bin=ambient|contact_time_bin=short|shaking_time_bin=missing|phase_ratio_bin=missing,1.5,1.5,25.0,25.0,planned,fill_2x_nitrate,,,
c351813a0a93,,66,Dy,3,CCCCC(CC)CN(CC(CC)CCCC)C(=O)COCC(=O)N(CC(CC)CCCC)CC(CC)CCCC,CCCCC(CC)CN(CC(CC)CCCC)C(=O)COCC(=O)N(CC(CC)CCCC)CC(CC)CCCC,"[18, 20, 23]","[""O(amide_carbonyl)"", ""O(ether)"", ""O(amide_carbonyl)""]",3,8,2,water,water,2,66|CCCCC(CC)CN(CC(CC)CCCC)C(=O)COCC(=O)N(CC(CC)CCCC)CC(CC)CCCC|water,2,1,acid_class=chloride|acid_strength_bin=high|nitrate_activity=none|pH_bin=missing|diluent_family=aliphatic_hydrocarbon|modifier_class=none|temperature_bin=ambient|contact_time_bin=medium|shaking_time_bin=missing|phase_ratio_bin=missing,3.0,3.0,22.0,25.0,planned,fill_2x_water,,,
934c6c1bb5b7,,66,Dy,3,CCCCCCCCN(C)C(=O)COCC(=O)N(C)CCCCCCCC,CCCCCCCCN(C)C(=O)COCC(=O)N(C)CCCCCCCC,"[11, 13, 16]","[""O(amide_carbonyl)"", ""O(ether)"", ""O(amide_carbonyl)""]",3,8,2,water,water,2,66|CCCCCCCCN(C)C(=O)COCC(=O)N(C)CCCCCCCC|water,3,1,acid_class=chloride|acid_strength_bin=high|nitrate_activity=none|pH_bin=missing|diluent_family=aliphatic_hydrocarbon|modifier_class=none|temperature_bin=ambient|contact_time_bin=medium|shaking_time_bin=missing|phase_ratio_bin=missing,3.0,3.0,22.0,25.0,planned,fill_2x_water,,,
637dd5830a7e,,66,Dy,3,CCCCC(CC)CN(C)C(=O)COCC(=O)N(C)CC(CC)CCCC,CCCCC(CC)CN(C)C(=O)COCC(=O)N(C)CC(CC)CCCC,"[11, 13, 16]","[""O(amide_carbonyl)"", ""O(ether)"", ""O(amide_carbonyl)""]",3,8,2,water,water,2,66|CCCCC(CC)CN(C)C(=O)COCC(=O)N(C)CC(CC)CCCC|water,1,1,acid_class=chloride|acid_strength_bin=high|nitrate_activity=none|pH_bin=missing|diluent_family=aliphatic_hydrocarbon|modifier_class=none|temperature_bin=ambient|contact_time_bin=medium|shaking_time_bin=missing|phase_ratio_bin=missing,3.0,3.0,25.0,25.0,planned,fill_2x_water,,,
1373457e030d,,66,Dy,3,CCCCCCC(CCCC)CCCN(C)C(=O)COCC(=O)N(C)CCCC(CCCC)CCCCCC,CCCCCCC(CCCC)CCCN(C)C(=O)COCC(=O)N(C)CCCC(CCCC)CCCCCC,"[17, 19, 22]","[""O(amide_carbonyl)"", ""O(ether)"", ""O(amide_carbonyl)""]",3,8,2,water,water,2,66|CCCCCCC(CCCC)CCCN(C)C(=O)COCC(=O)N(C)CCCC(CCCC)CCCCCC|water,1,1,acid_class=chloride|acid_strength_bin=high|nitrate_activity=none|pH_bin=missing|diluent_family=aliphatic_hydrocarbon|modifier_class=none|temperature_bin=ambient|contact_time_bin=medium|shaking_time_bin=missing|phase_ratio_bin=missing,3.0,3.0,25.0,25.0,planned,fill_2x_water,,,
1f9fe069510d,,66,Dy,3,CCCCCCCCN(CC)C(=O)COCC(=O)N(CC)CCCCCCCC,CCCCCCCCN(CC)C(=O)COCC(=O)N(CC)CCCCCCCC,"[12, 14, 17]","[""O(amide_carbonyl)"", ""O(ether)"", ""O(amide_carbonyl)""]",3,8,2,water,water,2,66|CCCCCCCCN(CC)C(=O)COCC(=O)N(CC)CCCCCCCC|water,1,1,acid_class=chloride|acid_strength_bin=high|nitrate_activity=none|pH_bin=missing|diluent_family=aliphatic_hydrocarbon|modifier_class=none|temperature_bin=ambient|contact_time_bin=medium|shaking_time_bin=missing|phase_ratio_bin=missing,3.0,3.0,25.0,25.0,planned,fill_2x_water,,,
75b6e521a71e,,66,Dy,3,CCCCCCCCN(CCC)C(=O)COCC(=O)N(CCC)CCCCCCCC,CCCCCCCCN(CCC)C(=O)COCC(=O)N(CCC)CCCCCCCC,"[13, 15, 18]","[""O(amide_carbonyl)"", ""O(ether)"", ""O(amide_carbonyl)""]",3,8,2,water,water,2,66|CCCCCCCCN(CCC)C(=O)COCC(=O)N(CCC)CCCCCCCC|water,1,1,acid_class=chloride|acid_strength_bin=high|nitrate_activity=none|pH_bin=missing|diluent_family=aliphatic_hydrocarbon|modifier_class=none|temperature_bin=ambient|contact_time_bin=medium|shaking_time_bin=missing|phase_ratio_bin=missing,3.0,3.0,25.0,25.0,planned,fill_2x_water,,,
d2620984ee9f,,66,Dy,3,CCCCCCCCN(C)C(=O)COCC(=O)N(CCCCCCCC)CCCCCCCC,CCCCCCCCN(C)C(=O)COCC(=O)N(CCCCCCCC)CCCCCCCC,"[11, 13, 16]","[""O(amide_carbonyl)"", ""O(ether)"", ""O(amide_carbonyl)""]",3,8,2,water,water,2,66|CCCCCCCCN(C)C(=O)COCC(=O)N(CCCCCCCC)CCCCCCCC|water,1,1,acid_class=chloride|acid_strength_bin=high|nitrate_activity=none|pH_bin=missing|diluent_family=aliphatic_hydrocarbon|modifier_class=none|temperature_bin=ambient|contact_time_bin=medium|shaking_time_bin=missing|phase_ratio_bin=missing,3.0,3.0,25.0,25.0,planned,fill_2x_water,,,
c2e2fa5b2f13,,66,Dy,3,CCCCCCCCC(C)(C)SCC1CN(C(=O)COCC(=O)N2CC(C)C(CSC(C)(C)CCCCCCCC)C2)CC1C,CCCCCCCCC(C)(C)SCC1CN(C(=O)COCC(=O)N2CC(C)C(CSC(C)(C)CCCCCCCC)C2)CC1C,"[17, 19, 22]","[""O(amide_carbonyl)"", ""O(ether)"", ""O(amide_carbonyl)""]",3,8,2,water,water,2,66|CCCCCCCCC(C)(C)SCC1CN(C(=O)COCC(=O)N2CC(C)C(CSC(C)(C)CCCCCCCC)C2)CC1C|water,1,1,acid_class=chloride|acid_strength_bin=high|nitrate_activity=none|pH_bin=missing|diluent_family=aliphatic_hydrocarbon|modifier_class=none|temperature_bin=ambient|contact_time_bin=medium|shaking_time_bin=missing|phase_ratio_bin=missing,3.0,3.0,25.0,25.0,planned,fill_2x_water,,,
d81cc3a82d7c,,66,Dy,3,CCCCCCCCCCCCN(CCCCCCCC)C(=O)COCC(=O)N(CCCCCCCC)CCCCCCCCCCCC,CCCCCCCCCCCCN(CCCCCCCC)C(=O)COCC(=O)N(CCCCCCCC)CCCCCCCCCCCC,"[22, 24, 27]","[""O(amide_carbonyl)"", ""O(ether)"", ""O(amide_carbonyl)""]",3,8,2,water,water,2,66|CCCCCCCCCCCCN(CCCCCCCC)C(=O)COCC(=O)N(CCCCCCCC)CCCCCCCCCCCC|water,1,1,acid_class=chloride|acid_strength_bin=high|nitrate_activity=none|pH_bin=missing|diluent_family=aliphatic_hydrocarbon|modifier_class=none|temperature_bin=ambient|contact_time_bin=medium|shaking_time_bin=missing|phase_ratio_bin=missing,3.0,3.0,25.0,25.0,planned,fill_2x_water,,,
5c220c9f12b3,,66,Dy,3,CCCCCCCCN(CCC(C)CC(C)(C)C)C(=O)COCC(=O)N(CCCCCCCC)CCC(C)CC(C)(C)C,CCCCCCCCN(CCC(C)CC(C)(C)C)C(=O)COCC(=O)N(CCCCCCCC)CCC(C)CC(C)(C)C,"[19, 21, 24]","[""O(amide_carbonyl)"", ""O(ether)"", ""O(amide_carbonyl)""]",3,8,2,water,water,2,66|CCCCCCCCN(CCC(C)CC(C)(C)C)C(=O)COCC(=O)N(CCCCCCCC)CCC(C)CC(C)(C)C|water,1,1,acid_class=chloride|acid_strength_bin=high|nitrate_activity=none|pH_bin=missing|diluent_family=aliphatic_hydrocarbon|modifier_class=none|temperature_bin=ambient|contact_time_bin=medium|shaking_time_bin=missing|phase_ratio_bin=missing,3.0,3.0,25.0,25.0,planned,fill_2x_water,,,
03203ba59250,,66,Dy,3,CCCCCCCCN(CCCC(CCCC)CCCCCC)C(=O)COCC(=O)N(CCCCCCCC)CCCC(CCCC)CCCCCC,CCCCCCCCN(CCCC(CCCC)CCCCCC)C(=O)COCC(=O)N(CCCCCCCC)CCCC(CCCC)CCCCCC,"[24, 26, 29]","[""O(amide_carbonyl)"", ""O(ether)"", ""O(amide_carbonyl)""]",3,8,2,water,water,2,66|CCCCCCCCN(CCCC(CCCC)CCCCCC)C(=O)COCC(=O)N(CCCCCCCC)CCCC(CCCC)CCCCCC|water,1,1,acid_class=chloride|acid_strength_bin=high|nitrate_activity=none|pH_bin=missing|diluent_family=aliphatic_hydrocarbon|modifier_class=none|temperature_bin=ambient|contact_time_bin=medium|shaking_time_bin=missing|phase_ratio_bin=missing,3.0,3.0,25.0,25.0,planned,fill_2x_water,,,
fc8ab66e02d0,,66,Dy,3,CCCCCCCCN(CCCCC(C)CCCC(C)C)C(=O)COCC(=O)N(CCCCCCCC)CCCCC(C)CCCC(C)C,CCCCCCCCN(CCCCC(C)CCCC(C)C)C(=O)COCC(=O)N(CCCCCCCC)CCCCC(C)CCCC(C)C,"[22, 24, 27]","[""O(amide_carbonyl)"", ""O(ether)"", ""O(amide_carbonyl)""]",3,8,2,water,water,2,66|CCCCCCCCN(CCCCC(C)CCCC(C)C)C(=O)COCC(=O)N(CCCCCCCC)CCCCC(C)CCCC(C)C|water,1,1,acid_class=chloride|acid_strength_bin=high|nitrate_activity=none|pH_bin=missing|diluent_family=aliphatic_hydrocarbon|modifier_class=none|temperature_bin=ambient|contact_time_bin=medium|shaking_time_bin=missing|phase_ratio_bin=missing,3.0,3.0,25.0,25.0,planned,fill_2x_water,,,
f81049ab872c,,66,Dy,3,O=C(COCC(=O)N1CCCCC1)N1CCCCC1,O=C(COCC(=O)N1CCCCC1)N1CCCCC1,"[0, 3, 6]","[""O(amide_carbonyl)"", ""O(ether)"", ""O(amide_carbonyl)""]",3,8,2,water,water,2,66|O=C(COCC(=O)N1CCCCC1)N1CCCCC1|water,1,1,acid_class=chloride|acid_strength_bin=high|nitrate_activity=none|pH_bin=missing|diluent_family=aliphatic_hydrocarbon|modifier_class=none|temperature_bin=ambient|contact_time_bin=medium|shaking_time_bin=missing|phase_ratio_bin=missing,3.0,3.0,22.0,22.0,planned,fill_2x_water,,,
e31a306be74a,,66,Dy,3,COCCN(CCOC)C(=O)COCC(=O)N(CCOC)CCOC,COCCN(CCOC)C(=O)COCC(=O)N(CCOC)CCOC,"[1, 7, 10, 12, 15, 19, 23]","[""O(ether)"", ""O(ether)"", ""O(amide_carbonyl)"", ""O(ether)"", ""O(amide_carbonyl)"", ""O(ether)"", ""O(ether)""]",7,8,1,water,water,1,66|COCCN(CCOC)C(=O)COCC(=O)N(CCOC)CCOC|water,1,1,acid_class=chloride|acid_strength_bin=high|nitrate_activity=none|pH_bin=missing|diluent_family=aliphatic_hydrocarbon|modifier_class=none|temperature_bin=ambient|contact_time_bin=medium|shaking_time_bin=missing|phase_ratio_bin=missing,3.0,3.0,22.0,22.0,planned,fill_2x_water,,,
b82b233b5b64,,66,Dy,3,CCCN(CCC)C(=O)COCC(=O)N(CCC)CCC,CCCN(CCC)C(=O)COCC(=O)N(CCC)CCC,"[8, 10, 13]","[""O(amide_carbonyl)"", ""O(ether)"", ""O(amide_carbonyl)""]",3,8,2,nitrate,nitrate,2,66|CCCN(CCC)C(=O)COCC(=O)N(CCC)CCC|nitrate,4,4,acid_class=nitrate|acid_strength_bin=medium|nitrate_activity=medium|pH_bin=missing|diluent_family=alcohol_modifier|modifier_class=none|temperature_bin=ambient|contact_time_bin=medium|shaking_time_bin=missing|phase_ratio_bin=missing;acid_class=nitrate|acid_strength_bin=medium|nitrate_activity=medium|pH_bin=missing|diluent_family=aromatic|modifier_class=none|temperature_bin=ambient|contact_time_bin=medium|shaking_time_bin=missing|phase_ratio_bin=missing;acid_class=nitrate|acid_strength_bin=medium|nitrate_activity=medium|pH_bin=missing|diluent_family=chlorinated|modifier_class=none|temperature_bin=ambient|contact_time_bin=medium|shaking_time_bin=missing|phase_ratio_bin=missing;acid_class=nitrate|acid_strength_bin=medium|nitrate_activity=medium|pH_bin=missing|diluent_family=other|modifier_class=none|temperature_bin=ambient|contact_time_bin=medium|shaking_time_bin=missing|phase_ratio_bin=missing,1.0,1.0,25.0,25.0,planned,fill_2x_nitrate,,,
ebb31779ee01,,66,Dy,3,CCCCCc1nnc(-c2cccc(-c3cccc(-c4nnc(CCCCC)c(CCCCC)n4)n3)n2)nc1CCCCC,CCCCCc1nnc(-c2cccc(-c3cccc(-c4nnc(CCCCC)c(CCCCC)n4)n3)n2)nc1CCCCC,"[6, 7, 20, 21, 34, 35, 36, 37]","[""N(aromatic)"", ""N(aromatic)"", ""N(aromatic)"", ""N(aromatic)"", ""N(aromatic)"", ""N(aromatic)"", ""N(aromatic)"", ""N(aromatic)""]",8,8,1,nitrate,nitrate,0,66|CCCCCc1nnc(-c2cccc(-c3cccc(-c4nnc(CCCCC)c(CCCCC)n4)n3)n2)nc1CCCCC|nitrate,16,3,acid_class=nitrate|acid_strength_bin=low|nitrate_activity=low|pH_bin=missing|diluent_family=aliphatic_hydrocarbon|modifier_class=none|temperature_bin=ambient|contact_time_bin=missing|shaking_time_bin=missing|phase_ratio_bin=missing;acid_class=nitrate|acid_strength_bin=medium|nitrate_activity=medium|pH_bin=missing|diluent_family=aliphatic_hydrocarbon|modifier_class=none|temperature_bin=ambient|contact_time_bin=missing|shaking_time_bin=missing|phase_ratio_bin=missing;acid_class=nitrate|acid_strength_bin=medium|nitrate_activity=medium|pH_bin=missing|diluent_family=other|modifier_class=none|temperature_bin=ambient|contact_time_bin=missing|shaking_time_bin=missing|phase_ratio_bin=missing,0.1,1.0,20.0,25.0,planned,fill_4x_nitrate,,,
af2a56f162b8,,66,Dy,3,CCCCCCn1c(-c2ccccc2)c(-c2ccccc2)c2cc3ccc4cc5c(-c6ccccc6)c(-c6ccccc6)n(CCCCCC)c(=O)c5nc4c3nc2c1=O,CCCCCCn1c(-c2ccccc2)c(-c2ccccc2)c2cc3ccc4cc5c(-c6ccccc6)c(-c6ccccc6)n(CCCCCC)c(=O)c5nc4c3nc2c1=O,"[6, 43, 51, 53, 56, 59]","[""N(aromatic)"", ""N(aromatic)"", ""O(amide_carbonyl)"", ""N(aromatic)"", ""N(aromatic)"", ""O(amide_carbonyl)""]",6,8,1,nitrate,nitrate,2,66|CCCCCCn1c(-c2ccccc2)c(-c2ccccc2)c2cc3ccc4cc5c(-c6ccccc6)c(-c6ccccc6)n(CCCCCC)c(=O)c5nc4c3nc2c1=O|nitrate,1,1,acid_class=nitrate|acid_strength_bin=medium|nitrate_activity=medium|pH_bin=missing|diluent_family=chlorinated|modifier_class=none|temperature_bin=ambient|contact_time_bin=missing|shaking_time_bin=missing|phase_ratio_bin=missing,0.9,0.9,25.0,25.0,planned,fill_4x_nitrate,,,
a61bb065986b,,66,Dy,3,CCCCCCn1c(-c2ccccc2)c(-c2ccccc2)c2cc3ccc4cc5c(-c6ccccc6)c(-c6ccccc6)n(CCCCCC)c(=O)c5nc4c3nc2c1=O,CCCCCCn1c(-c2ccccc2)c(-c2ccccc2)c2cc3ccc4cc5c(-c6ccccc6)c(-c6ccccc6)n(CCCCCC)c(=O)c5nc4c3nc2c1=O,"[6, 43, 51, 53, 56, 59]","[""N(aromatic)"", ""N(aromatic)"", ""O(amide_carbonyl)"", ""N(aromatic)"", ""N(aromatic)"", ""O(amide_carbonyl)""]",6,8,1,water,water,2,66|CCCCCCn1c(-c2ccccc2)c(-c2ccccc2)c2cc3ccc4cc5c(-c6ccccc6)c(-c6ccccc6)n(CCCCCC)c(=O)c5nc4c3nc2c1=O|water,1,1,acid_class=chloride|acid_strength_bin=medium|nitrate_activity=none|pH_bin=missing|diluent_family=chlorinated|modifier_class=none|temperature_bin=ambient|contact_time_bin=missing|shaking_time_bin=missing|phase_ratio_bin=missing,0.9,0.9,25.0,25.0,planned,fill_4x_water,,,
fefdc4e8deb0,,66,Dy,3,CCCc1nnc(-c2cccc(-c3nnc(CCC)c(CCC)n3)n2)nc1CCC,CCCc1nnc(-c2cccc(-c3nnc(CCC)c(CCC)n3)n2)nc1CCC,"[4, 5, 13, 14, 23, 24, 25]","[""N(aromatic)"", ""N(aromatic)"", ""N(aromatic)"", ""N(aromatic)"", ""N(aromatic)"", ""N(aromatic)"", ""N(aromatic)""]",7,8,1,nitrate,nitrate,1,66|CCCc1nnc(-c2cccc(-c3nnc(CCC)c(CCC)n3)n2)nc1CCC|nitrate,1,1,acid_class=nitrate|acid_strength_bin=medium|nitrate_activity=medium|pH_bin=missing|diluent_family=aliphatic_hydrocarbon|modifier_class=none|temperature_bin=ambient|contact_time_bin=missing|shaking_time_bin=missing|phase_ratio_bin=missing,1.0,1.0,25.0,25.0,planned,ok,,,
a44dd5015b38,,60,Nd,3,CCCCCCN(CCCCCC)C(=O)COCC(=O)N(CCCCCC)CCCCCC,CCCCCCN(CCCCCC)C(=O)COCC(=O)N(CCCCCC)CCCCCC,"[14, 16, 19]","[""O(amide_carbonyl)"", ""O(ether)"", ""O(amide_carbonyl)""]",3,9,3,nitrate,nitrate,0,60|CCCCCCN(CCCCCC)C(=O)COCC(=O)N(CCCCCC)CCCCCC|nitrate,10,6,acid_class=nitrate|acid_strength_bin=high|nitrate_activity=high|pH_bin=missing|diluent_family=aliphatic_hydrocarbon|modifier_class=alcohol|temperature_bin=ambient|contact_time_bin=missing|shaking_time_bin=medium|phase_ratio_bin=missing;acid_class=nitrate|acid_strength_bin=high|nitrate_activity=high|pH_bin=missing|diluent_family=aromatic|modifier_class=none|temperature_bin=ambient|contact_time_bin=missing|shaking_time_bin=medium|phase_ratio_bin=missing;acid_class=nitrate|acid_strength_bin=low|nitrate_activity=low|pH_bin=missing|diluent_family=aliphatic_hydrocarbon|modifier_class=alcohol|temperature_bin=ambient|contact_time_bin=missing|shaking_time_bin=medium|phase_ratio_bin=missing;acid_class=nitrate|acid_strength_bin=medium|nitrate_activity=medium|pH_bin=missing|diluent_family=aliphatic_hydrocarbon|modifier_class=alcohol|temperature_bin=ambient|contact_time_bin=missing|shaking_time_bin=medium|phase_ratio_bin=missing;acid_class=nitrate|acid_strength_bin=medium|nitrate_activity=medium|pH_bin=missing|diluent_family=aromatic|modifier_class=none|temperature_bin=ambient|contact_time_bin=missing|shaking_time_bin=missing|phase_ratio_bin=missing,0.0952381,5.0,25.0,25.0,planned,ok,,,
a6516ffeed2a,,57,La,3,CCCCCCN(CCCCCC)C(=O)COCC(=O)N(CCCCCC)CCCCCC,CCCCCCN(CCCCCC)C(=O)COCC(=O)N(CCCCCC)CCCCCC,"[14, 16, 19]","[""O(amide_carbonyl)"", ""O(ether)"", ""O(amide_carbonyl)""]",3,9,3,nitrate,nitrate,0,57|CCCCCCN(CCCCCC)C(=O)COCC(=O)N(CCCCCC)CCCCCC|nitrate,10,6,acid_class=nitrate|acid_strength_bin=high|nitrate_activity=high|pH_bin=missing|diluent_family=aliphatic_hydrocarbon|modifier_class=alcohol|temperature_bin=ambient|contact_time_bin=missing|shaking_time_bin=medium|phase_ratio_bin=missing;acid_class=nitrate|acid_strength_bin=high|nitrate_activity=high|pH_bin=missing|diluent_family=aromatic|modifier_class=none|temperature_bin=ambient|contact_time_bin=missing|shaking_time_bin=medium|phase_ratio_bin=missing;acid_class=nitrate|acid_strength_bin=low|nitrate_activity=low|pH_bin=missing|diluent_family=aliphatic_hydrocarbon|modifier_class=alcohol|temperature_bin=ambient|contact_time_bin=missing|shaking_time_bin=medium|phase_ratio_bin=missing;acid_class=nitrate|acid_strength_bin=medium|nitrate_activity=medium|pH_bin=missing|diluent_family=aliphatic_hydrocarbon|modifier_class=alcohol|temperature_bin=ambient|contact_time_bin=missing|shaking_time_bin=medium|phase_ratio_bin=missing;acid_class=nitrate|acid_strength_bin=medium|nitrate_activity=medium|pH_bin=missing|diluent_family=aromatic|modifier_class=none|temperature_bin=ambient|contact_time_bin=missing|shaking_time_bin=missing|phase_ratio_bin=missing,0.1,5.0,25.0,25.0,planned,ok,,,
78d0ef42be9d,,68,Er,3,CCCCCCN(CCCCCC)C(=O)COCC(=O)N(CCCCCC)CCCCCC,CCCCCCN(CCCCCC)C(=O)COCC(=O)N(CCCCCC)CCCCCC,"[14, 16, 19]","[""O(amide_carbonyl)"", ""O(ether)"", ""O(amide_carbonyl)""]",3,8,2,nitrate,nitrate,2,68|CCCCCCN(CCCCCC)C(=O)COCC(=O)N(CCCCCC)CCCCCC|nitrate,2,2,acid_class=nitrate|acid_strength_bin=medium|nitrate_activity=medium|pH_bin=missing|diluent_family=aromatic|modifier_class=none|temperature_bin=ambient|contact_time_bin=missing|shaking_time_bin=missing|phase_ratio_bin=missing;acid_class=nitrate|acid_strength_bin=medium|nitrate_activity=medium|pH_bin=missing|diluent_family=aromatic|modifier_class=none|temperature_bin=ambient|contact_time_bin=short|shaking_time_bin=missing|phase_ratio_bin=missing,1.5,1.5,25.0,25.0,planned,fill_2x_nitrate,,,
7f8927df857d,,68,Er,3,CCCCCCCCCCN(CCCCCCCCCC)C(=O)COCC(=O)N(CCCCCCCCCC)CCCCCCCCCC,CCCCCCCCCCN(CCCCCCCCCC)C(=O)COCC(=O)N(CCCCCCCCCC)CCCCCCCCCC,"[22, 24, 27]","[""O(amide_carbonyl)"", ""O(ether)"", ""O(amide_carbonyl)""]",3,8,2,nitrate,nitrate,2,68|CCCCCCCCCCN(CCCCCCCCCC)C(=O)COCC(=O)N(CCCCCCCCCC)CCCCCCCCCC|nitrate,1,1,acid_class=nitrate|acid_strength_bin=medium|nitrate_activity=medium|pH_bin=missing|diluent_family=aromatic|modifier_class=none|temperature_bin=ambient|contact_time_bin=missing|shaking_time_bin=missing|phase_ratio_bin=missing,1.5,1.5,25.0,25.0,planned,fill_2x_nitrate,,,
b06f8748e35b,,68,Er,3,CCCCC(CC)CN(CC(CC)CCCC)C(=O)COCC(=O)N(CC(CC)CCCC)CC(CC)CCCC,CCCCC(CC)CN(CC(CC)CCCC)C(=O)COCC(=O)N(CC(CC)CCCC)CC(CC)CCCC,"[18, 20, 23]","[""O(amide_carbonyl)"", ""O(ether)"", ""O(amide_carbonyl)""]",3,8,2,nitrate,nitrate,2,68|CCCCC(CC)CN(CC(CC)CCCC)C(=O)COCC(=O)N(CC(CC)CCCC)CC(CC)CCCC|nitrate,2,2,acid_class=nitrate|acid_strength_bin=medium|nitrate_activity=medium|pH_bin=missing|diluent_family=aromatic|modifier_class=none|temperature_bin=ambient|contact_time_bin=missing|shaking_time_bin=missing|phase_ratio_bin=missing;acid_class=nitrate|acid_strength_bin=medium|nitrate_activity=medium|pH_bin=missing|diluent_family=aromatic|modifier_class=none|temperature_bin=ambient|contact_time_bin=short|shaking_time_bin=missing|phase_ratio_bin=missing,1.5,1.5,25.0,25.0,planned,fill_2x_nitrate,,,
fede56dffefa,,68,Er,3,CCCCN(CCCC)C(=O)COCC(=O)N(CCCC)CCCC,CCCCN(CCCC)C(=O)COCC(=O)N(CCCC)CCCC,"[10, 12, 15]","[""O(amide_carbonyl)"", ""O(ether)"", ""O(amide_carbonyl)""]",3,8,2,water,water,2,68|CCCCN(CCCC)C(=O)COCC(=O)N(CCCC)CCCC|water,10,4,acid_class=chloride|acid_strength_bin=high|nitrate_activity=none|pH_bin=missing|diluent_family=aromatic|modifier_class=none|temperature_bin=ambient|contact_time_bin=missing|shaking_time_bin=medium|phase_ratio_bin=missing;acid_class=chloride|acid_strength_bin=high|nitrate_activity=none|pH_bin=missing|diluent_family=other|modifier_class=none|temperature_bin=ambient|contact_time_bin=missing|shaking_time_bin=medium|phase_ratio_bin=missing;acid_class=chloride|acid_strength_bin=medium|nitrate_activity=none|pH_bin=missing|diluent_family=aromatic|modifier_class=none|temperature_bin=ambient|contact_time_bin=missing|shaking_time_bin=medium|phase_ratio_bin=missing;acid_class=chloride|acid_strength_bin=medium|nitrate_activity=none|pH_bin=missing|diluent_family=other|modifier_class=none|temperature_bin=ambient|contact_time_bin=missing|shaking_time_bin=medium|phase_ratio_bin=missing,0.99359,4.98077,25.0,25.0,planned,fill_2x_water,,,
c3ea73c61984,,68,Er,3,CCCCCCCCN(CCCCCCCC)C(=O)[C@H](C)O[C@H](C)C(=O)N(CCCCCCCC)CCCCCCCC,CCCCCCCCN(CCCCCCCC)C(=O)[C@H](C)O[C@H](C)C(=O)N(CCCCCCCC)CCCCCCCC,"[18, 21, 25]","[""O(amide_carbonyl)"", ""O(ether)"", ""O(amide_carbonyl)""]",3,8,2,nitrate,nitrate,2,68|CCCCCCCCN(CCCCCCCC)C(=O)[C@H](C)O[C@H](C)C(=O)N(CCCCCCCC)CCCCCCCC|nitrate,1,1,acid_class=nitrate|acid_strength_bin=high|nitrate_activity=high|pH_bin=missing|diluent_family=aliphatic_hydrocarbon|modifier_class=none|temperature_bin=ambient|contact_time_bin=short|shaking_time_bin=missing|phase_ratio_bin=missing,4.3,4.3,22.0,22.0,planned,fill_2x_nitrate,,,
e63f7a39c141,,68,Er,3,CN(C(=O)COCC(=O)N(C)c1ccccc1)c1ccccc1,CN(C(=O)COCC(=O)N(C)c1ccccc1)c1ccccc1,"[3, 5, 8]","[""O(amide_carbonyl)"", ""O(ether)"", ""O(amide_carbonyl)""]",3,8,2,nitrate,nitrate,2,68|CN(C(=O)COCC(=O)N(C)c1ccccc1)c1ccccc1|nitrate,6,5,acid_class=nitrate|acid_strength_bin=high|nitrate_activity=high|pH_bin=missing|diluent_family=chlorinated|modifier_class=none|temperature_bin=ambient|contact_time_bin=short|shaking_time_bin=missing|phase_ratio_bin=missing;acid_class=nitrate|acid_strength_bin=medium|nitrate_activity=medium|pH_bin=missing|diluent_family=aromatic|modifier_class=none|temperature_bin=ambient|contact_time_bin=medium|shaking_time_bin=missing|phase_ratio_bin=missing;acid_class=nitrate|acid_strength_bin=medium|nitrate_activity=medium|pH_bin=missing|diluent_family=aromatic|modifier_class=none|temperature_bin=ambient|contact_time_bin=short|shaking_time_bin=missing|phase_ratio_bin=missing;acid_class=nitrate|acid_strength_bin=medium|nitrate_activity=medium|pH_bin=missing|diluent_family=chlorinated|modifier_class=none|temperature_bin=ambient|contact_time_bin=medium|shaking_time_bin=missing|phase_ratio_bin=missing;acid_class=nitrate|acid_strength_bin=medium|nitrate_activity=medium|pH_bin=missing|diluent_family=other|modifier_class=none|temperature_bin=ambient|contact_time_bin=medium|shaking_time_bin=missing|phase_ratio_bin=missing,1.0,4.0,23.0,25.0,planned,fill_2x_nitrate,,,
ec908defe1cf,,60,Nd,3,CCCCCCC(C)N(CCCC)C(=O)COCC(=O)N(CCCC)C(C)CCCCCC,CCCCCCC(C)N(CCCC)C(=O)COCC(=O)N(CCCC)C(C)CCCCCC,"[14, 16, 19]","[""O(amide_carbonyl)"", ""O(ether)"", ""O(amide_carbonyl)""]",3,9,3,water,water,0,60|CCCCCCC(C)N(CCCC)C(=O)COCC(=O)N(CCCC)C(C)CCCCCC|water,14,3,acid_class=chloride|acid_strength_bin=high|nitrate_activity=none|pH_bin=missing|diluent_family=aliphatic_hydrocarbon|modifier_class=none|temperature_bin=ambient|contact_time_bin=medium|shaking_time_bin=missing|phase_ratio_bin=missing;acid_class=chloride|acid_strength_bin=medium|nitrate_activity=none|pH_bin=missing|diluent_family=aliphatic_hydrocarbon|modifier_class=none|temperature_bin=ambient|contact_time_bin=medium|shaking_time_bin=missing|phase_ratio_bin=missing;acid_class=chloride|acid_strength_bin=medium|nitrate_activity=none|pH_bin=missing|diluent_family=aliphatic_hydrocarbon|modifier_class=none|temperature_bin=warm|contact_time_bin=medium|shaking_time_bin=missing|phase_ratio_bin=missing,1.0,5.0,15.0,45.0,planned,ok,,,
26d0742c0f67,,62,Sm,3,CCCCCCC(C)N(CCCC)C(=O)COCC(=O)N(CCCC)C(C)CCCCCC,CCCCCCC(C)N(CCCC)C(=O)COCC(=O)N(CCCC)C(C)CCCCCC,"[14, 16, 19]","[""O(amide_carbonyl)"", ""O(ether)"", ""O(amide_carbonyl)""]",3,9,3,water,water,0,62|CCCCCCC(C)N(CCCC)C(=O)COCC(=O)N(CCCC)C(C)CCCCCC|water,15,3,acid_class=chloride|acid_strength_bin=high|nitrate_activity=none|pH_bin=missing|diluent_family=aliphatic_hydrocarbon|modifier_class=none|temperature_bin=ambient|contact_time_bin=medium|shaking_time_bin=missing|phase_ratio_bin=missing;acid_class=chloride|acid_strength_bin=medium|nitrate_activity=none|pH_bin=missing|diluent_family=aliphatic_hydrocarbon|modifier_class=none|temperature_bin=ambient|contact_time_bin=medium|shaking_time_bin=missing|phase_ratio_bin=missing;acid_class=chloride|acid_strength_bin=medium|nitrate_activity=none|pH_bin=missing|diluent_family=aliphatic_hydrocarbon|modifier_class=none|temperature_bin=warm|contact_time_bin=medium|shaking_time_bin=missing|phase_ratio_bin=missing,1.0,5.0,15.0,55.0,planned,ok,,,
2dd51d06502d,,64,Gd,3,CCCCCCC(C)N(CCCC)C(=O)COCC(=O)N(CCCC)C(C)CCCCCC,CCCCCCC(C)N(CCCC)C(=O)COCC(=O)N(CCCC)C(C)CCCCCC,"[14, 16, 19]","[""O(amide_carbonyl)"", ""O(ether)"", ""O(amide_carbonyl)""]",3,9,3,water,water,0,64|CCCCCCC(C)N(CCCC)C(=O)COCC(=O)N(CCCC)C(C)CCCCCC|water,15,3,acid_class=chloride|acid_strength_bin=high|nitrate_activity=none|pH_bin=missing|diluent_family=aliphatic_hydrocarbon|modifier_class=none|temperature_bin=ambient|contact_time_bin=medium|shaking_time_bin=missing|phase_ratio_bin=missing;acid_class=chloride|acid_strength_bin=medium|nitrate_activity=none|pH_bin=missing|diluent_family=aliphatic_hydrocarbon|modifier_class=none|temperature_bin=ambient|contact_time_bin=medium|shaking_time_bin=missing|phase_ratio_bin=missing;acid_class=chloride|acid_strength_bin=medium|nitrate_activity=none|pH_bin=missing|diluent_family=aliphatic_hydrocarbon|modifier_class=none|temperature_bin=warm|contact_time_bin=medium|shaking_time_bin=missing|phase_ratio_bin=missing,1.0,5.0,15.0,55.0,planned,ok,,,
e2b24a5fecd5,,68,Er,3,CCCCCCC(C)N(CCCC)C(=O)COCC(=O)N(CCCC)C(C)CCCCCC,CCCCCCC(C)N(CCCC)C(=O)COCC(=O)N(CCCC)C(C)CCCCCC,"[14, 16, 19]","[""O(amide_carbonyl)"", ""O(ether)"", ""O(amide_carbonyl)""]",3,8,2,water,water,2,68|CCCCCCC(C)N(CCCC)C(=O)COCC(=O)N(CCCC)C(C)CCCCCC|water,15,3,acid_class=chloride|acid_strength_bin=high|nitrate_activity=none|pH_bin=missing|diluent_family=aliphatic_hydrocarbon|modifier_class=none|temperature_bin=ambient|contact_time_bin=medium|shaking_time_bin=missing|phase_ratio_bin=missing;acid_class=chloride|acid_strength_bin=medium|nitrate_activity=none|pH_bin=missing|diluent_family=aliphatic_hydrocarbon|modifier_class=none|temperature_bin=ambient|contact_time_bin=medium|shaking_time_bin=missing|phase_ratio_bin=missing;acid_class=chloride|acid_strength_bin=medium|nitrate_activity=none|pH_bin=missing|diluent_family=aliphatic_hydrocarbon|modifier_class=none|temperature_bin=warm|contact_time_bin=medium|shaking_time_bin=missing|phase_ratio_bin=missing,1.0,5.0,15.0,55.0,planned,fill_2x_water,,,
9db1b97d1982,,70,Yb,3,CCCCCCC(C)N(CCCC)C(=O)COCC(=O)N(CCCC)C(C)CCCCCC,CCCCCCC(C)N(CCCC)C(=O)COCC(=O)N(CCCC)C(C)CCCCCC,"[14, 16, 19]","[""O(amide_carbonyl)"", ""O(ether)"", ""O(amide_carbonyl)""]",3,8,2,water,water,2,70|CCCCCCC(C)N(CCCC)C(=O)COCC(=O)N(CCCC)C(C)CCCCCC|water,15,3,acid_class=chloride|acid_strength_bin=high|nitrate_activity=none|pH_bin=missing|diluent_family=aliphatic_hydrocarbon|modifier_class=none|temperature_bin=ambient|contact_time_bin=medium|shaking_time_bin=missing|phase_ratio_bin=missing;acid_class=chloride|acid_strength_bin=medium|nitrate_activity=none|pH_bin=missing|diluent_family=aliphatic_hydrocarbon|modifier_class=none|temperature_bin=ambient|contact_time_bin=medium|shaking_time_bin=missing|phase_ratio_bin=missing;acid_class=chloride|acid_strength_bin=medium|nitrate_activity=none|pH_bin=missing|diluent_family=aliphatic_hydrocarbon|modifier_class=none|temperature_bin=warm|contact_time_bin=medium|shaking_time_bin=missing|phase_ratio_bin=missing,1.0,5.0,15.0,55.0,planned,fill_2x_water,,,
f439c607c7d3,,68,Er,3,CCCCN(CCCC)C(=O)COCC(=O)N(CCCC)CCCC,CCCCN(CCCC)C(=O)COCC(=O)N(CCCC)CCCC,"[10, 12, 15]","[""O(amide_carbonyl)"", ""O(ether)"", ""O(amide_carbonyl)""]",3,8,2,nitrate,nitrate,2,68|CCCCN(CCCC)C(=O)COCC(=O)N(CCCC)CCCC|nitrate,13,4,acid_class=nitrate|acid_strength_bin=low|nitrate_activity=low|pH_bin=missing|diluent_family=aromatic|modifier_class=none|temperature_bin=ambient|contact_time_bin=medium|shaking_time_bin=missing|phase_ratio_bin=missing;acid_class=nitrate|acid_strength_bin=medium|nitrate_activity=medium|pH_bin=missing|diluent_family=aromatic|modifier_class=none|temperature_bin=ambient|contact_time_bin=medium|shaking_time_bin=missing|phase_ratio_bin=missing;acid_class=nitrate|acid_strength_bin=medium|nitrate_activity=medium|pH_bin=missing|diluent_family=aromatic|modifier_class=none|temperature_bin=ambient|contact_time_bin=short|shaking_time_bin=missing|phase_ratio_bin=missing;acid_class=nitrate|acid_strength_bin=medium|nitrate_activity=medium|pH_bin=missing|diluent_family=aromatic|modifier_class=none|temperature_bin=warm|contact_time_bin=medium|shaking_time_bin=missing|phase_ratio_bin=missing,0.479439,1.5,25.0,43.0,planned,fill_2x_nitrate,,,
8d26801d9f01,,68,Er,3,CC(C)CN(CC(C)C)C(=O)COCC(=O)N(CC(C)C)CC(C)C,CC(C)CN(CC(C)C)C(=O)COCC(=O)N(CC(C)C)CC(C)C,"[10, 12, 15]","[""O(amide_carbonyl)"", ""O(ether)"", ""O(amide_carbonyl)""]",3,8,2,nitrate,nitrate,2,68|CC(C)CN(CC(C)C)C(=O)COCC(=O)N(CC(C)C)CC(C)C|nitrate,1,1,acid_class=nitrate|acid_strength_bin=medium|nitrate_activity=medium|pH_bin=missing|diluent_family=aromatic|modifier_class=none|temperature_bin=ambient|contact_time_bin=short|shaking_time_bin=missing|phase_ratio_bin=missing,1.5,1.5,25.0,25.0,planned,fill_2x_nitrate,,,
9ec20d692d39,,68,Er,3,CCCCCCCCN(CC(C)C)C(=O)COCC(=O)N(CCCCCCCC)CC(C)C,CCCCCCCCN(CC(C)C)C(=O)COCC(=O)N(CCCCCCCC)CC(C)C,"[14, 16, 19]","[""O(amide_carbonyl)"", ""O(ether)"", ""O(amide_carbonyl)""]",3,8,2,nitrate,nitrate,2,68|CCCCCCCCN(CC(C)C)C(=O)COCC(=O)N(CCCCCCCC)CC(C)C|nitrate,1,1,acid_class=nitrate|acid_strength_bin=medium|nitrate_activity=medium|pH_bin=missing|diluent_family=aromatic|modifier_class=none|temperature_bin=ambient|contact_time_bin=short|shaking_time_bin=missing|phase_ratio_bin=missing,1.5,1.5,25.0,25.0,planned,fill_2x_nitrate,,,
880c18c582c3,,68,Er,3,CCCCCCCCN(CC(CC)CCCC)C(=O)COCC(=O)N(CCCCCCCC)CC(CC)CCCC,CCCCCCCCN(CC(CC)CCCC)C(=O)COCC(=O)N(CCCCCCCC)CC(CC)CCCC,"[18, 20, 23]","[""O(amide_carbonyl)"", ""O(ether)"", ""O(amide_carbonyl)""]",3,8,2,nitrate,nitrate,2,68|CCCCCCCCN(CC(CC)CCCC)C(=O)COCC(=O)N(CCCCCCCC)CC(CC)CCCC|nitrate,1,1,acid_class=nitrate|acid_strength_bin=medium|nitrate_activity=medium|pH_bin=missing|diluent_family=aromatic|modifier_class=none|temperature_bin=ambient|contact_time_bin=short|shaking_time_bin=missing|phase_ratio_bin=missing,1.5,1.5,25.0,25.0,planned,fill_2x_nitrate,,,
1c200b75910f,,68,Er,3,CCCCC(CC)CN(CC(CC)CCCC)C(=O)COCC(=O)N(CC(CC)CCCC)CC(CC)CCCC,CCCCC(CC)CN(CC(CC)CCCC)C(=O)COCC(=O)N(CC(CC)CCCC)CC(CC)CCCC,"[18, 20, 23]","[""O(amide_carbonyl)"", ""O(ether)"", ""O(amide_carbonyl)""]",3,8,2,water,water,2,68|CCCCC(CC)CN(CC(CC)CCCC)C(=O)COCC(=O)N(CC(CC)CCCC)CC(CC)CCCC|water,2,1,acid_class=chloride|acid_strength_bin=high|nitrate_activity=none|pH_bin=missing|diluent_family=aliphatic_hydrocarbon|modifier_class=none|temperature_bin=ambient|contact_time_bin=medium|shaking_time_bin=missing|phase_ratio_bin=missing,3.0,3.0,22.0,25.0,planned,fill_2x_water,,,
6dae4c73926f,,68,Er,3,CCCCCCCCN(C)C(=O)COCC(=O)N(C)CCCCCCCC,CCCCCCCCN(C)C(=O)COCC(=O)N(C)CCCCCCCC,"[11, 13, 16]","[""O(amide_carbonyl)"", ""O(ether)"", ""O(amide_carbonyl)""]",3,8,2,water,water,2,68|CCCCCCCCN(C)C(=O)COCC(=O)N(C)CCCCCCCC|water,2,1,acid_class=chloride|acid_strength_bin=high|nitrate_activity=none|pH_bin=missing|diluent_family=aliphatic_hydrocarbon|modifier_class=none|temperature_bin=ambient|contact_time_bin=medium|shaking_time_bin=missing|phase_ratio_bin=missing,3.0,3.0,22.0,25.0,planned,fill_2x_water,,,
47aaf10896e4,,68,Er,3,CCCCC(CC)CN(C)C(=O)COCC(=O)N(C)CC(CC)CCCC,CCCCC(CC)CN(C)C(=O)COCC(=O)N(C)CC(CC)CCCC,"[11, 13, 16]","[""O(amide_carbonyl)"", ""O(ether)"", ""O(amide_carbonyl)""]",3,8,2,water,water,2,68|CCCCC(CC)CN(C)C(=O)COCC(=O)N(C)CC(CC)CCCC|water,1,1,acid_class=chloride|acid_strength_bin=high|nitrate_activity=none|pH_bin=missing|diluent_family=aliphatic_hydrocarbon|modifier_class=none|temperature_bin=ambient|contact_time_bin=medium|shaking_time_bin=missing|phase_ratio_bin=missing,3.0,3.0,25.0,25.0,planned,fill_2x_water,,,
536594e3fe2c,,68,Er,3,CCCCCCC(CCCC)CCCN(C)C(=O)COCC(=O)N(C)CCCC(CCCC)CCCCCC,CCCCCCC(CCCC)CCCN(C)C(=O)COCC(=O)N(C)CCCC(CCCC)CCCCCC,"[17, 19, 22]","[""O(amide_carbonyl)"", ""O(ether)"", ""O(amide_carbonyl)""]",3,8,2,water,water,2,68|CCCCCCC(CCCC)CCCN(C)C(=O)COCC(=O)N(C)CCCC(CCCC)CCCCCC|water,1,1,acid_class=chloride|acid_strength_bin=high|nitrate_activity=none|pH_bin=missing|diluent_family=aliphatic_hydrocarbon|modifier_class=none|temperature_bin=ambient|contact_time_bin=medium|shaking_time_bin=missing|phase_ratio_bin=missing,3.0,3.0,25.0,25.0,planned,fill_2x_water,,,
06422e6981c2,,68,Er,3,CCCCCCCCN(CC)C(=O)COCC(=O)N(CC)CCCCCCCC,CCCCCCCCN(CC)C(=O)COCC(=O)N(CC)CCCCCCCC,"[12, 14, 17]","[""O(amide_carbonyl)"", ""O(ether)"", ""O(amide_carbonyl)""]",3,8,2,water,water,2,68|CCCCCCCCN(CC)C(=O)COCC(=O)N(CC)CCCCCCCC|water,1,1,acid_class=chloride|acid_strength_bin=high|nitrate_activity=none|pH_bin=missing|diluent_family=aliphatic_hydrocarbon|modifier_class=none|temperature_bin=ambient|contact_time_bin=medium|shaking_time_bin=missing|phase_ratio_bin=missing,3.0,3.0,25.0,25.0,planned,fill_2x_water,,,
c38dd131bf1c,,68,Er,3,CCCCCCCCN(CCC)C(=O)COCC(=O)N(CCC)CCCCCCCC,CCCCCCCCN(CCC)C(=O)COCC(=O)N(CCC)CCCCCCCC,"[13, 15, 18]","[""O(amide_carbonyl)"", ""O(ether)"", ""O(amide_carbonyl)""]",3,8,2,water,water,2,68|CCCCCCCCN(CCC)C(=O)COCC(=O)N(CCC)CCCCCCCC|water,1,1,acid_class=chloride|acid_strength_bin=high|nitrate_activity=none|pH_bin=missing|diluent_family=aliphatic_hydrocarbon|modifier_class=none|temperature_bin=ambient|contact_time_bin=medium|shaking_time_bin=missing|phase_ratio_bin=missing,3.0,3.0,25.0,25.0,planned,fill_2x_water,,,
9e27ed7c1632,,68,Er,3,CCCCCCCCN(C)C(=O)COCC(=O)N(CCCCCCCC)CCCCCCCC,CCCCCCCCN(C)C(=O)COCC(=O)N(CCCCCCCC)CCCCCCCC,"[11, 13, 16]","[""O(amide_carbonyl)"", ""O(ether)"", ""O(amide_carbonyl)""]",3,8,2,water,water,2,68|CCCCCCCCN(C)C(=O)COCC(=O)N(CCCCCCCC)CCCCCCCC|water,1,1,acid_class=chloride|acid_strength_bin=high|nitrate_activity=none|pH_bin=missing|diluent_family=aliphatic_hydrocarbon|modifier_class=none|temperature_bin=ambient|contact_time_bin=medium|shaking_time_bin=missing|phase_ratio_bin=missing,3.0,3.0,25.0,25.0,planned,fill_2x_water,,,
90005743a06b,,68,Er,3,CCCCCCCCC(C)(C)SCC1CN(C(=O)COCC(=O)N2CC(C)C(CSC(C)(C)CCCCCCCC)C2)CC1C,CCCCCCCCC(C)(C)SCC1CN(C(=O)COCC(=O)N2CC(C)C(CSC(C)(C)CCCCCCCC)C2)CC1C,"[17, 19, 22]","[""O(amide_carbonyl)"", ""O(ether)"", ""O(amide_carbonyl)""]",3,8,2,water,water,2,68|CCCCCCCCC(C)(C)SCC1CN(C(=O)COCC(=O)N2CC(C)C(CSC(C)(C)CCCCCCCC)C2)CC1C|water,1,1,acid_class=chloride|acid_strength_bin=high|nitrate_activity=none|pH_bin=missing|diluent_family=aliphatic_hydrocarbon|modifier_class=none|temperature_bin=ambient|contact_time_bin=medium|shaking_time_bin=missing|phase_ratio_bin=missing,3.0,3.0,25.0,25.0,planned,fill_2x_water,,,
7c88aac9cc30,,68,Er,3,CCCCCCCCCCCCN(CCCCCCCC)C(=O)COCC(=O)N(CCCCCCCC)CCCCCCCCCCCC,CCCCCCCCCCCCN(CCCCCCCC)C(=O)COCC(=O)N(CCCCCCCC)CCCCCCCCCCCC,"[22, 24, 27]","[""O(amide_carbonyl)"", ""O(ether)"", ""O(amide_carbonyl)""]",3,8,2,water,water,2,68|CCCCCCCCCCCCN(CCCCCCCC)C(=O)COCC(=O)N(CCCCCCCC)CCCCCCCCCCCC|water,1,1,acid_class=chloride|acid_strength_bin=high|nitrate_activity=none|pH_bin=missing|diluent_family=aliphatic_hydrocarbon|modifier_class=none|temperature_bin=ambient|contact_time_bin=medium|shaking_time_bin=missing|phase_ratio_bin=missing,3.0,3.0,25.0,25.0,planned,fill_2x_water,,,
5d016859aec1,,68,Er,3,CCCCCCCCN(CCC(C)CC(C)(C)C)C(=O)COCC(=O)N(CCCCCCCC)CCC(C)CC(C)(C)C,CCCCCCCCN(CCC(C)CC(C)(C)C)C(=O)COCC(=O)N(CCCCCCCC)CCC(C)CC(C)(C)C,"[19, 21, 24]","[""O(amide_carbonyl)"", ""O(ether)"", ""O(amide_carbonyl)""]",3,8,2,water,water,2,68|CCCCCCCCN(CCC(C)CC(C)(C)C)C(=O)COCC(=O)N(CCCCCCCC)CCC(C)CC(C)(C)C|water,1,1,acid_class=chloride|acid_strength_bin=high|nitrate_activity=none|pH_bin=missing|diluent_family=aliphatic_hydrocarbon|modifier_class=none|temperature_bin=ambient|contact_time_bin=medium|shaking_time_bin=missing|phase_ratio_bin=missing,3.0,3.0,25.0,25.0,planned,fill_2x_water,,,
47192dd771b6,,68,Er,3,CCCCCCCCN(CCCC(CCCC)CCCCCC)C(=O)COCC(=O)N(CCCCCCCC)CCCC(CCCC)CCCCCC,CCCCCCCCN(CCCC(CCCC)CCCCCC)C(=O)COCC(=O)N(CCCCCCCC)CCCC(CCCC)CCCCCC,"[24, 26, 29]","[""O(amide_carbonyl)"", ""O(ether)"", ""O(amide_carbonyl)""]",3,8,2,water,water,2,68|CCCCCCCCN(CCCC(CCCC)CCCCCC)C(=O)COCC(=O)N(CCCCCCCC)CCCC(CCCC)CCCCCC|water,1,1,acid_class=chloride|acid_strength_bin=high|nitrate_activity=none|pH_bin=missing|diluent_family=aliphatic_hydrocarbon|modifier_class=none|temperature_bin=ambient|contact_time_bin=medium|shaking_time_bin=missing|phase_ratio_bin=missing,3.0,3.0,25.0,25.0,planned,fill_2x_water,,,
9badbb5df239,,68,Er,3,CCCCCCCCN(CCCCC(C)CCCC(C)C)C(=O)COCC(=O)N(CCCCCCCC)CCCCC(C)CCCC(C)C,CCCCCCCCN(CCCCC(C)CCCC(C)C)C(=O)COCC(=O)N(CCCCCCCC)CCCCC(C)CCCC(C)C,"[22, 24, 27]","[""O(amide_carbonyl)"", ""O(ether)"", ""O(amide_carbonyl)""]",3,8,2,water,water,2,68|CCCCCCCCN(CCCCC(C)CCCC(C)C)C(=O)COCC(=O)N(CCCCCCCC)CCCCC(C)CCCC(C)C|water,1,1,acid_class=chloride|acid_strength_bin=high|nitrate_activity=none|pH_bin=missing|diluent_family=aliphatic_hydrocarbon|modifier_class=none|temperature_bin=ambient|contact_time_bin=medium|shaking_time_bin=missing|phase_ratio_bin=missing,3.0,3.0,25.0,25.0,planned,fill_2x_water,,,
7e5952e60ece,,57,La,3,O=C(COCC(=O)N1CCCCC1)N1CCCCC1,O=C(COCC(=O)N1CCCCC1)N1CCCCC1,"[0, 3, 6]","[""O(amide_carbonyl)"", ""O(ether)"", ""O(amide_carbonyl)""]",3,9,3,water,water,0,57|O=C(COCC(=O)N1CCCCC1)N1CCCCC1|water,1,1,acid_class=chloride|acid_strength_bin=high|nitrate_activity=none|pH_bin=missing|diluent_family=aliphatic_hydrocarbon|modifier_class=none|temperature_bin=ambient|contact_time_bin=medium|shaking_time_bin=missing|phase_ratio_bin=missing,3.0,3.0,22.0,22.0,planned,ok,,,
ebc307a72df3,,59,Pr,3,O=C(COCC(=O)N1CCCCC1)N1CCCCC1,O=C(COCC(=O)N1CCCCC1)N1CCCCC1,"[0, 3, 6]","[""O(amide_carbonyl)"", ""O(ether)"", ""O(amide_carbonyl)""]",3,9,3,water,water,0,59|O=C(COCC(=O)N1CCCCC1)N1CCCCC1|water,1,1,acid_class=chloride|acid_strength_bin=high|nitrate_activity=none|pH_bin=missing|diluent_family=aliphatic_hydrocarbon|modifier_class=none|temperature_bin=ambient|contact_time_bin=medium|shaking_time_bin=missing|phase_ratio_bin=missing,3.0,3.0,22.0,22.0,planned,ok,,,
6a813ec13042,,60,Nd,3,O=C(COCC(=O)N1CCCCC1)N1CCCCC1,O=C(COCC(=O)N1CCCCC1)N1CCCCC1,"[0, 3, 6]","[""O(amide_carbonyl)"", ""O(ether)"", ""O(amide_carbonyl)""]",3,9,3,water,water,0,60|O=C(COCC(=O)N1CCCCC1)N1CCCCC1|water,1,1,acid_class=chloride|acid_strength_bin=high|nitrate_activity=none|pH_bin=missing|diluent_family=aliphatic_hydrocarbon|modifier_class=none|temperature_bin=ambient|contact_time_bin=medium|shaking_time_bin=missing|phase_ratio_bin=missing,3.0,3.0,22.0,22.0,planned,ok,,,
3dedc054e089,,62,Sm,3,O=C(COCC(=O)N1CCCCC1)N1CCCCC1,O=C(COCC(=O)N1CCCCC1)N1CCCCC1,"[0, 3, 6]","[""O(amide_carbonyl)"", ""O(ether)"", ""O(amide_carbonyl)""]",3,9,3,water,water,0,62|O=C(COCC(=O)N1CCCCC1)N1CCCCC1|water,1,1,acid_class=chloride|acid_strength_bin=high|nitrate_activity=none|pH_bin=missing|diluent_family=aliphatic_hydrocarbon|modifier_class=none|temperature_bin=ambient|contact_time_bin=medium|shaking_time_bin=missing|phase_ratio_bin=missing,3.0,3.0,22.0,22.0,planned,ok,,,
d385338b84da,,63,Eu,3,O=C(COCC(=O)N1CCCCC1)N1CCCCC1,O=C(COCC(=O)N1CCCCC1)N1CCCCC1,"[0, 3, 6]","[""O(amide_carbonyl)"", ""O(ether)"", ""O(amide_carbonyl)""]",3,9,3,water,water,0,63|O=C(COCC(=O)N1CCCCC1)N1CCCCC1|water,1,1,acid_class=chloride|acid_strength_bin=high|nitrate_activity=none|pH_bin=missing|diluent_family=aliphatic_hydrocarbon|modifier_class=none|temperature_bin=ambient|contact_time_bin=medium|shaking_time_bin=missing|phase_ratio_bin=missing,3.0,3.0,22.0,22.0,planned,ok,,,
5e68de46eed8,,64,Gd,3,O=C(COCC(=O)N1CCCCC1)N1CCCCC1,O=C(COCC(=O)N1CCCCC1)N1CCCCC1,"[0, 3, 6]","[""O(amide_carbonyl)"", ""O(ether)"", ""O(amide_carbonyl)""]",3,9,3,water,water,0,64|O=C(COCC(=O)N1CCCCC1)N1CCCCC1|water,1,1,acid_class=chloride|acid_strength_bin=high|nitrate_activity=none|pH_bin=missing|diluent_family=aliphatic_hydrocarbon|modifier_class=none|temperature_bin=ambient|contact_time_bin=medium|shaking_time_bin=missing|phase_ratio_bin=missing,3.0,3.0,22.0,22.0,planned,ok,,,
b8ecbb913546,,65,Tb,3,O=C(COCC(=O)N1CCCCC1)N1CCCCC1,O=C(COCC(=O)N1CCCCC1)N1CCCCC1,"[0, 3, 6]","[""O(amide_carbonyl)"", ""O(ether)"", ""O(amide_carbonyl)""]",3,8,2,water,water,2,65|O=C(COCC(=O)N1CCCCC1)N1CCCCC1|water,1,1,acid_class=chloride|acid_strength_bin=high|nitrate_activity=none|pH_bin=missing|diluent_family=aliphatic_hydrocarbon|modifier_class=none|temperature_bin=ambient|contact_time_bin=medium|shaking_time_bin=missing|phase_ratio_bin=missing,3.0,3.0,22.0,22.0,planned,fill_2x_water,,,
decb7af4dfa8,,67,Ho,3,O=C(COCC(=O)N1CCCCC1)N1CCCCC1,O=C(COCC(=O)N1CCCCC1)N1CCCCC1,"[0, 3, 6]","[""O(amide_carbonyl)"", ""O(ether)"", ""O(amide_carbonyl)""]",3,8,2,water,water,2,67|O=C(COCC(=O)N1CCCCC1)N1CCCCC1|water,1,1,acid_class=chloride|acid_strength_bin=high|nitrate_activity=none|pH_bin=missing|diluent_family=aliphatic_hydrocarbon|modifier_class=none|temperature_bin=ambient|contact_time_bin=medium|shaking_time_bin=missing|phase_ratio_bin=missing,3.0,3.0,22.0,22.0,planned,fill_2x_water,,,
f4ceaeffb0e0,,68,Er,3,O=C(COCC(=O)N1CCCCC1)N1CCCCC1,O=C(COCC(=O)N1CCCCC1)N1CCCCC1,"[0, 3, 6]","[""O(amide_carbonyl)"", ""O(ether)"", ""O(amide_carbonyl)""]",3,8,2,water,water,2,68|O=C(COCC(=O)N1CCCCC1)N1CCCCC1|water,1,1,acid_class=chloride|acid_strength_bin=high|nitrate_activity=none|pH_bin=missing|diluent_family=aliphatic_hydrocarbon|modifier_class=none|temperature_bin=ambient|contact_time_bin=medium|shaking_time_bin=missing|phase_ratio_bin=missing,3.0,3.0,22.0,22.0,planned,fill_2x_water,,,
de74e96ab1ac,,69,Tm,3,O=C(COCC(=O)N1CCCCC1)N1CCCCC1,O=C(COCC(=O)N1CCCCC1)N1CCCCC1,"[0, 3, 6]","[""O(amide_carbonyl)"", ""O(ether)"", ""O(amide_carbonyl)""]",3,8,2,water,water,2,69|O=C(COCC(=O)N1CCCCC1)N1CCCCC1|water,1,1,acid_class=chloride|acid_strength_bin=high|nitrate_activity=none|pH_bin=missing|diluent_family=aliphatic_hydrocarbon|modifier_class=none|temperature_bin=ambient|contact_time_bin=medium|shaking_time_bin=missing|phase_ratio_bin=missing,3.0,3.0,22.0,22.0,planned,fill_2x_water,,,
edfc3ebb8ed0,,70,Yb,3,O=C(COCC(=O)N1CCCCC1)N1CCCCC1,O=C(COCC(=O)N1CCCCC1)N1CCCCC1,"[0, 3, 6]","[""O(amide_carbonyl)"", ""O(ether)"", ""O(amide_carbonyl)""]",3,8,2,water,water,2,70|O=C(COCC(=O)N1CCCCC1)N1CCCCC1|water,1,1,acid_class=chloride|acid_strength_bin=high|nitrate_activity=none|pH_bin=missing|diluent_family=aliphatic_hydrocarbon|modifier_class=none|temperature_bin=ambient|contact_time_bin=medium|shaking_time_bin=missing|phase_ratio_bin=missing,3.0,3.0,22.0,22.0,planned,fill_2x_water,,,
e6f9dde6a90b,,71,Lu,3,O=C(COCC(=O)N1CCCCC1)N1CCCCC1,O=C(COCC(=O)N1CCCCC1)N1CCCCC1,"[0, 3, 6]","[""O(amide_carbonyl)"", ""O(ether)"", ""O(amide_carbonyl)""]",3,8,2,water,water,2,71|O=C(COCC(=O)N1CCCCC1)N1CCCCC1|water,1,1,acid_class=chloride|acid_strength_bin=high|nitrate_activity=none|pH_bin=missing|diluent_family=aliphatic_hydrocarbon|modifier_class=none|temperature_bin=ambient|contact_time_bin=medium|shaking_time_bin=missing|phase_ratio_bin=missing,3.0,3.0,22.0,22.0,planned,fill_2x_water,,,
ca3d536acbf6,,68,Er,3,COCCN(CCOC)C(=O)COCC(=O)N(CCOC)CCOC,COCCN(CCOC)C(=O)COCC(=O)N(CCOC)CCOC,"[1, 7, 10, 12, 15, 19, 23]","[""O(ether)"", ""O(ether)"", ""O(amide_carbonyl)"", ""O(ether)"", ""O(amide_carbonyl)"", ""O(ether)"", ""O(ether)""]",7,8,1,water,water,1,68|COCCN(CCOC)C(=O)COCC(=O)N(CCOC)CCOC|water,1,1,acid_class=chloride|acid_strength_bin=high|nitrate_activity=none|pH_bin=missing|diluent_family=aliphatic_hydrocarbon|modifier_class=none|temperature_bin=ambient|contact_time_bin=medium|shaking_time_bin=missing|phase_ratio_bin=missing,3.0,3.0,22.0,22.0,planned,fill_2x_water,,,
9680eb2381ef,,68,Er,3,CCCN(CCC)C(=O)COCC(=O)N(CCC)CCC,CCCN(CCC)C(=O)COCC(=O)N(CCC)CCC,"[8, 10, 13]","[""O(amide_carbonyl)"", ""O(ether)"", ""O(amide_carbonyl)""]",3,8,2,nitrate,nitrate,2,68|CCCN(CCC)C(=O)COCC(=O)N(CCC)CCC|nitrate,4,4,acid_class=nitrate|acid_strength_bin=medium|nitrate_activity=medium|pH_bin=missing|diluent_family=alcohol_modifier|modifier_class=none|temperature_bin=ambient|contact_time_bin=medium|shaking_time_bin=missing|phase_ratio_bin=missing;acid_class=nitrate|acid_strength_bin=medium|nitrate_activity=medium|pH_bin=missing|diluent_family=aromatic|modifier_class=none|temperature_bin=ambient|contact_time_bin=medium|shaking_time_bin=missing|phase_ratio_bin=missing;acid_class=nitrate|acid_strength_bin=medium|nitrate_activity=medium|pH_bin=missing|diluent_family=chlorinated|modifier_class=none|temperature_bin=ambient|contact_time_bin=medium|shaking_time_bin=missing|phase_ratio_bin=missing;acid_class=nitrate|acid_strength_bin=medium|nitrate_activity=medium|pH_bin=missing|diluent_family=other|modifier_class=none|temperature_bin=ambient|contact_time_bin=medium|shaking_time_bin=missing|phase_ratio_bin=missing,1.0,1.0,25.0,25.0,planned,fill_2x_nitrate,,,
d5f18b7632f0,,63,Eu,3,CCCCCCCCCCCCN(C)C(=O)C1CC(OC)CC(C(=O)N(C)CCCCCCCCCCCC)O1,CCCCCCCCCCCCN(C)C(=O)C1CC(OC)CC(C(=O)N(C)CCCCCCCCCCCC)O1,"[15, 19, 24, 39]","[""O(amide_carbonyl)"", ""O(ether)"", ""O(amide_carbonyl)"", ""O(ether)""]",4,9,2,nitrate,nitrate,1,63|CCCCCCCCCCCCN(C)C(=O)C1CC(OC)CC(C(=O)N(C)CCCCCCCCCCCC)O1|nitrate,36,3,acid_class=nitrate|acid_strength_bin=high|nitrate_activity=high|pH_bin=missing|diluent_family=aliphatic_hydrocarbon|modifier_class=none|temperature_bin=ambient|contact_time_bin=medium|shaking_time_bin=missing|phase_ratio_bin=missing;acid_class=nitrate|acid_strength_bin=low|nitrate_activity=low|pH_bin=missing|diluent_family=aliphatic_hydrocarbon|modifier_class=none|temperature_bin=ambient|contact_time_bin=medium|shaking_time_bin=missing|phase_ratio_bin=missing;acid_class=nitrate|acid_strength_bin=medium|nitrate_activity=medium|pH_bin=missing|diluent_family=aliphatic_hydrocarbon|modifier_class=none|temperature_bin=ambient|contact_time_bin=medium|shaking_time_bin=missing|phase_ratio_bin=missing,0.1,4.00215,22.0,22.0,planned,ok,,,
ffd5aab1aceb,,57,La,3,CCCCCCCCCCCCN(C)C(=O)C1CC(OC)CC(C(=O)N(C)CCCCCCCCCCCC)O1,CCCCCCCCCCCCN(C)C(=O)C1CC(OC)CC(C(=O)N(C)CCCCCCCCCCCC)O1,"[15, 19, 24, 39]","[""O(amide_carbonyl)"", ""O(ether)"", ""O(amide_carbonyl)"", ""O(ether)""]",4,9,2,nitrate,nitrate,1,57|CCCCCCCCCCCCN(C)C(=O)C1CC(OC)CC(C(=O)N(C)CCCCCCCCCCCC)O1|nitrate,6,1,acid_class=nitrate|acid_strength_bin=high|nitrate_activity=high|pH_bin=missing|diluent_family=aliphatic_hydrocarbon|modifier_class=none|temperature_bin=ambient|contact_time_bin=medium|shaking_time_bin=missing|phase_ratio_bin=missing,3.0,3.0,22.0,22.0,planned,ok,,,
fc72cf55f269,,59,Pr,3,CCCCCCCCCCCCN(C)C(=O)C1CC(OC)CC(C(=O)N(C)CCCCCCCCCCCC)O1,CCCCCCCCCCCCN(C)C(=O)C1CC(OC)CC(C(=O)N(C)CCCCCCCCCCCC)O1,"[15, 19, 24, 39]","[""O(amide_carbonyl)"", ""O(ether)"", ""O(amide_carbonyl)"", ""O(ether)""]",4,9,2,nitrate,nitrate,1,59|CCCCCCCCCCCCN(C)C(=O)C1CC(OC)CC(C(=O)N(C)CCCCCCCCCCCC)O1|nitrate,6,1,acid_class=nitrate|acid_strength_bin=high|nitrate_activity=high|pH_bin=missing|diluent_family=aliphatic_hydrocarbon|modifier_class=none|temperature_bin=ambient|contact_time_bin=medium|shaking_time_bin=missing|phase_ratio_bin=missing,3.0,3.0,22.0,22.0,planned,ok,,,
56d8843335c1,,60,Nd,3,CCCCCCCCCCCCN(C)C(=O)C1CC(OC)CC(C(=O)N(C)CCCCCCCCCCCC)O1,CCCCCCCCCCCCN(C)C(=O)C1CC(OC)CC(C(=O)N(C)CCCCCCCCCCCC)O1,"[15, 19, 24, 39]","[""O(amide_carbonyl)"", ""O(ether)"", ""O(amide_carbonyl)"", ""O(ether)""]",4,9,2,nitrate,nitrate,1,60|CCCCCCCCCCCCN(C)C(=O)C1CC(OC)CC(C(=O)N(C)CCCCCCCCCCCC)O1|nitrate,6,1,acid_class=nitrate|acid_strength_bin=high|nitrate_activity=high|pH_bin=missing|diluent_family=aliphatic_hydrocarbon|modifier_class=none|temperature_bin=ambient|contact_time_bin=medium|shaking_time_bin=missing|phase_ratio_bin=missing,3.0,3.0,22.0,22.0,planned,ok,,,
e499ec14e778,,62,Sm,3,CCCCCCCCCCCCN(C)C(=O)C1CC(OC)CC(C(=O)N(C)CCCCCCCCCCCC)O1,CCCCCCCCCCCCN(C)C(=O)C1CC(OC)CC(C(=O)N(C)CCCCCCCCCCCC)O1,"[15, 19, 24, 39]","[""O(amide_carbonyl)"", ""O(ether)"", ""O(amide_carbonyl)"", ""O(ether)""]",4,9,2,nitrate,nitrate,1,62|CCCCCCCCCCCCN(C)C(=O)C1CC(OC)CC(C(=O)N(C)CCCCCCCCCCCC)O1|nitrate,6,1,acid_class=nitrate|acid_strength_bin=high|nitrate_activity=high|pH_bin=missing|diluent_family=aliphatic_hydrocarbon|modifier_class=none|temperature_bin=ambient|contact_time_bin=medium|shaking_time_bin=missing|phase_ratio_bin=missing,3.0,3.0,22.0,22.0,planned,ok,,,
7c4a1221da48,,64,Gd,3,CCCCCCCCCCCCN(C)C(=O)C1CC(OC)CC(C(=O)N(C)CCCCCCCCCCCC)O1,CCCCCCCCCCCCN(C)C(=O)C1CC(OC)CC(C(=O)N(C)CCCCCCCCCCCC)O1,"[15, 19, 24, 39]","[""O(amide_carbonyl)"", ""O(ether)"", ""O(amide_carbonyl)"", ""O(ether)""]",4,9,2,nitrate,nitrate,1,64|CCCCCCCCCCCCN(C)C(=O)C1CC(OC)CC(C(=O)N(C)CCCCCCCCCCCC)O1|nitrate,6,1,acid_class=nitrate|acid_strength_bin=high|nitrate_activity=high|pH_bin=missing|diluent_family=aliphatic_hydrocarbon|modifier_class=none|temperature_bin=ambient|contact_time_bin=medium|shaking_time_bin=missing|phase_ratio_bin=missing,3.0,3.0,22.0,22.0,planned,ok,,,
679cd0805bfd,,63,Eu,3,CCCCCCCCCCCCNC(=O)c1cc(=O)cc(C(=O)NCCCCCCCCCCCC)o1,CCCCCCCCCCCCNC(=O)c1cc(=O)cc(C(=O)NCCCCCCCCCCCC)o1,"[14, 18, 22, 36]","[""O(amide_carbonyl)"", ""O(carbonyl)"", ""O(amide_carbonyl)"", ""O(ether)""]",4,9,2,nitrate,nitrate,1,63|CCCCCCCCCCCCNC(=O)c1cc(=O)cc(C(=O)NCCCCCCCCCCCC)o1|nitrate,3,1,acid_class=nitrate|acid_strength_bin=high|nitrate_activity=high|pH_bin=missing|diluent_family=aliphatic_hydrocarbon|modifier_class=none|temperature_bin=ambient|contact_time_bin=medium|shaking_time_bin=missing|phase_ratio_bin=missing,3.1,3.1,22.0,22.0,planned,ok,,,
1f1106359435,,63,Eu,3,CC(C)(C)c1ccc(NC(=O)c2cc(=O)cc(C(=O)Nc3ccc(C(C)(C)C)cc3)o2)cc1,CC(C)(C)c1ccc(NC(=O)c2cc(=O)cc(C(=O)Nc3ccc(C(C)(C)C)cc3)o2)cc1,"[10, 14, 18, 30]","[""O(amide_carbonyl)"", ""O(carbonyl)"", ""O(amide_carbonyl)"", ""O(ether)""]",4,9,2,nitrate,nitrate,1,63|CC(C)(C)c1ccc(NC(=O)c2cc(=O)cc(C(=O)Nc3ccc(C(C)(C)C)cc3)o2)cc1|nitrate,3,2,acid_class=nitrate|acid_strength_bin=high|nitrate_activity=high|pH_bin=missing|diluent_family=alcohol_modifier|modifier_class=none|temperature_bin=ambient|contact_time_bin=medium|shaking_time_bin=missing|phase_ratio_bin=missing;acid_class=nitrate|acid_strength_bin=high|nitrate_activity=high|pH_bin=missing|diluent_family=aliphatic_hydrocarbon|modifier_class=none|temperature_bin=ambient|contact_time_bin=medium|shaking_time_bin=missing|phase_ratio_bin=missing,3.1,3.1,22.0,22.0,planned,ok,,,
7c92b54b6344,,59,Pr,3,CCCCCCCCCCCCN(C)C(=O)COCC(=O)N(C)CCCCCCCCCCCC,CCCCCCCCCCCCN(C)C(=O)COCC(=O)N(C)CCCCCCCCCCCC,"[15, 17, 20]","[""O(amide_carbonyl)"", ""O(ether)"", ""O(amide_carbonyl)""]",3,9,3,water,water,0,59|CCCCCCCCCCCCN(C)C(=O)COCC(=O)N(C)CCCCCCCCCCCC|water,22,4,acid_class=chloride|acid_strength_bin=high|nitrate_activity=none|pH_bin=missing|diluent_family=aliphatic_hydrocarbon|modifier_class=none|temperature_bin=ambient|contact_time_bin=medium|shaking_time_bin=missing|phase_ratio_bin=missing;acid_class=chloride|acid_strength_bin=high|nitrate_activity=none|pH_bin=missing|diluent_family=aromatic|modifier_class=none|temperature_bin=ambient|contact_time_bin=medium|shaking_time_bin=missing|phase_ratio_bin=missing;acid_class=chloride|acid_strength_bin=medium|nitrate_activity=none|pH_bin=missing|diluent_family=aliphatic_hydrocarbon|modifier_class=none|temperature_bin=ambient|contact_time_bin=medium|shaking_time_bin=missing|phase_ratio_bin=missing;acid_class=chloride|acid_strength_bin=medium|nitrate_activity=none|pH_bin=missing|diluent_family=aromatic|modifier_class=none|temperature_bin=ambient|contact_time_bin=medium|shaking_time_bin=missing|phase_ratio_bin=missing,1.0,3.5,25.0,25.0,planned,ok,,,
0052ca91f101,,59,Pr,3,CCCCCCCCCCCCN(CC)C(=O)COCC(=O)N(CC)CCCCCCCCCCCC,CCCCCCCCCCCCN(CC)C(=O)COCC(=O)N(CC)CCCCCCCCCCCC,"[16, 18, 21]","[""O(amide_carbonyl)"", ""O(ether)"", ""O(amide_carbonyl)""]",3,9,3,water,water,0,59|CCCCCCCCCCCCN(CC)C(=O)COCC(=O)N(CC)CCCCCCCCCCCC|water,26,6,acid_class=chloride|acid_strength_bin=high|nitrate_activity=none|pH_bin=missing|diluent_family=alcohol_modifier|modifier_class=none|temperature_bin=ambient|contact_time_bin=medium|shaking_time_bin=missing|phase_ratio_bin=missing;acid_class=chloride|acid_strength_bin=high|nitrate_activity=none|pH_bin=missing|diluent_family=aliphatic_hydrocarbon|modifier_class=none|temperature_bin=ambient|contact_time_bin=medium|shaking_time_bin=missing|phase_ratio_bin=missing;acid_class=chloride|acid_strength_bin=high|nitrate_activity=none|pH_bin=missing|diluent_family=aromatic|modifier_class=none|temperature_bin=ambient|contact_time_bin=medium|shaking_time_bin=missing|phase_ratio_bin=missing;acid_class=chloride|acid_strength_bin=medium|nitrate_activity=none|pH_bin=missing|diluent_family=alcohol_modifier|modifier_class=none|temperature_bin=ambient|contact_time_bin=medium|shaking_time_bin=missing|phase_ratio_bin=missing;acid_class=chloride|acid_strength_bin=medium|nitrate_activity=none|pH_bin=missing|diluent_family=aliphatic_hydrocarbon|modifier_class=none|temperature_bin=ambient|contact_time_bin=medium|shaking_time_bin=missing|phase_ratio_bin=missing,1.0,5.0,25.0,25.0,planned,ok,,,
9aa39b04fcb1,,59,Pr,3,CCCCCCCCCCCCN(CCC)C(=O)COCC(=O)N(CCC)CCCCCCCCCCCC,CCCCCCCCCCCCN(CCC)C(=O)COCC(=O)N(CCC)CCCCCCCCCCCC,"[17, 19, 22]","[""O(amide_carbonyl)"", ""O(ether)"", ""O(amide_carbonyl)""]",3,9,3,water,water,0,59|CCCCCCCCCCCCN(CCC)C(=O)COCC(=O)N(CCC)CCCCCCCCCCCC|water,26,6,acid_class=chloride|acid_strength_bin=high|nitrate_activity=none|pH_bin=missing|diluent_family=alcohol_modifier|modifier_class=none|temperature_bin=ambient|contact_time_bin=medium|shaking_time_bin=missing|phase_ratio_bin=missing;acid_class=chloride|acid_strength_bin=high|nitrate_activity=none|pH_bin=missing|diluent_family=aliphatic_hydrocarbon|modifier_class=none|temperature_bin=ambient|contact_time_bin=medium|shaking_time_bin=missing|phase_ratio_bin=missing;acid_class=chloride|acid_strength_bin=high|nitrate_activity=none|pH_bin=missing|diluent_family=aromatic|modifier_class=none|temperature_bin=ambient|contact_time_bin=medium|shaking_time_bin=missing|phase_ratio_bin=missing;acid_class=chloride|acid_strength_bin=medium|nitrate_activity=none|pH_bin=missing|diluent_family=alcohol_modifier|modifier_class=none|temperature_bin=ambient|contact_time_bin=medium|shaking_time_bin=missing|phase_ratio_bin=missing;acid_class=chloride|acid_strength_bin=medium|nitrate_activity=none|pH_bin=missing|diluent_family=aliphatic_hydrocarbon|modifier_class=none|temperature_bin=ambient|contact_time_bin=medium|shaking_time_bin=missing|phase_ratio_bin=missing,1.0,5.0,25.0,25.0,planned,ok,,,
5e8a65472485,,59,Pr,3,CCCCCCCCCCCCN(CCCC)C(=O)COCC(=O)N(CCCC)CCCCCCCCCCCC,CCCCCCCCCCCCN(CCCC)C(=O)COCC(=O)N(CCCC)CCCCCCCCCCCC,"[18, 20, 23]","[""O(amide_carbonyl)"", ""O(ether)"", ""O(amide_carbonyl)""]",3,9,3,water,water,0,59|CCCCCCCCCCCCN(CCCC)C(=O)COCC(=O)N(CCCC)CCCCCCCCCCCC|water,22,4,acid_class=chloride|acid_strength_bin=high|nitrate_activity=none|pH_bin=missing|diluent_family=aliphatic_hydrocarbon|modifier_class=none|temperature_bin=ambient|contact_time_bin=medium|shaking_time_bin=missing|phase_ratio_bin=missing;acid_class=chloride|acid_strength_bin=high|nitrate_activity=none|pH_bin=missing|diluent_family=aromatic|modifier_class=none|temperature_bin=ambient|contact_time_bin=medium|shaking_time_bin=missing|phase_ratio_bin=missing;acid_class=chloride|acid_strength_bin=medium|nitrate_activity=none|pH_bin=missing|diluent_family=aliphatic_hydrocarbon|modifier_class=none|temperature_bin=ambient|contact_time_bin=medium|shaking_time_bin=missing|phase_ratio_bin=missing;acid_class=chloride|acid_strength_bin=medium|nitrate_activity=none|pH_bin=missing|diluent_family=aromatic|modifier_class=none|temperature_bin=ambient|contact_time_bin=medium|shaking_time_bin=missing|phase_ratio_bin=missing,1.0,5.0,25.0,25.0,planned,ok,,,
f868270ec4a9,,63,Eu,3,c1cc(-n2cccn2)nc(-n2cccn2)c1,c1cc(-n2cccn2)nc(-n2cccn2)c1,"[3, 7, 8, 10, 14]","[""N(aromatic)"", ""N(aromatic)"", ""N(aromatic)"", ""N(aromatic)"", ""N(aromatic)""]",5,9,1,nitrate,nitrate,4,63|c1cc(-n2cccn2)nc(-n2cccn2)c1|nitrate,2,2,acid_class=nitrate|acid_strength_bin=medium|nitrate_activity=medium|pH_bin=missing|diluent_family=alcohol_modifier|modifier_class=none|temperature_bin=ambient|contact_time_bin=medium|shaking_time_bin=missing|phase_ratio_bin=missing;acid_class=nitrate|acid_strength_bin=medium|nitrate_activity=medium|pH_bin=missing|diluent_family=aliphatic_hydrocarbon|modifier_class=none|temperature_bin=ambient|contact_time_bin=medium|shaking_time_bin=missing|phase_ratio_bin=missing,0.98,0.98,21.0,21.0,planned,ok,,,
6562b23bd4a8,,63,Eu,3,Cc1cc(C)n(-c2cccc(-n3nc(C)cc3C)n2)n1,Cc1cc(C)n(-c2cccc(-n3nc(C)cc3C)n2)n1,"[5, 11, 12, 18, 19]","[""N(aromatic)"", ""N(aromatic)"", ""N(aromatic)"", ""N(aromatic)"", ""N(aromatic)""]",5,9,1,nitrate,nitrate,4,63|Cc1cc(C)n(-c2cccc(-n3nc(C)cc3C)n2)n1|nitrate,6,3,acid_class=nitrate|acid_strength_bin=high|nitrate_activity=high|pH_bin=missing|diluent_family=aliphatic_hydrocarbon|modifier_class=none|temperature_bin=ambient|contact_time_bin=medium|shaking_time_bin=missing|phase_ratio_bin=missing;acid_class=nitrate|acid_strength_bin=low|nitrate_activity=low|pH_bin=missing|diluent_family=aliphatic_hydrocarbon|modifier_class=none|temperature_bin=ambient|contact_time_bin=medium|shaking_time_bin=missing|phase_ratio_bin=missing;acid_class=nitrate|acid_strength_bin=medium|nitrate_activity=medium|pH_bin=missing|diluent_family=aliphatic_hydrocarbon|modifier_class=none|temperature_bin=ambient|contact_time_bin=medium|shaking_time_bin=missing|phase_ratio_bin=missing,0.1,4.0,21.0,21.0,planned,ok,,,
fb7d0e22e502,,63,Eu,3,O=C(c1ccccc1)c1ccc2ccccc2n1,O=C(c1ccccc1)c1ccc2ccccc2n1,"[0, 17]","[""O(carbonyl)"", ""N(aromatic)""]",2,9,4,nitrate,nitrate,1,63|O=C(c1ccccc1)c1ccc2ccccc2n1|nitrate,6,6,acid_class=nitrate|acid_strength_bin=high|nitrate_activity=high|pH_bin=missing|diluent_family=alcohol_modifier|modifier_class=none|temperature_bin=ambient|contact_time_bin=medium|shaking_time_bin=missing|phase_ratio_bin=missing;acid_class=nitrate|acid_strength_bin=high|nitrate_activity=high|pH_bin=missing|diluent_family=aliphatic_hydrocarbon|modifier_class=none|temperature_bin=ambient|contact_time_bin=medium|shaking_time_bin=missing|phase_ratio_bin=missing;acid_class=nitrate|acid_strength_bin=high|nitrate_activity=high|pH_bin=missing|diluent_family=aromatic|modifier_class=none|temperature_bin=ambient|contact_time_bin=medium|shaking_time_bin=missing|phase_ratio_bin=missing;acid_class=nitrate|acid_strength_bin=medium|nitrate_activity=medium|pH_bin=missing|diluent_family=alcohol_modifier|modifier_class=none|temperature_bin=ambient|contact_time_bin=medium|shaking_time_bin=missing|phase_ratio_bin=missing;acid_class=nitrate|acid_strength_bin=medium|nitrate_activity=medium|pH_bin=missing|diluent_family=aliphatic_hydrocarbon|modifier_class=none|temperature_bin=ambient|contact_time_bin=medium|shaking_time_bin=missing|phase_ratio_bin=missing,1.0,3.82,23.0,23.0,planned,fill_1x_nitrate,,,
dfa51784b875,,63,Eu,3,CCCCCCCCOc1cc(C(=O)N(C)c2ccc(C(C)(C)C)cc2)nc(C(=O)N(C)c2ccc(C(C)(C)C)cc2)c1,CCCCCCCCOc1cc(C(=O)N(C)c2ccc(C(C)(C)C)cc2)nc(C(=O)N(C)c2ccc(C(C)(C)C)cc2)c1,"[8, 13, 26, 29]","[""O(ether)"", ""O(amide_carbonyl)"", ""N(aromatic)"", ""O(amide_carbonyl)""]",4,9,2,nitrate,nitrate,1,63|CCCCCCCCOc1cc(C(=O)N(C)c2ccc(C(C)(C)C)cc2)nc(C(=O)N(C)c2ccc(C(C)(C)C)cc2)c1|nitrate,3,3,acid_class=nitrate|acid_strength_bin=high|nitrate_activity=high|pH_bin=missing|diluent_family=alcohol_modifier|modifier_class=none|temperature_bin=ambient|contact_time_bin=medium|shaking_time_bin=missing|phase_ratio_bin=missing;acid_class=nitrate|acid_strength_bin=medium|nitrate_activity=medium|pH_bin=missing|diluent_family=alcohol_modifier|modifier_class=none|temperature_bin=ambient|contact_time_bin=medium|shaking_time_bin=missing|phase_ratio_bin=missing;acid_class=nitrate|acid_strength_bin=medium|nitrate_activity=medium|pH_bin=missing|diluent_family=aliphatic_hydrocarbon|modifier_class=none|temperature_bin=ambient|contact_time_bin=medium|shaking_time_bin=missing|phase_ratio_bin=missing,1.0,3.82,23.0,23.0,planned,ok,,,
ec68ed441941,,63,Eu,3,CCCCCCCCCCCCNC(=O)c1cc(OC)ccn1,CCCCCCCCCCCCNC(=O)c1cc(OC)ccn1,"[14, 18, 22]","[""O(amide_carbonyl)"", ""O(ether)"", ""N(aromatic)""]",3,9,3,nitrate,nitrate,0,63|CCCCCCCCCCCCNC(=O)c1cc(OC)ccn1|nitrate,2,2,acid_class=nitrate|acid_strength_bin=high|nitrate_activity=high|pH_bin=missing|diluent_family=alcohol_modifier|modifier_class=none|temperature_bin=ambient|contact_time_bin=medium|shaking_time_bin=missing|phase_ratio_bin=missing;acid_class=nitrate|acid_strength_bin=medium|nitrate_activity=medium|pH_bin=missing|diluent_family=aliphatic_hydrocarbon|modifier_class=none|temperature_bin=ambient|contact_time_bin=medium|shaking_time_bin=missing|phase_ratio_bin=missing,1.0,3.82,23.0,23.0,planned,ok,,,
3beb4537ab26,,63,Eu,3,CCCCCCCCNC(=O)c1cc(OC)ccn1,CCCCCCCCNC(=O)c1cc(OC)ccn1,"[10, 14, 18]","[""O(amide_carbonyl)"", ""O(ether)"", ""N(aromatic)""]",3,9,3,nitrate,nitrate,0,63|CCCCCCCCNC(=O)c1cc(OC)ccn1|nitrate,2,2,acid_class=nitrate|acid_strength_bin=high|nitrate_activity=high|pH_bin=missing|diluent_family=alcohol_modifier|modifier_class=none|temperature_bin=ambient|contact_time_bin=medium|shaking_time_bin=missing|phase_ratio_bin=missing;acid_class=nitrate|acid_strength_bin=medium|nitrate_activity=medium|pH_bin=missing|diluent_family=aliphatic_hydrocarbon|modifier_class=none|temperature_bin=ambient|contact_time_bin=medium|shaking_time_bin=missing|phase_ratio_bin=missing,1.0,3.82,23.0,23.0,planned,ok,,,
90fce4a008ab,,63,Eu,3,Cc1ccn(-c2cccc(-n3ccc(C)n3)n2)n1,Cc1ccn(-c2cccc(-n3ccc(C)n3)n2)n1,"[4, 10, 15, 16, 17]","[""N(aromatic)"", ""N(aromatic)"", ""N(aromatic)"", ""N(aromatic)"", ""N(aromatic)""]",5,9,1,nitrate,nitrate,4,63|Cc1ccn(-c2cccc(-n3ccc(C)n3)n2)n1|nitrate,7,4,acid_class=nitrate|acid_strength_bin=high|nitrate_activity=high|pH_bin=missing|diluent_family=aliphatic_hydrocarbon|modifier_class=none|temperature_bin=ambient|contact_time_bin=medium|shaking_time_bin=missing|phase_ratio_bin=missing;acid_class=nitrate|acid_strength_bin=low|nitrate_activity=low|pH_bin=missing|diluent_family=aliphatic_hydrocarbon|modifier_class=none|temperature_bin=ambient|contact_time_bin=medium|shaking_time_bin=missing|phase_ratio_bin=missing;acid_class=nitrate|acid_strength_bin=medium|nitrate_activity=medium|pH_bin=missing|diluent_family=alcohol_modifier|modifier_class=none|temperature_bin=ambient|contact_time_bin=medium|shaking_time_bin=missing|phase_ratio_bin=missing;acid_class=nitrate|acid_strength_bin=medium|nitrate_activity=medium|pH_bin=missing|diluent_family=aliphatic_hydrocarbon|modifier_class=none|temperature_bin=ambient|contact_time_bin=medium|shaking_time_bin=missing|phase_ratio_bin=missing,0.1,4.0,21.0,21.0,planned,ok,,,
e285ca563db7,,63,Eu,3,CCCCCCCCCCCCOCc1cc(-n2cccn2)nc(-n2cccn2)c1,CCCCCCCCCCCCOCc1cc(-n2cccn2)nc(-n2cccn2)c1,"[12, 17, 21, 22, 24, 28]","[""O(ether)"", ""N(aromatic)"", ""N(aromatic)"", ""N(aromatic)"", ""N(aromatic)"", ""N(aromatic)""]",6,9,1,nitrate,nitrate,3,63|CCCCCCCCCCCCOCc1cc(-n2cccn2)nc(-n2cccn2)c1|nitrate,6,5,acid_class=nitrate|acid_strength_bin=high|nitrate_activity=high|pH_bin=missing|diluent_family=alcohol_modifier|modifier_class=none|temperature_bin=ambient|contact_time_bin=short|shaking_time_bin=missing|phase_ratio_bin=missing;acid_class=nitrate|acid_strength_bin=high|nitrate_activity=high|pH_bin=missing|diluent_family=aliphatic_hydrocarbon|modifier_class=none|temperature_bin=ambient|contact_time_bin=short|shaking_time_bin=missing|phase_ratio_bin=missing;acid_class=nitrate|acid_strength_bin=low|nitrate_activity=low|pH_bin=missing|diluent_family=aliphatic_hydrocarbon|modifier_class=none|temperature_bin=ambient|contact_time_bin=short|shaking_time_bin=missing|phase_ratio_bin=missing;acid_class=nitrate|acid_strength_bin=medium|nitrate_activity=medium|pH_bin=missing|diluent_family=alcohol_modifier|modifier_class=none|temperature_bin=ambient|contact_time_bin=short|shaking_time_bin=missing|phase_ratio_bin=missing;acid_class=nitrate|acid_strength_bin=medium|nitrate_activity=medium|pH_bin=missing|diluent_family=aliphatic_hydrocarbon|modifier_class=none|temperature_bin=ambient|contact_time_bin=short|shaking_time_bin=missing|phase_ratio_bin=missing,0.1,4.0,20.0,20.0,planned,fill_1x_nitrate,,,
3893f73b679f,,63,Eu,3,CCCCCCCCCCCCOCc1cc(-n2ccc(C)n2)nc(-n2ccc(C)n2)c1,CCCCCCCCCCCCOCc1cc(-n2ccc(C)n2)nc(-n2ccc(C)n2)c1,"[12, 17, 22, 23, 25, 30]","[""O(ether)"", ""N(aromatic)"", ""N(aromatic)"", ""N(aromatic)"", ""N(aromatic)"", ""N(aromatic)""]",6,9,1,nitrate,nitrate,3,63|CCCCCCCCCCCCOCc1cc(-n2ccc(C)n2)nc(-n2ccc(C)n2)c1|nitrate,2,2,acid_class=nitrate|acid_strength_bin=high|nitrate_activity=high|pH_bin=missing|diluent_family=aliphatic_hydrocarbon|modifier_class=none|temperature_bin=ambient|contact_time_bin=short|shaking_time_bin=missing|phase_ratio_bin=missing;acid_class=nitrate|acid_strength_bin=low|nitrate_activity=low|pH_bin=missing|diluent_family=aliphatic_hydrocarbon|modifier_class=none|temperature_bin=ambient|contact_time_bin=short|shaking_time_bin=missing|phase_ratio_bin=missing,0.1,4.0,20.0,20.0,planned,fill_1x_nitrate,,,
9a05c75e6ef1,,63,Eu,3,CC(C)(C)Cc1cc(-c2cccc(-c3cc(CC(C)(C)C)[nH]n3)n2)n[nH]1,CC(C)(C)Cc1cc(-c2cccc(-c3cc(CC(C)(C)C)[nH]n3)n2)n[nH]1,"[21, 22, 23, 24, 25]","[""N(aromatic)"", ""N(aromatic)"", ""N(aromatic)"", ""N(aromatic)"", ""N(aromatic)""]",5,9,1,nitrate,nitrate,4,63|CC(C)(C)Cc1cc(-c2cccc(-c3cc(CC(C)(C)C)[nH]n3)n2)n[nH]1|nitrate,7,2,acid_class=nitrate|acid_strength_bin=low|nitrate_activity=low|pH_bin=missing|diluent_family=aliphatic_hydrocarbon|modifier_class=none|temperature_bin=ambient|contact_time_bin=missing|shaking_time_bin=missing|phase_ratio_bin=missing;acid_class=nitrate|acid_strength_bin=medium|nitrate_activity=medium|pH_bin=missing|diluent_family=aliphatic_hydrocarbon|modifier_class=none|temperature_bin=ambient|contact_time_bin=missing|shaking_time_bin=missing|phase_ratio_bin=missing,0.2,1.2,20.0,20.0,planned,ok,,,
20465e7ee3e2,,57,La,3,CCCCCc1nnc(-c2cccc(-c3cccc(-c4nnc(CCCCC)c(CCCCC)n4)n3)n2)nc1CCCCC,CCCCCc1nnc(-c2cccc(-c3cccc(-c4nnc(CCCCC)c(CCCCC)n4)n3)n2)nc1CCCCC,"[6, 7, 20, 21, 34, 35, 36, 37]","[""N(aromatic)"", ""N(aromatic)"", ""N(aromatic)"", ""N(aromatic)"", ""N(aromatic)"", ""N(aromatic)"", ""N(aromatic)"", ""N(aromatic)""]",8,9,1,nitrate,nitrate,1,57|CCCCCc1nnc(-c2cccc(-c3cccc(-c4nnc(CCCCC)c(CCCCC)n4)n3)n2)nc1CCCCC|nitrate,16,3,acid_class=nitrate|acid_strength_bin=low|nitrate_activity=low|pH_bin=missing|diluent_family=aliphatic_hydrocarbon|modifier_class=none|temperature_bin=ambient|contact_time_bin=missing|shaking_time_bin=missing|phase_ratio_bin=missing;acid_class=nitrate|acid_strength_bin=medium|nitrate_activity=medium|pH_bin=missing|diluent_family=aliphatic_hydrocarbon|modifier_class=none|temperature_bin=ambient|contact_time_bin=missing|shaking_time_bin=missing|phase_ratio_bin=missing;acid_class=nitrate|acid_strength_bin=medium|nitrate_activity=medium|pH_bin=missing|diluent_family=other|modifier_class=none|temperature_bin=ambient|contact_time_bin=missing|shaking_time_bin=missing|phase_ratio_bin=missing,0.1,1.0,20.0,25.0,planned,fill_5x_nitrate,,,
b23446691216,,59,Pr,3,CCCCCc1nnc(-c2cccc(-c3cccc(-c4nnc(CCCCC)c(CCCCC)n4)n3)n2)nc1CCCCC,CCCCCc1nnc(-c2cccc(-c3cccc(-c4nnc(CCCCC)c(CCCCC)n4)n3)n2)nc1CCCCC,"[6, 7, 20, 21, 34, 35, 36, 37]","[""N(aromatic)"", ""N(aromatic)"", ""N(aromatic)"", ""N(aromatic)"", ""N(aromatic)"", ""N(aromatic)"", ""N(aromatic)"", ""N(aromatic)""]",8,9,1,nitrate,nitrate,1,59|CCCCCc1nnc(-c2cccc(-c3cccc(-c4nnc(CCCCC)c(CCCCC)n4)n3)n2)nc1CCCCC|nitrate,16,3,acid_class=nitrate|acid_strength_bin=low|nitrate_activity=low|pH_bin=missing|diluent_family=aliphatic_hydrocarbon|modifier_class=none|temperature_bin=ambient|contact_time_bin=missing|shaking_time_bin=missing|phase_ratio_bin=missing;acid_class=nitrate|acid_strength_bin=medium|nitrate_activity=medium|pH_bin=missing|diluent_family=aliphatic_hydrocarbon|modifier_class=none|temperature_bin=ambient|contact_time_bin=missing|shaking_time_bin=missing|phase_ratio_bin=missing;acid_class=nitrate|acid_strength_bin=medium|nitrate_activity=medium|pH_bin=missing|diluent_family=other|modifier_class=none|temperature_bin=ambient|contact_time_bin=missing|shaking_time_bin=missing|phase_ratio_bin=missing,0.1,1.0,20.0,25.0,planned,fill_5x_nitrate,,,
cb8e9692129f,,60,Nd,3,CCCCCc1nnc(-c2cccc(-c3cccc(-c4nnc(CCCCC)c(CCCCC)n4)n3)n2)nc1CCCCC,CCCCCc1nnc(-c2cccc(-c3cccc(-c4nnc(CCCCC)c(CCCCC)n4)n3)n2)nc1CCCCC,"[6, 7, 20, 21, 34, 35, 36, 37]","[""N(aromatic)"", ""N(aromatic)"", ""N(aromatic)"", ""N(aromatic)"", ""N(aromatic)"", ""N(aromatic)"", ""N(aromatic)"", ""N(aromatic)""]",8,9,1,nitrate,nitrate,1,60|CCCCCc1nnc(-c2cccc(-c3cccc(-c4nnc(CCCCC)c(CCCCC)n4)n3)n2)nc1CCCCC|nitrate,16,3,acid_class=nitrate|acid_strength_bin=low|nitrate_activity=low|pH_bin=missing|diluent_family=aliphatic_hydrocarbon|modifier_class=none|temperature_bin=ambient|contact_time_bin=missing|shaking_time_bin=missing|phase_ratio_bin=missing;acid_class=nitrate|acid_strength_bin=medium|nitrate_activity=medium|pH_bin=missing|diluent_family=aliphatic_hydrocarbon|modifier_class=none|temperature_bin=ambient|contact_time_bin=missing|shaking_time_bin=missing|phase_ratio_bin=missing;acid_class=nitrate|acid_strength_bin=medium|nitrate_activity=medium|pH_bin=missing|diluent_family=other|modifier_class=none|temperature_bin=ambient|contact_time_bin=missing|shaking_time_bin=missing|phase_ratio_bin=missing,0.1,1.0,20.0,25.0,planned,fill_5x_nitrate,,,
b9cb0fd3aa1f,,62,Sm,3,CCCCCc1nnc(-c2cccc(-c3cccc(-c4nnc(CCCCC)c(CCCCC)n4)n3)n2)nc1CCCCC,CCCCCc1nnc(-c2cccc(-c3cccc(-c4nnc(CCCCC)c(CCCCC)n4)n3)n2)nc1CCCCC,"[6, 7, 20, 21, 34, 35, 36, 37]","[""N(aromatic)"", ""N(aromatic)"", ""N(aromatic)"", ""N(aromatic)"", ""N(aromatic)"", ""N(aromatic)"", ""N(aromatic)"", ""N(aromatic)""]",8,9,1,nitrate,nitrate,1,62|CCCCCc1nnc(-c2cccc(-c3cccc(-c4nnc(CCCCC)c(CCCCC)n4)n3)n2)nc1CCCCC|nitrate,16,3,acid_class=nitrate|acid_strength_bin=low|nitrate_activity=low|pH_bin=missing|diluent_family=aliphatic_hydrocarbon|modifier_class=none|temperature_bin=ambient|contact_time_bin=missing|shaking_time_bin=missing|phase_ratio_bin=missing;acid_class=nitrate|acid_strength_bin=medium|nitrate_activity=medium|pH_bin=missing|diluent_family=aliphatic_hydrocarbon|modifier_class=none|temperature_bin=ambient|contact_time_bin=missing|shaking_time_bin=missing|phase_ratio_bin=missing;acid_class=nitrate|acid_strength_bin=medium|nitrate_activity=medium|pH_bin=missing|diluent_family=other|modifier_class=none|temperature_bin=ambient|contact_time_bin=missing|shaking_time_bin=missing|phase_ratio_bin=missing,0.1,1.0,20.0,25.0,planned,fill_5x_nitrate,,,
d85063f2c2c1,,63,Eu,3,CCCCCc1nnc(-c2cccc(-c3cccc(-c4nnc(CCCCC)c(CCCCC)n4)n3)n2)nc1CCCCC,CCCCCc1nnc(-c2cccc(-c3cccc(-c4nnc(CCCCC)c(CCCCC)n4)n3)n2)nc1CCCCC,"[6, 7, 20, 21, 34, 35, 36, 37]","[""N(aromatic)"", ""N(aromatic)"", ""N(aromatic)"", ""N(aromatic)"", ""N(aromatic)"", ""N(aromatic)"", ""N(aromatic)"", ""N(aromatic)""]",8,9,1,nitrate,nitrate,1,63|CCCCCc1nnc(-c2cccc(-c3cccc(-c4nnc(CCCCC)c(CCCCC)n4)n3)n2)nc1CCCCC|nitrate,16,3,acid_class=nitrate|acid_strength_bin=low|nitrate_activity=low|pH_bin=missing|diluent_family=aliphatic_hydrocarbon|modifier_class=none|temperature_bin=ambient|contact_time_bin=missing|shaking_time_bin=missing|phase_ratio_bin=missing;acid_class=nitrate|acid_strength_bin=medium|nitrate_activity=medium|pH_bin=missing|diluent_family=aliphatic_hydrocarbon|modifier_class=none|temperature_bin=ambient|contact_time_bin=missing|shaking_time_bin=missing|phase_ratio_bin=missing;acid_class=nitrate|acid_strength_bin=medium|nitrate_activity=medium|pH_bin=missing|diluent_family=other|modifier_class=none|temperature_bin=ambient|contact_time_bin=missing|shaking_time_bin=missing|phase_ratio_bin=missing,0.1,1.0,20.0,25.0,planned,fill_5x_nitrate,,,
8fc663eda6f3,,64,Gd,3,CCCCCc1nnc(-c2cccc(-c3cccc(-c4nnc(CCCCC)c(CCCCC)n4)n3)n2)nc1CCCCC,CCCCCc1nnc(-c2cccc(-c3cccc(-c4nnc(CCCCC)c(CCCCC)n4)n3)n2)nc1CCCCC,"[6, 7, 20, 21, 34, 35, 36, 37]","[""N(aromatic)"", ""N(aromatic)"", ""N(aromatic)"", ""N(aromatic)"", ""N(aromatic)"", ""N(aromatic)"", ""N(aromatic)"", ""N(aromatic)""]",8,9,1,nitrate,nitrate,1,64|CCCCCc1nnc(-c2cccc(-c3cccc(-c4nnc(CCCCC)c(CCCCC)n4)n3)n2)nc1CCCCC|nitrate,16,3,acid_class=nitrate|acid_strength_bin=low|nitrate_activity=low|pH_bin=missing|diluent_family=aliphatic_hydrocarbon|modifier_class=none|temperature_bin=ambient|contact_time_bin=missing|shaking_time_bin=missing|phase_ratio_bin=missing;acid_class=nitrate|acid_strength_bin=medium|nitrate_activity=medium|pH_bin=missing|diluent_family=aliphatic_hydrocarbon|modifier_class=none|temperature_bin=ambient|contact_time_bin=missing|shaking_time_bin=missing|phase_ratio_bin=missing;acid_class=nitrate|acid_strength_bin=medium|nitrate_activity=medium|pH_bin=missing|diluent_family=other|modifier_class=none|temperature_bin=ambient|contact_time_bin=missing|shaking_time_bin=missing|phase_ratio_bin=missing,0.1,1.0,20.0,25.0,planned,fill_5x_nitrate,,,
507be9f6716c,,65,Tb,3,CCCCCc1nnc(-c2cccc(-c3cccc(-c4nnc(CCCCC)c(CCCCC)n4)n3)n2)nc1CCCCC,CCCCCc1nnc(-c2cccc(-c3cccc(-c4nnc(CCCCC)c(CCCCC)n4)n3)n2)nc1CCCCC,"[6, 7, 20, 21, 34, 35, 36, 37]","[""N(aromatic)"", ""N(aromatic)"", ""N(aromatic)"", ""N(aromatic)"", ""N(aromatic)"", ""N(aromatic)"", ""N(aromatic)"", ""N(aromatic)""]",8,8,1,nitrate,nitrate,0,65|CCCCCc1nnc(-c2cccc(-c3cccc(-c4nnc(CCCCC)c(CCCCC)n4)n3)n2)nc1CCCCC|nitrate,16,3,acid_class=nitrate|acid_strength_bin=low|nitrate_activity=low|pH_bin=missing|diluent_family=aliphatic_hydrocarbon|modifier_class=none|temperature_bin=ambient|contact_time_bin=missing|shaking_time_bin=missing|phase_ratio_bin=missing;acid_class=nitrate|acid_strength_bin=medium|nitrate_activity=medium|pH_bin=missing|diluent_family=aliphatic_hydrocarbon|modifier_class=none|temperature_bin=ambient|contact_time_bin=missing|shaking_time_bin=missing|phase_ratio_bin=missing;acid_class=nitrate|acid_strength_bin=medium|nitrate_activity=medium|pH_bin=missing|diluent_family=other|modifier_class=none|temperature_bin=ambient|contact_time_bin=missing|shaking_time_bin=missing|phase_ratio_bin=missing,0.1,1.0,20.0,25.0,planned,fill_4x_nitrate,,,
250e4cef94d2,,67,Ho,3,CCCCCc1nnc(-c2cccc(-c3cccc(-c4nnc(CCCCC)c(CCCCC)n4)n3)n2)nc1CCCCC,CCCCCc1nnc(-c2cccc(-c3cccc(-c4nnc(CCCCC)c(CCCCC)n4)n3)n2)nc1CCCCC,"[6, 7, 20, 21, 34, 35, 36, 37]","[""N(aromatic)"", ""N(aromatic)"", ""N(aromatic)"", ""N(aromatic)"", ""N(aromatic)"", ""N(aromatic)"", ""N(aromatic)"", ""N(aromatic)""]",8,8,1,nitrate,nitrate,0,67|CCCCCc1nnc(-c2cccc(-c3cccc(-c4nnc(CCCCC)c(CCCCC)n4)n3)n2)nc1CCCCC|nitrate,16,3,acid_class=nitrate|acid_strength_bin=low|nitrate_activity=low|pH_bin=missing|diluent_family=aliphatic_hydrocarbon|modifier_class=none|temperature_bin=ambient|contact_time_bin=missing|shaking_time_bin=missing|phase_ratio_bin=missing;acid_class=nitrate|acid_strength_bin=medium|nitrate_activity=medium|pH_bin=missing|diluent_family=aliphatic_hydrocarbon|modifier_class=none|temperature_bin=ambient|contact_time_bin=missing|shaking_time_bin=missing|phase_ratio_bin=missing;acid_class=nitrate|acid_strength_bin=medium|nitrate_activity=medium|pH_bin=missing|diluent_family=other|modifier_class=none|temperature_bin=ambient|contact_time_bin=missing|shaking_time_bin=missing|phase_ratio_bin=missing,0.1,1.0,20.0,25.0,planned,fill_4x_nitrate,,,
bec89700cf93,,68,Er,3,CCCCCc1nnc(-c2cccc(-c3cccc(-c4nnc(CCCCC)c(CCCCC)n4)n3)n2)nc1CCCCC,CCCCCc1nnc(-c2cccc(-c3cccc(-c4nnc(CCCCC)c(CCCCC)n4)n3)n2)nc1CCCCC,"[6, 7, 20, 21, 34, 35, 36, 37]","[""N(aromatic)"", ""N(aromatic)"", ""N(aromatic)"", ""N(aromatic)"", ""N(aromatic)"", ""N(aromatic)"", ""N(aromatic)"", ""N(aromatic)""]",8,8,1,nitrate,nitrate,0,68|CCCCCc1nnc(-c2cccc(-c3cccc(-c4nnc(CCCCC)c(CCCCC)n4)n3)n2)nc1CCCCC|nitrate,16,3,acid_class=nitrate|acid_strength_bin=low|nitrate_activity=low|pH_bin=missing|diluent_family=aliphatic_hydrocarbon|modifier_class=none|temperature_bin=ambient|contact_time_bin=missing|shaking_time_bin=missing|phase_ratio_bin=missing;acid_class=nitrate|acid_strength_bin=medium|nitrate_activity=medium|pH_bin=missing|diluent_family=aliphatic_hydrocarbon|modifier_class=none|temperature_bin=ambient|contact_time_bin=missing|shaking_time_bin=missing|phase_ratio_bin=missing;acid_class=nitrate|acid_strength_bin=medium|nitrate_activity=medium|pH_bin=missing|diluent_family=other|modifier_class=none|temperature_bin=ambient|contact_time_bin=missing|shaking_time_bin=missing|phase_ratio_bin=missing,0.1,1.0,20.0,25.0,planned,fill_4x_nitrate,,,
2bda29f72b55,,70,Yb,3,CCCCCc1nnc(-c2cccc(-c3cccc(-c4nnc(CCCCC)c(CCCCC)n4)n3)n2)nc1CCCCC,CCCCCc1nnc(-c2cccc(-c3cccc(-c4nnc(CCCCC)c(CCCCC)n4)n3)n2)nc1CCCCC,"[6, 7, 20, 21, 34, 35, 36, 37]","[""N(aromatic)"", ""N(aromatic)"", ""N(aromatic)"", ""N(aromatic)"", ""N(aromatic)"", ""N(aromatic)"", ""N(aromatic)"", ""N(aromatic)""]",8,8,1,nitrate,nitrate,0,70|CCCCCc1nnc(-c2cccc(-c3cccc(-c4nnc(CCCCC)c(CCCCC)n4)n3)n2)nc1CCCCC|nitrate,16,3,acid_class=nitrate|acid_strength_bin=low|nitrate_activity=low|pH_bin=missing|diluent_family=aliphatic_hydrocarbon|modifier_class=none|temperature_bin=ambient|contact_time_bin=missing|shaking_time_bin=missing|phase_ratio_bin=missing;acid_class=nitrate|acid_strength_bin=medium|nitrate_activity=medium|pH_bin=missing|diluent_family=aliphatic_hydrocarbon|modifier_class=none|temperature_bin=ambient|contact_time_bin=missing|shaking_time_bin=missing|phase_ratio_bin=missing;acid_class=nitrate|acid_strength_bin=medium|nitrate_activity=medium|pH_bin=missing|diluent_family=other|modifier_class=none|temperature_bin=ambient|contact_time_bin=missing|shaking_time_bin=missing|phase_ratio_bin=missing,0.1,1.0,20.0,25.0,planned,fill_4x_nitrate,,,
ff2323ff5a7c,,71,Lu,3,CCCCCc1nnc(-c2cccc(-c3cccc(-c4nnc(CCCCC)c(CCCCC)n4)n3)n2)nc1CCCCC,CCCCCc1nnc(-c2cccc(-c3cccc(-c4nnc(CCCCC)c(CCCCC)n4)n3)n2)nc1CCCCC,"[6, 7, 20, 21, 34, 35, 36, 37]","[""N(aromatic)"", ""N(aromatic)"", ""N(aromatic)"", ""N(aromatic)"", ""N(aromatic)"", ""N(aromatic)"", ""N(aromatic)"", ""N(aromatic)""]",8,8,1,nitrate,nitrate,0,71|CCCCCc1nnc(-c2cccc(-c3cccc(-c4nnc(CCCCC)c(CCCCC)n4)n3)n2)nc1CCCCC|nitrate,16,3,acid_class=nitrate|acid_strength_bin=low|nitrate_activity=low|pH_bin=missing|diluent_family=aliphatic_hydrocarbon|modifier_class=none|temperature_bin=ambient|contact_time_bin=missing|shaking_time_bin=missing|phase_ratio_bin=missing;acid_class=nitrate|acid_strength_bin=medium|nitrate_activity=medium|pH_bin=missing|diluent_family=aliphatic_hydrocarbon|modifier_class=none|temperature_bin=ambient|contact_time_bin=missing|shaking_time_bin=missing|phase_ratio_bin=missing;acid_class=nitrate|acid_strength_bin=medium|nitrate_activity=medium|pH_bin=missing|diluent_family=other|modifier_class=none|temperature_bin=ambient|contact_time_bin=missing|shaking_time_bin=missing|phase_ratio_bin=missing,0.1,1.0,20.0,25.0,planned,fill_4x_nitrate,,,
7672a8a7b733,,68,Er,3,CCCCCCn1c(-c2ccccc2)c(-c2ccccc2)c2cc3ccc4cc5c(-c6ccccc6)c(-c6ccccc6)n(CCCCCC)c(=O)c5nc4c3nc2c1=O,CCCCCCn1c(-c2ccccc2)c(-c2ccccc2)c2cc3ccc4cc5c(-c6ccccc6)c(-c6ccccc6)n(CCCCCC)c(=O)c5nc4c3nc2c1=O,"[6, 43, 51, 53, 56, 59]","[""N(aromatic)"", ""N(aromatic)"", ""O(amide_carbonyl)"", ""N(aromatic)"", ""N(aromatic)"", ""O(amide_carbonyl)""]",6,8,1,water,water,2,68|CCCCCCn1c(-c2ccccc2)c(-c2ccccc2)c2cc3ccc4cc5c(-c6ccccc6)c(-c6ccccc6)n(CCCCCC)c(=O)c5nc4c3nc2c1=O|water,1,1,acid_class=chloride|acid_strength_bin=medium|nitrate_activity=none|pH_bin=missing|diluent_family=chlorinated|modifier_class=none|temperature_bin=ambient|contact_time_bin=missing|shaking_time_bin=missing|phase_ratio_bin=missing,0.9,0.9,25.0,25.0,planned,fill_4x_water,,,
e95e58f27630,,68,Er,3,CCCCCCn1c(-c2ccccc2)c(-c2ccccc2)c2cc3ccc4cc5c(-c6ccccc6)c(-c6ccccc6)n(CCCCCC)c(=O)c5nc4c3nc2c1=O,CCCCCCn1c(-c2ccccc2)c(-c2ccccc2)c2cc3ccc4cc5c(-c6ccccc6)c(-c6ccccc6)n(CCCCCC)c(=O)c5nc4c3nc2c1=O,"[6, 43, 51, 53, 56, 59]","[""N(aromatic)"", ""N(aromatic)"", ""O(amide_carbonyl)"", ""N(aromatic)"", ""N(aromatic)"", ""O(amide_carbonyl)""]",6,8,1,nitrate,nitrate,2,68|CCCCCCn1c(-c2ccccc2)c(-c2ccccc2)c2cc3ccc4cc5c(-c6ccccc6)c(-c6ccccc6)n(CCCCCC)c(=O)c5nc4c3nc2c1=O|nitrate,1,1,acid_class=nitrate|acid_strength_bin=medium|nitrate_activity=medium|pH_bin=missing|diluent_family=chlorinated|modifier_class=none|temperature_bin=ambient|contact_time_bin=missing|shaking_time_bin=missing|phase_ratio_bin=missing,0.9,0.9,25.0,25.0,planned,fill_4x_nitrate,,,
f2837669b392,,68,Er,3,CCCc1nnc(-c2cccc(-c3nnc(CCC)c(CCC)n3)n2)nc1CCC,CCCc1nnc(-c2cccc(-c3nnc(CCC)c(CCC)n3)n2)nc1CCC,"[4, 5, 13, 14, 23, 24, 25]","[""N(aromatic)"", ""N(aromatic)"", ""N(aromatic)"", ""N(aromatic)"", ""N(aromatic)"", ""N(aromatic)"", ""N(aromatic)""]",7,8,1,nitrate,nitrate,1,68|CCCc1nnc(-c2cccc(-c3nnc(CCC)c(CCC)n3)n2)nc1CCC|nitrate,1,1,acid_class=nitrate|acid_strength_bin=medium|nitrate_activity=medium|pH_bin=missing|diluent_family=aliphatic_hydrocarbon|modifier_class=none|temperature_bin=ambient|contact_time_bin=missing|shaking_time_bin=missing|phase_ratio_bin=missing,1.0,1.0,25.0,25.0,planned,ok,,,
c285dd3a90ba,,71,Lu,3,CCCc1nnc(-c2cccc(-c3nnc(CCC)c(CCC)n3)n2)nc1CCC,CCCc1nnc(-c2cccc(-c3nnc(CCC)c(CCC)n3)n2)nc1CCC,"[4, 5, 13, 14, 23, 24, 25]","[""N(aromatic)"", ""N(aromatic)"", ""N(aromatic)"", ""N(aromatic)"", ""N(aromatic)"", ""N(aromatic)"", ""N(aromatic)""]",7,8,1,nitrate,nitrate,1,71|CCCc1nnc(-c2cccc(-c3nnc(CCC)c(CCC)n3)n2)nc1CCC|nitrate,1,1,acid_class=nitrate|acid_strength_bin=medium|nitrate_activity=medium|pH_bin=missing|diluent_family=aliphatic_hydrocarbon|modifier_class=none|temperature_bin=ambient|contact_time_bin=missing|shaking_time_bin=missing|phase_ratio_bin=missing,1.0,1.0,25.0,25.0,planned,ok,,,
3721b0fce820,,70,Yb,3,CCCc1nnc(-c2cccc(-c3nnc(CCC)c(CCC)n3)n2)nc1CCC,CCCc1nnc(-c2cccc(-c3nnc(CCC)c(CCC)n3)n2)nc1CCC,"[4, 5, 13, 14, 23, 24, 25]","[""N(aromatic)"", ""N(aromatic)"", ""N(aromatic)"", ""N(aromatic)"", ""N(aromatic)"", ""N(aromatic)"", ""N(aromatic)""]",7,8,1,nitrate,nitrate,1,70|CCCc1nnc(-c2cccc(-c3nnc(CCC)c(CCC)n3)n2)nc1CCC|nitrate,1,1,acid_class=nitrate|acid_strength_bin=medium|nitrate_activity=medium|pH_bin=missing|diluent_family=aliphatic_hydrocarbon|modifier_class=none|temperature_bin=ambient|contact_time_bin=missing|shaking_time_bin=missing|phase_ratio_bin=missing,1.0,1.0,25.0,25.0,planned,ok,,,
d686408b6267,,69,Tm,3,CCCc1nnc(-c2cccc(-c3nnc(CCC)c(CCC)n3)n2)nc1CCC,CCCc1nnc(-c2cccc(-c3nnc(CCC)c(CCC)n3)n2)nc1CCC,"[4, 5, 13, 14, 23, 24, 25]","[""N(aromatic)"", ""N(aromatic)"", ""N(aromatic)"", ""N(aromatic)"", ""N(aromatic)"", ""N(aromatic)"", ""N(aromatic)""]",7,8,1,nitrate,nitrate,1,69|CCCc1nnc(-c2cccc(-c3nnc(CCC)c(CCC)n3)n2)nc1CCC|nitrate,1,1,acid_class=nitrate|acid_strength_bin=medium|nitrate_activity=medium|pH_bin=missing|diluent_family=aliphatic_hydrocarbon|modifier_class=none|temperature_bin=ambient|contact_time_bin=missing|shaking_time_bin=missing|phase_ratio_bin=missing,1.0,1.0,25.0,25.0,planned,ok,,,
a25c92c2c3c2,,67,Ho,3,CCCc1nnc(-c2cccc(-c3nnc(CCC)c(CCC)n3)n2)nc1CCC,CCCc1nnc(-c2cccc(-c3nnc(CCC)c(CCC)n3)n2)nc1CCC,"[4, 5, 13, 14, 23, 24, 25]","[""N(aromatic)"", ""N(aromatic)"", ""N(aromatic)"", ""N(aromatic)"", ""N(aromatic)"", ""N(aromatic)"", ""N(aromatic)""]",7,8,1,nitrate,nitrate,1,67|CCCc1nnc(-c2cccc(-c3nnc(CCC)c(CCC)n3)n2)nc1CCC|nitrate,1,1,acid_class=nitrate|acid_strength_bin=medium|nitrate_activity=medium|pH_bin=missing|diluent_family=aliphatic_hydrocarbon|modifier_class=none|temperature_bin=ambient|contact_time_bin=missing|shaking_time_bin=missing|phase_ratio_bin=missing,1.0,1.0,25.0,25.0,planned,ok,,,
edd1c598b6f5,,65,Tb,3,CCCc1nnc(-c2cccc(-c3nnc(CCC)c(CCC)n3)n2)nc1CCC,CCCc1nnc(-c2cccc(-c3nnc(CCC)c(CCC)n3)n2)nc1CCC,"[4, 5, 13, 14, 23, 24, 25]","[""N(aromatic)"", ""N(aromatic)"", ""N(aromatic)"", ""N(aromatic)"", ""N(aromatic)"", ""N(aromatic)"", ""N(aromatic)""]",7,8,1,nitrate,nitrate,1,65|CCCc1nnc(-c2cccc(-c3nnc(CCC)c(CCC)n3)n2)nc1CCC|nitrate,1,1,acid_class=nitrate|acid_strength_bin=medium|nitrate_activity=medium|pH_bin=missing|diluent_family=aliphatic_hydrocarbon|modifier_class=none|temperature_bin=ambient|contact_time_bin=missing|shaking_time_bin=missing|phase_ratio_bin=missing,1.0,1.0,25.0,25.0,planned,ok,,,
fc5e058253f6,,64,Gd,3,CCCc1nnc(-c2cccc(-c3nnc(CCC)c(CCC)n3)n2)nc1CCC,CCCc1nnc(-c2cccc(-c3nnc(CCC)c(CCC)n3)n2)nc1CCC,"[4, 5, 13, 14, 23, 24, 25]","[""N(aromatic)"", ""N(aromatic)"", ""N(aromatic)"", ""N(aromatic)"", ""N(aromatic)"", ""N(aromatic)"", ""N(aromatic)""]",7,9,1,nitrate,nitrate,2,64|CCCc1nnc(-c2cccc(-c3nnc(CCC)c(CCC)n3)n2)nc1CCC|nitrate,1,1,acid_class=nitrate|acid_strength_bin=medium|nitrate_activity=medium|pH_bin=missing|diluent_family=aliphatic_hydrocarbon|modifier_class=none|temperature_bin=ambient|contact_time_bin=missing|shaking_time_bin=missing|phase_ratio_bin=missing,1.0,1.0,25.0,25.0,planned,ok,,,
ca5af664bc2a,,62,Sm,3,CCCc1nnc(-c2cccc(-c3nnc(CCC)c(CCC)n3)n2)nc1CCC,CCCc1nnc(-c2cccc(-c3nnc(CCC)c(CCC)n3)n2)nc1CCC,"[4, 5, 13, 14, 23, 24, 25]","[""N(aromatic)"", ""N(aromatic)"", ""N(aromatic)"", ""N(aromatic)"", ""N(aromatic)"", ""N(aromatic)"", ""N(aromatic)""]",7,9,1,nitrate,nitrate,2,62|CCCc1nnc(-c2cccc(-c3nnc(CCC)c(CCC)n3)n2)nc1CCC|nitrate,1,1,acid_class=nitrate|acid_strength_bin=medium|nitrate_activity=medium|pH_bin=missing|diluent_family=aliphatic_hydrocarbon|modifier_class=none|temperature_bin=ambient|contact_time_bin=missing|shaking_time_bin=missing|phase_ratio_bin=missing,1.0,1.0,25.0,25.0,planned,ok,,,
4f3be724a7f9,,59,Pr,3,CCCc1nnc(-c2cccc(-c3nnc(CCC)c(CCC)n3)n2)nc1CCC,CCCc1nnc(-c2cccc(-c3nnc(CCC)c(CCC)n3)n2)nc1CCC,"[4, 5, 13, 14, 23, 24, 25]","[""N(aromatic)"", ""N(aromatic)"", ""N(aromatic)"", ""N(aromatic)"", ""N(aromatic)"", ""N(aromatic)"", ""N(aromatic)""]",7,9,1,nitrate,nitrate,2,59|CCCc1nnc(-c2cccc(-c3nnc(CCC)c(CCC)n3)n2)nc1CCC|nitrate,1,1,acid_class=nitrate|acid_strength_bin=medium|nitrate_activity=medium|pH_bin=missing|diluent_family=aliphatic_hydrocarbon|modifier_class=none|temperature_bin=ambient|contact_time_bin=missing|shaking_time_bin=missing|phase_ratio_bin=missing,1.0,1.0,25.0,25.0,planned,ok,,,
d7e8ec9f5e9d,,57,La,3,CCCc1nnc(-c2cccc(-c3nnc(CCC)c(CCC)n3)n2)nc1CCC,CCCc1nnc(-c2cccc(-c3nnc(CCC)c(CCC)n3)n2)nc1CCC,"[4, 5, 13, 14, 23, 24, 25]","[""N(aromatic)"", ""N(aromatic)"", ""N(aromatic)"", ""N(aromatic)"", ""N(aromatic)"", ""N(aromatic)"", ""N(aromatic)""]",7,9,1,nitrate,nitrate,2,57|CCCc1nnc(-c2cccc(-c3nnc(CCC)c(CCC)n3)n2)nc1CCC|nitrate,1,1,acid_class=nitrate|acid_strength_bin=medium|nitrate_activity=medium|pH_bin=missing|diluent_family=aliphatic_hydrocarbon|modifier_class=none|temperature_bin=ambient|contact_time_bin=missing|shaking_time_bin=missing|phase_ratio_bin=missing,1.0,1.0,25.0,25.0,planned,ok,,,
623b05528a11,,63,Eu,3,CCCc1nnc(-c2cccc(-c3nnc(CCC)c(CCC)n3)n2)nc1CCC,CCCc1nnc(-c2cccc(-c3nnc(CCC)c(CCC)n3)n2)nc1CCC,"[4, 5, 13, 14, 23, 24, 25]","[""N(aromatic)"", ""N(aromatic)"", ""N(aromatic)"", ""N(aromatic)"", ""N(aromatic)"", ""N(aromatic)"", ""N(aromatic)""]",7,9,1,nitrate,nitrate,2,63|CCCc1nnc(-c2cccc(-c3nnc(CCC)c(CCC)n3)n2)nc1CCC|nitrate,1,1,acid_class=nitrate|acid_strength_bin=medium|nitrate_activity=medium|pH_bin=missing|diluent_family=aliphatic_hydrocarbon|modifier_class=none|temperature_bin=ambient|contact_time_bin=missing|shaking_time_bin=missing|phase_ratio_bin=missing,1.0,1.0,25.0,25.0,planned,ok,,,
f6d91e19679c,,60,Nd,3,CCCc1nnc(-c2cccc(-c3nnc(CCC)c(CCC)n3)n2)nc1CCC,CCCc1nnc(-c2cccc(-c3nnc(CCC)c(CCC)n3)n2)nc1CCC,"[4, 5, 13, 14, 23, 24, 25]","[""N(aromatic)"", ""N(aromatic)"", ""N(aromatic)"", ""N(aromatic)"", ""N(aromatic)"", ""N(aromatic)"", ""N(aromatic)""]",7,9,1,nitrate,nitrate,2,60|CCCc1nnc(-c2cccc(-c3nnc(CCC)c(CCC)n3)n2)nc1CCC|nitrate,1,1,acid_class=nitrate|acid_strength_bin=medium|nitrate_activity=medium|pH_bin=missing|diluent_family=aliphatic_hydrocarbon|modifier_class=none|temperature_bin=ambient|contact_time_bin=missing|shaking_time_bin=missing|phase_ratio_bin=missing,1.0,1.0,25.0,25.0,planned,ok,,,
861bc1afc7af,,68,Er,3,c1cc2nc(c1)COc1ccccc1OCCOCCOc1ccccc1OC2,c1cc2nc(c1)COc1ccccc1OCCOCCOc1ccccc1OC2,"[3, 7, 14, 17, 20, 27]","[""N(aromatic)"", ""O(ether)"", ""O(ether)"", ""O(ether)"", ""O(ether)"", ""O(ether)""]",6,8,1,nitrate,nitrate,2,68|c1cc2nc(c1)COc1ccccc1OCCOCCOc1ccccc1OC2|nitrate,1,1,acid_class=nitrate|acid_strength_bin=medium|nitrate_activity=medium|pH_bin=missing|diluent_family=other|modifier_class=none|temperature_bin=ambient|contact_time_bin=missing|shaking_time_bin=missing|phase_ratio_bin=missing,1.0,1.0,25.0,25.0,planned,fill_2x_nitrate,,,
c49dc298becb,,68,Er,3,c1ccc2c(c1)OCCOCCOc1ccccc1OCCOCCO2,c1ccc2c(c1)OCCOCCOc1ccccc1OCCOCCO2,"[6, 9, 12, 19, 22, 25]","[""O(ether)"", ""O(ether)"", ""O(ether)"", ""O(ether)"", ""O(ether)"", ""O(ether)""]",6,8,1,nitrate,nitrate,2,68|c1ccc2c(c1)OCCOCCOc1ccccc1OCCOCCO2|nitrate,1,1,acid_class=nitrate|acid_strength_bin=medium|nitrate_activity=medium|pH_bin=missing|diluent_family=other|modifier_class=none|temperature_bin=ambient|contact_time_bin=missing|shaking_time_bin=missing|phase_ratio_bin=missing,1.0,1.0,25.0,25.0,planned,fill_2x_nitrate,,,
e15dd3ef134f,,68,Er,3,C1CCC2OCCOCCOC3CCCCC3OCCOCCOC2C1,C1CCC2OCCOCCOC3CCCCC3OCCOCCOC2C1,"[4, 7, 10, 17, 20, 23]","[""O(ether)"", ""O(ether)"", ""O(ether)"", ""O(ether)"", ""O(ether)"", ""O(ether)""]",6,8,1,nitrate,nitrate,2,68|C1CCC2OCCOCCOC3CCCCC3OCCOCCOC2C1|nitrate,1,1,acid_class=nitrate|acid_strength_bin=medium|nitrate_activity=medium|pH_bin=missing|diluent_family=other|modifier_class=none|temperature_bin=ambient|contact_time_bin=missing|shaking_time_bin=missing|phase_ratio_bin=missing,1.0,1.0,25.0,25.0,planned,fill_2x_nitrate,,,
b0690393d5ce,,63,Eu,3,CCCCN(CCCC)C(=O)COCC(=O)N(CCCC)CCCC,CCCCN(CCCC)C(=O)COCC(=O)N(CCCC)CCCC,"[10, 12, 15]","[""O(amide_carbonyl)"", ""O(ether)"", ""O(amide_carbonyl)""]",3,9,3,nitrate,nitrate,0,63|CCCCN(CCCC)C(=O)COCC(=O)N(CCCC)CCCC|nitrate,31,10,acid_class=nitrate|acid_strength_bin=high|nitrate_activity=high|pH_bin=missing|diluent_family=aliphatic_hydrocarbon|modifier_class=none|temperature_bin=ambient|contact_time_bin=short|shaking_time_bin=missing|phase_ratio_bin=missing;acid_class=nitrate|acid_strength_bin=high|nitrate_activity=high|pH_bin=missing|diluent_family=aromatic|modifier_class=none|temperature_bin=ambient|contact_time_bin=medium|shaking_time_bin=missing|phase_ratio_bin=missing;acid_class=nitrate|acid_strength_bin=high|nitrate_activity=high|pH_bin=missing|diluent_family=aromatic|modifier_class=none|temperature_bin=ambient|contact_time_bin=missing|shaking_time_bin=medium|phase_ratio_bin=missing;acid_class=nitrate|acid_strength_bin=low|nitrate_activity=low|pH_bin=missing|diluent_family=aromatic|modifier_class=none|temperature_bin=ambient|contact_time_bin=medium|shaking_time_bin=missing|phase_ratio_bin=missing;acid_class=nitrate|acid_strength_bin=low|nitrate_activity=low|pH_bin=missing|diluent_family=aromatic|modifier_class=none|temperature_bin=ambient|contact_time_bin=missing|shaking_time_bin=medium|phase_ratio_bin=missing,0.482051,3.0,22.0,43.0,planned,ok,,,
3ab984981feb,,63,Eu,3,CCCCCCCCN(CCCCCCCC)C(=O)[C@H](C)O[C@H](C)C(=O)N(CCCCCCCC)CCCCCCCC,CCCCCCCCN(CCCCCCCC)C(=O)[C@H](C)O[C@H](C)C(=O)N(CCCCCCCC)CCCCCCCC,"[18, 21, 25]","[""O(amide_carbonyl)"", ""O(ether)"", ""O(amide_carbonyl)""]",3,9,3,nitrate,nitrate,0,63|CCCCCCCCN(CCCCCCCC)C(=O)[C@H](C)O[C@H](C)C(=O)N(CCCCCCCC)CCCCCCCC|nitrate,1,1,acid_class=nitrate|acid_strength_bin=high|nitrate_activity=high|pH_bin=missing|diluent_family=aliphatic_hydrocarbon|modifier_class=none|temperature_bin=ambient|contact_time_bin=short|shaking_time_bin=missing|phase_ratio_bin=missing,4.3,4.3,22.0,22.0,planned,ok,,,
5e17d48e6b5d,,63,Eu,3,CN(C(=O)COCC(=O)N(C)c1ccccc1)c1ccccc1,CN(C(=O)COCC(=O)N(C)c1ccccc1)c1ccccc1,"[3, 5, 8]","[""O(amide_carbonyl)"", ""O(ether)"", ""O(amide_carbonyl)""]",3,9,3,nitrate,nitrate,0,63|CN(C(=O)COCC(=O)N(C)c1ccccc1)c1ccccc1|nitrate,6,5,acid_class=nitrate|acid_strength_bin=high|nitrate_activity=high|pH_bin=missing|diluent_family=chlorinated|modifier_class=none|temperature_bin=ambient|contact_time_bin=short|shaking_time_bin=missing|phase_ratio_bin=missing;acid_class=nitrate|acid_strength_bin=medium|nitrate_activity=medium|pH_bin=missing|diluent_family=aromatic|modifier_class=none|temperature_bin=ambient|contact_time_bin=medium|shaking_time_bin=missing|phase_ratio_bin=missing;acid_class=nitrate|acid_strength_bin=medium|nitrate_activity=medium|pH_bin=missing|diluent_family=aromatic|modifier_class=none|temperature_bin=ambient|contact_time_bin=short|shaking_time_bin=missing|phase_ratio_bin=missing;acid_class=nitrate|acid_strength_bin=medium|nitrate_activity=medium|pH_bin=missing|diluent_family=chlorinated|modifier_class=none|temperature_bin=ambient|contact_time_bin=medium|shaking_time_bin=missing|phase_ratio_bin=missing;acid_class=nitrate|acid_strength_bin=medium|nitrate_activity=medium|pH_bin=missing|diluent_family=other|modifier_class=none|temperature_bin=ambient|contact_time_bin=medium|shaking_time_bin=missing|phase_ratio_bin=missing,1.0,4.0,23.0,25.0,planned,ok,,,
69ec30d576fe,,63,Eu,3,CCCCCCN(CCCCCC)C(=O)COCC(=O)N1CCCC1,CCCCCCN(CCCCCC)C(=O)COCC(=O)N1CCCC1,"[14, 16, 19]","[""O(amide_carbonyl)"", ""O(ether)"", ""O(amide_carbonyl)""]",3,9,3,nitrate,nitrate,0,63|CCCCCCN(CCCCCC)C(=O)COCC(=O)N1CCCC1|nitrate,13,5,acid_class=nitrate|acid_strength_bin=low|nitrate_activity=low|pH_bin=missing|diluent_family=alcohol_modifier|modifier_class=none|temperature_bin=ambient|contact_time_bin=medium|shaking_time_bin=missing|phase_ratio_bin=missing;acid_class=nitrate|acid_strength_bin=medium|nitrate_activity=medium|pH_bin=missing|diluent_family=alcohol_modifier|modifier_class=none|temperature_bin=ambient|contact_time_bin=medium|shaking_time_bin=missing|phase_ratio_bin=missing;acid_class=nitrate|acid_strength_bin=medium|nitrate_activity=medium|pH_bin=missing|diluent_family=alcohol_modifier|modifier_class=none|temperature_bin=ambient|contact_time_bin=missing|shaking_time_bin=missing|phase_ratio_bin=missing;acid_class=nitrate|acid_strength_bin=medium|nitrate_activity=medium|pH_bin=missing|diluent_family=alcohol_modifier|modifier_class=none|temperature_bin=ambient|contact_time_bin=short|shaking_time_bin=missing|phase_ratio_bin=missing;acid_class=nitrate|acid_strength_bin=medium|nitrate_activity=medium|pH_bin=missing|diluent_family=alcohol_modifier|modifier_class=none|temperature_bin=ambient|contact_time_bin=very_short|shaking_time_bin=missing|phase_ratio_bin=missing,0.1,1.004,22.0,22.0,planned,ok,,,
cbaab9141d24,,63,Eu,3,CCCCCCN(CCCCCC)C(=O)COCC(=O)N1CCCCC1,CCCCCCN(CCCCCC)C(=O)COCC(=O)N1CCCCC1,"[14, 16, 19]","[""O(amide_carbonyl)"", ""O(ether)"", ""O(amide_carbonyl)""]",3,9,3,nitrate,nitrate,0,63|CCCCCCN(CCCCCC)C(=O)COCC(=O)N1CCCCC1|nitrate,7,2,acid_class=nitrate|acid_strength_bin=low|nitrate_activity=low|pH_bin=missing|diluent_family=alcohol_modifier|modifier_class=none|temperature_bin=ambient|contact_time_bin=medium|shaking_time_bin=missing|phase_ratio_bin=missing;acid_class=nitrate|acid_strength_bin=medium|nitrate_activity=medium|pH_bin=missing|diluent_family=alcohol_modifier|modifier_class=none|temperature_bin=ambient|contact_time_bin=medium|shaking_time_bin=missing|phase_ratio_bin=missing,0.1,1.004,22.0,22.0,planned,ok,,,
65b25391293d,,63,Eu,3,CCCCCCN(CCCCCC)C(=O)COCC(=O)N1CCOCC1,CCCCCCN(CCCCCC)C(=O)COCC(=O)N1CCOCC1,"[14, 16, 19, 23]","[""O(amide_carbonyl)"", ""O(ether)"", ""O(amide_carbonyl)"", ""O(ether)""]",4,9,2,nitrate,nitrate,1,63|CCCCCCN(CCCCCC)C(=O)COCC(=O)N1CCOCC1|nitrate,7,2,acid_class=nitrate|acid_strength_bin=low|nitrate_activity=low|pH_bin=missing|diluent_family=alcohol_modifier|modifier_class=none|temperature_bin=ambient|contact_time_bin=medium|shaking_time_bin=missing|phase_ratio_bin=missing;acid_class=nitrate|acid_strength_bin=medium|nitrate_activity=medium|pH_bin=missing|diluent_family=alcohol_modifier|modifier_class=none|temperature_bin=ambient|contact_time_bin=medium|shaking_time_bin=missing|phase_ratio_bin=missing,0.1,1.004,22.0,22.0,planned,ok,,,
dfc3c13eccab,,63,Eu,3,CCCCCCCCN(CCCCCCCC)C(=O)COCC(=O)N1CCCC1,CCCCCCCCN(CCCCCCCC)C(=O)COCC(=O)N1CCCC1,"[18, 20, 23]","[""O(amide_carbonyl)"", ""O(ether)"", ""O(amide_carbonyl)""]",3,9,3,nitrate,nitrate,0,63|CCCCCCCCN(CCCCCCCC)C(=O)COCC(=O)N1CCCC1|nitrate,14,5,acid_class=nitrate|acid_strength_bin=low|nitrate_activity=low|pH_bin=missing|diluent_family=alcohol_modifier|modifier_class=none|temperature_bin=ambient|contact_time_bin=medium|shaking_time_bin=missing|phase_ratio_bin=missing;acid_class=nitrate|acid_strength_bin=medium|nitrate_activity=medium|pH_bin=missing|diluent_family=alcohol_modifier|modifier_class=none|temperature_bin=ambient|contact_time_bin=medium|shaking_time_bin=missing|phase_ratio_bin=missing;acid_class=nitrate|acid_strength_bin=medium|nitrate_activity=medium|pH_bin=missing|diluent_family=alcohol_modifier|modifier_class=none|temperature_bin=ambient|contact_time_bin=missing|shaking_time_bin=missing|phase_ratio_bin=missing;acid_class=nitrate|acid_strength_bin=medium|nitrate_activity=medium|pH_bin=missing|diluent_family=alcohol_modifier|modifier_class=none|temperature_bin=ambient|contact_time_bin=short|shaking_time_bin=missing|phase_ratio_bin=missing;acid_class=nitrate|acid_strength_bin=medium|nitrate_activity=medium|pH_bin=missing|diluent_family=alcohol_modifier|modifier_class=none|temperature_bin=ambient|contact_time_bin=very_short|shaking_time_bin=missing|phase_ratio_bin=missing,0.0977526,1.004,22.0,22.0,planned,ok,,,
6956f042cf41,,63,Eu,3,CCCCCCCCN(CCCCCCCC)C(=O)COCC(=O)N1CCCCC1,CCCCCCCCN(CCCCCCCC)C(=O)COCC(=O)N1CCCCC1,"[18, 20, 23]","[""O(amide_carbonyl)"", ""O(ether)"", ""O(amide_carbonyl)""]",3,9,3,nitrate,nitrate,0,63|CCCCCCCCN(CCCCCCCC)C(=O)COCC(=O)N1CCCCC1|nitrate,10,3,acid_class=nitrate|acid_strength_bin=high|nitrate_activity=high|pH_bin=missing|diluent_family=alcohol_modifier|modifier_class=none|temperature_bin=ambient|contact_time_bin=medium|shaking_time_bin=missing|phase_ratio_bin=missing;acid_class=nitrate|acid_strength_bin=low|nitrate_activity=low|pH_bin=missing|diluent_family=alcohol_modifier|modifier_class=none|temperature_bin=ambient|contact_time_bin=medium|shaking_time_bin=missing|phase_ratio_bin=missing;acid_class=nitrate|acid_strength_bin=medium|nitrate_activity=medium|pH_bin=missing|diluent_family=alcohol_modifier|modifier_class=none|temperature_bin=ambient|contact_time_bin=medium|shaking_time_bin=missing|phase_ratio_bin=missing,0.0977526,3.01145,22.0,22.0,planned,ok,,,
973e13880b10,,63,Eu,3,CCCCCCCCN(CCCCCCCC)C(=O)COCC(=O)N1CCOCC1,CCCCCCCCN(CCCCCCCC)C(=O)COCC(=O)N1CCOCC1,"[18, 20, 23, 27]","[""O(amide_carbonyl)"", ""O(ether)"", ""O(amide_carbonyl)"", ""O(ether)""]",4,9,2,nitrate,nitrate,1,63|CCCCCCCCN(CCCCCCCC)C(=O)COCC(=O)N1CCOCC1|nitrate,10,3,acid_class=nitrate|acid_strength_bin=high|nitrate_activity=high|pH_bin=missing|diluent_family=alcohol_modifier|modifier_class=none|temperature_bin=ambient|contact_time_bin=medium|shaking_time_bin=missing|phase_ratio_bin=missing;acid_class=nitrate|acid_strength_bin=low|nitrate_activity=low|pH_bin=missing|diluent_family=alcohol_modifier|modifier_class=none|temperature_bin=ambient|contact_time_bin=medium|shaking_time_bin=missing|phase_ratio_bin=missing;acid_class=nitrate|acid_strength_bin=medium|nitrate_activity=medium|pH_bin=missing|diluent_family=alcohol_modifier|modifier_class=none|temperature_bin=ambient|contact_time_bin=medium|shaking_time_bin=missing|phase_ratio_bin=missing,0.0977526,3.01145,22.0,22.0,planned,ok,,,
89a0bef80c28,,63,Eu,3,CCCCCCCCN(CCCCCCCC)C(=O)COCC(=O)N1CCCC1,CCCCCCCCN(CCCCCCCC)C(=O)COCC(=O)N1CCCC1,"[18, 20, 23]","[""O(amide_carbonyl)"", ""O(ether)"", ""O(amide_carbonyl)""]",3,9,3,water,water,0,63|CCCCCCCCN(CCCCCCCC)C(=O)COCC(=O)N1CCCC1|water,2,2,acid_class=nitrate|acid_strength_bin=trace|nitrate_activity=trace|pH_bin=missing|diluent_family=alcohol_modifier|modifier_class=none|temperature_bin=ambient|contact_time_bin=medium|shaking_time_bin=missing|phase_ratio_bin=missing;acid_class=nitrate|acid_strength_bin=very_low|nitrate_activity=very_low|pH_bin=missing|diluent_family=alcohol_modifier|modifier_class=none|temperature_bin=ambient|contact_time_bin=medium|shaking_time_bin=missing|phase_ratio_bin=missing,0.00953388,0.024321,22.0,22.0,planned,ok,,,
8452882fd016,,63,Eu,3,CCCCCCCCN(CCCCCCCC)C(=O)COCC(=O)N1CCCCC1,CCCCCCCCN(CCCCCCCC)C(=O)COCC(=O)N1CCCCC1,"[18, 20, 23]","[""O(amide_carbonyl)"", ""O(ether)"", ""O(amide_carbonyl)""]",3,9,3,water,water,0,63|CCCCCCCCN(CCCCCCCC)C(=O)COCC(=O)N1CCCCC1|water,2,2,acid_class=nitrate|acid_strength_bin=trace|nitrate_activity=trace|pH_bin=missing|diluent_family=alcohol_modifier|modifier_class=none|temperature_bin=ambient|contact_time_bin=medium|shaking_time_bin=missing|phase_ratio_bin=missing;acid_class=nitrate|acid_strength_bin=very_low|nitrate_activity=very_low|pH_bin=missing|diluent_family=alcohol_modifier|modifier_class=none|temperature_bin=ambient|contact_time_bin=medium|shaking_time_bin=missing|phase_ratio_bin=missing,0.00962095,0.024321,22.0,22.0,planned,ok,,,
1df9841672b3,,63,Eu,3,CCCCCCCCN(CCCCCCCC)C(=O)COCC(=O)N1CCOCC1,CCCCCCCCN(CCCCCCCC)C(=O)COCC(=O)N1CCOCC1,"[18, 20, 23, 27]","[""O(amide_carbonyl)"", ""O(ether)"", ""O(amide_carbonyl)"", ""O(ether)""]",4,9,2,water,water,1,63|CCCCCCCCN(CCCCCCCC)C(=O)COCC(=O)N1CCOCC1|water,2,2,acid_class=nitrate|acid_strength_bin=trace|nitrate_activity=trace|pH_bin=missing|diluent_family=alcohol_modifier|modifier_class=none|temperature_bin=ambient|contact_time_bin=medium|shaking_time_bin=missing|phase_ratio_bin=missing;acid_class=nitrate|acid_strength_bin=very_low|nitrate_activity=very_low|pH_bin=missing|diluent_family=alcohol_modifier|modifier_class=none|temperature_bin=ambient|contact_time_bin=medium|shaking_time_bin=missing|phase_ratio_bin=missing,0.00962095,0.024321,22.0,22.0,planned,ok,,,
f4c272db6d7f,,63,Eu,3,CCCCCCN(CCCCCC)C(=O)COCC(=O)N1CCCC1,CCCCCCN(CCCCCC)C(=O)COCC(=O)N1CCCC1,"[14, 16, 19]","[""O(amide_carbonyl)"", ""O(ether)"", ""O(amide_carbonyl)""]",3,9,3,water,water,0,63|CCCCCCN(CCCCCC)C(=O)COCC(=O)N1CCCC1|water,1,1,acid_class=nitrate|acid_strength_bin=very_low|nitrate_activity=very_low|pH_bin=missing|diluent_family=alcohol_modifier|modifier_class=none|temperature_bin=ambient|contact_time_bin=medium|shaking_time_bin=missing|phase_ratio_bin=missing,0.01,0.01,22.0,22.0,planned,ok,,,
89a99631619b,,63,Eu,3,CCCCCCN(CCCCCC)C(=O)COCC(=O)N1CCCCC1,CCCCCCN(CCCCCC)C(=O)COCC(=O)N1CCCCC1,"[14, 16, 19]","[""O(amide_carbonyl)"", ""O(ether)"", ""O(amide_carbonyl)""]",3,9,3,water,water,0,63|CCCCCCN(CCCCCC)C(=O)COCC(=O)N1CCCCC1|water,1,1,acid_class=nitrate|acid_strength_bin=very_low|nitrate_activity=very_low|pH_bin=missing|diluent_family=alcohol_modifier|modifier_class=none|temperature_bin=ambient|contact_time_bin=medium|shaking_time_bin=missing|phase_ratio_bin=missing,0.01,0.01,22.0,22.0,planned,ok,,,
881269e891b6,,63,Eu,3,CCCCCCN(CCCCCC)C(=O)COCC(=O)N1CCOCC1,CCCCCCN(CCCCCC)C(=O)COCC(=O)N1CCOCC1,"[14, 16, 19, 23]","[""O(amide_carbonyl)"", ""O(ether)"", ""O(amide_carbonyl)"", ""O(ether)""]",4,9,2,water,water,1,63|CCCCCCN(CCCCCC)C(=O)COCC(=O)N1CCOCC1|water,1,1,acid_class=nitrate|acid_strength_bin=very_low|nitrate_activity=very_low|pH_bin=missing|diluent_family=alcohol_modifier|modifier_class=none|temperature_bin=ambient|contact_time_bin=medium|shaking_time_bin=missing|phase_ratio_bin=missing,0.01,0.01,22.0,22.0,planned,ok,,,
2dec4a230529,,63,Eu,3,CC(C)CN(CC(C)C)C(=O)COCC(=O)N(CC(C)C)CC(C)C,CC(C)CN(CC(C)C)C(=O)COCC(=O)N(CC(C)C)CC(C)C,"[10, 12, 15]","[""O(amide_carbonyl)"", ""O(ether)"", ""O(amide_carbonyl)""]",3,9,3,nitrate,nitrate,0,63|CC(C)CN(CC(C)C)C(=O)COCC(=O)N(CC(C)C)CC(C)C|nitrate,1,1,acid_class=nitrate|acid_strength_bin=medium|nitrate_activity=medium|pH_bin=missing|diluent_family=aromatic|modifier_class=none|temperature_bin=ambient|contact_time_bin=short|shaking_time_bin=missing|phase_ratio_bin=missing,1.5,1.5,25.0,25.0,planned,ok,,,
dc1c8a4299f0,,63,Eu,3,CCCCCCCCN(CC(C)C)C(=O)COCC(=O)N(CCCCCCCC)CC(C)C,CCCCCCCCN(CC(C)C)C(=O)COCC(=O)N(CCCCCCCC)CC(C)C,"[14, 16, 19]","[""O(amide_carbonyl)"", ""O(ether)"", ""O(amide_carbonyl)""]",3,9,3,nitrate,nitrate,0,63|CCCCCCCCN(CC(C)C)C(=O)COCC(=O)N(CCCCCCCC)CC(C)C|nitrate,1,1,acid_class=nitrate|acid_strength_bin=medium|nitrate_activity=medium|pH_bin=missing|diluent_family=aromatic|modifier_class=none|temperature_bin=ambient|contact_time_bin=short|shaking_time_bin=missing|phase_ratio_bin=missing,1.5,1.5,25.0,25.0,planned,ok,,,
4845cbe233b2,,63,Eu,3,CCCCCCCCN(CC(CC)CCCC)C(=O)COCC(=O)N(CCCCCCCC)CC(CC)CCCC,CCCCCCCCN(CC(CC)CCCC)C(=O)COCC(=O)N(CCCCCCCC)CC(CC)CCCC,"[18, 20, 23]","[""O(amide_carbonyl)"", ""O(ether)"", ""O(amide_carbonyl)""]",3,9,3,nitrate,nitrate,0,63|CCCCCCCCN(CC(CC)CCCC)C(=O)COCC(=O)N(CCCCCCCC)CC(CC)CCCC|nitrate,1,1,acid_class=nitrate|acid_strength_bin=medium|nitrate_activity=medium|pH_bin=missing|diluent_family=aromatic|modifier_class=none|temperature_bin=ambient|contact_time_bin=short|shaking_time_bin=missing|phase_ratio_bin=missing,1.5,1.5,25.0,25.0,planned,ok,,,
f8c89bfcafa6,,63,Eu,3,CCCCC(CC)CN(CC(CC)CCCC)C(=O)COCC(=O)N(CC(CC)CCCC)CC(CC)CCCC,CCCCC(CC)CN(CC(CC)CCCC)C(=O)COCC(=O)N(CC(CC)CCCC)CC(CC)CCCC,"[18, 20, 23]","[""O(amide_carbonyl)"", ""O(ether)"", ""O(amide_carbonyl)""]",3,9,3,water,water,0,63|CCCCC(CC)CN(CC(CC)CCCC)C(=O)COCC(=O)N(CC(CC)CCCC)CC(CC)CCCC|water,2,1,acid_class=chloride|acid_strength_bin=high|nitrate_activity=none|pH_bin=missing|diluent_family=aliphatic_hydrocarbon|modifier_class=none|temperature_bin=ambient|contact_time_bin=medium|shaking_time_bin=missing|phase_ratio_bin=missing,3.0,3.0,22.0,25.0,planned,ok,,,
3d04c2c215bc,,63,Eu,3,CCCCC(CC)CN(C)C(=O)COCC(=O)N(C)CC(CC)CCCC,CCCCC(CC)CN(C)C(=O)COCC(=O)N(C)CC(CC)CCCC,"[11, 13, 16]","[""O(amide_carbonyl)"", ""O(ether)"", ""O(amide_carbonyl)""]",3,9,3,water,water,0,63|CCCCC(CC)CN(C)C(=O)COCC(=O)N(C)CC(CC)CCCC|water,1,1,acid_class=chloride|acid_strength_bin=high|nitrate_activity=none|pH_bin=missing|diluent_family=aliphatic_hydrocarbon|modifier_class=none|temperature_bin=ambient|contact_time_bin=medium|shaking_time_bin=missing|phase_ratio_bin=missing,3.0,3.0,25.0,25.0,planned,ok,,,
611528cad430,,63,Eu,3,CCCCCCC(CCCC)CCCN(C)C(=O)COCC(=O)N(C)CCCC(CCCC)CCCCCC,CCCCCCC(CCCC)CCCN(C)C(=O)COCC(=O)N(C)CCCC(CCCC)CCCCCC,"[17, 19, 22]","[""O(amide_carbonyl)"", ""O(ether)"", ""O(amide_carbonyl)""]",3,9,3,water,water,0,63|CCCCCCC(CCCC)CCCN(C)C(=O)COCC(=O)N(C)CCCC(CCCC)CCCCCC|water,1,1,acid_class=chloride|acid_strength_bin=high|nitrate_activity=none|pH_bin=missing|diluent_family=aliphatic_hydrocarbon|modifier_class=none|temperature_bin=ambient|contact_time_bin=medium|shaking_time_bin=missing|phase_ratio_bin=missing,3.0,3.0,25.0,25.0,planned,ok,,,
c42c62569058,,63,Eu,3,CCCCCCCCN(CC)C(=O)COCC(=O)N(CC)CCCCCCCC,CCCCCCCCN(CC)C(=O)COCC(=O)N(CC)CCCCCCCC,"[12, 14, 17]","[""O(amide_carbonyl)"", ""O(ether)"", ""O(amide_carbonyl)""]",3,9,3,water,water,0,63|CCCCCCCCN(CC)C(=O)COCC(=O)N(CC)CCCCCCCC|water,1,1,acid_class=chloride|acid_strength_bin=high|nitrate_activity=none|pH_bin=missing|diluent_family=aliphatic_hydrocarbon|modifier_class=none|temperature_bin=ambient|contact_time_bin=medium|shaking_time_bin=missing|phase_ratio_bin=missing,3.0,3.0,25.0,25.0,planned,ok,,,
288717351ab4,,63,Eu,3,CCCCCCCCN(CCC)C(=O)COCC(=O)N(CCC)CCCCCCCC,CCCCCCCCN(CCC)C(=O)COCC(=O)N(CCC)CCCCCCCC,"[13, 15, 18]","[""O(amide_carbonyl)"", ""O(ether)"", ""O(amide_carbonyl)""]",3,9,3,water,water,0,63|CCCCCCCCN(CCC)C(=O)COCC(=O)N(CCC)CCCCCCCC|water,1,1,acid_class=chloride|acid_strength_bin=high|nitrate_activity=none|pH_bin=missing|diluent_family=aliphatic_hydrocarbon|modifier_class=none|temperature_bin=ambient|contact_time_bin=medium|shaking_time_bin=missing|phase_ratio_bin=missing,3.0,3.0,25.0,25.0,planned,ok,,,
11b5c5aa9ae3,,63,Eu,3,CCCCCCCCN(CCCCCCCC)C(=O)COCC(=O)N(C)C,CCCCCCCCN(CCCCCCCC)C(=O)COCC(=O)N(C)C,"[18, 20, 23]","[""O(amide_carbonyl)"", ""O(ether)"", ""O(amide_carbonyl)""]",3,9,3,water,water,0,63|CCCCCCCCN(CCCCCCCC)C(=O)COCC(=O)N(C)C|water,1,1,acid_class=chloride|acid_strength_bin=high|nitrate_activity=none|pH_bin=missing|diluent_family=aliphatic_hydrocarbon|modifier_class=none|temperature_bin=ambient|contact_time_bin=medium|shaking_time_bin=missing|phase_ratio_bin=missing,3.0,3.0,25.0,25.0,planned,ok,,,
fcc8b7852054,,63,Eu,3,CCCCCCCCN(C)C(=O)COCC(=O)N(CCCCCCCC)CCCCCCCC,CCCCCCCCN(C)C(=O)COCC(=O)N(CCCCCCCC)CCCCCCCC,"[11, 13, 16]","[""O(amide_carbonyl)"", ""O(ether)"", ""O(amide_carbonyl)""]",3,9,3,water,water,0,63|CCCCCCCCN(C)C(=O)COCC(=O)N(CCCCCCCC)CCCCCCCC|water,1,1,acid_class=chloride|acid_strength_bin=high|nitrate_activity=none|pH_bin=missing|diluent_family=aliphatic_hydrocarbon|modifier_class=none|temperature_bin=ambient|contact_time_bin=medium|shaking_time_bin=missing|phase_ratio_bin=missing,3.0,3.0,25.0,25.0,planned,ok,,,
b2eb8a1e67a0,,63,Eu,3,CCCCCCCCC(C)(C)SCC1CN(C(=O)COCC(=O)N2CC(C)C(CSC(C)(C)CCCCCCCC)C2)CC1C,CCCCCCCCC(C)(C)SCC1CN(C(=O)COCC(=O)N2CC(C)C(CSC(C)(C)CCCCCCCC)C2)CC1C,"[17, 19, 22]","[""O(amide_carbonyl)"", ""O(ether)"", ""O(amide_carbonyl)""]",3,9,3,water,water,0,63|CCCCCCCCC(C)(C)SCC1CN(C(=O)COCC(=O)N2CC(C)C(CSC(C)(C)CCCCCCCC)C2)CC1C|water,1,1,acid_class=chloride|acid_strength_bin=high|nitrate_activity=none|pH_bin=missing|diluent_family=aliphatic_hydrocarbon|modifier_class=none|temperature_bin=ambient|contact_time_bin=medium|shaking_time_bin=missing|phase_ratio_bin=missing,3.0,3.0,25.0,25.0,planned,ok,,,
26cecbefbbe2,,63,Eu,3,CCCCCCCCCCCCN(CCCCCCCC)C(=O)COCC(=O)N(CCCCCCCC)CCCCCCCCCCCC,CCCCCCCCCCCCN(CCCCCCCC)C(=O)COCC(=O)N(CCCCCCCC)CCCCCCCCCCCC,"[22, 24, 27]","[""O(amide_carbonyl)"", ""O(ether)"", ""O(amide_carbonyl)""]",3,9,3,water,water,0,63|CCCCCCCCCCCCN(CCCCCCCC)C(=O)COCC(=O)N(CCCCCCCC)CCCCCCCCCCCC|water,1,1,acid_class=chloride|acid_strength_bin=high|nitrate_activity=none|pH_bin=missing|diluent_family=aliphatic_hydrocarbon|modifier_class=none|temperature_bin=ambient|contact_time_bin=medium|shaking_time_bin=missing|phase_ratio_bin=missing,3.0,3.0,25.0,25.0,planned,ok,,,
d853ee339030,,63,Eu,3,CCCCCCCCN(CCC(C)CC(C)(C)C)C(=O)COCC(=O)N(CCCCCCCC)CCC(C)CC(C)(C)C,CCCCCCCCN(CCC(C)CC(C)(C)C)C(=O)COCC(=O)N(CCCCCCCC)CCC(C)CC(C)(C)C,"[19, 21, 24]","[""O(amide_carbonyl)"", ""O(ether)"", ""O(amide_carbonyl)""]",3,9,3,water,water,0,63|CCCCCCCCN(CCC(C)CC(C)(C)C)C(=O)COCC(=O)N(CCCCCCCC)CCC(C)CC(C)(C)C|water,1,1,acid_class=chloride|acid_strength_bin=high|nitrate_activity=none|pH_bin=missing|diluent_family=aliphatic_hydrocarbon|modifier_class=none|temperature_bin=ambient|contact_time_bin=medium|shaking_time_bin=missing|phase_ratio_bin=missing,3.0,3.0,25.0,25.0,planned,ok,,,
f55824b32885,,63,Eu,3,CCCCCCCCN(CCCC(CCCC)CCCCCC)C(=O)COCC(=O)N(CCCCCCCC)CCCC(CCCC)CCCCCC,CCCCCCCCN(CCCC(CCCC)CCCCCC)C(=O)COCC(=O)N(CCCCCCCC)CCCC(CCCC)CCCCCC,"[24, 26, 29]","[""O(amide_carbonyl)"", ""O(ether)"", ""O(amide_carbonyl)""]",3,9,3,water,water,0,63|CCCCCCCCN(CCCC(CCCC)CCCCCC)C(=O)COCC(=O)N(CCCCCCCC)CCCC(CCCC)CCCCCC|water,1,1,acid_class=chloride|acid_strength_bin=high|nitrate_activity=none|pH_bin=missing|diluent_family=aliphatic_hydrocarbon|modifier_class=none|temperature_bin=ambient|contact_time_bin=medium|shaking_time_bin=missing|phase_ratio_bin=missing,3.0,3.0,25.0,25.0,planned,ok,,,
f27594aadde3,,63,Eu,3,CCCCCCCCN(CCCCC(C)CCCC(C)C)C(=O)COCC(=O)N(CCCCCCCC)CCCCC(C)CCCC(C)C,CCCCCCCCN(CCCCC(C)CCCC(C)C)C(=O)COCC(=O)N(CCCCCCCC)CCCCC(C)CCCC(C)C,"[22, 24, 27]","[""O(amide_carbonyl)"", ""O(ether)"", ""O(amide_carbonyl)""]",3,9,3,water,water,0,63|CCCCCCCCN(CCCCC(C)CCCC(C)C)C(=O)COCC(=O)N(CCCCCCCC)CCCCC(C)CCCC(C)C|water,1,1,acid_class=chloride|acid_strength_bin=high|nitrate_activity=none|pH_bin=missing|diluent_family=aliphatic_hydrocarbon|modifier_class=none|temperature_bin=ambient|contact_time_bin=medium|shaking_time_bin=missing|phase_ratio_bin=missing,3.0,3.0,25.0,25.0,planned,ok,,,
9caebdec8648,,63,Eu,3,CCCCCCCCN(CCCCCCCC)C(=O)COCC(=O)NCCc1c(CC)c(CCNC(=O)COCC(=O)N(CCCCCCCC)CCCCCCCC)c(CC)c(CCNC(=O)COCC(=O)N(CCCCCCCC)CCCCCCCC)c1CC,CCCCCCCCN(CCCCCCCC)C(=O)COCC(=O)NCCc1c(CC)c(CCNC(=O)COCC(=O)N(CCCCCCCC)CCCCCCCC)c(CC)c(CCNC(=O)COCC(=O)N(CCCCCCCC)CCCCCCCC)c1CC,"[18, 20, 23]","[""O(amide_carbonyl)"", ""O(ether)"", ""O(amide_carbonyl)""]",3,9,3,water,water,0,63|CCCCCCCCN(CCCCCCCC)C(=O)COCC(=O)NCCc1c(CC)c(CCNC(=O)COCC(=O)N(CCCCCCCC)CCCCCCCC)c(CC)c(CCNC(=O)COCC(=O)N(CCCCCCCC)CCCCCCCC)c1CC|water,1,1,acid_class=nitrate|acid_strength_bin=very_low|nitrate_activity=very_low|pH_bin=missing|diluent_family=ionic_liquid|modifier_class=none|temperature_bin=ambient|contact_time_bin=long|shaking_time_bin=missing|phase_ratio_bin=missing,0.0122699,0.0122699,25.0,25.0,planned,ok,,,
5e8f5789b5fd,,63,Eu,3,CCCCCCCCN(CCCCCCCC)C(=O)COCC(=O)NCCCOc1cc(OCCCNC(=O)COCC(=O)N(CCCCCCCC)CCCCCCCC)cc(OCCCNC(=O)COCC(=O)N(CCCCCCCC)CCCCCCCC)c1,CCCCCCCCN(CCCCCCCC)C(=O)COCC(=O)NCCCOc1cc(OCCCNC(=O)COCC(=O)N(CCCCCCCC)CCCCCCCC)cc(OCCCNC(=O)COCC(=O)N(CCCCCCCC)CCCCCCCC)c1,"[18, 20, 23]","[""O(amide_carbonyl)"", ""O(ether)"", ""O(amide_carbonyl)""]",3,9,3,water,water,0,63|CCCCCCCCN(CCCCCCCC)C(=O)COCC(=O)NCCCOc1cc(OCCCNC(=O)COCC(=O)N(CCCCCCCC)CCCCCCCC)cc(OCCCNC(=O)COCC(=O)N(CCCCCCCC)CCCCCCCC)c1|water,1,1,acid_class=nitrate|acid_strength_bin=very_low|nitrate_activity=very_low|pH_bin=missing|diluent_family=ionic_liquid|modifier_class=none|temperature_bin=ambient|contact_time_bin=long|shaking_time_bin=missing|phase_ratio_bin=missing,0.0122699,0.0122699,25.0,25.0,planned,ok,,,
1f306743dfde,,63,Eu,3,CCCCCCCCN(C)C(=O)COCC(=O)N(C)CCCCCCCC,CCCCCCCCN(C)C(=O)COCC(=O)N(C)CCCCCCCC,"[11, 13, 16]","[""O(amide_carbonyl)"", ""O(ether)"", ""O(amide_carbonyl)""]",3,9,3,water,water,0,63|CCCCCCCCN(C)C(=O)COCC(=O)N(C)CCCCCCCC|water,2,1,acid_class=chloride|acid_strength_bin=high|nitrate_activity=none|pH_bin=missing|diluent_family=aliphatic_hydrocarbon|modifier_class=none|temperature_bin=ambient|contact_time_bin=medium|shaking_time_bin=missing|phase_ratio_bin=missing,3.0,3.0,22.0,22.0,planned,ok,,,
f2bec3b5bee8,,63,Eu,3,COCCN(CCOC)C(=O)COCC(=O)N(CCOC)CCOC,COCCN(CCOC)C(=O)COCC(=O)N(CCOC)CCOC,"[1, 7, 10, 12, 15, 19, 23]","[""O(ether)"", ""O(ether)"", ""O(amide_carbonyl)"", ""O(ether)"", ""O(amide_carbonyl)"", ""O(ether)"", ""O(ether)""]",7,9,1,water,water,2,63|COCCN(CCOC)C(=O)COCC(=O)N(CCOC)CCOC|water,1,1,acid_class=chloride|acid_strength_bin=high|nitrate_activity=none|pH_bin=missing|diluent_family=aliphatic_hydrocarbon|modifier_class=none|temperature_bin=ambient|contact_time_bin=medium|shaking_time_bin=missing|phase_ratio_bin=missing,3.0,3.0,22.0,22.0,planned,ok,,,
102814b0efc1,,63,Eu,3,CCCCCCCCN(CCCCCCCC)C(=O)COCC(=O)NCc1cccc(CNC(=O)COCC(=O)N(CCCCCCCC)CCCCCCCC)c1,CCCCCCCCN(CCCCCCCC)C(=O)COCC(=O)NCc1cccc(CNC(=O)COCC(=O)N(CCCCCCCC)CCCCCCCC)c1,"[18, 20, 23]","[""O(amide_carbonyl)"", ""O(ether)"", ""O(amide_carbonyl)""]",3,9,3,nitrate,nitrate,0,63|CCCCCCCCN(CCCCCCCC)C(=O)COCC(=O)NCc1cccc(CNC(=O)COCC(=O)N(CCCCCCCC)CCCCCCCC)c1|nitrate,35,9,acid_class=nitrate|acid_strength_bin=high|nitrate_activity=high|pH_bin=missing|diluent_family=alcohol_modifier|modifier_class=none|temperature_bin=ambient|contact_time_bin=short|shaking_time_bin=missing|phase_ratio_bin=missing;acid_class=nitrate|acid_strength_bin=high|nitrate_activity=high|pH_bin=missing|diluent_family=aliphatic_hydrocarbon|modifier_class=none|temperature_bin=ambient|contact_time_bin=short|shaking_time_bin=missing|phase_ratio_bin=missing;acid_class=nitrate|acid_strength_bin=high|nitrate_activity=high|pH_bin=missing|diluent_family=aliphatic_hydrocarbon|modifier_class=none|temperature_bin=ambient|contact_time_bin=very_short|shaking_time_bin=missing|phase_ratio_bin=missing;acid_class=nitrate|acid_strength_bin=low|nitrate_activity=low|pH_bin=missing|diluent_family=alcohol_modifier|modifier_class=none|temperature_bin=ambient|contact_time_bin=short|shaking_time_bin=missing|phase_ratio_bin=missing;acid_class=nitrate|acid_strength_bin=low|nitrate_activity=low|pH_bin=missing|diluent_family=aliphatic_hydrocarbon|modifier_class=none|temperature_bin=ambient|contact_time_bin=short|shaking_time_bin=missing|phase_ratio_bin=missing,0.0524017,6.70742,22.0,22.0,planned,ok,,,
bdc61b13a8a3,,63,Eu,3,CCCCCCCCN(CCCCCCCC)C(=O)COCC(=O)NCc1ccc(CNC(=O)COCC(=O)N(CCCCCCCC)CCCCCCCC)cc1,CCCCCCCCN(CCCCCCCC)C(=O)COCC(=O)NCc1ccc(CNC(=O)COCC(=O)N(CCCCCCCC)CCCCCCCC)cc1,"[18, 20, 23]","[""O(amide_carbonyl)"", ""O(ether)"", ""O(amide_carbonyl)""]",3,9,3,nitrate,nitrate,0,63|CCCCCCCCN(CCCCCCCC)C(=O)COCC(=O)NCc1ccc(CNC(=O)COCC(=O)N(CCCCCCCC)CCCCCCCC)cc1|nitrate,9,2,acid_class=nitrate|acid_strength_bin=high|nitrate_activity=high|pH_bin=missing|diluent_family=aliphatic_hydrocarbon|modifier_class=none|temperature_bin=ambient|contact_time_bin=short|shaking_time_bin=missing|phase_ratio_bin=missing;acid_class=nitrate|acid_strength_bin=high|nitrate_activity=high|pH_bin=missing|diluent_family=aliphatic_hydrocarbon|modifier_class=none|temperature_bin=ambient|contact_time_bin=very_short|shaking_time_bin=missing|phase_ratio_bin=missing,3.0,3.0,22.0,22.0,planned,ok,,,
1567f4f803ce,,63,Eu,3,CCCCCCCCN(CCCCCCCC)C(=O)COCC(=O)NCCCOCCCNC(=O)COCC(=O)N(CCCCCCCC)CCCCCCCC,CCCCCCCCN(CCCCCCCC)C(=O)COCC(=O)NCCCOCCCNC(=O)COCC(=O)N(CCCCCCCC)CCCCCCCC,"[18, 20, 23]","[""O(amide_carbonyl)"", ""O(ether)"", ""O(amide_carbonyl)""]",3,9,3,nitrate,nitrate,0,63|CCCCCCCCN(CCCCCCCC)C(=O)COCC(=O)NCCCOCCCNC(=O)COCC(=O)N(CCCCCCCC)CCCCCCCC|nitrate,23,5,acid_class=nitrate|acid_strength_bin=high|nitrate_activity=high|pH_bin=missing|diluent_family=aliphatic_hydrocarbon|modifier_class=none|temperature_bin=ambient|contact_time_bin=short|shaking_time_bin=missing|phase_ratio_bin=missing;acid_class=nitrate|acid_strength_bin=high|nitrate_activity=high|pH_bin=missing|diluent_family=aliphatic_hydrocarbon|modifier_class=none|temperature_bin=ambient|contact_time_bin=very_short|shaking_time_bin=missing|phase_ratio_bin=missing;acid_class=nitrate|acid_strength_bin=low|nitrate_activity=low|pH_bin=missing|diluent_family=aliphatic_hydrocarbon|modifier_class=none|temperature_bin=ambient|contact_time_bin=short|shaking_time_bin=missing|phase_ratio_bin=missing;acid_class=nitrate|acid_strength_bin=medium|nitrate_activity=medium|pH_bin=missing|diluent_family=aliphatic_hydrocarbon|modifier_class=none|temperature_bin=ambient|contact_time_bin=short|shaking_time_bin=missing|phase_ratio_bin=missing;acid_class=nitrate|acid_strength_bin=very_high|nitrate_activity=very_high|pH_bin=missing|diluent_family=aliphatic_hydrocarbon|modifier_class=none|temperature_bin=ambient|contact_time_bin=short|shaking_time_bin=missing|phase_ratio_bin=missing,0.0511696,6.69298,22.0,22.0,planned,ok,,,
b1bab48b743d,,63,Eu,3,CCCCCCCCN(CCCCCCCC)C(=O)COCC(=O)NCc1cccc(CNC(=O)COCC(=O)N(CCCCCCCC)CCCCCCCC)c1,CCCCCCCCN(CCCCCCCC)C(=O)COCC(=O)NCc1cccc(CNC(=O)COCC(=O)N(CCCCCCCC)CCCCCCCC)c1,"[18, 20, 23]","[""O(amide_carbonyl)"", ""O(ether)"", ""O(amide_carbonyl)""]",3,9,3,water,water,0,63|CCCCCCCCN(CCCCCCCC)C(=O)COCC(=O)NCc1cccc(CNC(=O)COCC(=O)N(CCCCCCCC)CCCCCCCC)c1|water,2,2,acid_class=nitrate|acid_strength_bin=very_low|nitrate_activity=very_low|pH_bin=missing|diluent_family=alcohol_modifier|modifier_class=none|temperature_bin=ambient|contact_time_bin=short|shaking_time_bin=missing|phase_ratio_bin=missing;acid_class=nitrate|acid_strength_bin=very_low|nitrate_activity=very_low|pH_bin=missing|diluent_family=aliphatic_hydrocarbon|modifier_class=none|temperature_bin=ambient|contact_time_bin=short|shaking_time_bin=missing|phase_ratio_bin=missing,0.0465793,0.0465793,22.0,22.0,planned,ok,,,
edb5c2a0f205,,63,Eu,3,CCCCCCCCN(CCCCCCCC)C(=O)COCC(=O)NCCCCCCCNC(=O)COCC(=O)N(CCCCCCCC)CCCCCCCC,CCCCCCCCN(CCCCCCCC)C(=O)COCC(=O)NCCCCCCCNC(=O)COCC(=O)N(CCCCCCCC)CCCCCCCC,"[18, 20, 23]","[""O(amide_carbonyl)"", ""O(ether)"", ""O(amide_carbonyl)""]",3,9,3,nitrate,nitrate,0,63|CCCCCCCCN(CCCCCCCC)C(=O)COCC(=O)NCCCCCCCNC(=O)COCC(=O)N(CCCCCCCC)CCCCCCCC|nitrate,11,4,acid_class=nitrate|acid_strength_bin=high|nitrate_activity=high|pH_bin=missing|diluent_family=aliphatic_hydrocarbon|modifier_class=none|temperature_bin=ambient|contact_time_bin=short|shaking_time_bin=missing|phase_ratio_bin=missing;acid_class=nitrate|acid_strength_bin=low|nitrate_activity=low|pH_bin=missing|diluent_family=aliphatic_hydrocarbon|modifier_class=none|temperature_bin=ambient|contact_time_bin=short|shaking_time_bin=missing|phase_ratio_bin=missing;acid_class=nitrate|acid_strength_bin=medium|nitrate_activity=medium|pH_bin=missing|diluent_family=aliphatic_hydrocarbon|modifier_class=none|temperature_bin=ambient|contact_time_bin=short|shaking_time_bin=missing|phase_ratio_bin=missing;acid_class=nitrate|acid_strength_bin=very_high|nitrate_activity=very_high|pH_bin=missing|diluent_family=aliphatic_hydrocarbon|modifier_class=none|temperature_bin=ambient|contact_time_bin=short|shaking_time_bin=missing|phase_ratio_bin=missing,0.0562866,6.69298,22.0,22.0,planned,ok,,,
82d3d05875a8,,63,Eu,3,CCCCN(CCCC)C(=O)COCC(=O)NCc1cccc(CNC(=O)COCC(=O)N(CCCC)CCCC)c1,CCCCN(CCCC)C(=O)COCC(=O)NCc1cccc(CNC(=O)COCC(=O)N(CCCC)CCCC)c1,"[10, 12, 15]","[""O(amide_carbonyl)"", ""O(ether)"", ""O(amide_carbonyl)""]",3,9,3,nitrate,nitrate,0,63|CCCCN(CCCC)C(=O)COCC(=O)NCc1cccc(CNC(=O)COCC(=O)N(CCCC)CCCC)c1|nitrate,1,1,acid_class=nitrate|acid_strength_bin=high|nitrate_activity=high|pH_bin=missing|diluent_family=aliphatic_hydrocarbon|modifier_class=none|temperature_bin=ambient|contact_time_bin=short|shaking_time_bin=missing|phase_ratio_bin=missing,3.0,3.0,22.0,22.0,planned,ok,,,
ec36e99efff5,,63,Eu,3,CCCCCCCCN(C)C(=O)COCC(=O)NCc1cccc(CNC(=O)COCC(=O)N(C)CCCCCCCC)c1,CCCCCCCCN(C)C(=O)COCC(=O)NCc1cccc(CNC(=O)COCC(=O)N(C)CCCCCCCC)c1,"[11, 13, 16]","[""O(amide_carbonyl)"", ""O(ether)"", ""O(amide_carbonyl)""]",3,9,3,nitrate,nitrate,0,63|CCCCCCCCN(C)C(=O)COCC(=O)NCc1cccc(CNC(=O)COCC(=O)N(C)CCCCCCCC)c1|nitrate,1,1,acid_class=nitrate|acid_strength_bin=high|nitrate_activity=high|pH_bin=missing|diluent_family=aliphatic_hydrocarbon|modifier_class=none|temperature_bin=ambient|contact_time_bin=short|shaking_time_bin=missing|phase_ratio_bin=missing,3.0,3.0,22.0,22.0,planned,ok,,,
f6f2a2b1f613,,63,Eu,3,CC(C)CCN(CCC(C)C)C(=O)COCC(=O)NCc1cccc(CNC(=O)COCC(=O)N(CCC(C)C)CCC(C)C)c1,CC(C)CCN(CCC(C)C)C(=O)COCC(=O)NCc1cccc(CNC(=O)COCC(=O)N(CCC(C)C)CCC(C)C)c1,"[12, 14, 17]","[""O(amide_carbonyl)"", ""O(ether)"", ""O(amide_carbonyl)""]",3,9,3,nitrate,nitrate,0,63|CC(C)CCN(CCC(C)C)C(=O)COCC(=O)NCc1cccc(CNC(=O)COCC(=O)N(CCC(C)C)CCC(C)C)c1|nitrate,1,1,acid_class=nitrate|acid_strength_bin=high|nitrate_activity=high|pH_bin=missing|diluent_family=aliphatic_hydrocarbon|modifier_class=none|temperature_bin=ambient|contact_time_bin=short|shaking_time_bin=missing|phase_ratio_bin=missing,3.0,3.0,22.0,22.0,planned,ok,,,
53cb1f844381,,63,Eu,3,CCCCCCOc1cc(CNC(=O)COCC(=O)N(CCCC)CCCC)cc(CNC(=O)COCC(=O)N(CCCC)CCCC)c1,CCCCCCOc1cc(CNC(=O)COCC(=O)N(CCCC)CCCC)cc(CNC(=O)COCC(=O)N(CCCC)CCCC)c1,"[13, 15, 18]","[""O(amide_carbonyl)"", ""O(ether)"", ""O(amide_carbonyl)""]",3,9,3,nitrate,nitrate,0,63|CCCCCCOc1cc(CNC(=O)COCC(=O)N(CCCC)CCCC)cc(CNC(=O)COCC(=O)N(CCCC)CCCC)c1|nitrate,1,1,acid_class=nitrate|acid_strength_bin=high|nitrate_activity=high|pH_bin=missing|diluent_family=aliphatic_hydrocarbon|modifier_class=none|temperature_bin=ambient|contact_time_bin=short|shaking_time_bin=missing|phase_ratio_bin=missing,3.0,3.0,22.0,22.0,planned,ok,,,
16c7c8951ba2,,63,Eu,3,CCCCCCCCCCCCOc1cc(CNC(=O)COCC(=O)N(CCCC)CCCC)cc(CNC(=O)COCC(=O)N(CCCC)CCCC)c1,CCCCCCCCCCCCOc1cc(CNC(=O)COCC(=O)N(CCCC)CCCC)cc(CNC(=O)COCC(=O)N(CCCC)CCCC)c1,"[19, 21, 24]","[""O(amide_carbonyl)"", ""O(ether)"", ""O(amide_carbonyl)""]",3,9,3,nitrate,nitrate,0,63|CCCCCCCCCCCCOc1cc(CNC(=O)COCC(=O)N(CCCC)CCCC)cc(CNC(=O)COCC(=O)N(CCCC)CCCC)c1|nitrate,1,1,acid_class=nitrate|acid_strength_bin=high|nitrate_activity=high|pH_bin=missing|diluent_family=aliphatic_hydrocarbon|modifier_class=none|temperature_bin=ambient|contact_time_bin=short|shaking_time_bin=missing|phase_ratio_bin=missing,3.0,3.0,22.0,22.0,planned,ok,,,
c25357ab689e,,63,Eu,3,CCCCCC(C)Oc1cc(CNC(=O)COCC(=O)N(CCCC)CCCC)cc(CNC(=O)COCC(=O)N(CCCC)CCCC)c1,CCCCCC(C)Oc1cc(CNC(=O)COCC(=O)N(CCCC)CCCC)cc(CNC(=O)COCC(=O)N(CCCC)CCCC)c1,"[14, 16, 19]","[""O(amide_carbonyl)"", ""O(ether)"", ""O(amide_carbonyl)""]",3,9,3,nitrate,nitrate,0,63|CCCCCC(C)Oc1cc(CNC(=O)COCC(=O)N(CCCC)CCCC)cc(CNC(=O)COCC(=O)N(CCCC)CCCC)c1|nitrate,1,1,acid_class=nitrate|acid_strength_bin=high|nitrate_activity=high|pH_bin=missing|diluent_family=aliphatic_hydrocarbon|modifier_class=none|temperature_bin=ambient|contact_time_bin=short|shaking_time_bin=missing|phase_ratio_bin=missing,3.0,3.0,22.0,22.0,planned,ok,,,
b81a4e01a33f,,63,Eu,3,CCCCCCCCN(C)C(=O)COCC(=O)N(C)Cc1cccc(CN(C)C(=O)COCC(=O)N(C)CCCCCCCC)c1,CCCCCCCCN(C)C(=O)COCC(=O)N(C)Cc1cccc(CN(C)C(=O)COCC(=O)N(C)CCCCCCCC)c1,"[11, 13, 16]","[""O(amide_carbonyl)"", ""O(ether)"", ""O(amide_carbonyl)""]",3,9,3,nitrate,nitrate,0,63|CCCCCCCCN(C)C(=O)COCC(=O)N(C)Cc1cccc(CN(C)C(=O)COCC(=O)N(C)CCCCCCCC)c1|nitrate,1,1,acid_class=nitrate|acid_strength_bin=high|nitrate_activity=high|pH_bin=missing|diluent_family=aliphatic_hydrocarbon|modifier_class=none|temperature_bin=ambient|contact_time_bin=short|shaking_time_bin=missing|phase_ratio_bin=missing,3.0,3.0,22.0,22.0,planned,ok,,,
9c6735a06e2b,,63,Eu,3,CCCCN(CCCC)C(=O)COCC(=O)NCCCCCNC(=O)COCC(=O)N(CCCC)CCCC,CCCCN(CCCC)C(=O)COCC(=O)NCCCCCNC(=O)COCC(=O)N(CCCC)CCCC,"[10, 12, 15]","[""O(amide_carbonyl)"", ""O(ether)"", ""O(amide_carbonyl)""]",3,9,3,nitrate,nitrate,0,63|CCCCN(CCCC)C(=O)COCC(=O)NCCCCCNC(=O)COCC(=O)N(CCCC)CCCC|nitrate,1,1,acid_class=nitrate|acid_strength_bin=high|nitrate_activity=high|pH_bin=missing|diluent_family=other|modifier_class=none|temperature_bin=ambient|contact_time_bin=short|shaking_time_bin=missing|phase_ratio_bin=missing,3.0,3.0,22.0,22.0,planned,ok,,,
9ce4f4d1c0d5,,63,Eu,3,CCCCCCCCN(CCCCCCCC)C(=O)COCC(=O)NCCCCCNC(=O)COCC(=O)N(CCCCCCCC)CCCCCCCC,CCCCCCCCN(CCCCCCCC)C(=O)COCC(=O)NCCCCCNC(=O)COCC(=O)N(CCCCCCCC)CCCCCCCC,"[18, 20, 23]","[""O(amide_carbonyl)"", ""O(ether)"", ""O(amide_carbonyl)""]",3,9,3,nitrate,nitrate,0,63|CCCCCCCCN(CCCCCCCC)C(=O)COCC(=O)NCCCCCNC(=O)COCC(=O)N(CCCCCCCC)CCCCCCCC|nitrate,1,1,acid_class=nitrate|acid_strength_bin=high|nitrate_activity=high|pH_bin=missing|diluent_family=aliphatic_hydrocarbon|modifier_class=none|temperature_bin=ambient|contact_time_bin=short|shaking_time_bin=missing|phase_ratio_bin=missing,3.0,3.0,22.0,22.0,planned,ok,,,
bf53aa2b47c6,,63,Eu,3,CCCCN(CCCC)C(=O)COCC(=O)NCCCCCCNC(=O)COCC(=O)N(CCCC)CCCC,CCCCN(CCCC)C(=O)COCC(=O)NCCCCCCNC(=O)COCC(=O)N(CCCC)CCCC,"[10, 12, 15]","[""O(amide_carbonyl)"", ""O(ether)"", ""O(amide_carbonyl)""]",3,9,3,nitrate,nitrate,0,63|CCCCN(CCCC)C(=O)COCC(=O)NCCCCCCNC(=O)COCC(=O)N(CCCC)CCCC|nitrate,1,1,acid_class=nitrate|acid_strength_bin=high|nitrate_activity=high|pH_bin=missing|diluent_family=aliphatic_hydrocarbon|modifier_class=none|temperature_bin=ambient|contact_time_bin=short|shaking_time_bin=missing|phase_ratio_bin=missing,3.0,3.0,22.0,22.0,planned,ok,,,
8cbfdc7e4dd4,,63,Eu,3,CCCCCCCCN(CCCCCCCC)C(=O)COCC(=O)NCCCCCCNC(=O)COCC(=O)N(CCCCCCCC)CCCCCCCC,CCCCCCCCN(CCCCCCCC)C(=O)COCC(=O)NCCCCCCNC(=O)COCC(=O)N(CCCCCCCC)CCCCCCCC,"[18, 20, 23]","[""O(amide_carbonyl)"", ""O(ether)"", ""O(amide_carbonyl)""]",3,9,3,nitrate,nitrate,0,63|CCCCCCCCN(CCCCCCCC)C(=O)COCC(=O)NCCCCCCNC(=O)COCC(=O)N(CCCCCCCC)CCCCCCCC|nitrate,1,1,acid_class=nitrate|acid_strength_bin=high|nitrate_activity=high|pH_bin=missing|diluent_family=aliphatic_hydrocarbon|modifier_class=none|temperature_bin=ambient|contact_time_bin=short|shaking_time_bin=missing|phase_ratio_bin=missing,3.0,3.0,22.0,22.0,planned,ok,,,
5f3f0e0d19d5,,63,Eu,3,CCCCCCCCN(CCCCCCCC)C(=O)COCC(=O)NCCOCCNC(=O)COCC(=O)N(CCCCCCCC)CCCCCCCC,CCCCCCCCN(CCCCCCCC)C(=O)COCC(=O)NCCOCCNC(=O)COCC(=O)N(CCCCCCCC)CCCCCCCC,"[18, 20, 23, 27, 32, 34, 37]","[""O(amide_carbonyl)"", ""O(ether)"", ""O(amide_carbonyl)"", ""O(ether)"", ""O(amide_carbonyl)"", ""O(ether)"", ""O(amide_carbonyl)""]",7,9,1,nitrate,nitrate,2,63|CCCCCCCCN(CCCCCCCC)C(=O)COCC(=O)NCCOCCNC(=O)COCC(=O)N(CCCCCCCC)CCCCCCCC|nitrate,1,1,acid_class=nitrate|acid_strength_bin=high|nitrate_activity=high|pH_bin=missing|diluent_family=aliphatic_hydrocarbon|modifier_class=none|temperature_bin=ambient|contact_time_bin=short|shaking_time_bin=missing|phase_ratio_bin=missing,3.0,3.0,22.0,22.0,planned,fill_2x_nitrate,,,
50ea21f5a29e,,63,Eu,3,CCCN(CCC)C(=O)COCC(=O)N(CCC)CCC,CCCN(CCC)C(=O)COCC(=O)N(CCC)CCC,"[8, 10, 13]","[""O(amide_carbonyl)"", ""O(ether)"", ""O(amide_carbonyl)""]",3,9,3,nitrate,nitrate,0,63|CCCN(CCC)C(=O)COCC(=O)N(CCC)CCC|nitrate,5,4,acid_class=nitrate|acid_strength_bin=medium|nitrate_activity=medium|pH_bin=missing|diluent_family=alcohol_modifier|modifier_class=none|temperature_bin=ambient|contact_time_bin=medium|shaking_time_bin=missing|phase_ratio_bin=missing;acid_class=nitrate|acid_strength_bin=medium|nitrate_activity=medium|pH_bin=missing|diluent_family=aromatic|modifier_class=none|temperature_bin=ambient|contact_time_bin=medium|shaking_time_bin=missing|phase_ratio_bin=missing;acid_class=nitrate|acid_strength_bin=medium|nitrate_activity=medium|pH_bin=missing|diluent_family=chlorinated|modifier_class=none|temperature_bin=ambient|contact_time_bin=medium|shaking_time_bin=missing|phase_ratio_bin=missing;acid_class=nitrate|acid_strength_bin=medium|nitrate_activity=medium|pH_bin=missing|diluent_family=other|modifier_class=none|temperature_bin=ambient|contact_time_bin=medium|shaking_time_bin=missing|phase_ratio_bin=missing,1.0,1.0,25.0,25.0,planned,ok,,,
9d8312a84f84,,63,Eu,3,CC1(C)CCC(C)(C)c2nc(-c3cccc(-c4cccc(-c5cccc(-c6nnc7c(n6)C(C)(C)CCC7(C)C)n5)n4)n3)nnc21,CC1(C)CCC(C)(C)c2nc(-c3cccc(-c4cccc(-c5cccc(-c6nnc7c(n6)C(C)(C)CCC7(C)C)n5)n4)n3)nnc21,"[9, 27, 28, 31, 40, 41, 42, 43]","[""N(aromatic)"", ""N(aromatic)"", ""N(aromatic)"", ""N(aromatic)"", ""N(aromatic)"", ""N(aromatic)"", ""N(aromatic)"", ""N(aromatic)""]",8,9,1,nitrate,nitrate,1,63|CC1(C)CCC(C)(C)c2nc(-c3cccc(-c4cccc(-c5cccc(-c6nnc7c(n6)C(C)(C)CCC7(C)C)n5)n4)n3)nnc21|nitrate,10,6,acid_class=nitrate|acid_strength_bin=high|nitrate_activity=high|pH_bin=missing|diluent_family=alcohol_modifier|modifier_class=none|temperature_bin=ambient|contact_time_bin=medium|shaking_time_bin=missing|phase_ratio_bin=missing;acid_class=nitrate|acid_strength_bin=high|nitrate_activity=high|pH_bin=missing|diluent_family=alcohol_modifier|modifier_class=none|temperature_bin=missing|contact_time_bin=missing|shaking_time_bin=missing|phase_ratio_bin=missing;acid_class=nitrate|acid_strength_bin=low|nitrate_activity=low|pH_bin=missing|diluent_family=alcohol_modifier|modifier_class=none|temperature_bin=ambient|contact_time_bin=medium|shaking_time_bin=missing|phase_ratio_bin=missing;acid_class=nitrate|acid_strength_bin=low|nitrate_activity=low|pH_bin=missing|diluent_family=alcohol_modifier|modifier_class=none|temperature_bin=missing|contact_time_bin=missing|shaking_time_bin=missing|phase_ratio_bin=missing;acid_class=nitrate|acid_strength_bin=medium|nitrate_activity=medium|pH_bin=missing|diluent_family=alcohol_modifier|modifier_class=none|temperature_bin=ambient|contact_time_bin=medium|shaking_time_bin=missing|phase_ratio_bin=missing,0.1,4.14,22.0,22.0,planned,fill_4x_nitrate,,,
fdb14b12fa26,,63,Eu,3,CCCCCCCCN(CCCCCCCC)C(=O)CCOCCC(=O)N(CCCCCCCC)CCCCCCCC,CCCCCCCCN(CCCCCCCC)C(=O)CCOCCC(=O)N(CCCCCCCC)CCCCCCCC,"[18, 21, 25]","[""O(amide_carbonyl)"", ""O(ether)"", ""O(amide_carbonyl)""]",3,9,3,water,water,0,63|CCCCCCCCN(CCCCCCCC)C(=O)CCOCCC(=O)N(CCCCCCCC)CCCCCCCC|water,1,1,acid_class=nitrate|acid_strength_bin=trace|nitrate_activity=trace|pH_bin=missing|diluent_family=aliphatic_hydrocarbon|modifier_class=none|temperature_bin=ambient|contact_time_bin=short|shaking_time_bin=missing|phase_ratio_bin=missing,0.001,0.001,22.0,22.0,planned,ok,,,
51249be7a086,,63,Eu,3,CCCCCCCCN(CCCCCCCC)C(=O)CCOCCC(=O)N(CCCCCCCC)CCCCCCCC,CCCCCCCCN(CCCCCCCC)C(=O)CCOCCC(=O)N(CCCCCCCC)CCCCCCCC,"[18, 21, 25]","[""O(amide_carbonyl)"", ""O(ether)"", ""O(amide_carbonyl)""]",3,9,3,nitrate,nitrate,0,63|CCCCCCCCN(CCCCCCCC)C(=O)CCOCCC(=O)N(CCCCCCCC)CCCCCCCC|nitrate,1,1,acid_class=nitrate|acid_strength_bin=high|nitrate_activity=high|pH_bin=missing|diluent_family=aliphatic_hydrocarbon|modifier_class=none|temperature_bin=ambient|contact_time_bin=short|shaking_time_bin=missing|phase_ratio_bin=missing,4.0,4.0,22.0,22.0,planned,ok,,,
bea7c107a7cb,,63,Eu,3,CCCCC(CC)CN(CC(CC)CCCC)C(=O)CCOCCC(=O)N(CC(CC)CCCC)CC(CC)CCCC,CCCCC(CC)CN(CC(CC)CCCC)C(=O)CCOCCC(=O)N(CC(CC)CCCC)CC(CC)CCCC,"[18, 21, 25]","[""O(amide_carbonyl)"", ""O(ether)"", ""O(amide_carbonyl)""]",3,9,3,water,water,0,63|CCCCC(CC)CN(CC(CC)CCCC)C(=O)CCOCCC(=O)N(CC(CC)CCCC)CC(CC)CCCC|water,1,1,acid_class=nitrate|acid_strength_bin=trace|nitrate_activity=trace|pH_bin=missing|diluent_family=aliphatic_hydrocarbon|modifier_class=none|temperature_bin=ambient|contact_time_bin=short|shaking_time_bin=missing|phase_ratio_bin=missing,0.001,0.001,22.0,22.0,planned,ok,,,
fce2cd1d1147,,63,Eu,3,CCCCC(CC)CN(CC(CC)CCCC)C(=O)CCOCCC(=O)N(CC(CC)CCCC)CC(CC)CCCC,CCCCC(CC)CN(CC(CC)CCCC)C(=O)CCOCCC(=O)N(CC(CC)CCCC)CC(CC)CCCC,"[18, 21, 25]","[""O(amide_carbonyl)"", ""O(ether)"", ""O(amide_carbonyl)""]",3,9,3,nitrate,nitrate,0,63|CCCCC(CC)CN(CC(CC)CCCC)C(=O)CCOCCC(=O)N(CC(CC)CCCC)CC(CC)CCCC|nitrate,1,1,acid_class=nitrate|acid_strength_bin=high|nitrate_activity=high|pH_bin=missing|diluent_family=aliphatic_hydrocarbon|modifier_class=none|temperature_bin=ambient|contact_time_bin=short|shaking_time_bin=missing|phase_ratio_bin=missing,4.0,4.0,22.0,22.0,planned,ok,,,
2061d93f0660,,63,Eu,3,CCCCCCCCN(CCCCCCCC)C(=O)CNCC(=O)N(CCCCCCCC)CCCCCCCC,CCCCCCCCN(CCCCCCCC)C(=O)CNCC(=O)N(CCCCCCCC)CCCCCCCC,"[18, 20, 23]","[""O(amide_carbonyl)"", ""N(amine)"", ""O(amide_carbonyl)""]",3,9,3,water,water,0,63|CCCCCCCCN(CCCCCCCC)C(=O)CNCC(=O)N(CCCCCCCC)CCCCCCCC|water,1,1,acid_class=nitrate|acid_strength_bin=very_low|nitrate_activity=very_low|pH_bin=missing|diluent_family=aliphatic_hydrocarbon|modifier_class=none|temperature_bin=ambient|contact_time_bin=short|shaking_time_bin=missing|phase_ratio_bin=missing,0.01,0.01,22.0,22.0,planned,ok,,,
6d919d6af533,,63,Eu,3,CCCCCCCCN(CCCCCCCC)C(=O)CNCC(=O)N(CCCCCCCC)CCCCCCCC,CCCCCCCCN(CCCCCCCC)C(=O)CNCC(=O)N(CCCCCCCC)CCCCCCCC,"[18, 20, 23]","[""O(amide_carbonyl)"", ""N(amine)"", ""O(amide_carbonyl)""]",3,9,3,nitrate,nitrate,0,63|CCCCCCCCN(CCCCCCCC)C(=O)CNCC(=O)N(CCCCCCCC)CCCCCCCC|nitrate,1,1,acid_class=nitrate|acid_strength_bin=high|nitrate_activity=high|pH_bin=missing|diluent_family=aliphatic_hydrocarbon|modifier_class=none|temperature_bin=ambient|contact_time_bin=short|shaking_time_bin=missing|phase_ratio_bin=missing,4.0,4.0,22.0,22.0,planned,ok,,,
d4fd5d6f5ee9,,63,Eu,3,CCCCCCCCN(CCCCCCCC)C(=O)CN(CC(=O)N(CCCCCCCC)CCCCCCCC)Cc1ccccc1,CCCCCCCCN(CCCCCCCC)C(=O)CN(CC(=O)N(CCCCCCCC)CCCCCCCC)Cc1ccccc1,"[18, 20, 23]","[""O(amide_carbonyl)"", ""N(amine)"", ""O(amide_carbonyl)""]",3,9,3,water,water,0,63|CCCCCCCCN(CCCCCCCC)C(=O)CN(CC(=O)N(CCCCCCCC)CCCCCCCC)Cc1ccccc1|water,1,1,acid_class=nitrate|acid_strength_bin=very_low|nitrate_activity=very_low|pH_bin=missing|diluent_family=aliphatic_hydrocarbon|modifier_class=none|temperature_bin=ambient|contact_time_bin=short|shaking_time_bin=missing|phase_ratio_bin=missing,0.01,0.01,22.0,22.0,planned,ok,,,
820234945470,,63,Eu,3,CCCCCCCCN(CCCCCCCC)C(=O)CN(CC(=O)N(CCCCCCCC)CCCCCCCC)Cc1ccccc1,CCCCCCCCN(CCCCCCCC)C(=O)CN(CC(=O)N(CCCCCCCC)CCCCCCCC)Cc1ccccc1,"[18, 20, 23]","[""O(amide_carbonyl)"", ""N(amine)"", ""O(amide_carbonyl)""]",3,9,3,nitrate,nitrate,0,63|CCCCCCCCN(CCCCCCCC)C(=O)CN(CC(=O)N(CCCCCCCC)CCCCCCCC)Cc1ccccc1|nitrate,1,1,acid_class=nitrate|acid_strength_bin=high|nitrate_activity=high|pH_bin=missing|diluent_family=aliphatic_hydrocarbon|modifier_class=none|temperature_bin=ambient|contact_time_bin=short|shaking_time_bin=missing|phase_ratio_bin=missing,4.0,4.0,22.0,22.0,planned,ok,,,
1c021f009609,,63,Eu,3,CCCCCCCCN(CC(=O)N(CCCCCCCC)CCCCCCCC)CC(=O)N(CCCCCCCC)CCCCCCCC,CCCCCCCCN(CC(=O)N(CCCCCCCC)CCCCCCCC)CC(=O)N(CCCCCCCC)CCCCCCCC,"[8, 11, 31]","[""N(amine)"", ""O(amide_carbonyl)"", ""O(amide_carbonyl)""]",3,9,3,water,water,0,63|CCCCCCCCN(CC(=O)N(CCCCCCCC)CCCCCCCC)CC(=O)N(CCCCCCCC)CCCCCCCC|water,1,1,acid_class=nitrate|acid_strength_bin=very_low|nitrate_activity=very_low|pH_bin=missing|diluent_family=aliphatic_hydrocarbon|modifier_class=none|temperature_bin=ambient|contact_time_bin=short|shaking_time_bin=missing|phase_ratio_bin=missing,0.01,0.01,22.0,22.0,planned,ok,,,
6fab5f0b8d63,,63,Eu,3,CCCCCCCCN(CC(=O)N(CCCCCCCC)CCCCCCCC)CC(=O)N(CCCCCCCC)CCCCCCCC,CCCCCCCCN(CC(=O)N(CCCCCCCC)CCCCCCCC)CC(=O)N(CCCCCCCC)CCCCCCCC,"[8, 11, 31]","[""N(amine)"", ""O(amide_carbonyl)"", ""O(amide_carbonyl)""]",3,9,3,nitrate,nitrate,0,63|CCCCCCCCN(CC(=O)N(CCCCCCCC)CCCCCCCC)CC(=O)N(CCCCCCCC)CCCCCCCC|nitrate,1,1,acid_class=nitrate|acid_strength_bin=high|nitrate_activity=high|pH_bin=missing|diluent_family=aliphatic_hydrocarbon|modifier_class=none|temperature_bin=ambient|contact_time_bin=short|shaking_time_bin=missing|phase_ratio_bin=missing,4.0,4.0,22.0,22.0,planned,ok,,,
5b918030ec24,,63,Eu,3,CCCCCCCCN(CCCCCCCC)C(=O)CN(CC(=O)N(CCCCCCCC)CCCCCCCC)c1ccccc1,CCCCCCCCN(CCCCCCCC)C(=O)CN(CC(=O)N(CCCCCCCC)CCCCCCCC)c1ccccc1,"[18, 20, 23]","[""O(amide_carbonyl)"", ""N(amine)"", ""O(amide_carbonyl)""]",3,9,3,water,water,0,63|CCCCCCCCN(CCCCCCCC)C(=O)CN(CC(=O)N(CCCCCCCC)CCCCCCCC)c1ccccc1|water,1,1,acid_class=nitrate|acid_strength_bin=very_low|nitrate_activity=very_low|pH_bin=missing|diluent_family=aliphatic_hydrocarbon|modifier_class=none|temperature_bin=ambient|contact_time_bin=short|shaking_time_bin=missing|phase_ratio_bin=missing,0.01,0.01,22.0,22.0,planned,ok,,,
32f3a20cc804,,63,Eu,3,CCCCCCCCN(CCCCCCCC)C(=O)CN(CC(=O)N(CCCCCCCC)CCCCCCCC)c1ccccc1,CCCCCCCCN(CCCCCCCC)C(=O)CN(CC(=O)N(CCCCCCCC)CCCCCCCC)c1ccccc1,"[18, 20, 23]","[""O(amide_carbonyl)"", ""N(amine)"", ""O(amide_carbonyl)""]",3,9,3,nitrate,nitrate,0,63|CCCCCCCCN(CCCCCCCC)C(=O)CN(CC(=O)N(CCCCCCCC)CCCCCCCC)c1ccccc1|nitrate,1,1,acid_class=nitrate|acid_strength_bin=high|nitrate_activity=high|pH_bin=missing|diluent_family=aliphatic_hydrocarbon|modifier_class=none|temperature_bin=ambient|contact_time_bin=short|shaking_time_bin=missing|phase_ratio_bin=missing,4.0,4.0,22.0,22.0,planned,ok,,,
86c849795813,,63,Eu,3,CCCCCCCCN(CCCCCCCC)C(=O)CN(CC(=O)N(CCCCCCCC)CCCCCCCC)C(C)=O,CCCCCCCCN(CCCCCCCC)C(=O)CN(CC(=O)N(CCCCCCCC)CCCCCCCC)C(C)=O,"[18, 23, 43]","[""O(amide_carbonyl)"", ""O(amide_carbonyl)"", ""O(amide_carbonyl)""]",3,9,3,water,water,0,63|CCCCCCCCN(CCCCCCCC)C(=O)CN(CC(=O)N(CCCCCCCC)CCCCCCCC)C(C)=O|water,1,1,acid_class=nitrate|acid_strength_bin=very_low|nitrate_activity=very_low|pH_bin=missing|diluent_family=aliphatic_hydrocarbon|modifier_class=none|temperature_bin=ambient|contact_time_bin=short|shaking_time_bin=missing|phase_ratio_bin=missing,0.01,0.01,22.0,22.0,planned,ok,,,
86c6aad4013f,,63,Eu,3,CCCCCCCCN(CCCCCCCC)C(=O)CN(CC(=O)N(CCCCCCCC)CCCCCCCC)C(C)=O,CCCCCCCCN(CCCCCCCC)C(=O)CN(CC(=O)N(CCCCCCCC)CCCCCCCC)C(C)=O,"[18, 23, 43]","[""O(amide_carbonyl)"", ""O(amide_carbonyl)"", ""O(amide_carbonyl)""]",3,9,3,nitrate,nitrate,0,63|CCCCCCCCN(CCCCCCCC)C(=O)CN(CC(=O)N(CCCCCCCC)CCCCCCCC)C(C)=O|nitrate,1,1,acid_class=nitrate|acid_strength_bin=high|nitrate_activity=high|pH_bin=missing|diluent_family=aliphatic_hydrocarbon|modifier_class=none|temperature_bin=ambient|contact_time_bin=short|shaking_time_bin=missing|phase_ratio_bin=missing,4.0,4.0,22.0,22.0,planned,ok,,,
56de36f8cde4,,63,Eu,3,CCCCCCCCN(CCCCCCCC)C(=O)c1ccc(C(=O)N(CCCCCCCC)CCCCCCCC)o1,CCCCCCCCN(CCCCCCCC)C(=O)c1ccc(C(=O)N(CCCCCCCC)CCCCCCCC)o1,"[18, 24, 42]","[""O(amide_carbonyl)"", ""O(amide_carbonyl)"", ""O(ether)""]",3,9,3,water,water,0,63|CCCCCCCCN(CCCCCCCC)C(=O)c1ccc(C(=O)N(CCCCCCCC)CCCCCCCC)o1|water,1,1,acid_class=nitrate|acid_strength_bin=very_low|nitrate_activity=very_low|pH_bin=missing|diluent_family=aliphatic_hydrocarbon|modifier_class=none|temperature_bin=ambient|contact_time_bin=short|shaking_time_bin=missing|phase_ratio_bin=missing,0.01,0.01,22.0,22.0,planned,ok,,,
f1ce22c5ae19,,63,Eu,3,CCCCCCCCN(CCCCCCCC)C(=O)c1ccc(C(=O)N(CCCCCCCC)CCCCCCCC)o1,CCCCCCCCN(CCCCCCCC)C(=O)c1ccc(C(=O)N(CCCCCCCC)CCCCCCCC)o1,"[18, 24, 42]","[""O(amide_carbonyl)"", ""O(amide_carbonyl)"", ""O(ether)""]",3,9,3,nitrate,nitrate,0,63|CCCCCCCCN(CCCCCCCC)C(=O)c1ccc(C(=O)N(CCCCCCCC)CCCCCCCC)o1|nitrate,1,1,acid_class=nitrate|acid_strength_bin=high|nitrate_activity=high|pH_bin=missing|diluent_family=aliphatic_hydrocarbon|modifier_class=none|temperature_bin=ambient|contact_time_bin=short|shaking_time_bin=missing|phase_ratio_bin=missing,4.0,4.0,22.0,22.0,planned,ok,,,
b42eadd4a6e5,,63,Eu,3,CC1(C)CCC(C)(C)c2nc(-c3cccc(-c4cccc(-c5ccccn5)n4)n3)nnc21,CC1(C)CCC(C)(C)c2nc(-c3cccc(-c4cccc(-c5ccccn5)n4)n3)nnc21,"[9, 26, 27, 28, 29, 30]","[""N(aromatic)"", ""N(aromatic)"", ""N(aromatic)"", ""N(aromatic)"", ""N(aromatic)"", ""N(aromatic)""]",6,9,1,water,water,3,63|CC1(C)CCC(C)(C)c2nc(-c3cccc(-c4cccc(-c5ccccn5)n4)n3)nnc21|water,1,1,acid_class=nitrate|acid_strength_bin=very_low|nitrate_activity=very_low|pH_bin=missing|diluent_family=alcohol_modifier|modifier_class=none|temperature_bin=ambient|contact_time_bin=medium|shaking_time_bin=missing|phase_ratio_bin=missing,0.01,0.01,22.0,22.0,planned,fill_5x_water,,,
55d76dbadee1,,63,Eu,3,CC1(C)CCC(C)(C)c2nc(-c3cccc(-c4cccc(-c5ccccn5)n4)n3)nnc21,CC1(C)CCC(C)(C)c2nc(-c3cccc(-c4cccc(-c5ccccn5)n4)n3)nnc21,"[9, 26, 27, 28, 29, 30]","[""N(aromatic)"", ""N(aromatic)"", ""N(aromatic)"", ""N(aromatic)"", ""N(aromatic)"", ""N(aromatic)""]",6,9,1,nitrate,nitrate,3,63|CC1(C)CCC(C)(C)c2nc(-c3cccc(-c4cccc(-c5ccccn5)n4)n3)nnc21|nitrate,1,1,acid_class=nitrate|acid_strength_bin=high|nitrate_activity=high|pH_bin=missing|diluent_family=alcohol_modifier|modifier_class=none|temperature_bin=ambient|contact_time_bin=medium|shaking_time_bin=missing|phase_ratio_bin=missing,4.0,4.0,22.0,22.0,planned,fill_5x_nitrate,,,
33c10b1775e6,,63,Eu,3,CCCCCCCCN(CCCCCCCC)C(=O)c1ccc2ccccc2n1,CCCCCCCCN(CCCCCCCC)C(=O)c1ccc2ccccc2n1,"[18, 28]","[""O(amide_carbonyl)"", ""N(aromatic)""]",2,9,4,nitrate,nitrate,1,63|CCCCCCCCN(CCCCCCCC)C(=O)c1ccc2ccccc2n1|nitrate,1,1,acid_class=nitrate|acid_strength_bin=medium|nitrate_activity=medium|pH_bin=missing|diluent_family=alcohol_modifier|modifier_class=none|temperature_bin=ambient|contact_time_bin=medium|shaking_time_bin=missing|phase_ratio_bin=missing,1.0,1.0,23.0,23.0,planned,fill_1x_nitrate,,,
ecdd71aa88de,,63,Eu,3,CCCCCCCCOc1cc(C(=O)Nc2ccc(C(C)(C)C)cc2)nc(C(=O)Nc2ccc(C(C)(C)C)cc2)c1,CCCCCCCCOc1cc(C(=O)Nc2ccc(C(C)(C)C)cc2)nc(C(=O)Nc2ccc(C(C)(C)C)cc2)c1,"[8, 13, 25, 28]","[""O(ether)"", ""O(amide_carbonyl)"", ""N(aromatic)"", ""O(amide_carbonyl)""]",4,9,2,nitrate,nitrate,1,63|CCCCCCCCOc1cc(C(=O)Nc2ccc(C(C)(C)C)cc2)nc(C(=O)Nc2ccc(C(C)(C)C)cc2)c1|nitrate,1,1,acid_class=nitrate|acid_strength_bin=high|nitrate_activity=high|pH_bin=missing|diluent_family=alcohol_modifier|modifier_class=none|temperature_bin=ambient|contact_time_bin=medium|shaking_time_bin=missing|phase_ratio_bin=missing,3.82,3.82,23.0,23.0,planned,ok,,,
3522f6225878,,63,Eu,3,CCCCCCCCCCCCNCC(=O)c1cccc(C(=O)CNCCCCCCCCCCCC)n1,CCCCCCCCCCCCNCC(=O)c1cccc(C(=O)CNCCCCCCCCCCCC)n1,"[12, 15, 22, 24, 37]","[""N(amine)"", ""O(carbonyl)"", ""O(carbonyl)"", ""N(amine)"", ""N(aromatic)""]",5,9,1,nitrate,nitrate,4,63|CCCCCCCCCCCCNCC(=O)c1cccc(C(=O)CNCCCCCCCCCCCC)n1|nitrate,1,1,acid_class=nitrate|acid_strength_bin=medium|nitrate_activity=medium|pH_bin=missing|diluent_family=alcohol_modifier|modifier_class=none|temperature_bin=ambient|contact_time_bin=medium|shaking_time_bin=missing|phase_ratio_bin=missing,1.0,1.0,23.0,23.0,planned,fill_4x_nitrate,,,
81e5f5a1605e,,63,Eu,3,CCCCCCCCNC(=O)c1cc(Cl)ccn1,CCCCCCCCNC(=O)c1cc(Cl)ccn1,"[10, 17]","[""O(amide_carbonyl)"", ""N(aromatic)""]",2,9,4,nitrate,nitrate,1,63|CCCCCCCCNC(=O)c1cc(Cl)ccn1|nitrate,1,1,acid_class=nitrate|acid_strength_bin=medium|nitrate_activity=medium|pH_bin=missing|diluent_family=alcohol_modifier|modifier_class=none|temperature_bin=ambient|contact_time_bin=medium|shaking_time_bin=missing|phase_ratio_bin=missing,1.0,1.0,23.0,23.0,planned,fill_1x_nitrate,,,
af7d4ce816f6,,63,Eu,3,CCCCCCCCNC(=O)c1cnccn1,CCCCCCCCNC(=O)c1cnccn1,"[10, 13, 16]","[""O(amide_carbonyl)"", ""N(aromatic)"", ""N(aromatic)""]",3,9,3,nitrate,nitrate,0,63|CCCCCCCCNC(=O)c1cnccn1|nitrate,1,1,acid_class=nitrate|acid_strength_bin=medium|nitrate_activity=medium|pH_bin=missing|diluent_family=alcohol_modifier|modifier_class=none|temperature_bin=ambient|contact_time_bin=medium|shaking_time_bin=missing|phase_ratio_bin=missing,1.0,1.0,23.0,23.0,planned,ok,,,
43dcce0bcec9,,63,Eu,3,CC1(C)CCC(C)(C)c2nc(-c3ccc4ccc5ccc(-c6nnc7c(n6)C(C)(C)CCC7(C)C)nc5c4n3)nnc21,CC1(C)CCC(C)(C)c2nc(-c3ccc4ccc5ccc(-c6nnc7c(n6)C(C)(C)CCC7(C)C)nc5c4n3)nnc21,"[9, 22, 23, 26, 35, 38, 39, 40]","[""N(aromatic)"", ""N(aromatic)"", ""N(aromatic)"", ""N(aromatic)"", ""N(aromatic)"", ""N(aromatic)"", ""N(aromatic)"", ""N(aromatic)""]",8,9,1,water,water,1,63|CC1(C)CCC(C)(C)c2nc(-c3ccc4ccc5ccc(-c6nnc7c(n6)C(C)(C)CCC7(C)C)nc5c4n3)nnc21|water,2,2,acid_class=nitrate|acid_strength_bin=trace|nitrate_activity=trace|pH_bin=missing|diluent_family=alcohol_modifier|modifier_class=none|temperature_bin=ambient|contact_time_bin=medium|shaking_time_bin=missing|phase_ratio_bin=missing;acid_class=nitrate|acid_strength_bin=very_low|nitrate_activity=very_low|pH_bin=missing|diluent_family=alcohol_modifier|modifier_class=none|temperature_bin=ambient|contact_time_bin=medium|shaking_time_bin=missing|phase_ratio_bin=missing,0.000891251,0.0113,22.0,22.0,planned,fill_5x_water,,,
5fdbc90e8042,,63,Eu,3,CC1(C)CCC(C)(C)c2nc(-c3ccc4ccc5ccc(-c6nnc7c(n6)C(C)(C)CCC7(C)C)nc5c4n3)nnc21,CC1(C)CCC(C)(C)c2nc(-c3ccc4ccc5ccc(-c6nnc7c(n6)C(C)(C)CCC7(C)C)nc5c4n3)nnc21,"[9, 22, 23, 26, 35, 38, 39, 40]","[""N(aromatic)"", ""N(aromatic)"", ""N(aromatic)"", ""N(aromatic)"", ""N(aromatic)"", ""N(aromatic)"", ""N(aromatic)"", ""N(aromatic)""]",8,9,1,nitrate,nitrate,1,63|CC1(C)CCC(C)(C)c2nc(-c3ccc4ccc5ccc(-c6nnc7c(n6)C(C)(C)CCC7(C)C)nc5c4n3)nnc21|nitrate,4,2,acid_class=nitrate|acid_strength_bin=high|nitrate_activity=high|pH_bin=missing|diluent_family=alcohol_modifier|modifier_class=none|temperature_bin=ambient|contact_time_bin=medium|shaking_time_bin=missing|phase_ratio_bin=missing;acid_class=nitrate|acid_strength_bin=low|nitrate_activity=low|pH_bin=missing|diluent_family=alcohol_modifier|modifier_class=none|temperature_bin=ambient|contact_time_bin=medium|shaking_time_bin=missing|phase_ratio_bin=missing,0.1092,4.013,22.0,22.0,planned,fill_5x_nitrate,,,
8d3294e0ac8d,,63,Eu,3,CC1(C)OC(C)(C)c2nc(-c3cccc(-c4cccc(-c5nnc6c(n5)C(C)(C)OC6(C)C)n4)n3)nnc21,CC1(C)OC(C)(C)c2nc(-c3cccc(-c4cccc(-c5nnc6c(n5)C(C)(C)OC6(C)C)n4)n3)nnc21,"[3, 8, 21, 22, 25, 29, 33, 34]","[""O(ether)"", ""N(aromatic)"", ""N(aromatic)"", ""N(aromatic)"", ""N(aromatic)"", ""O(ether)"", ""N(aromatic)"", ""N(aromatic)""]",8,9,1,nitrate,nitrate,1,63|CC1(C)OC(C)(C)c2nc(-c3cccc(-c4cccc(-c5nnc6c(n5)C(C)(C)OC6(C)C)n4)n3)nnc21|nitrate,5,3,acid_class=nitrate|acid_strength_bin=high|nitrate_activity=high|pH_bin=missing|diluent_family=other|modifier_class=none|temperature_bin=ambient|contact_time_bin=long|shaking_time_bin=missing|phase_ratio_bin=missing;acid_class=nitrate|acid_strength_bin=low|nitrate_activity=low|pH_bin=missing|diluent_family=other|modifier_class=none|temperature_bin=ambient|contact_time_bin=long|shaking_time_bin=missing|phase_ratio_bin=missing;acid_class=nitrate|acid_strength_bin=medium|nitrate_activity=medium|pH_bin=missing|diluent_family=other|modifier_class=none|temperature_bin=ambient|contact_time_bin=long|shaking_time_bin=missing|phase_ratio_bin=missing,0.1,4.0,25.0,25.0,planned,fill_5x_nitrate,,,
88a67671977b,,63,Eu,3,CC1(C)SC(C)(C)c2nc(-c3cccc(-c4cccc(-c5nnc6c(n5)C(C)(C)SC6(C)C)n4)n3)nnc21,CC1(C)SC(C)(C)c2nc(-c3cccc(-c4cccc(-c5nnc6c(n5)C(C)(C)SC6(C)C)n4)n3)nnc21,"[3, 8, 21, 22, 25, 29, 33, 34]","[""S(donor)"", ""N(aromatic)"", ""N(aromatic)"", ""N(aromatic)"", ""N(aromatic)"", ""S(donor)"", ""N(aromatic)"", ""N(aromatic)""]",8,9,1,water,water,1,63|CC1(C)SC(C)(C)c2nc(-c3cccc(-c4cccc(-c5nnc6c(n5)C(C)(C)SC6(C)C)n4)n3)nnc21|water,1,1,acid_class=nitrate|acid_strength_bin=very_low|nitrate_activity=very_low|pH_bin=missing|diluent_family=alcohol_modifier|modifier_class=none|temperature_bin=ambient|contact_time_bin=long|shaking_time_bin=missing|phase_ratio_bin=missing,0.01,0.01,25.0,25.0,planned,fill_5x_water,,,
11c19850c8fc,,63,Eu,3,CC1(C)SC(C)(C)c2nc(-c3cccc(-c4cccc(-c5nnc6c(n5)C(C)(C)SC6(C)C)n4)n3)nnc21,CC1(C)SC(C)(C)c2nc(-c3cccc(-c4cccc(-c5nnc6c(n5)C(C)(C)SC6(C)C)n4)n3)nnc21,"[3, 8, 21, 22, 25, 29, 33, 34]","[""S(donor)"", ""N(aromatic)"", ""N(aromatic)"", ""N(aromatic)"", ""N(aromatic)"", ""S(donor)"", ""N(aromatic)"", ""N(aromatic)""]",8,9,1,nitrate,nitrate,1,63|CC1(C)SC(C)(C)c2nc(-c3cccc(-c4cccc(-c5nnc6c(n5)C(C)(C)SC6(C)C)n4)n3)nnc21|nitrate,10,6,acid_class=nitrate|acid_strength_bin=high|nitrate_activity=high|pH_bin=missing|diluent_family=alcohol_modifier|modifier_class=none|temperature_bin=ambient|contact_time_bin=long|shaking_time_bin=missing|phase_ratio_bin=missing;acid_class=nitrate|acid_strength_bin=high|nitrate_activity=high|pH_bin=missing|diluent_family=other|modifier_class=none|temperature_bin=ambient|contact_time_bin=long|shaking_time_bin=missing|phase_ratio_bin=missing;acid_class=nitrate|acid_strength_bin=low|nitrate_activity=low|pH_bin=missing|diluent_family=alcohol_modifier|modifier_class=none|temperature_bin=ambient|contact_time_bin=long|shaking_time_bin=missing|phase_ratio_bin=missing;acid_class=nitrate|acid_strength_bin=low|nitrate_activity=low|pH_bin=missing|diluent_family=other|modifier_class=none|temperature_bin=ambient|contact_time_bin=long|shaking_time_bin=missing|phase_ratio_bin=missing;acid_class=nitrate|acid_strength_bin=medium|nitrate_activity=medium|pH_bin=missing|diluent_family=alcohol_modifier|modifier_class=none|temperature_bin=ambient|contact_time_bin=long|shaking_time_bin=missing|phase_ratio_bin=missing,0.1,4.0,25.0,25.0,planned,fill_5x_nitrate,,,
4582e319dba6,,63,Eu,3,CCCCCCCCn1cc(-c2cc(CC(=O)O)cc(-c3cn(CCCCCCCC)nn3)n2)nn1,CCCCCCCCn1cc(-c2cc(CC(=O)O)cc(-c3cn(CCCCCCCC)nn3)n2)nn1,"[8, 22, 31, 32, 33, 34, 35]","[""N(aromatic)"", ""N(aromatic)"", ""N(aromatic)"", ""N(aromatic)"", ""N(aromatic)"", ""N(aromatic)"", ""N(aromatic)""]",7,9,1,water,water,2,63|CCCCCCCCn1cc(-c2cc(CC(=O)O)cc(-c3cn(CCCCCCCC)nn3)n2)nn1|water,1,1,acid_class=nitrate|acid_strength_bin=very_low|nitrate_activity=very_low|pH_bin=missing|diluent_family=alcohol_modifier|modifier_class=none|temperature_bin=ambient|contact_time_bin=medium|shaking_time_bin=missing|phase_ratio_bin=missing,0.01,0.01,23.0,23.0,planned,ok,,,
bbe930277304,,63,Eu,3,CCCCCCCCn1cc(-c2cc(CC(=O)O)cc(-c3cn(CCCCCCCC)nn3)n2)nn1,CCCCCCCCn1cc(-c2cc(CC(=O)O)cc(-c3cn(CCCCCCCC)nn3)n2)nn1,"[8, 22, 31, 32, 33, 34, 35]","[""N(aromatic)"", ""N(aromatic)"", ""N(aromatic)"", ""N(aromatic)"", ""N(aromatic)"", ""N(aromatic)"", ""N(aromatic)""]",7,9,1,nitrate,nitrate,2,63|CCCCCCCCn1cc(-c2cc(CC(=O)O)cc(-c3cn(CCCCCCCC)nn3)n2)nn1|nitrate,4,3,acid_class=nitrate|acid_strength_bin=high|nitrate_activity=high|pH_bin=missing|diluent_family=alcohol_modifier|modifier_class=none|temperature_bin=ambient|contact_time_bin=medium|shaking_time_bin=missing|phase_ratio_bin=missing;acid_class=nitrate|acid_strength_bin=low|nitrate_activity=low|pH_bin=missing|diluent_family=alcohol_modifier|modifier_class=none|temperature_bin=ambient|contact_time_bin=medium|shaking_time_bin=missing|phase_ratio_bin=missing;acid_class=nitrate|acid_strength_bin=medium|nitrate_activity=medium|pH_bin=missing|diluent_family=alcohol_modifier|modifier_class=none|temperature_bin=ambient|contact_time_bin=medium|shaking_time_bin=missing|phase_ratio_bin=missing,0.1,3.82,23.0,23.0,planned,ok,,,
f877a1dc60e3,,63,Eu,3,CCCCP(=S)(CCCC)CP(=S)(CCCC)CCCC,CCCCP(=S)(CCCC)CP(=S)(CCCC)CCCC,"[5, 12]","[""S(donor)"", ""S(donor)""]",2,9,4,water,water,1,63|CCCCP(=S)(CCCC)CP(=S)(CCCC)CCCC|water,1,1,acid_class=nitrate|acid_strength_bin=very_low|nitrate_activity=very_low|pH_bin=missing|diluent_family=aliphatic_hydrocarbon|modifier_class=none|temperature_bin=ambient|contact_time_bin=medium|shaking_time_bin=missing|phase_ratio_bin=missing,0.0113,0.0113,22.0,22.0,planned,fill_1x_water,,,
26e84fc6133e,,63,Eu,3,CCCCP(=S)(CCCC)CP(=S)(CCCC)CCCC,CCCCP(=S)(CCCC)CP(=S)(CCCC)CCCC,"[5, 12]","[""S(donor)"", ""S(donor)""]",2,9,4,nitrate,nitrate,1,63|CCCCP(=S)(CCCC)CP(=S)(CCCC)CCCC|nitrate,5,3,acid_class=nitrate|acid_strength_bin=high|nitrate_activity=high|pH_bin=missing|diluent_family=aliphatic_hydrocarbon|modifier_class=none|temperature_bin=ambient|contact_time_bin=medium|shaking_time_bin=missing|phase_ratio_bin=missing;acid_class=nitrate|acid_strength_bin=low|nitrate_activity=low|pH_bin=missing|diluent_family=aliphatic_hydrocarbon|modifier_class=none|temperature_bin=ambient|contact_time_bin=medium|shaking_time_bin=missing|phase_ratio_bin=missing;acid_class=nitrate|acid_strength_bin=medium|nitrate_activity=medium|pH_bin=missing|diluent_family=aliphatic_hydrocarbon|modifier_class=none|temperature_bin=ambient|contact_time_bin=medium|shaking_time_bin=missing|phase_ratio_bin=missing,0.1097,4.0133,22.0,22.0,planned,fill_1x_nitrate,,,
382cd9e53432,,63,Eu,3,CCCCOP(=S)(CP(=S)(OCCCC)OCCCC)OCCCC,CCCCOP(=S)(CP(=S)(OCCCC)OCCCC)OCCCC,"[4, 6, 9, 10, 15, 20]","[""O(ether)"", ""S(donor)"", ""S(donor)"", ""O(ether)"", ""O(ether)"", ""O(ether)""]",6,9,1,water,water,3,63|CCCCOP(=S)(CP(=S)(OCCCC)OCCCC)OCCCC|water,1,1,acid_class=nitrate|acid_strength_bin=very_low|nitrate_activity=very_low|pH_bin=missing|diluent_family=aliphatic_hydrocarbon|modifier_class=none|temperature_bin=ambient|contact_time_bin=medium|shaking_time_bin=missing|phase_ratio_bin=missing,0.0113,0.0113,22.0,22.0,planned,fill_1x_water,,,
240ecd647aa0,,63,Eu,3,CCCCOP(=S)(CP(=S)(OCCCC)OCCCC)OCCCC,CCCCOP(=S)(CP(=S)(OCCCC)OCCCC)OCCCC,"[4, 6, 9, 10, 15, 20]","[""O(ether)"", ""S(donor)"", ""S(donor)"", ""O(ether)"", ""O(ether)"", ""O(ether)""]",6,9,1,nitrate,nitrate,3,63|CCCCOP(=S)(CP(=S)(OCCCC)OCCCC)OCCCC|nitrate,5,3,acid_class=nitrate|acid_strength_bin=high|nitrate_activity=high|pH_bin=missing|diluent_family=aliphatic_hydrocarbon|modifier_class=none|temperature_bin=ambient|contact_time_bin=medium|shaking_time_bin=missing|phase_ratio_bin=missing;acid_class=nitrate|acid_strength_bin=low|nitrate_activity=low|pH_bin=missing|diluent_family=aliphatic_hydrocarbon|modifier_class=none|temperature_bin=ambient|contact_time_bin=medium|shaking_time_bin=missing|phase_ratio_bin=missing;acid_class=nitrate|acid_strength_bin=medium|nitrate_activity=medium|pH_bin=missing|diluent_family=aliphatic_hydrocarbon|modifier_class=none|temperature_bin=ambient|contact_time_bin=medium|shaking_time_bin=missing|phase_ratio_bin=missing,0.1097,4.0133,22.0,22.0,planned,fill_1x_nitrate,,,
ee1036964dae,,63,Eu,3,CCCCP(=S)(CCCC)COCP(=S)(CCCC)CCCC,CCCCP(=S)(CCCC)COCP(=S)(CCCC)CCCC,"[5, 11, 14]","[""S(donor)"", ""O(ether)"", ""S(donor)""]",3,9,3,water,water,0,63|CCCCP(=S)(CCCC)COCP(=S)(CCCC)CCCC|water,1,1,acid_class=nitrate|acid_strength_bin=very_low|nitrate_activity=very_low|pH_bin=missing|diluent_family=aliphatic_hydrocarbon|modifier_class=none|temperature_bin=ambient|contact_time_bin=medium|shaking_time_bin=missing|phase_ratio_bin=missing,0.0113,0.0113,22.0,22.0,planned,ok,,,
f32387e7edd6,,63,Eu,3,CCCCP(=S)(CCCC)COCP(=S)(CCCC)CCCC,CCCCP(=S)(CCCC)COCP(=S)(CCCC)CCCC,"[5, 11, 14]","[""S(donor)"", ""O(ether)"", ""S(donor)""]",3,9,3,nitrate,nitrate,0,63|CCCCP(=S)(CCCC)COCP(=S)(CCCC)CCCC|nitrate,5,3,acid_class=nitrate|acid_strength_bin=high|nitrate_activity=high|pH_bin=missing|diluent_family=aliphatic_hydrocarbon|modifier_class=none|temperature_bin=ambient|contact_time_bin=medium|shaking_time_bin=missing|phase_ratio_bin=missing;acid_class=nitrate|acid_strength_bin=low|nitrate_activity=low|pH_bin=missing|diluent_family=aliphatic_hydrocarbon|modifier_class=none|temperature_bin=ambient|contact_time_bin=medium|shaking_time_bin=missing|phase_ratio_bin=missing;acid_class=nitrate|acid_strength_bin=medium|nitrate_activity=medium|pH_bin=missing|diluent_family=aliphatic_hydrocarbon|modifier_class=none|temperature_bin=ambient|contact_time_bin=medium|shaking_time_bin=missing|phase_ratio_bin=missing,0.1097,4.0133,22.0,22.0,planned,ok,,,
23a2b97a5a9a,,63,Eu,3,CCOP(=S)(COCP(=S)(OCC)OCC)OCC,CCOP(=S)(COCP(=S)(OCC)OCC)OCC,"[2, 4, 6, 9, 10, 13, 16]","[""O(ether)"", ""S(donor)"", ""O(ether)"", ""S(donor)"", ""O(ether)"", ""O(ether)"", ""O(ether)""]",7,9,1,water,water,2,63|CCOP(=S)(COCP(=S)(OCC)OCC)OCC|water,1,1,acid_class=nitrate|acid_strength_bin=very_low|nitrate_activity=very_low|pH_bin=missing|diluent_family=aliphatic_hydrocarbon|modifier_class=none|temperature_bin=ambient|contact_time_bin=medium|shaking_time_bin=missing|phase_ratio_bin=missing,0.0113,0.0113,22.0,22.0,planned,ok,,,
5750f55fad0f,,63,Eu,3,CCOP(=S)(COCP(=S)(OCC)OCC)OCC,CCOP(=S)(COCP(=S)(OCC)OCC)OCC,"[2, 4, 6, 9, 10, 13, 16]","[""O(ether)"", ""S(donor)"", ""O(ether)"", ""S(donor)"", ""O(ether)"", ""O(ether)"", ""O(ether)""]",7,9,1,nitrate,nitrate,2,63|CCOP(=S)(COCP(=S)(OCC)OCC)OCC|nitrate,5,3,acid_class=nitrate|acid_strength_bin=high|nitrate_activity=high|pH_bin=missing|diluent_family=aliphatic_hydrocarbon|modifier_class=none|temperature_bin=ambient|contact_time_bin=medium|shaking_time_bin=missing|phase_ratio_bin=missing;acid_class=nitrate|acid_strength_bin=low|nitrate_activity=low|pH_bin=missing|diluent_family=aliphatic_hydrocarbon|modifier_class=none|temperature_bin=ambient|contact_time_bin=medium|shaking_time_bin=missing|phase_ratio_bin=missing;acid_class=nitrate|acid_strength_bin=medium|nitrate_activity=medium|pH_bin=missing|diluent_family=aliphatic_hydrocarbon|modifier_class=none|temperature_bin=ambient|contact_time_bin=medium|shaking_time_bin=missing|phase_ratio_bin=missing,0.1097,4.0133,22.0,22.0,planned,ok,,,
8d7b517c525c,,63,Eu,3,CCCCOP(=S)(COCP(=S)(OCCCC)OCCCC)OCCCC,CCCCOP(=S)(COCP(=S)(OCCCC)OCCCC)OCCCC,"[4, 6, 8, 11, 12, 17, 22]","[""O(ether)"", ""S(donor)"", ""O(ether)"", ""S(donor)"", ""O(ether)"", ""O(ether)"", ""O(ether)""]",7,9,1,water,water,2,63|CCCCOP(=S)(COCP(=S)(OCCCC)OCCCC)OCCCC|water,1,1,acid_class=nitrate|acid_strength_bin=very_low|nitrate_activity=very_low|pH_bin=missing|diluent_family=aliphatic_hydrocarbon|modifier_class=none|temperature_bin=ambient|contact_time_bin=medium|shaking_time_bin=missing|phase_ratio_bin=missing,0.0113,0.0113,22.0,22.0,planned,ok,,,
50cc1d238b7c,,63,Eu,3,CCCCOP(=S)(COCP(=S)(OCCCC)OCCCC)OCCCC,CCCCOP(=S)(COCP(=S)(OCCCC)OCCCC)OCCCC,"[4, 6, 8, 11, 12, 17, 22]","[""O(ether)"", ""S(donor)"", ""O(ether)"", ""S(donor)"", ""O(ether)"", ""O(ether)"", ""O(ether)""]",7,9,1,nitrate,nitrate,2,63|CCCCOP(=S)(COCP(=S)(OCCCC)OCCCC)OCCCC|nitrate,5,3,acid_class=nitrate|acid_strength_bin=high|nitrate_activity=high|pH_bin=missing|diluent_family=aliphatic_hydrocarbon|modifier_class=none|temperature_bin=ambient|contact_time_bin=medium|shaking_time_bin=missing|phase_ratio_bin=missing;acid_class=nitrate|acid_strength_bin=low|nitrate_activity=low|pH_bin=missing|diluent_family=aliphatic_hydrocarbon|modifier_class=none|temperature_bin=ambient|contact_time_bin=medium|shaking_time_bin=missing|phase_ratio_bin=missing;acid_class=nitrate|acid_strength_bin=medium|nitrate_activity=medium|pH_bin=missing|diluent_family=aliphatic_hydrocarbon|modifier_class=none|temperature_bin=ambient|contact_time_bin=medium|shaking_time_bin=missing|phase_ratio_bin=missing,0.1097,4.0133,22.0,22.0,planned,ok,,,
cb9b04403ae5,,63,Eu,3,Cc1ccn(-c2cncc(-n3ccc(C)n3)n2)n1,Cc1ccn(-c2cncc(-n3ccc(C)n3)n2)n1,"[4, 7, 10, 15, 16, 17]","[""N(aromatic)"", ""N(aromatic)"", ""N(aromatic)"", ""N(aromatic)"", ""N(aromatic)"", ""N(aromatic)""]",6,9,1,nitrate,nitrate,3,63|Cc1ccn(-c2cncc(-n3ccc(C)n3)n2)n1|nitrate,1,1,acid_class=nitrate|acid_strength_bin=medium|nitrate_activity=medium|pH_bin=missing|diluent_family=alcohol_modifier|modifier_class=none|temperature_bin=ambient|contact_time_bin=medium|shaking_time_bin=missing|phase_ratio_bin=missing,0.98,0.98,21.0,21.0,planned,fill_1x_nitrate,,,
063ec39d482f,,63,Eu,3,Cc1cc(-c2cc(C)cc(-c3nnc4c(n3)C(C)(C)CCC4(C)C)n2)nc(-c2nnc3c(n2)C(C)(C)CCC3(C)C)c1,Cc1cc(-c2cc(C)cc(-c3nnc4c(n3)C(C)(C)CCC4(C)C)n2)nc(-c2nnc3c(n2)C(C)(C)CCC3(C)C)c1,"[11, 12, 15, 24, 25, 28, 29, 32]","[""N(aromatic)"", ""N(aromatic)"", ""N(aromatic)"", ""N(aromatic)"", ""N(aromatic)"", ""N(aromatic)"", ""N(aromatic)"", ""N(aromatic)""]",8,9,1,water,water,1,63|Cc1cc(-c2cc(C)cc(-c3nnc4c(n3)C(C)(C)CCC4(C)C)n2)nc(-c2nnc3c(n2)C(C)(C)CCC3(C)C)c1|water,2,2,acid_class=nitrate|acid_strength_bin=very_low|nitrate_activity=very_low|pH_bin=missing|diluent_family=alcohol_modifier|modifier_class=none|temperature_bin=ambient|contact_time_bin=long|shaking_time_bin=missing|phase_ratio_bin=missing;acid_class=nitrate|acid_strength_bin=very_low|nitrate_activity=very_low|pH_bin=missing|diluent_family=other|modifier_class=none|temperature_bin=ambient|contact_time_bin=long|shaking_time_bin=missing|phase_ratio_bin=missing,0.01,0.01,22.0,22.0,planned,fill_5x_water,,,
1a8a8a56f3cb,,63,Eu,3,Cc1cc(-c2cc(C)cc(-c3nnc4c(n3)C(C)(C)CCC4(C)C)n2)nc(-c2nnc3c(n2)C(C)(C)CCC3(C)C)c1,Cc1cc(-c2cc(C)cc(-c3nnc4c(n3)C(C)(C)CCC4(C)C)n2)nc(-c2nnc3c(n2)C(C)(C)CCC3(C)C)c1,"[11, 12, 15, 24, 25, 28, 29, 32]","[""N(aromatic)"", ""N(aromatic)"", ""N(aromatic)"", ""N(aromatic)"", ""N(aromatic)"", ""N(aromatic)"", ""N(aromatic)"", ""N(aromatic)""]",8,9,1,nitrate,nitrate,1,63|Cc1cc(-c2cc(C)cc(-c3nnc4c(n3)C(C)(C)CCC4(C)C)n2)nc(-c2nnc3c(n2)C(C)(C)CCC3(C)C)c1|nitrate,14,7,acid_class=nitrate|acid_strength_bin=high|nitrate_activity=high|pH_bin=missing|diluent_family=alcohol_modifier|modifier_class=none|temperature_bin=ambient|contact_time_bin=long|shaking_time_bin=missing|phase_ratio_bin=missing;acid_class=nitrate|acid_strength_bin=high|nitrate_activity=high|pH_bin=missing|diluent_family=alcohol_modifier|modifier_class=none|temperature_bin=ambient|contact_time_bin=medium|shaking_time_bin=missing|phase_ratio_bin=missing;acid_class=nitrate|acid_strength_bin=high|nitrate_activity=high|pH_bin=missing|diluent_family=other|modifier_class=none|temperature_bin=ambient|contact_time_bin=long|shaking_time_bin=missing|phase_ratio_bin=missing;acid_class=nitrate|acid_strength_bin=low|nitrate_activity=low|pH_bin=missing|diluent_family=alcohol_modifier|modifier_class=none|temperature_bin=ambient|contact_time_bin=long|shaking_time_bin=missing|phase_ratio_bin=missing;acid_class=nitrate|acid_strength_bin=low|nitrate_activity=low|pH_bin=missing|diluent_family=other|modifier_class=none|temperature_bin=ambient|contact_time_bin=long|shaking_time_bin=missing|phase_ratio_bin=missing,0.1,4.0,22.0,22.0,planned,fill_5x_nitrate,,,
e9fcac340ff5,,63,Eu,3,S=P(COCP(=S)(c1ccccc1)c1ccccc1)(c1ccccc1)c1ccccc1,S=P(COCP(=S)(c1ccccc1)c1ccccc1)(c1ccccc1)c1ccccc1,"[0, 3, 6]","[""S(donor)"", ""O(ether)"", ""S(donor)""]",3,9,3,water,water,0,63|S=P(COCP(=S)(c1ccccc1)c1ccccc1)(c1ccccc1)c1ccccc1|water,1,1,acid_class=nitrate|acid_strength_bin=very_low|nitrate_activity=very_low|pH_bin=missing|diluent_family=alcohol_modifier|modifier_class=none|temperature_bin=ambient|contact_time_bin=medium|shaking_time_bin=missing|phase_ratio_bin=missing,0.01,0.01,22.0,22.0,planned,ok,,,
e980ea72c7c8,,63,Eu,3,S=P(COCP(=S)(c1ccccc1)c1ccccc1)(c1ccccc1)c1ccccc1,S=P(COCP(=S)(c1ccccc1)c1ccccc1)(c1ccccc1)c1ccccc1,"[0, 3, 6]","[""S(donor)"", ""O(ether)"", ""S(donor)""]",3,9,3,nitrate,nitrate,0,63|S=P(COCP(=S)(c1ccccc1)c1ccccc1)(c1ccccc1)c1ccccc1|nitrate,5,3,acid_class=nitrate|acid_strength_bin=high|nitrate_activity=high|pH_bin=missing|diluent_family=alcohol_modifier|modifier_class=none|temperature_bin=ambient|contact_time_bin=medium|shaking_time_bin=missing|phase_ratio_bin=missing;acid_class=nitrate|acid_strength_bin=low|nitrate_activity=low|pH_bin=missing|diluent_family=alcohol_modifier|modifier_class=none|temperature_bin=ambient|contact_time_bin=medium|shaking_time_bin=missing|phase_ratio_bin=missing;acid_class=nitrate|acid_strength_bin=medium|nitrate_activity=medium|pH_bin=missing|diluent_family=alcohol_modifier|modifier_class=none|temperature_bin=ambient|contact_time_bin=medium|shaking_time_bin=missing|phase_ratio_bin=missing,0.1,4.01,22.0,22.0,planned,ok,,,
b327caa3b7fb,,63,Eu,3,Cc1cc(C)n(-c2cncc(-n3nc(C)cc3C)n2)n1,Cc1cc(C)n(-c2cncc(-n3nc(C)cc3C)n2)n1,"[5, 8, 11, 12, 18, 19]","[""N(aromatic)"", ""N(aromatic)"", ""N(aromatic)"", ""N(aromatic)"", ""N(aromatic)"", ""N(aromatic)""]",6,9,1,nitrate,nitrate,3,63|Cc1cc(C)n(-c2cncc(-n3nc(C)cc3C)n2)n1|nitrate,6,3,acid_class=nitrate|acid_strength_bin=high|nitrate_activity=high|pH_bin=missing|diluent_family=alcohol_modifier|modifier_class=none|temperature_bin=ambient|contact_time_bin=medium|shaking_time_bin=missing|phase_ratio_bin=missing;acid_class=nitrate|acid_strength_bin=low|nitrate_activity=low|pH_bin=missing|diluent_family=alcohol_modifier|modifier_class=none|temperature_bin=ambient|contact_time_bin=medium|shaking_time_bin=missing|phase_ratio_bin=missing;acid_class=nitrate|acid_strength_bin=medium|nitrate_activity=medium|pH_bin=missing|diluent_family=alcohol_modifier|modifier_class=none|temperature_bin=ambient|contact_time_bin=medium|shaking_time_bin=missing|phase_ratio_bin=missing,0.1,4.0,21.0,21.0,planned,fill_1x_nitrate,,,
1841839a3d87,,63,Eu,3,CCCCCCCCN(CCCCCCCC)C(=O)COCP(=O)(OCCCC)OCCCC,CCCCCCCCN(CCCCCCCC)C(=O)COCP(=O)(OCCCC)OCCCC,"[18, 20, 23, 24, 29]","[""O(amide_carbonyl)"", ""O(ether)"", ""O(ether)"", ""O(ether)"", ""O(ether)""]",5,9,1,water,water,4,63|CCCCCCCCN(CCCCCCCC)C(=O)COCP(=O)(OCCCC)OCCCC|water,1,1,acid_class=nitrate|acid_strength_bin=trace|nitrate_activity=trace|pH_bin=missing|diluent_family=aliphatic_hydrocarbon|modifier_class=none|temperature_bin=ambient|contact_time_bin=medium|shaking_time_bin=missing|phase_ratio_bin=missing,0.0096,0.0096,22.0,22.0,planned,ok,,,
e4175b10a80b,,63,Eu,3,CCCCCCCCN(CCCCCCCC)C(=O)COCP(=O)(OCCCC)OCCCC,CCCCCCCCN(CCCCCCCC)C(=O)COCP(=O)(OCCCC)OCCCC,"[18, 20, 23, 24, 29]","[""O(amide_carbonyl)"", ""O(ether)"", ""O(ether)"", ""O(ether)"", ""O(ether)""]",5,9,1,nitrate,nitrate,4,63|CCCCCCCCN(CCCCCCCC)C(=O)COCP(=O)(OCCCC)OCCCC|nitrate,5,3,acid_class=nitrate|acid_strength_bin=high|nitrate_activity=high|pH_bin=missing|diluent_family=aliphatic_hydrocarbon|modifier_class=none|temperature_bin=ambient|contact_time_bin=medium|shaking_time_bin=missing|phase_ratio_bin=missing;acid_class=nitrate|acid_strength_bin=low|nitrate_activity=low|pH_bin=missing|diluent_family=aliphatic_hydrocarbon|modifier_class=none|temperature_bin=ambient|contact_time_bin=medium|shaking_time_bin=missing|phase_ratio_bin=missing;acid_class=nitrate|acid_strength_bin=medium|nitrate_activity=medium|pH_bin=missing|diluent_family=aliphatic_hydrocarbon|modifier_class=none|temperature_bin=ambient|contact_time_bin=medium|shaking_time_bin=missing|phase_ratio_bin=missing,0.1025,4.0133,22.0,22.0,planned,ok,,,
e144203cfc4e,,63,Eu,3,CCCCCCCCN(CCCCCCCC)C(=O)COCP(=O)(CCCC)CCCC,CCCCCCCCN(CCCCCCCC)C(=O)COCP(=O)(CCCC)CCCC,"[18, 20, 23]","[""O(amide_carbonyl)"", ""O(ether)"", ""O(ether)""]",3,9,3,water,water,0,63|CCCCCCCCN(CCCCCCCC)C(=O)COCP(=O)(CCCC)CCCC|water,1,1,acid_class=nitrate|acid_strength_bin=trace|nitrate_activity=trace|pH_bin=missing|diluent_family=aliphatic_hydrocarbon|modifier_class=none|temperature_bin=ambient|contact_time_bin=medium|shaking_time_bin=missing|phase_ratio_bin=missing,0.0096,0.0096,22.0,22.0,planned,ok,,,
57344db3e043,,63,Eu,3,CCCCCCCCN(CCCCCCCC)C(=O)COCP(=O)(CCCC)CCCC,CCCCCCCCN(CCCCCCCC)C(=O)COCP(=O)(CCCC)CCCC,"[18, 20, 23]","[""O(amide_carbonyl)"", ""O(ether)"", ""O(ether)""]",3,9,3,nitrate,nitrate,0,63|CCCCCCCCN(CCCCCCCC)C(=O)COCP(=O)(CCCC)CCCC|nitrate,5,3,acid_class=nitrate|acid_strength_bin=high|nitrate_activity=high|pH_bin=missing|diluent_family=aliphatic_hydrocarbon|modifier_class=none|temperature_bin=ambient|contact_time_bin=medium|shaking_time_bin=missing|phase_ratio_bin=missing;acid_class=nitrate|acid_strength_bin=low|nitrate_activity=low|pH_bin=missing|diluent_family=aliphatic_hydrocarbon|modifier_class=none|temperature_bin=ambient|contact_time_bin=medium|shaking_time_bin=missing|phase_ratio_bin=missing;acid_class=nitrate|acid_strength_bin=medium|nitrate_activity=medium|pH_bin=missing|diluent_family=aliphatic_hydrocarbon|modifier_class=none|temperature_bin=ambient|contact_time_bin=medium|shaking_time_bin=missing|phase_ratio_bin=missing,0.1025,4.0133,22.0,22.0,planned,ok,,,
c0236f78b8f1,,63,Eu,3,CCCCCCCCN(CCCCCCCC)C(=O)CNCP(=O)(OCCCC)OCCCC,CCCCCCCCN(CCCCCCCC)C(=O)CNCP(=O)(OCCCC)OCCCC,"[18, 20, 23, 24, 29]","[""O(amide_carbonyl)"", ""N(amine)"", ""O(ether)"", ""O(ether)"", ""O(ether)""]",5,9,1,water,water,4,63|CCCCCCCCN(CCCCCCCC)C(=O)CNCP(=O)(OCCCC)OCCCC|water,1,1,acid_class=nitrate|acid_strength_bin=trace|nitrate_activity=trace|pH_bin=missing|diluent_family=aliphatic_hydrocarbon|modifier_class=none|temperature_bin=ambient|contact_time_bin=medium|shaking_time_bin=missing|phase_ratio_bin=missing,0.0096,0.0096,22.0,22.0,planned,ok,,,
870627e86abc,,63,Eu,3,CCCCCCCCN(CCCCCCCC)C(=O)CNCP(=O)(OCCCC)OCCCC,CCCCCCCCN(CCCCCCCC)C(=O)CNCP(=O)(OCCCC)OCCCC,"[18, 20, 23, 24, 29]","[""O(amide_carbonyl)"", ""N(amine)"", ""O(ether)"", ""O(ether)"", ""O(ether)""]",5,9,1,nitrate,nitrate,4,63|CCCCCCCCN(CCCCCCCC)C(=O)CNCP(=O)(OCCCC)OCCCC|nitrate,5,3,acid_class=nitrate|acid_strength_bin=high|nitrate_activity=high|pH_bin=missing|diluent_family=aliphatic_hydrocarbon|modifier_class=none|temperature_bin=ambient|contact_time_bin=medium|shaking_time_bin=missing|phase_ratio_bin=missing;acid_class=nitrate|acid_strength_bin=low|nitrate_activity=low|pH_bin=missing|diluent_family=aliphatic_hydrocarbon|modifier_class=none|temperature_bin=ambient|contact_time_bin=medium|shaking_time_bin=missing|phase_ratio_bin=missing;acid_class=nitrate|acid_strength_bin=medium|nitrate_activity=medium|pH_bin=missing|diluent_family=aliphatic_hydrocarbon|modifier_class=none|temperature_bin=ambient|contact_time_bin=medium|shaking_time_bin=missing|phase_ratio_bin=missing,0.1025,4.0133,22.0,22.0,planned,ok,,,
8f2b8f746d4d,,63,Eu,3,CCCCCCCCN(CCCCCCCC)C(=O)CNCP(=O)(CCCC)CCCC,CCCCCCCCN(CCCCCCCC)C(=O)CNCP(=O)(CCCC)CCCC,"[18, 20, 23]","[""O(amide_carbonyl)"", ""N(amine)"", ""O(ether)""]",3,9,3,water,water,0,63|CCCCCCCCN(CCCCCCCC)C(=O)CNCP(=O)(CCCC)CCCC|water,1,1,acid_class=nitrate|acid_strength_bin=trace|nitrate_activity=trace|pH_bin=missing|diluent_family=aliphatic_hydrocarbon|modifier_class=none|temperature_bin=ambient|contact_time_bin=medium|shaking_time_bin=missing|phase_ratio_bin=missing,0.0096,0.0096,22.0,22.0,planned,ok,,,
71953fa62ef7,,63,Eu,3,CCCCCCCCN(CCCCCCCC)C(=O)CNCP(=O)(CCCC)CCCC,CCCCCCCCN(CCCCCCCC)C(=O)CNCP(=O)(CCCC)CCCC,"[18, 20, 23]","[""O(amide_carbonyl)"", ""N(amine)"", ""O(ether)""]",3,9,3,nitrate,nitrate,0,63|CCCCCCCCN(CCCCCCCC)C(=O)CNCP(=O)(CCCC)CCCC|nitrate,5,3,acid_class=nitrate|acid_strength_bin=high|nitrate_activity=high|pH_bin=missing|diluent_family=aliphatic_hydrocarbon|modifier_class=none|temperature_bin=ambient|contact_time_bin=medium|shaking_time_bin=missing|phase_ratio_bin=missing;acid_class=nitrate|acid_strength_bin=low|nitrate_activity=low|pH_bin=missing|diluent_family=aliphatic_hydrocarbon|modifier_class=none|temperature_bin=ambient|contact_time_bin=medium|shaking_time_bin=missing|phase_ratio_bin=missing;acid_class=nitrate|acid_strength_bin=medium|nitrate_activity=medium|pH_bin=missing|diluent_family=aliphatic_hydrocarbon|modifier_class=none|temperature_bin=ambient|contact_time_bin=medium|shaking_time_bin=missing|phase_ratio_bin=missing,0.1025,4.0133,22.0,22.0,planned,ok,,,
54b95afb1c96,,63,Eu,3,CC(C)(C)c1cc(-c2cc(C(C)(C)C)cc(-c3nnc4c(n3)C(C)(C)CCC4(C)C)n2)nc(-c2nnc3c(n2)C(C)(C)CCC3(C)C)c1,CC(C)(C)c1cc(-c2cc(C(C)(C)C)cc(-c3nnc4c(n3)C(C)(C)CCC4(C)C)n2)nc(-c2nnc3c(n2)C(C)(C)CCC3(C)C)c1,"[17, 18, 21, 30, 31, 34, 35, 38]","[""N(aromatic)"", ""N(aromatic)"", ""N(aromatic)"", ""N(aromatic)"", ""N(aromatic)"", ""N(aromatic)"", ""N(aromatic)"", ""N(aromatic)""]",8,9,1,nitrate,nitrate,1,63|CC(C)(C)c1cc(-c2cc(C(C)(C)C)cc(-c3nnc4c(n3)C(C)(C)CCC4(C)C)n2)nc(-c2nnc3c(n2)C(C)(C)CCC3(C)C)c1|nitrate,15,7,acid_class=nitrate|acid_strength_bin=high|nitrate_activity=high|pH_bin=missing|diluent_family=alcohol_modifier|modifier_class=none|temperature_bin=ambient|contact_time_bin=long|shaking_time_bin=missing|phase_ratio_bin=missing;acid_class=nitrate|acid_strength_bin=high|nitrate_activity=high|pH_bin=missing|diluent_family=alcohol_modifier|modifier_class=none|temperature_bin=ambient|contact_time_bin=medium|shaking_time_bin=missing|phase_ratio_bin=missing;acid_class=nitrate|acid_strength_bin=high|nitrate_activity=high|pH_bin=missing|diluent_family=other|modifier_class=none|temperature_bin=ambient|contact_time_bin=long|shaking_time_bin=missing|phase_ratio_bin=missing;acid_class=nitrate|acid_strength_bin=low|nitrate_activity=low|pH_bin=missing|diluent_family=alcohol_modifier|modifier_class=none|temperature_bin=ambient|contact_time_bin=long|shaking_time_bin=missing|phase_ratio_bin=missing;acid_class=nitrate|acid_strength_bin=low|nitrate_activity=low|pH_bin=missing|diluent_family=other|modifier_class=none|temperature_bin=ambient|contact_time_bin=long|shaking_time_bin=missing|phase_ratio_bin=missing,0.1,4.0,22.0,22.0,planned,fill_5x_nitrate,,,
25ade73f3220,,63,Eu,3,CC1(C)CCC(C)(C)c2nc(-c3cccc(-c4cccc(-c5cccc(-c6nnc7c(n6)C(C)(C)CCC7(C)C)n5)n4)n3)nnc21,CC1(C)CCC(C)(C)c2nc(-c3cccc(-c4cccc(-c5cccc(-c6nnc7c(n6)C(C)(C)CCC7(C)C)n5)n4)n3)nnc21,"[9, 27, 28, 31, 40, 41, 42, 43]","[""N(aromatic)"", ""N(aromatic)"", ""N(aromatic)"", ""N(aromatic)"", ""N(aromatic)"", ""N(aromatic)"", ""N(aromatic)"", ""N(aromatic)""]",8,9,1,water,water,1,63|CC1(C)CCC(C)(C)c2nc(-c3cccc(-c4cccc(-c5cccc(-c6nnc7c(n6)C(C)(C)CCC7(C)C)n5)n4)n3)nnc21|water,1,1,acid_class=nitrate|acid_strength_bin=very_low|nitrate_activity=very_low|pH_bin=missing|diluent_family=alcohol_modifier|modifier_class=none|temperature_bin=ambient|contact_time_bin=medium|shaking_time_bin=missing|phase_ratio_bin=missing,0.01,0.01,22.0,22.0,planned,fill_4x_water,,,
564f08cabcd9,,63,Eu,3,S=P(S)(c1ccccc1Cl)c1ccccc1Cl,S=P(S)(c1ccccc1Cl)c1ccccc1Cl,"[0, 2]","[""S(donor)"", ""S(donor)""]",2,9,4,nitrate,nitrate,1,63|S=P(S)(c1ccccc1Cl)c1ccccc1Cl|nitrate,1,1,acid_class=nitrate|acid_strength_bin=low|nitrate_activity=low|pH_bin=missing|diluent_family=aromatic|modifier_class=none|temperature_bin=ambient|contact_time_bin=missing|shaking_time_bin=missing|phase_ratio_bin=missing,0.4,0.4,21.0,21.0,planned,fill_1x_nitrate,,,
08cfcc1735a0,,63,Eu,3,CCN(CC)C(=O)c1ccc2ccc3cccnc3c2n1,CCN(CC)C(=O)c1ccc2ccc3cccnc3c2n1,"[6, 17, 20]","[""O(amide_carbonyl)"", ""N(aromatic)"", ""N(aromatic)""]",3,9,3,water,water,0,63|CCN(CC)C(=O)c1ccc2ccc3cccnc3c2n1|water,12,2,acid_class=nitrate|acid_strength_bin=trace|nitrate_activity=trace|pH_bin=missing|diluent_family=chlorinated|modifier_class=none|temperature_bin=ambient|contact_time_bin=missing|shaking_time_bin=missing|phase_ratio_bin=missing;acid_class=nitrate|acid_strength_bin=very_low|nitrate_activity=very_low|pH_bin=missing|diluent_family=chlorinated|modifier_class=none|temperature_bin=ambient|contact_time_bin=missing|shaking_time_bin=missing|phase_ratio_bin=missing,0.0001,0.01,20.0,20.0,planned,ok,,,
2d076d76c359,,63,Eu,3,CCN(CC)C(=O)c1ccc2ccc3cccnc3c2n1,CCN(CC)C(=O)c1ccc2ccc3cccnc3c2n1,"[6, 17, 20]","[""O(amide_carbonyl)"", ""N(aromatic)"", ""N(aromatic)""]",3,9,3,nitrate,nitrate,0,63|CCN(CC)C(=O)c1ccc2ccc3cccnc3c2n1|nitrate,2,2,acid_class=nitrate|acid_strength_bin=low|nitrate_activity=low|pH_bin=missing|diluent_family=chlorinated|modifier_class=none|temperature_bin=ambient|contact_time_bin=missing|shaking_time_bin=missing|phase_ratio_bin=missing;acid_class=nitrate|acid_strength_bin=medium|nitrate_activity=medium|pH_bin=missing|diluent_family=chlorinated|modifier_class=none|temperature_bin=ambient|contact_time_bin=missing|shaking_time_bin=missing|phase_ratio_bin=missing,0.1,1.0,20.0,20.0,planned,ok,,,
33805e18724f,,63,Eu,3,CCCCN(CCCC)C(=O)c1ccc2ccc3cccnc3c2n1,CCCCN(CCCC)C(=O)c1ccc2ccc3cccnc3c2n1,"[10, 21, 24]","[""O(amide_carbonyl)"", ""N(aromatic)"", ""N(aromatic)""]",3,9,3,water,water,0,63|CCCCN(CCCC)C(=O)c1ccc2ccc3cccnc3c2n1|water,4,2,acid_class=nitrate|acid_strength_bin=trace|nitrate_activity=trace|pH_bin=missing|diluent_family=chlorinated|modifier_class=none|temperature_bin=ambient|contact_time_bin=missing|shaking_time_bin=missing|phase_ratio_bin=missing;acid_class=nitrate|acid_strength_bin=very_low|nitrate_activity=very_low|pH_bin=missing|diluent_family=chlorinated|modifier_class=none|temperature_bin=ambient|contact_time_bin=missing|shaking_time_bin=missing|phase_ratio_bin=missing,0.0001,0.01,20.0,20.0,planned,ok,,,
991e05389d9e,,63,Eu,3,CCCCN(CCCC)C(=O)c1ccc2ccc3cccnc3c2n1,CCCCN(CCCC)C(=O)c1ccc2ccc3cccnc3c2n1,"[10, 21, 24]","[""O(amide_carbonyl)"", ""N(aromatic)"", ""N(aromatic)""]",3,9,3,nitrate,nitrate,0,63|CCCCN(CCCC)C(=O)c1ccc2ccc3cccnc3c2n1|nitrate,2,2,acid_class=nitrate|acid_strength_bin=low|nitrate_activity=low|pH_bin=missing|diluent_family=chlorinated|modifier_class=none|temperature_bin=ambient|contact_time_bin=missing|shaking_time_bin=missing|phase_ratio_bin=missing;acid_class=nitrate|acid_strength_bin=medium|nitrate_activity=medium|pH_bin=missing|diluent_family=chlorinated|modifier_class=none|temperature_bin=ambient|contact_time_bin=missing|shaking_time_bin=missing|phase_ratio_bin=missing,0.1,1.0,20.0,20.0,planned,ok,,,
cf6c818eb329,,63,Eu,3,CCCCCCN(CCCCCC)C(=O)c1ccc2ccc3cccnc3c2n1,CCCCCCN(CCCCCC)C(=O)c1ccc2ccc3cccnc3c2n1,"[14, 25, 28]","[""O(amide_carbonyl)"", ""N(aromatic)"", ""N(aromatic)""]",3,9,3,water,water,0,63|CCCCCCN(CCCCCC)C(=O)c1ccc2ccc3cccnc3c2n1|water,4,2,acid_class=nitrate|acid_strength_bin=trace|nitrate_activity=trace|pH_bin=missing|diluent_family=chlorinated|modifier_class=none|temperature_bin=ambient|contact_time_bin=missing|shaking_time_bin=missing|phase_ratio_bin=missing;acid_class=nitrate|acid_strength_bin=very_low|nitrate_activity=very_low|pH_bin=missing|diluent_family=chlorinated|modifier_class=none|temperature_bin=ambient|contact_time_bin=missing|shaking_time_bin=missing|phase_ratio_bin=missing,0.0001,0.01,20.0,20.0,planned,ok,,,
a0be3cc9b33b,,63,Eu,3,CCCCCCN(CCCCCC)C(=O)c1ccc2ccc3cccnc3c2n1,CCCCCCN(CCCCCC)C(=O)c1ccc2ccc3cccnc3c2n1,"[14, 25, 28]","[""O(amide_carbonyl)"", ""N(aromatic)"", ""N(aromatic)""]",3,9,3,nitrate,nitrate,0,63|CCCCCCN(CCCCCC)C(=O)c1ccc2ccc3cccnc3c2n1|nitrate,2,2,acid_class=nitrate|acid_strength_bin=low|nitrate_activity=low|pH_bin=missing|diluent_family=chlorinated|modifier_class=none|temperature_bin=ambient|contact_time_bin=missing|shaking_time_bin=missing|phase_ratio_bin=missing;acid_class=nitrate|acid_strength_bin=medium|nitrate_activity=medium|pH_bin=missing|diluent_family=chlorinated|modifier_class=none|temperature_bin=ambient|contact_time_bin=missing|shaking_time_bin=missing|phase_ratio_bin=missing,0.1,1.0,20.0,20.0,planned,ok,,,
2a477ef1f0f3,,63,Eu,3,CCCCCCn1c(-c2ccccc2)c(-c2ccccc2)c2cc3ccc4cc5c(-c6ccccc6)c(-c6ccccc6)n(CCCCCC)c(=O)c5nc4c3nc2c1=O,CCCCCCn1c(-c2ccccc2)c(-c2ccccc2)c2cc3ccc4cc5c(-c6ccccc6)c(-c6ccccc6)n(CCCCCC)c(=O)c5nc4c3nc2c1=O,"[6, 43, 51, 53, 56, 59]","[""N(aromatic)"", ""N(aromatic)"", ""O(amide_carbonyl)"", ""N(aromatic)"", ""N(aromatic)"", ""O(amide_carbonyl)""]",6,9,1,nitrate,nitrate,3,63|CCCCCCn1c(-c2ccccc2)c(-c2ccccc2)c2cc3ccc4cc5c(-c6ccccc6)c(-c6ccccc6)n(CCCCCC)c(=O)c5nc4c3nc2c1=O|nitrate,1,1,acid_class=nitrate|acid_strength_bin=medium|nitrate_activity=medium|pH_bin=missing|diluent_family=chlorinated|modifier_class=none|temperature_bin=ambient|contact_time_bin=missing|shaking_time_bin=missing|phase_ratio_bin=missing,0.9,0.9,25.0,25.0,planned,fill_5x_nitrate,,,
fbeb4feade31,,63,Eu,3,CCCCCCn1c(-c2ccccc2)c(-c2ccccc2)c2cc3ccc4cc5c(-c6ccccc6)c(-c6ccccc6)n(CCCCCC)c(=O)c5nc4c3nc2c1=O,CCCCCCn1c(-c2ccccc2)c(-c2ccccc2)c2cc3ccc4cc5c(-c6ccccc6)c(-c6ccccc6)n(CCCCCC)c(=O)c5nc4c3nc2c1=O,"[6, 43, 51, 53, 56, 59]","[""N(aromatic)"", ""N(aromatic)"", ""O(amide_carbonyl)"", ""N(aromatic)"", ""N(aromatic)"", ""O(amide_carbonyl)""]",6,9,1,water,water,3,63|CCCCCCn1c(-c2ccccc2)c(-c2ccccc2)c2cc3ccc4cc5c(-c6ccccc6)c(-c6ccccc6)n(CCCCCC)c(=O)c5nc4c3nc2c1=O|water,1,1,acid_class=chloride|acid_strength_bin=medium|nitrate_activity=none|pH_bin=missing|diluent_family=chlorinated|modifier_class=none|temperature_bin=ambient|contact_time_bin=missing|shaking_time_bin=missing|phase_ratio_bin=missing,0.9,0.9,25.0,25.0,planned,fill_5x_water,,,
6657c2fbd39d,,63,Eu,3,O=c1c(O)c(-c2ccc(O)c(O)c2)oc2cc(O)cc(O)c12,O=c1c(O)c(-c2ccc(O)c(O)c2)oc2cc(O)cc(O)c12,"[0, 3, 9, 11, 13, 17, 20]","[""O(carbonyl)"", ""O(hydroxyl)"", ""O(hydroxyl)"", ""O(hydroxyl)"", ""O(ether)"", ""O(hydroxyl)"", ""O(hydroxyl)""]",7,9,1,nitrate,nitrate,2,63|O=c1c(O)c(-c2ccc(O)c(O)c2)oc2cc(O)cc(O)c12|nitrate,1,1,acid_class=nitrate|acid_strength_bin=high|nitrate_activity=high|pH_bin=missing|diluent_family=alcohol_modifier|modifier_class=none|temperature_bin=ambient|contact_time_bin=missing|shaking_time_bin=missing|phase_ratio_bin=missing,2.0,2.0,25.0,25.0,planned,fill_5x_nitrate,,,
31f52aef156c,,63,Eu,3,c1cc2nc(c1)COc1ccccc1OCCOCCOc1ccccc1OC2,c1cc2nc(c1)COc1ccccc1OCCOCCOc1ccccc1OC2,"[3, 7, 14, 17, 20, 27]","[""N(aromatic)"", ""O(ether)"", ""O(ether)"", ""O(ether)"", ""O(ether)"", ""O(ether)""]",6,9,1,nitrate,nitrate,3,63|c1cc2nc(c1)COc1ccccc1OCCOCCOc1ccccc1OC2|nitrate,1,1,acid_class=nitrate|acid_strength_bin=medium|nitrate_activity=medium|pH_bin=missing|diluent_family=other|modifier_class=none|temperature_bin=ambient|contact_time_bin=missing|shaking_time_bin=missing|phase_ratio_bin=missing,1.0,1.0,25.0,25.0,planned,fill_3x_nitrate,,,
fe5652c1478d,,63,Eu,3,c1ccc2c(c1)OCCOCCOc1ccccc1OCCOCCO2,c1ccc2c(c1)OCCOCCOc1ccccc1OCCOCCO2,"[6, 9, 12, 19, 22, 25]","[""O(ether)"", ""O(ether)"", ""O(ether)"", ""O(ether)"", ""O(ether)"", ""O(ether)""]",6,9,1,nitrate,nitrate,3,63|c1ccc2c(c1)OCCOCCOc1ccccc1OCCOCCO2|nitrate,1,1,acid_class=nitrate|acid_strength_bin=medium|nitrate_activity=medium|pH_bin=missing|diluent_family=other|modifier_class=none|temperature_bin=ambient|contact_time_bin=missing|shaking_time_bin=missing|phase_ratio_bin=missing,1.0,1.0,25.0,25.0,planned,fill_3x_nitrate,,,
a6c0fadcfd26,,63,Eu,3,C1CCC2OCCOCCOC3CCCCC3OCCOCCOC2C1,C1CCC2OCCOCCOC3CCCCC3OCCOCCOC2C1,"[4, 7, 10, 17, 20, 23]","[""O(ether)"", ""O(ether)"", ""O(ether)"", ""O(ether)"", ""O(ether)"", ""O(ether)""]",6,9,1,nitrate,nitrate,3,63|C1CCC2OCCOCCOC3CCCCC3OCCOCCOC2C1|nitrate,1,1,acid_class=nitrate|acid_strength_bin=medium|nitrate_activity=medium|pH_bin=missing|diluent_family=other|modifier_class=none|temperature_bin=ambient|contact_time_bin=missing|shaking_time_bin=missing|phase_ratio_bin=missing,1.0,1.0,25.0,25.0,planned,fill_3x_nitrate,,,
c413b0bec1f8,,64,Gd,3,CCCCCCCCCCN(CCCCCCCCCC)C(=O)COCC(=O)N(CCCCCCCCCC)CCCCCCCCCC,CCCCCCCCCCN(CCCCCCCCCC)C(=O)COCC(=O)N(CCCCCCCCCC)CCCCCCCCCC,"[22, 24, 27]","[""O(amide_carbonyl)"", ""O(ether)"", ""O(amide_carbonyl)""]",3,9,3,nitrate,nitrate,0,64|CCCCCCCCCCN(CCCCCCCCCC)C(=O)COCC(=O)N(CCCCCCCCCC)CCCCCCCCCC|nitrate,1,1,acid_class=nitrate|acid_strength_bin=medium|nitrate_activity=medium|pH_bin=missing|diluent_family=aromatic|modifier_class=none|temperature_bin=ambient|contact_time_bin=missing|shaking_time_bin=missing|phase_ratio_bin=missing,1.5,1.5,25.0,25.0,planned,ok,,,
22416499ab5a,,64,Gd,3,CCCCCCN(CCCCCC)C(=O)COCC(=O)N(CCCCCC)CCCCCC,CCCCCCN(CCCCCC)C(=O)COCC(=O)N(CCCCCC)CCCCCC,"[14, 16, 19]","[""O(amide_carbonyl)"", ""O(ether)"", ""O(amide_carbonyl)""]",3,9,3,nitrate,nitrate,0,64|CCCCCCN(CCCCCC)C(=O)COCC(=O)N(CCCCCC)CCCCCC|nitrate,2,2,acid_class=nitrate|acid_strength_bin=medium|nitrate_activity=medium|pH_bin=missing|diluent_family=aromatic|modifier_class=none|temperature_bin=ambient|contact_time_bin=missing|shaking_time_bin=missing|phase_ratio_bin=missing;acid_class=nitrate|acid_strength_bin=medium|nitrate_activity=medium|pH_bin=missing|diluent_family=aromatic|modifier_class=none|temperature_bin=ambient|contact_time_bin=short|shaking_time_bin=missing|phase_ratio_bin=missing,1.5,1.5,25.0,25.0,planned,ok,,,
07350ab67185,,64,Gd,3,CCCCC(CC)CN(CC(CC)CCCC)C(=O)COCC(=O)N(CC(CC)CCCC)CC(CC)CCCC,CCCCC(CC)CN(CC(CC)CCCC)C(=O)COCC(=O)N(CC(CC)CCCC)CC(CC)CCCC,"[18, 20, 23]","[""O(amide_carbonyl)"", ""O(ether)"", ""O(amide_carbonyl)""]",3,9,3,nitrate,nitrate,0,64|CCCCC(CC)CN(CC(CC)CCCC)C(=O)COCC(=O)N(CC(CC)CCCC)CC(CC)CCCC|nitrate,2,2,acid_class=nitrate|acid_strength_bin=medium|nitrate_activity=medium|pH_bin=missing|diluent_family=aromatic|modifier_class=none|temperature_bin=ambient|contact_time_bin=missing|shaking_time_bin=missing|phase_ratio_bin=missing;acid_class=nitrate|acid_strength_bin=medium|nitrate_activity=medium|pH_bin=missing|diluent_family=aromatic|modifier_class=none|temperature_bin=ambient|contact_time_bin=short|shaking_time_bin=missing|phase_ratio_bin=missing,1.5,1.5,25.0,25.0,planned,ok,,,
8c6b3ff26d81,,64,Gd,3,CCCCN(CCCC)C(=O)COCC(=O)N(CCCC)CCCC,CCCCN(CCCC)C(=O)COCC(=O)N(CCCC)CCCC,"[10, 12, 15]","[""O(amide_carbonyl)"", ""O(ether)"", ""O(amide_carbonyl)""]",3,9,3,water,water,0,64|CCCCN(CCCC)C(=O)COCC(=O)N(CCCC)CCCC|water,10,4,acid_class=chloride|acid_strength_bin=high|nitrate_activity=none|pH_bin=missing|diluent_family=aromatic|modifier_class=none|temperature_bin=ambient|contact_time_bin=missing|shaking_time_bin=medium|phase_ratio_bin=missing;acid_class=chloride|acid_strength_bin=high|nitrate_activity=none|pH_bin=missing|diluent_family=other|modifier_class=none|temperature_bin=ambient|contact_time_bin=missing|shaking_time_bin=medium|phase_ratio_bin=missing;acid_class=chloride|acid_strength_bin=medium|nitrate_activity=none|pH_bin=missing|diluent_family=aromatic|modifier_class=none|temperature_bin=ambient|contact_time_bin=missing|shaking_time_bin=medium|phase_ratio_bin=missing;acid_class=chloride|acid_strength_bin=medium|nitrate_activity=none|pH_bin=missing|diluent_family=other|modifier_class=none|temperature_bin=ambient|contact_time_bin=missing|shaking_time_bin=medium|phase_ratio_bin=missing,1.00663,5.04107,25.0,25.0,planned,ok,,,
40369a910258,,64,Gd,3,CCCCCCCCN(CCCCCCCC)C(=O)[C@H](C)O[C@H](C)C(=O)N(CCCCCCCC)CCCCCCCC,CCCCCCCCN(CCCCCCCC)C(=O)[C@H](C)O[C@H](C)C(=O)N(CCCCCCCC)CCCCCCCC,"[18, 21, 25]","[""O(amide_carbonyl)"", ""O(ether)"", ""O(amide_carbonyl)""]",3,9,3,nitrate,nitrate,0,64|CCCCCCCCN(CCCCCCCC)C(=O)[C@H](C)O[C@H](C)C(=O)N(CCCCCCCC)CCCCCCCC|nitrate,1,1,acid_class=nitrate|acid_strength_bin=high|nitrate_activity=high|pH_bin=missing|diluent_family=aliphatic_hydrocarbon|modifier_class=none|temperature_bin=ambient|contact_time_bin=short|shaking_time_bin=missing|phase_ratio_bin=missing,4.3,4.3,22.0,22.0,planned,ok,,,
b2c371753758,,64,Gd,3,CN(C(=O)COCC(=O)N(C)c1ccccc1)c1ccccc1,CN(C(=O)COCC(=O)N(C)c1ccccc1)c1ccccc1,"[3, 5, 8]","[""O(amide_carbonyl)"", ""O(ether)"", ""O(amide_carbonyl)""]",3,9,3,nitrate,nitrate,0,64|CN(C(=O)COCC(=O)N(C)c1ccccc1)c1ccccc1|nitrate,6,5,acid_class=nitrate|acid_strength_bin=high|nitrate_activity=high|pH_bin=missing|diluent_family=chlorinated|modifier_class=none|temperature_bin=ambient|contact_time_bin=short|shaking_time_bin=missing|phase_ratio_bin=missing;acid_class=nitrate|acid_strength_bin=medium|nitrate_activity=medium|pH_bin=missing|diluent_family=aromatic|modifier_class=none|temperature_bin=ambient|contact_time_bin=medium|shaking_time_bin=missing|phase_ratio_bin=missing;acid_class=nitrate|acid_strength_bin=medium|nitrate_activity=medium|pH_bin=missing|diluent_family=aromatic|modifier_class=none|temperature_bin=ambient|contact_time_bin=short|shaking_time_bin=missing|phase_ratio_bin=missing;acid_class=nitrate|acid_strength_bin=medium|nitrate_activity=medium|pH_bin=missing|diluent_family=chlorinated|modifier_class=none|temperature_bin=ambient|contact_time_bin=medium|shaking_time_bin=missing|phase_ratio_bin=missing;acid_class=nitrate|acid_strength_bin=medium|nitrate_activity=medium|pH_bin=missing|diluent_family=other|modifier_class=none|temperature_bin=ambient|contact_time_bin=medium|shaking_time_bin=missing|phase_ratio_bin=missing,1.0,4.0,23.0,25.0,planned,ok,,,
b9c24641a88f,,64,Gd,3,CCCCN(CCCC)C(=O)COCC(=O)N(CCCC)CCCC,CCCCN(CCCC)C(=O)COCC(=O)N(CCCC)CCCC,"[10, 12, 15]","[""O(amide_carbonyl)"", ""O(ether)"", ""O(amide_carbonyl)""]",3,9,3,nitrate,nitrate,0,64|CCCCN(CCCC)C(=O)COCC(=O)N(CCCC)CCCC|nitrate,16,4,acid_class=nitrate|acid_strength_bin=low|nitrate_activity=low|pH_bin=missing|diluent_family=aromatic|modifier_class=none|temperature_bin=ambient|contact_time_bin=medium|shaking_time_bin=missing|phase_ratio_bin=missing;acid_class=nitrate|acid_strength_bin=medium|nitrate_activity=medium|pH_bin=missing|diluent_family=aromatic|modifier_class=none|temperature_bin=ambient|contact_time_bin=medium|shaking_time_bin=missing|phase_ratio_bin=missing;acid_class=nitrate|acid_strength_bin=medium|nitrate_activity=medium|pH_bin=missing|diluent_family=aromatic|modifier_class=none|temperature_bin=ambient|contact_time_bin=short|shaking_time_bin=missing|phase_ratio_bin=missing;acid_class=nitrate|acid_strength_bin=medium|nitrate_activity=medium|pH_bin=missing|diluent_family=aromatic|modifier_class=none|temperature_bin=warm|contact_time_bin=medium|shaking_time_bin=missing|phase_ratio_bin=missing,0.482055,1.59637,25.0,45.0,planned,ok,,,
33aeb266fd28,,64,Gd,3,CC(C)CN(CC(C)C)C(=O)COCC(=O)N(CC(C)C)CC(C)C,CC(C)CN(CC(C)C)C(=O)COCC(=O)N(CC(C)C)CC(C)C,"[10, 12, 15]","[""O(amide_carbonyl)"", ""O(ether)"", ""O(amide_carbonyl)""]",3,9,3,nitrate,nitrate,0,64|CC(C)CN(CC(C)C)C(=O)COCC(=O)N(CC(C)C)CC(C)C|nitrate,1,1,acid_class=nitrate|acid_strength_bin=medium|nitrate_activity=medium|pH_bin=missing|diluent_family=aromatic|modifier_class=none|temperature_bin=ambient|contact_time_bin=short|shaking_time_bin=missing|phase_ratio_bin=missing,1.5,1.5,25.0,25.0,planned,ok,,,
9401327b7867,,64,Gd,3,CCCCCCCCN(CC(C)C)C(=O)COCC(=O)N(CCCCCCCC)CC(C)C,CCCCCCCCN(CC(C)C)C(=O)COCC(=O)N(CCCCCCCC)CC(C)C,"[14, 16, 19]","[""O(amide_carbonyl)"", ""O(ether)"", ""O(amide_carbonyl)""]",3,9,3,nitrate,nitrate,0,64|CCCCCCCCN(CC(C)C)C(=O)COCC(=O)N(CCCCCCCC)CC(C)C|nitrate,1,1,acid_class=nitrate|acid_strength_bin=medium|nitrate_activity=medium|pH_bin=missing|diluent_family=aromatic|modifier_class=none|temperature_bin=ambient|contact_time_bin=short|shaking_time_bin=missing|phase_ratio_bin=missing,1.5,1.5,25.0,25.0,planned,ok,,,
b5d2516206e6,,64,Gd,3,CCCCCCCCN(CC(CC)CCCC)C(=O)COCC(=O)N(CCCCCCCC)CC(CC)CCCC,CCCCCCCCN(CC(CC)CCCC)C(=O)COCC(=O)N(CCCCCCCC)CC(CC)CCCC,"[18, 20, 23]","[""O(amide_carbonyl)"", ""O(ether)"", ""O(amide_carbonyl)""]",3,9,3,nitrate,nitrate,0,64|CCCCCCCCN(CC(CC)CCCC)C(=O)COCC(=O)N(CCCCCCCC)CC(CC)CCCC|nitrate,1,1,acid_class=nitrate|acid_strength_bin=medium|nitrate_activity=medium|pH_bin=missing|diluent_family=aromatic|modifier_class=none|temperature_bin=ambient|contact_time_bin=short|shaking_time_bin=missing|phase_ratio_bin=missing,1.5,1.5,25.0,25.0,planned,ok,,,
a95f2ba3f810,,64,Gd,3,CCCCC(CC)CN(CC(CC)CCCC)C(=O)COCC(=O)N(CC(CC)CCCC)CC(CC)CCCC,CCCCC(CC)CN(CC(CC)CCCC)C(=O)COCC(=O)N(CC(CC)CCCC)CC(CC)CCCC,"[18, 20, 23]","[""O(amide_carbonyl)"", ""O(ether)"", ""O(amide_carbonyl)""]",3,9,3,water,water,0,64|CCCCC(CC)CN(CC(CC)CCCC)C(=O)COCC(=O)N(CC(CC)CCCC)CC(CC)CCCC|water,2,1,acid_class=chloride|acid_strength_bin=high|nitrate_activity=none|pH_bin=missing|diluent_family=aliphatic_hydrocarbon|modifier_class=none|temperature_bin=ambient|contact_time_bin=medium|shaking_time_bin=missing|phase_ratio_bin=missing,3.0,3.0,22.0,25.0,planned,ok,,,
c9c94892868c,,64,Gd,3,CCCCCCCCN(C)C(=O)COCC(=O)N(C)CCCCCCCC,CCCCCCCCN(C)C(=O)COCC(=O)N(C)CCCCCCCC,"[11, 13, 16]","[""O(amide_carbonyl)"", ""O(ether)"", ""O(amide_carbonyl)""]",3,9,3,water,water,0,64|CCCCCCCCN(C)C(=O)COCC(=O)N(C)CCCCCCCC|water,3,1,acid_class=chloride|acid_strength_bin=high|nitrate_activity=none|pH_bin=missing|diluent_family=aliphatic_hydrocarbon|modifier_class=none|temperature_bin=ambient|contact_time_bin=medium|shaking_time_bin=missing|phase_ratio_bin=missing,3.0,3.0,22.0,25.0,planned,ok,,,
a90ff76c666b,,64,Gd,3,CCCCC(CC)CN(C)C(=O)COCC(=O)N(C)CC(CC)CCCC,CCCCC(CC)CN(C)C(=O)COCC(=O)N(C)CC(CC)CCCC,"[11, 13, 16]","[""O(amide_carbonyl)"", ""O(ether)"", ""O(amide_carbonyl)""]",3,9,3,water,water,0,64|CCCCC(CC)CN(C)C(=O)COCC(=O)N(C)CC(CC)CCCC|water,1,1,acid_class=chloride|acid_strength_bin=high|nitrate_activity=none|pH_bin=missing|diluent_family=aliphatic_hydrocarbon|modifier_class=none|temperature_bin=ambient|contact_time_bin=medium|shaking_time_bin=missing|phase_ratio_bin=missing,3.0,3.0,25.0,25.0,planned,ok,,,
d54d08ed7fd7,,64,Gd,3,CCCCCCC(CCCC)CCCN(C)C(=O)COCC(=O)N(C)CCCC(CCCC)CCCCCC,CCCCCCC(CCCC)CCCN(C)C(=O)COCC(=O)N(C)CCCC(CCCC)CCCCCC,"[17, 19, 22]","[""O(amide_carbonyl)"", ""O(ether)"", ""O(amide_carbonyl)""]",3,9,3,water,water,0,64|CCCCCCC(CCCC)CCCN(C)C(=O)COCC(=O)N(C)CCCC(CCCC)CCCCCC|water,1,1,acid_class=chloride|acid_strength_bin=high|nitrate_activity=none|pH_bin=missing|diluent_family=aliphatic_hydrocarbon|modifier_class=none|temperature_bin=ambient|contact_time_bin=medium|shaking_time_bin=missing|phase_ratio_bin=missing,3.0,3.0,25.0,25.0,planned,ok,,,
4b48ab5095c7,,64,Gd,3,CCCCCCCCN(CC)C(=O)COCC(=O)N(CC)CCCCCCCC,CCCCCCCCN(CC)C(=O)COCC(=O)N(CC)CCCCCCCC,"[12, 14, 17]","[""O(amide_carbonyl)"", ""O(ether)"", ""O(amide_carbonyl)""]",3,9,3,water,water,0,64|CCCCCCCCN(CC)C(=O)COCC(=O)N(CC)CCCCCCCC|water,1,1,acid_class=chloride|acid_strength_bin=high|nitrate_activity=none|pH_bin=missing|diluent_family=aliphatic_hydrocarbon|modifier_class=none|temperature_bin=ambient|contact_time_bin=medium|shaking_time_bin=missing|phase_ratio_bin=missing,3.0,3.0,25.0,25.0,planned,ok,,,
fb5eeebd7f29,,64,Gd,3,CCCCCCCCN(CCC)C(=O)COCC(=O)N(CCC)CCCCCCCC,CCCCCCCCN(CCC)C(=O)COCC(=O)N(CCC)CCCCCCCC,"[13, 15, 18]","[""O(amide_carbonyl)"", ""O(ether)"", ""O(amide_carbonyl)""]",3,9,3,water,water,0,64|CCCCCCCCN(CCC)C(=O)COCC(=O)N(CCC)CCCCCCCC|water,1,1,acid_class=chloride|acid_strength_bin=high|nitrate_activity=none|pH_bin=missing|diluent_family=aliphatic_hydrocarbon|modifier_class=none|temperature_bin=ambient|contact_time_bin=medium|shaking_time_bin=missing|phase_ratio_bin=missing,3.0,3.0,25.0,25.0,planned,ok,,,
61dddb6a20be,,64,Gd,3,CCCCCCCCN(C)C(=O)COCC(=O)N(CCCCCCCC)CCCCCCCC,CCCCCCCCN(C)C(=O)COCC(=O)N(CCCCCCCC)CCCCCCCC,"[11, 13, 16]","[""O(amide_carbonyl)"", ""O(ether)"", ""O(amide_carbonyl)""]",3,9,3,water,water,0,64|CCCCCCCCN(C)C(=O)COCC(=O)N(CCCCCCCC)CCCCCCCC|water,1,1,acid_class=chloride|acid_strength_bin=high|nitrate_activity=none|pH_bin=missing|diluent_family=aliphatic_hydrocarbon|modifier_class=none|temperature_bin=ambient|contact_time_bin=medium|shaking_time_bin=missing|phase_ratio_bin=missing,3.0,3.0,25.0,25.0,planned,ok,,,
33fae4967c19,,64,Gd,3,CCCCCCCCC(C)(C)SCC1CN(C(=O)COCC(=O)N2CC(C)C(CSC(C)(C)CCCCCCCC)C2)CC1C,CCCCCCCCC(C)(C)SCC1CN(C(=O)COCC(=O)N2CC(C)C(CSC(C)(C)CCCCCCCC)C2)CC1C,"[17, 19, 22]","[""O(amide_carbonyl)"", ""O(ether)"", ""O(amide_carbonyl)""]",3,9,3,water,water,0,64|CCCCCCCCC(C)(C)SCC1CN(C(=O)COCC(=O)N2CC(C)C(CSC(C)(C)CCCCCCCC)C2)CC1C|water,1,1,acid_class=chloride|acid_strength_bin=high|nitrate_activity=none|pH_bin=missing|diluent_family=aliphatic_hydrocarbon|modifier_class=none|temperature_bin=ambient|contact_time_bin=medium|shaking_time_bin=missing|phase_ratio_bin=missing,3.0,3.0,25.0,25.0,planned,ok,,,
776127a45bd2,,64,Gd,3,CCCCCCCCCCCCN(CCCCCCCC)C(=O)COCC(=O)N(CCCCCCCC)CCCCCCCCCCCC,CCCCCCCCCCCCN(CCCCCCCC)C(=O)COCC(=O)N(CCCCCCCC)CCCCCCCCCCCC,"[22, 24, 27]","[""O(amide_carbonyl)"", ""O(ether)"", ""O(amide_carbonyl)""]",3,9,3,water,water,0,64|CCCCCCCCCCCCN(CCCCCCCC)C(=O)COCC(=O)N(CCCCCCCC)CCCCCCCCCCCC|water,1,1,acid_class=chloride|acid_strength_bin=high|nitrate_activity=none|pH_bin=missing|diluent_family=aliphatic_hydrocarbon|modifier_class=none|temperature_bin=ambient|contact_time_bin=medium|shaking_time_bin=missing|phase_ratio_bin=missing,3.0,3.0,25.0,25.0,planned,ok,,,
fc5d72f99fcc,,64,Gd,3,CCCCCCCCN(CCC(C)CC(C)(C)C)C(=O)COCC(=O)N(CCCCCCCC)CCC(C)CC(C)(C)C,CCCCCCCCN(CCC(C)CC(C)(C)C)C(=O)COCC(=O)N(CCCCCCCC)CCC(C)CC(C)(C)C,"[19, 21, 24]","[""O(amide_carbonyl)"", ""O(ether)"", ""O(amide_carbonyl)""]",3,9,3,water,water,0,64|CCCCCCCCN(CCC(C)CC(C)(C)C)C(=O)COCC(=O)N(CCCCCCCC)CCC(C)CC(C)(C)C|water,1,1,acid_class=chloride|acid_strength_bin=high|nitrate_activity=none|pH_bin=missing|diluent_family=aliphatic_hydrocarbon|modifier_class=none|temperature_bin=ambient|contact_time_bin=medium|shaking_time_bin=missing|phase_ratio_bin=missing,3.0,3.0,25.0,25.0,planned,ok,,,
0d198a0a6ef3,,64,Gd,3,CCCCCCCCN(CCCC(CCCC)CCCCCC)C(=O)COCC(=O)N(CCCCCCCC)CCCC(CCCC)CCCCCC,CCCCCCCCN(CCCC(CCCC)CCCCCC)C(=O)COCC(=O)N(CCCCCCCC)CCCC(CCCC)CCCCCC,"[24, 26, 29]","[""O(amide_carbonyl)"", ""O(ether)"", ""O(amide_carbonyl)""]",3,9,3,water,water,0,64|CCCCCCCCN(CCCC(CCCC)CCCCCC)C(=O)COCC(=O)N(CCCCCCCC)CCCC(CCCC)CCCCCC|water,1,1,acid_class=chloride|acid_strength_bin=high|nitrate_activity=none|pH_bin=missing|diluent_family=aliphatic_hydrocarbon|modifier_class=none|temperature_bin=ambient|contact_time_bin=medium|shaking_time_bin=missing|phase_ratio_bin=missing,3.0,3.0,25.0,25.0,planned,ok,,,
fcfe47cf4083,,64,Gd,3,CCCCCCCCN(CCCCC(C)CCCC(C)C)C(=O)COCC(=O)N(CCCCCCCC)CCCCC(C)CCCC(C)C,CCCCCCCCN(CCCCC(C)CCCC(C)C)C(=O)COCC(=O)N(CCCCCCCC)CCCCC(C)CCCC(C)C,"[22, 24, 27]","[""O(amide_carbonyl)"", ""O(ether)"", ""O(amide_carbonyl)""]",3,9,3,water,water,0,64|CCCCCCCCN(CCCCC(C)CCCC(C)C)C(=O)COCC(=O)N(CCCCCCCC)CCCCC(C)CCCC(C)C|water,1,1,acid_class=chloride|acid_strength_bin=high|nitrate_activity=none|pH_bin=missing|diluent_family=aliphatic_hydrocarbon|modifier_class=none|temperature_bin=ambient|contact_time_bin=medium|shaking_time_bin=missing|phase_ratio_bin=missing,3.0,3.0,25.0,25.0,planned,ok,,,
337c532af554,,64,Gd,3,COCCN(CCOC)C(=O)COCC(=O)N(CCOC)CCOC,COCCN(CCOC)C(=O)COCC(=O)N(CCOC)CCOC,"[1, 7, 10, 12, 15, 19, 23]","[""O(ether)"", ""O(ether)"", ""O(amide_carbonyl)"", ""O(ether)"", ""O(amide_carbonyl)"", ""O(ether)"", ""O(ether)""]",7,9,1,water,water,2,64|COCCN(CCOC)C(=O)COCC(=O)N(CCOC)CCOC|water,1,1,acid_class=chloride|acid_strength_bin=high|nitrate_activity=none|pH_bin=missing|diluent_family=aliphatic_hydrocarbon|modifier_class=none|temperature_bin=ambient|contact_time_bin=medium|shaking_time_bin=missing|phase_ratio_bin=missing,3.0,3.0,22.0,22.0,planned,ok,,,
a2d13ecdc95c,,64,Gd,3,CCCN(CCC)C(=O)COCC(=O)N(CCC)CCC,CCCN(CCC)C(=O)COCC(=O)N(CCC)CCC,"[8, 10, 13]","[""O(amide_carbonyl)"", ""O(ether)"", ""O(amide_carbonyl)""]",3,9,3,nitrate,nitrate,0,64|CCCN(CCC)C(=O)COCC(=O)N(CCC)CCC|nitrate,4,4,acid_class=nitrate|acid_strength_bin=medium|nitrate_activity=medium|pH_bin=missing|diluent_family=alcohol_modifier|modifier_class=none|temperature_bin=ambient|contact_time_bin=medium|shaking_time_bin=missing|phase_ratio_bin=missing;acid_class=nitrate|acid_strength_bin=medium|nitrate_activity=medium|pH_bin=missing|diluent_family=aromatic|modifier_class=none|temperature_bin=ambient|contact_time_bin=medium|shaking_time_bin=missing|phase_ratio_bin=missing;acid_class=nitrate|acid_strength_bin=medium|nitrate_activity=medium|pH_bin=missing|diluent_family=chlorinated|modifier_class=none|temperature_bin=ambient|contact_time_bin=medium|shaking_time_bin=missing|phase_ratio_bin=missing;acid_class=nitrate|acid_strength_bin=medium|nitrate_activity=medium|pH_bin=missing|diluent_family=other|modifier_class=none|temperature_bin=ambient|contact_time_bin=medium|shaking_time_bin=missing|phase_ratio_bin=missing,1.0,1.0,25.0,25.0,planned,ok,,,
05a03a08886e,,64,Gd,3,CCCCCCn1c(-c2ccccc2)c(-c2ccccc2)c2cc3ccc4cc5c(-c6ccccc6)c(-c6ccccc6)n(CCCCCC)c(=O)c5nc4c3nc2c1=O,CCCCCCn1c(-c2ccccc2)c(-c2ccccc2)c2cc3ccc4cc5c(-c6ccccc6)c(-c6ccccc6)n(CCCCCC)c(=O)c5nc4c3nc2c1=O,"[6, 43, 51, 53, 56, 59]","[""N(aromatic)"", ""N(aromatic)"", ""O(amide_carbonyl)"", ""N(aromatic)"", ""N(aromatic)"", ""O(amide_carbonyl)""]",6,9,1,nitrate,nitrate,3,64|CCCCCCn1c(-c2ccccc2)c(-c2ccccc2)c2cc3ccc4cc5c(-c6ccccc6)c(-c6ccccc6)n(CCCCCC)c(=O)c5nc4c3nc2c1=O|nitrate,1,1,acid_class=nitrate|acid_strength_bin=medium|nitrate_activity=medium|pH_bin=missing|diluent_family=chlorinated|modifier_class=none|temperature_bin=ambient|contact_time_bin=missing|shaking_time_bin=missing|phase_ratio_bin=missing,0.9,0.9,25.0,25.0,planned,fill_5x_nitrate,,,
2e531fb08047,,64,Gd,3,CCCCCCn1c(-c2ccccc2)c(-c2ccccc2)c2cc3ccc4cc5c(-c6ccccc6)c(-c6ccccc6)n(CCCCCC)c(=O)c5nc4c3nc2c1=O,CCCCCCn1c(-c2ccccc2)c(-c2ccccc2)c2cc3ccc4cc5c(-c6ccccc6)c(-c6ccccc6)n(CCCCCC)c(=O)c5nc4c3nc2c1=O,"[6, 43, 51, 53, 56, 59]","[""N(aromatic)"", ""N(aromatic)"", ""O(amide_carbonyl)"", ""N(aromatic)"", ""N(aromatic)"", ""O(amide_carbonyl)""]",6,9,1,water,water,3,64|CCCCCCn1c(-c2ccccc2)c(-c2ccccc2)c2cc3ccc4cc5c(-c6ccccc6)c(-c6ccccc6)n(CCCCCC)c(=O)c5nc4c3nc2c1=O|water,1,1,acid_class=chloride|acid_strength_bin=medium|nitrate_activity=none|pH_bin=missing|diluent_family=chlorinated|modifier_class=none|temperature_bin=ambient|contact_time_bin=missing|shaking_time_bin=missing|phase_ratio_bin=missing,0.9,0.9,25.0,25.0,planned,fill_5x_water,,,
0247bfe939b7,,67,Ho,3,CCCCCCCCN(CCCCCCCC)C(=O)[C@H](C)O[C@H](C)C(=O)N(CCCCCCCC)CCCCCCCC,CCCCCCCCN(CCCCCCCC)C(=O)[C@H](C)O[C@H](C)C(=O)N(CCCCCCCC)CCCCCCCC,"[18, 21, 25]","[""O(amide_carbonyl)"", ""O(ether)"", ""O(amide_carbonyl)""]",3,8,2,nitrate,nitrate,2,67|CCCCCCCCN(CCCCCCCC)C(=O)[C@H](C)O[C@H](C)C(=O)N(CCCCCCCC)CCCCCCCC|nitrate,1,1,acid_class=nitrate|acid_strength_bin=high|nitrate_activity=high|pH_bin=missing|diluent_family=aliphatic_hydrocarbon|modifier_class=none|temperature_bin=ambient|contact_time_bin=short|shaking_time_bin=missing|phase_ratio_bin=missing,4.3,4.3,22.0,22.0,planned,fill_2x_nitrate,,,
16c770c06fe9,,67,Ho,3,CN(C(=O)COCC(=O)N(C)c1ccccc1)c1ccccc1,CN(C(=O)COCC(=O)N(C)c1ccccc1)c1ccccc1,"[3, 5, 8]","[""O(amide_carbonyl)"", ""O(ether)"", ""O(amide_carbonyl)""]",3,8,2,nitrate,nitrate,2,67|CN(C(=O)COCC(=O)N(C)c1ccccc1)c1ccccc1|nitrate,5,4,acid_class=nitrate|acid_strength_bin=high|nitrate_activity=high|pH_bin=missing|diluent_family=chlorinated|modifier_class=none|temperature_bin=ambient|contact_time_bin=short|shaking_time_bin=missing|phase_ratio_bin=missing;acid_class=nitrate|acid_strength_bin=medium|nitrate_activity=medium|pH_bin=missing|diluent_family=aromatic|modifier_class=none|temperature_bin=ambient|contact_time_bin=medium|shaking_time_bin=missing|phase_ratio_bin=missing;acid_class=nitrate|acid_strength_bin=medium|nitrate_activity=medium|pH_bin=missing|diluent_family=chlorinated|modifier_class=none|temperature_bin=ambient|contact_time_bin=medium|shaking_time_bin=missing|phase_ratio_bin=missing;acid_class=nitrate|acid_strength_bin=medium|nitrate_activity=medium|pH_bin=missing|diluent_family=other|modifier_class=none|temperature_bin=ambient|contact_time_bin=medium|shaking_time_bin=missing|phase_ratio_bin=missing,1.0,4.0,23.0,25.0,planned,fill_2x_nitrate,,,
34d035b4dc31,,67,Ho,3,CCCCC(CC)CN(CC(CC)CCCC)C(=O)COCC(=O)N(CC(CC)CCCC)CC(CC)CCCC,CCCCC(CC)CN(CC(CC)CCCC)C(=O)COCC(=O)N(CC(CC)CCCC)CC(CC)CCCC,"[18, 20, 23]","[""O(amide_carbonyl)"", ""O(ether)"", ""O(amide_carbonyl)""]",3,8,2,water,water,2,67|CCCCC(CC)CN(CC(CC)CCCC)C(=O)COCC(=O)N(CC(CC)CCCC)CC(CC)CCCC|water,2,1,acid_class=chloride|acid_strength_bin=high|nitrate_activity=none|pH_bin=missing|diluent_family=aliphatic_hydrocarbon|modifier_class=none|temperature_bin=ambient|contact_time_bin=medium|shaking_time_bin=missing|phase_ratio_bin=missing,3.0,3.0,22.0,25.0,planned,fill_2x_water,,,
f0f0675f65cf,,67,Ho,3,CCCCCCCCN(C)C(=O)COCC(=O)N(C)CCCCCCCC,CCCCCCCCN(C)C(=O)COCC(=O)N(C)CCCCCCCC,"[11, 13, 16]","[""O(amide_carbonyl)"", ""O(ether)"", ""O(amide_carbonyl)""]",3,8,2,water,water,2,67|CCCCCCCCN(C)C(=O)COCC(=O)N(C)CCCCCCCC|water,3,1,acid_class=chloride|acid_strength_bin=high|nitrate_activity=none|pH_bin=missing|diluent_family=aliphatic_hydrocarbon|modifier_class=none|temperature_bin=ambient|contact_time_bin=medium|shaking_time_bin=missing|phase_ratio_bin=missing,3.0,3.0,22.0,25.0,planned,fill_2x_water,,,
9484194a0100,,67,Ho,3,CCCCC(CC)CN(C)C(=O)COCC(=O)N(C)CC(CC)CCCC,CCCCC(CC)CN(C)C(=O)COCC(=O)N(C)CC(CC)CCCC,"[11, 13, 16]","[""O(amide_carbonyl)"", ""O(ether)"", ""O(amide_carbonyl)""]",3,8,2,water,water,2,67|CCCCC(CC)CN(C)C(=O)COCC(=O)N(C)CC(CC)CCCC|water,1,1,acid_class=chloride|acid_strength_bin=high|nitrate_activity=none|pH_bin=missing|diluent_family=aliphatic_hydrocarbon|modifier_class=none|temperature_bin=ambient|contact_time_bin=medium|shaking_time_bin=missing|phase_ratio_bin=missing,3.0,3.0,25.0,25.0,planned,fill_2x_water,,,
54fb82f0d444,,67,Ho,3,CCCCCCC(CCCC)CCCN(C)C(=O)COCC(=O)N(C)CCCC(CCCC)CCCCCC,CCCCCCC(CCCC)CCCN(C)C(=O)COCC(=O)N(C)CCCC(CCCC)CCCCCC,"[17, 19, 22]","[""O(amide_carbonyl)"", ""O(ether)"", ""O(amide_carbonyl)""]",3,8,2,water,water,2,67|CCCCCCC(CCCC)CCCN(C)C(=O)COCC(=O)N(C)CCCC(CCCC)CCCCCC|water,1,1,acid_class=chloride|acid_strength_bin=high|nitrate_activity=none|pH_bin=missing|diluent_family=aliphatic_hydrocarbon|modifier_class=none|temperature_bin=ambient|contact_time_bin=medium|shaking_time_bin=missing|phase_ratio_bin=missing,3.0,3.0,25.0,25.0,planned,fill_2x_water,,,
c478b38321b6,,67,Ho,3,CCCCCCCCN(CC)C(=O)COCC(=O)N(CC)CCCCCCCC,CCCCCCCCN(CC)C(=O)COCC(=O)N(CC)CCCCCCCC,"[12, 14, 17]","[""O(amide_carbonyl)"", ""O(ether)"", ""O(amide_carbonyl)""]",3,8,2,water,water,2,67|CCCCCCCCN(CC)C(=O)COCC(=O)N(CC)CCCCCCCC|water,1,1,acid_class=chloride|acid_strength_bin=high|nitrate_activity=none|pH_bin=missing|diluent_family=aliphatic_hydrocarbon|modifier_class=none|temperature_bin=ambient|contact_time_bin=medium|shaking_time_bin=missing|phase_ratio_bin=missing,3.0,3.0,25.0,25.0,planned,fill_2x_water,,,
d428610ec05b,,67,Ho,3,CCCCCCCCN(CCC)C(=O)COCC(=O)N(CCC)CCCCCCCC,CCCCCCCCN(CCC)C(=O)COCC(=O)N(CCC)CCCCCCCC,"[13, 15, 18]","[""O(amide_carbonyl)"", ""O(ether)"", ""O(amide_carbonyl)""]",3,8,2,water,water,2,67|CCCCCCCCN(CCC)C(=O)COCC(=O)N(CCC)CCCCCCCC|water,1,1,acid_class=chloride|acid_strength_bin=high|nitrate_activity=none|pH_bin=missing|diluent_family=aliphatic_hydrocarbon|modifier_class=none|temperature_bin=ambient|contact_time_bin=medium|shaking_time_bin=missing|phase_ratio_bin=missing,3.0,3.0,25.0,25.0,planned,fill_2x_water,,,
26b9e00a4942,,67,Ho,3,CCCCCCCCN(CCCCCCCC)C(=O)COCC(=O)N(C)C,CCCCCCCCN(CCCCCCCC)C(=O)COCC(=O)N(C)C,"[18, 20, 23]","[""O(amide_carbonyl)"", ""O(ether)"", ""O(amide_carbonyl)""]",3,8,2,water,water,2,67|CCCCCCCCN(CCCCCCCC)C(=O)COCC(=O)N(C)C|water,1,1,acid_class=chloride|acid_strength_bin=high|nitrate_activity=none|pH_bin=missing|diluent_family=aliphatic_hydrocarbon|modifier_class=none|temperature_bin=ambient|contact_time_bin=medium|shaking_time_bin=missing|phase_ratio_bin=missing,3.0,3.0,25.0,25.0,planned,fill_2x_water,,,
fc99c5951046,,67,Ho,3,CCCCCCCCN(C)C(=O)COCC(=O)N(CCCCCCCC)CCCCCCCC,CCCCCCCCN(C)C(=O)COCC(=O)N(CCCCCCCC)CCCCCCCC,"[11, 13, 16]","[""O(amide_carbonyl)"", ""O(ether)"", ""O(amide_carbonyl)""]",3,8,2,water,water,2,67|CCCCCCCCN(C)C(=O)COCC(=O)N(CCCCCCCC)CCCCCCCC|water,1,1,acid_class=chloride|acid_strength_bin=high|nitrate_activity=none|pH_bin=missing|diluent_family=aliphatic_hydrocarbon|modifier_class=none|temperature_bin=ambient|contact_time_bin=medium|shaking_time_bin=missing|phase_ratio_bin=missing,3.0,3.0,25.0,25.0,planned,fill_2x_water,,,
14ced76044ca,,67,Ho,3,CCCCCCCCC(C)(C)SCC1CN(C(=O)COCC(=O)N2CC(C)C(CSC(C)(C)CCCCCCCC)C2)CC1C,CCCCCCCCC(C)(C)SCC1CN(C(=O)COCC(=O)N2CC(C)C(CSC(C)(C)CCCCCCCC)C2)CC1C,"[17, 19, 22]","[""O(amide_carbonyl)"", ""O(ether)"", ""O(amide_carbonyl)""]",3,8,2,water,water,2,67|CCCCCCCCC(C)(C)SCC1CN(C(=O)COCC(=O)N2CC(C)C(CSC(C)(C)CCCCCCCC)C2)CC1C|water,1,1,acid_class=chloride|acid_strength_bin=high|nitrate_activity=none|pH_bin=missing|diluent_family=aliphatic_hydrocarbon|modifier_class=none|temperature_bin=ambient|contact_time_bin=medium|shaking_time_bin=missing|phase_ratio_bin=missing,3.0,3.0,25.0,25.0,planned,fill_2x_water,,,
6724c57bfa5d,,67,Ho,3,CCCCCCCCCCCCN(CCCCCCCC)C(=O)COCC(=O)N(CCCCCCCC)CCCCCCCCCCCC,CCCCCCCCCCCCN(CCCCCCCC)C(=O)COCC(=O)N(CCCCCCCC)CCCCCCCCCCCC,"[22, 24, 27]","[""O(amide_carbonyl)"", ""O(ether)"", ""O(amide_carbonyl)""]",3,8,2,water,water,2,67|CCCCCCCCCCCCN(CCCCCCCC)C(=O)COCC(=O)N(CCCCCCCC)CCCCCCCCCCCC|water,1,1,acid_class=chloride|acid_strength_bin=high|nitrate_activity=none|pH_bin=missing|diluent_family=aliphatic_hydrocarbon|modifier_class=none|temperature_bin=ambient|contact_time_bin=medium|shaking_time_bin=missing|phase_ratio_bin=missing,3.0,3.0,25.0,25.0,planned,fill_2x_water,,,
19756ae7f14e,,67,Ho,3,CCCCCCCCN(CCC(C)CC(C)(C)C)C(=O)COCC(=O)N(CCCCCCCC)CCC(C)CC(C)(C)C,CCCCCCCCN(CCC(C)CC(C)(C)C)C(=O)COCC(=O)N(CCCCCCCC)CCC(C)CC(C)(C)C,"[19, 21, 24]","[""O(amide_carbonyl)"", ""O(ether)"", ""O(amide_carbonyl)""]",3,8,2,water,water,2,67|CCCCCCCCN(CCC(C)CC(C)(C)C)C(=O)COCC(=O)N(CCCCCCCC)CCC(C)CC(C)(C)C|water,1,1,acid_class=chloride|acid_strength_bin=high|nitrate_activity=none|pH_bin=missing|diluent_family=aliphatic_hydrocarbon|modifier_class=none|temperature_bin=ambient|contact_time_bin=medium|shaking_time_bin=missing|phase_ratio_bin=missing,3.0,3.0,25.0,25.0,planned,fill_2x_water,,,
08ebfb3e6a66,,67,Ho,3,CCCCCCCCN(CCCC(CCCC)CCCCCC)C(=O)COCC(=O)N(CCCCCCCC)CCCC(CCCC)CCCCCC,CCCCCCCCN(CCCC(CCCC)CCCCCC)C(=O)COCC(=O)N(CCCCCCCC)CCCC(CCCC)CCCCCC,"[24, 26, 29]","[""O(amide_carbonyl)"", ""O(ether)"", ""O(amide_carbonyl)""]",3,8,2,water,water,2,67|CCCCCCCCN(CCCC(CCCC)CCCCCC)C(=O)COCC(=O)N(CCCCCCCC)CCCC(CCCC)CCCCCC|water,1,1,acid_class=chloride|acid_strength_bin=high|nitrate_activity=none|pH_bin=missing|diluent_family=aliphatic_hydrocarbon|modifier_class=none|temperature_bin=ambient|contact_time_bin=medium|shaking_time_bin=missing|phase_ratio_bin=missing,3.0,3.0,25.0,25.0,planned,fill_2x_water,,,
b71d18533908,,67,Ho,3,CCCCCCCCN(CCCCC(C)CCCC(C)C)C(=O)COCC(=O)N(CCCCCCCC)CCCCC(C)CCCC(C)C,CCCCCCCCN(CCCCC(C)CCCC(C)C)C(=O)COCC(=O)N(CCCCCCCC)CCCCC(C)CCCC(C)C,"[22, 24, 27]","[""O(amide_carbonyl)"", ""O(ether)"", ""O(amide_carbonyl)""]",3,8,2,water,water,2,67|CCCCCCCCN(CCCCC(C)CCCC(C)C)C(=O)COCC(=O)N(CCCCCCCC)CCCCC(C)CCCC(C)C|water,1,1,acid_class=chloride|acid_strength_bin=high|nitrate_activity=none|pH_bin=missing|diluent_family=aliphatic_hydrocarbon|modifier_class=none|temperature_bin=ambient|contact_time_bin=medium|shaking_time_bin=missing|phase_ratio_bin=missing,3.0,3.0,25.0,25.0,planned,fill_2x_water,,,
4c1137e8e97b,,67,Ho,3,COCCN(CCOC)C(=O)COCC(=O)N(CCOC)CCOC,COCCN(CCOC)C(=O)COCC(=O)N(CCOC)CCOC,"[1, 7, 10, 12, 15, 19, 23]","[""O(ether)"", ""O(ether)"", ""O(amide_carbonyl)"", ""O(ether)"", ""O(amide_carbonyl)"", ""O(ether)"", ""O(ether)""]",7,8,1,water,water,1,67|COCCN(CCOC)C(=O)COCC(=O)N(CCOC)CCOC|water,1,1,acid_class=chloride|acid_strength_bin=high|nitrate_activity=none|pH_bin=missing|diluent_family=aliphatic_hydrocarbon|modifier_class=none|temperature_bin=ambient|contact_time_bin=medium|shaking_time_bin=missing|phase_ratio_bin=missing,3.0,3.0,22.0,22.0,planned,fill_2x_water,,,
1ffb56bb5571,,67,Ho,3,CCCN(CCC)C(=O)COCC(=O)N(CCC)CCC,CCCN(CCC)C(=O)COCC(=O)N(CCC)CCC,"[8, 10, 13]","[""O(amide_carbonyl)"", ""O(ether)"", ""O(amide_carbonyl)""]",3,8,2,nitrate,nitrate,2,67|CCCN(CCC)C(=O)COCC(=O)N(CCC)CCC|nitrate,4,4,acid_class=nitrate|acid_strength_bin=medium|nitrate_activity=medium|pH_bin=missing|diluent_family=alcohol_modifier|modifier_class=none|temperature_bin=ambient|contact_time_bin=medium|shaking_time_bin=missing|phase_ratio_bin=missing;acid_class=nitrate|acid_strength_bin=medium|nitrate_activity=medium|pH_bin=missing|diluent_family=aromatic|modifier_class=none|temperature_bin=ambient|contact_time_bin=medium|shaking_time_bin=missing|phase_ratio_bin=missing;acid_class=nitrate|acid_strength_bin=medium|nitrate_activity=medium|pH_bin=missing|diluent_family=chlorinated|modifier_class=none|temperature_bin=ambient|contact_time_bin=medium|shaking_time_bin=missing|phase_ratio_bin=missing;acid_class=nitrate|acid_strength_bin=medium|nitrate_activity=medium|pH_bin=missing|diluent_family=other|modifier_class=none|temperature_bin=ambient|contact_time_bin=medium|shaking_time_bin=missing|phase_ratio_bin=missing,1.0,1.0,25.0,25.0,planned,fill_2x_nitrate,,,
9b88ecdb5d6a,,67,Ho,3,CCCCCCn1c(-c2ccccc2)c(-c2ccccc2)c2cc3ccc4cc5c(-c6ccccc6)c(-c6ccccc6)n(CCCCCC)c(=O)c5nc4c3nc2c1=O,CCCCCCn1c(-c2ccccc2)c(-c2ccccc2)c2cc3ccc4cc5c(-c6ccccc6)c(-c6ccccc6)n(CCCCCC)c(=O)c5nc4c3nc2c1=O,"[6, 43, 51, 53, 56, 59]","[""N(aromatic)"", ""N(aromatic)"", ""O(amide_carbonyl)"", ""N(aromatic)"", ""N(aromatic)"", ""O(amide_carbonyl)""]",6,8,1,nitrate,nitrate,2,67|CCCCCCn1c(-c2ccccc2)c(-c2ccccc2)c2cc3ccc4cc5c(-c6ccccc6)c(-c6ccccc6)n(CCCCCC)c(=O)c5nc4c3nc2c1=O|nitrate,1,1,acid_class=nitrate|acid_strength_bin=medium|nitrate_activity=medium|pH_bin=missing|diluent_family=chlorinated|modifier_class=none|temperature_bin=ambient|contact_time_bin=missing|shaking_time_bin=missing|phase_ratio_bin=missing,0.9,0.9,25.0,25.0,planned,fill_4x_nitrate,,,
62f0b304a15a,,67,Ho,3,CCCCCCn1c(-c2ccccc2)c(-c2ccccc2)c2cc3ccc4cc5c(-c6ccccc6)c(-c6ccccc6)n(CCCCCC)c(=O)c5nc4c3nc2c1=O,CCCCCCn1c(-c2ccccc2)c(-c2ccccc2)c2cc3ccc4cc5c(-c6ccccc6)c(-c6ccccc6)n(CCCCCC)c(=O)c5nc4c3nc2c1=O,"[6, 43, 51, 53, 56, 59]","[""N(aromatic)"", ""N(aromatic)"", ""O(amide_carbonyl)"", ""N(aromatic)"", ""N(aromatic)"", ""O(amide_carbonyl)""]",6,8,1,water,water,2,67|CCCCCCn1c(-c2ccccc2)c(-c2ccccc2)c2cc3ccc4cc5c(-c6ccccc6)c(-c6ccccc6)n(CCCCCC)c(=O)c5nc4c3nc2c1=O|water,1,1,acid_class=chloride|acid_strength_bin=medium|nitrate_activity=none|pH_bin=missing|diluent_family=chlorinated|modifier_class=none|temperature_bin=ambient|contact_time_bin=missing|shaking_time_bin=missing|phase_ratio_bin=missing,0.9,0.9,25.0,25.0,planned,fill_4x_water,,,
cd94e829f2f9,,57,La,3,CCCCN(CCCC)C(=O)COCC(=O)N(CCCC)CCCC,CCCCN(CCCC)C(=O)COCC(=O)N(CCCC)CCCC,"[10, 12, 15]","[""O(amide_carbonyl)"", ""O(ether)"", ""O(amide_carbonyl)""]",3,9,3,nitrate,nitrate,0,57|CCCCN(CCCC)C(=O)COCC(=O)N(CCCC)CCCC|nitrate,26,8,acid_class=nitrate|acid_strength_bin=high|nitrate_activity=high|pH_bin=missing|diluent_family=aromatic|modifier_class=none|temperature_bin=ambient|contact_time_bin=medium|shaking_time_bin=missing|phase_ratio_bin=missing;acid_class=nitrate|acid_strength_bin=high|nitrate_activity=high|pH_bin=missing|diluent_family=aromatic|modifier_class=none|temperature_bin=ambient|contact_time_bin=missing|shaking_time_bin=medium|phase_ratio_bin=missing;acid_class=nitrate|acid_strength_bin=low|nitrate_activity=low|pH_bin=missing|diluent_family=aromatic|modifier_class=none|temperature_bin=ambient|contact_time_bin=medium|shaking_time_bin=missing|phase_ratio_bin=missing;acid_class=nitrate|acid_strength_bin=low|nitrate_activity=low|pH_bin=missing|diluent_family=aromatic|modifier_class=none|temperature_bin=ambient|contact_time_bin=missing|shaking_time_bin=medium|phase_ratio_bin=missing;acid_class=nitrate|acid_strength_bin=medium|nitrate_activity=medium|pH_bin=missing|diluent_family=aromatic|modifier_class=none|temperature_bin=ambient|contact_time_bin=medium|shaking_time_bin=missing|phase_ratio_bin=missing,0.482051,3.09377,25.0,43.0,planned,ok,,,
bab6dfec3042,,57,La,3,CCCCCCCCCCN(CCCCCCCCCC)C(=O)COCC(=O)N(CCCCCCCCCC)CCCCCCCCCC,CCCCCCCCCCN(CCCCCCCCCC)C(=O)COCC(=O)N(CCCCCCCCCC)CCCCCCCCCC,"[22, 24, 27]","[""O(amide_carbonyl)"", ""O(ether)"", ""O(amide_carbonyl)""]",3,9,3,nitrate,nitrate,0,57|CCCCCCCCCCN(CCCCCCCCCC)C(=O)COCC(=O)N(CCCCCCCCCC)CCCCCCCCCC|nitrate,23,3,acid_class=nitrate|acid_strength_bin=high|nitrate_activity=high|pH_bin=missing|diluent_family=aromatic|modifier_class=none|temperature_bin=ambient|contact_time_bin=missing|shaking_time_bin=missing|phase_ratio_bin=missing;acid_class=nitrate|acid_strength_bin=low|nitrate_activity=low|pH_bin=missing|diluent_family=aromatic|modifier_class=none|temperature_bin=ambient|contact_time_bin=missing|shaking_time_bin=missing|phase_ratio_bin=missing;acid_class=nitrate|acid_strength_bin=medium|nitrate_activity=medium|pH_bin=missing|diluent_family=aromatic|modifier_class=none|temperature_bin=ambient|contact_time_bin=missing|shaking_time_bin=missing|phase_ratio_bin=missing,0.097998,5.02291,25.0,25.0,planned,ok,,,
252cfb0c7415,,57,La,3,CCCCCCCCN(CCCCCCCC)C(=O)[C@H](C)O[C@H](C)C(=O)N(CCCCCCCC)CCCCCCCC,CCCCCCCCN(CCCCCCCC)C(=O)[C@H](C)O[C@H](C)C(=O)N(CCCCCCCC)CCCCCCCC,"[18, 21, 25]","[""O(amide_carbonyl)"", ""O(ether)"", ""O(amide_carbonyl)""]",3,9,3,nitrate,nitrate,0,57|CCCCCCCCN(CCCCCCCC)C(=O)[C@H](C)O[C@H](C)C(=O)N(CCCCCCCC)CCCCCCCC|nitrate,1,1,acid_class=nitrate|acid_strength_bin=high|nitrate_activity=high|pH_bin=missing|diluent_family=aliphatic_hydrocarbon|modifier_class=none|temperature_bin=ambient|contact_time_bin=short|shaking_time_bin=missing|phase_ratio_bin=missing,4.3,4.3,22.0,22.0,planned,ok,,,
2b60ae62875a,,57,La,3,CN(C(=O)COCC(=O)N(C)c1ccccc1)c1ccccc1,CN(C(=O)COCC(=O)N(C)c1ccccc1)c1ccccc1,"[3, 5, 8]","[""O(amide_carbonyl)"", ""O(ether)"", ""O(amide_carbonyl)""]",3,9,3,nitrate,nitrate,0,57|CN(C(=O)COCC(=O)N(C)c1ccccc1)c1ccccc1|nitrate,6,5,acid_class=nitrate|acid_strength_bin=high|nitrate_activity=high|pH_bin=missing|diluent_family=chlorinated|modifier_class=none|temperature_bin=ambient|contact_time_bin=short|shaking_time_bin=missing|phase_ratio_bin=missing;acid_class=nitrate|acid_strength_bin=medium|nitrate_activity=medium|pH_bin=missing|diluent_family=aromatic|modifier_class=none|temperature_bin=ambient|contact_time_bin=medium|shaking_time_bin=missing|phase_ratio_bin=missing;acid_class=nitrate|acid_strength_bin=medium|nitrate_activity=medium|pH_bin=missing|diluent_family=aromatic|modifier_class=none|temperature_bin=ambient|contact_time_bin=short|shaking_time_bin=missing|phase_ratio_bin=missing;acid_class=nitrate|acid_strength_bin=medium|nitrate_activity=medium|pH_bin=missing|diluent_family=chlorinated|modifier_class=none|temperature_bin=ambient|contact_time_bin=medium|shaking_time_bin=missing|phase_ratio_bin=missing;acid_class=nitrate|acid_strength_bin=medium|nitrate_activity=medium|pH_bin=missing|diluent_family=other|modifier_class=none|temperature_bin=ambient|contact_time_bin=medium|shaking_time_bin=missing|phase_ratio_bin=missing,1.0,4.0,23.0,25.0,planned,ok,,,
86932934bc2b,,57,La,3,CC(C)CN(CC(C)C)C(=O)COCC(=O)N(CC(C)C)CC(C)C,CC(C)CN(CC(C)C)C(=O)COCC(=O)N(CC(C)C)CC(C)C,"[10, 12, 15]","[""O(amide_carbonyl)"", ""O(ether)"", ""O(amide_carbonyl)""]",3,9,3,nitrate,nitrate,0,57|CC(C)CN(CC(C)C)C(=O)COCC(=O)N(CC(C)C)CC(C)C|nitrate,1,1,acid_class=nitrate|acid_strength_bin=medium|nitrate_activity=medium|pH_bin=missing|diluent_family=aromatic|modifier_class=none|temperature_bin=ambient|contact_time_bin=short|shaking_time_bin=missing|phase_ratio_bin=missing,1.5,1.5,25.0,25.0,planned,ok,,,
ef67e719ab98,,57,La,3,CCCCCCCCN(CC(C)C)C(=O)COCC(=O)N(CCCCCCCC)CC(C)C,CCCCCCCCN(CC(C)C)C(=O)COCC(=O)N(CCCCCCCC)CC(C)C,"[14, 16, 19]","[""O(amide_carbonyl)"", ""O(ether)"", ""O(amide_carbonyl)""]",3,9,3,nitrate,nitrate,0,57|CCCCCCCCN(CC(C)C)C(=O)COCC(=O)N(CCCCCCCC)CC(C)C|nitrate,1,1,acid_class=nitrate|acid_strength_bin=medium|nitrate_activity=medium|pH_bin=missing|diluent_family=aromatic|modifier_class=none|temperature_bin=ambient|contact_time_bin=short|shaking_time_bin=missing|phase_ratio_bin=missing,1.5,1.5,25.0,25.0,planned,ok,,,
a99febda67a7,,57,La,3,CCCCCCCCN(CC(CC)CCCC)C(=O)COCC(=O)N(CCCCCCCC)CC(CC)CCCC,CCCCCCCCN(CC(CC)CCCC)C(=O)COCC(=O)N(CCCCCCCC)CC(CC)CCCC,"[18, 20, 23]","[""O(amide_carbonyl)"", ""O(ether)"", ""O(amide_carbonyl)""]",3,9,3,nitrate,nitrate,0,57|CCCCCCCCN(CC(CC)CCCC)C(=O)COCC(=O)N(CCCCCCCC)CC(CC)CCCC|nitrate,1,1,acid_class=nitrate|acid_strength_bin=medium|nitrate_activity=medium|pH_bin=missing|diluent_family=aromatic|modifier_class=none|temperature_bin=ambient|contact_time_bin=short|shaking_time_bin=missing|phase_ratio_bin=missing,1.5,1.5,25.0,25.0,planned,ok,,,
1f713626bd1d,,57,La,3,CCCCC(CC)CN(CC(CC)CCCC)C(=O)COCC(=O)N(CC(CC)CCCC)CC(CC)CCCC,CCCCC(CC)CN(CC(CC)CCCC)C(=O)COCC(=O)N(CC(CC)CCCC)CC(CC)CCCC,"[18, 20, 23]","[""O(amide_carbonyl)"", ""O(ether)"", ""O(amide_carbonyl)""]",3,9,3,water,water,0,57|CCCCC(CC)CN(CC(CC)CCCC)C(=O)COCC(=O)N(CC(CC)CCCC)CC(CC)CCCC|water,2,1,acid_class=chloride|acid_strength_bin=high|nitrate_activity=none|pH_bin=missing|diluent_family=aliphatic_hydrocarbon|modifier_class=none|temperature_bin=ambient|contact_time_bin=medium|shaking_time_bin=missing|phase_ratio_bin=missing,3.0,3.0,22.0,25.0,planned,ok,,,
b7c2dfd92f92,,57,La,3,CCCCCCCCN(C)C(=O)COCC(=O)N(C)CCCCCCCC,CCCCCCCCN(C)C(=O)COCC(=O)N(C)CCCCCCCC,"[11, 13, 16]","[""O(amide_carbonyl)"", ""O(ether)"", ""O(amide_carbonyl)""]",3,9,3,water,water,0,57|CCCCCCCCN(C)C(=O)COCC(=O)N(C)CCCCCCCC|water,3,1,acid_class=chloride|acid_strength_bin=high|nitrate_activity=none|pH_bin=missing|diluent_family=aliphatic_hydrocarbon|modifier_class=none|temperature_bin=ambient|contact_time_bin=medium|shaking_time_bin=missing|phase_ratio_bin=missing,3.0,3.0,22.0,25.0,planned,ok,,,
b534edeea3a3,,57,La,3,CCCCC(CC)CN(C)C(=O)COCC(=O)N(C)CC(CC)CCCC,CCCCC(CC)CN(C)C(=O)COCC(=O)N(C)CC(CC)CCCC,"[11, 13, 16]","[""O(amide_carbonyl)"", ""O(ether)"", ""O(amide_carbonyl)""]",3,9,3,water,water,0,57|CCCCC(CC)CN(C)C(=O)COCC(=O)N(C)CC(CC)CCCC|water,1,1,acid_class=chloride|acid_strength_bin=high|nitrate_activity=none|pH_bin=missing|diluent_family=aliphatic_hydrocarbon|modifier_class=none|temperature_bin=ambient|contact_time_bin=medium|shaking_time_bin=missing|phase_ratio_bin=missing,3.0,3.0,25.0,25.0,planned,ok,,,
99cfb384512e,,57,La,3,CCCCCCC(CCCC)CCCN(C)C(=O)COCC(=O)N(C)CCCC(CCCC)CCCCCC,CCCCCCC(CCCC)CCCN(C)C(=O)COCC(=O)N(C)CCCC(CCCC)CCCCCC,"[17, 19, 22]","[""O(amide_carbonyl)"", ""O(ether)"", ""O(amide_carbonyl)""]",3,9,3,water,water,0,57|CCCCCCC(CCCC)CCCN(C)C(=O)COCC(=O)N(C)CCCC(CCCC)CCCCCC|water,1,1,acid_class=chloride|acid_strength_bin=high|nitrate_activity=none|pH_bin=missing|diluent_family=aliphatic_hydrocarbon|modifier_class=none|temperature_bin=ambient|contact_time_bin=medium|shaking_time_bin=missing|phase_ratio_bin=missing,3.0,3.0,25.0,25.0,planned,ok,,,
de8330552bc9,,57,La,3,CCCCCCCCN(CC)C(=O)COCC(=O)N(CC)CCCCCCCC,CCCCCCCCN(CC)C(=O)COCC(=O)N(CC)CCCCCCCC,"[12, 14, 17]","[""O(amide_carbonyl)"", ""O(ether)"", ""O(amide_carbonyl)""]",3,9,3,water,water,0,57|CCCCCCCCN(CC)C(=O)COCC(=O)N(CC)CCCCCCCC|water,1,1,acid_class=chloride|acid_strength_bin=high|nitrate_activity=none|pH_bin=missing|diluent_family=aliphatic_hydrocarbon|modifier_class=none|temperature_bin=ambient|contact_time_bin=medium|shaking_time_bin=missing|phase_ratio_bin=missing,3.0,3.0,25.0,25.0,planned,ok,,,
b5bbb324b00d,,57,La,3,CCCCCCCCN(CCC)C(=O)COCC(=O)N(CCC)CCCCCCCC,CCCCCCCCN(CCC)C(=O)COCC(=O)N(CCC)CCCCCCCC,"[13, 15, 18]","[""O(amide_carbonyl)"", ""O(ether)"", ""O(amide_carbonyl)""]",3,9,3,water,water,0,57|CCCCCCCCN(CCC)C(=O)COCC(=O)N(CCC)CCCCCCCC|water,1,1,acid_class=chloride|acid_strength_bin=high|nitrate_activity=none|pH_bin=missing|diluent_family=aliphatic_hydrocarbon|modifier_class=none|temperature_bin=ambient|contact_time_bin=medium|shaking_time_bin=missing|phase_ratio_bin=missing,3.0,3.0,25.0,25.0,planned,ok,,,
a2811205e7ba,,57,La,3,CCCCCCCCN(CCCCCCCC)C(=O)COCC(=O)N(C)C,CCCCCCCCN(CCCCCCCC)C(=O)COCC(=O)N(C)C,"[18, 20, 23]","[""O(amide_carbonyl)"", ""O(ether)"", ""O(amide_carbonyl)""]",3,9,3,water,water,0,57|CCCCCCCCN(CCCCCCCC)C(=O)COCC(=O)N(C)C|water,1,1,acid_class=chloride|acid_strength_bin=high|nitrate_activity=none|pH_bin=missing|diluent_family=aliphatic_hydrocarbon|modifier_class=none|temperature_bin=ambient|contact_time_bin=medium|shaking_time_bin=missing|phase_ratio_bin=missing,3.0,3.0,25.0,25.0,planned,ok,,,
b958fc57e336,,57,La,3,CCCCCCCCN(C)C(=O)COCC(=O)N(CCCCCCCC)CCCCCCCC,CCCCCCCCN(C)C(=O)COCC(=O)N(CCCCCCCC)CCCCCCCC,"[11, 13, 16]","[""O(amide_carbonyl)"", ""O(ether)"", ""O(amide_carbonyl)""]",3,9,3,water,water,0,57|CCCCCCCCN(C)C(=O)COCC(=O)N(CCCCCCCC)CCCCCCCC|water,1,1,acid_class=chloride|acid_strength_bin=high|nitrate_activity=none|pH_bin=missing|diluent_family=aliphatic_hydrocarbon|modifier_class=none|temperature_bin=ambient|contact_time_bin=medium|shaking_time_bin=missing|phase_ratio_bin=missing,3.0,3.0,25.0,25.0,planned,ok,,,
89b393ce8294,,57,La,3,CCCCCCCCC(C)(C)SCC1CN(C(=O)COCC(=O)N2CC(C)C(CSC(C)(C)CCCCCCCC)C2)CC1C,CCCCCCCCC(C)(C)SCC1CN(C(=O)COCC(=O)N2CC(C)C(CSC(C)(C)CCCCCCCC)C2)CC1C,"[17, 19, 22]","[""O(amide_carbonyl)"", ""O(ether)"", ""O(amide_carbonyl)""]",3,9,3,water,water,0,57|CCCCCCCCC(C)(C)SCC1CN(C(=O)COCC(=O)N2CC(C)C(CSC(C)(C)CCCCCCCC)C2)CC1C|water,1,1,acid_class=chloride|acid_strength_bin=high|nitrate_activity=none|pH_bin=missing|diluent_family=aliphatic_hydrocarbon|modifier_class=none|temperature_bin=ambient|contact_time_bin=medium|shaking_time_bin=missing|phase_ratio_bin=missing,3.0,3.0,25.0,25.0,planned,ok,,,
2d0e04539acd,,57,La,3,CCCCCCCCCCCCN(CCCCCCCC)C(=O)COCC(=O)N(CCCCCCCC)CCCCCCCCCCCC,CCCCCCCCCCCCN(CCCCCCCC)C(=O)COCC(=O)N(CCCCCCCC)CCCCCCCCCCCC,"[22, 24, 27]","[""O(amide_carbonyl)"", ""O(ether)"", ""O(amide_carbonyl)""]",3,9,3,water,water,0,57|CCCCCCCCCCCCN(CCCCCCCC)C(=O)COCC(=O)N(CCCCCCCC)CCCCCCCCCCCC|water,1,1,acid_class=chloride|acid_strength_bin=high|nitrate_activity=none|pH_bin=missing|diluent_family=aliphatic_hydrocarbon|modifier_class=none|temperature_bin=ambient|contact_time_bin=medium|shaking_time_bin=missing|phase_ratio_bin=missing,3.0,3.0,25.0,25.0,planned,ok,,,
a4a68747ac9e,,57,La,3,CCCCCCCCN(CCC(C)CC(C)(C)C)C(=O)COCC(=O)N(CCCCCCCC)CCC(C)CC(C)(C)C,CCCCCCCCN(CCC(C)CC(C)(C)C)C(=O)COCC(=O)N(CCCCCCCC)CCC(C)CC(C)(C)C,"[19, 21, 24]","[""O(amide_carbonyl)"", ""O(ether)"", ""O(amide_carbonyl)""]",3,9,3,water,water,0,57|CCCCCCCCN(CCC(C)CC(C)(C)C)C(=O)COCC(=O)N(CCCCCCCC)CCC(C)CC(C)(C)C|water,1,1,acid_class=chloride|acid_strength_bin=high|nitrate_activity=none|pH_bin=missing|diluent_family=aliphatic_hydrocarbon|modifier_class=none|temperature_bin=ambient|contact_time_bin=medium|shaking_time_bin=missing|phase_ratio_bin=missing,3.0,3.0,25.0,25.0,planned,ok,,,
3e0312555ae1,,57,La,3,CCCCCCCCN(CCCCC(C)CCCC(C)C)C(=O)COCC(=O)N(CCCCCCCC)CCCCC(C)CCCC(C)C,CCCCCCCCN(CCCCC(C)CCCC(C)C)C(=O)COCC(=O)N(CCCCCCCC)CCCCC(C)CCCC(C)C,"[22, 24, 27]","[""O(amide_carbonyl)"", ""O(ether)"", ""O(amide_carbonyl)""]",3,9,3,water,water,0,57|CCCCCCCCN(CCCCC(C)CCCC(C)C)C(=O)COCC(=O)N(CCCCCCCC)CCCCC(C)CCCC(C)C|water,1,1,acid_class=chloride|acid_strength_bin=high|nitrate_activity=none|pH_bin=missing|diluent_family=aliphatic_hydrocarbon|modifier_class=none|temperature_bin=ambient|contact_time_bin=medium|shaking_time_bin=missing|phase_ratio_bin=missing,3.0,3.0,25.0,25.0,planned,ok,,,
9823bd9409ca,,57,La,3,COCCN(CCOC)C(=O)COCC(=O)N(CCOC)CCOC,COCCN(CCOC)C(=O)COCC(=O)N(CCOC)CCOC,"[1, 7, 10, 12, 15, 19, 23]","[""O(ether)"", ""O(ether)"", ""O(amide_carbonyl)"", ""O(ether)"", ""O(amide_carbonyl)"", ""O(ether)"", ""O(ether)""]",7,9,1,water,water,2,57|COCCN(CCOC)C(=O)COCC(=O)N(CCOC)CCOC|water,1,1,acid_class=chloride|acid_strength_bin=high|nitrate_activity=none|pH_bin=missing|diluent_family=aliphatic_hydrocarbon|modifier_class=none|temperature_bin=ambient|contact_time_bin=medium|shaking_time_bin=missing|phase_ratio_bin=missing,3.0,3.0,22.0,22.0,planned,ok,,,
692b00900b58,,57,La,3,CCCN(CCC)C(=O)COCC(=O)N(CCC)CCC,CCCN(CCC)C(=O)COCC(=O)N(CCC)CCC,"[8, 10, 13]","[""O(amide_carbonyl)"", ""O(ether)"", ""O(amide_carbonyl)""]",3,9,3,nitrate,nitrate,0,57|CCCN(CCC)C(=O)COCC(=O)N(CCC)CCC|nitrate,5,4,acid_class=nitrate|acid_strength_bin=medium|nitrate_activity=medium|pH_bin=missing|diluent_family=alcohol_modifier|modifier_class=none|temperature_bin=ambient|contact_time_bin=medium|shaking_time_bin=missing|phase_ratio_bin=missing;acid_class=nitrate|acid_strength_bin=medium|nitrate_activity=medium|pH_bin=missing|diluent_family=aromatic|modifier_class=none|temperature_bin=ambient|contact_time_bin=medium|shaking_time_bin=missing|phase_ratio_bin=missing;acid_class=nitrate|acid_strength_bin=medium|nitrate_activity=medium|pH_bin=missing|diluent_family=chlorinated|modifier_class=none|temperature_bin=ambient|contact_time_bin=medium|shaking_time_bin=missing|phase_ratio_bin=missing;acid_class=nitrate|acid_strength_bin=medium|nitrate_activity=medium|pH_bin=missing|diluent_family=other|modifier_class=none|temperature_bin=ambient|contact_time_bin=medium|shaking_time_bin=missing|phase_ratio_bin=missing,1.0,1.0,25.0,25.0,planned,ok,,,
8895a6ee019b,,57,La,3,CCCCCCn1c(-c2ccccc2)c(-c2ccccc2)c2cc3ccc4cc5c(-c6ccccc6)c(-c6ccccc6)n(CCCCCC)c(=O)c5nc4c3nc2c1=O,CCCCCCn1c(-c2ccccc2)c(-c2ccccc2)c2cc3ccc4cc5c(-c6ccccc6)c(-c6ccccc6)n(CCCCCC)c(=O)c5nc4c3nc2c1=O,"[6, 43, 51, 53, 56, 59]","[""N(aromatic)"", ""N(aromatic)"", ""O(amide_carbonyl)"", ""N(aromatic)"", ""N(aromatic)"", ""O(amide_carbonyl)""]",6,9,1,nitrate,nitrate,3,57|CCCCCCn1c(-c2ccccc2)c(-c2ccccc2)c2cc3ccc4cc5c(-c6ccccc6)c(-c6ccccc6)n(CCCCCC)c(=O)c5nc4c3nc2c1=O|nitrate,1,1,acid_class=nitrate|acid_strength_bin=medium|nitrate_activity=medium|pH_bin=missing|diluent_family=chlorinated|modifier_class=none|temperature_bin=ambient|contact_time_bin=missing|shaking_time_bin=missing|phase_ratio_bin=missing,0.9,0.9,25.0,25.0,planned,fill_5x_nitrate,,,
65d6bea6dcfa,,57,La,3,CCCCCCn1c(-c2ccccc2)c(-c2ccccc2)c2cc3ccc4cc5c(-c6ccccc6)c(-c6ccccc6)n(CCCCCC)c(=O)c5nc4c3nc2c1=O,CCCCCCn1c(-c2ccccc2)c(-c2ccccc2)c2cc3ccc4cc5c(-c6ccccc6)c(-c6ccccc6)n(CCCCCC)c(=O)c5nc4c3nc2c1=O,"[6, 43, 51, 53, 56, 59]","[""N(aromatic)"", ""N(aromatic)"", ""O(amide_carbonyl)"", ""N(aromatic)"", ""N(aromatic)"", ""O(amide_carbonyl)""]",6,9,1,water,water,3,57|CCCCCCn1c(-c2ccccc2)c(-c2ccccc2)c2cc3ccc4cc5c(-c6ccccc6)c(-c6ccccc6)n(CCCCCC)c(=O)c5nc4c3nc2c1=O|water,1,1,acid_class=chloride|acid_strength_bin=medium|nitrate_activity=none|pH_bin=missing|diluent_family=chlorinated|modifier_class=none|temperature_bin=ambient|contact_time_bin=missing|shaking_time_bin=missing|phase_ratio_bin=missing,0.9,0.9,25.0,25.0,planned,fill_5x_water,,,
d655b942946b,,57,La,3,O=c1c(O)c(-c2ccc(O)c(O)c2)oc2cc(O)cc(O)c12,O=c1c(O)c(-c2ccc(O)c(O)c2)oc2cc(O)cc(O)c12,"[0, 3, 9, 11, 13, 17, 20]","[""O(carbonyl)"", ""O(hydroxyl)"", ""O(hydroxyl)"", ""O(hydroxyl)"", ""O(ether)"", ""O(hydroxyl)"", ""O(hydroxyl)""]",7,9,1,nitrate,nitrate,2,57|O=c1c(O)c(-c2ccc(O)c(O)c2)oc2cc(O)cc(O)c12|nitrate,1,1,acid_class=nitrate|acid_strength_bin=high|nitrate_activity=high|pH_bin=missing|diluent_family=alcohol_modifier|modifier_class=none|temperature_bin=ambient|contact_time_bin=missing|shaking_time_bin=missing|phase_ratio_bin=missing,2.0,2.0,25.0,25.0,planned,fill_5x_nitrate,,,
0345ed41f690,,57,La,3,C1CCC2OCCOCCOC3CCCCC3OCCOCCOC2C1,C1CCC2OCCOCCOC3CCCCC3OCCOCCOC2C1,"[4, 7, 10, 17, 20, 23]","[""O(ether)"", ""O(ether)"", ""O(ether)"", ""O(ether)"", ""O(ether)"", ""O(ether)""]",6,9,1,nitrate,nitrate,3,57|C1CCC2OCCOCCOC3CCCCC3OCCOCCOC2C1|nitrate,1,1,acid_class=nitrate|acid_strength_bin=medium|nitrate_activity=medium|pH_bin=missing|diluent_family=other|modifier_class=none|temperature_bin=ambient|contact_time_bin=missing|shaking_time_bin=missing|phase_ratio_bin=missing,1.0,1.0,25.0,25.0,planned,fill_3x_nitrate,,,
d4331b78a72d,,57,La,3,c1cc2nc(c1)COc1ccccc1OCCOCCOc1ccccc1OC2,c1cc2nc(c1)COc1ccccc1OCCOCCOc1ccccc1OC2,"[3, 7, 14, 17, 20, 27]","[""N(aromatic)"", ""O(ether)"", ""O(ether)"", ""O(ether)"", ""O(ether)"", ""O(ether)""]",6,9,1,nitrate,nitrate,3,57|c1cc2nc(c1)COc1ccccc1OCCOCCOc1ccccc1OC2|nitrate,1,1,acid_class=nitrate|acid_strength_bin=medium|nitrate_activity=medium|pH_bin=missing|diluent_family=other|modifier_class=none|temperature_bin=ambient|contact_time_bin=missing|shaking_time_bin=missing|phase_ratio_bin=missing,1.0,1.0,25.0,25.0,planned,fill_3x_nitrate,,,
0609988c17a4,,57,La,3,c1ccc2c(c1)OCCOCCOc1ccccc1OCCOCCO2,c1ccc2c(c1)OCCOCCOc1ccccc1OCCOCCO2,"[6, 9, 12, 19, 22, 25]","[""O(ether)"", ""O(ether)"", ""O(ether)"", ""O(ether)"", ""O(ether)"", ""O(ether)""]",6,9,1,nitrate,nitrate,3,57|c1ccc2c(c1)OCCOCCOc1ccccc1OCCOCCO2|nitrate,1,1,acid_class=nitrate|acid_strength_bin=medium|nitrate_activity=medium|pH_bin=missing|diluent_family=other|modifier_class=none|temperature_bin=ambient|contact_time_bin=missing|shaking_time_bin=missing|phase_ratio_bin=missing,1.0,1.0,25.0,25.0,planned,fill_3x_nitrate,,,
997619d3a9f1,,60,Nd,3,CCCCN(CCCC)C(=O)COCC(=O)N(CCCC)CCCC,CCCCN(CCCC)C(=O)COCC(=O)N(CCCC)CCCC,"[10, 12, 15]","[""O(amide_carbonyl)"", ""O(ether)"", ""O(amide_carbonyl)""]",3,9,3,nitrate,nitrate,0,60|CCCCN(CCCC)C(=O)COCC(=O)N(CCCC)CCCC|nitrate,31,8,acid_class=nitrate|acid_strength_bin=high|nitrate_activity=high|pH_bin=missing|diluent_family=aromatic|modifier_class=none|temperature_bin=ambient|contact_time_bin=medium|shaking_time_bin=missing|phase_ratio_bin=missing;acid_class=nitrate|acid_strength_bin=high|nitrate_activity=high|pH_bin=missing|diluent_family=aromatic|modifier_class=none|temperature_bin=ambient|contact_time_bin=missing|shaking_time_bin=medium|phase_ratio_bin=missing;acid_class=nitrate|acid_strength_bin=low|nitrate_activity=low|pH_bin=missing|diluent_family=aromatic|modifier_class=none|temperature_bin=ambient|contact_time_bin=medium|shaking_time_bin=missing|phase_ratio_bin=missing;acid_class=nitrate|acid_strength_bin=low|nitrate_activity=low|pH_bin=missing|diluent_family=aromatic|modifier_class=none|temperature_bin=ambient|contact_time_bin=missing|shaking_time_bin=medium|phase_ratio_bin=missing;acid_class=nitrate|acid_strength_bin=medium|nitrate_activity=medium|pH_bin=missing|diluent_family=aromatic|modifier_class=none|temperature_bin=ambient|contact_time_bin=medium|shaking_time_bin=missing|phase_ratio_bin=missing,0.482051,2.52455,25.0,45.0,planned,ok,,,
0fa1f433e09b,,62,Sm,3,CCCCN(CCCC)C(=O)COCC(=O)N(CCCC)CCCC,CCCCN(CCCC)C(=O)COCC(=O)N(CCCC)CCCC,"[10, 12, 15]","[""O(amide_carbonyl)"", ""O(ether)"", ""O(amide_carbonyl)""]",3,9,3,nitrate,nitrate,0,62|CCCCN(CCCC)C(=O)COCC(=O)N(CCCC)CCCC|nitrate,27,8,acid_class=nitrate|acid_strength_bin=high|nitrate_activity=high|pH_bin=missing|diluent_family=aromatic|modifier_class=none|temperature_bin=ambient|contact_time_bin=medium|shaking_time_bin=missing|phase_ratio_bin=missing;acid_class=nitrate|acid_strength_bin=high|nitrate_activity=high|pH_bin=missing|diluent_family=aromatic|modifier_class=none|temperature_bin=ambient|contact_time_bin=missing|shaking_time_bin=medium|phase_ratio_bin=missing;acid_class=nitrate|acid_strength_bin=low|nitrate_activity=low|pH_bin=missing|diluent_family=aromatic|modifier_class=none|temperature_bin=ambient|contact_time_bin=medium|shaking_time_bin=missing|phase_ratio_bin=missing;acid_class=nitrate|acid_strength_bin=low|nitrate_activity=low|pH_bin=missing|diluent_family=aromatic|modifier_class=none|temperature_bin=ambient|contact_time_bin=missing|shaking_time_bin=medium|phase_ratio_bin=missing;acid_class=nitrate|acid_strength_bin=medium|nitrate_activity=medium|pH_bin=missing|diluent_family=aromatic|modifier_class=none|temperature_bin=ambient|contact_time_bin=medium|shaking_time_bin=missing|phase_ratio_bin=missing,0.482047,2.02413,25.0,43.0,planned,ok,,,
fbc8200af2c7,,62,Sm,3,CCCCCCCCCCN(CCCCCCCCCC)C(=O)COCC(=O)N(CCCCCCCCCC)CCCCCCCCCC,CCCCCCCCCCN(CCCCCCCCCC)C(=O)COCC(=O)N(CCCCCCCCCC)CCCCCCCCCC,"[22, 24, 27]","[""O(amide_carbonyl)"", ""O(ether)"", ""O(amide_carbonyl)""]",3,9,3,nitrate,nitrate,0,62|CCCCCCCCCCN(CCCCCCCCCC)C(=O)COCC(=O)N(CCCCCCCCCC)CCCCCCCCCC|nitrate,1,1,acid_class=nitrate|acid_strength_bin=medium|nitrate_activity=medium|pH_bin=missing|diluent_family=aromatic|modifier_class=none|temperature_bin=ambient|contact_time_bin=missing|shaking_time_bin=missing|phase_ratio_bin=missing,1.5,1.5,25.0,25.0,planned,ok,,,
302a1a766fc4,,71,Lu,3,CCCCCCN(CCCCCC)C(=O)COCC(=O)N(CCCCCC)CCCCCC,CCCCCCN(CCCCCC)C(=O)COCC(=O)N(CCCCCC)CCCCCC,"[14, 16, 19]","[""O(amide_carbonyl)"", ""O(ether)"", ""O(amide_carbonyl)""]",3,8,2,nitrate,nitrate,2,71|CCCCCCN(CCCCCC)C(=O)COCC(=O)N(CCCCCC)CCCCCC|nitrate,2,2,acid_class=nitrate|acid_strength_bin=medium|nitrate_activity=medium|pH_bin=missing|diluent_family=aromatic|modifier_class=none|temperature_bin=ambient|contact_time_bin=missing|shaking_time_bin=missing|phase_ratio_bin=missing;acid_class=nitrate|acid_strength_bin=medium|nitrate_activity=medium|pH_bin=missing|diluent_family=aromatic|modifier_class=none|temperature_bin=ambient|contact_time_bin=short|shaking_time_bin=missing|phase_ratio_bin=missing,1.5,1.5,25.0,25.0,planned,fill_2x_nitrate,,,
b3d7d325246c,,62,Sm,3,CCCCCCN(CCCCCC)C(=O)COCC(=O)N(CCCCCC)CCCCCC,CCCCCCN(CCCCCC)C(=O)COCC(=O)N(CCCCCC)CCCCCC,"[14, 16, 19]","[""O(amide_carbonyl)"", ""O(ether)"", ""O(amide_carbonyl)""]",3,9,3,nitrate,nitrate,0,62|CCCCCCN(CCCCCC)C(=O)COCC(=O)N(CCCCCC)CCCCCC|nitrate,2,2,acid_class=nitrate|acid_strength_bin=medium|nitrate_activity=medium|pH_bin=missing|diluent_family=aromatic|modifier_class=none|temperature_bin=ambient|contact_time_bin=missing|shaking_time_bin=missing|phase_ratio_bin=missing;acid_class=nitrate|acid_strength_bin=medium|nitrate_activity=medium|pH_bin=missing|diluent_family=aromatic|modifier_class=none|temperature_bin=ambient|contact_time_bin=short|shaking_time_bin=missing|phase_ratio_bin=missing,1.5,1.5,25.0,25.0,planned,ok,,,
7fd9c2ac0165,,71,Lu,3,CCCCCCCCCCN(CCCCCCCCCC)C(=O)COCC(=O)N(CCCCCCCCCC)CCCCCCCCCC,CCCCCCCCCCN(CCCCCCCCCC)C(=O)COCC(=O)N(CCCCCCCCCC)CCCCCCCCCC,"[22, 24, 27]","[""O(amide_carbonyl)"", ""O(ether)"", ""O(amide_carbonyl)""]",3,8,2,nitrate,nitrate,2,71|CCCCCCCCCCN(CCCCCCCCCC)C(=O)COCC(=O)N(CCCCCCCCCC)CCCCCCCCCC|nitrate,1,1,acid_class=nitrate|acid_strength_bin=medium|nitrate_activity=medium|pH_bin=missing|diluent_family=aromatic|modifier_class=none|temperature_bin=ambient|contact_time_bin=missing|shaking_time_bin=missing|phase_ratio_bin=missing,1.5,1.5,25.0,25.0,planned,fill_2x_nitrate,,,
79943a359182,,71,Lu,3,CCCCC(CC)CN(CC(CC)CCCC)C(=O)COCC(=O)N(CC(CC)CCCC)CC(CC)CCCC,CCCCC(CC)CN(CC(CC)CCCC)C(=O)COCC(=O)N(CC(CC)CCCC)CC(CC)CCCC,"[18, 20, 23]","[""O(amide_carbonyl)"", ""O(ether)"", ""O(amide_carbonyl)""]",3,8,2,nitrate,nitrate,2,71|CCCCC(CC)CN(CC(CC)CCCC)C(=O)COCC(=O)N(CC(CC)CCCC)CC(CC)CCCC|nitrate,2,2,acid_class=nitrate|acid_strength_bin=medium|nitrate_activity=medium|pH_bin=missing|diluent_family=aromatic|modifier_class=none|temperature_bin=ambient|contact_time_bin=missing|shaking_time_bin=missing|phase_ratio_bin=missing;acid_class=nitrate|acid_strength_bin=medium|nitrate_activity=medium|pH_bin=missing|diluent_family=aromatic|modifier_class=none|temperature_bin=ambient|contact_time_bin=short|shaking_time_bin=missing|phase_ratio_bin=missing,1.5,1.5,25.0,25.0,planned,fill_2x_nitrate,,,
2db135aa133a,,70,Yb,3,CCCCN(CCCC)C(=O)COCC(=O)N(CCCC)CCCC,CCCCN(CCCC)C(=O)COCC(=O)N(CCCC)CCCC,"[10, 12, 15]","[""O(amide_carbonyl)"", ""O(ether)"", ""O(amide_carbonyl)""]",3,8,2,water,water,2,70|CCCCN(CCCC)C(=O)COCC(=O)N(CCCC)CCCC|water,10,4,acid_class=chloride|acid_strength_bin=high|nitrate_activity=none|pH_bin=missing|diluent_family=aromatic|modifier_class=none|temperature_bin=ambient|contact_time_bin=missing|shaking_time_bin=medium|phase_ratio_bin=missing;acid_class=chloride|acid_strength_bin=high|nitrate_activity=none|pH_bin=missing|diluent_family=other|modifier_class=none|temperature_bin=ambient|contact_time_bin=missing|shaking_time_bin=medium|phase_ratio_bin=missing;acid_class=chloride|acid_strength_bin=medium|nitrate_activity=none|pH_bin=missing|diluent_family=aromatic|modifier_class=none|temperature_bin=ambient|contact_time_bin=missing|shaking_time_bin=medium|phase_ratio_bin=missing;acid_class=chloride|acid_strength_bin=medium|nitrate_activity=none|pH_bin=missing|diluent_family=other|modifier_class=none|temperature_bin=ambient|contact_time_bin=missing|shaking_time_bin=medium|phase_ratio_bin=missing,0.987097,5.02581,25.0,25.0,planned,fill_2x_water,,,
8bed09234572,,71,Lu,3,CCCCCCCCN(CCCCCCCC)C(=O)[C@H](C)O[C@H](C)C(=O)N(CCCCCCCC)CCCCCCCC,CCCCCCCCN(CCCCCCCC)C(=O)[C@H](C)O[C@H](C)C(=O)N(CCCCCCCC)CCCCCCCC,"[18, 21, 25]","[""O(amide_carbonyl)"", ""O(ether)"", ""O(amide_carbonyl)""]",3,8,2,nitrate,nitrate,2,71|CCCCCCCCN(CCCCCCCC)C(=O)[C@H](C)O[C@H](C)C(=O)N(CCCCCCCC)CCCCCCCC|nitrate,1,1,acid_class=nitrate|acid_strength_bin=high|nitrate_activity=high|pH_bin=missing|diluent_family=aliphatic_hydrocarbon|modifier_class=none|temperature_bin=ambient|contact_time_bin=short|shaking_time_bin=missing|phase_ratio_bin=missing,4.3,4.3,22.0,22.0,planned,fill_2x_nitrate,,,
7589c84e6642,,71,Lu,3,CN(C(=O)COCC(=O)N(C)c1ccccc1)c1ccccc1,CN(C(=O)COCC(=O)N(C)c1ccccc1)c1ccccc1,"[3, 5, 8]","[""O(amide_carbonyl)"", ""O(ether)"", ""O(amide_carbonyl)""]",3,8,2,nitrate,nitrate,2,71|CN(C(=O)COCC(=O)N(C)c1ccccc1)c1ccccc1|nitrate,6,5,acid_class=nitrate|acid_strength_bin=high|nitrate_activity=high|pH_bin=missing|diluent_family=chlorinated|modifier_class=none|temperature_bin=ambient|contact_time_bin=short|shaking_time_bin=missing|phase_ratio_bin=missing;acid_class=nitrate|acid_strength_bin=medium|nitrate_activity=medium|pH_bin=missing|diluent_family=aromatic|modifier_class=none|temperature_bin=ambient|contact_time_bin=medium|shaking_time_bin=missing|phase_ratio_bin=missing;acid_class=nitrate|acid_strength_bin=medium|nitrate_activity=medium|pH_bin=missing|diluent_family=aromatic|modifier_class=none|temperature_bin=ambient|contact_time_bin=short|shaking_time_bin=missing|phase_ratio_bin=missing;acid_class=nitrate|acid_strength_bin=medium|nitrate_activity=medium|pH_bin=missing|diluent_family=chlorinated|modifier_class=none|temperature_bin=ambient|contact_time_bin=medium|shaking_time_bin=missing|phase_ratio_bin=missing;acid_class=nitrate|acid_strength_bin=medium|nitrate_activity=medium|pH_bin=missing|diluent_family=other|modifier_class=none|temperature_bin=ambient|contact_time_bin=medium|shaking_time_bin=missing|phase_ratio_bin=missing,1.0,4.0,23.0,25.0,planned,fill_2x_nitrate,,,
e96a56b518dc,,65,Tb,3,CCCCN(CCCC)C(=O)COCC(=O)N(CCCC)CCCC,CCCCN(CCCC)C(=O)COCC(=O)N(CCCC)CCCC,"[10, 12, 15]","[""O(amide_carbonyl)"", ""O(ether)"", ""O(amide_carbonyl)""]",3,8,2,nitrate,nitrate,2,65|CCCCN(CCCC)C(=O)COCC(=O)N(CCCC)CCCC|nitrate,14,3,acid_class=nitrate|acid_strength_bin=low|nitrate_activity=low|pH_bin=missing|diluent_family=aromatic|modifier_class=none|temperature_bin=ambient|contact_time_bin=medium|shaking_time_bin=missing|phase_ratio_bin=missing;acid_class=nitrate|acid_strength_bin=medium|nitrate_activity=medium|pH_bin=missing|diluent_family=aromatic|modifier_class=none|temperature_bin=ambient|contact_time_bin=medium|shaking_time_bin=missing|phase_ratio_bin=missing;acid_class=nitrate|acid_strength_bin=medium|nitrate_activity=medium|pH_bin=missing|diluent_family=aromatic|modifier_class=none|temperature_bin=warm|contact_time_bin=medium|shaking_time_bin=missing|phase_ratio_bin=missing,0.482051,1.59666,25.0,43.0,planned,fill_2x_nitrate,,,
a1ab40ace66c,,71,Lu,3,CCCCN(CCCC)C(=O)COCC(=O)N(CCCC)CCCC,CCCCN(CCCC)C(=O)COCC(=O)N(CCCC)CCCC,"[10, 12, 15]","[""O(amide_carbonyl)"", ""O(ether)"", ""O(amide_carbonyl)""]",3,8,2,nitrate,nitrate,2,71|CCCCN(CCCC)C(=O)COCC(=O)N(CCCC)CCCC|nitrate,1,1,acid_class=nitrate|acid_strength_bin=medium|nitrate_activity=medium|pH_bin=missing|diluent_family=aromatic|modifier_class=none|temperature_bin=ambient|contact_time_bin=short|shaking_time_bin=missing|phase_ratio_bin=missing,1.5,1.5,25.0,25.0,planned,fill_2x_nitrate,,,
37968b1527ea,,60,Nd,3,CC(C)CN(CC(C)C)C(=O)COCC(=O)N(CC(C)C)CC(C)C,CC(C)CN(CC(C)C)C(=O)COCC(=O)N(CC(C)C)CC(C)C,"[10, 12, 15]","[""O(amide_carbonyl)"", ""O(ether)"", ""O(amide_carbonyl)""]",3,9,3,nitrate,nitrate,0,60|CC(C)CN(CC(C)C)C(=O)COCC(=O)N(CC(C)C)CC(C)C|nitrate,1,1,acid_class=nitrate|acid_strength_bin=medium|nitrate_activity=medium|pH_bin=missing|diluent_family=aromatic|modifier_class=none|temperature_bin=ambient|contact_time_bin=short|shaking_time_bin=missing|phase_ratio_bin=missing,1.5,1.5,25.0,25.0,planned,ok,,,
ee66a08ef9ec,,62,Sm,3,CC(C)CN(CC(C)C)C(=O)COCC(=O)N(CC(C)C)CC(C)C,CC(C)CN(CC(C)C)C(=O)COCC(=O)N(CC(C)C)CC(C)C,"[10, 12, 15]","[""O(amide_carbonyl)"", ""O(ether)"", ""O(amide_carbonyl)""]",3,9,3,nitrate,nitrate,0,62|CC(C)CN(CC(C)C)C(=O)COCC(=O)N(CC(C)C)CC(C)C|nitrate,1,1,acid_class=nitrate|acid_strength_bin=medium|nitrate_activity=medium|pH_bin=missing|diluent_family=aromatic|modifier_class=none|temperature_bin=ambient|contact_time_bin=short|shaking_time_bin=missing|phase_ratio_bin=missing,1.5,1.5,25.0,25.0,planned,ok,,,
6c6142132009,,71,Lu,3,CC(C)CN(CC(C)C)C(=O)COCC(=O)N(CC(C)C)CC(C)C,CC(C)CN(CC(C)C)C(=O)COCC(=O)N(CC(C)C)CC(C)C,"[10, 12, 15]","[""O(amide_carbonyl)"", ""O(ether)"", ""O(amide_carbonyl)""]",3,8,2,nitrate,nitrate,2,71|CC(C)CN(CC(C)C)C(=O)COCC(=O)N(CC(C)C)CC(C)C|nitrate,1,1,acid_class=nitrate|acid_strength_bin=medium|nitrate_activity=medium|pH_bin=missing|diluent_family=aromatic|modifier_class=none|temperature_bin=ambient|contact_time_bin=short|shaking_time_bin=missing|phase_ratio_bin=missing,1.5,1.5,25.0,25.0,planned,fill_2x_nitrate,,,
5b1dbee9dee8,,60,Nd,3,CN(C(=O)COCC(=O)N(C)c1ccccc1)c1ccccc1,CN(C(=O)COCC(=O)N(C)c1ccccc1)c1ccccc1,"[3, 5, 8]","[""O(amide_carbonyl)"", ""O(ether)"", ""O(amide_carbonyl)""]",3,9,3,nitrate,nitrate,0,60|CN(C(=O)COCC(=O)N(C)c1ccccc1)c1ccccc1|nitrate,6,5,acid_class=nitrate|acid_strength_bin=high|nitrate_activity=high|pH_bin=missing|diluent_family=chlorinated|modifier_class=none|temperature_bin=ambient|contact_time_bin=short|shaking_time_bin=missing|phase_ratio_bin=missing;acid_class=nitrate|acid_strength_bin=medium|nitrate_activity=medium|pH_bin=missing|diluent_family=aromatic|modifier_class=none|temperature_bin=ambient|contact_time_bin=medium|shaking_time_bin=missing|phase_ratio_bin=missing;acid_class=nitrate|acid_strength_bin=medium|nitrate_activity=medium|pH_bin=missing|diluent_family=aromatic|modifier_class=none|temperature_bin=ambient|contact_time_bin=short|shaking_time_bin=missing|phase_ratio_bin=missing;acid_class=nitrate|acid_strength_bin=medium|nitrate_activity=medium|pH_bin=missing|diluent_family=chlorinated|modifier_class=none|temperature_bin=ambient|contact_time_bin=medium|shaking_time_bin=missing|phase_ratio_bin=missing;acid_class=nitrate|acid_strength_bin=medium|nitrate_activity=medium|pH_bin=missing|diluent_family=other|modifier_class=none|temperature_bin=ambient|contact_time_bin=medium|shaking_time_bin=missing|phase_ratio_bin=missing,1.0,4.0,23.0,25.0,planned,ok,,,
21b084407405,,62,Sm,3,CN(C(=O)COCC(=O)N(C)c1ccccc1)c1ccccc1,CN(C(=O)COCC(=O)N(C)c1ccccc1)c1ccccc1,"[3, 5, 8]","[""O(amide_carbonyl)"", ""O(ether)"", ""O(amide_carbonyl)""]",3,9,3,nitrate,nitrate,0,62|CN(C(=O)COCC(=O)N(C)c1ccccc1)c1ccccc1|nitrate,6,5,acid_class=nitrate|acid_strength_bin=high|nitrate_activity=high|pH_bin=missing|diluent_family=chlorinated|modifier_class=none|temperature_bin=ambient|contact_time_bin=short|shaking_time_bin=missing|phase_ratio_bin=missing;acid_class=nitrate|acid_strength_bin=medium|nitrate_activity=medium|pH_bin=missing|diluent_family=aromatic|modifier_class=none|temperature_bin=ambient|contact_time_bin=medium|shaking_time_bin=missing|phase_ratio_bin=missing;acid_class=nitrate|acid_strength_bin=medium|nitrate_activity=medium|pH_bin=missing|diluent_family=aromatic|modifier_class=none|temperature_bin=ambient|contact_time_bin=short|shaking_time_bin=missing|phase_ratio_bin=missing;acid_class=nitrate|acid_strength_bin=medium|nitrate_activity=medium|pH_bin=missing|diluent_family=chlorinated|modifier_class=none|temperature_bin=ambient|contact_time_bin=medium|shaking_time_bin=missing|phase_ratio_bin=missing;acid_class=nitrate|acid_strength_bin=medium|nitrate_activity=medium|pH_bin=missing|diluent_family=other|modifier_class=none|temperature_bin=ambient|contact_time_bin=medium|shaking_time_bin=missing|phase_ratio_bin=missing,1.0,4.0,23.0,25.0,planned,ok,,,
ab424ae951e3,,60,Nd,3,CCCCCCCCN(CC(C)C)C(=O)COCC(=O)N(CCCCCCCC)CC(C)C,CCCCCCCCN(CC(C)C)C(=O)COCC(=O)N(CCCCCCCC)CC(C)C,"[14, 16, 19]","[""O(amide_carbonyl)"", ""O(ether)"", ""O(amide_carbonyl)""]",3,9,3,nitrate,nitrate,0,60|CCCCCCCCN(CC(C)C)C(=O)COCC(=O)N(CCCCCCCC)CC(C)C|nitrate,1,1,acid_class=nitrate|acid_strength_bin=medium|nitrate_activity=medium|pH_bin=missing|diluent_family=aromatic|modifier_class=none|temperature_bin=ambient|contact_time_bin=short|shaking_time_bin=missing|phase_ratio_bin=missing,1.5,1.5,25.0,25.0,planned,ok,,,
895df93270f5,,62,Sm,3,CCCCCCCCN(CC(C)C)C(=O)COCC(=O)N(CCCCCCCC)CC(C)C,CCCCCCCCN(CC(C)C)C(=O)COCC(=O)N(CCCCCCCC)CC(C)C,"[14, 16, 19]","[""O(amide_carbonyl)"", ""O(ether)"", ""O(amide_carbonyl)""]",3,9,3,nitrate,nitrate,0,62|CCCCCCCCN(CC(C)C)C(=O)COCC(=O)N(CCCCCCCC)CC(C)C|nitrate,1,1,acid_class=nitrate|acid_strength_bin=medium|nitrate_activity=medium|pH_bin=missing|diluent_family=aromatic|modifier_class=none|temperature_bin=ambient|contact_time_bin=short|shaking_time_bin=missing|phase_ratio_bin=missing,1.5,1.5,25.0,25.0,planned,ok,,,
479733750bb5,,71,Lu,3,CCCCCCCCN(CC(C)C)C(=O)COCC(=O)N(CCCCCCCC)CC(C)C,CCCCCCCCN(CC(C)C)C(=O)COCC(=O)N(CCCCCCCC)CC(C)C,"[14, 16, 19]","[""O(amide_carbonyl)"", ""O(ether)"", ""O(amide_carbonyl)""]",3,8,2,nitrate,nitrate,2,71|CCCCCCCCN(CC(C)C)C(=O)COCC(=O)N(CCCCCCCC)CC(C)C|nitrate,1,1,acid_class=nitrate|acid_strength_bin=medium|nitrate_activity=medium|pH_bin=missing|diluent_family=aromatic|modifier_class=none|temperature_bin=ambient|contact_time_bin=short|shaking_time_bin=missing|phase_ratio_bin=missing,1.5,1.5,25.0,25.0,planned,fill_2x_nitrate,,,
64b85c270e26,,60,Nd,3,CCCCCCCCN(CC(CC)CCCC)C(=O)COCC(=O)N(CCCCCCCC)CC(CC)CCCC,CCCCCCCCN(CC(CC)CCCC)C(=O)COCC(=O)N(CCCCCCCC)CC(CC)CCCC,"[18, 20, 23]","[""O(amide_carbonyl)"", ""O(ether)"", ""O(amide_carbonyl)""]",3,9,3,nitrate,nitrate,0,60|CCCCCCCCN(CC(CC)CCCC)C(=O)COCC(=O)N(CCCCCCCC)CC(CC)CCCC|nitrate,1,1,acid_class=nitrate|acid_strength_bin=medium|nitrate_activity=medium|pH_bin=missing|diluent_family=aromatic|modifier_class=none|temperature_bin=ambient|contact_time_bin=short|shaking_time_bin=missing|phase_ratio_bin=missing,1.5,1.5,25.0,25.0,planned,ok,,,
225f02af74b6,,62,Sm,3,CCCCCCCCN(CC(CC)CCCC)C(=O)COCC(=O)N(CCCCCCCC)CC(CC)CCCC,CCCCCCCCN(CC(CC)CCCC)C(=O)COCC(=O)N(CCCCCCCC)CC(CC)CCCC,"[18, 20, 23]","[""O(amide_carbonyl)"", ""O(ether)"", ""O(amide_carbonyl)""]",3,9,3,nitrate,nitrate,0,62|CCCCCCCCN(CC(CC)CCCC)C(=O)COCC(=O)N(CCCCCCCC)CC(CC)CCCC|nitrate,1,1,acid_class=nitrate|acid_strength_bin=medium|nitrate_activity=medium|pH_bin=missing|diluent_family=aromatic|modifier_class=none|temperature_bin=ambient|contact_time_bin=short|shaking_time_bin=missing|phase_ratio_bin=missing,1.5,1.5,25.0,25.0,planned,ok,,,
c25c829ddcb6,,71,Lu,3,CCCCCCCCN(CC(CC)CCCC)C(=O)COCC(=O)N(CCCCCCCC)CC(CC)CCCC,CCCCCCCCN(CC(CC)CCCC)C(=O)COCC(=O)N(CCCCCCCC)CC(CC)CCCC,"[18, 20, 23]","[""O(amide_carbonyl)"", ""O(ether)"", ""O(amide_carbonyl)""]",3,8,2,nitrate,nitrate,2,71|CCCCCCCCN(CC(CC)CCCC)C(=O)COCC(=O)N(CCCCCCCC)CC(CC)CCCC|nitrate,1,1,acid_class=nitrate|acid_strength_bin=medium|nitrate_activity=medium|pH_bin=missing|diluent_family=aromatic|modifier_class=none|temperature_bin=ambient|contact_time_bin=short|shaking_time_bin=missing|phase_ratio_bin=missing,1.5,1.5,25.0,25.0,planned,fill_2x_nitrate,,,
686dc5817a7b,,71,Lu,3,CCCCC(CC)CN(CC(CC)CCCC)C(=O)COCC(=O)N(CC(CC)CCCC)CC(CC)CCCC,CCCCC(CC)CN(CC(CC)CCCC)C(=O)COCC(=O)N(CC(CC)CCCC)CC(CC)CCCC,"[18, 20, 23]","[""O(amide_carbonyl)"", ""O(ether)"", ""O(amide_carbonyl)""]",3,8,2,water,water,2,71|CCCCC(CC)CN(CC(CC)CCCC)C(=O)COCC(=O)N(CC(CC)CCCC)CC(CC)CCCC|water,2,1,acid_class=chloride|acid_strength_bin=high|nitrate_activity=none|pH_bin=missing|diluent_family=aliphatic_hydrocarbon|modifier_class=none|temperature_bin=ambient|contact_time_bin=medium|shaking_time_bin=missing|phase_ratio_bin=missing,3.0,3.0,22.0,25.0,planned,fill_2x_water,,,
0607644a06f5,,71,Lu,3,CCCCCCCCN(C)C(=O)COCC(=O)N(C)CCCCCCCC,CCCCCCCCN(C)C(=O)COCC(=O)N(C)CCCCCCCC,"[11, 13, 16]","[""O(amide_carbonyl)"", ""O(ether)"", ""O(amide_carbonyl)""]",3,8,2,water,water,2,71|CCCCCCCCN(C)C(=O)COCC(=O)N(C)CCCCCCCC|water,3,1,acid_class=chloride|acid_strength_bin=high|nitrate_activity=none|pH_bin=missing|diluent_family=aliphatic_hydrocarbon|modifier_class=none|temperature_bin=ambient|contact_time_bin=medium|shaking_time_bin=missing|phase_ratio_bin=missing,3.0,3.0,22.0,25.0,planned,fill_2x_water,,,
0d0c6ba59d24,,71,Lu,3,CCCCC(CC)CN(C)C(=O)COCC(=O)N(C)CC(CC)CCCC,CCCCC(CC)CN(C)C(=O)COCC(=O)N(C)CC(CC)CCCC,"[11, 13, 16]","[""O(amide_carbonyl)"", ""O(ether)"", ""O(amide_carbonyl)""]",3,8,2,water,water,2,71|CCCCC(CC)CN(C)C(=O)COCC(=O)N(C)CC(CC)CCCC|water,1,1,acid_class=chloride|acid_strength_bin=high|nitrate_activity=none|pH_bin=missing|diluent_family=aliphatic_hydrocarbon|modifier_class=none|temperature_bin=ambient|contact_time_bin=medium|shaking_time_bin=missing|phase_ratio_bin=missing,3.0,3.0,25.0,25.0,planned,fill_2x_water,,,
a543645bb9e1,,71,Lu,3,CCCCCCC(CCCC)CCCN(C)C(=O)COCC(=O)N(C)CCCC(CCCC)CCCCCC,CCCCCCC(CCCC)CCCN(C)C(=O)COCC(=O)N(C)CCCC(CCCC)CCCCCC,"[17, 19, 22]","[""O(amide_carbonyl)"", ""O(ether)"", ""O(amide_carbonyl)""]",3,8,2,water,water,2,71|CCCCCCC(CCCC)CCCN(C)C(=O)COCC(=O)N(C)CCCC(CCCC)CCCCCC|water,1,1,acid_class=chloride|acid_strength_bin=high|nitrate_activity=none|pH_bin=missing|diluent_family=aliphatic_hydrocarbon|modifier_class=none|temperature_bin=ambient|contact_time_bin=medium|shaking_time_bin=missing|phase_ratio_bin=missing,3.0,3.0,25.0,25.0,planned,fill_2x_water,,,
41cf198cd986,,71,Lu,3,CCCCCCCCN(CC)C(=O)COCC(=O)N(CC)CCCCCCCC,CCCCCCCCN(CC)C(=O)COCC(=O)N(CC)CCCCCCCC,"[12, 14, 17]","[""O(amide_carbonyl)"", ""O(ether)"", ""O(amide_carbonyl)""]",3,8,2,water,water,2,71|CCCCCCCCN(CC)C(=O)COCC(=O)N(CC)CCCCCCCC|water,1,1,acid_class=chloride|acid_strength_bin=high|nitrate_activity=none|pH_bin=missing|diluent_family=aliphatic_hydrocarbon|modifier_class=none|temperature_bin=ambient|contact_time_bin=medium|shaking_time_bin=missing|phase_ratio_bin=missing,3.0,3.0,25.0,25.0,planned,fill_2x_water,,,
fc7c12e9d044,,71,Lu,3,CCCCCCCCN(CCC)C(=O)COCC(=O)N(CCC)CCCCCCCC,CCCCCCCCN(CCC)C(=O)COCC(=O)N(CCC)CCCCCCCC,"[13, 15, 18]","[""O(amide_carbonyl)"", ""O(ether)"", ""O(amide_carbonyl)""]",3,8,2,water,water,2,71|CCCCCCCCN(CCC)C(=O)COCC(=O)N(CCC)CCCCCCCC|water,1,1,acid_class=chloride|acid_strength_bin=high|nitrate_activity=none|pH_bin=missing|diluent_family=aliphatic_hydrocarbon|modifier_class=none|temperature_bin=ambient|contact_time_bin=medium|shaking_time_bin=missing|phase_ratio_bin=missing,3.0,3.0,25.0,25.0,planned,fill_2x_water,,,
5c46ed6bc339,,71,Lu,3,CCCCCCCCN(C)C(=O)COCC(=O)N(CCCCCCCC)CCCCCCCC,CCCCCCCCN(C)C(=O)COCC(=O)N(CCCCCCCC)CCCCCCCC,"[11, 13, 16]","[""O(amide_carbonyl)"", ""O(ether)"", ""O(amide_carbonyl)""]",3,8,2,water,water,2,71|CCCCCCCCN(C)C(=O)COCC(=O)N(CCCCCCCC)CCCCCCCC|water,1,1,acid_class=chloride|acid_strength_bin=high|nitrate_activity=none|pH_bin=missing|diluent_family=aliphatic_hydrocarbon|modifier_class=none|temperature_bin=ambient|contact_time_bin=medium|shaking_time_bin=missing|phase_ratio_bin=missing,3.0,3.0,25.0,25.0,planned,fill_2x_water,,,
50385a9b9575,,71,Lu,3,CCCCCCCCC(C)(C)SCC1CN(C(=O)COCC(=O)N2CC(C)C(CSC(C)(C)CCCCCCCC)C2)CC1C,CCCCCCCCC(C)(C)SCC1CN(C(=O)COCC(=O)N2CC(C)C(CSC(C)(C)CCCCCCCC)C2)CC1C,"[17, 19, 22]","[""O(amide_carbonyl)"", ""O(ether)"", ""O(amide_carbonyl)""]",3,8,2,water,water,2,71|CCCCCCCCC(C)(C)SCC1CN(C(=O)COCC(=O)N2CC(C)C(CSC(C)(C)CCCCCCCC)C2)CC1C|water,1,1,acid_class=chloride|acid_strength_bin=high|nitrate_activity=none|pH_bin=missing|diluent_family=aliphatic_hydrocarbon|modifier_class=none|temperature_bin=ambient|contact_time_bin=medium|shaking_time_bin=missing|phase_ratio_bin=missing,3.0,3.0,25.0,25.0,planned,fill_2x_water,,,
b5ff0cc1b468,,71,Lu,3,CCCCCCCCCCCCN(CCCCCCCC)C(=O)COCC(=O)N(CCCCCCCC)CCCCCCCCCCCC,CCCCCCCCCCCCN(CCCCCCCC)C(=O)COCC(=O)N(CCCCCCCC)CCCCCCCCCCCC,"[22, 24, 27]","[""O(amide_carbonyl)"", ""O(ether)"", ""O(amide_carbonyl)""]",3,8,2,water,water,2,71|CCCCCCCCCCCCN(CCCCCCCC)C(=O)COCC(=O)N(CCCCCCCC)CCCCCCCCCCCC|water,1,1,acid_class=chloride|acid_strength_bin=high|nitrate_activity=none|pH_bin=missing|diluent_family=aliphatic_hydrocarbon|modifier_class=none|temperature_bin=ambient|contact_time_bin=medium|shaking_time_bin=missing|phase_ratio_bin=missing,3.0,3.0,25.0,25.0,planned,fill_2x_water,,,
477241213e79,,71,Lu,3,CCCCCCCCN(CCC(C)CC(C)(C)C)C(=O)COCC(=O)N(CCCCCCCC)CCC(C)CC(C)(C)C,CCCCCCCCN(CCC(C)CC(C)(C)C)C(=O)COCC(=O)N(CCCCCCCC)CCC(C)CC(C)(C)C,"[19, 21, 24]","[""O(amide_carbonyl)"", ""O(ether)"", ""O(amide_carbonyl)""]",3,8,2,water,water,2,71|CCCCCCCCN(CCC(C)CC(C)(C)C)C(=O)COCC(=O)N(CCCCCCCC)CCC(C)CC(C)(C)C|water,1,1,acid_class=chloride|acid_strength_bin=high|nitrate_activity=none|pH_bin=missing|diluent_family=aliphatic_hydrocarbon|modifier_class=none|temperature_bin=ambient|contact_time_bin=medium|shaking_time_bin=missing|phase_ratio_bin=missing,3.0,3.0,25.0,25.0,planned,fill_2x_water,,,
97488ddae00b,,71,Lu,3,CCCCCCCCN(CCCC(CCCC)CCCCCC)C(=O)COCC(=O)N(CCCCCCCC)CCCC(CCCC)CCCCCC,CCCCCCCCN(CCCC(CCCC)CCCCCC)C(=O)COCC(=O)N(CCCCCCCC)CCCC(CCCC)CCCCCC,"[24, 26, 29]","[""O(amide_carbonyl)"", ""O(ether)"", ""O(amide_carbonyl)""]",3,8,2,water,water,2,71|CCCCCCCCN(CCCC(CCCC)CCCCCC)C(=O)COCC(=O)N(CCCCCCCC)CCCC(CCCC)CCCCCC|water,1,1,acid_class=chloride|acid_strength_bin=high|nitrate_activity=none|pH_bin=missing|diluent_family=aliphatic_hydrocarbon|modifier_class=none|temperature_bin=ambient|contact_time_bin=medium|shaking_time_bin=missing|phase_ratio_bin=missing,3.0,3.0,25.0,25.0,planned,fill_2x_water,,,
e3ef7a62d641,,71,Lu,3,CCCCCCCCN(CCCCC(C)CCCC(C)C)C(=O)COCC(=O)N(CCCCCCCC)CCCCC(C)CCCC(C)C,CCCCCCCCN(CCCCC(C)CCCC(C)C)C(=O)COCC(=O)N(CCCCCCCC)CCCCC(C)CCCC(C)C,"[22, 24, 27]","[""O(amide_carbonyl)"", ""O(ether)"", ""O(amide_carbonyl)""]",3,8,2,water,water,2,71|CCCCCCCCN(CCCCC(C)CCCC(C)C)C(=O)COCC(=O)N(CCCCCCCC)CCCCC(C)CCCC(C)C|water,1,1,acid_class=chloride|acid_strength_bin=high|nitrate_activity=none|pH_bin=missing|diluent_family=aliphatic_hydrocarbon|modifier_class=none|temperature_bin=ambient|contact_time_bin=medium|shaking_time_bin=missing|phase_ratio_bin=missing,3.0,3.0,25.0,25.0,planned,fill_2x_water,,,
422eaccbf51e,,71,Lu,3,COCCN(CCOC)C(=O)COCC(=O)N(CCOC)CCOC,COCCN(CCOC)C(=O)COCC(=O)N(CCOC)CCOC,"[1, 7, 10, 12, 15, 19, 23]","[""O(ether)"", ""O(ether)"", ""O(amide_carbonyl)"", ""O(ether)"", ""O(amide_carbonyl)"", ""O(ether)"", ""O(ether)""]",7,8,1,water,water,1,71|COCCN(CCOC)C(=O)COCC(=O)N(CCOC)CCOC|water,1,1,acid_class=chloride|acid_strength_bin=high|nitrate_activity=none|pH_bin=missing|diluent_family=aliphatic_hydrocarbon|modifier_class=none|temperature_bin=ambient|contact_time_bin=medium|shaking_time_bin=missing|phase_ratio_bin=missing,3.0,3.0,22.0,22.0,planned,fill_2x_water,,,
64cc4261f02c,,71,Lu,3,CCCN(CCC)C(=O)COCC(=O)N(CCC)CCC,CCCN(CCC)C(=O)COCC(=O)N(CCC)CCC,"[8, 10, 13]","[""O(amide_carbonyl)"", ""O(ether)"", ""O(amide_carbonyl)""]",3,8,2,nitrate,nitrate,2,71|CCCN(CCC)C(=O)COCC(=O)N(CCC)CCC|nitrate,4,4,acid_class=nitrate|acid_strength_bin=medium|nitrate_activity=medium|pH_bin=missing|diluent_family=alcohol_modifier|modifier_class=none|temperature_bin=ambient|contact_time_bin=medium|shaking_time_bin=missing|phase_ratio_bin=missing;acid_class=nitrate|acid_strength_bin=medium|nitrate_activity=medium|pH_bin=missing|diluent_family=aromatic|modifier_class=none|temperature_bin=ambient|contact_time_bin=medium|shaking_time_bin=missing|phase_ratio_bin=missing;acid_class=nitrate|acid_strength_bin=medium|nitrate_activity=medium|pH_bin=missing|diluent_family=chlorinated|modifier_class=none|temperature_bin=ambient|contact_time_bin=medium|shaking_time_bin=missing|phase_ratio_bin=missing;acid_class=nitrate|acid_strength_bin=medium|nitrate_activity=medium|pH_bin=missing|diluent_family=other|modifier_class=none|temperature_bin=ambient|contact_time_bin=medium|shaking_time_bin=missing|phase_ratio_bin=missing,1.0,1.0,25.0,25.0,planned,fill_2x_nitrate,,,
4604ed2e646b,,59,Pr,3,CCCN(CCC)C(=O)COCC(=O)N(CCC)CCC,CCCN(CCC)C(=O)COCC(=O)N(CCC)CCC,"[8, 10, 13]","[""O(amide_carbonyl)"", ""O(ether)"", ""O(amide_carbonyl)""]",3,9,3,nitrate,nitrate,0,59|CCCN(CCC)C(=O)COCC(=O)N(CCC)CCC|nitrate,5,4,acid_class=nitrate|acid_strength_bin=medium|nitrate_activity=medium|pH_bin=missing|diluent_family=alcohol_modifier|modifier_class=none|temperature_bin=ambient|contact_time_bin=medium|shaking_time_bin=missing|phase_ratio_bin=missing;acid_class=nitrate|acid_strength_bin=medium|nitrate_activity=medium|pH_bin=missing|diluent_family=aromatic|modifier_class=none|temperature_bin=ambient|contact_time_bin=medium|shaking_time_bin=missing|phase_ratio_bin=missing;acid_class=nitrate|acid_strength_bin=medium|nitrate_activity=medium|pH_bin=missing|diluent_family=chlorinated|modifier_class=none|temperature_bin=ambient|contact_time_bin=medium|shaking_time_bin=missing|phase_ratio_bin=missing;acid_class=nitrate|acid_strength_bin=medium|nitrate_activity=medium|pH_bin=missing|diluent_family=other|modifier_class=none|temperature_bin=ambient|contact_time_bin=medium|shaking_time_bin=missing|phase_ratio_bin=missing,1.0,1.0,25.0,25.0,planned,ok,,,
9843e72ac7d1,,60,Nd,3,CCCN(CCC)C(=O)COCC(=O)N(CCC)CCC,CCCN(CCC)C(=O)COCC(=O)N(CCC)CCC,"[8, 10, 13]","[""O(amide_carbonyl)"", ""O(ether)"", ""O(amide_carbonyl)""]",3,9,3,nitrate,nitrate,0,60|CCCN(CCC)C(=O)COCC(=O)N(CCC)CCC|nitrate,5,4,acid_class=nitrate|acid_strength_bin=medium|nitrate_activity=medium|pH_bin=missing|diluent_family=alcohol_modifier|modifier_class=none|temperature_bin=ambient|contact_time_bin=medium|shaking_time_bin=missing|phase_ratio_bin=missing;acid_class=nitrate|acid_strength_bin=medium|nitrate_activity=medium|pH_bin=missing|diluent_family=aromatic|modifier_class=none|temperature_bin=ambient|contact_time_bin=medium|shaking_time_bin=missing|phase_ratio_bin=missing;acid_class=nitrate|acid_strength_bin=medium|nitrate_activity=medium|pH_bin=missing|diluent_family=chlorinated|modifier_class=none|temperature_bin=ambient|contact_time_bin=medium|shaking_time_bin=missing|phase_ratio_bin=missing;acid_class=nitrate|acid_strength_bin=medium|nitrate_activity=medium|pH_bin=missing|diluent_family=other|modifier_class=none|temperature_bin=ambient|contact_time_bin=medium|shaking_time_bin=missing|phase_ratio_bin=missing,1.0,1.0,25.0,25.0,planned,ok,,,
03005868e3be,,59,Pr,3,CN(C(=O)COCC(=O)N(C)c1ccccc1)c1ccccc1,CN(C(=O)COCC(=O)N(C)c1ccccc1)c1ccccc1,"[3, 5, 8]","[""O(amide_carbonyl)"", ""O(ether)"", ""O(amide_carbonyl)""]",3,9,3,nitrate,nitrate,0,59|CN(C(=O)COCC(=O)N(C)c1ccccc1)c1ccccc1|nitrate,5,4,acid_class=nitrate|acid_strength_bin=high|nitrate_activity=high|pH_bin=missing|diluent_family=chlorinated|modifier_class=none|temperature_bin=ambient|contact_time_bin=short|shaking_time_bin=missing|phase_ratio_bin=missing;acid_class=nitrate|acid_strength_bin=medium|nitrate_activity=medium|pH_bin=missing|diluent_family=aromatic|modifier_class=none|temperature_bin=ambient|contact_time_bin=medium|shaking_time_bin=missing|phase_ratio_bin=missing;acid_class=nitrate|acid_strength_bin=medium|nitrate_activity=medium|pH_bin=missing|diluent_family=chlorinated|modifier_class=none|temperature_bin=ambient|contact_time_bin=medium|shaking_time_bin=missing|phase_ratio_bin=missing;acid_class=nitrate|acid_strength_bin=medium|nitrate_activity=medium|pH_bin=missing|diluent_family=other|modifier_class=none|temperature_bin=ambient|contact_time_bin=medium|shaking_time_bin=missing|phase_ratio_bin=missing,1.0,4.0,23.0,25.0,planned,ok,,,
292c65941063,,65,Tb,3,CN(C(=O)COCC(=O)N(C)c1ccccc1)c1ccccc1,CN(C(=O)COCC(=O)N(C)c1ccccc1)c1ccccc1,"[3, 5, 8]","[""O(amide_carbonyl)"", ""O(ether)"", ""O(amide_carbonyl)""]",3,8,2,nitrate,nitrate,2,65|CN(C(=O)COCC(=O)N(C)c1ccccc1)c1ccccc1|nitrate,5,4,acid_class=nitrate|acid_strength_bin=high|nitrate_activity=high|pH_bin=missing|diluent_family=chlorinated|modifier_class=none|temperature_bin=ambient|contact_time_bin=short|shaking_time_bin=missing|phase_ratio_bin=missing;acid_class=nitrate|acid_strength_bin=medium|nitrate_activity=medium|pH_bin=missing|diluent_family=aromatic|modifier_class=none|temperature_bin=ambient|contact_time_bin=medium|shaking_time_bin=missing|phase_ratio_bin=missing;acid_class=nitrate|acid_strength_bin=medium|nitrate_activity=medium|pH_bin=missing|diluent_family=chlorinated|modifier_class=none|temperature_bin=ambient|contact_time_bin=medium|shaking_time_bin=missing|phase_ratio_bin=missing;acid_class=nitrate|acid_strength_bin=medium|nitrate_activity=medium|pH_bin=missing|diluent_family=other|modifier_class=none|temperature_bin=ambient|contact_time_bin=medium|shaking_time_bin=missing|phase_ratio_bin=missing,1.0,4.0,23.0,25.0,planned,fill_2x_nitrate,,,
8e56bca9caad,,69,Tm,3,CN(C(=O)COCC(=O)N(C)c1ccccc1)c1ccccc1,CN(C(=O)COCC(=O)N(C)c1ccccc1)c1ccccc1,"[3, 5, 8]","[""O(amide_carbonyl)"", ""O(ether)"", ""O(amide_carbonyl)""]",3,8,2,nitrate,nitrate,2,69|CN(C(=O)COCC(=O)N(C)c1ccccc1)c1ccccc1|nitrate,5,4,acid_class=nitrate|acid_strength_bin=high|nitrate_activity=high|pH_bin=missing|diluent_family=chlorinated|modifier_class=none|temperature_bin=ambient|contact_time_bin=short|shaking_time_bin=missing|phase_ratio_bin=missing;acid_class=nitrate|acid_strength_bin=medium|nitrate_activity=medium|pH_bin=missing|diluent_family=aromatic|modifier_class=none|temperature_bin=ambient|contact_time_bin=medium|shaking_time_bin=missing|phase_ratio_bin=missing;acid_class=nitrate|acid_strength_bin=medium|nitrate_activity=medium|pH_bin=missing|diluent_family=chlorinated|modifier_class=none|temperature_bin=ambient|contact_time_bin=medium|shaking_time_bin=missing|phase_ratio_bin=missing;acid_class=nitrate|acid_strength_bin=medium|nitrate_activity=medium|pH_bin=missing|diluent_family=other|modifier_class=none|temperature_bin=ambient|contact_time_bin=medium|shaking_time_bin=missing|phase_ratio_bin=missing,1.0,4.0,23.0,25.0,planned,fill_2x_nitrate,,,
104d765a0717,,70,Yb,3,CN(C(=O)COCC(=O)N(C)c1ccccc1)c1ccccc1,CN(C(=O)COCC(=O)N(C)c1ccccc1)c1ccccc1,"[3, 5, 8]","[""O(amide_carbonyl)"", ""O(ether)"", ""O(amide_carbonyl)""]",3,8,2,nitrate,nitrate,2,70|CN(C(=O)COCC(=O)N(C)c1ccccc1)c1ccccc1|nitrate,5,4,acid_class=nitrate|acid_strength_bin=high|nitrate_activity=high|pH_bin=missing|diluent_family=chlorinated|modifier_class=none|temperature_bin=ambient|contact_time_bin=short|shaking_time_bin=missing|phase_ratio_bin=missing;acid_class=nitrate|acid_strength_bin=medium|nitrate_activity=medium|pH_bin=missing|diluent_family=aromatic|modifier_class=none|temperature_bin=ambient|contact_time_bin=medium|shaking_time_bin=missing|phase_ratio_bin=missing;acid_class=nitrate|acid_strength_bin=medium|nitrate_activity=medium|pH_bin=missing|diluent_family=chlorinated|modifier_class=none|temperature_bin=ambient|contact_time_bin=medium|shaking_time_bin=missing|phase_ratio_bin=missing;acid_class=nitrate|acid_strength_bin=medium|nitrate_activity=medium|pH_bin=missing|diluent_family=other|modifier_class=none|temperature_bin=ambient|contact_time_bin=medium|shaking_time_bin=missing|phase_ratio_bin=missing,1.0,4.0,23.0,25.0,planned,fill_2x_nitrate,,,
cc05c1c73d3e,,71,Lu,3,CCCCCCn1c(-c2ccccc2)c(-c2ccccc2)c2cc3ccc4cc5c(-c6ccccc6)c(-c6ccccc6)n(CCCCCC)c(=O)c5nc4c3nc2c1=O,CCCCCCn1c(-c2ccccc2)c(-c2ccccc2)c2cc3ccc4cc5c(-c6ccccc6)c(-c6ccccc6)n(CCCCCC)c(=O)c5nc4c3nc2c1=O,"[6, 43, 51, 53, 56, 59]","[""N(aromatic)"", ""N(aromatic)"", ""O(amide_carbonyl)"", ""N(aromatic)"", ""N(aromatic)"", ""O(amide_carbonyl)""]",6,8,1,nitrate,nitrate,2,71|CCCCCCn1c(-c2ccccc2)c(-c2ccccc2)c2cc3ccc4cc5c(-c6ccccc6)c(-c6ccccc6)n(CCCCCC)c(=O)c5nc4c3nc2c1=O|nitrate,1,1,acid_class=nitrate|acid_strength_bin=medium|nitrate_activity=medium|pH_bin=missing|diluent_family=chlorinated|modifier_class=none|temperature_bin=ambient|contact_time_bin=missing|shaking_time_bin=missing|phase_ratio_bin=missing,0.9,0.9,25.0,25.0,planned,fill_4x_nitrate,,,
01e76e93d20f,,71,Lu,3,CCCCCCn1c(-c2ccccc2)c(-c2ccccc2)c2cc3ccc4cc5c(-c6ccccc6)c(-c6ccccc6)n(CCCCCC)c(=O)c5nc4c3nc2c1=O,CCCCCCn1c(-c2ccccc2)c(-c2ccccc2)c2cc3ccc4cc5c(-c6ccccc6)c(-c6ccccc6)n(CCCCCC)c(=O)c5nc4c3nc2c1=O,"[6, 43, 51, 53, 56, 59]","[""N(aromatic)"", ""N(aromatic)"", ""O(amide_carbonyl)"", ""N(aromatic)"", ""N(aromatic)"", ""O(amide_carbonyl)""]",6,8,1,water,water,2,71|CCCCCCn1c(-c2ccccc2)c(-c2ccccc2)c2cc3ccc4cc5c(-c6ccccc6)c(-c6ccccc6)n(CCCCCC)c(=O)c5nc4c3nc2c1=O|water,1,1,acid_class=chloride|acid_strength_bin=medium|nitrate_activity=none|pH_bin=missing|diluent_family=chlorinated|modifier_class=none|temperature_bin=ambient|contact_time_bin=missing|shaking_time_bin=missing|phase_ratio_bin=missing,0.9,0.9,25.0,25.0,planned,fill_4x_water,,,
2008860df8de,,70,Yb,3,O=c1c(O)c(-c2ccc(O)c(O)c2)oc2cc(O)cc(O)c12,O=c1c(O)c(-c2ccc(O)c(O)c2)oc2cc(O)cc(O)c12,"[0, 3, 9, 11, 13, 17, 20]","[""O(carbonyl)"", ""O(hydroxyl)"", ""O(hydroxyl)"", ""O(hydroxyl)"", ""O(ether)"", ""O(hydroxyl)"", ""O(hydroxyl)""]",7,8,1,nitrate,nitrate,1,70|O=c1c(O)c(-c2ccc(O)c(O)c2)oc2cc(O)cc(O)c12|nitrate,1,1,acid_class=nitrate|acid_strength_bin=high|nitrate_activity=high|pH_bin=missing|diluent_family=alcohol_modifier|modifier_class=none|temperature_bin=ambient|contact_time_bin=missing|shaking_time_bin=missing|phase_ratio_bin=missing,2.0,2.0,25.0,25.0,planned,fill_4x_nitrate,,,
93b4cff98f83,,60,Nd,3,CCCCCCCCN(CCCCCCCC)C(=O)[C@H](C)O[C@H](C)C(=O)N(CCCCCCCC)CCCCCCCC,CCCCCCCCN(CCCCCCCC)C(=O)[C@H](C)O[C@H](C)C(=O)N(CCCCCCCC)CCCCCCCC,"[18, 21, 25]","[""O(amide_carbonyl)"", ""O(ether)"", ""O(amide_carbonyl)""]",3,9,3,nitrate,nitrate,0,60|CCCCCCCCN(CCCCCCCC)C(=O)[C@H](C)O[C@H](C)C(=O)N(CCCCCCCC)CCCCCCCC|nitrate,1,1,acid_class=nitrate|acid_strength_bin=high|nitrate_activity=high|pH_bin=missing|diluent_family=aliphatic_hydrocarbon|modifier_class=none|temperature_bin=ambient|contact_time_bin=short|shaking_time_bin=missing|phase_ratio_bin=missing,4.3,4.3,22.0,22.0,planned,ok,,,
36a8d86e270c,,60,Nd,3,CCCCCCCCN(C)C(=O)COCC(=O)N(C)CCCCCCCC,CCCCCCCCN(C)C(=O)COCC(=O)N(C)CCCCCCCC,"[11, 13, 16]","[""O(amide_carbonyl)"", ""O(ether)"", ""O(amide_carbonyl)""]",3,9,3,water,water,0,60|CCCCCCCCN(C)C(=O)COCC(=O)N(C)CCCCCCCC|water,3,1,acid_class=chloride|acid_strength_bin=high|nitrate_activity=none|pH_bin=missing|diluent_family=aliphatic_hydrocarbon|modifier_class=none|temperature_bin=ambient|contact_time_bin=medium|shaking_time_bin=missing|phase_ratio_bin=missing,3.0,3.0,22.0,25.0,planned,ok,,,
8ecfa50da786,,60,Nd,3,CCCCC(CC)CN(C)C(=O)COCC(=O)N(C)CC(CC)CCCC,CCCCC(CC)CN(C)C(=O)COCC(=O)N(C)CC(CC)CCCC,"[11, 13, 16]","[""O(amide_carbonyl)"", ""O(ether)"", ""O(amide_carbonyl)""]",3,9,3,water,water,0,60|CCCCC(CC)CN(C)C(=O)COCC(=O)N(C)CC(CC)CCCC|water,1,1,acid_class=chloride|acid_strength_bin=high|nitrate_activity=none|pH_bin=missing|diluent_family=aliphatic_hydrocarbon|modifier_class=none|temperature_bin=ambient|contact_time_bin=medium|shaking_time_bin=missing|phase_ratio_bin=missing,3.0,3.0,25.0,25.0,planned,ok,,,
3095c50fd4a6,,60,Nd,3,CCCCCCC(CCCC)CCCN(C)C(=O)COCC(=O)N(C)CCCC(CCCC)CCCCCC,CCCCCCC(CCCC)CCCN(C)C(=O)COCC(=O)N(C)CCCC(CCCC)CCCCCC,"[17, 19, 22]","[""O(amide_carbonyl)"", ""O(ether)"", ""O(amide_carbonyl)""]",3,9,3,water,water,0,60|CCCCCCC(CCCC)CCCN(C)C(=O)COCC(=O)N(C)CCCC(CCCC)CCCCCC|water,1,1,acid_class=chloride|acid_strength_bin=high|nitrate_activity=none|pH_bin=missing|diluent_family=aliphatic_hydrocarbon|modifier_class=none|temperature_bin=ambient|contact_time_bin=medium|shaking_time_bin=missing|phase_ratio_bin=missing,3.0,3.0,25.0,25.0,planned,ok,,,
ae99ecec7121,,60,Nd,3,CCCCCCCCN(CC)C(=O)COCC(=O)N(CC)CCCCCCCC,CCCCCCCCN(CC)C(=O)COCC(=O)N(CC)CCCCCCCC,"[12, 14, 17]","[""O(amide_carbonyl)"", ""O(ether)"", ""O(amide_carbonyl)""]",3,9,3,water,water,0,60|CCCCCCCCN(CC)C(=O)COCC(=O)N(CC)CCCCCCCC|water,1,1,acid_class=chloride|acid_strength_bin=high|nitrate_activity=none|pH_bin=missing|diluent_family=aliphatic_hydrocarbon|modifier_class=none|temperature_bin=ambient|contact_time_bin=medium|shaking_time_bin=missing|phase_ratio_bin=missing,3.0,3.0,25.0,25.0,planned,ok,,,
5432c76725a1,,60,Nd,3,CCCCCCCCN(CCC)C(=O)COCC(=O)N(CCC)CCCCCCCC,CCCCCCCCN(CCC)C(=O)COCC(=O)N(CCC)CCCCCCCC,"[13, 15, 18]","[""O(amide_carbonyl)"", ""O(ether)"", ""O(amide_carbonyl)""]",3,9,3,water,water,0,60|CCCCCCCCN(CCC)C(=O)COCC(=O)N(CCC)CCCCCCCC|water,1,1,acid_class=chloride|acid_strength_bin=high|nitrate_activity=none|pH_bin=missing|diluent_family=aliphatic_hydrocarbon|modifier_class=none|temperature_bin=ambient|contact_time_bin=medium|shaking_time_bin=missing|phase_ratio_bin=missing,3.0,3.0,25.0,25.0,planned,ok,,,
475b12bfbaae,,60,Nd,3,CCCCCCCCN(CCCCCCCC)C(=O)COCC(=O)N(C)C,CCCCCCCCN(CCCCCCCC)C(=O)COCC(=O)N(C)C,"[18, 20, 23]","[""O(amide_carbonyl)"", ""O(ether)"", ""O(amide_carbonyl)""]",3,9,3,water,water,0,60|CCCCCCCCN(CCCCCCCC)C(=O)COCC(=O)N(C)C|water,1,1,acid_class=chloride|acid_strength_bin=high|nitrate_activity=none|pH_bin=missing|diluent_family=aliphatic_hydrocarbon|modifier_class=none|temperature_bin=ambient|contact_time_bin=medium|shaking_time_bin=missing|phase_ratio_bin=missing,3.0,3.0,25.0,25.0,planned,ok,,,
2840f6c3bac7,,60,Nd,3,CCCCCCCCN(C)C(=O)COCC(=O)N(CCCCCCCC)CCCCCCCC,CCCCCCCCN(C)C(=O)COCC(=O)N(CCCCCCCC)CCCCCCCC,"[11, 13, 16]","[""O(amide_carbonyl)"", ""O(ether)"", ""O(amide_carbonyl)""]",3,9,3,water,water,0,60|CCCCCCCCN(C)C(=O)COCC(=O)N(CCCCCCCC)CCCCCCCC|water,1,1,acid_class=chloride|acid_strength_bin=high|nitrate_activity=none|pH_bin=missing|diluent_family=aliphatic_hydrocarbon|modifier_class=none|temperature_bin=ambient|contact_time_bin=medium|shaking_time_bin=missing|phase_ratio_bin=missing,3.0,3.0,25.0,25.0,planned,ok,,,
ce16ce22e076,,59,Pr,3,CCCCCCCCC(C)(C)SCC1CN(C(=O)COCC(=O)N2CC(C)C(CSC(C)(C)CCCCCCCC)C2)CC1C,CCCCCCCCC(C)(C)SCC1CN(C(=O)COCC(=O)N2CC(C)C(CSC(C)(C)CCCCCCCC)C2)CC1C,"[17, 19, 22]","[""O(amide_carbonyl)"", ""O(ether)"", ""O(amide_carbonyl)""]",3,9,3,water,water,0,59|CCCCCCCCC(C)(C)SCC1CN(C(=O)COCC(=O)N2CC(C)C(CSC(C)(C)CCCCCCCC)C2)CC1C|water,1,1,acid_class=chloride|acid_strength_bin=high|nitrate_activity=none|pH_bin=missing|diluent_family=aliphatic_hydrocarbon|modifier_class=none|temperature_bin=ambient|contact_time_bin=medium|shaking_time_bin=missing|phase_ratio_bin=missing,3.0,3.0,25.0,25.0,planned,ok,,,
1de9b7816a1a,,60,Nd,3,CCCCCCCCC(C)(C)SCC1CN(C(=O)COCC(=O)N2CC(C)C(CSC(C)(C)CCCCCCCC)C2)CC1C,CCCCCCCCC(C)(C)SCC1CN(C(=O)COCC(=O)N2CC(C)C(CSC(C)(C)CCCCCCCC)C2)CC1C,"[17, 19, 22]","[""O(amide_carbonyl)"", ""O(ether)"", ""O(amide_carbonyl)""]",3,9,3,water,water,0,60|CCCCCCCCC(C)(C)SCC1CN(C(=O)COCC(=O)N2CC(C)C(CSC(C)(C)CCCCCCCC)C2)CC1C|water,1,1,acid_class=chloride|acid_strength_bin=high|nitrate_activity=none|pH_bin=missing|diluent_family=aliphatic_hydrocarbon|modifier_class=none|temperature_bin=ambient|contact_time_bin=medium|shaking_time_bin=missing|phase_ratio_bin=missing,3.0,3.0,25.0,25.0,planned,ok,,,
d01a3975411c,,62,Sm,3,CCCCCCCCC(C)(C)SCC1CN(C(=O)COCC(=O)N2CC(C)C(CSC(C)(C)CCCCCCCC)C2)CC1C,CCCCCCCCC(C)(C)SCC1CN(C(=O)COCC(=O)N2CC(C)C(CSC(C)(C)CCCCCCCC)C2)CC1C,"[17, 19, 22]","[""O(amide_carbonyl)"", ""O(ether)"", ""O(amide_carbonyl)""]",3,9,3,water,water,0,62|CCCCCCCCC(C)(C)SCC1CN(C(=O)COCC(=O)N2CC(C)C(CSC(C)(C)CCCCCCCC)C2)CC1C|water,1,1,acid_class=chloride|acid_strength_bin=high|nitrate_activity=none|pH_bin=missing|diluent_family=aliphatic_hydrocarbon|modifier_class=none|temperature_bin=ambient|contact_time_bin=medium|shaking_time_bin=missing|phase_ratio_bin=missing,3.0,3.0,25.0,25.0,planned,ok,,,
160137181465,,65,Tb,3,CCCCCCCCC(C)(C)SCC1CN(C(=O)COCC(=O)N2CC(C)C(CSC(C)(C)CCCCCCCC)C2)CC1C,CCCCCCCCC(C)(C)SCC1CN(C(=O)COCC(=O)N2CC(C)C(CSC(C)(C)CCCCCCCC)C2)CC1C,"[17, 19, 22]","[""O(amide_carbonyl)"", ""O(ether)"", ""O(amide_carbonyl)""]",3,8,2,water,water,2,65|CCCCCCCCC(C)(C)SCC1CN(C(=O)COCC(=O)N2CC(C)C(CSC(C)(C)CCCCCCCC)C2)CC1C|water,1,1,acid_class=chloride|acid_strength_bin=high|nitrate_activity=none|pH_bin=missing|diluent_family=aliphatic_hydrocarbon|modifier_class=none|temperature_bin=ambient|contact_time_bin=medium|shaking_time_bin=missing|phase_ratio_bin=missing,3.0,3.0,25.0,25.0,planned,fill_2x_water,,,
dbd33e562021,,69,Tm,3,CCCCCCCCC(C)(C)SCC1CN(C(=O)COCC(=O)N2CC(C)C(CSC(C)(C)CCCCCCCC)C2)CC1C,CCCCCCCCC(C)(C)SCC1CN(C(=O)COCC(=O)N2CC(C)C(CSC(C)(C)CCCCCCCC)C2)CC1C,"[17, 19, 22]","[""O(amide_carbonyl)"", ""O(ether)"", ""O(amide_carbonyl)""]",3,8,2,water,water,2,69|CCCCCCCCC(C)(C)SCC1CN(C(=O)COCC(=O)N2CC(C)C(CSC(C)(C)CCCCCCCC)C2)CC1C|water,1,1,acid_class=chloride|acid_strength_bin=high|nitrate_activity=none|pH_bin=missing|diluent_family=aliphatic_hydrocarbon|modifier_class=none|temperature_bin=ambient|contact_time_bin=medium|shaking_time_bin=missing|phase_ratio_bin=missing,3.0,3.0,25.0,25.0,planned,fill_2x_water,,,
cdfa23f30bc7,,70,Yb,3,CCCCCCCCC(C)(C)SCC1CN(C(=O)COCC(=O)N2CC(C)C(CSC(C)(C)CCCCCCCC)C2)CC1C,CCCCCCCCC(C)(C)SCC1CN(C(=O)COCC(=O)N2CC(C)C(CSC(C)(C)CCCCCCCC)C2)CC1C,"[17, 19, 22]","[""O(amide_carbonyl)"", ""O(ether)"", ""O(amide_carbonyl)""]",3,8,2,water,water,2,70|CCCCCCCCC(C)(C)SCC1CN(C(=O)COCC(=O)N2CC(C)C(CSC(C)(C)CCCCCCCC)C2)CC1C|water,1,1,acid_class=chloride|acid_strength_bin=high|nitrate_activity=none|pH_bin=missing|diluent_family=aliphatic_hydrocarbon|modifier_class=none|temperature_bin=ambient|contact_time_bin=medium|shaking_time_bin=missing|phase_ratio_bin=missing,3.0,3.0,25.0,25.0,planned,fill_2x_water,,,
a20cdf540a91,,60,Nd,3,CCCCCCCCCCCCN(CCCCCCCC)C(=O)COCC(=O)N(CCCCCCCC)CCCCCCCCCCCC,CCCCCCCCCCCCN(CCCCCCCC)C(=O)COCC(=O)N(CCCCCCCC)CCCCCCCCCCCC,"[22, 24, 27]","[""O(amide_carbonyl)"", ""O(ether)"", ""O(amide_carbonyl)""]",3,9,3,water,water,0,60|CCCCCCCCCCCCN(CCCCCCCC)C(=O)COCC(=O)N(CCCCCCCC)CCCCCCCCCCCC|water,1,1,acid_class=chloride|acid_strength_bin=high|nitrate_activity=none|pH_bin=missing|diluent_family=aliphatic_hydrocarbon|modifier_class=none|temperature_bin=ambient|contact_time_bin=medium|shaking_time_bin=missing|phase_ratio_bin=missing,3.0,3.0,25.0,25.0,planned,ok,,,
854baef45df8,,60,Nd,3,CCCCCCCCN(CCC(C)CC(C)(C)C)C(=O)COCC(=O)N(CCCCCCCC)CCC(C)CC(C)(C)C,CCCCCCCCN(CCC(C)CC(C)(C)C)C(=O)COCC(=O)N(CCCCCCCC)CCC(C)CC(C)(C)C,"[19, 21, 24]","[""O(amide_carbonyl)"", ""O(ether)"", ""O(amide_carbonyl)""]",3,9,3,water,water,0,60|CCCCCCCCN(CCC(C)CC(C)(C)C)C(=O)COCC(=O)N(CCCCCCCC)CCC(C)CC(C)(C)C|water,1,1,acid_class=chloride|acid_strength_bin=high|nitrate_activity=none|pH_bin=missing|diluent_family=aliphatic_hydrocarbon|modifier_class=none|temperature_bin=ambient|contact_time_bin=medium|shaking_time_bin=missing|phase_ratio_bin=missing,3.0,3.0,25.0,25.0,planned,ok,,,
6d8e9559aedb,,60,Nd,3,CCCCCCCCN(CCCC(CCCC)CCCCCC)C(=O)COCC(=O)N(CCCCCCCC)CCCC(CCCC)CCCCCC,CCCCCCCCN(CCCC(CCCC)CCCCCC)C(=O)COCC(=O)N(CCCCCCCC)CCCC(CCCC)CCCCCC,"[24, 26, 29]","[""O(amide_carbonyl)"", ""O(ether)"", ""O(amide_carbonyl)""]",3,9,3,water,water,0,60|CCCCCCCCN(CCCC(CCCC)CCCCCC)C(=O)COCC(=O)N(CCCCCCCC)CCCC(CCCC)CCCCCC|water,1,1,acid_class=chloride|acid_strength_bin=high|nitrate_activity=none|pH_bin=missing|diluent_family=aliphatic_hydrocarbon|modifier_class=none|temperature_bin=ambient|contact_time_bin=medium|shaking_time_bin=missing|phase_ratio_bin=missing,3.0,3.0,25.0,25.0,planned,ok,,,
cfb24bbfbf9d,,60,Nd,3,CCCCCCCCN(CCCCC(C)CCCC(C)C)C(=O)COCC(=O)N(CCCCCCCC)CCCCC(C)CCCC(C)C,CCCCCCCCN(CCCCC(C)CCCC(C)C)C(=O)COCC(=O)N(CCCCCCCC)CCCCC(C)CCCC(C)C,"[22, 24, 27]","[""O(amide_carbonyl)"", ""O(ether)"", ""O(amide_carbonyl)""]",3,9,3,water,water,0,60|CCCCCCCCN(CCCCC(C)CCCC(C)C)C(=O)COCC(=O)N(CCCCCCCC)CCCCC(C)CCCC(C)C|water,1,1,acid_class=chloride|acid_strength_bin=high|nitrate_activity=none|pH_bin=missing|diluent_family=aliphatic_hydrocarbon|modifier_class=none|temperature_bin=ambient|contact_time_bin=medium|shaking_time_bin=missing|phase_ratio_bin=missing,3.0,3.0,25.0,25.0,planned,ok,,,
378fee4fe5c6,,60,Nd,3,COCCN(CCOC)C(=O)COCC(=O)N(CCOC)CCOC,COCCN(CCOC)C(=O)COCC(=O)N(CCOC)CCOC,"[1, 7, 10, 12, 15, 19, 23]","[""O(ether)"", ""O(ether)"", ""O(amide_carbonyl)"", ""O(ether)"", ""O(amide_carbonyl)"", ""O(ether)"", ""O(ether)""]",7,9,1,water,water,2,60|COCCN(CCOC)C(=O)COCC(=O)N(CCOC)CCOC|water,1,1,acid_class=chloride|acid_strength_bin=high|nitrate_activity=none|pH_bin=missing|diluent_family=aliphatic_hydrocarbon|modifier_class=none|temperature_bin=ambient|contact_time_bin=medium|shaking_time_bin=missing|phase_ratio_bin=missing,3.0,3.0,22.0,22.0,planned,ok,,,
11ac249f26c1,,60,Nd,3,CCCCCCn1c(-c2ccccc2)c(-c2ccccc2)c2cc3ccc4cc5c(-c6ccccc6)c(-c6ccccc6)n(CCCCCC)c(=O)c5nc4c3nc2c1=O,CCCCCCn1c(-c2ccccc2)c(-c2ccccc2)c2cc3ccc4cc5c(-c6ccccc6)c(-c6ccccc6)n(CCCCCC)c(=O)c5nc4c3nc2c1=O,"[6, 43, 51, 53, 56, 59]","[""N(aromatic)"", ""N(aromatic)"", ""O(amide_carbonyl)"", ""N(aromatic)"", ""N(aromatic)"", ""O(amide_carbonyl)""]",6,9,1,nitrate,nitrate,3,60|CCCCCCn1c(-c2ccccc2)c(-c2ccccc2)c2cc3ccc4cc5c(-c6ccccc6)c(-c6ccccc6)n(CCCCCC)c(=O)c5nc4c3nc2c1=O|nitrate,1,1,acid_class=nitrate|acid_strength_bin=medium|nitrate_activity=medium|pH_bin=missing|diluent_family=chlorinated|modifier_class=none|temperature_bin=ambient|contact_time_bin=missing|shaking_time_bin=missing|phase_ratio_bin=missing,0.9,0.9,25.0,25.0,planned,fill_5x_nitrate,,,
467fe4b7a7ef,,60,Nd,3,CCCCCCn1c(-c2ccccc2)c(-c2ccccc2)c2cc3ccc4cc5c(-c6ccccc6)c(-c6ccccc6)n(CCCCCC)c(=O)c5nc4c3nc2c1=O,CCCCCCn1c(-c2ccccc2)c(-c2ccccc2)c2cc3ccc4cc5c(-c6ccccc6)c(-c6ccccc6)n(CCCCCC)c(=O)c5nc4c3nc2c1=O,"[6, 43, 51, 53, 56, 59]","[""N(aromatic)"", ""N(aromatic)"", ""O(amide_carbonyl)"", ""N(aromatic)"", ""N(aromatic)"", ""O(amide_carbonyl)""]",6,9,1,water,water,3,60|CCCCCCn1c(-c2ccccc2)c(-c2ccccc2)c2cc3ccc4cc5c(-c6ccccc6)c(-c6ccccc6)n(CCCCCC)c(=O)c5nc4c3nc2c1=O|water,1,1,acid_class=chloride|acid_strength_bin=medium|nitrate_activity=none|pH_bin=missing|diluent_family=chlorinated|modifier_class=none|temperature_bin=ambient|contact_time_bin=missing|shaking_time_bin=missing|phase_ratio_bin=missing,0.9,0.9,25.0,25.0,planned,fill_5x_water,,,
e119696fa421,,59,Pr,3,CCCCC(CC)CN(CC(CC)CCCC)C(=O)COCC(=O)N(CC(CC)CCCC)CC(CC)CCCC,CCCCC(CC)CN(CC(CC)CCCC)C(=O)COCC(=O)N(CC(CC)CCCC)CC(CC)CCCC,"[18, 20, 23]","[""O(amide_carbonyl)"", ""O(ether)"", ""O(amide_carbonyl)""]",3,9,3,water,water,0,59|CCCCC(CC)CN(CC(CC)CCCC)C(=O)COCC(=O)N(CC(CC)CCCC)CC(CC)CCCC|water,2,1,acid_class=chloride|acid_strength_bin=high|nitrate_activity=none|pH_bin=missing|diluent_family=aliphatic_hydrocarbon|modifier_class=none|temperature_bin=ambient|contact_time_bin=medium|shaking_time_bin=missing|phase_ratio_bin=missing,3.0,3.0,22.0,25.0,planned,ok,,,
4c69294529b9,,62,Sm,3,CCCCC(CC)CN(CC(CC)CCCC)C(=O)COCC(=O)N(CC(CC)CCCC)CC(CC)CCCC,CCCCC(CC)CN(CC(CC)CCCC)C(=O)COCC(=O)N(CC(CC)CCCC)CC(CC)CCCC,"[18, 20, 23]","[""O(amide_carbonyl)"", ""O(ether)"", ""O(amide_carbonyl)""]",3,9,3,water,water,0,62|CCCCC(CC)CN(CC(CC)CCCC)C(=O)COCC(=O)N(CC(CC)CCCC)CC(CC)CCCC|water,2,1,acid_class=chloride|acid_strength_bin=high|nitrate_activity=none|pH_bin=missing|diluent_family=aliphatic_hydrocarbon|modifier_class=none|temperature_bin=ambient|contact_time_bin=medium|shaking_time_bin=missing|phase_ratio_bin=missing,3.0,3.0,22.0,25.0,planned,ok,,,
bad92aaac89e,,65,Tb,3,CCCCC(CC)CN(CC(CC)CCCC)C(=O)COCC(=O)N(CC(CC)CCCC)CC(CC)CCCC,CCCCC(CC)CN(CC(CC)CCCC)C(=O)COCC(=O)N(CC(CC)CCCC)CC(CC)CCCC,"[18, 20, 23]","[""O(amide_carbonyl)"", ""O(ether)"", ""O(amide_carbonyl)""]",3,8,2,water,water,2,65|CCCCC(CC)CN(CC(CC)CCCC)C(=O)COCC(=O)N(CC(CC)CCCC)CC(CC)CCCC|water,2,1,acid_class=chloride|acid_strength_bin=high|nitrate_activity=none|pH_bin=missing|diluent_family=aliphatic_hydrocarbon|modifier_class=none|temperature_bin=ambient|contact_time_bin=medium|shaking_time_bin=missing|phase_ratio_bin=missing,3.0,3.0,22.0,25.0,planned,fill_2x_water,,,
fc17b4020e9e,,69,Tm,3,CCCCC(CC)CN(CC(CC)CCCC)C(=O)COCC(=O)N(CC(CC)CCCC)CC(CC)CCCC,CCCCC(CC)CN(CC(CC)CCCC)C(=O)COCC(=O)N(CC(CC)CCCC)CC(CC)CCCC,"[18, 20, 23]","[""O(amide_carbonyl)"", ""O(ether)"", ""O(amide_carbonyl)""]",3,8,2,water,water,2,69|CCCCC(CC)CN(CC(CC)CCCC)C(=O)COCC(=O)N(CC(CC)CCCC)CC(CC)CCCC|water,2,1,acid_class=chloride|acid_strength_bin=high|nitrate_activity=none|pH_bin=missing|diluent_family=aliphatic_hydrocarbon|modifier_class=none|temperature_bin=ambient|contact_time_bin=medium|shaking_time_bin=missing|phase_ratio_bin=missing,3.0,3.0,22.0,25.0,planned,fill_2x_water,,,
3ef926d9b89b,,70,Yb,3,CCCCC(CC)CN(CC(CC)CCCC)C(=O)COCC(=O)N(CC(CC)CCCC)CC(CC)CCCC,CCCCC(CC)CN(CC(CC)CCCC)C(=O)COCC(=O)N(CC(CC)CCCC)CC(CC)CCCC,"[18, 20, 23]","[""O(amide_carbonyl)"", ""O(ether)"", ""O(amide_carbonyl)""]",3,8,2,water,water,2,70|CCCCC(CC)CN(CC(CC)CCCC)C(=O)COCC(=O)N(CC(CC)CCCC)CC(CC)CCCC|water,2,1,acid_class=chloride|acid_strength_bin=high|nitrate_activity=none|pH_bin=missing|diluent_family=aliphatic_hydrocarbon|modifier_class=none|temperature_bin=ambient|contact_time_bin=medium|shaking_time_bin=missing|phase_ratio_bin=missing,3.0,3.0,22.0,25.0,planned,fill_2x_water,,,
39d175aefe15,,59,Pr,3,CCCCCCCCN(C)C(=O)COCC(=O)N(C)CCCCCCCC,CCCCCCCCN(C)C(=O)COCC(=O)N(C)CCCCCCCC,"[11, 13, 16]","[""O(amide_carbonyl)"", ""O(ether)"", ""O(amide_carbonyl)""]",3,9,3,water,water,0,59|CCCCCCCCN(C)C(=O)COCC(=O)N(C)CCCCCCCC|water,3,1,acid_class=chloride|acid_strength_bin=high|nitrate_activity=none|pH_bin=missing|diluent_family=aliphatic_hydrocarbon|modifier_class=none|temperature_bin=ambient|contact_time_bin=medium|shaking_time_bin=missing|phase_ratio_bin=missing,3.0,3.0,22.0,25.0,planned,ok,,,
b6b591990df4,,62,Sm,3,CCCCCCCCN(C)C(=O)COCC(=O)N(C)CCCCCCCC,CCCCCCCCN(C)C(=O)COCC(=O)N(C)CCCCCCCC,"[11, 13, 16]","[""O(amide_carbonyl)"", ""O(ether)"", ""O(amide_carbonyl)""]",3,9,3,water,water,0,62|CCCCCCCCN(C)C(=O)COCC(=O)N(C)CCCCCCCC|water,3,1,acid_class=chloride|acid_strength_bin=high|nitrate_activity=none|pH_bin=missing|diluent_family=aliphatic_hydrocarbon|modifier_class=none|temperature_bin=ambient|contact_time_bin=medium|shaking_time_bin=missing|phase_ratio_bin=missing,3.0,3.0,22.0,25.0,planned,ok,,,
07dc84629842,,65,Tb,3,CCCCCCCCN(C)C(=O)COCC(=O)N(C)CCCCCCCC,CCCCCCCCN(C)C(=O)COCC(=O)N(C)CCCCCCCC,"[11, 13, 16]","[""O(amide_carbonyl)"", ""O(ether)"", ""O(amide_carbonyl)""]",3,8,2,water,water,2,65|CCCCCCCCN(C)C(=O)COCC(=O)N(C)CCCCCCCC|water,3,1,acid_class=chloride|acid_strength_bin=high|nitrate_activity=none|pH_bin=missing|diluent_family=aliphatic_hydrocarbon|modifier_class=none|temperature_bin=ambient|contact_time_bin=medium|shaking_time_bin=missing|phase_ratio_bin=missing,3.0,3.0,22.0,25.0,planned,fill_2x_water,,,
07bca11114cd,,69,Tm,3,CCCCCCCCN(C)C(=O)COCC(=O)N(C)CCCCCCCC,CCCCCCCCN(C)C(=O)COCC(=O)N(C)CCCCCCCC,"[11, 13, 16]","[""O(amide_carbonyl)"", ""O(ether)"", ""O(amide_carbonyl)""]",3,8,2,water,water,2,69|CCCCCCCCN(C)C(=O)COCC(=O)N(C)CCCCCCCC|water,2,1,acid_class=chloride|acid_strength_bin=high|nitrate_activity=none|pH_bin=missing|diluent_family=aliphatic_hydrocarbon|modifier_class=none|temperature_bin=ambient|contact_time_bin=medium|shaking_time_bin=missing|phase_ratio_bin=missing,3.0,3.0,22.0,25.0,planned,fill_2x_water,,,
189fe1ed8c01,,70,Yb,3,CCCCCCCCN(C)C(=O)COCC(=O)N(C)CCCCCCCC,CCCCCCCCN(C)C(=O)COCC(=O)N(C)CCCCCCCC,"[11, 13, 16]","[""O(amide_carbonyl)"", ""O(ether)"", ""O(amide_carbonyl)""]",3,8,2,water,water,2,70|CCCCCCCCN(C)C(=O)COCC(=O)N(C)CCCCCCCC|water,3,1,acid_class=chloride|acid_strength_bin=high|nitrate_activity=none|pH_bin=missing|diluent_family=aliphatic_hydrocarbon|modifier_class=none|temperature_bin=ambient|contact_time_bin=medium|shaking_time_bin=missing|phase_ratio_bin=missing,3.0,3.0,22.0,25.0,planned,fill_2x_water,,,
98efa26929c7,,59,Pr,3,CCCCC(CC)CN(C)C(=O)COCC(=O)N(C)CC(CC)CCCC,CCCCC(CC)CN(C)C(=O)COCC(=O)N(C)CC(CC)CCCC,"[11, 13, 16]","[""O(amide_carbonyl)"", ""O(ether)"", ""O(amide_carbonyl)""]",3,9,3,water,water,0,59|CCCCC(CC)CN(C)C(=O)COCC(=O)N(C)CC(CC)CCCC|water,1,1,acid_class=chloride|acid_strength_bin=high|nitrate_activity=none|pH_bin=missing|diluent_family=aliphatic_hydrocarbon|modifier_class=none|temperature_bin=ambient|contact_time_bin=medium|shaking_time_bin=missing|phase_ratio_bin=missing,3.0,3.0,25.0,25.0,planned,ok,,,
73eeb14fc6d0,,62,Sm,3,CCCCC(CC)CN(C)C(=O)COCC(=O)N(C)CC(CC)CCCC,CCCCC(CC)CN(C)C(=O)COCC(=O)N(C)CC(CC)CCCC,"[11, 13, 16]","[""O(amide_carbonyl)"", ""O(ether)"", ""O(amide_carbonyl)""]",3,9,3,water,water,0,62|CCCCC(CC)CN(C)C(=O)COCC(=O)N(C)CC(CC)CCCC|water,1,1,acid_class=chloride|acid_strength_bin=high|nitrate_activity=none|pH_bin=missing|diluent_family=aliphatic_hydrocarbon|modifier_class=none|temperature_bin=ambient|contact_time_bin=medium|shaking_time_bin=missing|phase_ratio_bin=missing,3.0,3.0,25.0,25.0,planned,ok,,,
f0d417e127de,,65,Tb,3,CCCCC(CC)CN(C)C(=O)COCC(=O)N(C)CC(CC)CCCC,CCCCC(CC)CN(C)C(=O)COCC(=O)N(C)CC(CC)CCCC,"[11, 13, 16]","[""O(amide_carbonyl)"", ""O(ether)"", ""O(amide_carbonyl)""]",3,8,2,water,water,2,65|CCCCC(CC)CN(C)C(=O)COCC(=O)N(C)CC(CC)CCCC|water,1,1,acid_class=chloride|acid_strength_bin=high|nitrate_activity=none|pH_bin=missing|diluent_family=aliphatic_hydrocarbon|modifier_class=none|temperature_bin=ambient|contact_time_bin=medium|shaking_time_bin=missing|phase_ratio_bin=missing,3.0,3.0,25.0,25.0,planned,fill_2x_water,,,
e4306ad84f62,,69,Tm,3,CCCCC(CC)CN(C)C(=O)COCC(=O)N(C)CC(CC)CCCC,CCCCC(CC)CN(C)C(=O)COCC(=O)N(C)CC(CC)CCCC,"[11, 13, 16]","[""O(amide_carbonyl)"", ""O(ether)"", ""O(amide_carbonyl)""]",3,8,2,water,water,2,69|CCCCC(CC)CN(C)C(=O)COCC(=O)N(C)CC(CC)CCCC|water,1,1,acid_class=chloride|acid_strength_bin=high|nitrate_activity=none|pH_bin=missing|diluent_family=aliphatic_hydrocarbon|modifier_class=none|temperature_bin=ambient|contact_time_bin=medium|shaking_time_bin=missing|phase_ratio_bin=missing,3.0,3.0,25.0,25.0,planned,fill_2x_water,,,
42c5015cc7f3,,70,Yb,3,CCCCC(CC)CN(C)C(=O)COCC(=O)N(C)CC(CC)CCCC,CCCCC(CC)CN(C)C(=O)COCC(=O)N(C)CC(CC)CCCC,"[11, 13, 16]","[""O(amide_carbonyl)"", ""O(ether)"", ""O(amide_carbonyl)""]",3,8,2,water,water,2,70|CCCCC(CC)CN(C)C(=O)COCC(=O)N(C)CC(CC)CCCC|water,1,1,acid_class=chloride|acid_strength_bin=high|nitrate_activity=none|pH_bin=missing|diluent_family=aliphatic_hydrocarbon|modifier_class=none|temperature_bin=ambient|contact_time_bin=medium|shaking_time_bin=missing|phase_ratio_bin=missing,3.0,3.0,25.0,25.0,planned,fill_2x_water,,,
57d63caa8449,,59,Pr,3,CCCCCCC(CCCC)CCCN(C)C(=O)COCC(=O)N(C)CCCC(CCCC)CCCCCC,CCCCCCC(CCCC)CCCN(C)C(=O)COCC(=O)N(C)CCCC(CCCC)CCCCCC,"[17, 19, 22]","[""O(amide_carbonyl)"", ""O(ether)"", ""O(amide_carbonyl)""]",3,9,3,water,water,0,59|CCCCCCC(CCCC)CCCN(C)C(=O)COCC(=O)N(C)CCCC(CCCC)CCCCCC|water,1,1,acid_class=chloride|acid_strength_bin=high|nitrate_activity=none|pH_bin=missing|diluent_family=aliphatic_hydrocarbon|modifier_class=none|temperature_bin=ambient|contact_time_bin=medium|shaking_time_bin=missing|phase_ratio_bin=missing,3.0,3.0,25.0,25.0,planned,ok,,,
b33c3ceeb432,,62,Sm,3,CCCCCCC(CCCC)CCCN(C)C(=O)COCC(=O)N(C)CCCC(CCCC)CCCCCC,CCCCCCC(CCCC)CCCN(C)C(=O)COCC(=O)N(C)CCCC(CCCC)CCCCCC,"[17, 19, 22]","[""O(amide_carbonyl)"", ""O(ether)"", ""O(amide_carbonyl)""]",3,9,3,water,water,0,62|CCCCCCC(CCCC)CCCN(C)C(=O)COCC(=O)N(C)CCCC(CCCC)CCCCCC|water,1,1,acid_class=chloride|acid_strength_bin=high|nitrate_activity=none|pH_bin=missing|diluent_family=aliphatic_hydrocarbon|modifier_class=none|temperature_bin=ambient|contact_time_bin=medium|shaking_time_bin=missing|phase_ratio_bin=missing,3.0,3.0,25.0,25.0,planned,ok,,,
7a5e099e75cf,,65,Tb,3,CCCCCCC(CCCC)CCCN(C)C(=O)COCC(=O)N(C)CCCC(CCCC)CCCCCC,CCCCCCC(CCCC)CCCN(C)C(=O)COCC(=O)N(C)CCCC(CCCC)CCCCCC,"[17, 19, 22]","[""O(amide_carbonyl)"", ""O(ether)"", ""O(amide_carbonyl)""]",3,8,2,water,water,2,65|CCCCCCC(CCCC)CCCN(C)C(=O)COCC(=O)N(C)CCCC(CCCC)CCCCCC|water,1,1,acid_class=chloride|acid_strength_bin=high|nitrate_activity=none|pH_bin=missing|diluent_family=aliphatic_hydrocarbon|modifier_class=none|temperature_bin=ambient|contact_time_bin=medium|shaking_time_bin=missing|phase_ratio_bin=missing,3.0,3.0,25.0,25.0,planned,fill_2x_water,,,
482a321ba7fb,,69,Tm,3,CCCCCCC(CCCC)CCCN(C)C(=O)COCC(=O)N(C)CCCC(CCCC)CCCCCC,CCCCCCC(CCCC)CCCN(C)C(=O)COCC(=O)N(C)CCCC(CCCC)CCCCCC,"[17, 19, 22]","[""O(amide_carbonyl)"", ""O(ether)"", ""O(amide_carbonyl)""]",3,8,2,water,water,2,69|CCCCCCC(CCCC)CCCN(C)C(=O)COCC(=O)N(C)CCCC(CCCC)CCCCCC|water,1,1,acid_class=chloride|acid_strength_bin=high|nitrate_activity=none|pH_bin=missing|diluent_family=aliphatic_hydrocarbon|modifier_class=none|temperature_bin=ambient|contact_time_bin=medium|shaking_time_bin=missing|phase_ratio_bin=missing,3.0,3.0,25.0,25.0,planned,fill_2x_water,,,
801645556b15,,70,Yb,3,CCCCCCC(CCCC)CCCN(C)C(=O)COCC(=O)N(C)CCCC(CCCC)CCCCCC,CCCCCCC(CCCC)CCCN(C)C(=O)COCC(=O)N(C)CCCC(CCCC)CCCCCC,"[17, 19, 22]","[""O(amide_carbonyl)"", ""O(ether)"", ""O(amide_carbonyl)""]",3,8,2,water,water,2,70|CCCCCCC(CCCC)CCCN(C)C(=O)COCC(=O)N(C)CCCC(CCCC)CCCCCC|water,1,1,acid_class=chloride|acid_strength_bin=high|nitrate_activity=none|pH_bin=missing|diluent_family=aliphatic_hydrocarbon|modifier_class=none|temperature_bin=ambient|contact_time_bin=medium|shaking_time_bin=missing|phase_ratio_bin=missing,3.0,3.0,25.0,25.0,planned,fill_2x_water,,,
c055709f2b44,,59,Pr,3,CCCCCCCCN(CC)C(=O)COCC(=O)N(CC)CCCCCCCC,CCCCCCCCN(CC)C(=O)COCC(=O)N(CC)CCCCCCCC,"[12, 14, 17]","[""O(amide_carbonyl)"", ""O(ether)"", ""O(amide_carbonyl)""]",3,9,3,water,water,0,59|CCCCCCCCN(CC)C(=O)COCC(=O)N(CC)CCCCCCCC|water,1,1,acid_class=chloride|acid_strength_bin=high|nitrate_activity=none|pH_bin=missing|diluent_family=aliphatic_hydrocarbon|modifier_class=none|temperature_bin=ambient|contact_time_bin=medium|shaking_time_bin=missing|phase_ratio_bin=missing,3.0,3.0,25.0,25.0,planned,ok,,,
bf99bcffb62a,,62,Sm,3,CCCCCCCCN(CC)C(=O)COCC(=O)N(CC)CCCCCCCC,CCCCCCCCN(CC)C(=O)COCC(=O)N(CC)CCCCCCCC,"[12, 14, 17]","[""O(amide_carbonyl)"", ""O(ether)"", ""O(amide_carbonyl)""]",3,9,3,water,water,0,62|CCCCCCCCN(CC)C(=O)COCC(=O)N(CC)CCCCCCCC|water,1,1,acid_class=chloride|acid_strength_bin=high|nitrate_activity=none|pH_bin=missing|diluent_family=aliphatic_hydrocarbon|modifier_class=none|temperature_bin=ambient|contact_time_bin=medium|shaking_time_bin=missing|phase_ratio_bin=missing,3.0,3.0,25.0,25.0,planned,ok,,,
ca392dc7b2d2,,65,Tb,3,CCCCCCCCN(CC)C(=O)COCC(=O)N(CC)CCCCCCCC,CCCCCCCCN(CC)C(=O)COCC(=O)N(CC)CCCCCCCC,"[12, 14, 17]","[""O(amide_carbonyl)"", ""O(ether)"", ""O(amide_carbonyl)""]",3,8,2,water,water,2,65|CCCCCCCCN(CC)C(=O)COCC(=O)N(CC)CCCCCCCC|water,1,1,acid_class=chloride|acid_strength_bin=high|nitrate_activity=none|pH_bin=missing|diluent_family=aliphatic_hydrocarbon|modifier_class=none|temperature_bin=ambient|contact_time_bin=medium|shaking_time_bin=missing|phase_ratio_bin=missing,3.0,3.0,25.0,25.0,planned,fill_2x_water,,,
537758e4db4c,,69,Tm,3,CCCCCCCCN(CC)C(=O)COCC(=O)N(CC)CCCCCCCC,CCCCCCCCN(CC)C(=O)COCC(=O)N(CC)CCCCCCCC,"[12, 14, 17]","[""O(amide_carbonyl)"", ""O(ether)"", ""O(amide_carbonyl)""]",3,8,2,water,water,2,69|CCCCCCCCN(CC)C(=O)COCC(=O)N(CC)CCCCCCCC|water,1,1,acid_class=chloride|acid_strength_bin=high|nitrate_activity=none|pH_bin=missing|diluent_family=aliphatic_hydrocarbon|modifier_class=none|temperature_bin=ambient|contact_time_bin=medium|shaking_time_bin=missing|phase_ratio_bin=missing,3.0,3.0,25.0,25.0,planned,fill_2x_water,,,
cbc66e092e99,,70,Yb,3,CCCCCCCCN(CC)C(=O)COCC(=O)N(CC)CCCCCCCC,CCCCCCCCN(CC)C(=O)COCC(=O)N(CC)CCCCCCCC,"[12, 14, 17]","[""O(amide_carbonyl)"", ""O(ether)"", ""O(amide_carbonyl)""]",3,8,2,water,water,2,70|CCCCCCCCN(CC)C(=O)COCC(=O)N(CC)CCCCCCCC|water,1,1,acid_class=chloride|acid_strength_bin=high|nitrate_activity=none|pH_bin=missing|diluent_family=aliphatic_hydrocarbon|modifier_class=none|temperature_bin=ambient|contact_time_bin=medium|shaking_time_bin=missing|phase_ratio_bin=missing,3.0,3.0,25.0,25.0,planned,fill_2x_water,,,
8cca367a290e,,59,Pr,3,CCCCCCCCN(CCC)C(=O)COCC(=O)N(CCC)CCCCCCCC,CCCCCCCCN(CCC)C(=O)COCC(=O)N(CCC)CCCCCCCC,"[13, 15, 18]","[""O(amide_carbonyl)"", ""O(ether)"", ""O(amide_carbonyl)""]",3,9,3,water,water,0,59|CCCCCCCCN(CCC)C(=O)COCC(=O)N(CCC)CCCCCCCC|water,1,1,acid_class=chloride|acid_strength_bin=high|nitrate_activity=none|pH_bin=missing|diluent_family=aliphatic_hydrocarbon|modifier_class=none|temperature_bin=ambient|contact_time_bin=medium|shaking_time_bin=missing|phase_ratio_bin=missing,3.0,3.0,25.0,25.0,planned,ok,,,
e9ea13a0e508,,62,Sm,3,CCCCCCCCN(CCC)C(=O)COCC(=O)N(CCC)CCCCCCCC,CCCCCCCCN(CCC)C(=O)COCC(=O)N(CCC)CCCCCCCC,"[13, 15, 18]","[""O(amide_carbonyl)"", ""O(ether)"", ""O(amide_carbonyl)""]",3,9,3,water,water,0,62|CCCCCCCCN(CCC)C(=O)COCC(=O)N(CCC)CCCCCCCC|water,1,1,acid_class=chloride|acid_strength_bin=high|nitrate_activity=none|pH_bin=missing|diluent_family=aliphatic_hydrocarbon|modifier_class=none|temperature_bin=ambient|contact_time_bin=medium|shaking_time_bin=missing|phase_ratio_bin=missing,3.0,3.0,25.0,25.0,planned,ok,,,
ee37a7deb674,,65,Tb,3,CCCCCCCCN(CCC)C(=O)COCC(=O)N(CCC)CCCCCCCC,CCCCCCCCN(CCC)C(=O)COCC(=O)N(CCC)CCCCCCCC,"[13, 15, 18]","[""O(amide_carbonyl)"", ""O(ether)"", ""O(amide_carbonyl)""]",3,8,2,water,water,2,65|CCCCCCCCN(CCC)C(=O)COCC(=O)N(CCC)CCCCCCCC|water,1,1,acid_class=chloride|acid_strength_bin=high|nitrate_activity=none|pH_bin=missing|diluent_family=aliphatic_hydrocarbon|modifier_class=none|temperature_bin=ambient|contact_time_bin=medium|shaking_time_bin=missing|phase_ratio_bin=missing,3.0,3.0,25.0,25.0,planned,fill_2x_water,,,
61e5ab619c27,,69,Tm,3,CCCCCCCCN(CCC)C(=O)COCC(=O)N(CCC)CCCCCCCC,CCCCCCCCN(CCC)C(=O)COCC(=O)N(CCC)CCCCCCCC,"[13, 15, 18]","[""O(amide_carbonyl)"", ""O(ether)"", ""O(amide_carbonyl)""]",3,8,2,water,water,2,69|CCCCCCCCN(CCC)C(=O)COCC(=O)N(CCC)CCCCCCCC|water,1,1,acid_class=chloride|acid_strength_bin=high|nitrate_activity=none|pH_bin=missing|diluent_family=aliphatic_hydrocarbon|modifier_class=none|temperature_bin=ambient|contact_time_bin=medium|shaking_time_bin=missing|phase_ratio_bin=missing,3.0,3.0,25.0,25.0,planned,fill_2x_water,,,
7599752bb1b0,,70,Yb,3,CCCCCCCCN(CCC)C(=O)COCC(=O)N(CCC)CCCCCCCC,CCCCCCCCN(CCC)C(=O)COCC(=O)N(CCC)CCCCCCCC,"[13, 15, 18]","[""O(amide_carbonyl)"", ""O(ether)"", ""O(amide_carbonyl)""]",3,8,2,water,water,2,70|CCCCCCCCN(CCC)C(=O)COCC(=O)N(CCC)CCCCCCCC|water,1,1,acid_class=chloride|acid_strength_bin=high|nitrate_activity=none|pH_bin=missing|diluent_family=aliphatic_hydrocarbon|modifier_class=none|temperature_bin=ambient|contact_time_bin=medium|shaking_time_bin=missing|phase_ratio_bin=missing,3.0,3.0,25.0,25.0,planned,fill_2x_water,,,
0fa08d2cc317,,59,Pr,3,CCCCCCCCN(CCCCCCCC)C(=O)COCC(=O)N(C)C,CCCCCCCCN(CCCCCCCC)C(=O)COCC(=O)N(C)C,"[18, 20, 23]","[""O(amide_carbonyl)"", ""O(ether)"", ""O(amide_carbonyl)""]",3,9,3,water,water,0,59|CCCCCCCCN(CCCCCCCC)C(=O)COCC(=O)N(C)C|water,1,1,acid_class=chloride|acid_strength_bin=high|nitrate_activity=none|pH_bin=missing|diluent_family=aliphatic_hydrocarbon|modifier_class=none|temperature_bin=ambient|contact_time_bin=medium|shaking_time_bin=missing|phase_ratio_bin=missing,3.0,3.0,25.0,25.0,planned,ok,,,
885c79596cdc,,62,Sm,3,CCCCCCCCN(CCCCCCCC)C(=O)COCC(=O)N(C)C,CCCCCCCCN(CCCCCCCC)C(=O)COCC(=O)N(C)C,"[18, 20, 23]","[""O(amide_carbonyl)"", ""O(ether)"", ""O(amide_carbonyl)""]",3,9,3,water,water,0,62|CCCCCCCCN(CCCCCCCC)C(=O)COCC(=O)N(C)C|water,1,1,acid_class=chloride|acid_strength_bin=high|nitrate_activity=none|pH_bin=missing|diluent_family=aliphatic_hydrocarbon|modifier_class=none|temperature_bin=ambient|contact_time_bin=medium|shaking_time_bin=missing|phase_ratio_bin=missing,3.0,3.0,25.0,25.0,planned,ok,,,
0bb00f91f6ef,,59,Pr,3,CCCCCCCCN(C)C(=O)COCC(=O)N(CCCCCCCC)CCCCCCCC,CCCCCCCCN(C)C(=O)COCC(=O)N(CCCCCCCC)CCCCCCCC,"[11, 13, 16]","[""O(amide_carbonyl)"", ""O(ether)"", ""O(amide_carbonyl)""]",3,9,3,water,water,0,59|CCCCCCCCN(C)C(=O)COCC(=O)N(CCCCCCCC)CCCCCCCC|water,1,1,acid_class=chloride|acid_strength_bin=high|nitrate_activity=none|pH_bin=missing|diluent_family=aliphatic_hydrocarbon|modifier_class=none|temperature_bin=ambient|contact_time_bin=medium|shaking_time_bin=missing|phase_ratio_bin=missing,3.0,3.0,25.0,25.0,planned,ok,,,
c3c900cb0dfb,,62,Sm,3,CCCCCCCCN(C)C(=O)COCC(=O)N(CCCCCCCC)CCCCCCCC,CCCCCCCCN(C)C(=O)COCC(=O)N(CCCCCCCC)CCCCCCCC,"[11, 13, 16]","[""O(amide_carbonyl)"", ""O(ether)"", ""O(amide_carbonyl)""]",3,9,3,water,water,0,62|CCCCCCCCN(C)C(=O)COCC(=O)N(CCCCCCCC)CCCCCCCC|water,1,1,acid_class=chloride|acid_strength_bin=high|nitrate_activity=none|pH_bin=missing|diluent_family=aliphatic_hydrocarbon|modifier_class=none|temperature_bin=ambient|contact_time_bin=medium|shaking_time_bin=missing|phase_ratio_bin=missing,3.0,3.0,25.0,25.0,planned,ok,,,
4841e34210ff,,65,Tb,3,CCCCCCCCN(C)C(=O)COCC(=O)N(CCCCCCCC)CCCCCCCC,CCCCCCCCN(C)C(=O)COCC(=O)N(CCCCCCCC)CCCCCCCC,"[11, 13, 16]","[""O(amide_carbonyl)"", ""O(ether)"", ""O(amide_carbonyl)""]",3,8,2,water,water,2,65|CCCCCCCCN(C)C(=O)COCC(=O)N(CCCCCCCC)CCCCCCCC|water,1,1,acid_class=chloride|acid_strength_bin=high|nitrate_activity=none|pH_bin=missing|diluent_family=aliphatic_hydrocarbon|modifier_class=none|temperature_bin=ambient|contact_time_bin=medium|shaking_time_bin=missing|phase_ratio_bin=missing,3.0,3.0,25.0,25.0,planned,fill_2x_water,,,
02c5eecbaeff,,69,Tm,3,CCCCCCCCN(C)C(=O)COCC(=O)N(CCCCCCCC)CCCCCCCC,CCCCCCCCN(C)C(=O)COCC(=O)N(CCCCCCCC)CCCCCCCC,"[11, 13, 16]","[""O(amide_carbonyl)"", ""O(ether)"", ""O(amide_carbonyl)""]",3,8,2,water,water,2,69|CCCCCCCCN(C)C(=O)COCC(=O)N(CCCCCCCC)CCCCCCCC|water,1,1,acid_class=chloride|acid_strength_bin=high|nitrate_activity=none|pH_bin=missing|diluent_family=aliphatic_hydrocarbon|modifier_class=none|temperature_bin=ambient|contact_time_bin=medium|shaking_time_bin=missing|phase_ratio_bin=missing,3.0,3.0,25.0,25.0,planned,fill_2x_water,,,
d13c29df7ec2,,70,Yb,3,CCCCCCCCN(C)C(=O)COCC(=O)N(CCCCCCCC)CCCCCCCC,CCCCCCCCN(C)C(=O)COCC(=O)N(CCCCCCCC)CCCCCCCC,"[11, 13, 16]","[""O(amide_carbonyl)"", ""O(ether)"", ""O(amide_carbonyl)""]",3,8,2,water,water,2,70|CCCCCCCCN(C)C(=O)COCC(=O)N(CCCCCCCC)CCCCCCCC|water,1,1,acid_class=chloride|acid_strength_bin=high|nitrate_activity=none|pH_bin=missing|diluent_family=aliphatic_hydrocarbon|modifier_class=none|temperature_bin=ambient|contact_time_bin=medium|shaking_time_bin=missing|phase_ratio_bin=missing,3.0,3.0,25.0,25.0,planned,fill_2x_water,,,
c08891c4b9a5,,59,Pr,3,CCCCCCCCCCCCN(CCCCCCCC)C(=O)COCC(=O)N(CCCCCCCC)CCCCCCCCCCCC,CCCCCCCCCCCCN(CCCCCCCC)C(=O)COCC(=O)N(CCCCCCCC)CCCCCCCCCCCC,"[22, 24, 27]","[""O(amide_carbonyl)"", ""O(ether)"", ""O(amide_carbonyl)""]",3,9,3,water,water,0,59|CCCCCCCCCCCCN(CCCCCCCC)C(=O)COCC(=O)N(CCCCCCCC)CCCCCCCCCCCC|water,1,1,acid_class=chloride|acid_strength_bin=high|nitrate_activity=none|pH_bin=missing|diluent_family=aliphatic_hydrocarbon|modifier_class=none|temperature_bin=ambient|contact_time_bin=medium|shaking_time_bin=missing|phase_ratio_bin=missing,3.0,3.0,25.0,25.0,planned,ok,,,
e1565f3e9c85,,62,Sm,3,CCCCCCCCCCCCN(CCCCCCCC)C(=O)COCC(=O)N(CCCCCCCC)CCCCCCCCCCCC,CCCCCCCCCCCCN(CCCCCCCC)C(=O)COCC(=O)N(CCCCCCCC)CCCCCCCCCCCC,"[22, 24, 27]","[""O(amide_carbonyl)"", ""O(ether)"", ""O(amide_carbonyl)""]",3,9,3,water,water,0,62|CCCCCCCCCCCCN(CCCCCCCC)C(=O)COCC(=O)N(CCCCCCCC)CCCCCCCCCCCC|water,1,1,acid_class=chloride|acid_strength_bin=high|nitrate_activity=none|pH_bin=missing|diluent_family=aliphatic_hydrocarbon|modifier_class=none|temperature_bin=ambient|contact_time_bin=medium|shaking_time_bin=missing|phase_ratio_bin=missing,3.0,3.0,25.0,25.0,planned,ok,,,
b94a7729c663,,65,Tb,3,CCCCCCCCCCCCN(CCCCCCCC)C(=O)COCC(=O)N(CCCCCCCC)CCCCCCCCCCCC,CCCCCCCCCCCCN(CCCCCCCC)C(=O)COCC(=O)N(CCCCCCCC)CCCCCCCCCCCC,"[22, 24, 27]","[""O(amide_carbonyl)"", ""O(ether)"", ""O(amide_carbonyl)""]",3,8,2,water,water,2,65|CCCCCCCCCCCCN(CCCCCCCC)C(=O)COCC(=O)N(CCCCCCCC)CCCCCCCCCCCC|water,1,1,acid_class=chloride|acid_strength_bin=high|nitrate_activity=none|pH_bin=missing|diluent_family=aliphatic_hydrocarbon|modifier_class=none|temperature_bin=ambient|contact_time_bin=medium|shaking_time_bin=missing|phase_ratio_bin=missing,3.0,3.0,25.0,25.0,planned,fill_2x_water,,,
a88017c110ed,,70,Yb,3,CCCCCCCCCCCCN(CCCCCCCC)C(=O)COCC(=O)N(CCCCCCCC)CCCCCCCCCCCC,CCCCCCCCCCCCN(CCCCCCCC)C(=O)COCC(=O)N(CCCCCCCC)CCCCCCCCCCCC,"[22, 24, 27]","[""O(amide_carbonyl)"", ""O(ether)"", ""O(amide_carbonyl)""]",3,8,2,water,water,2,70|CCCCCCCCCCCCN(CCCCCCCC)C(=O)COCC(=O)N(CCCCCCCC)CCCCCCCCCCCC|water,1,1,acid_class=chloride|acid_strength_bin=high|nitrate_activity=none|pH_bin=missing|diluent_family=aliphatic_hydrocarbon|modifier_class=none|temperature_bin=ambient|contact_time_bin=medium|shaking_time_bin=missing|phase_ratio_bin=missing,3.0,3.0,25.0,25.0,planned,fill_2x_water,,,
dec418ee11a4,,59,Pr,3,CCCCCCCCN(CCC(C)CC(C)(C)C)C(=O)COCC(=O)N(CCCCCCCC)CCC(C)CC(C)(C)C,CCCCCCCCN(CCC(C)CC(C)(C)C)C(=O)COCC(=O)N(CCCCCCCC)CCC(C)CC(C)(C)C,"[19, 21, 24]","[""O(amide_carbonyl)"", ""O(ether)"", ""O(amide_carbonyl)""]",3,9,3,water,water,0,59|CCCCCCCCN(CCC(C)CC(C)(C)C)C(=O)COCC(=O)N(CCCCCCCC)CCC(C)CC(C)(C)C|water,1,1,acid_class=chloride|acid_strength_bin=high|nitrate_activity=none|pH_bin=missing|diluent_family=aliphatic_hydrocarbon|modifier_class=none|temperature_bin=ambient|contact_time_bin=medium|shaking_time_bin=missing|phase_ratio_bin=missing,3.0,3.0,25.0,25.0,planned,ok,,,
49ed05aae948,,62,Sm,3,CCCCCCCCN(CCC(C)CC(C)(C)C)C(=O)COCC(=O)N(CCCCCCCC)CCC(C)CC(C)(C)C,CCCCCCCCN(CCC(C)CC(C)(C)C)C(=O)COCC(=O)N(CCCCCCCC)CCC(C)CC(C)(C)C,"[19, 21, 24]","[""O(amide_carbonyl)"", ""O(ether)"", ""O(amide_carbonyl)""]",3,9,3,water,water,0,62|CCCCCCCCN(CCC(C)CC(C)(C)C)C(=O)COCC(=O)N(CCCCCCCC)CCC(C)CC(C)(C)C|water,1,1,acid_class=chloride|acid_strength_bin=high|nitrate_activity=none|pH_bin=missing|diluent_family=aliphatic_hydrocarbon|modifier_class=none|temperature_bin=ambient|contact_time_bin=medium|shaking_time_bin=missing|phase_ratio_bin=missing,3.0,3.0,25.0,25.0,planned,ok,,,
b1148a7d8cb7,,65,Tb,3,CCCCCCCCN(CCC(C)CC(C)(C)C)C(=O)COCC(=O)N(CCCCCCCC)CCC(C)CC(C)(C)C,CCCCCCCCN(CCC(C)CC(C)(C)C)C(=O)COCC(=O)N(CCCCCCCC)CCC(C)CC(C)(C)C,"[19, 21, 24]","[""O(amide_carbonyl)"", ""O(ether)"", ""O(amide_carbonyl)""]",3,8,2,water,water,2,65|CCCCCCCCN(CCC(C)CC(C)(C)C)C(=O)COCC(=O)N(CCCCCCCC)CCC(C)CC(C)(C)C|water,1,1,acid_class=chloride|acid_strength_bin=high|nitrate_activity=none|pH_bin=missing|diluent_family=aliphatic_hydrocarbon|modifier_class=none|temperature_bin=ambient|contact_time_bin=medium|shaking_time_bin=missing|phase_ratio_bin=missing,3.0,3.0,25.0,25.0,planned,fill_2x_water,,,
22f43511ec77,,69,Tm,3,CCCCCCCCN(CCC(C)CC(C)(C)C)C(=O)COCC(=O)N(CCCCCCCC)CCC(C)CC(C)(C)C,CCCCCCCCN(CCC(C)CC(C)(C)C)C(=O)COCC(=O)N(CCCCCCCC)CCC(C)CC(C)(C)C,"[19, 21, 24]","[""O(amide_carbonyl)"", ""O(ether)"", ""O(amide_carbonyl)""]",3,8,2,water,water,2,69|CCCCCCCCN(CCC(C)CC(C)(C)C)C(=O)COCC(=O)N(CCCCCCCC)CCC(C)CC(C)(C)C|water,1,1,acid_class=chloride|acid_strength_bin=high|nitrate_activity=none|pH_bin=missing|diluent_family=aliphatic_hydrocarbon|modifier_class=none|temperature_bin=ambient|contact_time_bin=medium|shaking_time_bin=missing|phase_ratio_bin=missing,3.0,3.0,25.0,25.0,planned,fill_2x_water,,,
bf029fdb8a36,,70,Yb,3,CCCCCCCCN(CCC(C)CC(C)(C)C)C(=O)COCC(=O)N(CCCCCCCC)CCC(C)CC(C)(C)C,CCCCCCCCN(CCC(C)CC(C)(C)C)C(=O)COCC(=O)N(CCCCCCCC)CCC(C)CC(C)(C)C,"[19, 21, 24]","[""O(amide_carbonyl)"", ""O(ether)"", ""O(amide_carbonyl)""]",3,8,2,water,water,2,70|CCCCCCCCN(CCC(C)CC(C)(C)C)C(=O)COCC(=O)N(CCCCCCCC)CCC(C)CC(C)(C)C|water,1,1,acid_class=chloride|acid_strength_bin=high|nitrate_activity=none|pH_bin=missing|diluent_family=aliphatic_hydrocarbon|modifier_class=none|temperature_bin=ambient|contact_time_bin=medium|shaking_time_bin=missing|phase_ratio_bin=missing,3.0,3.0,25.0,25.0,planned,fill_2x_water,,,
b52aaefe9784,,59,Pr,3,CCCCCCCCN(CCCC(CCCC)CCCCCC)C(=O)COCC(=O)N(CCCCCCCC)CCCC(CCCC)CCCCCC,CCCCCCCCN(CCCC(CCCC)CCCCCC)C(=O)COCC(=O)N(CCCCCCCC)CCCC(CCCC)CCCCCC,"[24, 26, 29]","[""O(amide_carbonyl)"", ""O(ether)"", ""O(amide_carbonyl)""]",3,9,3,water,water,0,59|CCCCCCCCN(CCCC(CCCC)CCCCCC)C(=O)COCC(=O)N(CCCCCCCC)CCCC(CCCC)CCCCCC|water,1,1,acid_class=chloride|acid_strength_bin=high|nitrate_activity=none|pH_bin=missing|diluent_family=aliphatic_hydrocarbon|modifier_class=none|temperature_bin=ambient|contact_time_bin=medium|shaking_time_bin=missing|phase_ratio_bin=missing,3.0,3.0,25.0,25.0,planned,ok,,,
957e1899e9b4,,62,Sm,3,CCCCCCCCN(CCCC(CCCC)CCCCCC)C(=O)COCC(=O)N(CCCCCCCC)CCCC(CCCC)CCCCCC,CCCCCCCCN(CCCC(CCCC)CCCCCC)C(=O)COCC(=O)N(CCCCCCCC)CCCC(CCCC)CCCCCC,"[24, 26, 29]","[""O(amide_carbonyl)"", ""O(ether)"", ""O(amide_carbonyl)""]",3,9,3,water,water,0,62|CCCCCCCCN(CCCC(CCCC)CCCCCC)C(=O)COCC(=O)N(CCCCCCCC)CCCC(CCCC)CCCCCC|water,1,1,acid_class=chloride|acid_strength_bin=high|nitrate_activity=none|pH_bin=missing|diluent_family=aliphatic_hydrocarbon|modifier_class=none|temperature_bin=ambient|contact_time_bin=medium|shaking_time_bin=missing|phase_ratio_bin=missing,3.0,3.0,25.0,25.0,planned,ok,,,
440ee3e16f8f,,65,Tb,3,CCCCCCCCN(CCCC(CCCC)CCCCCC)C(=O)COCC(=O)N(CCCCCCCC)CCCC(CCCC)CCCCCC,CCCCCCCCN(CCCC(CCCC)CCCCCC)C(=O)COCC(=O)N(CCCCCCCC)CCCC(CCCC)CCCCCC,"[24, 26, 29]","[""O(amide_carbonyl)"", ""O(ether)"", ""O(amide_carbonyl)""]",3,8,2,water,water,2,65|CCCCCCCCN(CCCC(CCCC)CCCCCC)C(=O)COCC(=O)N(CCCCCCCC)CCCC(CCCC)CCCCCC|water,1,1,acid_class=chloride|acid_strength_bin=high|nitrate_activity=none|pH_bin=missing|diluent_family=aliphatic_hydrocarbon|modifier_class=none|temperature_bin=ambient|contact_time_bin=medium|shaking_time_bin=missing|phase_ratio_bin=missing,3.0,3.0,25.0,25.0,planned,fill_2x_water,,,
77a31bcc4546,,69,Tm,3,CCCCCCCCN(CCCC(CCCC)CCCCCC)C(=O)COCC(=O)N(CCCCCCCC)CCCC(CCCC)CCCCCC,CCCCCCCCN(CCCC(CCCC)CCCCCC)C(=O)COCC(=O)N(CCCCCCCC)CCCC(CCCC)CCCCCC,"[24, 26, 29]","[""O(amide_carbonyl)"", ""O(ether)"", ""O(amide_carbonyl)""]",3,8,2,water,water,2,69|CCCCCCCCN(CCCC(CCCC)CCCCCC)C(=O)COCC(=O)N(CCCCCCCC)CCCC(CCCC)CCCCCC|water,1,1,acid_class=chloride|acid_strength_bin=high|nitrate_activity=none|pH_bin=missing|diluent_family=aliphatic_hydrocarbon|modifier_class=none|temperature_bin=ambient|contact_time_bin=medium|shaking_time_bin=missing|phase_ratio_bin=missing,3.0,3.0,25.0,25.0,planned,fill_2x_water,,,
2a33354a817f,,70,Yb,3,CCCCCCCCN(CCCC(CCCC)CCCCCC)C(=O)COCC(=O)N(CCCCCCCC)CCCC(CCCC)CCCCCC,CCCCCCCCN(CCCC(CCCC)CCCCCC)C(=O)COCC(=O)N(CCCCCCCC)CCCC(CCCC)CCCCCC,"[24, 26, 29]","[""O(amide_carbonyl)"", ""O(ether)"", ""O(amide_carbonyl)""]",3,8,2,water,water,2,70|CCCCCCCCN(CCCC(CCCC)CCCCCC)C(=O)COCC(=O)N(CCCCCCCC)CCCC(CCCC)CCCCCC|water,1,1,acid_class=chloride|acid_strength_bin=high|nitrate_activity=none|pH_bin=missing|diluent_family=aliphatic_hydrocarbon|modifier_class=none|temperature_bin=ambient|contact_time_bin=medium|shaking_time_bin=missing|phase_ratio_bin=missing,3.0,3.0,25.0,25.0,planned,fill_2x_water,,,
aed05390eeae,,59,Pr,3,CCCCCCCCN(CCCCC(C)CCCC(C)C)C(=O)COCC(=O)N(CCCCCCCC)CCCCC(C)CCCC(C)C,CCCCCCCCN(CCCCC(C)CCCC(C)C)C(=O)COCC(=O)N(CCCCCCCC)CCCCC(C)CCCC(C)C,"[22, 24, 27]","[""O(amide_carbonyl)"", ""O(ether)"", ""O(amide_carbonyl)""]",3,9,3,water,water,0,59|CCCCCCCCN(CCCCC(C)CCCC(C)C)C(=O)COCC(=O)N(CCCCCCCC)CCCCC(C)CCCC(C)C|water,1,1,acid_class=chloride|acid_strength_bin=high|nitrate_activity=none|pH_bin=missing|diluent_family=aliphatic_hydrocarbon|modifier_class=none|temperature_bin=ambient|contact_time_bin=medium|shaking_time_bin=missing|phase_ratio_bin=missing,3.0,3.0,25.0,25.0,planned,ok,,,
df9be565e13b,,62,Sm,3,CCCCCCCCN(CCCCC(C)CCCC(C)C)C(=O)COCC(=O)N(CCCCCCCC)CCCCC(C)CCCC(C)C,CCCCCCCCN(CCCCC(C)CCCC(C)C)C(=O)COCC(=O)N(CCCCCCCC)CCCCC(C)CCCC(C)C,"[22, 24, 27]","[""O(amide_carbonyl)"", ""O(ether)"", ""O(amide_carbonyl)""]",3,9,3,water,water,0,62|CCCCCCCCN(CCCCC(C)CCCC(C)C)C(=O)COCC(=O)N(CCCCCCCC)CCCCC(C)CCCC(C)C|water,1,1,acid_class=chloride|acid_strength_bin=high|nitrate_activity=none|pH_bin=missing|diluent_family=aliphatic_hydrocarbon|modifier_class=none|temperature_bin=ambient|contact_time_bin=medium|shaking_time_bin=missing|phase_ratio_bin=missing,3.0,3.0,25.0,25.0,planned,ok,,,
835eacd47610,,65,Tb,3,CCCCCCCCN(CCCCC(C)CCCC(C)C)C(=O)COCC(=O)N(CCCCCCCC)CCCCC(C)CCCC(C)C,CCCCCCCCN(CCCCC(C)CCCC(C)C)C(=O)COCC(=O)N(CCCCCCCC)CCCCC(C)CCCC(C)C,"[22, 24, 27]","[""O(amide_carbonyl)"", ""O(ether)"", ""O(amide_carbonyl)""]",3,8,2,water,water,2,65|CCCCCCCCN(CCCCC(C)CCCC(C)C)C(=O)COCC(=O)N(CCCCCCCC)CCCCC(C)CCCC(C)C|water,1,1,acid_class=chloride|acid_strength_bin=high|nitrate_activity=none|pH_bin=missing|diluent_family=aliphatic_hydrocarbon|modifier_class=none|temperature_bin=ambient|contact_time_bin=medium|shaking_time_bin=missing|phase_ratio_bin=missing,3.0,3.0,25.0,25.0,planned,fill_2x_water,,,
81621c5616ef,,69,Tm,3,CCCCCCCCN(CCCCC(C)CCCC(C)C)C(=O)COCC(=O)N(CCCCCCCC)CCCCC(C)CCCC(C)C,CCCCCCCCN(CCCCC(C)CCCC(C)C)C(=O)COCC(=O)N(CCCCCCCC)CCCCC(C)CCCC(C)C,"[22, 24, 27]","[""O(amide_carbonyl)"", ""O(ether)"", ""O(amide_carbonyl)""]",3,8,2,water,water,2,69|CCCCCCCCN(CCCCC(C)CCCC(C)C)C(=O)COCC(=O)N(CCCCCCCC)CCCCC(C)CCCC(C)C|water,1,1,acid_class=chloride|acid_strength_bin=high|nitrate_activity=none|pH_bin=missing|diluent_family=aliphatic_hydrocarbon|modifier_class=none|temperature_bin=ambient|contact_time_bin=medium|shaking_time_bin=missing|phase_ratio_bin=missing,3.0,3.0,25.0,25.0,planned,fill_2x_water,,,
7cdf4cfae70c,,70,Yb,3,CCCCCCCCN(CCCCC(C)CCCC(C)C)C(=O)COCC(=O)N(CCCCCCCC)CCCCC(C)CCCC(C)C,CCCCCCCCN(CCCCC(C)CCCC(C)C)C(=O)COCC(=O)N(CCCCCCCC)CCCCC(C)CCCC(C)C,"[22, 24, 27]","[""O(amide_carbonyl)"", ""O(ether)"", ""O(amide_carbonyl)""]",3,8,2,water,water,2,70|CCCCCCCCN(CCCCC(C)CCCC(C)C)C(=O)COCC(=O)N(CCCCCCCC)CCCCC(C)CCCC(C)C|water,1,1,acid_class=chloride|acid_strength_bin=high|nitrate_activity=none|pH_bin=missing|diluent_family=aliphatic_hydrocarbon|modifier_class=none|temperature_bin=ambient|contact_time_bin=medium|shaking_time_bin=missing|phase_ratio_bin=missing,3.0,3.0,25.0,25.0,planned,fill_2x_water,,,
7585da06f83d,,59,Pr,3,COCCN(CCOC)C(=O)COCC(=O)N(CCOC)CCOC,COCCN(CCOC)C(=O)COCC(=O)N(CCOC)CCOC,"[1, 7, 10, 12, 15, 19, 23]","[""O(ether)"", ""O(ether)"", ""O(amide_carbonyl)"", ""O(ether)"", ""O(amide_carbonyl)"", ""O(ether)"", ""O(ether)""]",7,9,1,water,water,2,59|COCCN(CCOC)C(=O)COCC(=O)N(CCOC)CCOC|water,1,1,acid_class=chloride|acid_strength_bin=high|nitrate_activity=none|pH_bin=missing|diluent_family=aliphatic_hydrocarbon|modifier_class=none|temperature_bin=ambient|contact_time_bin=medium|shaking_time_bin=missing|phase_ratio_bin=missing,3.0,3.0,22.0,22.0,planned,ok,,,
c614ad7fb8d4,,62,Sm,3,COCCN(CCOC)C(=O)COCC(=O)N(CCOC)CCOC,COCCN(CCOC)C(=O)COCC(=O)N(CCOC)CCOC,"[1, 7, 10, 12, 15, 19, 23]","[""O(ether)"", ""O(ether)"", ""O(amide_carbonyl)"", ""O(ether)"", ""O(amide_carbonyl)"", ""O(ether)"", ""O(ether)""]",7,9,1,water,water,2,62|COCCN(CCOC)C(=O)COCC(=O)N(CCOC)CCOC|water,1,1,acid_class=chloride|acid_strength_bin=high|nitrate_activity=none|pH_bin=missing|diluent_family=aliphatic_hydrocarbon|modifier_class=none|temperature_bin=ambient|contact_time_bin=medium|shaking_time_bin=missing|phase_ratio_bin=missing,3.0,3.0,22.0,22.0,planned,ok,,,
5370ca21e6d7,,65,Tb,3,COCCN(CCOC)C(=O)COCC(=O)N(CCOC)CCOC,COCCN(CCOC)C(=O)COCC(=O)N(CCOC)CCOC,"[1, 7, 10, 12, 15, 19, 23]","[""O(ether)"", ""O(ether)"", ""O(amide_carbonyl)"", ""O(ether)"", ""O(amide_carbonyl)"", ""O(ether)"", ""O(ether)""]",7,8,1,water,water,1,65|COCCN(CCOC)C(=O)COCC(=O)N(CCOC)CCOC|water,1,1,acid_class=chloride|acid_strength_bin=high|nitrate_activity=none|pH_bin=missing|diluent_family=aliphatic_hydrocarbon|modifier_class=none|temperature_bin=ambient|contact_time_bin=medium|shaking_time_bin=missing|phase_ratio_bin=missing,3.0,3.0,22.0,22.0,planned,fill_2x_water,,,
fd3fe197d04d,,69,Tm,3,COCCN(CCOC)C(=O)COCC(=O)N(CCOC)CCOC,COCCN(CCOC)C(=O)COCC(=O)N(CCOC)CCOC,"[1, 7, 10, 12, 15, 19, 23]","[""O(ether)"", ""O(ether)"", ""O(amide_carbonyl)"", ""O(ether)"", ""O(amide_carbonyl)"", ""O(ether)"", ""O(ether)""]",7,8,1,water,water,1,69|COCCN(CCOC)C(=O)COCC(=O)N(CCOC)CCOC|water,1,1,acid_class=chloride|acid_strength_bin=high|nitrate_activity=none|pH_bin=missing|diluent_family=aliphatic_hydrocarbon|modifier_class=none|temperature_bin=ambient|contact_time_bin=medium|shaking_time_bin=missing|phase_ratio_bin=missing,3.0,3.0,22.0,22.0,planned,fill_2x_water,,,
b9bcc8dbd520,,70,Yb,3,COCCN(CCOC)C(=O)COCC(=O)N(CCOC)CCOC,COCCN(CCOC)C(=O)COCC(=O)N(CCOC)CCOC,"[1, 7, 10, 12, 15, 19, 23]","[""O(ether)"", ""O(ether)"", ""O(amide_carbonyl)"", ""O(ether)"", ""O(amide_carbonyl)"", ""O(ether)"", ""O(ether)""]",7,8,1,water,water,1,70|COCCN(CCOC)C(=O)COCC(=O)N(CCOC)CCOC|water,1,1,acid_class=chloride|acid_strength_bin=high|nitrate_activity=none|pH_bin=missing|diluent_family=aliphatic_hydrocarbon|modifier_class=none|temperature_bin=ambient|contact_time_bin=medium|shaking_time_bin=missing|phase_ratio_bin=missing,3.0,3.0,22.0,22.0,planned,fill_2x_water,,,
e716ee59bc93,,59,Pr,3,CCCCCCCCN(CCCCCCCC)C(=O)[C@H](C)O[C@H](C)C(=O)N(CCCCCCCC)CCCCCCCC,CCCCCCCCN(CCCCCCCC)C(=O)[C@H](C)O[C@H](C)C(=O)N(CCCCCCCC)CCCCCCCC,"[18, 21, 25]","[""O(amide_carbonyl)"", ""O(ether)"", ""O(amide_carbonyl)""]",3,9,3,nitrate,nitrate,0,59|CCCCCCCCN(CCCCCCCC)C(=O)[C@H](C)O[C@H](C)C(=O)N(CCCCCCCC)CCCCCCCC|nitrate,1,1,acid_class=nitrate|acid_strength_bin=high|nitrate_activity=high|pH_bin=missing|diluent_family=aliphatic_hydrocarbon|modifier_class=none|temperature_bin=ambient|contact_time_bin=short|shaking_time_bin=missing|phase_ratio_bin=missing,4.3,4.3,22.0,22.0,planned,ok,,,
7fb42c46d354,,62,Sm,3,CCCCCCCCN(CCCCCCCC)C(=O)[C@H](C)O[C@H](C)C(=O)N(CCCCCCCC)CCCCCCCC,CCCCCCCCN(CCCCCCCC)C(=O)[C@H](C)O[C@H](C)C(=O)N(CCCCCCCC)CCCCCCCC,"[18, 21, 25]","[""O(amide_carbonyl)"", ""O(ether)"", ""O(amide_carbonyl)""]",3,9,3,nitrate,nitrate,0,62|CCCCCCCCN(CCCCCCCC)C(=O)[C@H](C)O[C@H](C)C(=O)N(CCCCCCCC)CCCCCCCC|nitrate,1,1,acid_class=nitrate|acid_strength_bin=high|nitrate_activity=high|pH_bin=missing|diluent_family=aliphatic_hydrocarbon|modifier_class=none|temperature_bin=ambient|contact_time_bin=short|shaking_time_bin=missing|phase_ratio_bin=missing,4.3,4.3,22.0,22.0,planned,ok,,,
7edd7c088658,,65,Tb,3,CCCCCCCCN(CCCCCCCC)C(=O)[C@H](C)O[C@H](C)C(=O)N(CCCCCCCC)CCCCCCCC,CCCCCCCCN(CCCCCCCC)C(=O)[C@H](C)O[C@H](C)C(=O)N(CCCCCCCC)CCCCCCCC,"[18, 21, 25]","[""O(amide_carbonyl)"", ""O(ether)"", ""O(amide_carbonyl)""]",3,8,2,nitrate,nitrate,2,65|CCCCCCCCN(CCCCCCCC)C(=O)[C@H](C)O[C@H](C)C(=O)N(CCCCCCCC)CCCCCCCC|nitrate,1,1,acid_class=nitrate|acid_strength_bin=high|nitrate_activity=high|pH_bin=missing|diluent_family=aliphatic_hydrocarbon|modifier_class=none|temperature_bin=ambient|contact_time_bin=short|shaking_time_bin=missing|phase_ratio_bin=missing,4.3,4.3,22.0,22.0,planned,fill_2x_nitrate,,,
bb6dc9c949d5,,69,Tm,3,CCCCCCCCN(CCCCCCCC)C(=O)[C@H](C)O[C@H](C)C(=O)N(CCCCCCCC)CCCCCCCC,CCCCCCCCN(CCCCCCCC)C(=O)[C@H](C)O[C@H](C)C(=O)N(CCCCCCCC)CCCCCCCC,"[18, 21, 25]","[""O(amide_carbonyl)"", ""O(ether)"", ""O(amide_carbonyl)""]",3,8,2,nitrate,nitrate,2,69|CCCCCCCCN(CCCCCCCC)C(=O)[C@H](C)O[C@H](C)C(=O)N(CCCCCCCC)CCCCCCCC|nitrate,1,1,acid_class=nitrate|acid_strength_bin=high|nitrate_activity=high|pH_bin=missing|diluent_family=aliphatic_hydrocarbon|modifier_class=none|temperature_bin=ambient|contact_time_bin=short|shaking_time_bin=missing|phase_ratio_bin=missing,4.3,4.3,22.0,22.0,planned,fill_2x_nitrate,,,
ace58608600a,,70,Yb,3,CCCCCCCCN(CCCCCCCC)C(=O)[C@H](C)O[C@H](C)C(=O)N(CCCCCCCC)CCCCCCCC,CCCCCCCCN(CCCCCCCC)C(=O)[C@H](C)O[C@H](C)C(=O)N(CCCCCCCC)CCCCCCCC,"[18, 21, 25]","[""O(amide_carbonyl)"", ""O(ether)"", ""O(amide_carbonyl)""]",3,8,2,nitrate,nitrate,2,70|CCCCCCCCN(CCCCCCCC)C(=O)[C@H](C)O[C@H](C)C(=O)N(CCCCCCCC)CCCCCCCC|nitrate,1,1,acid_class=nitrate|acid_strength_bin=high|nitrate_activity=high|pH_bin=missing|diluent_family=aliphatic_hydrocarbon|modifier_class=none|temperature_bin=ambient|contact_time_bin=short|shaking_time_bin=missing|phase_ratio_bin=missing,4.3,4.3,22.0,22.0,planned,fill_2x_nitrate,,,
3993ab98c7c2,,62,Sm,3,CCCN(CCC)C(=O)COCC(=O)N(CCC)CCC,CCCN(CCC)C(=O)COCC(=O)N(CCC)CCC,"[8, 10, 13]","[""O(amide_carbonyl)"", ""O(ether)"", ""O(amide_carbonyl)""]",3,9,3,nitrate,nitrate,0,62|CCCN(CCC)C(=O)COCC(=O)N(CCC)CCC|nitrate,4,4,acid_class=nitrate|acid_strength_bin=medium|nitrate_activity=medium|pH_bin=missing|diluent_family=alcohol_modifier|modifier_class=none|temperature_bin=ambient|contact_time_bin=medium|shaking_time_bin=missing|phase_ratio_bin=missing;acid_class=nitrate|acid_strength_bin=medium|nitrate_activity=medium|pH_bin=missing|diluent_family=aromatic|modifier_class=none|temperature_bin=ambient|contact_time_bin=medium|shaking_time_bin=missing|phase_ratio_bin=missing;acid_class=nitrate|acid_strength_bin=medium|nitrate_activity=medium|pH_bin=missing|diluent_family=chlorinated|modifier_class=none|temperature_bin=ambient|contact_time_bin=medium|shaking_time_bin=missing|phase_ratio_bin=missing;acid_class=nitrate|acid_strength_bin=medium|nitrate_activity=medium|pH_bin=missing|diluent_family=other|modifier_class=none|temperature_bin=ambient|contact_time_bin=medium|shaking_time_bin=missing|phase_ratio_bin=missing,1.0,1.0,25.0,25.0,planned,ok,,,
f3ea00a7b918,,65,Tb,3,CCCN(CCC)C(=O)COCC(=O)N(CCC)CCC,CCCN(CCC)C(=O)COCC(=O)N(CCC)CCC,"[8, 10, 13]","[""O(amide_carbonyl)"", ""O(ether)"", ""O(amide_carbonyl)""]",3,8,2,nitrate,nitrate,2,65|CCCN(CCC)C(=O)COCC(=O)N(CCC)CCC|nitrate,4,4,acid_class=nitrate|acid_strength_bin=medium|nitrate_activity=medium|pH_bin=missing|diluent_family=alcohol_modifier|modifier_class=none|temperature_bin=ambient|contact_time_bin=medium|shaking_time_bin=missing|phase_ratio_bin=missing;acid_class=nitrate|acid_strength_bin=medium|nitrate_activity=medium|pH_bin=missing|diluent_family=aromatic|modifier_class=none|temperature_bin=ambient|contact_time_bin=medium|shaking_time_bin=missing|phase_ratio_bin=missing;acid_class=nitrate|acid_strength_bin=medium|nitrate_activity=medium|pH_bin=missing|diluent_family=chlorinated|modifier_class=none|temperature_bin=ambient|contact_time_bin=medium|shaking_time_bin=missing|phase_ratio_bin=missing;acid_class=nitrate|acid_strength_bin=medium|nitrate_activity=medium|pH_bin=missing|diluent_family=other|modifier_class=none|temperature_bin=ambient|contact_time_bin=medium|shaking_time_bin=missing|phase_ratio_bin=missing,1.0,1.0,25.0,25.0,planned,fill_2x_nitrate,,,
0c9244186a0f,,69,Tm,3,CCCN(CCC)C(=O)COCC(=O)N(CCC)CCC,CCCN(CCC)C(=O)COCC(=O)N(CCC)CCC,"[8, 10, 13]","[""O(amide_carbonyl)"", ""O(ether)"", ""O(amide_carbonyl)""]",3,8,2,nitrate,nitrate,2,69|CCCN(CCC)C(=O)COCC(=O)N(CCC)CCC|nitrate,4,4,acid_class=nitrate|acid_strength_bin=medium|nitrate_activity=medium|pH_bin=missing|diluent_family=alcohol_modifier|modifier_class=none|temperature_bin=ambient|contact_time_bin=medium|shaking_time_bin=missing|phase_ratio_bin=missing;acid_class=nitrate|acid_strength_bin=medium|nitrate_activity=medium|pH_bin=missing|diluent_family=aromatic|modifier_class=none|temperature_bin=ambient|contact_time_bin=medium|shaking_time_bin=missing|phase_ratio_bin=missing;acid_class=nitrate|acid_strength_bin=medium|nitrate_activity=medium|pH_bin=missing|diluent_family=chlorinated|modifier_class=none|temperature_bin=ambient|contact_time_bin=medium|shaking_time_bin=missing|phase_ratio_bin=missing;acid_class=nitrate|acid_strength_bin=medium|nitrate_activity=medium|pH_bin=missing|diluent_family=other|modifier_class=none|temperature_bin=ambient|contact_time_bin=medium|shaking_time_bin=missing|phase_ratio_bin=missing,1.0,1.0,25.0,25.0,planned,fill_2x_nitrate,,,
dfc3133e92d7,,70,Yb,3,CCCN(CCC)C(=O)COCC(=O)N(CCC)CCC,CCCN(CCC)C(=O)COCC(=O)N(CCC)CCC,"[8, 10, 13]","[""O(amide_carbonyl)"", ""O(ether)"", ""O(amide_carbonyl)""]",3,8,2,nitrate,nitrate,2,70|CCCN(CCC)C(=O)COCC(=O)N(CCC)CCC|nitrate,4,4,acid_class=nitrate|acid_strength_bin=medium|nitrate_activity=medium|pH_bin=missing|diluent_family=alcohol_modifier|modifier_class=none|temperature_bin=ambient|contact_time_bin=medium|shaking_time_bin=missing|phase_ratio_bin=missing;acid_class=nitrate|acid_strength_bin=medium|nitrate_activity=medium|pH_bin=missing|diluent_family=aromatic|modifier_class=none|temperature_bin=ambient|contact_time_bin=medium|shaking_time_bin=missing|phase_ratio_bin=missing;acid_class=nitrate|acid_strength_bin=medium|nitrate_activity=medium|pH_bin=missing|diluent_family=chlorinated|modifier_class=none|temperature_bin=ambient|contact_time_bin=medium|shaking_time_bin=missing|phase_ratio_bin=missing;acid_class=nitrate|acid_strength_bin=medium|nitrate_activity=medium|pH_bin=missing|diluent_family=other|modifier_class=none|temperature_bin=ambient|contact_time_bin=medium|shaking_time_bin=missing|phase_ratio_bin=missing,1.0,1.0,25.0,25.0,planned,fill_2x_nitrate,,,
ed83b77205f9,,59,Pr,3,CCCCCCn1c(-c2ccccc2)c(-c2ccccc2)c2cc3ccc4cc5c(-c6ccccc6)c(-c6ccccc6)n(CCCCCC)c(=O)c5nc4c3nc2c1=O,CCCCCCn1c(-c2ccccc2)c(-c2ccccc2)c2cc3ccc4cc5c(-c6ccccc6)c(-c6ccccc6)n(CCCCCC)c(=O)c5nc4c3nc2c1=O,"[6, 43, 51, 53, 56, 59]","[""N(aromatic)"", ""N(aromatic)"", ""O(amide_carbonyl)"", ""N(aromatic)"", ""N(aromatic)"", ""O(amide_carbonyl)""]",6,9,1,water,water,3,59|CCCCCCn1c(-c2ccccc2)c(-c2ccccc2)c2cc3ccc4cc5c(-c6ccccc6)c(-c6ccccc6)n(CCCCCC)c(=O)c5nc4c3nc2c1=O|water,1,1,acid_class=chloride|acid_strength_bin=medium|nitrate_activity=none|pH_bin=missing|diluent_family=chlorinated|modifier_class=none|temperature_bin=ambient|contact_time_bin=missing|shaking_time_bin=missing|phase_ratio_bin=missing,0.9,0.9,25.0,25.0,planned,fill_5x_water,,,
a0d3025a66af,,59,Pr,3,CCCCCCn1c(-c2ccccc2)c(-c2ccccc2)c2cc3ccc4cc5c(-c6ccccc6)c(-c6ccccc6)n(CCCCCC)c(=O)c5nc4c3nc2c1=O,CCCCCCn1c(-c2ccccc2)c(-c2ccccc2)c2cc3ccc4cc5c(-c6ccccc6)c(-c6ccccc6)n(CCCCCC)c(=O)c5nc4c3nc2c1=O,"[6, 43, 51, 53, 56, 59]","[""N(aromatic)"", ""N(aromatic)"", ""O(amide_carbonyl)"", ""N(aromatic)"", ""N(aromatic)"", ""O(amide_carbonyl)""]",6,9,1,nitrate,nitrate,3,59|CCCCCCn1c(-c2ccccc2)c(-c2ccccc2)c2cc3ccc4cc5c(-c6ccccc6)c(-c6ccccc6)n(CCCCCC)c(=O)c5nc4c3nc2c1=O|nitrate,1,1,acid_class=nitrate|acid_strength_bin=medium|nitrate_activity=medium|pH_bin=missing|diluent_family=chlorinated|modifier_class=none|temperature_bin=ambient|contact_time_bin=missing|shaking_time_bin=missing|phase_ratio_bin=missing,0.9,0.9,25.0,25.0,planned,fill_5x_nitrate,,,
c301f84f5c52,,59,Pr,3,c1ccc2c(c1)OCCOCCOc1ccccc1OCCOCCO2,c1ccc2c(c1)OCCOCCOc1ccccc1OCCOCCO2,"[6, 9, 12, 19, 22, 25]","[""O(ether)"", ""O(ether)"", ""O(ether)"", ""O(ether)"", ""O(ether)"", ""O(ether)""]",6,9,1,nitrate,nitrate,3,59|c1ccc2c(c1)OCCOCCOc1ccccc1OCCOCCO2|nitrate,1,1,acid_class=nitrate|acid_strength_bin=medium|nitrate_activity=medium|pH_bin=missing|diluent_family=other|modifier_class=none|temperature_bin=ambient|contact_time_bin=missing|shaking_time_bin=missing|phase_ratio_bin=missing,1.0,1.0,25.0,25.0,planned,fill_3x_nitrate,,,
fe2ac47d90be,,59,Pr,3,c1cc2nc(c1)COc1ccccc1OCCOCCOc1ccccc1OC2,c1cc2nc(c1)COc1ccccc1OCCOCCOc1ccccc1OC2,"[3, 7, 14, 17, 20, 27]","[""N(aromatic)"", ""O(ether)"", ""O(ether)"", ""O(ether)"", ""O(ether)"", ""O(ether)""]",6,9,1,nitrate,nitrate,3,59|c1cc2nc(c1)COc1ccccc1OCCOCCOc1ccccc1OC2|nitrate,1,1,acid_class=nitrate|acid_strength_bin=medium|nitrate_activity=medium|pH_bin=missing|diluent_family=other|modifier_class=none|temperature_bin=ambient|contact_time_bin=missing|shaking_time_bin=missing|phase_ratio_bin=missing,1.0,1.0,25.0,25.0,planned,fill_3x_nitrate,,,
a23ff5b4acd2,,59,Pr,3,C1CCC2OCCOCCOC3CCCCC3OCCOCCOC2C1,C1CCC2OCCOCCOC3CCCCC3OCCOCCOC2C1,"[4, 7, 10, 17, 20, 23]","[""O(ether)"", ""O(ether)"", ""O(ether)"", ""O(ether)"", ""O(ether)"", ""O(ether)""]",6,9,1,nitrate,nitrate,3,59|C1CCC2OCCOCCOC3CCCCC3OCCOCCOC2C1|nitrate,1,1,acid_class=nitrate|acid_strength_bin=medium|nitrate_activity=medium|pH_bin=missing|diluent_family=other|modifier_class=none|temperature_bin=ambient|contact_time_bin=missing|shaking_time_bin=missing|phase_ratio_bin=missing,1.0,1.0,25.0,25.0,planned,fill_3x_nitrate,,,
6ddb7853aa70,,62,Sm,3,CCCCCCn1c(-c2ccccc2)c(-c2ccccc2)c2cc3ccc4cc5c(-c6ccccc6)c(-c6ccccc6)n(CCCCCC)c(=O)c5nc4c3nc2c1=O,CCCCCCn1c(-c2ccccc2)c(-c2ccccc2)c2cc3ccc4cc5c(-c6ccccc6)c(-c6ccccc6)n(CCCCCC)c(=O)c5nc4c3nc2c1=O,"[6, 43, 51, 53, 56, 59]","[""N(aromatic)"", ""N(aromatic)"", ""O(amide_carbonyl)"", ""N(aromatic)"", ""N(aromatic)"", ""O(amide_carbonyl)""]",6,9,1,nitrate,nitrate,3,62|CCCCCCn1c(-c2ccccc2)c(-c2ccccc2)c2cc3ccc4cc5c(-c6ccccc6)c(-c6ccccc6)n(CCCCCC)c(=O)c5nc4c3nc2c1=O|nitrate,1,1,acid_class=nitrate|acid_strength_bin=medium|nitrate_activity=medium|pH_bin=missing|diluent_family=chlorinated|modifier_class=none|temperature_bin=ambient|contact_time_bin=missing|shaking_time_bin=missing|phase_ratio_bin=missing,0.9,0.9,25.0,25.0,planned,fill_5x_nitrate,,,
b4c75f037006,,62,Sm,3,CCCCCCn1c(-c2ccccc2)c(-c2ccccc2)c2cc3ccc4cc5c(-c6ccccc6)c(-c6ccccc6)n(CCCCCC)c(=O)c5nc4c3nc2c1=O,CCCCCCn1c(-c2ccccc2)c(-c2ccccc2)c2cc3ccc4cc5c(-c6ccccc6)c(-c6ccccc6)n(CCCCCC)c(=O)c5nc4c3nc2c1=O,"[6, 43, 51, 53, 56, 59]","[""N(aromatic)"", ""N(aromatic)"", ""O(amide_carbonyl)"", ""N(aromatic)"", ""N(aromatic)"", ""O(amide_carbonyl)""]",6,9,1,water,water,3,62|CCCCCCn1c(-c2ccccc2)c(-c2ccccc2)c2cc3ccc4cc5c(-c6ccccc6)c(-c6ccccc6)n(CCCCCC)c(=O)c5nc4c3nc2c1=O|water,1,1,acid_class=chloride|acid_strength_bin=medium|nitrate_activity=none|pH_bin=missing|diluent_family=chlorinated|modifier_class=none|temperature_bin=ambient|contact_time_bin=missing|shaking_time_bin=missing|phase_ratio_bin=missing,0.9,0.9,25.0,25.0,planned,fill_5x_water,,,
f6e1351abbb0,,65,Tb,3,CCCCCCn1c(-c2ccccc2)c(-c2ccccc2)c2cc3ccc4cc5c(-c6ccccc6)c(-c6ccccc6)n(CCCCCC)c(=O)c5nc4c3nc2c1=O,CCCCCCn1c(-c2ccccc2)c(-c2ccccc2)c2cc3ccc4cc5c(-c6ccccc6)c(-c6ccccc6)n(CCCCCC)c(=O)c5nc4c3nc2c1=O,"[6, 43, 51, 53, 56, 59]","[""N(aromatic)"", ""N(aromatic)"", ""O(amide_carbonyl)"", ""N(aromatic)"", ""N(aromatic)"", ""O(amide_carbonyl)""]",6,8,1,nitrate,nitrate,2,65|CCCCCCn1c(-c2ccccc2)c(-c2ccccc2)c2cc3ccc4cc5c(-c6ccccc6)c(-c6ccccc6)n(CCCCCC)c(=O)c5nc4c3nc2c1=O|nitrate,1,1,acid_class=nitrate|acid_strength_bin=medium|nitrate_activity=medium|pH_bin=missing|diluent_family=chlorinated|modifier_class=none|temperature_bin=ambient|contact_time_bin=missing|shaking_time_bin=missing|phase_ratio_bin=missing,0.9,0.9,25.0,25.0,planned,fill_4x_nitrate,,,
a6e2f5bc31e8,,65,Tb,3,CCCCCCn1c(-c2ccccc2)c(-c2ccccc2)c2cc3ccc4cc5c(-c6ccccc6)c(-c6ccccc6)n(CCCCCC)c(=O)c5nc4c3nc2c1=O,CCCCCCn1c(-c2ccccc2)c(-c2ccccc2)c2cc3ccc4cc5c(-c6ccccc6)c(-c6ccccc6)n(CCCCCC)c(=O)c5nc4c3nc2c1=O,"[6, 43, 51, 53, 56, 59]","[""N(aromatic)"", ""N(aromatic)"", ""O(amide_carbonyl)"", ""N(aromatic)"", ""N(aromatic)"", ""O(amide_carbonyl)""]",6,8,1,water,water,2,65|CCCCCCn1c(-c2ccccc2)c(-c2ccccc2)c2cc3ccc4cc5c(-c6ccccc6)c(-c6ccccc6)n(CCCCCC)c(=O)c5nc4c3nc2c1=O|water,1,1,acid_class=chloride|acid_strength_bin=medium|nitrate_activity=none|pH_bin=missing|diluent_family=chlorinated|modifier_class=none|temperature_bin=ambient|contact_time_bin=missing|shaking_time_bin=missing|phase_ratio_bin=missing,0.9,0.9,25.0,25.0,planned,fill_4x_water,,,
b6234ce57a75,,70,Yb,3,CCCCCCn1c(-c2ccccc2)c(-c2ccccc2)c2cc3ccc4cc5c(-c6ccccc6)c(-c6ccccc6)n(CCCCCC)c(=O)c5nc4c3nc2c1=O,CCCCCCn1c(-c2ccccc2)c(-c2ccccc2)c2cc3ccc4cc5c(-c6ccccc6)c(-c6ccccc6)n(CCCCCC)c(=O)c5nc4c3nc2c1=O,"[6, 43, 51, 53, 56, 59]","[""N(aromatic)"", ""N(aromatic)"", ""O(amide_carbonyl)"", ""N(aromatic)"", ""N(aromatic)"", ""O(amide_carbonyl)""]",6,8,1,nitrate,nitrate,2,70|CCCCCCn1c(-c2ccccc2)c(-c2ccccc2)c2cc3ccc4cc5c(-c6ccccc6)c(-c6ccccc6)n(CCCCCC)c(=O)c5nc4c3nc2c1=O|nitrate,1,1,acid_class=nitrate|acid_strength_bin=medium|nitrate_activity=medium|pH_bin=missing|diluent_family=chlorinated|modifier_class=none|temperature_bin=ambient|contact_time_bin=missing|shaking_time_bin=missing|phase_ratio_bin=missing,0.9,0.9,25.0,25.0,planned,fill_4x_nitrate,,,
9fc207440e89,,69,Tm,3,CCCCCCn1c(-c2ccccc2)c(-c2ccccc2)c2cc3ccc4cc5c(-c6ccccc6)c(-c6ccccc6)n(CCCCCC)c(=O)c5nc4c3nc2c1=O,CCCCCCn1c(-c2ccccc2)c(-c2ccccc2)c2cc3ccc4cc5c(-c6ccccc6)c(-c6ccccc6)n(CCCCCC)c(=O)c5nc4c3nc2c1=O,"[6, 43, 51, 53, 56, 59]","[""N(aromatic)"", ""N(aromatic)"", ""O(amide_carbonyl)"", ""N(aromatic)"", ""N(aromatic)"", ""O(amide_carbonyl)""]",6,8,1,nitrate,nitrate,2,69|CCCCCCn1c(-c2ccccc2)c(-c2ccccc2)c2cc3ccc4cc5c(-c6ccccc6)c(-c6ccccc6)n(CCCCCC)c(=O)c5nc4c3nc2c1=O|nitrate,1,1,acid_class=nitrate|acid_strength_bin=medium|nitrate_activity=medium|pH_bin=missing|diluent_family=chlorinated|modifier_class=none|temperature_bin=ambient|contact_time_bin=missing|shaking_time_bin=missing|phase_ratio_bin=missing,0.9,0.9,25.0,25.0,planned,fill_4x_nitrate,,,
a0aa0701cbf7,,70,Yb,3,CCCCCCn1c(-c2ccccc2)c(-c2ccccc2)c2cc3ccc4cc5c(-c6ccccc6)c(-c6ccccc6)n(CCCCCC)c(=O)c5nc4c3nc2c1=O,CCCCCCn1c(-c2ccccc2)c(-c2ccccc2)c2cc3ccc4cc5c(-c6ccccc6)c(-c6ccccc6)n(CCCCCC)c(=O)c5nc4c3nc2c1=O,"[6, 43, 51, 53, 56, 59]","[""N(aromatic)"", ""N(aromatic)"", ""O(amide_carbonyl)"", ""N(aromatic)"", ""N(aromatic)"", ""O(amide_carbonyl)""]",6,8,1,water,water,2,70|CCCCCCn1c(-c2ccccc2)c(-c2ccccc2)c2cc3ccc4cc5c(-c6ccccc6)c(-c6ccccc6)n(CCCCCC)c(=O)c5nc4c3nc2c1=O|water,1,1,acid_class=chloride|acid_strength_bin=medium|nitrate_activity=none|pH_bin=missing|diluent_family=chlorinated|modifier_class=none|temperature_bin=ambient|contact_time_bin=missing|shaking_time_bin=missing|phase_ratio_bin=missing,0.9,0.9,25.0,25.0,planned,fill_4x_water,,,
b6783a4dd86e,,69,Tm,3,CCCCCCn1c(-c2ccccc2)c(-c2ccccc2)c2cc3ccc4cc5c(-c6ccccc6)c(-c6ccccc6)n(CCCCCC)c(=O)c5nc4c3nc2c1=O,CCCCCCn1c(-c2ccccc2)c(-c2ccccc2)c2cc3ccc4cc5c(-c6ccccc6)c(-c6ccccc6)n(CCCCCC)c(=O)c5nc4c3nc2c1=O,"[6, 43, 51, 53, 56, 59]","[""N(aromatic)"", ""N(aromatic)"", ""O(amide_carbonyl)"", ""N(aromatic)"", ""N(aromatic)"", ""O(amide_carbonyl)""]",6,8,1,water,water,2,69|CCCCCCn1c(-c2ccccc2)c(-c2ccccc2)c2cc3ccc4cc5c(-c6ccccc6)c(-c6ccccc6)n(CCCCCC)c(=O)c5nc4c3nc2c1=O|water,1,1,acid_class=chloride|acid_strength_bin=medium|nitrate_activity=none|pH_bin=missing|diluent_family=chlorinated|modifier_class=none|temperature_bin=ambient|contact_time_bin=missing|shaking_time_bin=missing|phase_ratio_bin=missing,0.9,0.9,25.0,25.0,planned,fill_4x_water,,,
