build_id,reference,Atomic Number_metal,metal_symbol,metal_ox,SMILES_FOR_ARCHITECTOR,COORDLIST,DONOR_TYPES,DENTATE,coreCN,n_ligs,inner_sphere_anion,fill_ligand,n_fill,xyz_path,mol2_path,sdf_path,energy_eV,status,note,qc_status,smiles_for_architector_original,smiles_for_architector_used,simplified_ligand,xyz_exists,xyz_ok,observed_cn,donor_count_sig,near_donor_distances,max_near_donor_dist,min_near_donor_dist,cn_matches_coreCN,qc_note
d35fe5d1f27d,,65,Tb,3,CN(C(=O)c1cccc(C(=O)N(C)c2ccccc2)n1)c1ccccc1,"[3, 10, 19]","[""O(amide_carbonyl)"", ""O(amide_carbonyl)"", ""N(aromatic)""]",3,8,2,nitrate,nitrate,2,/nfs/home/nshank3/lanthanide_dataset_builder/data/geometries/Tb/Tb_Z65_ox3_CN8_nlig2_nitrate_d35fe5d1f27d.xyz,/nfs/home/nshank3/lanthanide_dataset_builder/data/geometries/Tb/Tb_Z65_ox3_CN8_nlig2_nitrate_d35fe5d1f27d.mol2,,-4318.323557034102,ok,built (standard attempt 1),accepted,CN(C(=O)c1cccc(C(=O)N(C)c2ccccc2)n1)c1ccccc1,CN(C(=O)c1cccc(C(=O)N(C)c2ccccc2)n1)c1ccccc1,False,True,True,9,"N3,O6","94:O:2.09,93:O:2.12,49:O:2.17,4:O:2.22,56:O:2.25,11:O:2.46,91:N:2.47,65:N:2.52,20:N:2.61",2.612426540451481,2.092109470163605,False,ok
d8f03e96fe54,,65,Tb,3,CCCCCCCCN(CCCCCCCC)C(=O)c1ccc2ccc3ccc(C(=O)N(CCCCCCCC)CCCCCCCC)nc3c2n1,"[18, 30, 48, 51]","[""O(amide_carbonyl)"", ""O(amide_carbonyl)"", ""N(aromatic)"", ""N(aromatic)""]",4,8,2,water,water,0,/nfs/home/nshank3/lanthanide_dataset_builder/data/geometries/Tb/Tb_Z65_ox3_CN8_nlig2_water_d8f03e96fe54.xyz,/nfs/home/nshank3/lanthanide_dataset_builder/data/geometries/Tb/Tb_Z65_ox3_CN8_nlig2_water_d8f03e96fe54.mol2,,-8500.551728571601,ok,built (standard attempt 1),accepted,CCCCCCCCN(CCCCCCCC)C(=O)c1ccc2ccc3ccc(C(=O)N(CCCCCCCC)CCCCCCCC)nc3c2n1,CCCCCCCCN(CCCCCCCC)C(=O)c1ccc2ccc3ccc(C(=O)N(CCCCCCCC)CCCCCCCC)nc3c2n1,False,True,True,8,"N4,O4","19:O:2.23,145:O:2.34,52:N:2.43,178:N:2.45,175:N:2.50,31:O:2.50,49:N:2.51,157:O:2.55",2.547698158406622,2.226201664135244,True,ok
6afca3f27250,,63,Eu,3,CCCCCCCCN(CCCCCCCC)C(=O)C(C)OC(C)C(=O)N(CCCCCCCC)CCCCCCCC,"[18, 21, 25]","[""O(amide_carbonyl)"", ""O(ether)"", ""O(amide_carbonyl)""]",3,9,3,nitrate,nitrate,0,/nfs/home/nshank3/lanthanide_dataset_builder/data/geometries/Eu/Eu_Z63_ox3_CN9_nlig3_nitrate_6afca3f27250.xyz,/nfs/home/nshank3/lanthanide_dataset_builder/data/geometries/Eu/Eu_Z63_ox3_CN9_nlig3_nitrate_6afca3f27250.mol2,,-11290.356095012212,ok,built (standard attempt 1),accepted,CCCCCCCCN(CCCCCCCC)C(=O)C(C)OC(C)C(=O)N(CCCCCCCC)CCCCCCCC,CCCCCCCCN(CCCCCCCC)C(=O)C(C)OC(C)C(=O)N(CCCCCCCC)CCCCCCCC,False,True,True,9,O9,"264:O:2.24,26:O:2.38,145:O:2.39,141:O:2.61,22:O:2.69,260:O:2.71,138:O:2.72,19:O:2.90,257:O:2.91",2.910325793042505,2.242485168359951,True,ok
22aac70a342d,,59,Pr,3,CN(C(=O)CC(=O)N(C)c1ccccc1)c1ccccc1,"[3, 6]","[""O(amide_carbonyl)"", ""O(amide_carbonyl)""]",2,9,4,nitrate,nitrate,1,/nfs/home/nshank3/lanthanide_dataset_builder/data/geometries/Pr/Pr_Z59_ox3_CN9_nlig4_nitrate_22aac70a342d.xyz,/nfs/home/nshank3/lanthanide_dataset_builder/data/geometries/Pr/Pr_Z59_ox3_CN9_nlig4_nitrate_22aac70a342d.mol2,,-6628.138265919665,ok,built (standard attempt 1),accepted,CN(C(=O)CC(=O)N(C)c1ccccc1)c1ccccc1,CN(C(=O)CC(=O)N(C)c1ccccc1)c1ccccc1,False,True,True,9,O9,"124:O:2.38,82:O:2.39,43:O:2.40,4:O:2.41,121:O:2.42,85:O:2.42,46:O:2.43,7:O:2.44,157:O:2.79",2.7943364564012803,2.3786598140125603,True,ok
0b18d18633b1,,62,Sm,3,CCCCCCCCN(C)C(=O)C(CCOCCCCCC)C(=O)N(C)CCCCCCCC,"[11, 15, 23]","[""O(amide_carbonyl)"", ""O(ether)"", ""O(amide_carbonyl)""]",3,9,3,nitrate,nitrate,0,/nfs/home/nshank3/lanthanide_dataset_builder/data/geometries/Sm/Sm_Z62_ox3_CN9_nlig3_nitrate_0b18d18633b1.xyz,/nfs/home/nshank3/lanthanide_dataset_builder/data/geometries/Sm/Sm_Z62_ox3_CN9_nlig3_nitrate_0b18d18633b1.mol2,,-8965.4061524049,ok,built (standard attempt 1),accepted,CCCCCCCCN(C)C(=O)C(CCOCCCCCC)C(=O)N(C)CCCCCCCC,CCCCCCCCN(C)C(=O)C(CCOCCCCCC)C(=O)N(C)CCCCCCCC,False,True,True,9,O9,"208:O:2.34,116:O:2.50,104:O:2.51,200:O:2.57,108:O:2.69,12:O:2.73,196:O:2.83,16:O:2.84,24:O:2.89",2.8853818934129025,2.342803097817242,True,ok
b863767b3d63,,63,Eu,3,CCN(C(=O)c1cccc(-c2cccc(C(=O)N(CC)c3cc(C)ccc3C)n2)n1)c1cc(C)ccc1C,"[4, 16, 28, 29]","[""O(amide_carbonyl)"", ""O(amide_carbonyl)"", ""N(aromatic)"", ""N(aromatic)""]",4,9,2,nitrate,nitrate,1,/nfs/home/nshank3/lanthanide_dataset_builder/data/geometries/Eu/Eu_Z63_ox3_CN9_nlig2_nitrate_b863767b3d63.xyz,/nfs/home/nshank3/lanthanide_dataset_builder/data/geometries/Eu/Eu_Z63_ox3_CN9_nlig2_nitrate_b863767b3d63.mol2,,-5894.978806335115,ok,built (standard attempt 1),accepted,CCN(C(=O)c1cccc(-c2cccc(C(=O)N(CC)c3cc(C)ccc3C)n2)n1)c1cc(C)ccc1C,CCN(C(=O)c1cccc(-c2cccc(C(=O)N(CC)c3cc(C)ccc3C)n2)n1)c1cc(C)ccc1C,False,True,True,9,"N4,O5","89:O:2.19,77:O:2.28,30:N:2.29,101:N:2.30,17:O:2.31,5:O:2.32,102:N:2.33,29:N:2.38,145:O:2.72",2.72444540966344,2.1860701606317874,True,ok
4cbc57f69c3c,,63,Eu,3,CCN(C(=O)c1cccc(-c2cccc(C(=O)N(CC)c3cc(C)cc(C)c3)n2)n1)c1cc(C)cc(C)c1,"[4, 16, 28, 29]","[""O(amide_carbonyl)"", ""O(amide_carbonyl)"", ""N(aromatic)"", ""N(aromatic)""]",4,9,2,nitrate,nitrate,1,/nfs/home/nshank3/lanthanide_dataset_builder/data/geometries/Eu/Eu_Z63_ox3_CN9_nlig2_nitrate_4cbc57f69c3c.xyz,/nfs/home/nshank3/lanthanide_dataset_builder/data/geometries/Eu/Eu_Z63_ox3_CN9_nlig2_nitrate_4cbc57f69c3c.mol2,,-5895.397194245243,ok,built (standard attempt 1),accepted,CCN(C(=O)c1cccc(-c2cccc(C(=O)N(CC)c3cc(C)cc(C)c3)n2)n1)c1cc(C)cc(C)c1,CCN(C(=O)c1cccc(-c2cccc(C(=O)N(CC)c3cc(C)cc(C)c3)n2)n1)c1cc(C)cc(C)c1,False,True,True,9,"N4,O5","5:O:2.14,77:O:2.21,17:O:2.22,89:O:2.25,30:N:2.43,102:N:2.45,101:N:2.46,29:N:2.50,145:O:3.04",3.03503752466023,2.1435268129893146,True,ok
e1b913cafa5c,,65,Tb,3,CCN(C(=O)c1cccc(-c2cccc(C(=O)N(CC)c3ccccc3)n2)n1)c1ccccc1,"[4, 16, 26, 27]","[""O(amide_carbonyl)"", ""O(amide_carbonyl)"", ""N(aromatic)"", ""N(aromatic)""]",4,8,2,nitrate,nitrate,0,/nfs/home/nshank3/lanthanide_dataset_builder/data/geometries/Tb/Tb_Z65_ox3_CN8_nlig2_nitrate_e1b913cafa5c.xyz,/nfs/home/nshank3/lanthanide_dataset_builder/data/geometries/Tb/Tb_Z65_ox3_CN8_nlig2_nitrate_e1b913cafa5c.mol2,,-5065.549971447996,ok,built (standard attempt 1),accepted,CCN(C(=O)c1cccc(-c2cccc(C(=O)N(CC)c3ccccc3)n2)n1)c1ccccc1,CCN(C(=O)c1cccc(-c2cccc(C(=O)N(CC)c3ccccc3)n2)n1)c1ccccc1,False,True,True,8,"N4,O4","65:O:2.20,5:O:2.24,17:O:2.25,27:N:2.37,88:N:2.41,77:O:2.42,28:N:2.47,87:N:2.48",2.483023826196222,2.199600305532283,True,ok
3531ba9d5169,,57,La,3,CCN(C(=O)c1cccc(-c2cccc(C(=O)N(CC)c3cc(C)ccc3C)n2)n1)c1cc(C)ccc1C,"[4, 16, 28, 29]","[""O(amide_carbonyl)"", ""O(amide_carbonyl)"", ""N(aromatic)"", ""N(aromatic)""]",4,9,2,nitrate,nitrate,1,/nfs/home/nshank3/lanthanide_dataset_builder/data/geometries/La/La_Z57_ox3_CN9_nlig2_nitrate_3531ba9d5169.xyz,/nfs/home/nshank3/lanthanide_dataset_builder/data/geometries/La/La_Z57_ox3_CN9_nlig2_nitrate_3531ba9d5169.mol2,,-5897.9188534441,ok,built (standard attempt 1),accepted,CCN(C(=O)c1cccc(-c2cccc(C(=O)N(CC)c3cc(C)ccc3C)n2)n1)c1cc(C)ccc1C,CCN(C(=O)c1cccc(-c2cccc(C(=O)N(CC)c3cc(C)ccc3C)n2)n1)c1cc(C)ccc1C,False,True,True,9,"N4,O5","17:O:2.54,5:O:2.57,89:O:2.57,77:O:2.58,101:N:2.64,30:N:2.65,29:N:2.69,102:N:2.73,145:O:2.75",2.752945776290258,2.5448094764791467,True,ok
4ac6a95798cc,,63,Eu,3,CCc1ccc(N(CC)C(=O)c2ccc3ccc4ccc(C(=O)N(CC)c5ccc(CC)cc5)nc4c3n2)cc1,"[10, 22, 34, 37]","[""O(amide_carbonyl)"", ""O(amide_carbonyl)"", ""N(aromatic)"", ""N(aromatic)""]",4,9,2,nitrate,nitrate,1,/nfs/home/nshank3/lanthanide_dataset_builder/data/geometries/Eu/Eu_Z63_ox3_CN9_nlig2_nitrate_4ac6a95798cc.xyz,/nfs/home/nshank3/lanthanide_dataset_builder/data/geometries/Eu/Eu_Z63_ox3_CN9_nlig2_nitrate_4ac6a95798cc.mol2,,-6129.517392057721,ok,built (standard attempt 1),accepted,CCc1ccc(N(CC)C(=O)c2ccc3ccc4ccc(C(=O)N(CC)c5ccc(CC)cc5)nc4c3n2)cc1,CCc1ccc(N(CC)C(=O)c2ccc3ccc4ccc(C(=O)N(CC)c5ccc(CC)cc5)nc4c3n2)cc1,False,True,True,9,"N4,O5","97:O:2.25,11:O:2.27,109:N:2.30,38:N:2.32,23:O:2.34,35:N:2.37,85:O:2.39,112:N:2.43,149:O:2.80",2.7993721413097234,2.250794464501657,True,ok
25e2506fda2c,,68,Er,3,CCc1ccc(N(CC)C(=O)c2ccc3ccc4ccc(C(=O)N(CC)c5ccc(CC)cc5)nc4c3n2)cc1,"[10, 22, 34, 37]","[""O(amide_carbonyl)"", ""O(amide_carbonyl)"", ""N(aromatic)"", ""N(aromatic)""]",4,8,2,nitrate,nitrate,0,/nfs/home/nshank3/lanthanide_dataset_builder/data/geometries/Er/Er_Z68_ox3_CN8_nlig2_nitrate_25e2506fda2c.xyz,/nfs/home/nshank3/lanthanide_dataset_builder/data/geometries/Er/Er_Z68_ox3_CN8_nlig2_nitrate_25e2506fda2c.mol2,,-5988.527033711662,ok,built (standard attempt 1),accepted,CCc1ccc(N(CC)C(=O)c2ccc3ccc4ccc(C(=O)N(CC)c5ccc(CC)cc5)nc4c3n2)cc1,CCc1ccc(N(CC)C(=O)c2ccc3ccc4ccc(C(=O)N(CC)c5ccc(CC)cc5)nc4c3n2)cc1,False,True,True,8,"N4,O4","85:O:2.12,11:O:2.26,23:O:2.38,38:N:2.40,112:N:2.43,97:O:2.44,35:N:2.45,109:N:2.59",2.5871236916088574,2.1190345682784844,True,ok
ee16c94c1ba9,,59,Pr,3,O=C(O)CN(CCO)CCN(CC(=O)O)CC(=O)O,"[0, 2, 4, 7, 10, 13, 14, 17]","[""O(ester_carbonyl)"", ""O(hydroxyl)"", ""N(amine)"", ""O(hydroxyl)"", ""N(amine)"", ""O(ester_carbonyl)"", ""O(hydroxyl)"", ""O(ester_carbonyl)""]",8,9,1,nitrate,nitrate,1,/nfs/home/nshank3/lanthanide_dataset_builder/data/geometries/Pr/Pr_Z59_ox3_CN9_nlig1_nitrate_ee16c94c1ba9.xyz,/nfs/home/nshank3/lanthanide_dataset_builder/data/geometries/Pr/Pr_Z59_ox3_CN9_nlig1_nitrate_ee16c94c1ba9.mol2,,-1899.635245713774,ok,built (standard attempt 1),accepted,O=C(O)CN(CCO)CCN(CC(=O)O)CC(=O)O,O=C(O)CN(CCO)CCN(CC(=O)O)CC(=O)O,False,True,True,7,"N2,O5","1:O:2.21,14:O:2.22,18:O:2.24,5:N:2.49,8:O:2.49,11:N:2.56,38:O:2.77",2.7690511573815106,2.205655889796163,False,ok
7810eaa2122a,,71,Lu,3,CCN(C(=O)c1cccc(C(=O)N(CC)c2ccc(C)cc2)n1)c1ccc(C)cc1,"[4, 11, 22]","[""O(amide_carbonyl)"", ""O(amide_carbonyl)"", ""N(aromatic)""]",3,8,2,nitrate,nitrate,2,/nfs/home/nshank3/lanthanide_dataset_builder/data/geometries/Lu/Lu_Z71_ox3_CN8_nlig2_nitrate_7810eaa2122a.xyz,/nfs/home/nshank3/lanthanide_dataset_builder/data/geometries/Lu/Lu_Z71_ox3_CN8_nlig2_nitrate_7810eaa2122a.mol2,,-5006.175201602094,ok,built (standard attempt 1),accepted,CCN(C(=O)c1cccc(C(=O)N(CC)c2ccc(C)cc2)n1)c1ccc(C)cc1,CCN(C(=O)c1cccc(C(=O)N(CC)c2ccc(C)cc2)n1)c1ccc(C)cc1,False,True,True,9,"N3,O6","5:O:2.01,69:O:2.07,62:O:2.10,118:O:2.14,80:N:2.20,117:O:2.21,12:O:2.40,23:N:2.48,115:N:2.54",2.5391214380631117,2.0088737856497705,False,ok
e390a47c8764,,60,Nd,3,CCN(C(=O)c1cccc(C(=O)N(CC)c2ccc(C)cc2)n1)c1ccc(C)cc1,"[4, 11, 22]","[""O(amide_carbonyl)"", ""O(amide_carbonyl)"", ""N(aromatic)""]",3,9,3,nitrate,nitrate,0,/nfs/home/nshank3/lanthanide_dataset_builder/data/geometries/Nd/Nd_Z60_ox3_CN9_nlig3_nitrate_e390a47c8764.xyz,/nfs/home/nshank3/lanthanide_dataset_builder/data/geometries/Nd/Nd_Z60_ox3_CN9_nlig3_nitrate_e390a47c8764.mol2,,-6880.6768820329335,ok,built (standard attempt 1),accepted,CCN(C(=O)c1cccc(C(=O)N(CC)c2ccc(C)cc2)n1)c1ccc(C)cc1,CCN(C(=O)c1cccc(C(=O)N(CC)c2ccc(C)cc2)n1)c1ccc(C)cc1,False,True,True,9,"N3,O6","69:O:2.18,5:O:2.24,62:O:2.24,119:O:2.26,126:O:2.26,12:O:2.28,137:N:2.45,23:N:2.46,80:N:2.47",2.4707126158844344,2.18281828666172,True,ok
4fcd65d35e78,,66,Dy,3,CCCCCCc1ccc(N(CC)C(=O)c2cccc(-c3cccc(C(=O)N(CC)c4ccc(CCCCCC)cc4)n3)n2)cc1,"[14, 26, 42, 43]","[""O(amide_carbonyl)"", ""O(amide_carbonyl)"", ""N(aromatic)"", ""N(aromatic)""]",4,8,2,nitrate,nitrate,0,/nfs/home/nshank3/lanthanide_dataset_builder/data/geometries/Dy/Dy_Z66_ox3_CN8_nlig2_nitrate_4fcd65d35e78.xyz,/nfs/home/nshank3/lanthanide_dataset_builder/data/geometries/Dy/Dy_Z66_ox3_CN8_nlig2_nitrate_4fcd65d35e78.mol2,,-7130.795465125174,ok,built (standard attempt 2),accepted,CCCCCCc1ccc(N(CC)C(=O)c2cccc(-c3cccc(C(=O)N(CC)c4ccc(CCCCCC)cc4)n3)n2)cc1,CCCCCCc1ccc(N(CC)C(=O)c2cccc(-c3cccc(C(=O)N(CC)c4ccc(CCCCCC)cc4)n3)n2)cc1,False,True,True,8,"N4,O4","44:N:2.20,140:N:2.20,15:O:2.20,111:O:2.23,123:O:2.27,27:O:2.29,139:N:2.37,43:N:2.40",2.398378833955816,2.1950696138634744,True,ok
e244e3a88005,,60,Nd,3,CCCCCCCCN(C)C(=O)COCC(=O)N(C)CCCCCCCC,"[11, 13, 16]","[""O(amide_carbonyl)"", ""O(ether)"", ""O(amide_carbonyl)""]",3,9,3,nitrate,nitrate,0,/nfs/home/nshank3/lanthanide_dataset_builder/data/geometries/Nd/Nd_Z60_ox3_CN9_nlig3_nitrate_e244e3a88005.xyz,/nfs/home/nshank3/lanthanide_dataset_builder/data/geometries/Nd/Nd_Z60_ox3_CN9_nlig3_nitrate_e244e3a88005.mol2,,-7158.918272164551,ok,built (standard attempt 1),accepted,CCCCCCCCN(C)C(=O)COCC(=O)N(C)CCCCCCCC,CCCCCCCCN(C)C(=O)COCC(=O)N(C)CCCCCCCC,False,True,True,9,O9,"17:O:2.31,154:O:2.34,159:O:2.38,83:O:2.38,12:O:2.40,88:O:2.42,156:O:2.44,85:O:2.77,14:O:2.83",2.8260415237514276,2.3050353267166996,True,ok
0e14cd9e00e1,,60,Nd,3,CCCCN(C)C(=O)CC(=O)N(C)CCCC,"[7, 10]","[""O(amide_carbonyl)"", ""O(amide_carbonyl)""]",2,9,4,nitrate,nitrate,1,/nfs/home/nshank3/lanthanide_dataset_builder/data/geometries/Nd/Nd_Z60_ox3_CN9_nlig4_nitrate_0e14cd9e00e1.xyz,/nfs/home/nshank3/lanthanide_dataset_builder/data/geometries/Nd/Nd_Z60_ox3_CN9_nlig4_nitrate_0e14cd9e00e1.mol2,,-6144.112311340452,ok,built (standard attempt 1),accepted,CCCCN(C)C(=O)CC(=O)N(C)CCCC,CCCCN(C)C(=O)CC(=O)N(C)CCCC,False,True,True,9,O9,"140:O:2.33,137:O:2.39,97:O:2.40,11:O:2.44,54:O:2.49,94:O:2.50,8:O:2.51,51:O:2.52,173:O:2.73",2.7292121687804456,2.3347975475465437,True,ok
76f5e8b1cf36,,68,Er,3,CCCCCCCCN(CCCCCCCC)C(=O)CC(=O)N(CCCCCCCC)CCCCCCCC,"[18, 21]","[""O(amide_carbonyl)"", ""O(amide_carbonyl)""]",2,8,4,nitrate,nitrate,0,/nfs/home/nshank3/lanthanide_dataset_builder/data/geometries/Er/Er_Z68_ox3_CN8_nlig4_nitrate_76f5e8b1cf36.xyz,/nfs/home/nshank3/lanthanide_dataset_builder/data/geometries/Er/Er_Z68_ox3_CN8_nlig4_nitrate_76f5e8b1cf36.mol2,,-13578.59648399918,ok,built (standard attempt 1),accepted,CCCCCCCCN(CCCCCCCC)C(=O)CC(=O)N(CCCCCCCC)CCCCCCCC,CCCCCCCCN(CCCCCCCC)C(=O)CC(=O)N(CCCCCCCC)CCCCCCCC,False,True,True,8,O8,"131:O:2.19,240:O:2.26,346:O:2.36,22:O:2.38,19:O:2.59,349:O:2.80,128:O:2.80,237:O:2.82",2.8175597687758716,2.1851375983327475,True,ok
c6207e834de5,,60,Nd,3,CCCCCCN(C)C(=O)CC(=O)N(C)CCCCCC,"[9, 12]","[""O(amide_carbonyl)"", ""O(amide_carbonyl)""]",2,9,4,nitrate,nitrate,1,/nfs/home/nshank3/lanthanide_dataset_builder/data/geometries/Nd/Nd_Z60_ox3_CN9_nlig4_nitrate_c6207e834de5.xyz,/nfs/home/nshank3/lanthanide_dataset_builder/data/geometries/Nd/Nd_Z60_ox3_CN9_nlig4_nitrate_c6207e834de5.mol2,,-7521.761874737357,ok,built (standard attempt 1),accepted,CCCCCCN(C)C(=O)CC(=O)N(C)CCCCCC,CCCCCCN(C)C(=O)CC(=O)N(C)CCCCCC,False,True,True,9,O9,"178:O:2.35,123:O:2.35,175:O:2.38,13:O:2.40,65:O:2.46,120:O:2.46,68:O:2.50,10:O:2.53,221:O:2.69",2.693111658439284,2.348607835486705,True,ok
b4b96a003a01,,65,Tb,3,CCCCCCCCN(C)C(=O)C(CCCCCC)C(=O)N(C)CCCCCCCC,"[11, 20]","[""O(amide_carbonyl)"", ""O(amide_carbonyl)""]",2,8,4,nitrate,nitrate,0,/nfs/home/nshank3/lanthanide_dataset_builder/data/geometries/Tb/Tb_Z65_ox3_CN8_nlig4_nitrate_b4b96a003a01.xyz,/nfs/home/nshank3/lanthanide_dataset_builder/data/geometries/Tb/Tb_Z65_ox3_CN8_nlig4_nitrate_b4b96a003a01.mol2,,-10823.48868807022,ok,built (standard attempt 1),accepted,CCCCCCCCN(C)C(=O)C(CCCCCC)C(=O)N(C)CCCCCCCC,CCCCCCCCN(C)C(=O)C(CCCCCC)C(=O)N(C)CCCCCCCC,False,True,True,7,O7,"106:O:2.38,12:O:2.38,276:O:2.58,191:O:2.72,267:O:2.74,182:O:3.00,97:O:3.02",3.0216520749142726,2.3775896814298787,False,ok
95a1bbb26c49,,64,Gd,3,CC1(C)CCC(C)(C)c2nc(-c3cccc(-c4cccc(-c5nnc6c(n5)C(C)(C)CCC6(C)C)n4)n3)nnc21,"[9, 22, 23, 26, 35, 36, 37, 38]","[""N(aromatic)"", ""N(aromatic)"", ""N(aromatic)"", ""N(aromatic)"", ""N(aromatic)"", ""N(aromatic)"", ""N(aromatic)"", ""N(aromatic)""]",8,9,1,nitrate,nitrate,1,/nfs/home/nshank3/lanthanide_dataset_builder/data/geometries/Gd/Gd_Z64_ox3_CN9_nlig1_nitrate_95a1bbb26c49.xyz,/nfs/home/nshank3/lanthanide_dataset_builder/data/geometries/Gd/Gd_Z64_ox3_CN9_nlig1_nitrate_95a1bbb26c49.mol2,,-3160.6554449037576,ok,built (standard attempt 1),accepted,CC1(C)CCC(C)(C)c2nc(-c3cccc(-c4cccc(-c5nnc6c(n5)C(C)(C)CCC6(C)C)n4)n3)nnc21,CC1(C)CCC(C)(C)c2nc(-c3cccc(-c4cccc(-c5nnc6c(n5)C(C)(C)CCC6(C)C)n4)n3)nnc21,False,True,True,7,"N6,O1","23:N:2.18,38:N:2.26,24:N:2.44,79:O:2.59,36:N:2.59,37:N:2.59,39:N:3.09",3.094914770138365,2.1844601227015783,False,ok
4e8cb6ac0b5c,,57,La,3,CCCCCCCCP(=O)(CC(=O)N(CC(C)C)CC(C)C)c1ccccc1,"[9, 12]","[""O(ether)"", ""O(amide_carbonyl)""]",2,9,4,nitrate,nitrate,1,/nfs/home/nshank3/lanthanide_dataset_builder/data/geometries/La/La_Z57_ox3_CN9_nlig4_nitrate_4e8cb6ac0b5c.xyz,/nfs/home/nshank3/lanthanide_dataset_builder/data/geometries/La/La_Z57_ox3_CN9_nlig4_nitrate_4e8cb6ac0b5c.mol2,,-9559.76107986782,ok,built (standard attempt 1),accepted,CCCCCCCCP(=O)(CC(=O)N(CC(C)C)CC(C)C)c1ccccc1,CCCCCCCCP(=O)(CC(=O)N(CC(C)C)CC(C)C)c1ccccc1,False,True,True,9,O9,"150:O:2.36,13:O:2.46,10:O:2.47,80:O:2.48,153:O:2.52,220:O:2.59,223:O:2.66,83:O:2.89,281:O:2.89",2.8930575837782175,2.360246239867922,True,ok
b27655c8eeb9,,60,Nd,3,CCCCCCN(CCC(C)CCC=C(C)C)C(=O)COCC(=O)N(CCCCCC)CCC(C)CCC=C(C)C,"[18, 20, 23]","[""O(amide_carbonyl)"", ""O(ether)"", ""O(amide_carbonyl)""]",3,9,3,water,water,0,/nfs/home/nshank3/lanthanide_dataset_builder/data/geometries/Nd/Nd_Z60_ox3_CN9_nlig3_water_b27655c8eeb9.xyz,/nfs/home/nshank3/lanthanide_dataset_builder/data/geometries/Nd/Nd_Z60_ox3_CN9_nlig3_water_b27655c8eeb9.mol2,,-10602.530263887556,ok,built (standard attempt 2),accepted,CCCCCCN(CCC(C)CCC=C(C)C)C(=O)COCC(=O)N(CCCCCC)CCC(C)CCC=C(C)C,CCCCCCN(CCC(C)CCC=C(C)C)C(=O)COCC(=O)N(CCCCCC)CCC(C)CCC=C(C)C,False,True,True,9,O9,"19:O:2.28,237:O:2.32,128:O:2.35,133:O:2.53,242:O:2.59,239:O:2.68,21:O:2.69,24:O:2.71,130:O:3.00",3.0000713285187635,2.2822093710076246,True,ok
5bb30e928269,,69,Tm,3,CCCCCCCCCCCCN(CCCCCCCCCCCC)C(=O)COC1CCCN(CCCCCC)C1=O,"[26, 28, 41]","[""O(amide_carbonyl)"", ""O(ether)"", ""O(amide_carbonyl)""]",3,8,2,nitrate,nitrate,2,/nfs/home/nshank3/lanthanide_dataset_builder/data/geometries/Tm/Tm_Z69_ox3_CN8_nlig2_nitrate_5bb30e928269.xyz,/nfs/home/nshank3/lanthanide_dataset_builder/data/geometries/Tm/Tm_Z69_ox3_CN8_nlig2_nitrate_5bb30e928269.mol2,,-7721.222515653614,ok,built (standard attempt 1),accepted,CCCCCCCCCCCCN(CCCCCCCCCCCC)C(=O)COC1CCCN(CCCCCC)C1=O,CCCCCCCCCCCCN(CCCCCCCCCCCC)C(=O)COC1CCCN(CCCCCC)C1=O,False,True,True,9,"N1,O8","231:O:2.11,232:O:2.12,27:O:2.16,156:O:2.20,42:O:2.42,229:N:2.48,141:O:2.72,143:O:2.76,29:O:2.79",2.7935505780172893,2.1101113239307305,False,ok
7c6902521d28,,68,Er,3,CCCCCCN(CCC(C)CCCC(C)C)C(=O)COCC(=O)N(CCCCCC)CCC(C)CCCC(C)C,"[18, 20, 23]","[""O(amide_carbonyl)"", ""O(ether)"", ""O(amide_carbonyl)""]",3,8,2,water,water,2,/nfs/home/nshank3/lanthanide_dataset_builder/data/geometries/Er/Er_Z68_ox3_CN8_nlig2_water_7c6902521d28.xyz,/nfs/home/nshank3/lanthanide_dataset_builder/data/geometries/Er/Er_Z68_ox3_CN8_nlig2_water_7c6902521d28.mol2,,-7457.905184439068,ok,built (standard attempt 1),accepted,CCCCCCN(CCC(C)CCCC(C)C)C(=O)COCC(=O)N(CCCCCC)CCC(C)CCCC(C)C,CCCCCCN(CCC(C)CCCC(C)C)C(=O)COCC(=O)N(CCCCCC)CCC(C)CCCC(C)C,False,True,True,8,O8,"137:O:2.13,24:O:2.19,132:O:2.32,21:O:2.49,227:O:2.50,134:O:2.52,230:O:2.61,19:O:2.67",2.6710567883063714,2.131068833202328,True,ok
8ec3e5cffd20,,60,Nd,3,CCCCCCCCP(=O)(CCCCCCCC)Cc1cccc(CP(=O)(CCCCCCCC)CCCCCCCC)[n+]1[O-],"[9, 26, 44]","[""O(ether)"", ""O(ether)"", ""O(ether)""]",3,9,3,nitrate,nitrate,0,/nfs/home/nshank3/lanthanide_dataset_builder/data/geometries/Nd/Nd_Z60_ox3_CN9_nlig3_nitrate_8ec3e5cffd20.xyz,/nfs/home/nshank3/lanthanide_dataset_builder/data/geometries/Nd/Nd_Z60_ox3_CN9_nlig3_nitrate_8ec3e5cffd20.mol2,,-11602.320888333928,ok,built (standard attempt 2),accepted,CCCCCCCCP(=O)(CCCCCCCC)Cc1cccc(CP(=O)(CCCCCCCC)CCCCCCCC)[n+]1[O-],CCCCCCCCP(=O)(CCCCCCCC)Cc1cccc(CP(=O)(CCCCCCCC)CCCCCCCC)[n+]1[O-],False,True,True,8,O8,"165:O:2.26,267:O:2.27,130:O:2.39,285:O:2.42,10:O:2.43,27:O:2.45,45:O:2.57,250:O:2.58",2.577459961050848,2.263199686194261,False,ok
f0c8355b615c,,70,Yb,3,CCCCCCCCP(=O)(CCCCCCCC)Cc1cccc(CP(=O)(CCCCCCCC)CCCCCCCC)[n+]1[O-],"[9, 26, 44]","[""O(ether)"", ""O(ether)"", ""O(ether)""]",3,8,2,nitrate,nitrate,2,/nfs/home/nshank3/lanthanide_dataset_builder/data/geometries/Yb/Yb_Z70_ox3_CN8_nlig2_nitrate_f0c8355b615c.xyz,/nfs/home/nshank3/lanthanide_dataset_builder/data/geometries/Yb/Yb_Z70_ox3_CN8_nlig2_nitrate_f0c8355b615c.mol2,,-8155.870131459875,ok,built (standard attempt 1),accepted,CCCCCCCCP(=O)(CCCCCCCC)Cc1cccc(CP(=O)(CCCCCCCC)CCCCCCCC)[n+]1[O-],CCCCCCCCP(=O)(CCCCCCCC)Cc1cccc(CP(=O)(CCCCCCCC)CCCCCCCC)[n+]1[O-],False,True,True,9,"N1,O8","243:O:2.09,147:O:2.20,130:O:2.22,244:O:2.24,165:O:2.28,45:O:2.28,10:O:2.30,241:N:2.52,27:O:2.56",2.5556250377095266,2.089731867063684,False,ok
daa93503e260,,58,Ce,3,CCCCCCCCN(CCCCCCCC)C(=O)COCC(=O)N(CCCCCCCC)CCCCCCCC,"[18, 20, 23]","[""O(amide_carbonyl)"", ""O(ether)"", ""O(amide_carbonyl)""]",3,9,3,nitrate,nitrate,0,/nfs/home/nshank3/lanthanide_dataset_builder/data/geometries/Ce/Ce_Z58_ox3_CN9_nlig3_nitrate_daa93503e260.xyz,/nfs/home/nshank3/lanthanide_dataset_builder/data/geometries/Ce/Ce_Z58_ox3_CN9_nlig3_nitrate_daa93503e260.mol2,,-10774.688363049005,ok,built (standard attempt 1),accepted,CCCCCCCCN(CCCCCCCC)C(=O)COCC(=O)N(CCCCCCCC)CCCCCCCC,CCCCCCCCN(CCCCCCCC)C(=O)COCC(=O)N(CCCCCCCC)CCCCCCCC,False,True,True,9,O9,"19:O:2.32,132:O:2.39,245:O:2.40,250:O:2.44,137:O:2.59,24:O:2.62,247:O:2.72,134:O:2.73,21:O:2.82",2.817771918013228,2.3211485008098602,True,ok
f08b024abf27,,60,Nd,3,CCCCCCCCCCN(CCCCCCCCCC)C(=O)C(C)OC(C)C(=O)N(CCCCCCCCCC)CCCCCCCCCC,"[22, 25, 29]","[""O(amide_carbonyl)"", ""O(ether)"", ""O(amide_carbonyl)""]",3,9,3,nitrate,nitrate,0,/nfs/home/nshank3/lanthanide_dataset_builder/data/geometries/Nd/Nd_Z60_ox3_CN9_nlig3_nitrate_f08b024abf27.xyz,/nfs/home/nshank3/lanthanide_dataset_builder/data/geometries/Nd/Nd_Z60_ox3_CN9_nlig3_nitrate_f08b024abf27.mol2,,-13356.66350126614,ok,built (standard attempt 1),accepted,CCCCCCCCCCN(CCCCCCCCCC)C(=O)C(C)OC(C)C(=O)N(CCCCCCCCCC)CCCCCCCCCC,CCCCCCCCCCN(CCCCCCCCCC)C(=O)C(C)OC(C)C(=O)N(CCCCCCCCCC)CCCCCCCCCC,False,True,True,8,O8,"23:O:2.10,173:O:2.14,316:O:2.48,169:O:2.66,166:O:2.72,312:O:2.74,309:O:2.87,30:O:2.87",2.8740087189311327,2.096713147622172,False,ok
55e629e17e99,,68,Er,3,CCCCCCCCCCN(CCCCCCCCCC)C(=O)COCC(=O)N(CCCCCC)CCCCCC,"[22, 24, 27]","[""O(amide_carbonyl)"", ""O(ether)"", ""O(amide_carbonyl)""]",3,8,2,nitrate,nitrate,2,/nfs/home/nshank3/lanthanide_dataset_builder/data/geometries/Er/Er_Z68_ox3_CN8_nlig2_nitrate_55e629e17e99.xyz,/nfs/home/nshank3/lanthanide_dataset_builder/data/geometries/Er/Er_Z68_ox3_CN8_nlig2_nitrate_55e629e17e99.mol2,,-7605.352190918014,ok,built (standard attempt 1),accepted,CCCCCCCCCCN(CCCCCCCCCC)C(=O)COCC(=O)N(CCCCCC)CCCCCC,CCCCCCCCCCN(CCCCCCCCCC)C(=O)COCC(=O)N(CCCCCC)CCCCCC,False,True,True,9,"N1,O8","229:O:2.07,230:O:2.19,28:O:2.20,141:O:2.26,136:O:2.41,23:O:2.42,227:N:2.44,138:O:2.47,25:O:2.72",2.7162134791854635,2.0695344559292463,False,ok
b626912f120c,,70,Yb,3,CCCCCCCCN(CCCCCCCC)C(=O)COCC(=O)N(CCCCCCCC)CCCCCCCC,"[18, 20, 23]","[""O(amide_carbonyl)"", ""O(ether)"", ""O(amide_carbonyl)""]",3,8,2,nitrate,nitrate,2,/nfs/home/nshank3/lanthanide_dataset_builder/data/geometries/Yb/Yb_Z70_ox3_CN8_nlig2_nitrate_b626912f120c.xyz,/nfs/home/nshank3/lanthanide_dataset_builder/data/geometries/Yb/Yb_Z70_ox3_CN8_nlig2_nitrate_b626912f120c.mol2,,-7604.615653180757,ok,built (standard attempt 1),accepted,CCCCCCCCN(CCCCCCCC)C(=O)COCC(=O)N(CCCCCCCC)CCCCCCCC,CCCCCCCCN(CCCCCCCC)C(=O)COCC(=O)N(CCCCCCCC)CCCCCCCC,False,True,True,9,"N1,O8","229:O:2.09,230:O:2.20,137:O:2.20,24:O:2.22,132:O:2.24,19:O:2.26,227:N:2.40,134:O:2.60,21:O:2.66",2.661462758413735,2.089183705761394,False,ok
f0368514bd3f,,63,Eu,3,CCCCCCCCN(CCCCCCCC)C(=O)COC(C)C(=O)N(CCCCCCCC)CCCCCCCC,"[18, 20, 24]","[""O(amide_carbonyl)"", ""O(ether)"", ""O(amide_carbonyl)""]",3,9,3,water,water,0,/nfs/home/nshank3/lanthanide_dataset_builder/data/geometries/Eu/Eu_Z63_ox3_CN9_nlig3_water_f0368514bd3f.xyz,/nfs/home/nshank3/lanthanide_dataset_builder/data/geometries/Eu/Eu_Z63_ox3_CN9_nlig3_water_f0368514bd3f.mol2,,-11033.096128802868,ok,built (standard attempt 1),accepted,CCCCCCCCN(CCCCCCCC)C(=O)COC(C)C(=O)N(CCCCCCCC)CCCCCCCC,CCCCCCCCN(CCCCCCCC)C(=O)COC(C)C(=O)N(CCCCCCCC)CCCCCCCC,False,True,True,9,O9,"251:O:2.25,19:O:2.34,25:O:2.38,141:O:2.46,21:O:2.62,253:O:2.63,135:O:2.71,137:O:2.77,257:O:2.80",2.7998139950739476,2.2459380792735417,True,ok
cac084a0d563,,57,La,3,CCCCCCCCN(CCCCCCCC)C(=O)COCC(=O)N(CCCCCCCC)CCCCCCCC,"[18, 20, 23]","[""O(amide_carbonyl)"", ""O(ether)"", ""O(amide_carbonyl)""]",3,9,3,water,water,0,/nfs/home/nshank3/lanthanide_dataset_builder/data/geometries/La/La_Z57_ox3_CN9_nlig3_water_cac084a0d563.xyz,/nfs/home/nshank3/lanthanide_dataset_builder/data/geometries/La/La_Z57_ox3_CN9_nlig3_water_cac084a0d563.mol2,,-10778.12609319683,ok,built (standard attempt 1),accepted,CCCCCCCCN(CCCCCCCC)C(=O)COCC(=O)N(CCCCCCCC)CCCCCCCC,CCCCCCCCN(CCCCCCCC)C(=O)COCC(=O)N(CCCCCCCC)CCCCCCCC,False,True,True,9,O9,"132:O:2.48,19:O:2.50,250:O:2.55,24:O:2.55,245:O:2.68,134:O:2.72,247:O:2.74,137:O:2.77,21:O:2.84",2.840688906049091,2.483214183949404,True,ok
e9ec8b6cba4c,,64,Gd,3,CCCCCCCCN(CCCCCCCC)C(=O)[C@H](CCC)O[C@H](CCC)C(=O)N(CCCCCCCC)CCCCCCCC,"[18, 23, 29]","[""O(amide_carbonyl)"", ""O(ether)"", ""O(amide_carbonyl)""]",3,9,3,nitrate,nitrate,0,/nfs/home/nshank3/lanthanide_dataset_builder/data/geometries/Gd/Gd_Z64_ox3_CN9_nlig3_nitrate_e9ec8b6cba4c.xyz,/nfs/home/nshank3/lanthanide_dataset_builder/data/geometries/Gd/Gd_Z64_ox3_CN9_nlig3_nitrate_e9ec8b6cba4c.mol2,,-12323.176734882312,ok,built (standard attempt 1),accepted,CCCCCCCCN(CCCCCCCC)C(=O)[C@H](CCC)O[C@H](CCC)C(=O)N(CCCCCCCC)CCCCCCCC,CCCCCCCCN(CCCCCCCC)C(=O)[C@H](CCC)O[C@H](CCC)C(=O)N(CCCCCCCC)CCCCCCCC,False,True,True,8,O8,"19:O:2.17,150:O:2.25,292:O:2.50,281:O:2.74,155:O:2.76,161:O:2.77,286:O:2.79,24:O:3.19",3.1946474192642733,2.1707330904556925,False,ok
12150b672fa2,,67,Ho,3,CCCCCCCCN(CCCCCCCC)C(=O)[C@H](C)O[C@@H](CC)C(=O)N(CCCCCCCC)CCCCCCCC,"[18, 21, 26]","[""O(amide_carbonyl)"", ""O(ether)"", ""O(amide_carbonyl)""]",3,8,2,nitrate,nitrate,2,/nfs/home/nshank3/lanthanide_dataset_builder/data/geometries/Ho/Ho_Z67_ox3_CN8_nlig2_nitrate_12150b672fa2.xyz,/nfs/home/nshank3/lanthanide_dataset_builder/data/geometries/Ho/Ho_Z67_ox3_CN8_nlig2_nitrate_12150b672fa2.mol2,,-8121.351905550737,ok,built (standard attempt 1),accepted,CCCCCCCCN(CCCCCCCC)C(=O)[C@H](C)O[C@@H](CC)C(=O)N(CCCCCCCC)CCCCCCCC,CCCCCCCCN(CCCCCCCC)C(=O)[C@H](C)O[C@@H](CC)C(=O)N(CCCCCCCC)CCCCCCCC,False,True,True,9,"N1,O8","27:O:2.11,248:O:2.14,247:O:2.15,149:O:2.16,141:O:2.24,22:O:2.37,144:O:2.47,245:N:2.49,19:O:2.68",2.677570602861198,2.112390706024702,False,ok
287e7462a808,,69,Tm,3,CCCCCCCCCCN(CCCCCCCCCC)C(=O)[C@H](CCC)O[C@H](CCC)C(=O)N(CCCCCCCCCC)CCCCCCCCCC,"[22, 27, 33]","[""O(amide_carbonyl)"", ""O(ether)"", ""O(amide_carbonyl)""]",3,8,2,nitrate,nitrate,2,/nfs/home/nshank3/lanthanide_dataset_builder/data/geometries/Tm/Tm_Z69_ox3_CN8_nlig2_nitrate_287e7462a808.xyz,/nfs/home/nshank3/lanthanide_dataset_builder/data/geometries/Tm/Tm_Z69_ox3_CN8_nlig2_nitrate_287e7462a808.mol2,,-10016.442280666974,ok,built (standard attempt 1),accepted,CCCCCCCCCCN(CCCCCCCCCC)C(=O)[C@H](CCC)O[C@H](CCC)C(=O)N(CCCCCCCCCC)CCCCCCCCCC,CCCCCCCCCCN(CCCCCCCCCC)C(=O)[C@H](CCC)O[C@H](CCC)C(=O)N(CCCCCCCCCC)CCCCCCCCCC,False,True,True,9,"N1,O8","314:O:2.04,313:O:2.05,34:O:2.10,189:O:2.11,23:O:2.27,178:O:2.27,311:N:2.37,28:O:2.69,183:O:2.71",2.7131029860536553,2.039549283253808,False,ok
c24902aaaf79,,60,Nd,3,CC12CCC(c3nnc(-c4cccc(-c5nnc6c(n5)C5(C)CCC6C5(C)C)n4)nc31)C2(C)C,"[6, 7, 15, 16, 19, 28, 29]","[""N(aromatic)"", ""N(aromatic)"", ""N(aromatic)"", ""N(aromatic)"", ""N(aromatic)"", ""N(aromatic)"", ""N(aromatic)""]",7,9,1,nitrate,nitrate,2,/nfs/home/nshank3/lanthanide_dataset_builder/data/geometries/Nd/Nd_Z60_ox3_CN9_nlig1_nitrate_c24902aaaf79.xyz,/nfs/home/nshank3/lanthanide_dataset_builder/data/geometries/Nd/Nd_Z60_ox3_CN9_nlig1_nitrate_c24902aaaf79.mol2,,-2980.2711748773154,ok,built (standard attempt 1),accepted,CC12CCC(c3nnc(-c4cccc(-c5nnc6c(n5)C5(C)CCC6C5(C)C)n4)nc31)C2(C)C,CC12CCC(c3nnc(-c4cccc(-c5nnc6c(n5)C5(C)CCC6C5(C)C)n4)nc31)C2(C)C,False,True,True,7,"N5,O2","69:O:2.08,68:O:2.15,16:N:2.23,30:N:2.30,17:N:2.32,66:N:2.32,29:N:2.33",2.327425544903969,2.0824978966411445,False,ok
008db255a91a,,57,La,3,O=C(c1cc(Cl)c2ccc3c(Cl)cc(C(=O)N4CCCC4)nc3c2n1)N1CCCC1,"[0, 15, 21, 24]","[""O(amide_carbonyl)"", ""O(amide_carbonyl)"", ""N(aromatic)"", ""N(aromatic)""]",4,9,2,nitrate,nitrate,1,/nfs/home/nshank3/lanthanide_dataset_builder/data/geometries/La/La_Z57_ox3_CN9_nlig2_nitrate_008db255a91a.xyz,/nfs/home/nshank3/lanthanide_dataset_builder/data/geometries/La/La_Z57_ox3_CN9_nlig2_nitrate_008db255a91a.mol2,,-4841.531800653735,ok,built (standard attempt 1),accepted,O=C(c1cc(Cl)c2ccc3c(Cl)cc(C(=O)N4CCCC4)nc3c2n1)N1CCCC1,O=C(c1cc(Cl)c2ccc3c(Cl)cc(C(=O)N4CCCC4)nc3c2n1)N1CCCC1,False,True,True,9,"N4,O5","66:O:2.39,1:O:2.41,25:N:2.44,16:O:2.44,72:N:2.45,22:N:2.46,75:N:2.49,51:O:2.50,101:O:2.85",2.8523282406001282,2.3854277929130103,True,ok
f9f384f89922,,59,Pr,3,C1COCCOCCOCCOCCOCCO1,"[2, 5, 8, 11, 14, 17]","[""O(ether)"", ""O(ether)"", ""O(ether)"", ""O(ether)"", ""O(ether)"", ""O(ether)""]",6,9,1,nitrate,nitrate,3,/nfs/home/nshank3/lanthanide_dataset_builder/data/geometries/Pr/Pr_Z59_ox3_CN9_nlig1_nitrate_f9f384f89922.xyz,/nfs/home/nshank3/lanthanide_dataset_builder/data/geometries/Pr/Pr_Z59_ox3_CN9_nlig1_nitrate_f9f384f89922.mol2,,-2256.3124446930856,ok,built (standard attempt 1),accepted,C1COCCOCCOCCOCCOCCO1,C1COCCOCCOCCOCCOCCO1,False,True,True,10,"N1,O9","45:O:2.13,46:O:2.13,15:O:2.44,12:O:2.48,43:N:2.50,18:O:2.51,3:O:2.60,47:O:2.62,9:O:2.68,6:O:2.83",2.8265796040346944,2.1288072598756878,False,ok
26b646a9e773,,71,Lu,3,CC(C)CCCC(C)CCCCN(C)C(=O)COCC(=O)N(C)CCCCC(C)CCCC(C)C,"[15, 17, 20]","[""O(amide_carbonyl)"", ""O(ether)"", ""O(amide_carbonyl)""]",3,8,2,water,water,2,/nfs/home/nshank3/lanthanide_dataset_builder/data/geometries/Lu/Lu_Z71_ox3_CN8_nlig2_water_26b646a9e773.xyz,/nfs/home/nshank3/lanthanide_dataset_builder/data/geometries/Lu/Lu_Z71_ox3_CN8_nlig2_water_26b646a9e773.mol2,,-6423.712098563703,ok,built (standard attempt 1),accepted,CC(C)CCCC(C)CCCCN(C)C(=O)COCC(=O)N(C)CCCCC(C)CCCC(C)C,CC(C)CCCC(C)CCCCN(C)C(=O)COCC(=O)N(C)CCCCC(C)CCCC(C)C,False,True,True,8,O8,"21:O:2.11,111:O:2.15,16:O:2.18,116:O:2.26,191:O:2.40,113:O:2.41,194:O:2.42,18:O:2.57",2.5746608752543487,2.1058278095873417,True,ok
86c6baa1f1ac,,58,Ce,3,CCCCCCCCN(CCCC(CCCC)CCCCCC)C(=O)COCC(=O)N(CCCCCCCC)CCCC(CCCC)CCCCCC,"[24, 26, 29]","[""O(amide_carbonyl)"", ""O(ether)"", ""O(amide_carbonyl)""]",3,9,3,water,water,0,/nfs/home/nshank3/lanthanide_dataset_builder/data/geometries/Ce/Ce_Z58_ox3_CN9_nlig3_water_86c6baa1f1ac.xyz,/nfs/home/nshank3/lanthanide_dataset_builder/data/geometries/Ce/Ce_Z58_ox3_CN9_nlig3_water_86c6baa1f1ac.mol2,,-13874.06985094588,ok,built (standard attempt 1),accepted,CCCCCCCCN(CCCC(CCCC)CCCCCC)C(=O)COCC(=O)N(CCCCCCCC)CCCC(CCCC)CCCCCC,CCCCCCCCN(CCCC(CCCC)CCCCCC)C(=O)COCC(=O)N(CCCCCCCC)CCCC(CCCC)CCCCCC,False,True,True,9,O9,"323:O:2.23,30:O:2.26,174:O:2.36,179:O:2.44,328:O:2.47,325:O:2.53,176:O:2.67,27:O:2.68,25:O:2.90",2.899165344676989,2.228531814968006,True,ok
2ff01b63ee55,,59,Pr,3,CCCCCCCCN(CCCCCCCC)C(=O)[C@H](C)O[C@@H](C)C(=O)N(CCCCCCCC)CCCCCCCC,"[18, 21, 25]","[""O(amide_carbonyl)"", ""O(ether)"", ""O(amide_carbonyl)""]",3,9,3,nitrate,nitrate,0,/nfs/home/nshank3/lanthanide_dataset_builder/data/geometries/Pr/Pr_Z59_ox3_CN9_nlig3_nitrate_2ff01b63ee55.xyz,/nfs/home/nshank3/lanthanide_dataset_builder/data/geometries/Pr/Pr_Z59_ox3_CN9_nlig3_nitrate_2ff01b63ee55.mol2,,-11291.810449870298,ok,built (standard attempt 1),accepted,CCCCCCCCN(CCCCCCCC)C(=O)[C@H](C)O[C@@H](C)C(=O)N(CCCCCCCC)CCCCCCCC,CCCCCCCCN(CCCCCCCC)C(=O)[C@H](C)O[C@@H](C)C(=O)N(CCCCCCCC)CCCCCCCC,False,True,True,9,O9,"19:O:2.30,145:O:2.34,138:O:2.48,22:O:2.50,257:O:2.51,26:O:2.69,141:O:2.70,264:O:2.79,260:O:3.00",3.000552770070085,2.2952953005874352,True,ok
7243680b7bcc,,63,Eu,3,CCCCC(CC)CP(=O)(CC(=O)N(CC(C)C)CC(C)C)c1ccccc1,"[9, 12]","[""O(ether)"", ""O(amide_carbonyl)""]",2,9,4,nitrate,nitrate,1,/nfs/home/nshank3/lanthanide_dataset_builder/data/geometries/Eu/Eu_Z63_ox3_CN9_nlig4_nitrate_7243680b7bcc.xyz,/nfs/home/nshank3/lanthanide_dataset_builder/data/geometries/Eu/Eu_Z63_ox3_CN9_nlig4_nitrate_7243680b7bcc.mol2,,-9556.14071282368,ok,built (standard attempt 1),accepted,CCCCC(CC)CP(=O)(CC(=O)N(CC(C)C)CC(C)C)c1ccccc1,CCCCC(CC)CP(=O)(CC(=O)N(CC(C)C)CC(C)C)c1ccccc1,False,True,True,9,O9,"10:O:2.43,223:O:2.44,80:O:2.46,83:O:2.48,281:O:2.58,220:O:2.59,150:O:2.59,153:O:2.59,13:O:2.62",2.6168696589824267,2.4325357788416557,True,ok
c351813a0a93,,66,Dy,3,CCCCC(CC)CN(CC(CC)CCCC)C(=O)COCC(=O)N(CC(CC)CCCC)CC(CC)CCCC,"[18, 20, 23]","[""O(amide_carbonyl)"", ""O(ether)"", ""O(amide_carbonyl)""]",3,8,2,water,water,2,/nfs/home/nshank3/lanthanide_dataset_builder/data/geometries/Dy/Dy_Z66_ox3_CN8_nlig2_water_c351813a0a93.xyz,/nfs/home/nshank3/lanthanide_dataset_builder/data/geometries/Dy/Dy_Z66_ox3_CN8_nlig2_water_c351813a0a93.mol2,,-7458.231144077976,ok,built (standard attempt 1),accepted,CCCCC(CC)CN(CC(CC)CCCC)C(=O)COCC(=O)N(CC(CC)CCCC)CC(CC)CCCC,CCCCC(CC)CN(CC(CC)CCCC)C(=O)COCC(=O)N(CC(CC)CCCC)CC(CC)CCCC,False,True,True,8,O8,"24:O:2.14,137:O:2.18,132:O:2.20,19:O:2.37,230:O:2.43,227:O:2.50,134:O:2.63,21:O:2.69",2.6928660153156483,2.1415776662883843,True,ok
af2a56f162b8,,66,Dy,3,CCCCCCn1c(-c2ccccc2)c(-c2ccccc2)c2cc3ccc4cc5c(-c6ccccc6)c(-c6ccccc6)n(CCCCCC)c(=O)c5nc4c3nc2c1=O,"[6, 43, 51, 53, 56, 59]","[""N(aromatic)"", ""N(aromatic)"", ""O(amide_carbonyl)"", ""N(aromatic)"", ""N(aromatic)"", ""O(amide_carbonyl)""]",6,8,1,nitrate,nitrate,2,/nfs/home/nshank3/lanthanide_dataset_builder/data/geometries/Dy/Dy_Z66_ox3_CN8_nlig1_nitrate_af2a56f162b8.xyz,/nfs/home/nshank3/lanthanide_dataset_builder/data/geometries/Dy/Dy_Z66_ox3_CN8_nlig1_nitrate_af2a56f162b8.mol2,,-4798.458648832033,ok,built (standard attempt 2),accepted,CCCCCCn1c(-c2ccccc2)c(-c2ccccc2)c2cc3ccc4cc5c(-c6ccccc6)c(-c6ccccc6)n(CCCCCC)c(=O)c5nc4c3nc2c1=O,CCCCCCn1c(-c2ccccc2)c(-c2ccccc2)c2cc3ccc4cc5c(-c6ccccc6)c(-c6ccccc6)n(CCCCCC)c(=O)c5nc4c3nc2c1=O,False,True,True,7,"N3,O4","114:O:2.02,113:O:2.07,52:O:2.12,60:O:2.13,111:N:2.41,54:N:2.58,57:N:2.66",2.6586642606936253,2.0183554096827763,False,ok
f439c607c7d3,,68,Er,3,CCCCN(CCCC)C(=O)COCC(=O)N(CCCC)CCCC,"[10, 12, 15]","[""O(amide_carbonyl)"", ""O(ether)"", ""O(amide_carbonyl)""]",3,8,2,nitrate,nitrate,2,/nfs/home/nshank3/lanthanide_dataset_builder/data/geometries/Er/Er_Z68_ox3_CN8_nlig2_nitrate_f439c607c7d3.xyz,/nfs/home/nshank3/lanthanide_dataset_builder/data/geometries/Er/Er_Z68_ox3_CN8_nlig2_nitrate_f439c607c7d3.mol2,,-4849.719805071188,ok,built (standard attempt 1),accepted,CCCCN(CCCC)C(=O)COCC(=O)N(CCCC)CCCC,CCCCN(CCCC)C(=O)COCC(=O)N(CCCC)CCCC,False,True,True,9,"N1,O8","134:O:2.11,133:O:2.14,11:O:2.20,81:O:2.23,76:O:2.23,16:O:2.35,131:N:2.49,13:O:2.57,78:O:2.69",2.69022591854073,2.108498610170465,False,ok
7e5952e60ece,,57,La,3,O=C(COCC(=O)N1CCCCC1)N1CCCCC1,"[0, 3, 6]","[""O(amide_carbonyl)"", ""O(ether)"", ""O(amide_carbonyl)""]",3,9,3,water,water,0,/nfs/home/nshank3/lanthanide_dataset_builder/data/geometries/La/La_Z57_ox3_CN9_nlig3_water_7e5952e60ece.xyz,/nfs/home/nshank3/lanthanide_dataset_builder/data/geometries/La/La_Z57_ox3_CN9_nlig3_water_7e5952e60ece.mol2,,-4929.771255841224,ok,built (standard attempt 1),accepted,O=C(COCC(=O)N1CCCCC1)N1CCCCC1,O=C(COCC(=O)N1CCCCC1)N1CCCCC1,False,True,True,9,O9,"7:O:2.23,44:O:2.30,93:O:2.33,1:O:2.41,50:O:2.51,4:O:2.51,47:O:2.57,87:O:2.61,90:O:2.74",2.736630703832253,2.2320339627356516,True,ok
fc72cf55f269,,59,Pr,3,CCCCCCCCCCCCN(C)C(=O)C1CC(OC)CC(C(=O)N(C)CCCCCCCCCCCC)O1,"[15, 19, 24, 39]","[""O(amide_carbonyl)"", ""O(ether)"", ""O(amide_carbonyl)"", ""O(ether)""]",4,9,2,nitrate,nitrate,1,/nfs/home/nshank3/lanthanide_dataset_builder/data/geometries/Pr/Pr_Z59_ox3_CN9_nlig2_nitrate_fc72cf55f269.xyz,/nfs/home/nshank3/lanthanide_dataset_builder/data/geometries/Pr/Pr_Z59_ox3_CN9_nlig2_nitrate_fc72cf55f269.mol2,,-7142.309162707893,ok,built (standard attempt 1),accepted,CCCCCCCCCCCCN(C)C(=O)C1CC(OC)CC(C(=O)N(C)CCCCCCCCCCCC)O1,CCCCCCCCCCCCN(C)C(=O)C1CC(OC)CC(C(=O)N(C)CCCCCCCCCCCC)O1,False,True,True,9,O9,"16:O:2.14,25:O:2.26,131:O:2.30,40:O:2.36,146:O:2.37,122:O:2.37,126:O:2.59,20:O:2.72,213:O:2.85",2.851934660719014,2.1391046256030943,True,ok
90fce4a008ab,,63,Eu,3,Cc1ccn(-c2cccc(-n3ccc(C)n3)n2)n1,"[4, 10, 15, 16, 17]","[""N(aromatic)"", ""N(aromatic)"", ""N(aromatic)"", ""N(aromatic)"", ""N(aromatic)""]",5,9,1,nitrate,nitrate,4,/nfs/home/nshank3/lanthanide_dataset_builder/data/geometries/Eu/Eu_Z63_ox3_CN9_nlig1_nitrate_90fce4a008ab.xyz,/nfs/home/nshank3/lanthanide_dataset_builder/data/geometries/Eu/Eu_Z63_ox3_CN9_nlig1_nitrate_90fce4a008ab.mol2,,-2179.7077097638985,ok,built (standard attempt 1),accepted,Cc1ccn(-c2cccc(-n3ccc(C)n3)n2)n1,Cc1ccn(-c2cccc(-n3ccc(C)n3)n2)n1,False,True,True,9,"N5,O4","34:O:2.06,35:O:2.06,38:O:2.08,39:O:2.11,36:N:2.36,32:N:2.43,17:N:2.47,16:N:2.47,18:N:2.51",2.5055423088750546,2.0614224936514005,True,ok
e95e58f27630,,68,Er,3,CCCCCCn1c(-c2ccccc2)c(-c2ccccc2)c2cc3ccc4cc5c(-c6ccccc6)c(-c6ccccc6)n(CCCCCC)c(=O)c5nc4c3nc2c1=O,"[6, 43, 51, 53, 56, 59]","[""N(aromatic)"", ""N(aromatic)"", ""O(amide_carbonyl)"", ""N(aromatic)"", ""N(aromatic)"", ""O(amide_carbonyl)""]",6,8,1,nitrate,nitrate,2,/nfs/home/nshank3/lanthanide_dataset_builder/data/geometries/Er/Er_Z68_ox3_CN8_nlig1_nitrate_e95e58f27630.xyz,/nfs/home/nshank3/lanthanide_dataset_builder/data/geometries/Er/Er_Z68_ox3_CN8_nlig1_nitrate_e95e58f27630.mol2,,-4800.543825060386,ok,built (standard attempt 1),accepted,CCCCCCn1c(-c2ccccc2)c(-c2ccccc2)c2cc3ccc4cc5c(-c6ccccc6)c(-c6ccccc6)n(CCCCCC)c(=O)c5nc4c3nc2c1=O,CCCCCCn1c(-c2ccccc2)c(-c2ccccc2)c2cc3ccc4cc5c(-c6ccccc6)c(-c6ccccc6)n(CCCCCC)c(=O)c5nc4c3nc2c1=O,False,True,True,7,"N3,O4","60:O:2.07,52:O:2.11,114:O:2.12,113:O:2.26,57:N:2.45,54:N:2.46,111:N:2.54",2.54414737584748,2.0735134899678043,False,ok
b0690393d5ce,,63,Eu,3,CCCCN(CCCC)C(=O)COCC(=O)N(CCCC)CCCC,"[10, 12, 15]","[""O(amide_carbonyl)"", ""O(ether)"", ""O(amide_carbonyl)""]",3,9,3,nitrate,nitrate,0,/nfs/home/nshank3/lanthanide_dataset_builder/data/geometries/Eu/Eu_Z63_ox3_CN9_nlig3_nitrate_b0690393d5ce.xyz,/nfs/home/nshank3/lanthanide_dataset_builder/data/geometries/Eu/Eu_Z63_ox3_CN9_nlig3_nitrate_b0690393d5ce.mol2,,-6642.649147165525,ok,built (standard attempt 1),accepted,CCCCN(CCCC)C(=O)COCC(=O)N(CCCC)CCCC,CCCCN(CCCC)C(=O)COCC(=O)N(CCCC)CCCC,False,True,True,9,O9,"11:O:2.23,76:O:2.32,16:O:2.35,81:O:2.37,146:O:2.44,141:O:2.44,13:O:2.49,78:O:2.58,143:O:2.79",2.7926111137276477,2.2280053089370617,True,ok
dc1c8a4299f0,,63,Eu,3,CCCCCCCCN(CC(C)C)C(=O)COCC(=O)N(CCCCCCCC)CC(C)C,"[14, 16, 19]","[""O(amide_carbonyl)"", ""O(ether)"", ""O(amide_carbonyl)""]",3,9,3,nitrate,nitrate,0,/nfs/home/nshank3/lanthanide_dataset_builder/data/geometries/Eu/Eu_Z63_ox3_CN9_nlig3_nitrate_dc1c8a4299f0.xyz,/nfs/home/nshank3/lanthanide_dataset_builder/data/geometries/Eu/Eu_Z63_ox3_CN9_nlig3_nitrate_dc1c8a4299f0.mol2,,-8707.284368425255,ok,built (standard attempt 1),accepted,CCCCCCCCN(CC(C)C)C(=O)COCC(=O)N(CCCCCCCC)CC(C)C,CCCCCCCCN(CC(C)C)C(=O)COCC(=O)N(CCCCCCCC)CC(C)C,False,True,True,8,O8,"109:O:2.26,193:O:2.31,198:O:2.33,20:O:2.39,17:O:2.48,195:O:2.50,106:O:2.59,15:O:2.72",2.7213713790574823,2.259732817512479,False,ok
1f306743dfde,,63,Eu,3,CCCCCCCCN(C)C(=O)COCC(=O)N(C)CCCCCCCC,"[11, 13, 16]","[""O(amide_carbonyl)"", ""O(ether)"", ""O(amide_carbonyl)""]",3,9,3,water,water,0,/nfs/home/nshank3/lanthanide_dataset_builder/data/geometries/Eu/Eu_Z63_ox3_CN9_nlig3_water_1f306743dfde.xyz,/nfs/home/nshank3/lanthanide_dataset_builder/data/geometries/Eu/Eu_Z63_ox3_CN9_nlig3_water_1f306743dfde.mol2,,-7158.223610530189,ok,built (standard attempt 1),accepted,CCCCCCCCN(C)C(=O)COCC(=O)N(C)CCCCCCCC,CCCCCCCCN(C)C(=O)COCC(=O)N(C)CCCCCCCC,False,True,True,9,O9,"83:O:2.22,17:O:2.36,88:O:2.38,12:O:2.39,159:O:2.42,154:O:2.45,156:O:2.59,85:O:2.59,14:O:2.66",2.660657091643861,2.2226082343116094,True,ok
bf53aa2b47c6,,63,Eu,3,CCCCN(CCCC)C(=O)COCC(=O)NCCCCCCNC(=O)COCC(=O)N(CCCC)CCCC,"[10, 12, 15]","[""O(amide_carbonyl)"", ""O(ether)"", ""O(amide_carbonyl)""]",3,9,3,nitrate,nitrate,0,/nfs/home/nshank3/lanthanide_dataset_builder/data/geometries/Eu/Eu_Z63_ox3_CN9_nlig3_nitrate_bf53aa2b47c6.xyz,/nfs/home/nshank3/lanthanide_dataset_builder/data/geometries/Eu/Eu_Z63_ox3_CN9_nlig3_nitrate_bf53aa2b47c6.mol2,,-10614.133296118662,ok,built (standard attempt 1),accepted,CCCCN(CCCC)C(=O)COCC(=O)NCCCCCCNC(=O)COCC(=O)N(CCCC)CCCC,CCCCN(CCCC)C(=O)COCC(=O)NCCCCCCNC(=O)COCC(=O)N(CCCC)CCCC,False,True,True,10,O10,"222:O:2.20,212:O:2.36,16:O:2.38,11:O:2.42,13:O:2.46,207:O:2.54,109:O:2.55,114:O:2.81,209:O:2.88,111:O:2.89",2.8864609354699717,2.2004775427524477,False,ok
32f3a20cc804,,63,Eu,3,CCCCCCCCN(CCCCCCCC)C(=O)CN(CC(=O)N(CCCCCCCC)CCCCCCCC)c1ccccc1,"[18, 20, 23]","[""O(amide_carbonyl)"", ""N(amine)"", ""O(amide_carbonyl)""]",3,9,3,nitrate,nitrate,0,/nfs/home/nshank3/lanthanide_dataset_builder/data/geometries/Eu/Eu_Z63_ox3_CN9_nlig3_nitrate_32f3a20cc804.xyz,/nfs/home/nshank3/lanthanide_dataset_builder/data/geometries/Eu/Eu_Z63_ox3_CN9_nlig3_nitrate_32f3a20cc804.mol2,,-11936.923899766356,ok,built (standard attempt 1),accepted,CCCCCCCCN(CCCCCCCC)C(=O)CN(CC(=O)N(CCCCCCCC)CCCCCCCC)c1ccccc1,CCCCCCCCN(CCCCCCCC)C(=O)CN(CC(=O)N(CCCCCCCC)CCCCCCCC)c1ccccc1,False,True,True,7,"N1,O6","24:O:2.39,267:O:2.39,272:O:2.41,143:O:2.42,148:O:2.44,19:O:2.51,21:N:2.94",2.9351170538950084,2.3854122770570374,False,ok
11c19850c8fc,,63,Eu,3,CC1(C)SC(C)(C)c2nc(-c3cccc(-c4cccc(-c5nnc6c(n5)C(C)(C)SC6(C)C)n4)n3)nnc21,"[3, 8, 21, 22, 25, 29, 33, 34]","[""S(donor)"", ""N(aromatic)"", ""N(aromatic)"", ""N(aromatic)"", ""N(aromatic)"", ""S(donor)"", ""N(aromatic)"", ""N(aromatic)""]",8,9,1,nitrate,nitrate,1,/nfs/home/nshank3/lanthanide_dataset_builder/data/geometries/Eu/Eu_Z63_ox3_CN9_nlig1_nitrate_11c19850c8fc.xyz,/nfs/home/nshank3/lanthanide_dataset_builder/data/geometries/Eu/Eu_Z63_ox3_CN9_nlig1_nitrate_11c19850c8fc.mol2,,-2991.4794108658325,ok,built (standard attempt 1),accepted,CC1(C)SC(C)(C)c2nc(-c3cccc(-c4cccc(-c5nnc6c(n5)C(C)(C)SC6(C)C)n4)n3)nnc21,CC1(C)SC(C)(C)c2nc(-c3cccc(-c4cccc(-c5nnc6c(n5)C(C)(C)SC6(C)C)n4)n3)nnc21,False,True,True,6,"N5,O1","22:N:2.28,9:N:2.37,23:N:2.49,34:N:2.50,35:N:2.52,69:O:2.61",2.6135621775240843,2.2752477485113194,False,ok
e9fcac340ff5,,63,Eu,3,S=P(COCP(=S)(c1ccccc1)c1ccccc1)(c1ccccc1)c1ccccc1,"[0, 3, 6]","[""S(donor)"", ""O(ether)"", ""S(donor)""]",3,9,3,water,water,0,/nfs/home/nshank3/lanthanide_dataset_builder/data/geometries/Eu/Eu_Z63_ox3_CN9_nlig3_water_e9fcac340ff5.xyz,/nfs/home/nshank3/lanthanide_dataset_builder/data/geometries/Eu/Eu_Z63_ox3_CN9_nlig3_water_e9fcac340ff5.mol2,,-6817.401092220926,ok,built (standard attempt 1),accepted,S=P(COCP(=S)(c1ccccc1)c1ccccc1)(c1ccccc1)c1ccccc1,S=P(COCP(=S)(c1ccccc1)c1ccccc1)(c1ccccc1)c1ccccc1,False,True,True,8,"O2,S6","117:S:2.75,7:S:2.82,56:S:2.93,111:S:2.97,62:S:2.99,4:O:3.10,114:O:3.13,1:S:3.15",3.1534872710112487,2.7487251697578112,False,ok
33805e18724f,,63,Eu,3,CCCCN(CCCC)C(=O)c1ccc2ccc3cccnc3c2n1,"[10, 21, 24]","[""O(amide_carbonyl)"", ""N(aromatic)"", ""N(aromatic)""]",3,9,3,water,water,0,/nfs/home/nshank3/lanthanide_dataset_builder/data/geometries/Eu/Eu_Z63_ox3_CN9_nlig3_water_33805e18724f.xyz,/nfs/home/nshank3/lanthanide_dataset_builder/data/geometries/Eu/Eu_Z63_ox3_CN9_nlig3_water_33805e18724f.mol2,,-5765.846989764648,ok,built (standard attempt 1),accepted,CCCCN(CCCC)C(=O)c1ccc2ccc3cccnc3c2n1,CCCCN(CCCC)C(=O)c1ccc2ccc3cccnc3c2n1,False,True,True,9,"N6,O3","11:O:2.22,111:O:2.23,61:O:2.26,125:N:2.37,75:N:2.43,25:N:2.46,72:N:2.49,22:N:2.49,122:N:2.52",2.517213484743558,2.2183605842649152,True,ok
b9c24641a88f,,64,Gd,3,CCCCN(CCCC)C(=O)COCC(=O)N(CCCC)CCCC,"[10, 12, 15]","[""O(amide_carbonyl)"", ""O(ether)"", ""O(amide_carbonyl)""]",3,9,3,nitrate,nitrate,0,/nfs/home/nshank3/lanthanide_dataset_builder/data/geometries/Gd/Gd_Z64_ox3_CN9_nlig3_nitrate_b9c24641a88f.xyz,/nfs/home/nshank3/lanthanide_dataset_builder/data/geometries/Gd/Gd_Z64_ox3_CN9_nlig3_nitrate_b9c24641a88f.mol2,,-6642.584972685514,ok,built (standard attempt 1),accepted,CCCCN(CCCC)C(=O)COCC(=O)N(CCCC)CCCC,CCCCN(CCCC)C(=O)COCC(=O)N(CCCC)CCCC,False,True,True,9,O9,"146:O:2.25,16:O:2.27,141:O:2.29,11:O:2.35,81:O:2.36,76:O:2.52,78:O:2.62,143:O:2.64,13:O:2.74",2.7389626040781194,2.2541366250635986,True,ok
337c532af554,,64,Gd,3,COCCN(CCOC)C(=O)COCC(=O)N(CCOC)CCOC,"[1, 7, 10, 12, 15, 19, 23]","[""O(ether)"", ""O(ether)"", ""O(amide_carbonyl)"", ""O(ether)"", ""O(amide_carbonyl)"", ""O(ether)"", ""O(ether)""]",7,9,1,water,water,2,/nfs/home/nshank3/lanthanide_dataset_builder/data/geometries/Gd/Gd_Z64_ox3_CN9_nlig1_water_337c532af554.xyz,/nfs/home/nshank3/lanthanide_dataset_builder/data/geometries/Gd/Gd_Z64_ox3_CN9_nlig1_water_337c532af554.mol2,,-2582.2418922381976,ok,built (standard attempt 1),accepted,COCCN(CCOC)C(=O)COCC(=O)N(CCOC)CCOC,COCCN(CCOC)C(=O)COCC(=O)N(CCOC)CCOC,False,True,True,10,"N1,O9","16:O:2.22,11:O:2.38,2:O:2.49,58:O:2.56,20:O:2.60,13:O:2.71,24:O:2.76,61:O:2.77,8:O:2.83,17:N:3.19",3.1889815260241363,2.224748165662927,False,ok
19756ae7f14e,,67,Ho,3,CCCCCCCCN(CCC(C)CC(C)(C)C)C(=O)COCC(=O)N(CCCCCCCC)CCC(C)CC(C)(C)C,"[19, 21, 24]","[""O(amide_carbonyl)"", ""O(ether)"", ""O(amide_carbonyl)""]",3,8,2,water,water,2,/nfs/home/nshank3/lanthanide_dataset_builder/data/geometries/Ho/Ho_Z67_ox3_CN8_nlig2_water_19756ae7f14e.xyz,/nfs/home/nshank3/lanthanide_dataset_builder/data/geometries/Ho/Ho_Z67_ox3_CN8_nlig2_water_19756ae7f14e.mol2,,-7802.473136050821,ok,built (standard attempt 1),accepted,CCCCCCCCN(CCC(C)CC(C)(C)C)C(=O)COCC(=O)N(CCCCCCCC)CCC(C)CC(C)(C)C,CCCCCCCCN(CCC(C)CC(C)(C)C)C(=O)COCC(=O)N(CCCCCCCC)CCC(C)CC(C)(C)C,False,True,True,8,O8,"25:O:2.20,144:O:2.27,139:O:2.29,239:O:2.37,20:O:2.42,141:O:2.55,242:O:2.61,22:O:2.65",2.651159373095963,2.200882488404425,True,ok
b534edeea3a3,,57,La,3,CCCCC(CC)CN(C)C(=O)COCC(=O)N(C)CC(CC)CCCC,"[11, 13, 16]","[""O(amide_carbonyl)"", ""O(ether)"", ""O(amide_carbonyl)""]",3,9,3,water,water,0,/nfs/home/nshank3/lanthanide_dataset_builder/data/geometries/La/La_Z57_ox3_CN9_nlig3_water_b534edeea3a3.xyz,/nfs/home/nshank3/lanthanide_dataset_builder/data/geometries/La/La_Z57_ox3_CN9_nlig3_water_b534edeea3a3.mol2,,-7160.710442869381,ok,built (standard attempt 1),accepted,CCCCC(CC)CN(C)C(=O)COCC(=O)N(C)CC(CC)CCCC,CCCCC(CC)CN(C)C(=O)COCC(=O)N(C)CC(CC)CCCC,False,True,True,9,O9,"88:O:2.39,12:O:2.43,154:O:2.48,17:O:2.53,14:O:2.64,83:O:2.65,159:O:2.68,156:O:2.75,85:O:2.88",2.8775538354426593,2.3941061856906836,True,ok
d4331b78a72d,,57,La,3,c1cc2nc(c1)COc1ccccc1OCCOCCOc1ccccc1OC2,"[3, 7, 14, 17, 20, 27]","[""N(aromatic)"", ""O(ether)"", ""O(ether)"", ""O(ether)"", ""O(ether)"", ""O(ether)""]",6,9,1,nitrate,nitrate,3,/nfs/home/nshank3/lanthanide_dataset_builder/data/geometries/La/La_Z57_ox3_CN9_nlig1_nitrate_d4331b78a72d.xyz,/nfs/home/nshank3/lanthanide_dataset_builder/data/geometries/La/La_Z57_ox3_CN9_nlig1_nitrate_d4331b78a72d.mol2,,-2854.9998817194946,ok,built (standard attempt 2),accepted,c1cc2nc(c1)COc1ccccc1OCCOCCOc1ccccc1OC2,c1cc2nc(c1)COc1ccccc1OCCOCCOc1ccccc1OC2,False,True,True,10,"N2,O8","56:O:2.25,55:O:2.30,4:N:2.41,21:O:2.42,28:O:2.47,18:O:2.52,57:O:2.61,8:O:2.63,15:O:2.63,53:N:2.68",2.6845532126130407,2.2506933725166736,False,ok
6c6142132009,,71,Lu,3,CC(C)CN(CC(C)C)C(=O)COCC(=O)N(CC(C)C)CC(C)C,"[10, 12, 15]","[""O(amide_carbonyl)"", ""O(ether)"", ""O(amide_carbonyl)""]",3,8,2,nitrate,nitrate,2,/nfs/home/nshank3/lanthanide_dataset_builder/data/geometries/Lu/Lu_Z71_ox3_CN8_nlig2_nitrate_6c6142132009.xyz,/nfs/home/nshank3/lanthanide_dataset_builder/data/geometries/Lu/Lu_Z71_ox3_CN8_nlig2_nitrate_6c6142132009.mol2,,-4848.590676120663,ok,built (standard attempt 1),accepted,CC(C)CN(CC(C)C)C(=O)COCC(=O)N(CC(C)C)CC(C)C,CC(C)CN(CC(C)C)C(=O)COCC(=O)N(CC(C)C)CC(C)C,False,True,True,9,"N1,O8","133:O:2.05,134:O:2.09,76:O:2.24,11:O:2.25,81:O:2.32,16:O:2.41,131:N:2.44,13:O:2.70,78:O:2.81",2.812350424417354,2.052342321754864,False,ok
50385a9b9575,,71,Lu,3,CCCCCCCCC(C)(C)SCC1CN(C(=O)COCC(=O)N2CC(C)C(CSC(C)(C)CCCCCCCC)C2)CC1C,"[17, 19, 22]","[""O(amide_carbonyl)"", ""O(ether)"", ""O(amide_carbonyl)""]",3,8,2,water,water,2,/nfs/home/nshank3/lanthanide_dataset_builder/data/geometries/Lu/Lu_Z71_ox3_CN8_nlig2_water_50385a9b9575.xyz,/nfs/home/nshank3/lanthanide_dataset_builder/data/geometries/Lu/Lu_Z71_ox3_CN8_nlig2_water_50385a9b9575.mol2,,-8044.230754466565,ok,built (standard attempt 1),accepted,CCCCCCCCC(C)(C)SCC1CN(C(=O)COCC(=O)N2CC(C)C(CSC(C)(C)CCCCCCCC)C2)CC1C,CCCCCCCCC(C)(C)SCC1CN(C(=O)COCC(=O)N2CC(C)C(CSC(C)(C)CCCCCCCC)C2)CC1C,False,True,True,8,O8,"140:O:2.18,18:O:2.22,23:O:2.22,135:O:2.38,137:O:2.54,20:O:2.58,238:O:2.77,235:O:2.95",2.9505862160491527,2.1788891782495945,True,ok
93b4cff98f83,,60,Nd,3,CCCCCCCCN(CCCCCCCC)C(=O)[C@H](C)O[C@H](C)C(=O)N(CCCCCCCC)CCCCCCCC,"[18, 21, 25]","[""O(amide_carbonyl)"", ""O(ether)"", ""O(amide_carbonyl)""]",3,9,3,nitrate,nitrate,0,/nfs/home/nshank3/lanthanide_dataset_builder/data/geometries/Nd/Nd_Z60_ox3_CN9_nlig3_nitrate_93b4cff98f83.xyz,/nfs/home/nshank3/lanthanide_dataset_builder/data/geometries/Nd/Nd_Z60_ox3_CN9_nlig3_nitrate_93b4cff98f83.mol2,,-11292.776706748557,ok,built (standard attempt 1),accepted,CCCCCCCCN(CCCCCCCC)C(=O)[C@H](C)O[C@H](C)C(=O)N(CCCCCCCC)CCCCCCCC,CCCCCCCCN(CCCCCCCC)C(=O)[C@H](C)O[C@H](C)C(=O)N(CCCCCCCC)CCCCCCCC,False,True,True,9,O9,"26:O:2.28,145:O:2.31,138:O:2.41,257:O:2.42,19:O:2.43,264:O:2.44,260:O:2.60,141:O:2.61,22:O:2.63",2.62531906114292,2.2751024051120305,True,ok
6d8e9559aedb,,60,Nd,3,CCCCCCCCN(CCCC(CCCC)CCCCCC)C(=O)COCC(=O)N(CCCCCCCC)CCCC(CCCC)CCCCCC,"[24, 26, 29]","[""O(amide_carbonyl)"", ""O(ether)"", ""O(amide_carbonyl)""]",3,9,3,water,water,0,/nfs/home/nshank3/lanthanide_dataset_builder/data/geometries/Nd/Nd_Z60_ox3_CN9_nlig3_water_6d8e9559aedb.xyz,/nfs/home/nshank3/lanthanide_dataset_builder/data/geometries/Nd/Nd_Z60_ox3_CN9_nlig3_water_6d8e9559aedb.mol2,,-13875.195370597505,ok,built (standard attempt 1),accepted,CCCCCCCCN(CCCC(CCCC)CCCCCC)C(=O)COCC(=O)N(CCCCCCCC)CCCC(CCCC)CCCCCC,CCCCCCCCN(CCCC(CCCC)CCCCCC)C(=O)COCC(=O)N(CCCCCCCC)CCCC(CCCC)CCCCCC,False,True,True,9,O9,"30:O:2.19,328:O:2.22,323:O:2.36,174:O:2.37,179:O:2.44,176:O:2.47,27:O:2.48,25:O:2.50,325:O:2.58",2.582254827894375,2.1925967531141386,True,ok
73eeb14fc6d0,,62,Sm,3,CCCCC(CC)CN(C)C(=O)COCC(=O)N(C)CC(CC)CCCC,"[11, 13, 16]","[""O(amide_carbonyl)"", ""O(ether)"", ""O(amide_carbonyl)""]",3,9,3,water,water,0,/nfs/home/nshank3/lanthanide_dataset_builder/data/geometries/Sm/Sm_Z62_ox3_CN9_nlig3_water_73eeb14fc6d0.xyz,/nfs/home/nshank3/lanthanide_dataset_builder/data/geometries/Sm/Sm_Z62_ox3_CN9_nlig3_water_73eeb14fc6d0.mol2,,-7157.935269029213,ok,built (standard attempt 1),accepted,CCCCC(CC)CN(C)C(=O)COCC(=O)N(C)CC(CC)CCCC,CCCCC(CC)CN(C)C(=O)COCC(=O)N(C)CC(CC)CCCC,False,True,True,9,O9,"12:O:2.16,83:O:2.21,17:O:2.32,85:O:2.40,154:O:2.41,88:O:2.50,159:O:2.54,14:O:2.61,156:O:2.75",2.749891260015507,2.1579585829944485,True,ok
ee37a7deb674,,65,Tb,3,CCCCCCCCN(CCC)C(=O)COCC(=O)N(CCC)CCCCCCCC,"[13, 15, 18]","[""O(amide_carbonyl)"", ""O(ether)"", ""O(amide_carbonyl)""]",3,8,2,water,water,2,/nfs/home/nshank3/lanthanide_dataset_builder/data/geometries/Tb/Tb_Z65_ox3_CN8_nlig2_water_ee37a7deb674.xyz,/nfs/home/nshank3/lanthanide_dataset_builder/data/geometries/Tb/Tb_Z65_ox3_CN8_nlig2_water_ee37a7deb674.mol2,,-5735.657408144391,ok,built (standard attempt 1),accepted,CCCCCCCCN(CCC)C(=O)COCC(=O)N(CCC)CCCCCCCC,CCCCCCCCN(CCC)C(=O)COCC(=O)N(CCC)CCCCCCCC,False,True,True,8,O8,"97:O:2.18,14:O:2.20,102:O:2.30,19:O:2.30,170:O:2.53,99:O:2.55,16:O:2.59,167:O:2.69",2.685302522795968,2.1763916826848972,True,ok
b1148a7d8cb7,,65,Tb,3,CCCCCCCCN(CCC(C)CC(C)(C)C)C(=O)COCC(=O)N(CCCCCCCC)CCC(C)CC(C)(C)C,"[19, 21, 24]","[""O(amide_carbonyl)"", ""O(ether)"", ""O(amide_carbonyl)""]",3,8,2,water,water,2,/nfs/home/nshank3/lanthanide_dataset_builder/data/geometries/Tb/Tb_Z65_ox3_CN8_nlig2_water_b1148a7d8cb7.xyz,/nfs/home/nshank3/lanthanide_dataset_builder/data/geometries/Tb/Tb_Z65_ox3_CN8_nlig2_water_b1148a7d8cb7.mol2,,-7803.05997381277,ok,built (standard attempt 1),accepted,CCCCCCCCN(CCC(C)CC(C)(C)C)C(=O)COCC(=O)N(CCCCCCCC)CCC(C)CC(C)(C)C,CCCCCCCCN(CCC(C)CC(C)(C)C)C(=O)COCC(=O)N(CCCCCCCC)CCC(C)CC(C)(C)C,False,True,True,8,O8,"20:O:2.14,139:O:2.14,144:O:2.35,25:O:2.38,22:O:2.47,141:O:2.61,239:O:2.62,242:O:2.80",2.795050830828198,2.140943170329166,True,ok
fd3fe197d04d,,69,Tm,3,COCCN(CCOC)C(=O)COCC(=O)N(CCOC)CCOC,"[1, 7, 10, 12, 15, 19, 23]","[""O(ether)"", ""O(ether)"", ""O(amide_carbonyl)"", ""O(ether)"", ""O(amide_carbonyl)"", ""O(ether)"", ""O(ether)""]",7,8,1,water,water,1,/nfs/home/nshank3/lanthanide_dataset_builder/data/geometries/Tm/Tm_Z69_ox3_CN8_nlig1_water_fd3fe197d04d.xyz,/nfs/home/nshank3/lanthanide_dataset_builder/data/geometries/Tm/Tm_Z69_ox3_CN8_nlig1_water_fd3fe197d04d.mol2,,-2441.9799531981907,ok,built (standard attempt 1),accepted,COCCN(CCOC)C(=O)COCC(=O)N(CCOC)CCOC,COCCN(CCOC)C(=O)COCC(=O)N(CCOC)CCOC,False,True,True,8,O8,"11:O:2.21,8:O:2.30,16:O:2.31,13:O:2.34,24:O:2.37,20:O:2.49,2:O:2.72,58:O:2.92",2.9164383706112815,2.2081173796916134,True,ok
6ddb7853aa70,,62,Sm,3,CCCCCCn1c(-c2ccccc2)c(-c2ccccc2)c2cc3ccc4cc5c(-c6ccccc6)c(-c6ccccc6)n(CCCCCC)c(=O)c5nc4c3nc2c1=O,"[6, 43, 51, 53, 56, 59]","[""N(aromatic)"", ""N(aromatic)"", ""O(amide_carbonyl)"", ""N(aromatic)"", ""N(aromatic)"", ""O(amide_carbonyl)""]",6,9,1,nitrate,nitrate,3,/nfs/home/nshank3/lanthanide_dataset_builder/data/geometries/Sm/Sm_Z62_ox3_CN9_nlig1_nitrate_6ddb7853aa70.xyz,/nfs/home/nshank3/lanthanide_dataset_builder/data/geometries/Sm/Sm_Z62_ox3_CN9_nlig1_nitrate_6ddb7853aa70.mol2,,-4943.112104965618,ok,built (standard attempt 2),accepted,CCCCCCn1c(-c2ccccc2)c(-c2ccccc2)c2cc3ccc4cc5c(-c6ccccc6)c(-c6ccccc6)n(CCCCCC)c(=O)c5nc4c3nc2c1=O,CCCCCCn1c(-c2ccccc2)c(-c2ccccc2)c2cc3ccc4cc5c(-c6ccccc6)c(-c6ccccc6)n(CCCCCC)c(=O)c5nc4c3nc2c1=O,False,True,True,8,"N3,O5","114:O:2.15,113:O:2.22,60:O:2.26,52:O:2.34,111:N:2.46,115:O:2.50,57:N:2.54,54:N:2.58",2.5795094834772185,2.154853099093287,False,ok
a3e671494b96,,63,Eu,3,CCCCCCCCN(CCCCCCCC)C(=O)COCC(=O)NCCNC(=O)c1cc(C(=O)NCCNC(=O)COCC(=O)N(CCCCCCCC)CCCCCCCC)cc(C(=O)NCCNC(=O)COCC(=O)N(CCCCCCCC)CCCCCCCC)c1,"[18, 20, 23]","[""O(amide_carbonyl)"", ""O(ether)"", ""O(amide_carbonyl)""]",3,9,3,nitrate,nitrate,0,/nfs/home/nshank3/lanthanide_dataset_builder/data/geometries/Eu/Eu_Z63_ox3_CN9_nlig3_nitrate_a3e671494b96.xyz,/nfs/home/nshank3/lanthanide_dataset_builder/data/geometries/Eu/Eu_Z63_ox3_CN9_nlig3_nitrate_a3e671494b96.mol2,,-14036.52612403828,ok_simplified_ligand,original_ligtype_failed_simplified_success,accepted,CCCCCCCCN(CCCCCCCC)C(=O)COCC(=O)NCCNC(=O)c1cc(C(=O)NCCNC(=O)COCC(=O)N(CCCCCCCC)CCCCCCCC)cc(C(=O)NCCNC(=O)COCC(=O)N(CCCCCCCC)CCCCCCCC)c1,CN(C)C(=O)COCC(=O)NCCNC(=O)c1cc(C(=O)NCCNC(=O)COCC(=O)N(C)C)cc(C(=O)NCCNC(=O)COCC(=O)N(C)C)c1,True,True,True,9,O9,"5:O:2.31,215:O:2.31,110:O:2.33,10:O:2.34,217:O:2.36,220:O:2.37,115:O:2.37,7:O:2.42,112:O:2.44",2.4430965798110975,2.307176934837303,True,ok
a23b9ed3c843,,63,Eu,3,CCCCCCCCN(CCCCCCCC)C(=O)CN(CC(=O)N(CCCCCCCC)CCCCCCCC)CC(=O)N(CCCCCCCC)CCCCCCCC,"[18, 20, 23, 43]","[""O(amide_carbonyl)"", ""N(amine)"", ""O(amide_carbonyl)"", ""O(amide_carbonyl)""]",4,9,2,water,water,1,/nfs/home/nshank3/lanthanide_dataset_builder/data/geometries/Eu/Eu_Z63_ox3_CN9_nlig2_water_a23b9ed3c843.xyz,/nfs/home/nshank3/lanthanide_dataset_builder/data/geometries/Eu/Eu_Z63_ox3_CN9_nlig2_water_a23b9ed3c843.mol2,,-3506.0407074254317,ok_simplified_ligand,original_ligtype_failed_simplified_success,accepted,CCCCCCCCN(CCCCCCCC)C(=O)CN(CC(=O)N(CCCCCCCC)CCCCCCCC)CC(=O)N(CCCCCCCC)CCCCCCCC,CN(C)C(=O)CN(CC(=O)N(C)C)CC(=O)N(C)C,True,True,True,8,"N1,O7","48:O:2.29,53:O:2.36,16:O:2.37,10:O:2.38,5:O:2.45,59:O:2.52,87:O:2.81,2:N:2.92",2.917812940458663,2.288430281705686,False,ok
406ee69b3ee1,,70,Yb,3,CCCCCCCCCCCCN(CCCCCCCCCCCC)C(=O)COCC(=O)N(CCCCCCCCCCCC)CCCCCCCCCCCC,"[26, 28, 31]","[""O(amide_carbonyl)"", ""O(ether)"", ""O(amide_carbonyl)""]",3,8,2,nitrate,nitrate,2,/nfs/home/nshank3/lanthanide_dataset_builder/data/geometries/Yb/Yb_Z70_ox3_CN8_nlig2_nitrate_406ee69b3ee1.xyz,/nfs/home/nshank3/lanthanide_dataset_builder/data/geometries/Yb/Yb_Z70_ox3_CN8_nlig2_nitrate_406ee69b3ee1.mol2,,-2782.037251212976,ok_simplified_ligand,original_ligtype_failed_simplified_success,accepted,CCCCCCCCCCCCN(CCCCCCCCCCCC)C(=O)COCC(=O)N(CCCCCCCCCCCC)CCCCCCCCCCCC,CN(C)C(=O)COCC(=O)N(C)C,True,True,True,9,"N1,O8","61:O:2.09,62:O:2.10,39:O:2.13,10:O:2.19,5:O:2.23,34:O:2.35,59:N:2.47,36:O:2.63,7:O:2.74",2.739981828044485,2.088440519439447,False,ok
b3acce98c3f1,,57,La,3,CCCCCCCCCCCCN(CCCCCCCCCCCC)C(=O)COCCOCC(=O)N(CCCCCCCCCCCC)CCCCCCCCCCCC,"[26, 28, 31, 34]","[""O(amide_carbonyl)"", ""O(ether)"", ""O(ether)"", ""O(amide_carbonyl)""]",4,9,2,nitrate,nitrate,1,/nfs/home/nshank3/lanthanide_dataset_builder/data/geometries/La/La_Z57_ox3_CN9_nlig2_nitrate_b3acce98c3f1.xyz,/nfs/home/nshank3/lanthanide_dataset_builder/data/geometries/La/La_Z57_ox3_CN9_nlig2_nitrate_b3acce98c3f1.mol2,,-3065.9599693373275,ok_simplified_ligand,original_ligtype_failed_simplified_success,accepted,CCCCCCCCCCCCN(CCCCCCCCCCCC)C(=O)COCCOCC(=O)N(CCCCCCCCCCCC)CCCCCCCCCCCC,CN(C)C(=O)COCCOCC(=O)N(C)C,True,True,True,9,O9,"49:O:2.29,5:O:2.39,46:O:2.40,41:O:2.44,13:O:2.52,43:O:2.56,7:O:2.65,10:O:2.66,73:O:2.94",2.9398329494269997,2.2877368228668122,True,ok
4b9e6f47ed6d,,62,Sm,3,CCCCCCCCCCN(CCCCCCCCCC)C(=O)[C@H](C)O[C@H](CC)C(=O)N(CCCCCCCCCC)CCCCCCCCCC,"[22, 25, 30]","[""O(amide_carbonyl)"", ""O(ether)"", ""O(amide_carbonyl)""]",3,9,3,nitrate,nitrate,0,/nfs/home/nshank3/lanthanide_dataset_builder/data/geometries/Sm/Sm_Z62_ox3_CN9_nlig3_nitrate_4b9e6f47ed6d.xyz,/nfs/home/nshank3/lanthanide_dataset_builder/data/geometries/Sm/Sm_Z62_ox3_CN9_nlig3_nitrate_4b9e6f47ed6d.mol2,,-13616.40930096238,ok,built (large_ligand_deep attempt 1),accepted,CCCCCCCCCCN(CCCCCCCCCC)C(=O)[C@H](C)O[C@H](CC)C(=O)N(CCCCCCCCCC)CCCCCCCCCC,CCCCCCCCCCN(CCCCCCCCCC)C(=O)[C@H](C)O[C@H](CC)C(=O)N(CCCCCCCCCC)CCCCCCCCCC,False,True,True,9,O9,"177:O:2.38,169:O:2.45,315:O:2.46,23:O:2.50,31:O:2.51,26:O:2.55,172:O:2.68,318:O:2.74,323:O:2.84",2.8396995722799563,2.3772245832533523,True,ok
4daf401699d8,,60,Nd,3,CCCCC(CC)CN(CC(=O)N(CC(CC)CCCC)CC(CC)CCCC)CC(=O)N(CC(CC)CCCC)CC(CC)CCCC,"[8, 11, 31]","[""N(amine)"", ""O(amide_carbonyl)"", ""O(amide_carbonyl)""]",3,9,3,nitrate,nitrate,0,/nfs/home/nshank3/lanthanide_dataset_builder/data/geometries/Nd/Nd_Z60_ox3_CN9_nlig3_nitrate_4daf401699d8.xyz,/nfs/home/nshank3/lanthanide_dataset_builder/data/geometries/Nd/Nd_Z60_ox3_CN9_nlig3_nitrate_4daf401699d8.mol2,,-12788.613499592382,ok,built (standard attempt 1),accepted,CCCCC(CC)CN(CC(=O)N(CC(CC)CCCC)CC(CC)CCCC)CC(=O)N(CC(CC)CCCC)CC(CC)CCCC,CCCCC(CC)CN(CC(=O)N(CC(CC)CCCC)CC(CC)CCCC)CC(=O)N(CC(CC)CCCC)CC(CC)CCCC,False,True,True,7,"N2,O5","32:O:2.21,308:O:2.29,170:O:2.37,288:O:2.39,12:O:2.48,9:N:2.78,285:N:2.89",2.892063700772741,2.2104607663683455,False,ok
76e2ec6f2f0b,,66,Dy,3,CCCCCCCCN(CCCCCCCC)C(=O)c1ccc2ccc3ccc(C(=O)N(CCCCCCCC)CCCCCCCC)nc3c2n1,"[18, 30, 48, 51]","[""O(amide_carbonyl)"", ""O(amide_carbonyl)"", ""N(aromatic)"", ""N(aromatic)""]",4,8,2,nitrate,nitrate,0,/nfs/home/nshank3/lanthanide_dataset_builder/data/geometries/Dy/Dy_Z66_ox3_CN8_nlig2_nitrate_76e2ec6f2f0b.xyz,/nfs/home/nshank3/lanthanide_dataset_builder/data/geometries/Dy/Dy_Z66_ox3_CN8_nlig2_nitrate_76e2ec6f2f0b.mol2,,-8500.994081133602,ok,built (standard attempt 1),accepted,CCCCCCCCN(CCCCCCCC)C(=O)c1ccc2ccc3ccc(C(=O)N(CCCCCCCC)CCCCCCCC)nc3c2n1,CCCCCCCCN(CCCCCCCC)C(=O)c1ccc2ccc3ccc(C(=O)N(CCCCCCCC)CCCCCCCC)nc3c2n1,False,True,True,8,"N4,O4","19:O:2.37,145:O:2.46,31:O:2.54,157:O:2.55,49:N:2.68,175:N:2.69,178:N:2.70,52:N:2.72",2.717221528882801,2.370429486360622,True,ok
490f1add9e55,,62,Sm,3,CCCCCCCCN(CCCCCCCC)C(=O)c1ccc2ccc3ccc(C(=O)N(CCCCCCCC)CCCCCCCC)nc3c2n1,"[18, 30, 48, 51]","[""O(amide_carbonyl)"", ""O(amide_carbonyl)"", ""N(aromatic)"", ""N(aromatic)""]",4,9,2,water,water,1,/nfs/home/nshank3/lanthanide_dataset_builder/data/geometries/Sm/Sm_Z62_ox3_CN9_nlig2_water_490f1add9e55.xyz,/nfs/home/nshank3/lanthanide_dataset_builder/data/geometries/Sm/Sm_Z62_ox3_CN9_nlig2_water_490f1add9e55.mol2,,-8640.34407874925,ok,built (standard attempt 1),accepted,CCCCCCCCN(CCCCCCCC)C(=O)c1ccc2ccc3ccc(C(=O)N(CCCCCCCC)CCCCCCCC)nc3c2n1,CCCCCCCCN(CCCCCCCC)C(=O)c1ccc2ccc3ccc(C(=O)N(CCCCCCCC)CCCCCCCC)nc3c2n1,False,True,True,9,"N4,O5","31:O:2.30,19:O:2.38,157:O:2.48,145:O:2.53,49:N:2.56,52:N:2.58,178:N:2.58,175:N:2.81,253:O:2.83",2.8303545305420177,2.3044410332641143,True,ok
afcf6c9bafc3,,71,Lu,3,CCCCCCCCN(CCCCCCCC)C(=O)C(C)OC(C)C(=O)N(CCCCCCCC)CCCCCCCC,"[18, 21, 25]","[""O(amide_carbonyl)"", ""O(ether)"", ""O(amide_carbonyl)""]",3,8,2,nitrate,nitrate,2,/nfs/home/nshank3/lanthanide_dataset_builder/data/geometries/Lu/Lu_Z71_ox3_CN8_nlig2_nitrate_afcf6c9bafc3.xyz,/nfs/home/nshank3/lanthanide_dataset_builder/data/geometries/Lu/Lu_Z71_ox3_CN8_nlig2_nitrate_afcf6c9bafc3.mol2,,-7948.148283465503,ok,built (standard attempt 1),accepted,CCCCCCCCN(CCCCCCCC)C(=O)C(C)OC(C)C(=O)N(CCCCCCCC)CCCCCCCC,CCCCCCCCN(CCCCCCCC)C(=O)C(C)OC(C)C(=O)N(CCCCCCCC)CCCCCCCC,False,True,True,9,"N1,O8","19:O:2.07,241:O:2.07,242:O:2.14,138:O:2.19,145:O:2.20,141:O:2.24,26:O:2.42,239:N:2.45,22:O:2.47",2.4668972110861818,2.070334507399592,False,ok
08a1a228803c,,67,Ho,3,CN(C(=O)CC(=O)N(C)c1ccccc1)c1ccccc1,"[3, 6]","[""O(amide_carbonyl)"", ""O(amide_carbonyl)""]",2,8,4,nitrate,nitrate,0,/nfs/home/nshank3/lanthanide_dataset_builder/data/geometries/Ho/Ho_Z67_ox3_CN8_nlig4_nitrate_08a1a228803c.xyz,/nfs/home/nshank3/lanthanide_dataset_builder/data/geometries/Ho/Ho_Z67_ox3_CN8_nlig4_nitrate_08a1a228803c.mol2,,-6487.183390537499,ok,built (standard attempt 1),accepted,CN(C(=O)CC(=O)N(C)c1ccccc1)c1ccccc1,CN(C(=O)CC(=O)N(C)c1ccccc1)c1ccccc1,False,True,True,8,O8,"82:O:2.28,46:O:2.33,121:O:2.35,85:O:2.43,4:O:2.45,7:O:2.49,43:O:2.56,124:O:2.60",2.6018784767323533,2.284650600499031,True,ok
e8dfdac4fd04,,59,Pr,3,CCN(C(=O)c1cccc(-c2cccc(C(=O)N(CC)c3cc(C)ccc3C)n2)n1)c1cc(C)ccc1C,"[4, 16, 28, 29]","[""O(amide_carbonyl)"", ""O(amide_carbonyl)"", ""N(aromatic)"", ""N(aromatic)""]",4,9,2,nitrate,nitrate,1,/nfs/home/nshank3/lanthanide_dataset_builder/data/geometries/Pr/Pr_Z59_ox3_CN9_nlig2_nitrate_e8dfdac4fd04.xyz,/nfs/home/nshank3/lanthanide_dataset_builder/data/geometries/Pr/Pr_Z59_ox3_CN9_nlig2_nitrate_e8dfdac4fd04.mol2,,-5895.84974476144,ok,built (standard attempt 1),accepted,CCN(C(=O)c1cccc(-c2cccc(C(=O)N(CC)c3cc(C)ccc3C)n2)n1)c1cc(C)ccc1C,CCN(C(=O)c1cccc(-c2cccc(C(=O)N(CC)c3cc(C)ccc3C)n2)n1)c1cc(C)ccc1C,False,True,True,9,"N4,O5","5:O:2.38,30:N:2.44,89:O:2.45,101:N:2.47,29:N:2.48,102:N:2.49,77:O:2.50,17:O:2.53,145:O:2.78",2.7841896311308556,2.3781183409164894,True,ok
e5410665bf3b,,69,Tm,3,CCN(C(=O)c1cccc(-c2cccc(C(=O)N(CC)c3ccc(C)cc3C)n2)n1)c1ccc(C)cc1C,"[4, 16, 28, 29]","[""O(amide_carbonyl)"", ""O(amide_carbonyl)"", ""N(aromatic)"", ""N(aromatic)""]",4,8,2,nitrate,nitrate,0,/nfs/home/nshank3/lanthanide_dataset_builder/data/geometries/Tm/Tm_Z69_ox3_CN8_nlig2_nitrate_e5410665bf3b.xyz,/nfs/home/nshank3/lanthanide_dataset_builder/data/geometries/Tm/Tm_Z69_ox3_CN8_nlig2_nitrate_e5410665bf3b.mol2,,-5754.46366995323,ok,built (standard attempt 1),accepted,CCN(C(=O)c1cccc(-c2cccc(C(=O)N(CC)c3ccc(C)cc3C)n2)n1)c1ccc(C)cc1C,CCN(C(=O)c1cccc(-c2cccc(C(=O)N(CC)c3ccc(C)cc3C)n2)n1)c1ccc(C)cc1C,False,True,True,8,"N4,O4","89:O:2.22,17:O:2.23,77:O:2.39,5:O:2.41,101:N:2.50,29:N:2.54,102:N:2.61,30:N:2.67",2.667170198715792,2.216358869819302,True,ok
13274fc9f96f,,57,La,3,CCN(C(=O)c1cccc(-c2cccc(C(=O)N(CC)c3ccccc3)n2)n1)c1ccccc1,"[4, 16, 26, 27]","[""O(amide_carbonyl)"", ""O(amide_carbonyl)"", ""N(aromatic)"", ""N(aromatic)""]",4,9,2,nitrate,nitrate,1,/nfs/home/nshank3/lanthanide_dataset_builder/data/geometries/La/La_Z57_ox3_CN9_nlig2_nitrate_13274fc9f96f.xyz,/nfs/home/nshank3/lanthanide_dataset_builder/data/geometries/La/La_Z57_ox3_CN9_nlig2_nitrate_13274fc9f96f.mol2,,-5205.552864732887,ok,built (standard attempt 1),accepted,CCN(C(=O)c1cccc(-c2cccc(C(=O)N(CC)c3ccccc3)n2)n1)c1ccccc1,CCN(C(=O)c1cccc(-c2cccc(C(=O)N(CC)c3ccccc3)n2)n1)c1ccccc1,False,True,True,9,"N4,O5","65:O:2.23,17:O:2.47,77:O:2.52,5:O:2.58,88:N:2.69,27:N:2.71,28:N:2.77,121:O:2.78,87:N:2.80",2.796856619936269,2.2253720048092607,True,ok
cadd7085b21f,,70,Yb,3,CCN(C(=O)c1cccc(-c2cccc(C(=O)N(CC)c3ccccc3)n2)n1)c1ccccc1,"[4, 16, 26, 27]","[""O(amide_carbonyl)"", ""O(amide_carbonyl)"", ""N(aromatic)"", ""N(aromatic)""]",4,8,2,nitrate,nitrate,0,/nfs/home/nshank3/lanthanide_dataset_builder/data/geometries/Yb/Yb_Z70_ox3_CN8_nlig2_nitrate_cadd7085b21f.xyz,/nfs/home/nshank3/lanthanide_dataset_builder/data/geometries/Yb/Yb_Z70_ox3_CN8_nlig2_nitrate_cadd7085b21f.mol2,,-5064.128463596587,ok,built (standard attempt 1),accepted,CCN(C(=O)c1cccc(-c2cccc(C(=O)N(CC)c3ccccc3)n2)n1)c1ccccc1,CCN(C(=O)c1cccc(-c2cccc(C(=O)N(CC)c3ccccc3)n2)n1)c1ccccc1,False,True,True,8,"N4,O4","5:O:2.11,77:O:2.22,88:N:2.23,28:N:2.23,65:O:2.24,17:O:2.24,27:N:2.27,87:N:2.29",2.288989064498959,2.1099442069554937,True,ok
17d1a89f3ba2,,60,Nd,3,CCCCCCCCN(C(=O)c1ccc2ccc3cccnc3c2n1)c1ccc(C)cc1,"[10, 21, 24]","[""O(amide_carbonyl)"", ""N(aromatic)"", ""N(aromatic)""]",3,9,3,nitrate,nitrate,0,/nfs/home/nshank3/lanthanide_dataset_builder/data/geometries/Nd/Nd_Z60_ox3_CN9_nlig3_nitrate_17d1a89f3ba2.xyz,/nfs/home/nshank3/lanthanide_dataset_builder/data/geometries/Nd/Nd_Z60_ox3_CN9_nlig3_nitrate_17d1a89f3ba2.mol2,,-7241.754985182221,ok,built (standard attempt 1),accepted,CCCCCCCCN(C(=O)c1ccc2ccc3cccnc3c2n1)c1ccc(C)cc1,CCCCCCCCN(C(=O)c1ccc2ccc3cccnc3c2n1)c1ccc(C)cc1,False,True,True,9,"N6,O3","74:O:2.34,137:O:2.34,11:O:2.36,88:N:2.58,85:N:2.62,25:N:2.62,22:N:2.64,151:N:2.66,148:N:2.68",2.682124177703155,2.3365593763459898,True,ok
bf3d4b94b8f1,,58,Ce,3,CCc1ccc(N(CC)C(=O)c2ccc3ccc4ccc(C(=O)N(CC)c5ccc(CC)cc5)nc4c3n2)cc1,"[10, 22, 34, 37]","[""O(amide_carbonyl)"", ""O(amide_carbonyl)"", ""N(aromatic)"", ""N(aromatic)""]",4,9,2,nitrate,nitrate,1,/nfs/home/nshank3/lanthanide_dataset_builder/data/geometries/Ce/Ce_Z58_ox3_CN9_nlig2_nitrate_bf3d4b94b8f1.xyz,/nfs/home/nshank3/lanthanide_dataset_builder/data/geometries/Ce/Ce_Z58_ox3_CN9_nlig2_nitrate_bf3d4b94b8f1.mol2,,-6129.946409473331,ok,built (standard attempt 1),accepted,CCc1ccc(N(CC)C(=O)c2ccc3ccc4ccc(C(=O)N(CC)c5ccc(CC)cc5)nc4c3n2)cc1,CCc1ccc(N(CC)C(=O)c2ccc3ccc4ccc(C(=O)N(CC)c5ccc(CC)cc5)nc4c3n2)cc1,False,True,True,9,"N4,O5","85:O:2.32,97:O:2.33,38:N:2.34,109:N:2.34,23:O:2.37,11:O:2.38,112:N:2.40,35:N:2.41,149:O:2.89",2.8937085832237743,2.3239545674523328,True,ok
cc5ca9680814,,65,Tb,3,CCCCN(CCCC)C(=O)c1ccc2ccc3ccc(C(=O)N(CCCC)CCCC)nc3c2n1,"[10, 22, 32, 35]","[""O(amide_carbonyl)"", ""O(amide_carbonyl)"", ""N(aromatic)"", ""N(aromatic)""]",4,8,2,nitrate,nitrate,0,/nfs/home/nshank3/lanthanide_dataset_builder/data/geometries/Tb/Tb_Z65_ox3_CN8_nlig2_nitrate_cc5ca9680814.xyz,/nfs/home/nshank3/lanthanide_dataset_builder/data/geometries/Tb/Tb_Z65_ox3_CN8_nlig2_nitrate_cc5ca9680814.mol2,,-5746.326908146783,ok,built (standard attempt 1),accepted,CCCCN(CCCC)C(=O)c1ccc2ccc3ccc(C(=O)N(CCCC)CCCC)nc3c2n1,CCCCN(CCCC)C(=O)c1ccc2ccc3ccc(C(=O)N(CCCC)CCCC)nc3c2n1,False,True,True,8,"N4,O4","23:O:2.18,11:O:2.18,89:O:2.19,101:O:2.25,114:N:2.29,33:N:2.29,36:N:2.29,111:N:2.31",2.3084110900869774,2.179513376925813,True,ok
ac16f7a06741,,60,Nd,3,O=C(O)CN(CC(=O)O)C1CCCCC1N(CC(=O)O)CC(=O)O,"[0, 2, 4, 7, 8, 15, 18, 19]","[""O(ester_carbonyl)"", ""O(hydroxyl)"", ""N(amine)"", ""O(ester_carbonyl)"", ""O(hydroxyl)"", ""N(amine)"", ""O(ester_carbonyl)"", ""O(hydroxyl)""]",8,9,1,nitrate,nitrate,1,/nfs/home/nshank3/lanthanide_dataset_builder/data/geometries/Nd/Nd_Z60_ox3_CN9_nlig1_nitrate_ac16f7a06741.xyz,/nfs/home/nshank3/lanthanide_dataset_builder/data/geometries/Nd/Nd_Z60_ox3_CN9_nlig1_nitrate_ac16f7a06741.mol2,,-2299.2152812705253,ok,built (standard attempt 1),accepted,O=C(O)CN(CC(=O)O)C1CCCCC1N(CC(=O)O)CC(=O)O,O=C(O)CN(CC(=O)O)C1CCCCC1N(CC(=O)O)CC(=O)O,False,True,True,8,"N1,O7","1:O:2.17,19:O:2.19,8:O:2.20,23:O:2.24,47:O:2.35,16:N:2.50,9:O:2.63,3:O:3.01",3.005428582102098,2.1716744169920132,False,ok
e9e816218db5,,66,Dy,3,CCN(C(=O)c1cccc(C(=O)N(CC)c2ccccc2C)n1)c1ccccc1C,"[4, 11, 22]","[""O(amide_carbonyl)"", ""O(amide_carbonyl)"", ""N(aromatic)""]",3,8,2,nitrate,nitrate,2,/nfs/home/nshank3/lanthanide_dataset_builder/data/geometries/Dy/Dy_Z66_ox3_CN8_nlig2_nitrate_e9e816218db5.xyz,/nfs/home/nshank3/lanthanide_dataset_builder/data/geometries/Dy/Dy_Z66_ox3_CN8_nlig2_nitrate_e9e816218db5.mol2,,-5008.524882924179,ok,built (standard attempt 1),accepted,CCN(C(=O)c1cccc(C(=O)N(CC)c2ccccc2C)n1)c1ccccc1C,CCN(C(=O)c1cccc(C(=O)N(CC)c2ccccc2C)n1)c1ccccc1C,False,True,True,9,"N3,O6","12:O:2.15,118:O:2.19,117:O:2.19,69:O:2.22,62:O:2.23,80:N:2.29,23:N:2.47,5:O:2.49,115:N:2.54",2.5447135270168926,2.146493562048615,False,ok
b57df295ed81,,65,Tb,3,CCN(C(=O)c1cccc(C(=O)N(CC)c2cccc(C)c2)n1)c1cccc(C)c1,"[4, 11, 22]","[""O(amide_carbonyl)"", ""O(amide_carbonyl)"", ""N(aromatic)""]",3,8,2,nitrate,nitrate,2,/nfs/home/nshank3/lanthanide_dataset_builder/data/geometries/Tb/Tb_Z65_ox3_CN8_nlig2_nitrate_b57df295ed81.xyz,/nfs/home/nshank3/lanthanide_dataset_builder/data/geometries/Tb/Tb_Z65_ox3_CN8_nlig2_nitrate_b57df295ed81.mol2,,-5008.781913425183,ok,built (standard attempt 1),accepted,CCN(C(=O)c1cccc(C(=O)N(CC)c2cccc(C)c2)n1)c1cccc(C)c1,CCN(C(=O)c1cccc(C(=O)N(CC)c2cccc(C)c2)n1)c1cccc(C)c1,False,True,True,9,"N3,O6","118:O:2.11,117:O:2.15,62:O:2.15,69:O:2.23,12:O:2.24,80:N:2.39,5:O:2.45,23:N:2.47,115:N:2.48",2.4784337625464765,2.107795661575883,False,ok
1ea050391df5,,63,Eu,3,CCN(C(=O)c1cccc(C(=O)N(CC)c2cccc(C)c2)n1)c1cccc(C)c1,"[4, 11, 22]","[""O(amide_carbonyl)"", ""O(amide_carbonyl)"", ""N(aromatic)""]",3,9,3,nitrate,nitrate,0,/nfs/home/nshank3/lanthanide_dataset_builder/data/geometries/Eu/Eu_Z63_ox3_CN9_nlig3_nitrate_1ea050391df5.xyz,/nfs/home/nshank3/lanthanide_dataset_builder/data/geometries/Eu/Eu_Z63_ox3_CN9_nlig3_nitrate_1ea050391df5.mol2,,-6881.296795273708,ok,built (standard attempt 1),accepted,CCN(C(=O)c1cccc(C(=O)N(CC)c2cccc(C)c2)n1)c1cccc(C)c1,CCN(C(=O)c1cccc(C(=O)N(CC)c2cccc(C)c2)n1)c1cccc(C)c1,False,True,True,9,"N3,O6","12:O:2.29,5:O:2.29,69:O:2.32,126:O:2.33,62:O:2.37,119:O:2.39,23:N:2.54,80:N:2.64,137:N:2.68",2.67766717790574,2.2856671366867816,True,ok
de90cb6a80b3,,65,Tb,3,CCCCCCc1ccc(N(CC)C(=O)c2cccc(-c3cccc(C(=O)N(CC)c4ccc(CCCCCC)cc4)n3)n2)cc1,"[14, 26, 42, 43]","[""O(amide_carbonyl)"", ""O(amide_carbonyl)"", ""N(aromatic)"", ""N(aromatic)""]",4,8,2,nitrate,nitrate,0,/nfs/home/nshank3/lanthanide_dataset_builder/data/geometries/Tb/Tb_Z65_ox3_CN8_nlig2_nitrate_de90cb6a80b3.xyz,/nfs/home/nshank3/lanthanide_dataset_builder/data/geometries/Tb/Tb_Z65_ox3_CN8_nlig2_nitrate_de90cb6a80b3.mol2,,-7133.172997965246,ok,built (standard attempt 1),accepted,CCCCCCc1ccc(N(CC)C(=O)c2cccc(-c3cccc(C(=O)N(CC)c4ccc(CCCCCC)cc4)n3)n2)cc1,CCCCCCc1ccc(N(CC)C(=O)c2cccc(-c3cccc(C(=O)N(CC)c4ccc(CCCCCC)cc4)n3)n2)cc1,False,True,True,8,"N4,O4","15:O:2.20,123:O:2.21,111:O:2.34,27:O:2.34,139:N:2.43,44:N:2.44,43:N:2.46,140:N:2.61",2.6126904343640933,2.204251737169178,True,ok
5826276f1bcb,,63,Eu,3,CCCCN(C)C(=O)CC(=O)N(C)CCCC,"[7, 10]","[""O(amide_carbonyl)"", ""O(amide_carbonyl)""]",2,9,4,nitrate,nitrate,1,/nfs/home/nshank3/lanthanide_dataset_builder/data/geometries/Eu/Eu_Z63_ox3_CN9_nlig4_nitrate_5826276f1bcb.xyz,/nfs/home/nshank3/lanthanide_dataset_builder/data/geometries/Eu/Eu_Z63_ox3_CN9_nlig4_nitrate_5826276f1bcb.mol2,,-6143.327012014227,ok,built (standard attempt 1),accepted,CCCCN(C)C(=O)CC(=O)N(C)CCCC,CCCCN(C)C(=O)CC(=O)N(C)CCCC,False,True,True,9,O9,"94:O:2.36,97:O:2.39,137:O:2.40,8:O:2.41,140:O:2.48,11:O:2.55,51:O:2.61,54:O:2.64,173:O:2.67",2.674075368043801,2.359190913820348,True,ok
c2a594478281,,68,Er,3,CCCCCCN(C)C(=O)CC(=O)N(C)CCCCCC,"[9, 12]","[""O(amide_carbonyl)"", ""O(amide_carbonyl)""]",2,8,4,nitrate,nitrate,0,/nfs/home/nshank3/lanthanide_dataset_builder/data/geometries/Er/Er_Z68_ox3_CN8_nlig4_nitrate_c2a594478281.xyz,/nfs/home/nshank3/lanthanide_dataset_builder/data/geometries/Er/Er_Z68_ox3_CN8_nlig4_nitrate_c2a594478281.mol2,,-7379.580798611444,ok,built (standard attempt 1),accepted,CCCCCCN(C)C(=O)CC(=O)N(C)CCCCCC,CCCCCCN(C)C(=O)CC(=O)N(C)CCCCCC,False,True,True,8,O8,"10:O:2.25,13:O:2.28,178:O:2.31,123:O:2.35,68:O:2.48,175:O:2.65,65:O:2.66,120:O:2.94",2.940103759665691,2.247170362704012,True,ok
64a8e48f3f41,,63,Eu,3,CCCCN(CCCC)C(=O)CC(=O)N(CCCC)CCCC,"[10, 13]","[""O(amide_carbonyl)"", ""O(amide_carbonyl)""]",2,9,4,nitrate,nitrate,1,/nfs/home/nshank3/lanthanide_dataset_builder/data/geometries/Eu/Eu_Z63_ox3_CN9_nlig4_nitrate_64a8e48f3f41.xyz,/nfs/home/nshank3/lanthanide_dataset_builder/data/geometries/Eu/Eu_Z63_ox3_CN9_nlig4_nitrate_64a8e48f3f41.mol2,,-8210.492259901985,ok,built (standard attempt 1),accepted,CCCCN(CCCC)C(=O)CC(=O)N(CCCC)CCCC,CCCCN(CCCC)C(=O)CC(=O)N(CCCC)CCCC,False,True,True,9,O9,"11:O:2.39,197:O:2.41,72:O:2.41,75:O:2.45,133:O:2.51,194:O:2.52,136:O:2.57,14:O:2.58,245:O:2.60",2.6029591673745953,2.3874198011741155,True,ok
fb8eb6781614,,60,Nd,3,CCCCCCCCN(C)C(=O)C(CCCCCC)C(=O)N(C)CCCCCCCC,"[11, 20]","[""O(amide_carbonyl)"", ""O(amide_carbonyl)""]",2,9,4,nitrate,nitrate,1,/nfs/home/nshank3/lanthanide_dataset_builder/data/geometries/Nd/Nd_Z60_ox3_CN9_nlig4_nitrate_fb8eb6781614.xyz,/nfs/home/nshank3/lanthanide_dataset_builder/data/geometries/Nd/Nd_Z60_ox3_CN9_nlig4_nitrate_fb8eb6781614.mol2,,-10962.156976032027,ok,built (standard attempt 1),accepted,CCCCCCCCN(C)C(=O)C(CCCCCC)C(=O)N(C)CCCCCCCC,CCCCCCCCN(C)C(=O)C(CCCCCC)C(=O)N(C)CCCCCCCC,False,True,True,8,O8,"182:O:2.25,97:O:2.40,341:O:2.46,12:O:2.61,106:O:2.69,21:O:2.88,276:O:2.98,191:O:2.98",2.9844138789901047,2.2528493565808025,False,ok
b9dbd9b023ab,,65,Tb,3,CC1(C)CCC(C)(C)c2nc(-c3cccc(-c4cccc(-c5nnc6c(n5)C(C)(C)CCC6(C)C)n4)n3)nnc21,"[9, 22, 23, 26, 35, 36, 37, 38]","[""N(aromatic)"", ""N(aromatic)"", ""N(aromatic)"", ""N(aromatic)"", ""N(aromatic)"", ""N(aromatic)"", ""N(aromatic)"", ""N(aromatic)""]",8,8,1,nitrate,nitrate,0,/nfs/home/nshank3/lanthanide_dataset_builder/data/geometries/Tb/Tb_Z65_ox3_CN8_nlig1_nitrate_b9dbd9b023ab.xyz,/nfs/home/nshank3/lanthanide_dataset_builder/data/geometries/Tb/Tb_Z65_ox3_CN8_nlig1_nitrate_b9dbd9b023ab.mol2,,-3021.032741535409,ok,built (standard attempt 1),accepted,CC1(C)CCC(C)(C)c2nc(-c3cccc(-c4cccc(-c5nnc6c(n5)C(C)(C)CCC6(C)C)n4)n3)nnc21,CC1(C)CCC(C)(C)c2nc(-c3cccc(-c4cccc(-c5nnc6c(n5)C(C)(C)CCC6(C)C)n4)n3)nnc21,False,True,True,7,N7,"23:N:2.21,38:N:2.23,39:N:2.35,24:N:2.50,36:N:2.55,37:N:2.66,27:N:3.02",3.0195492700635174,2.206514280547924,False,ok
40012f263bb5,,66,Dy,3,CCCCCCCCP(=O)(CC(=O)N(CC(C)C)CC(C)C)c1ccccc1,"[9, 12]","[""O(ether)"", ""O(amide_carbonyl)""]",2,8,4,nitrate,nitrate,0,/nfs/home/nshank3/lanthanide_dataset_builder/data/geometries/Dy/Dy_Z66_ox3_CN8_nlig4_nitrate_40012f263bb5.xyz,/nfs/home/nshank3/lanthanide_dataset_builder/data/geometries/Dy/Dy_Z66_ox3_CN8_nlig4_nitrate_40012f263bb5.mol2,,-9414.348449883768,ok,built (standard attempt 1),accepted,CCCCCCCCP(=O)(CC(=O)N(CC(C)C)CC(C)C)c1ccccc1,CCCCCCCCP(=O)(CC(=O)N(CC(C)C)CC(C)C)c1ccccc1,False,True,True,8,O8,"80:O:2.24,220:O:2.25,150:O:2.42,83:O:2.52,10:O:2.57,153:O:2.68,13:O:2.70,223:O:2.74",2.7406811708528207,2.2421569922951523,True,ok
5901e5087775,,68,Er,3,CCCCCCN(CCC(C)CCC=C(C)C)C(=O)COCC(=O)N(CCCCCC)CCC(C)CCC=C(C)C,"[18, 20, 23]","[""O(amide_carbonyl)"", ""O(ether)"", ""O(amide_carbonyl)""]",3,8,2,water,water,2,/nfs/home/nshank3/lanthanide_dataset_builder/data/geometries/Er/Er_Z68_ox3_CN8_nlig2_water_5901e5087775.xyz,/nfs/home/nshank3/lanthanide_dataset_builder/data/geometries/Er/Er_Z68_ox3_CN8_nlig2_water_5901e5087775.mol2,,-7344.219500931693,ok,built (standard attempt 1),accepted,CCCCCCN(CCC(C)CCC=C(C)C)C(=O)COCC(=O)N(CCCCCC)CCC(C)CCC=C(C)C,CCCCCCN(CCC(C)CCC=C(C)C)C(=O)COCC(=O)N(CCCCCC)CCC(C)CCC=C(C)C,False,True,True,8,O8,"128:O:2.07,24:O:2.18,19:O:2.27,133:O:2.33,21:O:2.36,222:O:2.42,130:O:2.57,219:O:2.75",2.747742743382358,2.069876357348665,True,ok
0eb9f51b6fdf,,63,Eu,3,CCCCCCCCCCCCN(CCCCCCCCCCCC)C(=O)COC1CCCN(CCCCCC)C1=O,"[26, 28, 41]","[""O(amide_carbonyl)"", ""O(ether)"", ""O(amide_carbonyl)""]",3,9,3,nitrate,nitrate,0,/nfs/home/nshank3/lanthanide_dataset_builder/data/geometries/Eu/Eu_Z63_ox3_CN9_nlig3_nitrate_0eb9f51b6fdf.xyz,/nfs/home/nshank3/lanthanide_dataset_builder/data/geometries/Eu/Eu_Z63_ox3_CN9_nlig3_nitrate_0eb9f51b6fdf.mol2,,-10946.58745421796,ok,built (standard attempt 1),accepted,CCCCCCCCCCCCN(CCCCCCCCCCCC)C(=O)COC1CCCN(CCCCCC)C1=O,CCCCCCCCCCCCN(CCCCCCCCCCCC)C(=O)COC1CCCN(CCCCCC)C1=O,False,True,True,9,O9,"141:O:2.19,270:O:2.19,42:O:2.25,27:O:2.32,143:O:2.44,156:O:2.47,255:O:2.56,29:O:2.64,257:O:2.65",2.648841728290681,2.1884287555839492,True,ok
4bed52a4e22b,,62,Sm,3,CCCCCCN(CCC(C)CCCC(C)C)C(=O)COCC(=O)N(CCCCCC)CCC(C)CCCC(C)C,"[18, 20, 23]","[""O(amide_carbonyl)"", ""O(ether)"", ""O(amide_carbonyl)""]",3,9,3,water,water,0,/nfs/home/nshank3/lanthanide_dataset_builder/data/geometries/Sm/Sm_Z62_ox3_CN9_nlig3_water_4bed52a4e22b.xyz,/nfs/home/nshank3/lanthanide_dataset_builder/data/geometries/Sm/Sm_Z62_ox3_CN9_nlig3_water_4bed52a4e22b.mol2,,-10774.888000210069,ok,built (standard attempt 1),accepted,CCCCCCN(CCC(C)CCCC(C)C)C(=O)COCC(=O)N(CCCCCC)CCC(C)CCCC(C)C,CCCCCCN(CCC(C)CCCC(C)C)C(=O)COCC(=O)N(CCCCCC)CCC(C)CCCC(C)C,False,True,True,9,O9,"245:O:2.17,137:O:2.21,19:O:2.38,132:O:2.44,250:O:2.46,247:O:2.61,134:O:2.65,24:O:2.69,21:O:2.74",2.7363959954946724,2.169244754038551,True,ok
0eec28e02708,,62,Sm,3,CCCCCCCCP(=O)(CCCCCCCC)Cc1cccc(CP(=O)(CCCCCCCC)CCCCCCCC)[n+]1[O-],"[9, 26, 44]","[""O(ether)"", ""O(ether)"", ""O(ether)""]",3,9,3,nitrate,nitrate,0,/nfs/home/nshank3/lanthanide_dataset_builder/data/geometries/Sm/Sm_Z62_ox3_CN9_nlig3_nitrate_0eec28e02708.xyz,/nfs/home/nshank3/lanthanide_dataset_builder/data/geometries/Sm/Sm_Z62_ox3_CN9_nlig3_nitrate_0eec28e02708.mol2,,-11601.663832736733,ok,built (standard attempt 1),accepted,CCCCCCCCP(=O)(CCCCCCCC)Cc1cccc(CP(=O)(CCCCCCCC)CCCCCCCC)[n+]1[O-],CCCCCCCCP(=O)(CCCCCCCC)Cc1cccc(CP(=O)(CCCCCCCC)CCCCCCCC)[n+]1[O-],False,True,True,9,O9,"165:O:2.27,45:O:2.27,285:O:2.33,250:O:2.35,130:O:2.37,10:O:2.40,267:O:2.86,27:O:2.87,147:O:2.90",2.897200528114598,2.2658749420855484,True,ok
d2b28654fc73,,66,Dy,3,CCCCCCCCP(=O)(CCCCCCCC)Cc1cccc(CP(=O)(CCCCCCCC)CCCCCCCC)[n+]1[O-],"[9, 26, 44]","[""O(ether)"", ""O(ether)"", ""O(ether)""]",3,8,2,water,water,2,/nfs/home/nshank3/lanthanide_dataset_builder/data/geometries/Dy/Dy_Z66_ox3_CN8_nlig2_water_d2b28654fc73.xyz,/nfs/home/nshank3/lanthanide_dataset_builder/data/geometries/Dy/Dy_Z66_ox3_CN8_nlig2_water_d2b28654fc73.mol2,,-8010.683696014013,ok,built (standard attempt 1),accepted,CCCCCCCCP(=O)(CCCCCCCC)Cc1cccc(CP(=O)(CCCCCCCC)CCCCCCCC)[n+]1[O-],CCCCCCCCP(=O)(CCCCCCCC)Cc1cccc(CP(=O)(CCCCCCCC)CCCCCCCC)[n+]1[O-],False,True,True,9,"N1,O8","165:O:2.23,10:O:2.23,27:O:2.29,147:O:2.30,130:O:2.32,45:O:2.34,241:O:2.69,244:O:2.78,164:N:3.08",3.079664381899289,2.226330861826713,False,ok
04e043628161,,60,Nd,3,CCCCCCCCCCCCN(CCCCCCCCCCCC)C(=O)COCC(=O)N(CCCCCCCC)CCCCCCCC,"[26, 28, 31]","[""O(amide_carbonyl)"", ""O(ether)"", ""O(amide_carbonyl)""]",3,9,3,nitrate,nitrate,0,/nfs/home/nshank3/lanthanide_dataset_builder/data/geometries/Nd/Nd_Z60_ox3_CN9_nlig3_nitrate_04e043628161.xyz,/nfs/home/nshank3/lanthanide_dataset_builder/data/geometries/Nd/Nd_Z60_ox3_CN9_nlig3_nitrate_04e043628161.mol2,,-12841.02134118315,ok,built (standard attempt 1),accepted,CCCCCCCCCCCCN(CCCCCCCCCCCC)C(=O)COCC(=O)N(CCCCCCCC)CCCCCCCC,CCCCCCCCCCCCN(CCCCCCCCCCCC)C(=O)COCC(=O)N(CCCCCCCC)CCCCCCCC,False,True,True,9,O9,"169:O:2.29,32:O:2.36,306:O:2.37,301:O:2.41,166:O:2.54,164:O:2.60,29:O:2.63,303:O:2.75,27:O:2.76",2.7572010583705078,2.2891181635290225,True,ok
bc638483400c,,60,Nd,3,CCCCC(CC)CN(CC(CC)CCCC)C(=O)COCC(=O)N(CC(CC)CCCC)CC(CC)CCCC,"[18, 20, 23]","[""O(amide_carbonyl)"", ""O(ether)"", ""O(amide_carbonyl)""]",3,9,3,water,water,0,/nfs/home/nshank3/lanthanide_dataset_builder/data/geometries/Nd/Nd_Z60_ox3_CN9_nlig3_water_bc638483400c.xyz,/nfs/home/nshank3/lanthanide_dataset_builder/data/geometries/Nd/Nd_Z60_ox3_CN9_nlig3_water_bc638483400c.mol2,,-10775.135955172833,ok,built (standard attempt 1),accepted,CCCCC(CC)CN(CC(CC)CCCC)C(=O)COCC(=O)N(CC(CC)CCCC)CC(CC)CCCC,CCCCC(CC)CN(CC(CC)CCCC)C(=O)COCC(=O)N(CC(CC)CCCC)CC(CC)CCCC,False,True,True,9,O9,"24:O:2.29,19:O:2.34,245:O:2.38,137:O:2.42,247:O:2.53,250:O:2.53,21:O:2.61,132:O:2.72,134:O:2.81",2.8082236988713256,2.2937829967723022,True,ok
d48b4e430acd,,62,Sm,3,CCCCCCCCCCN(CCCCCCCCCC)C(=O)COCC(=O)N(CCCCCC)CCCCCC,"[22, 24, 27]","[""O(amide_carbonyl)"", ""O(ether)"", ""O(amide_carbonyl)""]",3,9,3,water,water,0,/nfs/home/nshank3/lanthanide_dataset_builder/data/geometries/Sm/Sm_Z62_ox3_CN9_nlig3_water_d48b4e430acd.xyz,/nfs/home/nshank3/lanthanide_dataset_builder/data/geometries/Sm/Sm_Z62_ox3_CN9_nlig3_water_d48b4e430acd.mol2,,-10774.561739044188,ok,built (standard attempt 1),accepted,CCCCCCCCCCN(CCCCCCCCCC)C(=O)COCC(=O)N(CCCCCC)CCCCCC,CCCCCCCCCCN(CCCCCCCCCC)C(=O)COCC(=O)N(CCCCCC)CCCCCC,False,True,True,9,O9,"141:O:2.28,254:O:2.40,28:O:2.48,136:O:2.65,249:O:2.65,138:O:2.68,251:O:2.70,25:O:2.79,23:O:2.81",2.81242214046283,2.280019387835127,True,ok
0153ed287bb6,,67,Ho,3,CCN(CC)C(=O)COCC(=O)N(CC)CC,"[6, 8, 11]","[""O(amide_carbonyl)"", ""O(ether)"", ""O(amide_carbonyl)""]",3,8,2,nitrate,nitrate,2,/nfs/home/nshank3/lanthanide_dataset_builder/data/geometries/Ho/Ho_Z67_ox3_CN8_nlig2_nitrate_0153ed287bb6.xyz,/nfs/home/nshank3/lanthanide_dataset_builder/data/geometries/Ho/Ho_Z67_ox3_CN8_nlig2_nitrate_0153ed287bb6.mol2,,-3472.442821100657,ok,built (standard attempt 1),accepted,CCN(CC)C(=O)COCC(=O)N(CC)CC,CCN(CC)C(=O)COCC(=O)N(CC)CC,False,True,True,9,"N1,O8","85:O:2.04,86:O:2.05,53:O:2.18,12:O:2.18,7:O:2.23,48:O:2.27,83:N:2.39,50:O:2.55,9:O:2.64",2.644935737626312,2.038055919669764,False,ok
691f291b34fa,,66,Dy,3,CCCCCCCCN(CCCCCCCC)C(=O)COCCOCC(=O)N(CCCCCCCC)CCCCCCCC,"[18, 20, 23, 26]","[""O(amide_carbonyl)"", ""O(ether)"", ""O(ether)"", ""O(amide_carbonyl)""]",4,8,2,nitrate,nitrate,0,/nfs/home/nshank3/lanthanide_dataset_builder/data/geometries/Dy/Dy_Z66_ox3_CN8_nlig2_nitrate_691f291b34fa.xyz,/nfs/home/nshank3/lanthanide_dataset_builder/data/geometries/Dy/Dy_Z66_ox3_CN8_nlig2_nitrate_691f291b34fa.mol2,,-7745.172870201261,ok,built (standard attempt 1),accepted,CCCCCCCCN(CCCCCCCC)C(=O)COCCOCC(=O)N(CCCCCCCC)CCCCCCCC,CCCCCCCCN(CCCCCCCC)C(=O)COCCOCC(=O)N(CCCCCCCC)CCCCCCCC,False,True,True,8,O8,"27:O:2.10,147:O:2.29,19:O:2.43,139:O:2.44,144:O:2.52,24:O:2.68,141:O:2.71,21:O:2.71",2.7093037785083505,2.1022007485037406,True,ok
e6f1d9a5abba,,57,La,3,CCCCCCCCN(CCCCCCCC)C(=O)[C@H](CCC)O[C@H](CCC)C(=O)N(CCCCCCCC)CCCCCCCC,"[18, 23, 29]","[""O(amide_carbonyl)"", ""O(ether)"", ""O(amide_carbonyl)""]",3,9,3,nitrate,nitrate,0,/nfs/home/nshank3/lanthanide_dataset_builder/data/geometries/La/La_Z57_ox3_CN9_nlig3_nitrate_e6f1d9a5abba.xyz,/nfs/home/nshank3/lanthanide_dataset_builder/data/geometries/La/La_Z57_ox3_CN9_nlig3_nitrate_e6f1d9a5abba.mol2,,-12327.64296256334,ok,built (standard attempt 1),accepted,CCCCCCCCN(CCCCCCCC)C(=O)[C@H](CCC)O[C@H](CCC)C(=O)N(CCCCCCCC)CCCCCCCC,CCCCCCCCN(CCCCCCCC)C(=O)[C@H](CCC)O[C@H](CCC)C(=O)N(CCCCCCCC)CCCCCCCC,False,True,True,9,O9,"292:O:2.39,30:O:2.41,161:O:2.43,150:O:2.59,281:O:2.60,19:O:2.65,286:O:2.82,24:O:2.86,155:O:2.88",2.8846918688245093,2.390590860851377,True,ok
67b06e1b77e3,,59,Pr,3,CCCCCCCCN(CCCCCCCC)C(=O)[C@H](C)O[C@@H](CC)C(=O)N(CCCCCCCC)CCCCCCCC,"[18, 21, 26]","[""O(amide_carbonyl)"", ""O(ether)"", ""O(amide_carbonyl)""]",3,9,3,nitrate,nitrate,0,/nfs/home/nshank3/lanthanide_dataset_builder/data/geometries/Pr/Pr_Z59_ox3_CN9_nlig3_nitrate_67b06e1b77e3.xyz,/nfs/home/nshank3/lanthanide_dataset_builder/data/geometries/Pr/Pr_Z59_ox3_CN9_nlig3_nitrate_67b06e1b77e3.mol2,,-11547.693183916106,ok,built (standard attempt 1),accepted,CCCCCCCCN(CCCCCCCC)C(=O)[C@H](C)O[C@@H](CC)C(=O)N(CCCCCCCC)CCCCCCCC,CCCCCCCCN(CCCCCCCC)C(=O)[C@H](C)O[C@@H](CC)C(=O)N(CCCCCCCC)CCCCCCCC,False,True,True,7,O7,"271:O:2.24,27:O:2.24,141:O:2.50,19:O:2.54,263:O:2.71,144:O:2.92,22:O:3.15",3.147939969558773,2.235143675653501,False,ok
3ba30f5fe8be,,71,Lu,3,CC12CCC(c3nnc(-c4cccc(-c5nnc6c(n5)C5(C)CCC6C5(C)C)n4)nc31)C2(C)C,"[6, 7, 15, 16, 19, 28, 29]","[""N(aromatic)"", ""N(aromatic)"", ""N(aromatic)"", ""N(aromatic)"", ""N(aromatic)"", ""N(aromatic)"", ""N(aromatic)""]",7,8,1,nitrate,nitrate,1,/nfs/home/nshank3/lanthanide_dataset_builder/data/geometries/Lu/Lu_Z71_ox3_CN8_nlig1_nitrate_3ba30f5fe8be.xyz,/nfs/home/nshank3/lanthanide_dataset_builder/data/geometries/Lu/Lu_Z71_ox3_CN8_nlig1_nitrate_3ba30f5fe8be.mol2,,-2688.347268672615,ok,built (standard attempt 1),accepted,CC12CCC(c3nnc(-c4cccc(-c5nnc6c(n5)C5(C)CCC6C5(C)C)n4)nc31)C2(C)C,CC12CCC(c3nnc(-c4cccc(-c5nnc6c(n5)C5(C)CCC6C5(C)C)n4)nc31)C2(C)C,False,True,True,7,"N6,O1","16:N:2.12,29:N:2.31,66:O:2.46,30:N:2.50,7:N:2.50,8:N:2.51,17:N:2.70",2.697532670696147,2.122211041143212,False,ok
ce738ef3149c,,63,Eu,3,O=C(c1cc(Cl)c2ccc3c(Cl)cc(C(=O)N4CCCC4)nc3c2n1)N1CCCC1,"[0, 15, 21, 24]","[""O(amide_carbonyl)"", ""O(amide_carbonyl)"", ""N(aromatic)"", ""N(aromatic)""]",4,9,2,nitrate,nitrate,1,/nfs/home/nshank3/lanthanide_dataset_builder/data/geometries/Eu/Eu_Z63_ox3_CN9_nlig2_nitrate_ce738ef3149c.xyz,/nfs/home/nshank3/lanthanide_dataset_builder/data/geometries/Eu/Eu_Z63_ox3_CN9_nlig2_nitrate_ce738ef3149c.mol2,,-4838.963333083334,ok,built (standard attempt 1),accepted,O=C(c1cc(Cl)c2ccc3c(Cl)cc(C(=O)N4CCCC4)nc3c2n1)N1CCCC1,O=C(c1cc(Cl)c2ccc3c(Cl)cc(C(=O)N4CCCC4)nc3c2n1)N1CCCC1,False,True,True,9,"N4,O5","1:O:2.29,66:O:2.31,16:O:2.37,51:O:2.37,25:N:2.41,75:N:2.43,72:N:2.43,22:N:2.46,101:O:2.91",2.9146928327412778,2.292931577772458,True,ok
ce18f978f6a5,,65,Tb,3,CC(C)CCCC(C)CCCCN(C)C(=O)COCC(=O)N(C)CCCCC(C)CCCC(C)C,"[15, 17, 20]","[""O(amide_carbonyl)"", ""O(ether)"", ""O(amide_carbonyl)""]",3,8,2,water,water,2,/nfs/home/nshank3/lanthanide_dataset_builder/data/geometries/Tb/Tb_Z65_ox3_CN8_nlig2_water_ce18f978f6a5.xyz,/nfs/home/nshank3/lanthanide_dataset_builder/data/geometries/Tb/Tb_Z65_ox3_CN8_nlig2_water_ce18f978f6a5.mol2,,-6425.08642692227,ok,built (standard attempt 1),accepted,CC(C)CCCC(C)CCCCN(C)C(=O)COCC(=O)N(C)CCCCC(C)CCCC(C)C,CC(C)CCCC(C)CCCCN(C)C(=O)COCC(=O)N(C)CCCCC(C)CCCC(C)C,False,True,True,8,O8,"111:O:2.25,16:O:2.32,21:O:2.39,191:O:2.45,116:O:2.56,113:O:2.60,194:O:2.67,18:O:2.69",2.685284338722961,2.2470051634537906,True,ok
ac8fe0d053b4,,58,Ce,3,CCCCCCCCN(CCC)C(=O)COCC(=O)N(CCC)CCCCCCCC,"[13, 15, 18]","[""O(amide_carbonyl)"", ""O(ether)"", ""O(amide_carbonyl)""]",3,9,3,water,water,0,/nfs/home/nshank3/lanthanide_dataset_builder/data/geometries/Ce/Ce_Z58_ox3_CN9_nlig3_water_ac8fe0d053b4.xyz,/nfs/home/nshank3/lanthanide_dataset_builder/data/geometries/Ce/Ce_Z58_ox3_CN9_nlig3_water_ac8fe0d053b4.mol2,,-8192.972910246215,ok,built (standard attempt 1),accepted,CCCCCCCCN(CCC)C(=O)COCC(=O)N(CCC)CCCCCCCC,CCCCCCCCN(CCC)C(=O)COCC(=O)N(CCC)CCCCCCCC,False,True,True,9,O9,"185:O:2.20,14:O:2.23,97:O:2.33,16:O:2.37,19:O:2.42,180:O:2.46,182:O:2.50,102:O:2.55,99:O:2.69",2.692011956956779,2.1960497005172526,True,ok
23bc11341179,,58,Ce,3,CCCCCCn1c(-c2ccccc2)c(-c2ccccc2)c2cc3ccc4cc5c(-c6ccccc6)c(-c6ccccc6)n(CCCCCC)c(=O)c5nc4c3nc2c1=O,"[6, 43, 51, 53, 56, 59]","[""N(aromatic)"", ""N(aromatic)"", ""O(amide_carbonyl)"", ""N(aromatic)"", ""N(aromatic)"", ""O(amide_carbonyl)""]",6,9,1,nitrate,nitrate,3,/nfs/home/nshank3/lanthanide_dataset_builder/data/geometries/Ce/Ce_Z58_ox3_CN9_nlig1_nitrate_23bc11341179.xyz,/nfs/home/nshank3/lanthanide_dataset_builder/data/geometries/Ce/Ce_Z58_ox3_CN9_nlig1_nitrate_23bc11341179.mol2,,-4940.458352880567,ok,built (standard attempt 1),accepted,CCCCCCn1c(-c2ccccc2)c(-c2ccccc2)c2cc3ccc4cc5c(-c6ccccc6)c(-c6ccccc6)n(CCCCCC)c(=O)c5nc4c3nc2c1=O,CCCCCCn1c(-c2ccccc2)c(-c2ccccc2)c2cc3ccc4cc5c(-c6ccccc6)c(-c6ccccc6)n(CCCCCC)c(=O)c5nc4c3nc2c1=O,False,True,True,8,"N3,O5","114:O:2.15,113:O:2.18,60:O:2.31,52:O:2.33,57:N:2.52,111:N:2.53,54:N:2.54,115:O:2.88",2.882309932139125,2.152426893292823,False,ok
c0ed1cd7ac83,,70,Yb,3,CCCCCCCCN(CCCCCCCC)C(=O)[C@H](C)O[C@@H](C)C(=O)N(CCCCCCCC)CCCCCCCC,"[18, 21, 25]","[""O(amide_carbonyl)"", ""O(ether)"", ""O(amide_carbonyl)""]",3,8,2,nitrate,nitrate,2,/nfs/home/nshank3/lanthanide_dataset_builder/data/geometries/Yb/Yb_Z70_ox3_CN8_nlig2_nitrate_c0ed1cd7ac83.xyz,/nfs/home/nshank3/lanthanide_dataset_builder/data/geometries/Yb/Yb_Z70_ox3_CN8_nlig2_nitrate_c0ed1cd7ac83.mol2,,-7948.660201465203,ok,built (standard attempt 1),accepted,CCCCCCCCN(CCCCCCCC)C(=O)[C@H](C)O[C@@H](C)C(=O)N(CCCCCCCC)CCCCCCCC,CCCCCCCCN(CCCCCCCC)C(=O)[C@H](C)O[C@@H](C)C(=O)N(CCCCCCCC)CCCCCCCC,False,True,True,9,"N1,O8","241:O:2.01,242:O:2.03,138:O:2.19,26:O:2.29,141:O:2.33,239:N:2.36,22:O:2.45,19:O:2.51,145:O:2.82",2.8166471365748826,2.0069538268822145,False,ok
da451a1ff71f,,66,Dy,3,CCCCCCCCN(CCCCCCCC)C(=O)[C@H](C)O[C@H](C)C(=O)N(CCCCCCCC)CCCCCCCC,"[18, 21, 25]","[""O(amide_carbonyl)"", ""O(ether)"", ""O(amide_carbonyl)""]",3,8,2,nitrate,nitrate,2,/nfs/home/nshank3/lanthanide_dataset_builder/data/geometries/Dy/Dy_Z66_ox3_CN8_nlig2_nitrate_da451a1ff71f.xyz,/nfs/home/nshank3/lanthanide_dataset_builder/data/geometries/Dy/Dy_Z66_ox3_CN8_nlig2_nitrate_da451a1ff71f.mol2,,-7948.706930571431,ok,built (standard attempt 1),accepted,CCCCCCCCN(CCCCCCCC)C(=O)[C@H](C)O[C@H](C)C(=O)N(CCCCCCCC)CCCCCCCC,CCCCCCCCN(CCCCCCCC)C(=O)[C@H](C)O[C@H](C)C(=O)N(CCCCCCCC)CCCCCCCC,False,True,True,9,"N1,O8","241:O:2.12,242:O:2.13,138:O:2.27,26:O:2.38,145:O:2.42,239:N:2.48,19:O:2.56,22:O:2.69,141:O:2.88",2.8848773317536818,2.119994901942695,False,ok
03203ba59250,,66,Dy,3,CCCCCCCCN(CCCC(CCCC)CCCCCC)C(=O)COCC(=O)N(CCCCCCCC)CCCC(CCCC)CCCCCC,"[24, 26, 29]","[""O(amide_carbonyl)"", ""O(ether)"", ""O(amide_carbonyl)""]",3,8,2,water,water,2,/nfs/home/nshank3/lanthanide_dataset_builder/data/geometries/Dy/Dy_Z66_ox3_CN8_nlig2_water_03203ba59250.xyz,/nfs/home/nshank3/lanthanide_dataset_builder/data/geometries/Dy/Dy_Z66_ox3_CN8_nlig2_water_03203ba59250.mol2,,-9522.49569637378,ok,built (standard attempt 1),accepted,CCCCCCCCN(CCCC(CCCC)CCCCCC)C(=O)COCC(=O)N(CCCCCCCC)CCCC(CCCC)CCCCCC,CCCCCCCCN(CCCC(CCCC)CCCCCC)C(=O)COCC(=O)N(CCCCCCCC)CCCC(CCCC)CCCCCC,False,True,True,8,O8,"174:O:2.13,25:O:2.16,179:O:2.19,30:O:2.22,27:O:2.46,176:O:2.52,299:O:2.62,302:O:2.68",2.6782679676826833,2.1254738554497066,True,ok
e63f7a39c141,,68,Er,3,CN(C(=O)COCC(=O)N(C)c1ccccc1)c1ccccc1,"[3, 5, 8]","[""O(amide_carbonyl)"", ""O(ether)"", ""O(amide_carbonyl)""]",3,8,2,nitrate,nitrate,2,/nfs/home/nshank3/lanthanide_dataset_builder/data/geometries/Er/Er_Z68_ox3_CN8_nlig2_nitrate_e63f7a39c141.xyz,/nfs/home/nshank3/lanthanide_dataset_builder/data/geometries/Er/Er_Z68_ox3_CN8_nlig2_nitrate_e63f7a39c141.mol2,,-4057.250093492443,ok,built (standard attempt 1),accepted,CN(C(=O)COCC(=O)N(C)c1ccccc1)c1ccccc1,CN(C(=O)COCC(=O)N(C)c1ccccc1)c1ccccc1,False,True,True,9,"N1,O8","90:O:2.10,4:O:2.12,47:O:2.17,89:O:2.27,52:O:2.40,9:O:2.45,49:O:2.52,6:O:2.53,87:N:2.55",2.5548285279781915,2.100312590816511,False,ok
9e27ed7c1632,,68,Er,3,CCCCCCCCN(C)C(=O)COCC(=O)N(CCCCCCCC)CCCCCCCC,"[11, 13, 16]","[""O(amide_carbonyl)"", ""O(ether)"", ""O(amide_carbonyl)""]",3,8,2,water,water,2,/nfs/home/nshank3/lanthanide_dataset_builder/data/geometries/Er/Er_Z68_ox3_CN8_nlig2_water_9e27ed7c1632.xyz,/nfs/home/nshank3/lanthanide_dataset_builder/data/geometries/Er/Er_Z68_ox3_CN8_nlig2_water_9e27ed7c1632.mol2,,-6251.654985038819,ok,built (standard attempt 1),accepted,CCCCCCCCN(C)C(=O)COCC(=O)N(CCCCCCCC)CCCCCCCC,CCCCCCCCN(C)C(=O)COCC(=O)N(CCCCCCCC)CCCCCCCC,False,True,True,8,O8,"17:O:2.17,109:O:2.20,12:O:2.25,104:O:2.35,106:O:2.46,14:O:2.48,188:O:2.53,185:O:2.82",2.821174191607097,2.170426893704228,True,ok
edfc3ebb8ed0,,70,Yb,3,O=C(COCC(=O)N1CCCCC1)N1CCCCC1,"[0, 3, 6]","[""O(amide_carbonyl)"", ""O(ether)"", ""O(amide_carbonyl)""]",3,8,2,water,water,2,/nfs/home/nshank3/lanthanide_dataset_builder/data/geometries/Yb/Yb_Z70_ox3_CN8_nlig2_water_edfc3ebb8ed0.xyz,/nfs/home/nshank3/lanthanide_dataset_builder/data/geometries/Yb/Yb_Z70_ox3_CN8_nlig2_water_edfc3ebb8ed0.mol2,,-3558.8179909959736,ok,built (standard attempt 1),accepted,O=C(COCC(=O)N1CCCCC1)N1CCCCC1,O=C(COCC(=O)N1CCCCC1)N1CCCCC1,False,True,True,8,O8,"1:O:2.13,44:O:2.14,50:O:2.17,7:O:2.17,90:O:2.39,4:O:2.53,47:O:2.61,87:O:2.65",2.651655653487192,2.125468238046897,True,ok
f868270ec4a9,,63,Eu,3,c1cc(-n2cccn2)nc(-n2cccn2)c1,"[3, 7, 8, 10, 14]","[""N(aromatic)"", ""N(aromatic)"", ""N(aromatic)"", ""N(aromatic)"", ""N(aromatic)""]",5,9,1,nitrate,nitrate,4,/nfs/home/nshank3/lanthanide_dataset_builder/data/geometries/Eu/Eu_Z63_ox3_CN9_nlig1_nitrate_f868270ec4a9.xyz,/nfs/home/nshank3/lanthanide_dataset_builder/data/geometries/Eu/Eu_Z63_ox3_CN9_nlig1_nitrate_f868270ec4a9.mol2,,-2006.1763106081312,ok,built (standard attempt 1),accepted,c1cc(-n2cccn2)nc(-n2cccn2)c1,c1cc(-n2cccn2)nc(-n2cccn2)c1,False,True,True,9,"N5,O4","28:O:2.08,29:O:2.08,32:O:2.09,33:O:2.16,30:N:2.37,26:N:2.38,9:N:2.46,15:N:2.52,8:N:2.55",2.5504773893582855,2.0779767358453567,True,ok
507be9f6716c,,65,Tb,3,CCCCCc1nnc(-c2cccc(-c3cccc(-c4nnc(CCCCC)c(CCCCC)n4)n3)n2)nc1CCCCC,"[6, 7, 20, 21, 34, 35, 36, 37]","[""N(aromatic)"", ""N(aromatic)"", ""N(aromatic)"", ""N(aromatic)"", ""N(aromatic)"", ""N(aromatic)"", ""N(aromatic)"", ""N(aromatic)""]",8,8,1,nitrate,nitrate,0,/nfs/home/nshank3/lanthanide_dataset_builder/data/geometries/Tb/Tb_Z65_ox3_CN8_nlig1_nitrate_507be9f6716c.xyz,/nfs/home/nshank3/lanthanide_dataset_builder/data/geometries/Tb/Tb_Z65_ox3_CN8_nlig1_nitrate_507be9f6716c.mol2,,-3418.701837494628,ok,built (standard attempt 1),accepted,CCCCCc1nnc(-c2cccc(-c3cccc(-c4nnc(CCCCC)c(CCCCC)n4)n3)n2)nc1CCCCC,CCCCCc1nnc(-c2cccc(-c3cccc(-c4nnc(CCCCC)c(CCCCC)n4)n3)n2)nc1CCCCC,False,True,True,6,N6,"8:N:2.21,22:N:2.29,37:N:2.47,7:N:2.84,36:N:2.86,21:N:2.92",2.918165283936184,2.2111167127182174,False,ok
d7e8ec9f5e9d,,57,La,3,CCCc1nnc(-c2cccc(-c3nnc(CCC)c(CCC)n3)n2)nc1CCC,"[4, 5, 13, 14, 23, 24, 25]","[""N(aromatic)"", ""N(aromatic)"", ""N(aromatic)"", ""N(aromatic)"", ""N(aromatic)"", ""N(aromatic)"", ""N(aromatic)""]",7,9,1,nitrate,nitrate,2,/nfs/home/nshank3/lanthanide_dataset_builder/data/geometries/La/La_Z57_ox3_CN9_nlig1_nitrate_d7e8ec9f5e9d.xyz,/nfs/home/nshank3/lanthanide_dataset_builder/data/geometries/La/La_Z57_ox3_CN9_nlig1_nitrate_d7e8ec9f5e9d.mol2,,-2746.798494412792,ok,built (standard attempt 1),accepted,CCCc1nnc(-c2cccc(-c3nnc(CCC)c(CCC)n3)n2)nc1CCC,CCCc1nnc(-c2cccc(-c3nnc(CCC)c(CCC)n3)n2)nc1CCC,False,True,True,6,"N4,O2","64:O:2.09,65:O:2.14,25:N:2.46,24:N:2.46,26:N:2.47,62:N:2.52",2.5166134956735524,2.088033726917553,False,ok
8452882fd016,,63,Eu,3,CCCCCCCCN(CCCCCCCC)C(=O)COCC(=O)N1CCCCC1,"[18, 20, 23]","[""O(amide_carbonyl)"", ""O(ether)"", ""O(amide_carbonyl)""]",3,9,3,water,water,0,/nfs/home/nshank3/lanthanide_dataset_builder/data/geometries/Eu/Eu_Z63_ox3_CN9_nlig3_water_8452882fd016.xyz,/nfs/home/nshank3/lanthanide_dataset_builder/data/geometries/Eu/Eu_Z63_ox3_CN9_nlig3_water_8452882fd016.mol2,,-7850.564363688081,ok,built (standard attempt 1),accepted,CCCCCCCCN(CCCCCCCC)C(=O)COCC(=O)N1CCCCC1,CCCCCCCCN(CCCCCCCC)C(=O)COCC(=O)N1CCCCC1,False,True,True,9,O9,"175:O:2.31,97:O:2.33,24:O:2.35,19:O:2.36,180:O:2.54,21:O:2.60,102:O:2.60,99:O:2.72,177:O:2.95",2.9499456950912775,2.3065300423158765,True,ok
26cecbefbbe2,,63,Eu,3,CCCCCCCCCCCCN(CCCCCCCC)C(=O)COCC(=O)N(CCCCCCCC)CCCCCCCCCCCC,"[22, 24, 27]","[""O(amide_carbonyl)"", ""O(ether)"", ""O(amide_carbonyl)""]",3,9,3,water,water,0,/nfs/home/nshank3/lanthanide_dataset_builder/data/geometries/Eu/Eu_Z63_ox3_CN9_nlig3_water_26cecbefbbe2.xyz,/nfs/home/nshank3/lanthanide_dataset_builder/data/geometries/Eu/Eu_Z63_ox3_CN9_nlig3_water_26cecbefbbe2.mol2,,-12842.295169558822,ok,built (standard attempt 2),accepted,CCCCCCCCCCCCN(CCCCCCCC)C(=O)COCC(=O)N(CCCCCCCC)CCCCCCCCCCCC,CCCCCCCCCCCCN(CCCCCCCC)C(=O)COCC(=O)N(CCCCCCCC)CCCCCCCCCCCC,False,True,True,9,O9,"297:O:2.32,160:O:2.34,23:O:2.37,162:O:2.50,302:O:2.56,299:O:2.56,25:O:2.56,28:O:2.64,165:O:2.66",2.6635361707282237,2.3241702365996355,True,ok
53cb1f844381,,63,Eu,3,CCCCCCOc1cc(CNC(=O)COCC(=O)N(CCCC)CCCC)cc(CNC(=O)COCC(=O)N(CCCC)CCCC)c1,"[13, 15, 18]","[""O(amide_carbonyl)"", ""O(ether)"", ""O(amide_carbonyl)""]",3,9,3,nitrate,nitrate,0,/nfs/home/nshank3/lanthanide_dataset_builder/data/geometries/Eu/Eu_Z63_ox3_CN9_nlig3_nitrate_53cb1f844381.xyz,/nfs/home/nshank3/lanthanide_dataset_builder/data/geometries/Eu/Eu_Z63_ox3_CN9_nlig3_nitrate_53cb1f844381.mol2,,-12678.569214378102,ok,built (standard attempt 1),accepted,CCCCCCOc1cc(CNC(=O)COCC(=O)N(CCCC)CCCC)cc(CNC(=O)COCC(=O)N(CCCC)CCCC)c1,CCCCCCOc1cc(CNC(=O)COCC(=O)N(CCCC)CCCC)cc(CNC(=O)COCC(=O)N(CCCC)CCCC)c1,False,True,True,9,O9,"249:O:2.09,134:O:2.11,131:O:2.16,129:O:2.23,246:O:2.28,14:O:2.31,19:O:2.33,16:O:2.50,244:O:2.58",2.583360859194284,2.0889506906624393,True,ok
6d919d6af533,,63,Eu,3,CCCCCCCCN(CCCCCCCC)C(=O)CNCC(=O)N(CCCCCCCC)CCCCCCCC,"[18, 20, 23]","[""O(amide_carbonyl)"", ""N(amine)"", ""O(amide_carbonyl)""]",3,9,3,nitrate,nitrate,0,/nfs/home/nshank3/lanthanide_dataset_builder/data/geometries/Eu/Eu_Z63_ox3_CN9_nlig3_nitrate_6d919d6af533.xyz,/nfs/home/nshank3/lanthanide_dataset_builder/data/geometries/Eu/Eu_Z63_ox3_CN9_nlig3_nitrate_6d919d6af533.mol2,,-10723.094132736209,ok,built (standard attempt 1),accepted,CCCCCCCCN(CCCCCCCC)C(=O)CNCC(=O)N(CCCCCCCC)CCCCCCCC,CCCCCCCCN(CCCCCCCC)C(=O)CNCC(=O)N(CCCCCCCC)CCCCCCCC,False,True,True,8,"N2,O6","19:O:2.35,247:O:2.40,133:O:2.44,252:O:2.51,24:O:2.53,138:O:2.59,249:N:2.72,135:N:2.81",2.811203316542301,2.3540363608853765,False,ok
81e5f5a1605e,,63,Eu,3,CCCCCCCCNC(=O)c1cc(Cl)ccn1,"[10, 17]","[""O(amide_carbonyl)"", ""N(aromatic)""]",2,9,4,nitrate,nitrate,1,/nfs/home/nshank3/lanthanide_dataset_builder/data/geometries/Eu/Eu_Z63_ox3_CN9_nlig4_nitrate_81e5f5a1605e.xyz,/nfs/home/nshank3/lanthanide_dataset_builder/data/geometries/Eu/Eu_Z63_ox3_CN9_nlig4_nitrate_81e5f5a1605e.mol2,,-6145.509275566335,ok,built (standard attempt 1),accepted,CCCCCCCCNC(=O)c1cc(Cl)ccn1,CCCCCCCCNC(=O)c1cc(Cl)ccn1,False,True,True,9,"N4,O5","11:O:2.36,50:O:2.40,128:O:2.47,157:O:2.59,89:O:2.61,57:N:2.62,135:N:2.62,18:N:2.73,96:N:2.74",2.7362496840822685,2.3594370099485173,True,ok
5750f55fad0f,,63,Eu,3,CCOP(=S)(COCP(=S)(OCC)OCC)OCC,"[2, 4, 6, 9, 10, 13, 16]","[""O(ether)"", ""S(donor)"", ""O(ether)"", ""S(donor)"", ""O(ether)"", ""O(ether)"", ""O(ether)""]",7,9,1,nitrate,nitrate,2,/nfs/home/nshank3/lanthanide_dataset_builder/data/geometries/Eu/Eu_Z63_ox3_CN9_nlig1_nitrate_5750f55fad0f.xyz,/nfs/home/nshank3/lanthanide_dataset_builder/data/geometries/Eu/Eu_Z63_ox3_CN9_nlig1_nitrate_5750f55fad0f.mol2,,-2205.446354084961,ok,built (standard attempt 1),accepted,CCOP(=S)(COCP(=S)(OCC)OCC)OCC,CCOP(=S)(COCP(=S)(OCC)OCC)OCC,False,True,True,10,"N1,O7,P2","47:O:2.03,46:O:2.06,17:O:2.22,14:O:2.28,7:O:2.29,3:O:2.29,11:O:2.32,44:N:2.43,4:P:2.98,9:P:3.02",3.0183470761536206,2.025081128780496,False,ok
71953fa62ef7,,63,Eu,3,CCCCCCCCN(CCCCCCCC)C(=O)CNCP(=O)(CCCC)CCCC,"[18, 20, 23]","[""O(amide_carbonyl)"", ""N(amine)"", ""O(ether)""]",3,9,3,nitrate,nitrate,0,/nfs/home/nshank3/lanthanide_dataset_builder/data/geometries/Eu/Eu_Z63_ox3_CN9_nlig3_nitrate_71953fa62ef7.xyz,/nfs/home/nshank3/lanthanide_dataset_builder/data/geometries/Eu/Eu_Z63_ox3_CN9_nlig3_nitrate_71953fa62ef7.mol2,,-8450.370130351175,ok,built (standard attempt 1),accepted,CCCCCCCCN(CCCCCCCC)C(=O)CNCP(=O)(CCCC)CCCC,CCCCCCCCN(CCCCCCCC)C(=O)CNCP(=O)(CCCC)CCCC,False,True,True,9,"N3,O6","19:O:2.27,202:O:2.29,113:O:2.33,24:O:2.40,108:O:2.48,197:O:2.56,110:N:2.63,21:N:2.65,199:N:2.70",2.703228750361794,2.269630075210137,True,ok
61dddb6a20be,,64,Gd,3,CCCCCCCCN(C)C(=O)COCC(=O)N(CCCCCCCC)CCCCCCCC,"[11, 13, 16]","[""O(amide_carbonyl)"", ""O(ether)"", ""O(amide_carbonyl)""]",3,9,3,water,water,0,/nfs/home/nshank3/lanthanide_dataset_builder/data/geometries/Gd/Gd_Z64_ox3_CN9_nlig3_water_61dddb6a20be.xyz,/nfs/home/nshank3/lanthanide_dataset_builder/data/geometries/Gd/Gd_Z64_ox3_CN9_nlig3_water_61dddb6a20be.mol2,,-8965.132703948138,ok,built (standard attempt 1),accepted,CCCCCCCCN(C)C(=O)COCC(=O)N(CCCCCCCC)CCCCCCCC,CCCCCCCCN(C)C(=O)COCC(=O)N(CCCCCCCC)CCCCCCCC,False,True,True,9,O9,"12:O:2.16,104:O:2.18,201:O:2.20,198:O:2.59,17:O:2.61,106:O:2.68,14:O:2.75,109:O:2.76,196:O:2.83",2.833314849010059,2.1644999434271055,True,ok
c478b38321b6,,67,Ho,3,CCCCCCCCN(CC)C(=O)COCC(=O)N(CC)CCCCCCCC,"[12, 14, 17]","[""O(amide_carbonyl)"", ""O(ether)"", ""O(amide_carbonyl)""]",3,8,2,water,water,2,/nfs/home/nshank3/lanthanide_dataset_builder/data/geometries/Ho/Ho_Z67_ox3_CN8_nlig2_water_c478b38321b6.xyz,/nfs/home/nshank3/lanthanide_dataset_builder/data/geometries/Ho/Ho_Z67_ox3_CN8_nlig2_water_c478b38321b6.mol2,,-5391.073332497865,ok,built (standard attempt 1),accepted,CCCCCCCCN(CC)C(=O)COCC(=O)N(CC)CCCCCCCC,CCCCCCCCN(CC)C(=O)COCC(=O)N(CC)CCCCCCCC,False,True,True,8,O8,"13:O:2.12,90:O:2.17,18:O:2.18,95:O:2.21,92:O:2.38,15:O:2.41,158:O:2.62,155:O:2.64",2.635936813098594,2.1185198942020738,True,ok
2b60ae62875a,,57,La,3,CN(C(=O)COCC(=O)N(C)c1ccccc1)c1ccccc1,"[3, 5, 8]","[""O(amide_carbonyl)"", ""O(ether)"", ""O(amide_carbonyl)""]",3,9,3,nitrate,nitrate,0,/nfs/home/nshank3/lanthanide_dataset_builder/data/geometries/La/La_Z57_ox3_CN9_nlig3_nitrate_2b60ae62875a.xyz,/nfs/home/nshank3/lanthanide_dataset_builder/data/geometries/La/La_Z57_ox3_CN9_nlig3_nitrate_2b60ae62875a.mol2,,-5457.505717196775,ok,built (standard attempt 1),accepted,CN(C(=O)COCC(=O)N(C)c1ccccc1)c1ccccc1,CN(C(=O)COCC(=O)N(C)c1ccccc1)c1ccccc1,False,True,True,9,O9,"95:O:2.20,4:O:2.33,9:O:2.34,90:O:2.36,52:O:2.50,47:O:2.56,92:O:2.60,6:O:2.63,49:O:2.72",2.723855109780284,2.2002976483497316,True,ok
9823bd9409ca,,57,La,3,COCCN(CCOC)C(=O)COCC(=O)N(CCOC)CCOC,"[1, 7, 10, 12, 15, 19, 23]","[""O(ether)"", ""O(ether)"", ""O(amide_carbonyl)"", ""O(ether)"", ""O(amide_carbonyl)"", ""O(ether)"", ""O(ether)""]",7,9,1,water,water,2,/nfs/home/nshank3/lanthanide_dataset_builder/data/geometries/La/La_Z57_ox3_CN9_nlig1_water_9823bd9409ca.xyz,/nfs/home/nshank3/lanthanide_dataset_builder/data/geometries/La/La_Z57_ox3_CN9_nlig1_water_9823bd9409ca.mol2,,-2585.732300684087,ok,built (standard attempt 1),accepted,COCCN(CCOC)C(=O)COCC(=O)N(CCOC)CCOC,COCCN(CCOC)C(=O)COCC(=O)N(CCOC)CCOC,False,True,True,9,O9,"16:O:2.24,11:O:2.38,24:O:2.57,2:O:2.58,61:O:2.66,58:O:2.68,8:O:2.68,13:O:2.69,20:O:3.06",3.063830534322792,2.243214830719474,True,ok
3528f915b0a8,,63,Eu,3,CCCCCCCCN(CCCCCCCC)C(=O)COCC(=O)NCCCOc1cc(OCCCNC(=O)COCC(=O)N(CCCCCCCC)CCCCCCCC)cc(OCCCNC(=O)COCC(=O)N(CCCCCCCC)CCCCCCCC)c1,"[18, 20, 23]","[""O(amide_carbonyl)"", ""O(ether)"", ""O(amide_carbonyl)""]",3,9,3,nitrate,nitrate,0,/nfs/home/nshank3/lanthanide_dataset_builder/data/geometries/Eu/Eu_Z63_ox3_CN9_nlig3_nitrate_3528f915b0a8.xyz,/nfs/home/nshank3/lanthanide_dataset_builder/data/geometries/Eu/Eu_Z63_ox3_CN9_nlig3_nitrate_3528f915b0a8.mol2,,-13441.199738009174,ok_simplified_ligand,original_ligtype_failed_simplified_success,accepted,CCCCCCCCN(CCCCCCCC)C(=O)COCC(=O)NCCCOc1cc(OCCCNC(=O)COCC(=O)N(CCCCCCCC)CCCCCCCC)cc(OCCCNC(=O)COCC(=O)N(CCCCCCCC)CCCCCCCC)c1,CN(C)C(=O)COCC(=O)NCCCOc1cc(OCCCNC(=O)COCC(=O)N(C)C)cc(OCCCNC(=O)COCC(=O)N(C)C)c1,True,True,True,9,O9,"5:O:2.15,110:O:2.23,115:O:2.31,215:O:2.39,217:O:2.43,10:O:2.55,7:O:2.77,220:O:2.84,112:O:2.89",2.88825114755553,2.150404572591685,True,ok
6be1220425fa,,63,Eu,3,CCCCCCCCCCN(CCCCCCCCCC)C(=O)COCC(=O)N(CCCCCCCCCC)CCCCCCCCCC,"[22, 24, 27]","[""O(amide_carbonyl)"", ""O(ether)"", ""O(amide_carbonyl)""]",3,9,3,nitrate,nitrate,0,/nfs/home/nshank3/lanthanide_dataset_builder/data/geometries/Eu/Eu_Z63_ox3_CN9_nlig3_nitrate_6be1220425fa.xyz,/nfs/home/nshank3/lanthanide_dataset_builder/data/geometries/Eu/Eu_Z63_ox3_CN9_nlig3_nitrate_6be1220425fa.mol2,,-12840.033552469964,ok,built (standard attempt 1),accepted,CCCCCCCCCCN(CCCCCCCCCC)C(=O)COCC(=O)N(CCCCCCCCCC)CCCCCCCCCC,CCCCCCCCCCN(CCCCCCCCCC)C(=O)COCC(=O)N(CCCCCCCCCC)CCCCCCCCCC,False,True,True,7,O7,"160:O:2.14,165:O:2.27,297:O:2.28,162:O:2.39,23:O:2.43,28:O:2.52,25:O:2.78",2.77936424280461,2.1419684991341104,False,ok
d8e5a70b033d,,63,Eu,3,CCCCCCCCCCN(CCCCCCCCCC)C(=O)[C@H](CCC)O[C@H](CCC)C(=O)N(CCCCCCCCCC)CCCCCCCCCC,"[22, 27, 33]","[""O(amide_carbonyl)"", ""O(ether)"", ""O(amide_carbonyl)""]",3,9,3,nitrate,nitrate,0,/nfs/home/nshank3/lanthanide_dataset_builder/data/geometries/Eu/Eu_Z63_ox3_CN9_nlig3_nitrate_d8e5a70b033d.xyz,/nfs/home/nshank3/lanthanide_dataset_builder/data/geometries/Eu/Eu_Z63_ox3_CN9_nlig3_nitrate_d8e5a70b033d.mol2,,-14390.483136301687,ok,built (large_ligand_deep attempt 1),accepted,CCCCCCCCCCN(CCCCCCCCCC)C(=O)[C@H](CCC)O[C@H](CCC)C(=O)N(CCCCCCCCCC)CCCCCCCCCC,CCCCCCCCCCN(CCCCCCCCCC)C(=O)[C@H](CCC)O[C@H](CCC)C(=O)N(CCCCCCCCCC)CCCCCCCCCC,False,True,True,9,O9,"189:O:2.24,333:O:2.25,34:O:2.25,344:O:2.27,178:O:2.29,23:O:2.44,28:O:2.59,183:O:2.65,338:O:2.74",2.737619510140334,2.24121131541592,True,ok
6b37907bfc14,,63,Eu,3,CCCCCCOP(=O)(O)OCCCCCC,"[6, 8, 9, 10]","[""O(ether)"", ""O(ether)"", ""O(hydroxyl)"", ""O(ether)""]",4,9,2,nitrate,nitrate,1,/nfs/home/nshank3/lanthanide_dataset_builder/data/geometries/Eu/Eu_Z63_ox3_CN9_nlig2_nitrate_6b37907bfc14.xyz,/nfs/home/nshank3/lanthanide_dataset_builder/data/geometries/Eu/Eu_Z63_ox3_CN9_nlig2_nitrate_6b37907bfc14.mol2,,,existing_ok,found_valid_xyz,NITRATE_MISSING,CCCCCCOP(=O)(O)OCCCCCC,CCCCCCOP(=O)(O)OCCCCCC,False,True,True,8,"O6,P2","53:O:2.09,9:O:2.14,55:O:2.28,89:O:2.52,7:O:2.57,8:P:2.70,52:P:2.80,11:O:2.91",2.9088319267238827,2.087362384274183,False,ok
f06ae7567ce5,,57,La,3,CN(C(=O)c1cccc(C(=O)N(C)c2ccccc2)n1)c1ccccc1,"[3, 10, 19]","[""O(amide_carbonyl)"", ""O(amide_carbonyl)"", ""N(aromatic)""]",3,9,3,nitrate,nitrate,0,/nfs/home/nshank3/lanthanide_dataset_builder/data/geometries/La/La_Z57_ox3_CN9_nlig3_nitrate_f06ae7567ce5.xyz,/nfs/home/nshank3/lanthanide_dataset_builder/data/geometries/La/La_Z57_ox3_CN9_nlig3_nitrate_f06ae7567ce5.mol2,,-5848.227439870149,ok,built (standard attempt 1),accepted,CN(C(=O)c1cccc(C(=O)N(C)c2ccccc2)n1)c1ccccc1,CN(C(=O)c1cccc(C(=O)N(C)c2ccccc2)n1)c1ccccc1,False,True,True,9,"N3,O6","101:O:2.30,49:O:2.33,4:O:2.33,11:O:2.35,94:O:2.35,56:O:2.39,110:N:2.53,65:N:2.54,20:N:2.58",2.5756109301840895,2.303860256716746,True,ok
6fcf4b2f3837,,65,Tb,3,CCCCCCCCN(CCCCCCCC)C(=O)c1ccc2ccc3ccc(C(=O)N(CCCCCCCC)CCCCCCCC)nc3c2n1,"[18, 30, 48, 51]","[""O(amide_carbonyl)"", ""O(amide_carbonyl)"", ""N(aromatic)"", ""N(aromatic)""]",4,8,2,nitrate,nitrate,0,/nfs/home/nshank3/lanthanide_dataset_builder/data/geometries/Tb/Tb_Z65_ox3_CN8_nlig2_nitrate_6fcf4b2f3837.xyz,/nfs/home/nshank3/lanthanide_dataset_builder/data/geometries/Tb/Tb_Z65_ox3_CN8_nlig2_nitrate_6fcf4b2f3837.mol2,,-8500.518811712958,ok,built (standard attempt 1),accepted,CCCCCCCCN(CCCCCCCC)C(=O)c1ccc2ccc3ccc(C(=O)N(CCCCCCCC)CCCCCCCC)nc3c2n1,CCCCCCCCN(CCCCCCCC)C(=O)c1ccc2ccc3ccc(C(=O)N(CCCCCCCC)CCCCCCCC)nc3c2n1,False,True,True,8,"N4,O4","31:O:2.30,157:O:2.34,178:N:2.35,145:O:2.36,49:N:2.38,52:N:2.47,175:N:2.54,19:O:2.59",2.5897510244760014,2.300489080766647,True,ok
2a85606c4a7e,,60,Nd,3,CCCCCCCCN(CCCCCCCC)C(=O)c1ccc2ccc3ccc(C(=O)N(CCCCCCCC)CCCCCCCC)nc3c2n1,"[18, 30, 48, 51]","[""O(amide_carbonyl)"", ""O(amide_carbonyl)"", ""N(aromatic)"", ""N(aromatic)""]",4,9,2,water,water,1,/nfs/home/nshank3/lanthanide_dataset_builder/data/geometries/Nd/Nd_Z60_ox3_CN9_nlig2_water_2a85606c4a7e.xyz,/nfs/home/nshank3/lanthanide_dataset_builder/data/geometries/Nd/Nd_Z60_ox3_CN9_nlig2_water_2a85606c4a7e.mol2,,-8640.7535426853,ok,built (standard attempt 1),accepted,CCCCCCCCN(CCCCCCCC)C(=O)c1ccc2ccc3ccc(C(=O)N(CCCCCCCC)CCCCCCCC)nc3c2n1,CCCCCCCCN(CCCCCCCC)C(=O)c1ccc2ccc3ccc(C(=O)N(CCCCCCCC)CCCCCCCC)nc3c2n1,False,True,True,9,"N4,O5","145:O:2.40,31:O:2.45,157:O:2.47,19:O:2.54,52:N:2.60,178:N:2.66,49:N:2.68,175:N:2.71,253:O:2.79",2.79273540480091,2.4040792519746357,True,ok
8dec8fe1a8d7,,57,La,3,CCCCCCCCN(CCCCCCCC)C(=O)C(C)OC(C)C(=O)N(CCCCCCCC)CCCCCCCC,"[18, 21, 25]","[""O(amide_carbonyl)"", ""O(ether)"", ""O(amide_carbonyl)""]",3,9,3,nitrate,nitrate,0,/nfs/home/nshank3/lanthanide_dataset_builder/data/geometries/La/La_Z57_ox3_CN9_nlig3_nitrate_8dec8fe1a8d7.xyz,/nfs/home/nshank3/lanthanide_dataset_builder/data/geometries/La/La_Z57_ox3_CN9_nlig3_nitrate_8dec8fe1a8d7.mol2,,-11292.824007757576,ok,built (standard attempt 1),accepted,CCCCCCCCN(CCCCCCCC)C(=O)C(C)OC(C)C(=O)N(CCCCCCCC)CCCCCCCC,CCCCCCCCN(CCCCCCCC)C(=O)C(C)OC(C)C(=O)N(CCCCCCCC)CCCCCCCC,False,True,True,8,O8,"19:O:2.33,264:O:2.37,257:O:2.45,22:O:2.53,260:O:2.65,145:O:2.77,141:O:2.97,26:O:2.97",2.973820224811643,2.3348679824321135,False,ok
72cbb52679c0,,66,Dy,3,CCCCCCCCN(C)C(=O)C(CCOCCCCCC)C(=O)N(C)CCCCCCCC,"[11, 15, 23]","[""O(amide_carbonyl)"", ""O(ether)"", ""O(amide_carbonyl)""]",3,8,2,nitrate,nitrate,2,/nfs/home/nshank3/lanthanide_dataset_builder/data/geometries/Dy/Dy_Z66_ox3_CN8_nlig2_nitrate_72cbb52679c0.xyz,/nfs/home/nshank3/lanthanide_dataset_builder/data/geometries/Dy/Dy_Z66_ox3_CN8_nlig2_nitrate_72cbb52679c0.mol2,,-6399.063118411743,ok,built (standard attempt 1),accepted,CCCCCCCCN(C)C(=O)C(CCOCCCCCC)C(=O)N(C)CCCCCCCC,CCCCCCCCN(C)C(=O)C(CCOCCCCCC)C(=O)N(C)CCCCCCCC,False,True,True,9,"N1,O8","187:O:2.08,116:O:2.19,12:O:2.23,188:O:2.25,104:O:2.41,185:N:2.49,16:O:2.49,108:O:2.56,24:O:2.73",2.7326013465482695,2.0757627866942236,False,ok
fe21b9f4cac0,,62,Sm,3,CCN(C(=O)c1cccc(-c2cccc(C(=O)N(CC)c3ccc(C)cc3C)n2)n1)c1ccc(C)cc1C,"[4, 16, 28, 29]","[""O(amide_carbonyl)"", ""O(amide_carbonyl)"", ""N(aromatic)"", ""N(aromatic)""]",4,9,2,nitrate,nitrate,1,/nfs/home/nshank3/lanthanide_dataset_builder/data/geometries/Sm/Sm_Z62_ox3_CN9_nlig2_nitrate_fe21b9f4cac0.xyz,/nfs/home/nshank3/lanthanide_dataset_builder/data/geometries/Sm/Sm_Z62_ox3_CN9_nlig2_nitrate_fe21b9f4cac0.mol2,,-5895.521608026666,ok,built (standard attempt 1),accepted,CCN(C(=O)c1cccc(-c2cccc(C(=O)N(CC)c3ccc(C)cc3C)n2)n1)c1ccc(C)cc1C,CCN(C(=O)c1cccc(-c2cccc(C(=O)N(CC)c3ccc(C)cc3C)n2)n1)c1ccc(C)cc1C,False,True,True,9,"N4,O5","5:O:2.31,89:O:2.41,17:O:2.45,77:O:2.51,30:N:2.53,101:N:2.57,29:N:2.57,102:N:2.66,145:O:2.69",2.6938608625233216,2.3068369171050196,True,ok
3a07c6339ac1,,71,Lu,3,CCN(C(=O)c1cccc(-c2cccc(C(=O)N(CC)c3cc(C)ccc3C)n2)n1)c1cc(C)ccc1C,"[4, 16, 28, 29]","[""O(amide_carbonyl)"", ""O(amide_carbonyl)"", ""N(aromatic)"", ""N(aromatic)""]",4,8,2,nitrate,nitrate,0,/nfs/home/nshank3/lanthanide_dataset_builder/data/geometries/Lu/Lu_Z71_ox3_CN8_nlig2_nitrate_3a07c6339ac1.xyz,/nfs/home/nshank3/lanthanide_dataset_builder/data/geometries/Lu/Lu_Z71_ox3_CN8_nlig2_nitrate_3a07c6339ac1.mol2,,-5755.10159200246,ok,built (standard attempt 1),accepted,CCN(C(=O)c1cccc(-c2cccc(C(=O)N(CC)c3cc(C)ccc3C)n2)n1)c1cc(C)ccc1C,CCN(C(=O)c1cccc(-c2cccc(C(=O)N(CC)c3cc(C)ccc3C)n2)n1)c1cc(C)ccc1C,False,True,True,8,"N4,O4","5:O:2.08,89:O:2.12,17:O:2.15,77:O:2.15,101:N:2.34,29:N:2.37,30:N:2.37,102:N:2.39",2.386128849643802,2.083836528839719,True,ok
a8c13c432ddc,,58,Ce,3,CCN(C(=O)c1cccc(-c2cccc(C(=O)N(CC)c3ccccc3)n2)n1)c1ccccc1,"[4, 16, 26, 27]","[""O(amide_carbonyl)"", ""O(amide_carbonyl)"", ""N(aromatic)"", ""N(aromatic)""]",4,9,2,nitrate,nitrate,1,/nfs/home/nshank3/lanthanide_dataset_builder/data/geometries/Ce/Ce_Z58_ox3_CN9_nlig2_nitrate_a8c13c432ddc.xyz,/nfs/home/nshank3/lanthanide_dataset_builder/data/geometries/Ce/Ce_Z58_ox3_CN9_nlig2_nitrate_a8c13c432ddc.mol2,,-5205.676172321267,ok,built (standard attempt 1),accepted,CCN(C(=O)c1cccc(-c2cccc(C(=O)N(CC)c3ccccc3)n2)n1)c1ccccc1,CCN(C(=O)c1cccc(-c2cccc(C(=O)N(CC)c3ccccc3)n2)n1)c1ccccc1,False,True,True,9,"N4,O5","5:O:2.34,28:N:2.34,87:N:2.35,17:O:2.36,65:O:2.37,88:N:2.37,27:N:2.38,77:O:2.39,121:O:2.90",2.897986629017301,2.335827776714963,True,ok
62f8e8df04ed,,64,Gd,3,CCN(C(=O)c1cccc(-c2cccc(C(=O)N(CC)c3cc(C)ccc3C)n2)n1)c1cc(C)ccc1C,"[4, 16, 28, 29]","[""O(amide_carbonyl)"", ""O(amide_carbonyl)"", ""N(aromatic)"", ""N(aromatic)""]",4,9,2,nitrate,nitrate,1,/nfs/home/nshank3/lanthanide_dataset_builder/data/geometries/Gd/Gd_Z64_ox3_CN9_nlig2_nitrate_62f8e8df04ed.xyz,/nfs/home/nshank3/lanthanide_dataset_builder/data/geometries/Gd/Gd_Z64_ox3_CN9_nlig2_nitrate_62f8e8df04ed.mol2,,-5894.842572200317,ok,built (standard attempt 1),accepted,CCN(C(=O)c1cccc(-c2cccc(C(=O)N(CC)c3cc(C)ccc3C)n2)n1)c1cc(C)ccc1C,CCN(C(=O)c1cccc(-c2cccc(C(=O)N(CC)c3cc(C)ccc3C)n2)n1)c1cc(C)ccc1C,False,True,True,9,"N4,O5","5:O:2.35,30:N:2.40,102:N:2.41,77:O:2.41,29:N:2.43,101:N:2.43,17:O:2.44,89:O:2.44,145:O:2.73",2.731002023482839,2.3546735303041793,True,ok
ca3aae3d8c34,,59,Pr,3,CCCCCCCCN(C(=O)c1ccc2ccc3cccnc3c2n1)c1ccc(C)cc1,"[10, 21, 24]","[""O(amide_carbonyl)"", ""N(aromatic)"", ""N(aromatic)""]",3,9,3,nitrate,nitrate,0,/nfs/home/nshank3/lanthanide_dataset_builder/data/geometries/Pr/Pr_Z59_ox3_CN9_nlig3_nitrate_ca3aae3d8c34.xyz,/nfs/home/nshank3/lanthanide_dataset_builder/data/geometries/Pr/Pr_Z59_ox3_CN9_nlig3_nitrate_ca3aae3d8c34.mol2,,-7241.328860728134,ok,built (standard attempt 1),accepted,CCCCCCCCN(C(=O)c1ccc2ccc3cccnc3c2n1)c1ccc(C)cc1,CCCCCCCCN(C(=O)c1ccc2ccc3cccnc3c2n1)c1ccc(C)cc1,False,True,True,9,"N6,O3","11:O:2.27,137:O:2.32,74:O:2.46,25:N:2.48,85:N:2.54,88:N:2.54,22:N:2.55,151:N:2.64,148:N:2.68",2.679431011886444,2.273390642735017,True,ok
34cc22db4387,,67,Ho,3,CCc1ccc(N(CC)C(=O)c2ccc3ccc4ccc(C(=O)N(CC)c5ccc(CC)cc5)nc4c3n2)cc1,"[10, 22, 34, 37]","[""O(amide_carbonyl)"", ""O(amide_carbonyl)"", ""N(aromatic)"", ""N(aromatic)""]",4,8,2,nitrate,nitrate,0,/nfs/home/nshank3/lanthanide_dataset_builder/data/geometries/Ho/Ho_Z67_ox3_CN8_nlig2_nitrate_34cc22db4387.xyz,/nfs/home/nshank3/lanthanide_dataset_builder/data/geometries/Ho/Ho_Z67_ox3_CN8_nlig2_nitrate_34cc22db4387.mol2,,-5989.055144255999,ok,built (standard attempt 2),accepted,CCc1ccc(N(CC)C(=O)c2ccc3ccc4ccc(C(=O)N(CC)c5ccc(CC)cc5)nc4c3n2)cc1,CCc1ccc(N(CC)C(=O)c2ccc3ccc4ccc(C(=O)N(CC)c5ccc(CC)cc5)nc4c3n2)cc1,False,True,True,8,"N4,O4","23:O:2.17,85:O:2.20,97:O:2.20,109:N:2.23,38:N:2.23,35:N:2.26,112:N:2.26,11:O:2.27",2.271665309439164,2.1661277393173233,True,ok
770e7e252dd6,,63,Eu,3,CCCCN(CCCC)C(=O)c1ccc2ccc3ccc(C(=O)N(CCCC)CCCC)nc3c2n1,"[10, 22, 32, 35]","[""O(amide_carbonyl)"", ""O(amide_carbonyl)"", ""N(aromatic)"", ""N(aromatic)""]",4,9,2,nitrate,nitrate,1,/nfs/home/nshank3/lanthanide_dataset_builder/data/geometries/Eu/Eu_Z63_ox3_CN9_nlig2_nitrate_770e7e252dd6.xyz,/nfs/home/nshank3/lanthanide_dataset_builder/data/geometries/Eu/Eu_Z63_ox3_CN9_nlig2_nitrate_770e7e252dd6.mol2,,-5885.674725341293,ok,built (standard attempt 1),accepted,CCCCN(CCCC)C(=O)c1ccc2ccc3ccc(C(=O)N(CCCC)CCCC)nc3c2n1,CCCCN(CCCC)C(=O)c1ccc2ccc3ccc(C(=O)N(CCCC)CCCC)nc3c2n1,False,True,True,9,"N4,O5","23:O:2.26,101:O:2.39,11:O:2.39,33:N:2.42,89:O:2.43,111:N:2.44,36:N:2.47,114:N:2.57,157:O:2.66",2.6615882709927075,2.2618012997120784,True,ok
6774552a35e9,,58,Ce,3,O=C(O)CN(CC(=O)O)C1CCCCC1N(CC(=O)O)CC(=O)O,"[0, 2, 4, 7, 8, 15, 18, 19]","[""O(ester_carbonyl)"", ""O(hydroxyl)"", ""N(amine)"", ""O(ester_carbonyl)"", ""O(hydroxyl)"", ""N(amine)"", ""O(ester_carbonyl)"", ""O(hydroxyl)""]",8,9,1,nitrate,nitrate,1,/nfs/home/nshank3/lanthanide_dataset_builder/data/geometries/Ce/Ce_Z58_ox3_CN9_nlig1_nitrate_6774552a35e9.xyz,/nfs/home/nshank3/lanthanide_dataset_builder/data/geometries/Ce/Ce_Z58_ox3_CN9_nlig1_nitrate_6774552a35e9.mol2,,-2300.3955453586523,ok,built (standard attempt 1),accepted,O=C(O)CN(CC(=O)O)C1CCCCC1N(CC(=O)O)CC(=O)O,O=C(O)CN(CC(=O)O)C1CCCCC1N(CC(=O)O)CC(=O)O,False,True,True,7,"N2,O5","8:O:2.19,23:O:2.26,19:O:2.26,1:O:2.32,47:O:2.35,5:N:2.72,16:N:2.72",2.7245510893381364,2.1922847416006963,False,ok
04a989df1e78,,57,La,3,CCN(C(=O)c1cccc(C(=O)N(CC)c2ccccc2C)n1)c1ccccc1C,"[4, 11, 22]","[""O(amide_carbonyl)"", ""O(amide_carbonyl)"", ""N(aromatic)""]",3,9,3,nitrate,nitrate,0,/nfs/home/nshank3/lanthanide_dataset_builder/data/geometries/La/La_Z57_ox3_CN9_nlig3_nitrate_04a989df1e78.xyz,/nfs/home/nshank3/lanthanide_dataset_builder/data/geometries/La/La_Z57_ox3_CN9_nlig3_nitrate_04a989df1e78.mol2,,-6883.024943834816,ok,built (standard attempt 1),accepted,CCN(C(=O)c1cccc(C(=O)N(CC)c2ccccc2C)n1)c1ccccc1C,CCN(C(=O)c1cccc(C(=O)N(CC)c2ccccc2C)n1)c1ccccc1C,False,True,True,9,"N3,O6","126:O:2.35,5:O:2.35,12:O:2.37,62:O:2.38,69:O:2.39,119:O:2.44,23:N:2.49,137:N:2.53,80:N:2.53",2.530180324478491,2.349275359923307,True,ok
94c7d618f2c0,,64,Gd,3,CCN(C(=O)c1cccc(C(=O)N(CC)c2cccc(C)c2)n1)c1cccc(C)c1,"[4, 11, 22]","[""O(amide_carbonyl)"", ""O(amide_carbonyl)"", ""N(aromatic)""]",3,9,3,nitrate,nitrate,0,/nfs/home/nshank3/lanthanide_dataset_builder/data/geometries/Gd/Gd_Z64_ox3_CN9_nlig3_nitrate_94c7d618f2c0.xyz,/nfs/home/nshank3/lanthanide_dataset_builder/data/geometries/Gd/Gd_Z64_ox3_CN9_nlig3_nitrate_94c7d618f2c0.mol2,,-6880.824749069911,ok,built (standard attempt 1),accepted,CCN(C(=O)c1cccc(C(=O)N(CC)c2cccc(C)c2)n1)c1cccc(C)c1,CCN(C(=O)c1cccc(C(=O)N(CC)c2cccc(C)c2)n1)c1cccc(C)c1,False,True,True,9,"N3,O6","126:O:2.22,119:O:2.22,62:O:2.25,12:O:2.26,69:O:2.26,5:O:2.28,137:N:2.40,80:N:2.40,23:N:2.46",2.457060594116332,2.2237043221228214,True,ok
d024676a0646,,62,Sm,3,CCN(C(=O)c1cccc(C(=O)N(CC)c2cccc(C)c2)n1)c1cccc(C)c1,"[4, 11, 22]","[""O(amide_carbonyl)"", ""O(amide_carbonyl)"", ""N(aromatic)""]",3,9,3,nitrate,nitrate,0,/nfs/home/nshank3/lanthanide_dataset_builder/data/geometries/Sm/Sm_Z62_ox3_CN9_nlig3_nitrate_d024676a0646.xyz,/nfs/home/nshank3/lanthanide_dataset_builder/data/geometries/Sm/Sm_Z62_ox3_CN9_nlig3_nitrate_d024676a0646.mol2,,-6881.247343947591,ok,built (standard attempt 1),accepted,CCN(C(=O)c1cccc(C(=O)N(CC)c2cccc(C)c2)n1)c1cccc(C)c1,CCN(C(=O)c1cccc(C(=O)N(CC)c2cccc(C)c2)n1)c1cccc(C)c1,False,True,True,9,"N3,O6","126:O:2.23,119:O:2.23,62:O:2.26,12:O:2.27,69:O:2.27,5:O:2.29,137:N:2.41,80:N:2.41,23:N:2.47",2.4652665997283982,2.233481246645365,True,ok
b21d53057cbd,,60,Nd,3,CCCCCCc1ccc(N(CC)C(=O)c2cccc(-c3cccc(C(=O)N(CC)c4ccc(CCCCCC)cc4)n3)n2)cc1,"[14, 26, 42, 43]","[""O(amide_carbonyl)"", ""O(amide_carbonyl)"", ""N(aromatic)"", ""N(aromatic)""]",4,9,2,nitrate,nitrate,1,/nfs/home/nshank3/lanthanide_dataset_builder/data/geometries/Nd/Nd_Z60_ox3_CN9_nlig2_nitrate_b21d53057cbd.xyz,/nfs/home/nshank3/lanthanide_dataset_builder/data/geometries/Nd/Nd_Z60_ox3_CN9_nlig2_nitrate_b21d53057cbd.mol2,,-7270.388487546986,ok,built (standard attempt 1),accepted,CCCCCCc1ccc(N(CC)C(=O)c2cccc(-c3cccc(C(=O)N(CC)c4ccc(CCCCCC)cc4)n3)n2)cc1,CCCCCCc1ccc(N(CC)C(=O)c2cccc(-c3cccc(C(=O)N(CC)c4ccc(CCCCCC)cc4)n3)n2)cc1,False,True,True,9,"N4,O5","15:O:2.27,111:O:2.44,139:N:2.52,140:N:2.57,44:N:2.64,193:O:2.66,27:O:2.78,123:O:2.88,43:N:2.89",2.888996150165162,2.2733920997646915,True,ok
30f5b0a8fc33,,57,La,3,CCCCCCOCCC(C(=O)N(C)CCCC)C(=O)N(C)CCCC,"[6, 11, 19]","[""O(ether)"", ""O(amide_carbonyl)"", ""O(amide_carbonyl)""]",3,9,3,nitrate,nitrate,0,/nfs/home/nshank3/lanthanide_dataset_builder/data/geometries/La/La_Z57_ox3_CN9_nlig3_nitrate_30f5b0a8fc33.xyz,/nfs/home/nshank3/lanthanide_dataset_builder/data/geometries/La/La_Z57_ox3_CN9_nlig3_nitrate_30f5b0a8fc33.mol2,,-6901.833926867805,ok,built (standard attempt 1),accepted,CCCCCCOCCC(C(=O)N(C)CCCC)C(=O)N(C)CCCC,CCCCCCOCCC(C(=O)N(C)CCCC)C(=O)N(C)CCCC,False,True,True,7,O7,"80:O:2.37,20:O:2.41,12:O:2.51,7:O:2.58,148:O:2.84,143:O:2.97,88:O:3.09",3.094663424492214,2.3650356710784903,False,ok
3bd15b1e93cf,,66,Dy,3,CCCCCCN(C)C(=O)CC(=O)N(C)CCCCCC,"[9, 12]","[""O(amide_carbonyl)"", ""O(amide_carbonyl)""]",2,8,4,nitrate,nitrate,0,/nfs/home/nshank3/lanthanide_dataset_builder/data/geometries/Dy/Dy_Z66_ox3_CN8_nlig4_nitrate_3bd15b1e93cf.xyz,/nfs/home/nshank3/lanthanide_dataset_builder/data/geometries/Dy/Dy_Z66_ox3_CN8_nlig4_nitrate_3bd15b1e93cf.mol2,,-7380.858128916392,ok,built (standard attempt 1),accepted,CCCCCCN(C)C(=O)CC(=O)N(C)CCCCCC,CCCCCCN(C)C(=O)CC(=O)N(C)CCCCCC,False,True,True,8,O8,"10:O:2.29,123:O:2.42,13:O:2.45,120:O:2.47,68:O:2.49,178:O:2.50,175:O:2.53,65:O:2.70",2.6977753126154362,2.2895840193048445,True,ok
a2aa438d036b,,65,Tb,3,CCCCN(CCCC)C(=O)CC(=O)N(CCCC)CCCC,"[10, 13]","[""O(amide_carbonyl)"", ""O(amide_carbonyl)""]",2,8,4,nitrate,nitrate,0,/nfs/home/nshank3/lanthanide_dataset_builder/data/geometries/Tb/Tb_Z65_ox3_CN8_nlig4_nitrate_a2aa438d036b.xyz,/nfs/home/nshank3/lanthanide_dataset_builder/data/geometries/Tb/Tb_Z65_ox3_CN8_nlig4_nitrate_a2aa438d036b.mol2,,-8070.48437046774,ok,built (standard attempt 1),accepted,CCCCN(CCCC)C(=O)CC(=O)N(CCCC)CCCC,CCCCN(CCCC)C(=O)CC(=O)N(CCCC)CCCC,False,True,True,8,O8,"14:O:2.33,11:O:2.38,75:O:2.48,72:O:2.50,133:O:2.52,136:O:2.54,197:O:2.55,194:O:2.56",2.55941404644144,2.3287540747543454,True,ok
0d10d9826758,,63,Eu,3,CCCCCCCCN(C)C(=O)C(CCCCCC)C(=O)N(C)CCCCCCCC,"[11, 20]","[""O(amide_carbonyl)"", ""O(amide_carbonyl)""]",2,9,4,nitrate,nitrate,1,/nfs/home/nshank3/lanthanide_dataset_builder/data/geometries/Eu/Eu_Z63_ox3_CN9_nlig4_nitrate_0d10d9826758.xyz,/nfs/home/nshank3/lanthanide_dataset_builder/data/geometries/Eu/Eu_Z63_ox3_CN9_nlig4_nitrate_0d10d9826758.mol2,,-10959.20920900911,ok,built (standard attempt 1),accepted,CCCCCCCCN(C)C(=O)C(CCCCCC)C(=O)N(C)CCCCCCCC,CCCCCCCCN(C)C(=O)C(CCCCCC)C(=O)N(C)CCCCCCCC,False,True,True,8,O8,"267:O:2.18,182:O:2.19,97:O:2.55,12:O:2.76,191:O:2.93,106:O:3.06,276:O:3.06,341:O:3.07",3.0671944292295747,2.184822871230359,False,ok
adecfa6ff040,,71,Lu,3,CC1(C)CCC(C)(C)c2nc(-c3cccc(-c4cccc(-c5nnc6c(n5)C(C)(C)CCC6(C)C)n4)n3)nnc21,"[9, 22, 23, 26, 35, 36, 37, 38]","[""N(aromatic)"", ""N(aromatic)"", ""N(aromatic)"", ""N(aromatic)"", ""N(aromatic)"", ""N(aromatic)"", ""N(aromatic)"", ""N(aromatic)""]",8,8,1,nitrate,nitrate,0,/nfs/home/nshank3/lanthanide_dataset_builder/data/geometries/Lu/Lu_Z71_ox3_CN8_nlig1_nitrate_adecfa6ff040.xyz,/nfs/home/nshank3/lanthanide_dataset_builder/data/geometries/Lu/Lu_Z71_ox3_CN8_nlig1_nitrate_adecfa6ff040.mol2,,-3018.288282667944,ok,built (standard attempt 1),accepted,CC1(C)CCC(C)(C)c2nc(-c3cccc(-c4cccc(-c5nnc6c(n5)C(C)(C)CCC6(C)C)n4)n3)nnc21,CC1(C)CCC(C)(C)c2nc(-c3cccc(-c4cccc(-c5nnc6c(n5)C(C)(C)CCC6(C)C)n4)n3)nnc21,False,True,True,5,N5,"23:N:2.12,10:N:2.30,24:N:2.41,37:N:2.51,36:N:2.73",2.7303119198740373,2.123323927678658,False,ok
5f7899a8a6a7,,64,Gd,3,CCCCCCCCP(=O)(CC(=O)N(CC(C)C)CC(C)C)c1ccccc1,"[9, 12]","[""O(ether)"", ""O(amide_carbonyl)""]",2,9,4,nitrate,nitrate,1,/nfs/home/nshank3/lanthanide_dataset_builder/data/geometries/Gd/Gd_Z64_ox3_CN9_nlig4_nitrate_5f7899a8a6a7.xyz,/nfs/home/nshank3/lanthanide_dataset_builder/data/geometries/Gd/Gd_Z64_ox3_CN9_nlig4_nitrate_5f7899a8a6a7.mol2,,-9554.650765373544,ok,built (standard attempt 1),accepted,CCCCCCCCP(=O)(CC(=O)N(CC(C)C)CC(C)C)c1ccccc1,CCCCCCCCP(=O)(CC(=O)N(CC(C)C)CC(C)C)c1ccccc1,False,True,True,9,O9,"281:O:2.31,153:O:2.39,10:O:2.57,220:O:2.59,83:O:2.61,150:O:2.64,80:O:2.65,13:O:2.66,223:O:3.14",3.1443875889372475,2.307618406089417,True,ok
f97f64fb03bd,,67,Ho,3,CCCCCCN(CCC(C)CCC=C(C)C)C(=O)COCC(=O)N(CCCCCC)CCC(C)CCC=C(C)C,"[18, 20, 23]","[""O(amide_carbonyl)"", ""O(ether)"", ""O(amide_carbonyl)""]",3,8,2,water,water,2,/nfs/home/nshank3/lanthanide_dataset_builder/data/geometries/Ho/Ho_Z67_ox3_CN8_nlig2_water_f97f64fb03bd.xyz,/nfs/home/nshank3/lanthanide_dataset_builder/data/geometries/Ho/Ho_Z67_ox3_CN8_nlig2_water_f97f64fb03bd.mol2,,-7344.209860305846,ok,built (standard attempt 1),accepted,CCCCCCN(CCC(C)CCC=C(C)C)C(=O)COCC(=O)N(CCCCCC)CCC(C)CCC=C(C)C,CCCCCCN(CCC(C)CCC=C(C)C)C(=O)COCC(=O)N(CCCCCC)CCC(C)CCC=C(C)C,False,True,True,8,O8,"24:O:2.17,133:O:2.18,19:O:2.29,128:O:2.34,130:O:2.40,21:O:2.45,219:O:2.59,222:O:2.63",2.6343538456131443,2.165496476101772,True,ok
076b08bdd522,,64,Gd,3,CCCCCCCCCCCCN(CCCCCCCCCCCC)C(=O)COC1CCCN(CCCCCC)C1=O,"[26, 28, 41]","[""O(amide_carbonyl)"", ""O(ether)"", ""O(amide_carbonyl)""]",3,9,3,nitrate,nitrate,0,/nfs/home/nshank3/lanthanide_dataset_builder/data/geometries/Gd/Gd_Z64_ox3_CN9_nlig3_nitrate_076b08bdd522.xyz,/nfs/home/nshank3/lanthanide_dataset_builder/data/geometries/Gd/Gd_Z64_ox3_CN9_nlig3_nitrate_076b08bdd522.mol2,,-10950.745486225567,ok,built (standard attempt 1),accepted,CCCCCCCCCCCCN(CCCCCCCCCCCC)C(=O)COC1CCCN(CCCCCC)C1=O,CCCCCCCCCCCCN(CCCCCCCCCCCC)C(=O)COC1CCCN(CCCCCC)C1=O,False,True,True,9,O9,"255:O:2.30,270:O:2.36,156:O:2.37,141:O:2.39,27:O:2.39,42:O:2.41,29:O:2.52,257:O:2.52,143:O:2.60",2.598459981411827,2.304641235390656,True,ok
2ba2430d45f9,,63,Eu,3,CCCCCCN(CCC(C)CCCC(C)C)C(=O)COCC(=O)N(CCCCCC)CCC(C)CCCC(C)C,"[18, 20, 23]","[""O(amide_carbonyl)"", ""O(ether)"", ""O(amide_carbonyl)""]",3,9,3,water,water,0,/nfs/home/nshank3/lanthanide_dataset_builder/data/geometries/Eu/Eu_Z63_ox3_CN9_nlig3_water_2ba2430d45f9.xyz,/nfs/home/nshank3/lanthanide_dataset_builder/data/geometries/Eu/Eu_Z63_ox3_CN9_nlig3_water_2ba2430d45f9.mol2,,-10773.277275501856,ok,built (standard attempt 1),accepted,CCCCCCN(CCC(C)CCCC(C)C)C(=O)COCC(=O)N(CCCCCC)CCC(C)CCCC(C)C,CCCCCCN(CCC(C)CCCC(C)C)C(=O)COCC(=O)N(CCCCCC)CCC(C)CCCC(C)C,False,True,True,8,O8,"250:O:2.21,132:O:2.38,21:O:2.40,137:O:2.40,19:O:2.47,24:O:2.58,134:O:2.67,247:O:2.92",2.9209040452577875,2.2121138957859663,False,ok
f728fe13d29b,,69,Tm,3,CCCCCCCCP(=O)(CCCCCCCC)Cc1cccc(CP(=O)(CCCCCCCC)CCCCCCCC)[n+]1[O-],"[9, 26, 44]","[""O(ether)"", ""O(ether)"", ""O(ether)""]",3,8,2,water,water,2,/nfs/home/nshank3/lanthanide_dataset_builder/data/geometries/Tm/Tm_Z69_ox3_CN8_nlig2_water_f728fe13d29b.xyz,/nfs/home/nshank3/lanthanide_dataset_builder/data/geometries/Tm/Tm_Z69_ox3_CN8_nlig2_water_f728fe13d29b.mol2,,-8009.403592113258,ok,built (standard attempt 1),accepted,CCCCCCCCP(=O)(CCCCCCCC)Cc1cccc(CP(=O)(CCCCCCCC)CCCCCCCC)[n+]1[O-],CCCCCCCCP(=O)(CCCCCCCC)Cc1cccc(CP(=O)(CCCCCCCC)CCCCCCCC)[n+]1[O-],False,True,True,8,O8,"130:O:2.19,27:O:2.24,10:O:2.28,147:O:2.28,45:O:2.37,244:O:2.44,241:O:2.55,165:O:2.70",2.699299533513471,2.1871380385211614,True,ok
85d76bb6d3a3,,60,Nd,3,CCCCCCCCP(=O)(CCCCCCCC)Cc1cccc(CP(=O)(CCCCCCCC)CCCCCCCC)[n+]1[O-],"[9, 26, 44]","[""O(ether)"", ""O(ether)"", ""O(ether)""]",3,9,3,water,water,0,/nfs/home/nshank3/lanthanide_dataset_builder/data/geometries/Nd/Nd_Z60_ox3_CN9_nlig3_water_85d76bb6d3a3.xyz,/nfs/home/nshank3/lanthanide_dataset_builder/data/geometries/Nd/Nd_Z60_ox3_CN9_nlig3_water_85d76bb6d3a3.mol2,,-11602.72972313443,ok,built (standard attempt 1),accepted,CCCCCCCCP(=O)(CCCCCCCC)Cc1cccc(CP(=O)(CCCCCCCC)CCCCCCCC)[n+]1[O-],CCCCCCCCP(=O)(CCCCCCCC)Cc1cccc(CP(=O)(CCCCCCCC)CCCCCCCC)[n+]1[O-],False,True,True,9,O9,"267:O:2.27,10:O:2.48,27:O:2.53,285:O:2.60,165:O:2.61,250:O:2.61,147:O:2.64,45:O:2.75,130:O:3.05",3.05264826281036,2.2738445616644394,True,ok
841e714ef7bf,,71,Lu,3,CCCCCCCCN(CCCCCCCC)C(=O)COCC(=O)N(CCCCCCCC)CCCCCCCC,"[18, 20, 23]","[""O(amide_carbonyl)"", ""O(ether)"", ""O(amide_carbonyl)""]",3,8,2,nitrate,nitrate,2,/nfs/home/nshank3/lanthanide_dataset_builder/data/geometries/Lu/Lu_Z71_ox3_CN8_nlig2_nitrate_841e714ef7bf.xyz,/nfs/home/nshank3/lanthanide_dataset_builder/data/geometries/Lu/Lu_Z71_ox3_CN8_nlig2_nitrate_841e714ef7bf.mol2,,-7604.290962128126,ok,built (standard attempt 1),accepted,CCCCCCCCN(CCCCCCCC)C(=O)COCC(=O)N(CCCCCCCC)CCCCCCCC,CCCCCCCCN(CCCCCCCC)C(=O)COCC(=O)N(CCCCCCCC)CCCCCCCC,False,True,True,9,"N1,O8","230:O:2.06,229:O:2.06,19:O:2.18,137:O:2.22,227:N:2.29,132:O:2.32,24:O:2.35,21:O:2.58,134:O:2.61",2.6128349369572006,2.0593627252684197,False,ok
e4103e24a2d3,,59,Pr,3,CCCCCCCCN(CCCCCCCC)C(=O)COCC(=O)N(CCCCCCCC)CCCCCCCC,"[18, 20, 23]","[""O(amide_carbonyl)"", ""O(ether)"", ""O(amide_carbonyl)""]",3,9,3,water,water,0,/nfs/home/nshank3/lanthanide_dataset_builder/data/geometries/Pr/Pr_Z59_ox3_CN9_nlig3_water_e4103e24a2d3.xyz,/nfs/home/nshank3/lanthanide_dataset_builder/data/geometries/Pr/Pr_Z59_ox3_CN9_nlig3_water_e4103e24a2d3.mol2,,-10775.017649391451,ok,built (standard attempt 1),accepted,CCCCCCCCN(CCCCCCCC)C(=O)COCC(=O)N(CCCCCCCC)CCCCCCCC,CCCCCCCCN(CCCCCCCC)C(=O)COCC(=O)N(CCCCCCCC)CCCCCCCC,False,True,True,8,O8,"245:O:2.24,19:O:2.33,132:O:2.36,250:O:2.51,247:O:2.59,134:O:2.63,24:O:2.68,137:O:2.80",2.804664731627461,2.2427593065847886,False,ok
61b5adf1c34b,,60,Nd,3,CCCCCCCCCCN(CCCCCCCCCC)C(=O)COCC(=O)N(CCCCCC)CCCCCC,"[22, 24, 27]","[""O(amide_carbonyl)"", ""O(ether)"", ""O(amide_carbonyl)""]",3,9,3,nitrate,nitrate,0,/nfs/home/nshank3/lanthanide_dataset_builder/data/geometries/Nd/Nd_Z60_ox3_CN9_nlig3_nitrate_61b5adf1c34b.xyz,/nfs/home/nshank3/lanthanide_dataset_builder/data/geometries/Nd/Nd_Z60_ox3_CN9_nlig3_nitrate_61b5adf1c34b.mol2,,-10774.81123119821,ok,built (standard attempt 1),accepted,CCCCCCCCCCN(CCCCCCCCCC)C(=O)COCC(=O)N(CCCCCC)CCCCCC,CCCCCCCCCCN(CCCCCCCCCC)C(=O)COCC(=O)N(CCCCCC)CCCCCC,False,True,True,9,O9,"28:O:2.17,249:O:2.25,141:O:2.47,136:O:2.51,254:O:2.56,251:O:2.65,23:O:2.72,138:O:2.96,25:O:2.98",2.9815296709498025,2.16596961967898,True,ok
125a61fe04b1,,64,Gd,3,CCCCCCCCCCN(CCCCCCCCCC)C(=O)COCC(=O)N(CCCCCC)CCCCCC,"[22, 24, 27]","[""O(amide_carbonyl)"", ""O(ether)"", ""O(amide_carbonyl)""]",3,9,3,water,water,0,/nfs/home/nshank3/lanthanide_dataset_builder/data/geometries/Gd/Gd_Z64_ox3_CN9_nlig3_water_125a61fe04b1.xyz,/nfs/home/nshank3/lanthanide_dataset_builder/data/geometries/Gd/Gd_Z64_ox3_CN9_nlig3_water_125a61fe04b1.mol2,,-10773.389717654998,ok,built (standard attempt 1),accepted,CCCCCCCCCCN(CCCCCCCCCC)C(=O)COCC(=O)N(CCCCCC)CCCCCC,CCCCCCCCCCN(CCCCCCCCCC)C(=O)COCC(=O)N(CCCCCC)CCCCCC,False,True,True,9,O9,"249:O:2.10,136:O:2.26,254:O:2.50,28:O:2.55,251:O:2.58,138:O:2.59,23:O:2.70,25:O:2.80,141:O:2.83",2.8331653649831083,2.100941103658795,True,ok
63cc5cb9d9a2,,68,Er,3,CCN(CC)C(=O)COCC(=O)N(CC)CC,"[6, 8, 11]","[""O(amide_carbonyl)"", ""O(ether)"", ""O(amide_carbonyl)""]",3,8,2,nitrate,nitrate,2,/nfs/home/nshank3/lanthanide_dataset_builder/data/geometries/Er/Er_Z68_ox3_CN8_nlig2_nitrate_63cc5cb9d9a2.xyz,/nfs/home/nshank3/lanthanide_dataset_builder/data/geometries/Er/Er_Z68_ox3_CN8_nlig2_nitrate_63cc5cb9d9a2.mol2,,-3471.6938733620013,ok,built (standard attempt 1),accepted,CCN(CC)C(=O)COCC(=O)N(CC)CC,CCN(CC)C(=O)COCC(=O)N(CC)CC,False,True,True,9,"N1,O8","86:O:2.11,7:O:2.14,48:O:2.19,85:O:2.19,12:O:2.25,50:O:2.33,53:O:2.42,83:N:2.54,9:O:2.55",2.5532388665911863,2.114522340737585,False,ok
2bb8a487a3df,,58,Ce,3,CCCCCCCCN(CCCCCCCC)C(=O)COCC(=O)N(CCCCCCCC)CCCCCCCC,"[18, 20, 23]","[""O(amide_carbonyl)"", ""O(ether)"", ""O(amide_carbonyl)""]",3,9,3,water,water,0,/nfs/home/nshank3/lanthanide_dataset_builder/data/geometries/Ce/Ce_Z58_ox3_CN9_nlig3_water_2bb8a487a3df.xyz,/nfs/home/nshank3/lanthanide_dataset_builder/data/geometries/Ce/Ce_Z58_ox3_CN9_nlig3_water_2bb8a487a3df.mol2,,-10775.4883900055,ok,built (standard attempt 1),accepted,CCCCCCCCN(CCCCCCCC)C(=O)COCC(=O)N(CCCCCCCC)CCCCCCCC,CCCCCCCCN(CCCCCCCC)C(=O)COCC(=O)N(CCCCCCCC)CCCCCCCC,False,True,True,9,O9,"137:O:2.30,132:O:2.35,245:O:2.38,250:O:2.42,24:O:2.44,247:O:2.47,19:O:2.55,134:O:2.58,21:O:2.72",2.724173235155165,2.301966710321747,True,ok
5b7cdd751f3a,,67,Ho,3,CCCCCCCCN(CCCCCCCC)C(=O)COCCOCC(=O)N(CCCCCCCC)CCCCCCCC,"[18, 20, 23, 26]","[""O(amide_carbonyl)"", ""O(ether)"", ""O(ether)"", ""O(amide_carbonyl)""]",4,8,2,nitrate,nitrate,0,/nfs/home/nshank3/lanthanide_dataset_builder/data/geometries/Ho/Ho_Z67_ox3_CN8_nlig2_nitrate_5b7cdd751f3a.xyz,/nfs/home/nshank3/lanthanide_dataset_builder/data/geometries/Ho/Ho_Z67_ox3_CN8_nlig2_nitrate_5b7cdd751f3a.mol2,,-7744.346991276265,ok,built (standard attempt 1),accepted,CCCCCCCCN(CCCCCCCC)C(=O)COCCOCC(=O)N(CCCCCCCC)CCCCCCCC,CCCCCCCCN(CCCCCCCC)C(=O)COCCOCC(=O)N(CCCCCCCC)CCCCCCCC,False,True,True,8,O8,"19:O:2.12,139:O:2.17,27:O:2.20,144:O:2.47,147:O:2.57,24:O:2.65,21:O:2.65,141:O:2.67",2.668324049317698,2.1203788810667823,True,ok
71027d67add4,,58,Ce,3,CCCCCCCCN(CCCCCCCC)C(=O)[C@H](CCC)O[C@H](CCC)C(=O)N(CCCCCCCC)CCCCCCCC,"[18, 23, 29]","[""O(amide_carbonyl)"", ""O(ether)"", ""O(amide_carbonyl)""]",3,9,3,nitrate,nitrate,0,/nfs/home/nshank3/lanthanide_dataset_builder/data/geometries/Ce/Ce_Z58_ox3_CN9_nlig3_nitrate_71027d67add4.xyz,/nfs/home/nshank3/lanthanide_dataset_builder/data/geometries/Ce/Ce_Z58_ox3_CN9_nlig3_nitrate_71027d67add4.mol2,,-12323.467799248116,ok,built (standard attempt 1),accepted,CCCCCCCCN(CCCCCCCC)C(=O)[C@H](CCC)O[C@H](CCC)C(=O)N(CCCCCCCC)CCCCCCCC,CCCCCCCCN(CCCCCCCC)C(=O)[C@H](CCC)O[C@H](CCC)C(=O)N(CCCCCCCC)CCCCCCCC,False,True,True,8,O8,"281:O:2.16,161:O:2.20,292:O:2.23,30:O:2.25,19:O:2.39,150:O:2.49,286:O:2.55,155:O:3.17",3.1699092509004125,2.1610341788967076,False,ok
7ba552465e9f,,60,Nd,3,CCCCCCCCN(CCCCCCCC)C(=O)[C@H](C)O[C@@H](CC)C(=O)N(CCCCCCCC)CCCCCCCC,"[18, 21, 26]","[""O(amide_carbonyl)"", ""O(ether)"", ""O(amide_carbonyl)""]",3,9,3,nitrate,nitrate,0,/nfs/home/nshank3/lanthanide_dataset_builder/data/geometries/Nd/Nd_Z60_ox3_CN9_nlig3_nitrate_7ba552465e9f.xyz,/nfs/home/nshank3/lanthanide_dataset_builder/data/geometries/Nd/Nd_Z60_ox3_CN9_nlig3_nitrate_7ba552465e9f.mol2,,-11539.556169854965,ok,built (standard attempt 1),accepted,CCCCCCCCN(CCCCCCCC)C(=O)[C@H](C)O[C@@H](CC)C(=O)N(CCCCCCCC)CCCCCCCC,CCCCCCCCN(CCCCCCCC)C(=O)[C@H](C)O[C@@H](CC)C(=O)N(CCCCCCCC)CCCCCCCC,False,True,True,9,O9,"263:O:2.27,149:O:2.33,19:O:2.34,27:O:2.36,144:O:2.38,141:O:2.44,271:O:2.50,22:O:2.53,266:O:2.66",2.6559041390523093,2.2727170098391007,True,ok
436f63f21bbe,,58,Ce,3,CC12CCC(c3nnc(-c4cccc(-c5nnc6c(n5)C5(C)CCC6C5(C)C)n4)nc31)C2(C)C,"[6, 7, 15, 16, 19, 28, 29]","[""N(aromatic)"", ""N(aromatic)"", ""N(aromatic)"", ""N(aromatic)"", ""N(aromatic)"", ""N(aromatic)"", ""N(aromatic)""]",7,9,1,nitrate,nitrate,2,/nfs/home/nshank3/lanthanide_dataset_builder/data/geometries/Ce/Ce_Z58_ox3_CN9_nlig1_nitrate_436f63f21bbe.xyz,/nfs/home/nshank3/lanthanide_dataset_builder/data/geometries/Ce/Ce_Z58_ox3_CN9_nlig1_nitrate_436f63f21bbe.mol2,,-2979.93635236258,ok,built (standard attempt 1),accepted,CC12CCC(c3nnc(-c4cccc(-c5nnc6c(n5)C5(C)CCC6C5(C)C)n4)nc31)C2(C)C,CC12CCC(c3nnc(-c4cccc(-c5nnc6c(n5)C5(C)CCC6C5(C)C)n4)nc31)C2(C)C,False,True,True,9,"N6,O3","69:O:2.06,68:O:2.11,66:N:2.24,16:N:2.32,8:N:2.40,29:N:2.43,7:N:2.46,17:N:2.48,67:O:3.15",3.1529216055565454,2.058474248491572,True,ok
fb8fcb46a95e,,70,Yb,3,O=C(c1cc(Cl)c2ccc3c(Cl)cc(C(=O)N4CCCC4)nc3c2n1)N1CCCC1,"[0, 15, 21, 24]","[""O(amide_carbonyl)"", ""O(amide_carbonyl)"", ""N(aromatic)"", ""N(aromatic)""]",4,8,2,nitrate,nitrate,0,/nfs/home/nshank3/lanthanide_dataset_builder/data/geometries/Yb/Yb_Z70_ox3_CN8_nlig2_nitrate_fb8fcb46a95e.xyz,/nfs/home/nshank3/lanthanide_dataset_builder/data/geometries/Yb/Yb_Z70_ox3_CN8_nlig2_nitrate_fb8fcb46a95e.mol2,,-4693.389509646135,ok,built (standard attempt 2),accepted,O=C(c1cc(Cl)c2ccc3c(Cl)cc(C(=O)N4CCCC4)nc3c2n1)N1CCCC1,O=C(c1cc(Cl)c2ccc3c(Cl)cc(C(=O)N4CCCC4)nc3c2n1)N1CCCC1,False,True,True,8,"N4,O4","51:O:2.17,16:O:2.23,66:O:2.35,25:N:2.39,22:N:2.39,1:O:2.45,75:N:2.70,72:N:2.77",2.7733176217450404,2.1700066428898412,True,ok
09d9173d54bc,,66,Dy,3,CC(C)CCCC(C)CCCCN(C)C(=O)COCC(=O)N(C)CCCCC(C)CCCC(C)C,"[15, 17, 20]","[""O(amide_carbonyl)"", ""O(ether)"", ""O(amide_carbonyl)""]",3,8,2,water,water,2,/nfs/home/nshank3/lanthanide_dataset_builder/data/geometries/Dy/Dy_Z66_ox3_CN8_nlig2_water_09d9173d54bc.xyz,/nfs/home/nshank3/lanthanide_dataset_builder/data/geometries/Dy/Dy_Z66_ox3_CN8_nlig2_water_09d9173d54bc.mol2,,-6424.811708367169,ok,built (standard attempt 1),accepted,CC(C)CCCC(C)CCCCN(C)C(=O)COCC(=O)N(C)CCCCC(C)CCCC(C)C,CC(C)CCCC(C)CCCCN(C)C(=O)COCC(=O)N(C)CCCCC(C)CCCC(C)C,False,True,True,8,O8,"116:O:2.13,21:O:2.20,16:O:2.28,111:O:2.30,18:O:2.39,191:O:2.47,194:O:2.68,113:O:2.78",2.7763601080796887,2.1346667084735227,True,ok
b57e3861f8d5,,58,Ce,3,CCCCCCCCN(CCCCCCCC)C(=O)COCC(=O)N(C)C,"[18, 20, 23]","[""O(amide_carbonyl)"", ""O(ether)"", ""O(amide_carbonyl)""]",3,9,3,water,water,0,/nfs/home/nshank3/lanthanide_dataset_builder/data/geometries/Ce/Ce_Z58_ox3_CN9_nlig3_water_b57e3861f8d5.xyz,/nfs/home/nshank3/lanthanide_dataset_builder/data/geometries/Ce/Ce_Z58_ox3_CN9_nlig3_water_b57e3861f8d5.mol2,,-7159.183071900956,ok,built (standard attempt 1),accepted,CCCCCCCCN(CCCCCCCC)C(=O)COCC(=O)N(C)C,CCCCCCCCN(CCCCCCCC)C(=O)COCC(=O)N(C)C,False,True,True,9,O9,"19:O:2.21,90:O:2.35,24:O:2.38,95:O:2.40,166:O:2.43,21:O:2.51,92:O:2.56,161:O:2.63,163:O:2.89",2.887916079279309,2.211637770377208,True,ok
9fa96db16fe2,,58,Ce,3,CCCc1nnc(-c2cccc(-c3nnc(CCC)c(CCC)n3)n2)nc1CCC,"[4, 5, 13, 14, 23, 24, 25]","[""N(aromatic)"", ""N(aromatic)"", ""N(aromatic)"", ""N(aromatic)"", ""N(aromatic)"", ""N(aromatic)"", ""N(aromatic)""]",7,9,1,nitrate,nitrate,2,/nfs/home/nshank3/lanthanide_dataset_builder/data/geometries/Ce/Ce_Z58_ox3_CN9_nlig1_nitrate_9fa96db16fe2.xyz,/nfs/home/nshank3/lanthanide_dataset_builder/data/geometries/Ce/Ce_Z58_ox3_CN9_nlig1_nitrate_9fa96db16fe2.mol2,,-2746.2879452996367,ok,built (standard attempt 1),accepted,CCCc1nnc(-c2cccc(-c3nnc(CCC)c(CCC)n3)n2)nc1CCC,CCCc1nnc(-c2cccc(-c3nnc(CCC)c(CCC)n3)n2)nc1CCC,False,True,True,8,"N6,O2","65:O:2.06,64:O:2.09,62:N:2.30,14:N:2.31,5:N:2.43,6:N:2.46,25:N:2.53,15:N:2.55",2.5546249328362824,2.0573300891124426,False,ok
918443e30249,,71,Lu,3,CCCCCCCCN(CCCCCCCC)C(=O)[C@H](C)O[C@@H](C)C(=O)N(CCCCCCCC)CCCCCCCC,"[18, 21, 25]","[""O(amide_carbonyl)"", ""O(ether)"", ""O(amide_carbonyl)""]",3,8,2,nitrate,nitrate,2,/nfs/home/nshank3/lanthanide_dataset_builder/data/geometries/Lu/Lu_Z71_ox3_CN8_nlig2_nitrate_918443e30249.xyz,/nfs/home/nshank3/lanthanide_dataset_builder/data/geometries/Lu/Lu_Z71_ox3_CN8_nlig2_nitrate_918443e30249.mol2,,-7948.689821716812,ok,built (standard attempt 1),accepted,CCCCCCCCN(CCCCCCCC)C(=O)[C@H](C)O[C@@H](C)C(=O)N(CCCCCCCC)CCCCCCCC,CCCCCCCCN(CCCCCCCC)C(=O)[C@H](C)O[C@@H](C)C(=O)N(CCCCCCCC)CCCCCCCC,False,True,True,9,"N1,O8","241:O:2.06,242:O:2.13,26:O:2.16,19:O:2.24,138:O:2.28,145:O:2.37,239:N:2.44,141:O:2.55,22:O:2.83",2.8333476750480684,2.0586067049859316,False,ok
df97869cd157,,66,Dy,3,CN(C(=O)COCC(=O)N(C)c1ccccc1)c1ccccc1,"[3, 5, 8]","[""O(amide_carbonyl)"", ""O(ether)"", ""O(amide_carbonyl)""]",3,8,2,nitrate,nitrate,2,/nfs/home/nshank3/lanthanide_dataset_builder/data/geometries/Dy/Dy_Z66_ox3_CN8_nlig2_nitrate_df97869cd157.xyz,/nfs/home/nshank3/lanthanide_dataset_builder/data/geometries/Dy/Dy_Z66_ox3_CN8_nlig2_nitrate_df97869cd157.mol2,,-4058.010413460752,ok,built (standard attempt 1),accepted,CN(C(=O)COCC(=O)N(C)c1ccccc1)c1ccccc1,CN(C(=O)COCC(=O)N(C)c1ccccc1)c1ccccc1,False,True,True,9,"N1,O8","89:O:2.12,90:O:2.14,4:O:2.26,47:O:2.28,9:O:2.30,52:O:2.33,87:N:2.50,49:O:2.55,6:O:2.79",2.787602626735667,2.116563133522996,False,ok
fc8ab66e02d0,,66,Dy,3,CCCCCCCCN(CCCCC(C)CCCC(C)C)C(=O)COCC(=O)N(CCCCCCCC)CCCCC(C)CCCC(C)C,"[22, 24, 27]","[""O(amide_carbonyl)"", ""O(ether)"", ""O(amide_carbonyl)""]",3,8,2,water,water,2,/nfs/home/nshank3/lanthanide_dataset_builder/data/geometries/Dy/Dy_Z66_ox3_CN8_nlig2_water_fc8ab66e02d0.xyz,/nfs/home/nshank3/lanthanide_dataset_builder/data/geometries/Dy/Dy_Z66_ox3_CN8_nlig2_water_fc8ab66e02d0.mol2,,-8835.052840202836,ok,built (standard attempt 1),accepted,CCCCCCCCN(CCCCC(C)CCCC(C)C)C(=O)COCC(=O)N(CCCCCCCC)CCCCC(C)CCCC(C)C,CCCCCCCCN(CCCCC(C)CCCC(C)C)C(=O)COCC(=O)N(CCCCCCCC)CCCCC(C)CCCC(C)C,False,True,True,8,O8,"165:O:2.11,160:O:2.14,28:O:2.15,23:O:2.18,25:O:2.35,162:O:2.51,275:O:2.54,278:O:2.73",2.72743296364749,2.1093742574551415,True,ok
ec908defe1cf,,60,Nd,3,CCCCCCC(C)N(CCCC)C(=O)COCC(=O)N(CCCC)C(C)CCCCCC,"[14, 16, 19]","[""O(amide_carbonyl)"", ""O(ether)"", ""O(amide_carbonyl)""]",3,9,3,water,water,0,/nfs/home/nshank3/lanthanide_dataset_builder/data/geometries/Nd/Nd_Z60_ox3_CN9_nlig3_water_ec908defe1cf.xyz,/nfs/home/nshank3/lanthanide_dataset_builder/data/geometries/Nd/Nd_Z60_ox3_CN9_nlig3_water_ec908defe1cf.mol2,,-8710.052183002914,ok,built (standard attempt 1),accepted,CCCCCCC(C)N(CCCC)C(=O)COCC(=O)N(CCCC)C(C)CCCCCC,CCCCCCC(C)N(CCCC)C(=O)COCC(=O)N(CCCC)C(C)CCCCCC,False,True,True,9,O9,"109:O:2.20,20:O:2.22,193:O:2.32,198:O:2.32,104:O:2.34,15:O:2.38,17:O:2.49,106:O:2.51,195:O:2.55",2.5526783701117646,2.1999560251090307,True,ok
90005743a06b,,68,Er,3,CCCCCCCCC(C)(C)SCC1CN(C(=O)COCC(=O)N2CC(C)C(CSC(C)(C)CCCCCCCC)C2)CC1C,"[17, 19, 22]","[""O(amide_carbonyl)"", ""O(ether)"", ""O(amide_carbonyl)""]",3,8,2,water,water,2,/nfs/home/nshank3/lanthanide_dataset_builder/data/geometries/Er/Er_Z68_ox3_CN8_nlig2_water_90005743a06b.xyz,/nfs/home/nshank3/lanthanide_dataset_builder/data/geometries/Er/Er_Z68_ox3_CN8_nlig2_water_90005743a06b.mol2,,-8046.783826222118,ok,built (standard attempt 1),accepted,CCCCCCCCC(C)(C)SCC1CN(C(=O)COCC(=O)N2CC(C)C(CSC(C)(C)CCCCCCCC)C2)CC1C,CCCCCCCCC(C)(C)SCC1CN(C(=O)COCC(=O)N2CC(C)C(CSC(C)(C)CCCCCCCC)C2)CC1C,False,True,True,8,O8,"140:O:2.17,23:O:2.21,18:O:2.30,135:O:2.31,20:O:2.40,137:O:2.40,235:O:2.49,238:O:2.52",2.5218295677451454,2.171228470072759,True,ok
e6f9dde6a90b,,71,Lu,3,O=C(COCC(=O)N1CCCCC1)N1CCCCC1,"[0, 3, 6]","[""O(amide_carbonyl)"", ""O(ether)"", ""O(amide_carbonyl)""]",3,8,2,water,water,2,/nfs/home/nshank3/lanthanide_dataset_builder/data/geometries/Lu/Lu_Z71_ox3_CN8_nlig2_water_e6f9dde6a90b.xyz,/nfs/home/nshank3/lanthanide_dataset_builder/data/geometries/Lu/Lu_Z71_ox3_CN8_nlig2_water_e6f9dde6a90b.mol2,,-3558.2264315017574,ok,built (standard attempt 1),accepted,O=C(COCC(=O)N1CCCCC1)N1CCCCC1,O=C(COCC(=O)N1CCCCC1)N1CCCCC1,False,True,True,8,O8,"7:O:2.12,44:O:2.16,1:O:2.16,50:O:2.16,4:O:2.30,47:O:2.39,87:O:2.58,90:O:2.75",2.7516574315913167,2.1180975068634105,True,ok
6562b23bd4a8,,63,Eu,3,Cc1cc(C)n(-c2cccc(-n3nc(C)cc3C)n2)n1,"[5, 11, 12, 18, 19]","[""N(aromatic)"", ""N(aromatic)"", ""N(aromatic)"", ""N(aromatic)"", ""N(aromatic)""]",5,9,1,nitrate,nitrate,4,/nfs/home/nshank3/lanthanide_dataset_builder/data/geometries/Eu/Eu_Z63_ox3_CN9_nlig1_nitrate_6562b23bd4a8.xyz,/nfs/home/nshank3/lanthanide_dataset_builder/data/geometries/Eu/Eu_Z63_ox3_CN9_nlig1_nitrate_6562b23bd4a8.mol2,,-2352.6365816988005,ok,built (standard attempt 1),accepted,Cc1cc(C)n(-c2cccc(-n3nc(C)cc3C)n2)n1,Cc1cc(C)n(-c2cccc(-n3nc(C)cc3C)n2)n1,False,True,True,11,"N6,O5","41:O:2.05,40:O:2.10,44:O:2.16,45:O:2.20,42:N:2.21,13:N:2.37,38:N:2.38,20:N:2.38,19:N:2.51,43:O:2.98,12:N:3.17",3.1688769054755586,2.0474751674736393,False,ok
250e4cef94d2,,67,Ho,3,CCCCCc1nnc(-c2cccc(-c3cccc(-c4nnc(CCCCC)c(CCCCC)n4)n3)n2)nc1CCCCC,"[6, 7, 20, 21, 34, 35, 36, 37]","[""N(aromatic)"", ""N(aromatic)"", ""N(aromatic)"", ""N(aromatic)"", ""N(aromatic)"", ""N(aromatic)"", ""N(aromatic)"", ""N(aromatic)""]",8,8,1,nitrate,nitrate,0,/nfs/home/nshank3/lanthanide_dataset_builder/data/geometries/Ho/Ho_Z67_ox3_CN8_nlig1_nitrate_250e4cef94d2.xyz,/nfs/home/nshank3/lanthanide_dataset_builder/data/geometries/Ho/Ho_Z67_ox3_CN8_nlig1_nitrate_250e4cef94d2.mol2,,-3418.9340070226126,ok,built (standard attempt 1),accepted,CCCCCc1nnc(-c2cccc(-c3cccc(-c4nnc(CCCCC)c(CCCCC)n4)n3)n2)nc1CCCCC,CCCCCc1nnc(-c2cccc(-c3cccc(-c4nnc(CCCCC)c(CCCCC)n4)n3)n2)nc1CCCCC,False,True,True,6,N6,"7:N:2.20,21:N:2.33,8:N:2.36,36:N:2.46,37:N:2.48,22:N:3.19",3.1850807246766326,2.20114944390439,False,ok
623b05528a11,,63,Eu,3,CCCc1nnc(-c2cccc(-c3nnc(CCC)c(CCC)n3)n2)nc1CCC,"[4, 5, 13, 14, 23, 24, 25]","[""N(aromatic)"", ""N(aromatic)"", ""N(aromatic)"", ""N(aromatic)"", ""N(aromatic)"", ""N(aromatic)"", ""N(aromatic)""]",7,9,1,nitrate,nitrate,2,/nfs/home/nshank3/lanthanide_dataset_builder/data/geometries/Eu/Eu_Z63_ox3_CN9_nlig1_nitrate_623b05528a11.xyz,/nfs/home/nshank3/lanthanide_dataset_builder/data/geometries/Eu/Eu_Z63_ox3_CN9_nlig1_nitrate_623b05528a11.mol2,,-2744.824224388884,ok,built (standard attempt 1),accepted,CCCc1nnc(-c2cccc(-c3nnc(CCC)c(CCC)n3)n2)nc1CCC,CCCc1nnc(-c2cccc(-c3nnc(CCC)c(CCC)n3)n2)nc1CCC,False,True,True,6,"N4,O2","65:O:2.05,64:O:2.10,62:N:2.35,25:N:2.40,24:N:2.45,26:N:2.50",2.5034142475775507,2.049964658311658,False,ok
1df9841672b3,,63,Eu,3,CCCCCCCCN(CCCCCCCC)C(=O)COCC(=O)N1CCOCC1,"[18, 20, 23, 27]","[""O(amide_carbonyl)"", ""O(ether)"", ""O(amide_carbonyl)"", ""O(ether)""]",4,9,2,water,water,1,/nfs/home/nshank3/lanthanide_dataset_builder/data/geometries/Eu/Eu_Z63_ox3_CN9_nlig2_water_1df9841672b3.xyz,/nfs/home/nshank3/lanthanide_dataset_builder/data/geometries/Eu/Eu_Z63_ox3_CN9_nlig2_water_1df9841672b3.mol2,,-5418.598175556217,ok,built (standard attempt 1),accepted,CCCCCCCCN(CCCCCCCC)C(=O)COCC(=O)N1CCOCC1,CCCCCCCCN(CCCCCCCC)C(=O)COCC(=O)N1CCOCC1,False,True,True,9,O9,"100:O:2.21,95:O:2.24,19:O:2.26,24:O:2.29,28:O:2.65,153:O:2.70,21:O:2.73,97:O:2.76,104:O:2.95",2.9533479544509897,2.2076308189564036,True,ok
d853ee339030,,63,Eu,3,CCCCCCCCN(CCC(C)CC(C)(C)C)C(=O)COCC(=O)N(CCCCCCCC)CCC(C)CC(C)(C)C,"[19, 21, 24]","[""O(amide_carbonyl)"", ""O(ether)"", ""O(amide_carbonyl)""]",3,9,3,water,water,0,/nfs/home/nshank3/lanthanide_dataset_builder/data/geometries/Eu/Eu_Z63_ox3_CN9_nlig3_water_d853ee339030.xyz,/nfs/home/nshank3/lanthanide_dataset_builder/data/geometries/Eu/Eu_Z63_ox3_CN9_nlig3_water_d853ee339030.mol2,,-11290.922430022903,ok,built (standard attempt 1),accepted,CCCCCCCCN(CCC(C)CC(C)(C)C)C(=O)COCC(=O)N(CCCCCCCC)CCC(C)CC(C)(C)C,CCCCCCCCN(CCC(C)CC(C)(C)C)C(=O)COCC(=O)N(CCCCCCCC)CCC(C)CC(C)(C)C,False,True,True,9,O9,"139:O:2.17,20:O:2.20,258:O:2.31,22:O:2.36,141:O:2.39,263:O:2.42,25:O:2.49,260:O:2.53,144:O:2.56",2.5562494825665993,2.1709621017577527,True,ok
16c7c8951ba2,,63,Eu,3,CCCCCCCCCCCCOc1cc(CNC(=O)COCC(=O)N(CCCC)CCCC)cc(CNC(=O)COCC(=O)N(CCCC)CCCC)c1,"[19, 21, 24]","[""O(amide_carbonyl)"", ""O(ether)"", ""O(amide_carbonyl)""]",3,9,3,nitrate,nitrate,0,/nfs/home/nshank3/lanthanide_dataset_builder/data/geometries/Eu/Eu_Z63_ox3_CN9_nlig3_nitrate_16c7c8951ba2.xyz,/nfs/home/nshank3/lanthanide_dataset_builder/data/geometries/Eu/Eu_Z63_ox3_CN9_nlig3_nitrate_16c7c8951ba2.mol2,,-14227.58530237358,ok,built (standard attempt 1),accepted,CCCCCCCCCCCCOc1cc(CNC(=O)COCC(=O)N(CCCC)CCCC)cc(CNC(=O)COCC(=O)N(CCCC)CCCC)c1,CCCCCCCCCCCCOc1cc(CNC(=O)COCC(=O)N(CCCC)CCCC)cc(CNC(=O)COCC(=O)N(CCCC)CCCC)c1,False,True,True,9,O9,"158:O:2.16,25:O:2.25,22:O:2.42,153:O:2.44,291:O:2.48,286:O:2.51,155:O:2.53,20:O:2.53,288:O:2.76",2.7616079794880366,2.163879391886039,True,ok
d4fd5d6f5ee9,,63,Eu,3,CCCCCCCCN(CCCCCCCC)C(=O)CN(CC(=O)N(CCCCCCCC)CCCCCCCC)Cc1ccccc1,"[18, 20, 23]","[""O(amide_carbonyl)"", ""N(amine)"", ""O(amide_carbonyl)""]",3,9,3,water,water,0,/nfs/home/nshank3/lanthanide_dataset_builder/data/geometries/Eu/Eu_Z63_ox3_CN9_nlig3_water_d4fd5d6f5ee9.xyz,/nfs/home/nshank3/lanthanide_dataset_builder/data/geometries/Eu/Eu_Z63_ox3_CN9_nlig3_water_d4fd5d6f5ee9.mol2,,-12196.674138714205,ok,built (standard attempt 1),accepted,CCCCCCCCN(CCCCCCCC)C(=O)CN(CC(=O)N(CCCCCCCC)CCCCCCCC)Cc1ccccc1,CCCCCCCCN(CCCCCCCC)C(=O)CN(CC(=O)N(CCCCCCCC)CCCCCCCC)Cc1ccccc1,False,True,True,9,"N3,O6","146:O:2.22,278:O:2.30,151:O:2.33,19:O:2.34,273:O:2.54,24:O:2.67,21:N:2.92,275:N:2.97,148:N:3.04",3.0352240718066072,2.2182732064581536,True,ok
8d7b517c525c,,63,Eu,3,CCCCOP(=S)(COCP(=S)(OCCCC)OCCCC)OCCCC,"[4, 6, 8, 11, 12, 17, 22]","[""O(ether)"", ""S(donor)"", ""O(ether)"", ""S(donor)"", ""O(ether)"", ""O(ether)"", ""O(ether)""]",7,9,1,water,water,2,/nfs/home/nshank3/lanthanide_dataset_builder/data/geometries/Eu/Eu_Z63_ox3_CN9_nlig1_water_8d7b517c525c.xyz,/nfs/home/nshank3/lanthanide_dataset_builder/data/geometries/Eu/Eu_Z63_ox3_CN9_nlig1_water_8d7b517c525c.mol2,,-2748.05729806424,ok,built (standard attempt 1),accepted,CCCCOP(=S)(COCP(=S)(OCCCC)OCCCC)OCCCC,CCCCOP(=S)(COCP(=S)(OCCCC)OCCCC)OCCCC,False,True,True,11,"O7,P2,S2","5:O:2.37,13:O:2.40,68:O:2.58,71:O:2.64,18:O:2.71,7:S:2.76,23:O:2.84,12:S:2.95,9:O:3.06,6:P:3.12,11:P:3.15",3.1516436486250092,2.3707925943931936,False,ok
54b95afb1c96,,63,Eu,3,CC(C)(C)c1cc(-c2cc(C(C)(C)C)cc(-c3nnc4c(n3)C(C)(C)CCC4(C)C)n2)nc(-c2nnc3c(n2)C(C)(C)CCC3(C)C)c1,"[17, 18, 21, 30, 31, 34, 35, 38]","[""N(aromatic)"", ""N(aromatic)"", ""N(aromatic)"", ""N(aromatic)"", ""N(aromatic)"", ""N(aromatic)"", ""N(aromatic)"", ""N(aromatic)""]",8,9,1,nitrate,nitrate,1,/nfs/home/nshank3/lanthanide_dataset_builder/data/geometries/Eu/Eu_Z63_ox3_CN9_nlig1_nitrate_54b95afb1c96.xyz,/nfs/home/nshank3/lanthanide_dataset_builder/data/geometries/Eu/Eu_Z63_ox3_CN9_nlig1_nitrate_54b95afb1c96.mol2,,-3851.012658393194,ok,built (standard attempt 1),accepted,CC(C)(C)c1cc(-c2cc(C(C)(C)C)cc(-c3nnc4c(n3)C(C)(C)CCC4(C)C)n2)nc(-c2nnc3c(n2)C(C)(C)CCC3(C)C)c1,CC(C)(C)c1cc(-c2cc(C(C)(C)C)cc(-c3nnc4c(n3)C(C)(C)CCC4(C)C)n2)nc(-c2nnc3c(n2)C(C)(C)CCC3(C)C)c1,False,True,True,6,"N5,O1","35:N:2.28,18:N:2.33,103:O:2.46,32:N:2.47,31:N:2.48,36:N:2.55",2.5505924157334334,2.280449760314019,False,ok
22416499ab5a,,64,Gd,3,CCCCCCN(CCCCCC)C(=O)COCC(=O)N(CCCCCC)CCCCCC,"[14, 16, 19]","[""O(amide_carbonyl)"", ""O(ether)"", ""O(amide_carbonyl)""]",3,9,3,nitrate,nitrate,0,/nfs/home/nshank3/lanthanide_dataset_builder/data/geometries/Gd/Gd_Z64_ox3_CN9_nlig3_nitrate_22416499ab5a.xyz,/nfs/home/nshank3/lanthanide_dataset_builder/data/geometries/Gd/Gd_Z64_ox3_CN9_nlig3_nitrate_22416499ab5a.mol2,,-8708.972154094388,ok,built (standard attempt 1),accepted,CCCCCCN(CCCCCC)C(=O)COCC(=O)N(CCCCCC)CCCCCC,CCCCCCN(CCCCCC)C(=O)COCC(=O)N(CCCCCC)CCCCCC,False,True,True,9,O9,"198:O:2.21,104:O:2.32,109:O:2.39,193:O:2.39,106:O:2.45,20:O:2.47,15:O:2.57,195:O:2.72,17:O:2.85",2.8526833980340305,2.2123225816583125,True,ok
33fae4967c19,,64,Gd,3,CCCCCCCCC(C)(C)SCC1CN(C(=O)COCC(=O)N2CC(C)C(CSC(C)(C)CCCCCCCC)C2)CC1C,"[17, 19, 22]","[""O(amide_carbonyl)"", ""O(ether)"", ""O(amide_carbonyl)""]",3,9,3,water,water,0,/nfs/home/nshank3/lanthanide_dataset_builder/data/geometries/Gd/Gd_Z64_ox3_CN9_nlig3_water_33fae4967c19.xyz,/nfs/home/nshank3/lanthanide_dataset_builder/data/geometries/Gd/Gd_Z64_ox3_CN9_nlig3_water_33fae4967c19.mol2,,-11656.415471741428,ok,built (standard attempt 1),accepted,CCCCCCCCC(C)(C)SCC1CN(C(=O)COCC(=O)N2CC(C)C(CSC(C)(C)CCCCCCCC)C2)CC1C,CCCCCCCCC(C)(C)SCC1CN(C(=O)COCC(=O)N2CC(C)C(CSC(C)(C)CCCCCCCC)C2)CC1C,False,True,True,9,O9,"140:O:2.09,23:O:2.14,257:O:2.14,20:O:2.55,137:O:2.58,254:O:2.62,252:O:2.75,18:O:2.76,135:O:2.92",2.916255342593851,2.0934630919552877,True,ok
d428610ec05b,,67,Ho,3,CCCCCCCCN(CCC)C(=O)COCC(=O)N(CCC)CCCCCCCC,"[13, 15, 18]","[""O(amide_carbonyl)"", ""O(ether)"", ""O(amide_carbonyl)""]",3,8,2,water,water,2,/nfs/home/nshank3/lanthanide_dataset_builder/data/geometries/Ho/Ho_Z67_ox3_CN8_nlig2_water_d428610ec05b.xyz,/nfs/home/nshank3/lanthanide_dataset_builder/data/geometries/Ho/Ho_Z67_ox3_CN8_nlig2_water_d428610ec05b.mol2,,-5735.528840254336,ok,built (standard attempt 1),accepted,CCCCCCCCN(CCC)C(=O)COCC(=O)N(CCC)CCCCCCCC,CCCCCCCCN(CCC)C(=O)COCC(=O)N(CCC)CCCCCCCC,False,True,True,8,O8,"14:O:2.12,97:O:2.21,19:O:2.33,99:O:2.37,102:O:2.45,170:O:2.51,16:O:2.54,167:O:2.64",2.6410937851961793,2.118774801839344,True,ok
86932934bc2b,,57,La,3,CC(C)CN(CC(C)C)C(=O)COCC(=O)N(CC(C)C)CC(C)C,"[10, 12, 15]","[""O(amide_carbonyl)"", ""O(ether)"", ""O(amide_carbonyl)""]",3,9,3,nitrate,nitrate,0,/nfs/home/nshank3/lanthanide_dataset_builder/data/geometries/La/La_Z57_ox3_CN9_nlig3_nitrate_86932934bc2b.xyz,/nfs/home/nshank3/lanthanide_dataset_builder/data/geometries/La/La_Z57_ox3_CN9_nlig3_nitrate_86932934bc2b.mol2,,-6645.56182185217,ok,built (standard attempt 1),accepted,CC(C)CN(CC(C)C)C(=O)COCC(=O)N(CC(C)C)CC(C)C,CC(C)CN(CC(C)C)C(=O)COCC(=O)N(CC(C)C)CC(C)C,False,True,True,9,O9,"81:O:2.26,146:O:2.37,16:O:2.45,76:O:2.46,141:O:2.49,11:O:2.51,143:O:2.54,78:O:2.56,13:O:2.58",2.583094219668726,2.256837162655515,True,ok
692b00900b58,,57,La,3,CCCN(CCC)C(=O)COCC(=O)N(CCC)CCC,"[8, 10, 13]","[""O(amide_carbonyl)"", ""O(ether)"", ""O(amide_carbonyl)""]",3,9,3,nitrate,nitrate,0,/nfs/home/nshank3/lanthanide_dataset_builder/data/geometries/La/La_Z57_ox3_CN9_nlig3_nitrate_692b00900b58.xyz,/nfs/home/nshank3/lanthanide_dataset_builder/data/geometries/La/La_Z57_ox3_CN9_nlig3_nitrate_692b00900b58.mol2,,-5612.162707942883,ok,built (standard attempt 1),accepted,CCCN(CCC)C(=O)COCC(=O)N(CCC)CCC,CCCN(CCC)C(=O)COCC(=O)N(CCC)CCC,False,True,True,9,O9,"67:O:2.27,14:O:2.27,9:O:2.31,120:O:2.44,62:O:2.45,11:O:2.49,115:O:2.54,64:O:2.55,117:O:2.67",2.6653016523168938,2.2719201387223595,True,ok
7589c84e6642,,71,Lu,3,CN(C(=O)COCC(=O)N(C)c1ccccc1)c1ccccc1,"[3, 5, 8]","[""O(amide_carbonyl)"", ""O(ether)"", ""O(amide_carbonyl)""]",3,8,2,nitrate,nitrate,2,/nfs/home/nshank3/lanthanide_dataset_builder/data/geometries/Lu/Lu_Z71_ox3_CN8_nlig2_nitrate_7589c84e6642.xyz,/nfs/home/nshank3/lanthanide_dataset_builder/data/geometries/Lu/Lu_Z71_ox3_CN8_nlig2_nitrate_7589c84e6642.mol2,,-4057.538397360809,ok,built (standard attempt 1),accepted,CN(C(=O)COCC(=O)N(C)c1ccccc1)c1ccccc1,CN(C(=O)COCC(=O)N(C)c1ccccc1)c1ccccc1,False,True,True,9,"N1,O8","90:O:2.06,89:O:2.06,52:O:2.11,9:O:2.16,4:O:2.23,47:O:2.31,6:O:2.40,87:N:2.42,49:O:2.46",2.4572611735416325,2.057449473008039,False,ok
0d0c6ba59d24,,71,Lu,3,CCCCC(CC)CN(C)C(=O)COCC(=O)N(C)CC(CC)CCCC,"[11, 13, 16]","[""O(amide_carbonyl)"", ""O(ether)"", ""O(amide_carbonyl)""]",3,8,2,water,water,2,/nfs/home/nshank3/lanthanide_dataset_builder/data/geometries/Lu/Lu_Z71_ox3_CN8_nlig2_water_0d0c6ba59d24.xyz,/nfs/home/nshank3/lanthanide_dataset_builder/data/geometries/Lu/Lu_Z71_ox3_CN8_nlig2_water_0d0c6ba59d24.mol2,,-5045.329840009862,ok,built (standard attempt 1),accepted,CCCCC(CC)CN(C)C(=O)COCC(=O)N(C)CC(CC)CCCC,CCCCC(CC)CN(C)C(=O)COCC(=O)N(C)CC(CC)CCCC,False,True,True,8,O8,"12:O:2.09,17:O:2.22,83:O:2.22,88:O:2.34,14:O:2.38,85:O:2.55,146:O:2.55,143:O:2.61",2.606971574281423,2.0871085721383573,True,ok
8e56bca9caad,,69,Tm,3,CN(C(=O)COCC(=O)N(C)c1ccccc1)c1ccccc1,"[3, 5, 8]","[""O(amide_carbonyl)"", ""O(ether)"", ""O(amide_carbonyl)""]",3,8,2,nitrate,nitrate,2,/nfs/home/nshank3/lanthanide_dataset_builder/data/geometries/Tm/Tm_Z69_ox3_CN8_nlig2_nitrate_8e56bca9caad.xyz,/nfs/home/nshank3/lanthanide_dataset_builder/data/geometries/Tm/Tm_Z69_ox3_CN8_nlig2_nitrate_8e56bca9caad.mol2,,-4057.5432648092215,ok,built (standard attempt 1),accepted,CN(C(=O)COCC(=O)N(C)c1ccccc1)c1ccccc1,CN(C(=O)COCC(=O)N(C)c1ccccc1)c1ccccc1,False,True,True,9,"N1,O8","89:O:2.04,90:O:2.12,52:O:2.17,9:O:2.20,47:O:2.24,4:O:2.27,49:O:2.28,6:O:2.32,87:N:2.44",2.438176433655964,2.0431433124734575,False,ok
160137181465,,65,Tb,3,CCCCCCCCC(C)(C)SCC1CN(C(=O)COCC(=O)N2CC(C)C(CSC(C)(C)CCCCCCCC)C2)CC1C,"[17, 19, 22]","[""O(amide_carbonyl)"", ""O(ether)"", ""O(amide_carbonyl)""]",3,8,2,water,water,2,/nfs/home/nshank3/lanthanide_dataset_builder/data/geometries/Tb/Tb_Z65_ox3_CN8_nlig2_water_160137181465.xyz,/nfs/home/nshank3/lanthanide_dataset_builder/data/geometries/Tb/Tb_Z65_ox3_CN8_nlig2_water_160137181465.mol2,,-8046.752072491889,ok,built (standard attempt 1),accepted,CCCCCCCCC(C)(C)SCC1CN(C(=O)COCC(=O)N2CC(C)C(CSC(C)(C)CCCCCCCC)C2)CC1C,CCCCCCCCC(C)(C)SCC1CN(C(=O)COCC(=O)N2CC(C)C(CSC(C)(C)CCCCCCCC)C2)CC1C,False,True,True,8,O8,"135:O:2.17,140:O:2.21,23:O:2.22,18:O:2.33,20:O:2.38,137:O:2.62,235:O:2.70,238:O:2.72",2.7237005546698727,2.1652612079515627,True,ok
b6b591990df4,,62,Sm,3,CCCCCCCCN(C)C(=O)COCC(=O)N(C)CCCCCCCC,"[11, 13, 16]","[""O(amide_carbonyl)"", ""O(ether)"", ""O(amide_carbonyl)""]",3,9,3,water,water,0,/nfs/home/nshank3/lanthanide_dataset_builder/data/geometries/Sm/Sm_Z62_ox3_CN9_nlig3_water_b6b591990df4.xyz,/nfs/home/nshank3/lanthanide_dataset_builder/data/geometries/Sm/Sm_Z62_ox3_CN9_nlig3_water_b6b591990df4.mol2,,-7158.754978548245,ok,built (standard attempt 1),accepted,CCCCCCCCN(C)C(=O)COCC(=O)N(C)CCCCCCCC,CCCCCCCCN(C)C(=O)COCC(=O)N(C)CCCCCCCC,False,True,True,9,O9,"88:O:2.20,154:O:2.32,159:O:2.37,12:O:2.37,17:O:2.43,156:O:2.48,85:O:2.54,83:O:2.63,14:O:2.77",2.770521895404601,2.1957284037510334,True,ok
ca392dc7b2d2,,65,Tb,3,CCCCCCCCN(CC)C(=O)COCC(=O)N(CC)CCCCCCCC,"[12, 14, 17]","[""O(amide_carbonyl)"", ""O(ether)"", ""O(amide_carbonyl)""]",3,8,2,water,water,2,/nfs/home/nshank3/lanthanide_dataset_builder/data/geometries/Tb/Tb_Z65_ox3_CN8_nlig2_water_ca392dc7b2d2.xyz,/nfs/home/nshank3/lanthanide_dataset_builder/data/geometries/Tb/Tb_Z65_ox3_CN8_nlig2_water_ca392dc7b2d2.mol2,,-5391.060549162882,ok,built (standard attempt 1),accepted,CCCCCCCCN(CC)C(=O)COCC(=O)N(CC)CCCCCCCC,CCCCCCCCN(CC)C(=O)COCC(=O)N(CC)CCCCCCCC,False,True,True,8,O8,"13:O:2.25,90:O:2.26,18:O:2.26,95:O:2.34,15:O:2.55,92:O:2.59,155:O:2.61,158:O:2.89",2.8852055547622726,2.2516417069093744,True,ok
e1565f3e9c85,,62,Sm,3,CCCCCCCCCCCCN(CCCCCCCC)C(=O)COCC(=O)N(CCCCCCCC)CCCCCCCCCCCC,"[22, 24, 27]","[""O(amide_carbonyl)"", ""O(ether)"", ""O(amide_carbonyl)""]",3,9,3,water,water,0,/nfs/home/nshank3/lanthanide_dataset_builder/data/geometries/Sm/Sm_Z62_ox3_CN9_nlig3_water_e1565f3e9c85.xyz,/nfs/home/nshank3/lanthanide_dataset_builder/data/geometries/Sm/Sm_Z62_ox3_CN9_nlig3_water_e1565f3e9c85.mol2,,-12842.700317292252,ok,built (standard attempt 1),accepted,CCCCCCCCCCCCN(CCCCCCCC)C(=O)COCC(=O)N(CCCCCCCC)CCCCCCCCCCCC,CCCCCCCCCCCCN(CCCCCCCC)C(=O)COCC(=O)N(CCCCCCCC)CCCCCCCCCCCC,False,True,True,9,O9,"297:O:2.22,165:O:2.24,160:O:2.29,28:O:2.29,23:O:2.30,302:O:2.30,299:O:2.52,162:O:2.52,25:O:2.65",2.651602725197725,2.2232445635765035,True,ok
81621c5616ef,,69,Tm,3,CCCCCCCCN(CCCCC(C)CCCC(C)C)C(=O)COCC(=O)N(CCCCCCCC)CCCCC(C)CCCC(C)C,"[22, 24, 27]","[""O(amide_carbonyl)"", ""O(ether)"", ""O(amide_carbonyl)""]",3,8,2,water,water,2,/nfs/home/nshank3/lanthanide_dataset_builder/data/geometries/Tm/Tm_Z69_ox3_CN8_nlig2_water_81621c5616ef.xyz,/nfs/home/nshank3/lanthanide_dataset_builder/data/geometries/Tm/Tm_Z69_ox3_CN8_nlig2_water_81621c5616ef.mol2,,-8834.688675740405,ok,built (standard attempt 1),accepted,CCCCCCCCN(CCCCC(C)CCCC(C)C)C(=O)COCC(=O)N(CCCCCCCC)CCCCC(C)CCCC(C)C,CCCCCCCCN(CCCCC(C)CCCC(C)C)C(=O)COCC(=O)N(CCCCCCCC)CCCCC(C)CCCC(C)C,False,True,True,8,O8,"23:O:2.16,28:O:2.24,165:O:2.39,275:O:2.49,160:O:2.56,278:O:2.56,162:O:2.65,25:O:3.00",2.995299293956906,2.1550930798991117,True,ok
ed83b77205f9,,59,Pr,3,CCCCCCn1c(-c2ccccc2)c(-c2ccccc2)c2cc3ccc4cc5c(-c6ccccc6)c(-c6ccccc6)n(CCCCCC)c(=O)c5nc4c3nc2c1=O,"[6, 43, 51, 53, 56, 59]","[""N(aromatic)"", ""N(aromatic)"", ""O(amide_carbonyl)"", ""N(aromatic)"", ""N(aromatic)"", ""O(amide_carbonyl)""]",6,9,1,water,water,3,/nfs/home/nshank3/lanthanide_dataset_builder/data/geometries/Pr/Pr_Z59_ox3_CN9_nlig1_water_ed83b77205f9.xyz,/nfs/home/nshank3/lanthanide_dataset_builder/data/geometries/Pr/Pr_Z59_ox3_CN9_nlig1_water_ed83b77205f9.mol2,,-4794.800475734497,ok,built (standard attempt 1),accepted,CCCCCCn1c(-c2ccccc2)c(-c2ccccc2)c2cc3ccc4cc5c(-c6ccccc6)c(-c6ccccc6)n(CCCCCC)c(=O)c5nc4c3nc2c1=O,CCCCCCn1c(-c2ccccc2)c(-c2ccccc2)c2cc3ccc4cc5c(-c6ccccc6)c(-c6ccccc6)n(CCCCCC)c(=O)c5nc4c3nc2c1=O,False,True,True,7,"N2,O5","60:O:2.17,52:O:2.27,111:O:2.53,114:O:2.62,57:N:2.64,54:N:2.71,117:O:2.72",2.720789320470227,2.1686472068503804,False,ok
af7d4ce816f6,,63,Eu,3,CCCCCCCCNC(=O)c1cnccn1,"[10, 13, 16]","[""O(amide_carbonyl)"", ""N(aromatic)"", ""N(aromatic)""]",3,9,3,nitrate,nitrate,0,/nfs/home/nshank3/lanthanide_dataset_builder/data/geometries/Eu/Eu_Z63_ox3_CN9_nlig3_nitrate_af7d4ce816f6.xyz,/nfs/home/nshank3/lanthanide_dataset_builder/data/geometries/Eu/Eu_Z63_ox3_CN9_nlig3_nitrate_af7d4ce816f6.mol2,,-4190.4535877268245,ok,built (standard attempt 4),accepted,CCCCCCCCNC(=O)c1cnccn1,CCCCCCCCNC(=O)c1cnccn1,False,True,True,6,"N3,O3","87:O:2.11,11:O:2.12,49:O:2.19,55:N:2.32,17:N:2.39,93:N:2.47",2.4687638899171156,2.1105664863094256,False,ok
5a0a32c8248c,,69,Tm,3,CN(C(=O)c1cccc(C(=O)N(C)c2ccccc2)n1)c1ccccc1,"[3, 10, 19]","[""O(amide_carbonyl)"", ""O(amide_carbonyl)"", ""N(aromatic)""]",3,8,2,nitrate,nitrate,2,/nfs/home/nshank3/lanthanide_dataset_builder/data/geometries/Tm/Tm_Z69_ox3_CN8_nlig2_nitrate_5a0a32c8248c.xyz,/nfs/home/nshank3/lanthanide_dataset_builder/data/geometries/Tm/Tm_Z69_ox3_CN8_nlig2_nitrate_5a0a32c8248c.mol2,,-4318.141627179911,ok,built (standard attempt 1),accepted,CN(C(=O)c1cccc(C(=O)N(C)c2ccccc2)n1)c1ccccc1,CN(C(=O)c1cccc(C(=O)N(C)c2ccccc2)n1)c1ccccc1,False,True,True,9,"N3,O6","94:O:2.11,49:O:2.16,93:O:2.17,56:O:2.23,4:O:2.31,11:O:2.43,20:N:2.48,65:N:2.49,91:N:2.51",2.5056541649250197,2.109442710136794,False,ok
53b0f14d2de0,,59,Pr,3,CCCCCCCCN(CCCCCCCC)C(=O)c1ccc2ccc3ccc(C(=O)N(CCCCCCCC)CCCCCCCC)nc3c2n1,"[18, 30, 48, 51]","[""O(amide_carbonyl)"", ""O(amide_carbonyl)"", ""N(aromatic)"", ""N(aromatic)""]",4,9,2,nitrate,nitrate,1,/nfs/home/nshank3/lanthanide_dataset_builder/data/geometries/Pr/Pr_Z59_ox3_CN9_nlig2_nitrate_53b0f14d2de0.xyz,/nfs/home/nshank3/lanthanide_dataset_builder/data/geometries/Pr/Pr_Z59_ox3_CN9_nlig2_nitrate_53b0f14d2de0.mol2,,-8641.574057135995,ok,built (standard attempt 1),accepted,CCCCCCCCN(CCCCCCCC)C(=O)c1ccc2ccc3ccc(C(=O)N(CCCCCCCC)CCCCCCCC)nc3c2n1,CCCCCCCCN(CCCCCCCC)C(=O)c1ccc2ccc3ccc(C(=O)N(CCCCCCCC)CCCCCCCC)nc3c2n1,False,True,True,9,"N4,O5","145:O:2.29,157:O:2.37,19:O:2.38,31:O:2.41,52:N:2.44,178:N:2.47,175:N:2.53,49:N:2.58,253:O:2.72",2.7172053086729386,2.2935656153680597,True,ok
c30d549b27cf,,59,Pr,3,CCCCCCCCN(CCCCCCCC)C(=O)c1ccc2ccc3ccc(C(=O)N(CCCCCCCC)CCCCCCCC)nc3c2n1,"[18, 30, 48, 51]","[""O(amide_carbonyl)"", ""O(amide_carbonyl)"", ""N(aromatic)"", ""N(aromatic)""]",4,9,2,water,water,1,/nfs/home/nshank3/lanthanide_dataset_builder/data/geometries/Pr/Pr_Z59_ox3_CN9_nlig2_water_c30d549b27cf.xyz,/nfs/home/nshank3/lanthanide_dataset_builder/data/geometries/Pr/Pr_Z59_ox3_CN9_nlig2_water_c30d549b27cf.mol2,,-8641.094156050938,ok,built (standard attempt 1),accepted,CCCCCCCCN(CCCCCCCC)C(=O)c1ccc2ccc3ccc(C(=O)N(CCCCCCCC)CCCCCCCC)nc3c2n1,CCCCCCCCN(CCCCCCCC)C(=O)c1ccc2ccc3ccc(C(=O)N(CCCCCCCC)CCCCCCCC)nc3c2n1,False,True,True,8,"N4,O4","145:O:2.23,157:O:2.24,31:O:2.30,19:O:2.40,52:N:2.42,178:N:2.45,49:N:2.46,175:N:2.46",2.462137157941503,2.227022781433006,False,ok
daf564d7d6e5,,68,Er,3,CCCCCCCCN(CCCCCCCC)C(=O)C(C)OC(C)C(=O)N(CCCCCCCC)CCCCCCCC,"[18, 21, 25]","[""O(amide_carbonyl)"", ""O(ether)"", ""O(amide_carbonyl)""]",3,8,2,nitrate,nitrate,2,/nfs/home/nshank3/lanthanide_dataset_builder/data/geometries/Er/Er_Z68_ox3_CN8_nlig2_nitrate_daf564d7d6e5.xyz,/nfs/home/nshank3/lanthanide_dataset_builder/data/geometries/Er/Er_Z68_ox3_CN8_nlig2_nitrate_daf564d7d6e5.mol2,,-7949.43994337946,ok,built (standard attempt 1),accepted,CCCCCCCCN(CCCCCCCC)C(=O)C(C)OC(C)C(=O)N(CCCCCCCC)CCCCCCCC,CCCCCCCCN(CCCCCCCC)C(=O)C(C)OC(C)C(=O)N(CCCCCCCC)CCCCCCCC,False,True,True,9,"N1,O8","242:O:2.01,145:O:2.16,138:O:2.31,22:O:2.35,241:O:2.35,26:O:2.38,19:O:2.41,239:N:2.44,141:O:2.46",2.46276406817517,2.01051366514959,False,ok
35fb62fe84b7,,60,Nd,3,CCCCCCCCN(C)C(=O)C(CCOCCCCCC)C(=O)N(C)CCCCCCCC,"[11, 15, 23]","[""O(amide_carbonyl)"", ""O(ether)"", ""O(amide_carbonyl)""]",3,9,3,nitrate,nitrate,0,/nfs/home/nshank3/lanthanide_dataset_builder/data/geometries/Nd/Nd_Z60_ox3_CN9_nlig3_nitrate_35fb62fe84b7.xyz,/nfs/home/nshank3/lanthanide_dataset_builder/data/geometries/Nd/Nd_Z60_ox3_CN9_nlig3_nitrate_35fb62fe84b7.mol2,,-8966.76706609045,ok,built (standard attempt 1),accepted,CCCCCCCCN(C)C(=O)C(CCOCCCCCC)C(=O)N(C)CCCCCCCC,CCCCCCCCN(C)C(=O)C(CCOCCCCCC)C(=O)N(C)CCCCCCCC,False,True,True,9,O9,"208:O:2.44,12:O:2.47,200:O:2.51,116:O:2.55,24:O:2.58,16:O:2.67,108:O:2.86,104:O:2.90,196:O:3.08",3.080070733887967,2.441043412169392,True,ok
5a960f57de99,,68,Er,3,CCN(C(=O)c1cccc(-c2cccc(C(=O)N(CC)c3ccc(C)cc3C)n2)n1)c1ccc(C)cc1C,"[4, 16, 28, 29]","[""O(amide_carbonyl)"", ""O(amide_carbonyl)"", ""N(aromatic)"", ""N(aromatic)""]",4,8,2,nitrate,nitrate,0,/nfs/home/nshank3/lanthanide_dataset_builder/data/geometries/Er/Er_Z68_ox3_CN8_nlig2_nitrate_5a960f57de99.xyz,/nfs/home/nshank3/lanthanide_dataset_builder/data/geometries/Er/Er_Z68_ox3_CN8_nlig2_nitrate_5a960f57de99.mol2,,-5755.169666653894,ok,built (standard attempt 1),accepted,CCN(C(=O)c1cccc(-c2cccc(C(=O)N(CC)c3ccc(C)cc3C)n2)n1)c1ccc(C)cc1C,CCN(C(=O)c1cccc(-c2cccc(C(=O)N(CC)c3ccc(C)cc3C)n2)n1)c1ccc(C)cc1C,False,True,True,8,"N4,O4","77:O:2.21,5:O:2.24,17:O:2.36,102:N:2.37,89:O:2.38,30:N:2.42,29:N:2.45,101:N:2.53",2.5330717957129165,2.208247625783772,True,ok
23ffe0c0a937,,71,Lu,3,CCN(C(=O)c1cccc(-c2cccc(C(=O)N(CC)c3ccc(C)cc3C)n2)n1)c1ccc(C)cc1C,"[4, 16, 28, 29]","[""O(amide_carbonyl)"", ""O(amide_carbonyl)"", ""N(aromatic)"", ""N(aromatic)""]",4,8,2,nitrate,nitrate,0,/nfs/home/nshank3/lanthanide_dataset_builder/data/geometries/Lu/Lu_Z71_ox3_CN8_nlig2_nitrate_23ffe0c0a937.xyz,/nfs/home/nshank3/lanthanide_dataset_builder/data/geometries/Lu/Lu_Z71_ox3_CN8_nlig2_nitrate_23ffe0c0a937.mol2,,-5754.829662932596,ok,built (standard attempt 2),accepted,CCN(C(=O)c1cccc(-c2cccc(C(=O)N(CC)c3ccc(C)cc3C)n2)n1)c1ccc(C)cc1C,CCN(C(=O)c1cccc(-c2cccc(C(=O)N(CC)c3ccc(C)cc3C)n2)n1)c1ccc(C)cc1C,False,True,True,8,"N4,O4","17:O:2.15,89:O:2.26,5:O:2.33,101:N:2.38,29:N:2.39,77:O:2.40,30:N:2.45,102:N:2.49",2.4903791935149764,2.149460553780671,True,ok
bcfb4e0786bc,,60,Nd,3,CCN(C(=O)c1cccc(-c2cccc(C(=O)N(CC)c3ccccc3)n2)n1)c1ccccc1,"[4, 16, 26, 27]","[""O(amide_carbonyl)"", ""O(amide_carbonyl)"", ""N(aromatic)"", ""N(aromatic)""]",4,9,2,nitrate,nitrate,1,/nfs/home/nshank3/lanthanide_dataset_builder/data/geometries/Nd/Nd_Z60_ox3_CN9_nlig2_nitrate_bcfb4e0786bc.xyz,/nfs/home/nshank3/lanthanide_dataset_builder/data/geometries/Nd/Nd_Z60_ox3_CN9_nlig2_nitrate_bcfb4e0786bc.mol2,,-5205.201851653209,ok,built (standard attempt 1),accepted,CCN(C(=O)c1cccc(-c2cccc(C(=O)N(CC)c3ccccc3)n2)n1)c1ccccc1,CCN(C(=O)c1cccc(-c2cccc(C(=O)N(CC)c3ccccc3)n2)n1)c1ccccc1,False,True,True,9,"N4,O5","5:O:2.19,17:O:2.28,28:N:2.32,87:N:2.35,88:N:2.36,65:O:2.37,77:O:2.37,27:N:2.38,121:O:2.75",2.751986356061565,2.1860460997644906,True,ok
83d476ae87dd,,68,Er,3,CCN(C(=O)c1cccc(-c2cccc(C(=O)N(CC)c3cc(C)cc(C)c3)n2)n1)c1cc(C)cc(C)c1,"[4, 16, 28, 29]","[""O(amide_carbonyl)"", ""O(amide_carbonyl)"", ""N(aromatic)"", ""N(aromatic)""]",4,8,2,nitrate,nitrate,0,/nfs/home/nshank3/lanthanide_dataset_builder/data/geometries/Er/Er_Z68_ox3_CN8_nlig2_nitrate_83d476ae87dd.xyz,/nfs/home/nshank3/lanthanide_dataset_builder/data/geometries/Er/Er_Z68_ox3_CN8_nlig2_nitrate_83d476ae87dd.mol2,,-5754.470851231016,ok,built (standard attempt 1),accepted,CCN(C(=O)c1cccc(-c2cccc(C(=O)N(CC)c3cc(C)cc(C)c3)n2)n1)c1cc(C)cc(C)c1,CCN(C(=O)c1cccc(-c2cccc(C(=O)N(CC)c3cc(C)cc(C)c3)n2)n1)c1cc(C)cc(C)c1,False,True,True,8,"N4,O4","89:O:2.16,5:O:2.20,77:O:2.24,101:N:2.24,30:N:2.24,102:N:2.25,29:N:2.26,17:O:2.28",2.2829976174598094,2.161815088443551,True,ok
de0fecd6bded,,58,Ce,3,CCCCCCCCN(C(=O)c1ccc2ccc3cccnc3c2n1)c1ccc(C)cc1,"[10, 21, 24]","[""O(amide_carbonyl)"", ""N(aromatic)"", ""N(aromatic)""]",3,9,3,nitrate,nitrate,0,/nfs/home/nshank3/lanthanide_dataset_builder/data/geometries/Ce/Ce_Z58_ox3_CN9_nlig3_nitrate_de0fecd6bded.xyz,/nfs/home/nshank3/lanthanide_dataset_builder/data/geometries/Ce/Ce_Z58_ox3_CN9_nlig3_nitrate_de0fecd6bded.mol2,,-7240.589096909376,ok,built (standard attempt 1),accepted,CCCCCCCCN(C(=O)c1ccc2ccc3cccnc3c2n1)c1ccc(C)cc1,CCCCCCCCN(C(=O)c1ccc2ccc3cccnc3c2n1)c1ccc(C)cc1,False,True,True,9,"N6,O3","74:O:2.22,11:O:2.27,88:N:2.50,151:N:2.50,148:N:2.52,25:N:2.53,137:O:2.68,85:N:2.81,22:N:2.95",2.945492187633326,2.221041495987565,True,ok
e0d716170554,,62,Sm,3,CCc1ccc(N(CC)C(=O)c2ccc3ccc4ccc(C(=O)N(CC)c5ccc(CC)cc5)nc4c3n2)cc1,"[10, 22, 34, 37]","[""O(amide_carbonyl)"", ""O(amide_carbonyl)"", ""N(aromatic)"", ""N(aromatic)""]",4,9,2,nitrate,nitrate,1,/nfs/home/nshank3/lanthanide_dataset_builder/data/geometries/Sm/Sm_Z62_ox3_CN9_nlig2_nitrate_e0d716170554.xyz,/nfs/home/nshank3/lanthanide_dataset_builder/data/geometries/Sm/Sm_Z62_ox3_CN9_nlig2_nitrate_e0d716170554.mol2,,-6129.623794972246,ok,built (standard attempt 1),accepted,CCc1ccc(N(CC)C(=O)c2ccc3ccc4ccc(C(=O)N(CC)c5ccc(CC)cc5)nc4c3n2)cc1,CCc1ccc(N(CC)C(=O)c2ccc3ccc4ccc(C(=O)N(CC)c5ccc(CC)cc5)nc4c3n2)cc1,False,True,True,9,"N4,O5","23:O:2.23,97:O:2.32,11:O:2.38,35:N:2.46,85:O:2.49,109:N:2.50,38:N:2.51,112:N:2.67,149:O:2.79",2.7893246992917375,2.2309906148869905,True,ok
42a7261afaa8,,62,Sm,3,CCCCN(CCCC)C(=O)c1ccc2ccc3ccc(C(=O)N(CCCC)CCCC)nc3c2n1,"[10, 22, 32, 35]","[""O(amide_carbonyl)"", ""O(amide_carbonyl)"", ""N(aromatic)"", ""N(aromatic)""]",4,9,2,nitrate,nitrate,1,/nfs/home/nshank3/lanthanide_dataset_builder/data/geometries/Sm/Sm_Z62_ox3_CN9_nlig2_nitrate_42a7261afaa8.xyz,/nfs/home/nshank3/lanthanide_dataset_builder/data/geometries/Sm/Sm_Z62_ox3_CN9_nlig2_nitrate_42a7261afaa8.mol2,,-5885.836948138238,ok,built (standard attempt 1),accepted,CCCCN(CCCC)C(=O)c1ccc2ccc3ccc(C(=O)N(CCCC)CCCC)nc3c2n1,CCCCN(CCCC)C(=O)c1ccc2ccc3ccc(C(=O)N(CCCC)CCCC)nc3c2n1,False,True,True,9,"N4,O5","11:O:2.30,101:O:2.36,36:N:2.42,23:O:2.44,89:O:2.45,111:N:2.46,33:N:2.49,114:N:2.56,157:O:2.69",2.6949888788600918,2.301142671190642,True,ok
448f0760f6e6,,57,La,3,O=C(O)CN(CC(=O)O)C1CCCCC1N(CC(=O)O)CC(=O)O,"[0, 2, 4, 7, 8, 15, 18, 19]","[""O(ester_carbonyl)"", ""O(hydroxyl)"", ""N(amine)"", ""O(ester_carbonyl)"", ""O(hydroxyl)"", ""N(amine)"", ""O(ester_carbonyl)"", ""O(hydroxyl)""]",8,9,1,nitrate,nitrate,1,/nfs/home/nshank3/lanthanide_dataset_builder/data/geometries/La/La_Z57_ox3_CN9_nlig1_nitrate_448f0760f6e6.xyz,/nfs/home/nshank3/lanthanide_dataset_builder/data/geometries/La/La_Z57_ox3_CN9_nlig1_nitrate_448f0760f6e6.mol2,,-2302.0436855967014,ok,built (standard attempt 1),accepted,O=C(O)CN(CC(=O)O)C1CCCCC1N(CC(=O)O)CC(=O)O,O=C(O)CN(CC(=O)O)C1CCCCC1N(CC(=O)O)CC(=O)O,False,True,True,7,"N2,O5","8:O:2.20,1:O:2.22,23:O:2.23,19:O:2.28,47:O:2.39,16:N:2.58,5:N:2.66",2.6594833658284878,2.2032322335087122,False,ok
287451bfb5da,,59,Pr,3,CCN(C(=O)c1cccc(C(=O)N(CC)c2ccccc2C)n1)c1ccccc1C,"[4, 11, 22]","[""O(amide_carbonyl)"", ""O(amide_carbonyl)"", ""N(aromatic)""]",3,9,3,nitrate,nitrate,0,/nfs/home/nshank3/lanthanide_dataset_builder/data/geometries/Pr/Pr_Z59_ox3_CN9_nlig3_nitrate_287451bfb5da.xyz,/nfs/home/nshank3/lanthanide_dataset_builder/data/geometries/Pr/Pr_Z59_ox3_CN9_nlig3_nitrate_287451bfb5da.mol2,,-6881.862439850412,ok,built (standard attempt 1),accepted,CCN(C(=O)c1cccc(C(=O)N(CC)c2ccccc2C)n1)c1ccccc1C,CCN(C(=O)c1cccc(C(=O)N(CC)c2ccccc2C)n1)c1ccccc1C,False,True,True,9,"N3,O6","5:O:2.21,69:O:2.26,12:O:2.29,119:O:2.32,126:O:2.35,62:O:2.36,23:N:2.53,137:N:2.56,80:N:2.62",2.615376491298778,2.2119045575994787,True,ok
311e29964626,,60,Nd,3,CCN(C(=O)c1cccc(C(=O)N(CC)c2cccc(C)c2)n1)c1cccc(C)c1,"[4, 11, 22]","[""O(amide_carbonyl)"", ""O(amide_carbonyl)"", ""N(aromatic)""]",3,9,3,nitrate,nitrate,0,/nfs/home/nshank3/lanthanide_dataset_builder/data/geometries/Nd/Nd_Z60_ox3_CN9_nlig3_nitrate_311e29964626.xyz,/nfs/home/nshank3/lanthanide_dataset_builder/data/geometries/Nd/Nd_Z60_ox3_CN9_nlig3_nitrate_311e29964626.mol2,,-6881.546833528709,ok,built (standard attempt 1),accepted,CCN(C(=O)c1cccc(C(=O)N(CC)c2cccc(C)c2)n1)c1cccc(C)c1,CCN(C(=O)c1cccc(C(=O)N(CC)c2cccc(C)c2)n1)c1cccc(C)c1,False,True,True,9,"N3,O6","62:O:2.23,12:O:2.23,69:O:2.24,126:O:2.26,5:O:2.27,119:O:2.28,80:N:2.45,137:N:2.46,23:N:2.47",2.4725831077514124,2.227001980180439,True,ok
264ee7c974f3,,70,Yb,3,CCCCCCc1ccc(N(CC)C(=O)c2cccc(-c3cccc(C(=O)N(CC)c4ccc(CCCCCC)cc4)n3)n2)cc1,"[14, 26, 42, 43]","[""O(amide_carbonyl)"", ""O(amide_carbonyl)"", ""N(aromatic)"", ""N(aromatic)""]",4,8,2,nitrate,nitrate,0,/nfs/home/nshank3/lanthanide_dataset_builder/data/geometries/Yb/Yb_Z70_ox3_CN8_nlig2_nitrate_264ee7c974f3.xyz,/nfs/home/nshank3/lanthanide_dataset_builder/data/geometries/Yb/Yb_Z70_ox3_CN8_nlig2_nitrate_264ee7c974f3.mol2,,-7132.230129462478,ok,built (standard attempt 1),accepted,CCCCCCc1ccc(N(CC)C(=O)c2cccc(-c3cccc(C(=O)N(CC)c4ccc(CCCCCC)cc4)n3)n2)cc1,CCCCCCc1ccc(N(CC)C(=O)c2cccc(-c3cccc(C(=O)N(CC)c4ccc(CCCCCC)cc4)n3)n2)cc1,False,True,True,8,"N4,O4","123:O:2.10,111:O:2.28,27:O:2.32,139:N:2.34,15:O:2.34,43:N:2.43,44:N:2.43,140:N:2.48",2.4831527994650555,2.099649637478952,True,ok
0aa6481162e6,,66,Dy,3,CCCCCCCCN(C)C(=O)COCC(=O)N(C)CCCCCCCC,"[11, 13, 16]","[""O(amide_carbonyl)"", ""O(ether)"", ""O(amide_carbonyl)""]",3,8,2,nitrate,nitrate,2,/nfs/home/nshank3/lanthanide_dataset_builder/data/geometries/Dy/Dy_Z66_ox3_CN8_nlig2_nitrate_0aa6481162e6.xyz,/nfs/home/nshank3/lanthanide_dataset_builder/data/geometries/Dy/Dy_Z66_ox3_CN8_nlig2_nitrate_0aa6481162e6.mol2,,-5194.073613342901,ok,built (standard attempt 1),accepted,CCCCCCCCN(C)C(=O)COCC(=O)N(C)CCCCCCCC,CCCCCCCCN(C)C(=O)COCC(=O)N(C)CCCCCCCC,False,True,True,9,"N1,O8","145:O:2.05,146:O:2.06,12:O:2.12,83:O:2.34,17:O:2.36,143:N:2.41,88:O:2.44,85:O:2.59,14:O:2.64",2.641897588399568,2.053535435641731,False,ok
f3def7cf2cd1,,59,Pr,3,CCCCCCCCP(=O)(CC(=O)N(CC(C)C)CC(C)C)c1ccccc1,"[9, 12]","[""O(ether)"", ""O(amide_carbonyl)""]",2,9,4,nitrate,nitrate,1,/nfs/home/nshank3/lanthanide_dataset_builder/data/geometries/Pr/Pr_Z59_ox3_CN9_nlig4_nitrate_f3def7cf2cd1.xyz,/nfs/home/nshank3/lanthanide_dataset_builder/data/geometries/Pr/Pr_Z59_ox3_CN9_nlig4_nitrate_f3def7cf2cd1.mol2,,-9557.92620737961,ok,built (standard attempt 1),accepted,CCCCCCCCP(=O)(CC(=O)N(CC(C)C)CC(C)C)c1ccccc1,CCCCCCCCP(=O)(CC(=O)N(CC(C)C)CC(C)C)c1ccccc1,False,True,True,9,O9,"220:O:2.39,80:O:2.42,10:O:2.45,150:O:2.45,153:O:2.46,281:O:2.51,83:O:2.52,13:O:2.59,223:O:2.60",2.5966657133789113,2.394229173137167,True,ok
4ac97b18a381,,65,Tb,3,CCCCCCN(C)C(=O)CC(=O)N(C)CCCCCC,"[9, 12]","[""O(amide_carbonyl)"", ""O(amide_carbonyl)""]",2,8,4,nitrate,nitrate,0,/nfs/home/nshank3/lanthanide_dataset_builder/data/geometries/Tb/Tb_Z65_ox3_CN8_nlig4_nitrate_4ac97b18a381.xyz,/nfs/home/nshank3/lanthanide_dataset_builder/data/geometries/Tb/Tb_Z65_ox3_CN8_nlig4_nitrate_4ac97b18a381.mol2,,-7381.402131329761,ok,built (standard attempt 1),accepted,CCCCCCN(C)C(=O)CC(=O)N(C)CCCCCC,CCCCCCN(C)C(=O)CC(=O)N(C)CCCCCC,False,True,True,8,O8,"10:O:2.34,13:O:2.40,120:O:2.40,178:O:2.43,68:O:2.45,123:O:2.46,65:O:2.55,175:O:2.56",2.561833616671839,2.335176679068232,True,ok
6eed3d683da1,,66,Dy,3,CCCCN(CCCC)C(=O)CC(=O)N(CCCC)CCCC,"[10, 13]","[""O(amide_carbonyl)"", ""O(amide_carbonyl)""]",2,8,4,nitrate,nitrate,0,/nfs/home/nshank3/lanthanide_dataset_builder/data/geometries/Dy/Dy_Z66_ox3_CN8_nlig4_nitrate_6eed3d683da1.xyz,/nfs/home/nshank3/lanthanide_dataset_builder/data/geometries/Dy/Dy_Z66_ox3_CN8_nlig4_nitrate_6eed3d683da1.mol2,,-8070.167638532427,ok,built (standard attempt 1),accepted,CCCCN(CCCC)C(=O)CC(=O)N(CCCC)CCCC,CCCCN(CCCC)C(=O)CC(=O)N(CCCC)CCCC,False,True,True,8,O8,"14:O:2.25,136:O:2.34,11:O:2.40,133:O:2.40,197:O:2.43,75:O:2.45,194:O:2.62,72:O:2.65",2.6533318807139015,2.2544384339029575,True,ok
9be4eee26d31,,64,Gd,3,CCCCCCCCN(C)C(=O)C(CCCCCC)C(=O)N(C)CCCCCCCC,"[11, 20]","[""O(amide_carbonyl)"", ""O(amide_carbonyl)""]",2,9,4,nitrate,nitrate,1,/nfs/home/nshank3/lanthanide_dataset_builder/data/geometries/Gd/Gd_Z64_ox3_CN9_nlig4_nitrate_9be4eee26d31.xyz,/nfs/home/nshank3/lanthanide_dataset_builder/data/geometries/Gd/Gd_Z64_ox3_CN9_nlig4_nitrate_9be4eee26d31.mol2,,-10960.118843003154,ok,built (standard attempt 1),accepted,CCCCCCCCN(C)C(=O)C(CCCCCC)C(=O)N(C)CCCCCCCC,CCCCCCCCN(C)C(=O)C(CCCCCC)C(=O)N(C)CCCCCCCC,False,True,True,7,O7,"12:O:2.26,267:O:2.53,341:O:2.64,276:O:2.66,97:O:2.69,21:O:2.81,191:O:2.82",2.8209106797049217,2.263311479685441,False,ok
06eed66cb810,,70,Yb,3,CC1(C)CCC(C)(C)c2nc(-c3cccc(-c4cccc(-c5nnc6c(n5)C(C)(C)CCC6(C)C)n4)n3)nnc21,"[9, 22, 23, 26, 35, 36, 37, 38]","[""N(aromatic)"", ""N(aromatic)"", ""N(aromatic)"", ""N(aromatic)"", ""N(aromatic)"", ""N(aromatic)"", ""N(aromatic)"", ""N(aromatic)""]",8,8,1,nitrate,nitrate,0,/nfs/home/nshank3/lanthanide_dataset_builder/data/geometries/Yb/Yb_Z70_ox3_CN8_nlig1_nitrate_06eed66cb810.xyz,/nfs/home/nshank3/lanthanide_dataset_builder/data/geometries/Yb/Yb_Z70_ox3_CN8_nlig1_nitrate_06eed66cb810.mol2,,-3019.543127949722,ok,built (standard attempt 1),accepted,CC1(C)CCC(C)(C)c2nc(-c3cccc(-c4cccc(-c5nnc6c(n5)C(C)(C)CCC6(C)C)n4)n3)nnc21,CC1(C)CCC(C)(C)c2nc(-c3cccc(-c4cccc(-c5nnc6c(n5)C(C)(C)CCC6(C)C)n4)n3)nnc21,False,True,True,7,N7,"38:N:2.18,23:N:2.27,24:N:2.41,36:N:2.43,37:N:2.53,27:N:2.83,39:N:3.05",3.0456106097974653,2.1788564314555043,False,ok
6f4e7788de0c,,65,Tb,3,CCCCCCCCP(=O)(CC(=O)N(CC(C)C)CC(C)C)c1ccccc1,"[9, 12]","[""O(ether)"", ""O(amide_carbonyl)""]",2,8,4,nitrate,nitrate,0,/nfs/home/nshank3/lanthanide_dataset_builder/data/geometries/Tb/Tb_Z65_ox3_CN8_nlig4_nitrate_6f4e7788de0c.xyz,/nfs/home/nshank3/lanthanide_dataset_builder/data/geometries/Tb/Tb_Z65_ox3_CN8_nlig4_nitrate_6f4e7788de0c.mol2,,-9418.611706666325,ok,built (standard attempt 1),accepted,CCCCCCCCP(=O)(CC(=O)N(CC(C)C)CC(C)C)c1ccccc1,CCCCCCCCP(=O)(CC(=O)N(CC(C)C)CC(C)C)c1ccccc1,False,True,True,8,O8,"10:O:2.32,80:O:2.36,220:O:2.43,150:O:2.46,83:O:2.50,13:O:2.61,153:O:2.64,223:O:2.72",2.722871437493225,2.316266771629389,True,ok
64d28ef826fc,,66,Dy,3,CCCCCCN(CCC(C)CCC=C(C)C)C(=O)COCC(=O)N(CCCCCC)CCC(C)CCC=C(C)C,"[18, 20, 23]","[""O(amide_carbonyl)"", ""O(ether)"", ""O(amide_carbonyl)""]",3,8,2,water,water,2,/nfs/home/nshank3/lanthanide_dataset_builder/data/geometries/Dy/Dy_Z66_ox3_CN8_nlig2_water_64d28ef826fc.xyz,/nfs/home/nshank3/lanthanide_dataset_builder/data/geometries/Dy/Dy_Z66_ox3_CN8_nlig2_water_64d28ef826fc.mol2,,-7343.863322954676,ok,built (standard attempt 1),accepted,CCCCCCN(CCC(C)CCC=C(C)C)C(=O)COCC(=O)N(CCCCCC)CCC(C)CCC=C(C)C,CCCCCCN(CCC(C)CCC=C(C)C)C(=O)COCC(=O)N(CCCCCC)CCC(C)CCC=C(C)C,False,True,True,8,O8,"133:O:2.11,24:O:2.17,19:O:2.19,128:O:2.20,21:O:2.28,219:O:2.45,130:O:2.48,222:O:2.84",2.8361479682795596,2.1124235876533133,True,ok
637dd623b29a,,65,Tb,3,CCCCCCCCCCCCN(CCCCCCCCCCCC)C(=O)COC1CCCN(CCCCCC)C1=O,"[26, 28, 41]","[""O(amide_carbonyl)"", ""O(ether)"", ""O(amide_carbonyl)""]",3,8,2,nitrate,nitrate,2,/nfs/home/nshank3/lanthanide_dataset_builder/data/geometries/Tb/Tb_Z65_ox3_CN8_nlig2_nitrate_637dd623b29a.xyz,/nfs/home/nshank3/lanthanide_dataset_builder/data/geometries/Tb/Tb_Z65_ox3_CN8_nlig2_nitrate_637dd623b29a.mol2,,-7723.097494198504,ok,built (standard attempt 1),accepted,CCCCCCCCCCCCN(CCCCCCCCCCCC)C(=O)COC1CCCN(CCCCCC)C1=O,CCCCCCCCCCCCN(CCCCCCCCCCCC)C(=O)COC1CCCN(CCCCCC)C1=O,False,True,True,9,"N1,O8","231:O:2.07,232:O:2.12,141:O:2.21,27:O:2.23,229:N:2.42,42:O:2.45,156:O:2.46,29:O:2.54,143:O:2.75",2.7532502313396283,2.0738482888383842,False,ok
6594b7e2cb96,,64,Gd,3,CCCCCCN(CCC(C)CCCC(C)C)C(=O)COCC(=O)N(CCCCCC)CCC(C)CCCC(C)C,"[18, 20, 23]","[""O(amide_carbonyl)"", ""O(ether)"", ""O(amide_carbonyl)""]",3,9,3,water,water,0,/nfs/home/nshank3/lanthanide_dataset_builder/data/geometries/Gd/Gd_Z64_ox3_CN9_nlig3_water_6594b7e2cb96.xyz,/nfs/home/nshank3/lanthanide_dataset_builder/data/geometries/Gd/Gd_Z64_ox3_CN9_nlig3_water_6594b7e2cb96.mol2,,-10774.837224279492,ok,built (standard attempt 1),accepted,CCCCCCN(CCC(C)CCCC(C)C)C(=O)COCC(=O)N(CCCCCC)CCC(C)CCCC(C)C,CCCCCCN(CCC(C)CCCC(C)C)C(=O)COCC(=O)N(CCCCCC)CCC(C)CCCC(C)C,False,True,True,9,O9,"245:O:2.19,19:O:2.31,24:O:2.32,137:O:2.34,250:O:2.48,247:O:2.59,132:O:2.63,21:O:2.67,134:O:3.14",3.137392592947968,2.190547023387482,True,ok
6b34bf7e6a1e,,59,Pr,3,CCCCCCCCP(=O)(CCCCCCCC)Cc1cccc(CP(=O)(CCCCCCCC)CCCCCCCC)[n+]1[O-],"[9, 26, 44]","[""O(ether)"", ""O(ether)"", ""O(ether)""]",3,9,3,nitrate,nitrate,0,/nfs/home/nshank3/lanthanide_dataset_builder/data/geometries/Pr/Pr_Z59_ox3_CN9_nlig3_nitrate_6b34bf7e6a1e.xyz,/nfs/home/nshank3/lanthanide_dataset_builder/data/geometries/Pr/Pr_Z59_ox3_CN9_nlig3_nitrate_6b34bf7e6a1e.mol2,,-11602.154340845454,ok,built (standard attempt 1),accepted,CCCCCCCCP(=O)(CCCCCCCC)Cc1cccc(CP(=O)(CCCCCCCC)CCCCCCCC)[n+]1[O-],CCCCCCCCP(=O)(CCCCCCCC)Cc1cccc(CP(=O)(CCCCCCCC)CCCCCCCC)[n+]1[O-],False,True,True,8,O8,"45:O:2.20,285:O:2.21,267:O:2.22,130:O:2.29,10:O:2.50,147:O:2.54,165:O:2.72,27:O:3.01",3.0086687174744435,2.203886521332667,False,ok
78ee86481f9d,,59,Pr,3,CCCCCCCCP(=O)(CCCCCCCC)Cc1cccc(CP(=O)(CCCCCCCC)CCCCCCCC)[n+]1[O-],"[9, 26, 44]","[""O(ether)"", ""O(ether)"", ""O(ether)""]",3,9,3,water,water,0,/nfs/home/nshank3/lanthanide_dataset_builder/data/geometries/Pr/Pr_Z59_ox3_CN9_nlig3_water_78ee86481f9d.xyz,/nfs/home/nshank3/lanthanide_dataset_builder/data/geometries/Pr/Pr_Z59_ox3_CN9_nlig3_water_78ee86481f9d.mol2,,-11598.87877919838,ok,built (standard attempt 1),accepted,CCCCCCCCP(=O)(CCCCCCCC)Cc1cccc(CP(=O)(CCCCCCCC)CCCCCCCC)[n+]1[O-],CCCCCCCCP(=O)(CCCCCCCC)Cc1cccc(CP(=O)(CCCCCCCC)CCCCCCCC)[n+]1[O-],False,True,True,9,O9,"285:O:2.25,165:O:2.31,45:O:2.39,130:O:2.43,250:O:2.51,10:O:2.56,147:O:2.65,267:O:2.78,27:O:2.79",2.7880081488616484,2.250577193803119,True,ok
195a6a071085,,57,La,3,CCCCCCCCN(CCCCCCCC)C(=O)COCC(=O)N(CCCCCCCC)CCCCCCCC,"[18, 20, 23]","[""O(amide_carbonyl)"", ""O(ether)"", ""O(amide_carbonyl)""]",3,9,3,nitrate,nitrate,0,/nfs/home/nshank3/lanthanide_dataset_builder/data/geometries/La/La_Z57_ox3_CN9_nlig3_nitrate_195a6a071085.xyz,/nfs/home/nshank3/lanthanide_dataset_builder/data/geometries/La/La_Z57_ox3_CN9_nlig3_nitrate_195a6a071085.mol2,,-10777.84728830431,ok,built (standard attempt 1),accepted,CCCCCCCCN(CCCCCCCC)C(=O)COCC(=O)N(CCCCCCCC)CCCCCCCC,CCCCCCCCN(CCCCCCCC)C(=O)COCC(=O)N(CCCCCCCC)CCCCCCCC,False,True,True,9,O9,"19:O:2.41,137:O:2.55,24:O:2.62,132:O:2.65,247:O:2.74,250:O:2.75,134:O:2.76,245:O:2.76,21:O:2.93",2.929735708172063,2.4136479368081476,True,ok
5085718391b0,,60,Nd,3,CCCCCCCCN(CCCCCCCC)C(=O)COCC(=O)N(CCCCCCCC)CCCCCCCC,"[18, 20, 23]","[""O(amide_carbonyl)"", ""O(ether)"", ""O(amide_carbonyl)""]",3,9,3,water,water,0,/nfs/home/nshank3/lanthanide_dataset_builder/data/geometries/Nd/Nd_Z60_ox3_CN9_nlig3_water_5085718391b0.xyz,/nfs/home/nshank3/lanthanide_dataset_builder/data/geometries/Nd/Nd_Z60_ox3_CN9_nlig3_water_5085718391b0.mol2,,-10773.417994022437,ok,built (standard attempt 1),accepted,CCCCCCCCN(CCCCCCCC)C(=O)COCC(=O)N(CCCCCCCC)CCCCCCCC,CCCCCCCCN(CCCCCCCC)C(=O)COCC(=O)N(CCCCCCCC)CCCCCCCC,False,True,True,9,O9,"250:O:2.27,24:O:2.33,137:O:2.48,245:O:2.58,132:O:2.61,21:O:2.67,134:O:2.76,247:O:2.92,19:O:2.92",2.9222269995943564,2.2724440168854665,True,ok
13d5fe5f17a4,,62,Sm,3,CCCCCCCCCCN(CCCCCCCCCC)C(=O)COCC(=O)N(CCCCCC)CCCCCC,"[22, 24, 27]","[""O(amide_carbonyl)"", ""O(ether)"", ""O(amide_carbonyl)""]",3,9,3,nitrate,nitrate,0,/nfs/home/nshank3/lanthanide_dataset_builder/data/geometries/Sm/Sm_Z62_ox3_CN9_nlig3_nitrate_13d5fe5f17a4.xyz,/nfs/home/nshank3/lanthanide_dataset_builder/data/geometries/Sm/Sm_Z62_ox3_CN9_nlig3_nitrate_13d5fe5f17a4.mol2,,-10773.032550096405,ok,built (standard attempt 1),accepted,CCCCCCCCCCN(CCCCCCCCCC)C(=O)COCC(=O)N(CCCCCC)CCCCCC,CCCCCCCCCCN(CCCCCCCCCC)C(=O)COCC(=O)N(CCCCCC)CCCCCC,False,True,True,9,O9,"249:O:2.16,23:O:2.32,28:O:2.38,141:O:2.45,254:O:2.57,138:O:2.63,251:O:2.88,136:O:3.00,25:O:3.03",3.032804129247321,2.158697154448313,True,ok
2b349d0725cb,,66,Dy,3,CCCCCCCCCCN(CCCCCCCCCC)C(=O)COCC(=O)N(CCCCCC)CCCCCC,"[22, 24, 27]","[""O(amide_carbonyl)"", ""O(ether)"", ""O(amide_carbonyl)""]",3,8,2,water,water,2,/nfs/home/nshank3/lanthanide_dataset_builder/data/geometries/Dy/Dy_Z66_ox3_CN8_nlig2_water_2b349d0725cb.xyz,/nfs/home/nshank3/lanthanide_dataset_builder/data/geometries/Dy/Dy_Z66_ox3_CN8_nlig2_water_2b349d0725cb.mol2,,-7457.343513547343,ok,built (standard attempt 1),accepted,CCCCCCCCCCN(CCCCCCCCCC)C(=O)COCC(=O)N(CCCCCC)CCCCCC,CCCCCCCCCCN(CCCCCCCCCC)C(=O)COCC(=O)N(CCCCCC)CCCCCC,False,True,True,8,O8,"23:O:2.13,141:O:2.20,28:O:2.24,136:O:2.24,138:O:2.43,227:O:2.46,230:O:2.51,25:O:2.57",2.5657311315336933,2.1348858328625986,True,ok
07ab94fa20c7,,69,Tm,3,CCN(CC)C(=O)COCC(=O)N(CC)CC,"[6, 8, 11]","[""O(amide_carbonyl)"", ""O(ether)"", ""O(amide_carbonyl)""]",3,8,2,nitrate,nitrate,2,/nfs/home/nshank3/lanthanide_dataset_builder/data/geometries/Tm/Tm_Z69_ox3_CN8_nlig2_nitrate_07ab94fa20c7.xyz,/nfs/home/nshank3/lanthanide_dataset_builder/data/geometries/Tm/Tm_Z69_ox3_CN8_nlig2_nitrate_07ab94fa20c7.mol2,,-3472.070094918188,ok,built (standard attempt 1),accepted,CCN(CC)C(=O)COCC(=O)N(CC)CC,CCN(CC)C(=O)COCC(=O)N(CC)CC,False,True,True,9,"N1,O8","85:O:2.03,86:O:2.07,12:O:2.18,53:O:2.18,48:O:2.22,7:O:2.23,83:N:2.40,50:O:2.66,9:O:2.69",2.6910664118628804,2.026014035965818,False,ok
7969957ddddb,,68,Er,3,CCCCCCCCN(CCCCCCCC)C(=O)COCC(=O)N(CCCCCCCC)CCCCCCCC,"[18, 20, 23]","[""O(amide_carbonyl)"", ""O(ether)"", ""O(amide_carbonyl)""]",3,8,2,water,water,2,/nfs/home/nshank3/lanthanide_dataset_builder/data/geometries/Er/Er_Z68_ox3_CN8_nlig2_water_7969957ddddb.xyz,/nfs/home/nshank3/lanthanide_dataset_builder/data/geometries/Er/Er_Z68_ox3_CN8_nlig2_water_7969957ddddb.mol2,,-7457.462852045798,ok,built (standard attempt 1),accepted,CCCCCCCCN(CCCCCCCC)C(=O)COCC(=O)N(CCCCCCCC)CCCCCCCC,CCCCCCCCN(CCCCCCCC)C(=O)COCC(=O)N(CCCCCCCC)CCCCCCCC,False,True,True,8,O8,"137:O:2.17,24:O:2.25,132:O:2.30,19:O:2.34,21:O:2.43,134:O:2.50,230:O:2.51,227:O:2.69",2.685893315107783,2.171450087764112,True,ok
44e81bdfe89c,,68,Er,3,CCCCCCCCN(CCCCCCCC)C(=O)COCCOCC(=O)N(CCCCCCCC)CCCCCCCC,"[18, 20, 23, 26]","[""O(amide_carbonyl)"", ""O(ether)"", ""O(ether)"", ""O(amide_carbonyl)""]",4,8,2,nitrate,nitrate,0,/nfs/home/nshank3/lanthanide_dataset_builder/data/geometries/Er/Er_Z68_ox3_CN8_nlig2_nitrate_44e81bdfe89c.xyz,/nfs/home/nshank3/lanthanide_dataset_builder/data/geometries/Er/Er_Z68_ox3_CN8_nlig2_nitrate_44e81bdfe89c.mol2,,-7745.099574819522,ok,built (standard attempt 1),accepted,CCCCCCCCN(CCCCCCCC)C(=O)COCCOCC(=O)N(CCCCCCCC)CCCCCCCC,CCCCCCCCN(CCCCCCCC)C(=O)COCCOCC(=O)N(CCCCCCCC)CCCCCCCC,False,True,True,8,O8,"139:O:2.28,27:O:2.35,147:O:2.36,19:O:2.42,24:O:2.64,21:O:2.74,144:O:2.80,141:O:2.82",2.8246386933306527,2.280300761067626,True,ok
62889dab346c,,59,Pr,3,CCCCCCCCN(CCCCCCCC)C(=O)[C@H](CCC)O[C@H](CCC)C(=O)N(CCCCCCCC)CCCCCCCC,"[18, 23, 29]","[""O(amide_carbonyl)"", ""O(ether)"", ""O(amide_carbonyl)""]",3,9,3,nitrate,nitrate,0,/nfs/home/nshank3/lanthanide_dataset_builder/data/geometries/Pr/Pr_Z59_ox3_CN9_nlig3_nitrate_62889dab346c.xyz,/nfs/home/nshank3/lanthanide_dataset_builder/data/geometries/Pr/Pr_Z59_ox3_CN9_nlig3_nitrate_62889dab346c.mol2,,-12317.00414686473,ok,built (standard attempt 1),accepted,CCCCCCCCN(CCCCCCCC)C(=O)[C@H](CCC)O[C@H](CCC)C(=O)N(CCCCCCCC)CCCCCCCC,CCCCCCCCN(CCCCCCCC)C(=O)[C@H](CCC)O[C@H](CCC)C(=O)N(CCCCCCCC)CCCCCCCC,False,True,True,7,O7,"292:O:2.28,150:O:2.30,30:O:2.38,281:O:2.42,286:O:2.61,19:O:2.62,24:O:3.06",3.0602605824411646,2.2827742399416624,False,ok
ac443d1a57b1,,62,Sm,3,CCCCCCCCN(CCCCCCCC)C(=O)[C@H](C)O[C@@H](CC)C(=O)N(CCCCCCCC)CCCCCCCC,"[18, 21, 26]","[""O(amide_carbonyl)"", ""O(ether)"", ""O(amide_carbonyl)""]",3,9,3,nitrate,nitrate,0,/nfs/home/nshank3/lanthanide_dataset_builder/data/geometries/Sm/Sm_Z62_ox3_CN9_nlig3_nitrate_ac443d1a57b1.xyz,/nfs/home/nshank3/lanthanide_dataset_builder/data/geometries/Sm/Sm_Z62_ox3_CN9_nlig3_nitrate_ac443d1a57b1.mol2,,-11549.901279377173,ok,built (standard attempt 1),accepted,CCCCCCCCN(CCCCCCCC)C(=O)[C@H](C)O[C@@H](CC)C(=O)N(CCCCCCCC)CCCCCCCC,CCCCCCCCN(CCCCCCCC)C(=O)[C@H](C)O[C@@H](CC)C(=O)N(CCCCCCCC)CCCCCCCC,False,True,True,9,O9,"271:O:2.31,141:O:2.38,27:O:2.45,149:O:2.56,19:O:2.64,22:O:2.71,266:O:2.90,144:O:3.01,263:O:3.06",3.0607681161753133,2.3095528117988064,True,ok
41c879df857c,,67,Ho,3,CC12CCC(c3nnc(-c4cccc(-c5nnc6c(n5)C5(C)CCC6C5(C)C)n4)nc31)C2(C)C,"[6, 7, 15, 16, 19, 28, 29]","[""N(aromatic)"", ""N(aromatic)"", ""N(aromatic)"", ""N(aromatic)"", ""N(aromatic)"", ""N(aromatic)"", ""N(aromatic)""]",7,8,1,nitrate,nitrate,1,/nfs/home/nshank3/lanthanide_dataset_builder/data/geometries/Ho/Ho_Z67_ox3_CN8_nlig1_nitrate_41c879df857c.xyz,/nfs/home/nshank3/lanthanide_dataset_builder/data/geometries/Ho/Ho_Z67_ox3_CN8_nlig1_nitrate_41c879df857c.mol2,,-2688.582161131169,ok,built (standard attempt 1),accepted,CC12CCC(c3nnc(-c4cccc(-c5nnc6c(n5)C5(C)CCC6C5(C)C)n4)nc31)C2(C)C,CC12CCC(c3nnc(-c4cccc(-c5nnc6c(n5)C5(C)CCC6C5(C)C)n4)nc31)C2(C)C,False,True,True,6,"N5,O1","29:N:2.32,20:N:2.43,66:O:2.52,30:N:2.56,8:N:2.94,7:N:3.10",3.0993222702191927,2.3152931579992706,False,ok
4d6e73ab7534,,64,Gd,3,O=C(c1cc(Cl)c2ccc3c(Cl)cc(C(=O)N4CCCC4)nc3c2n1)N1CCCC1,"[0, 15, 21, 24]","[""O(amide_carbonyl)"", ""O(amide_carbonyl)"", ""N(aromatic)"", ""N(aromatic)""]",4,9,2,nitrate,nitrate,1,/nfs/home/nshank3/lanthanide_dataset_builder/data/geometries/Gd/Gd_Z64_ox3_CN9_nlig2_nitrate_4d6e73ab7534.xyz,/nfs/home/nshank3/lanthanide_dataset_builder/data/geometries/Gd/Gd_Z64_ox3_CN9_nlig2_nitrate_4d6e73ab7534.mol2,,-4838.666378758442,ok,built (standard attempt 1),accepted,O=C(c1cc(Cl)c2ccc3c(Cl)cc(C(=O)N4CCCC4)nc3c2n1)N1CCCC1,O=C(c1cc(Cl)c2ccc3c(Cl)cc(C(=O)N4CCCC4)nc3c2n1)N1CCCC1,False,True,True,9,"N4,O5","1:O:2.30,66:O:2.31,25:N:2.37,16:O:2.39,51:O:2.40,72:N:2.40,75:N:2.42,22:N:2.42,101:O:2.87",2.8666174321401754,2.2991668713793585,True,ok
607aa1966b81,,67,Ho,3,CC(C)CCCC(C)CCCCN(C)C(=O)COCC(=O)N(C)CCCCC(C)CCCC(C)C,"[15, 17, 20]","[""O(amide_carbonyl)"", ""O(ether)"", ""O(amide_carbonyl)""]",3,8,2,water,water,2,/nfs/home/nshank3/lanthanide_dataset_builder/data/geometries/Ho/Ho_Z67_ox3_CN8_nlig2_water_607aa1966b81.xyz,/nfs/home/nshank3/lanthanide_dataset_builder/data/geometries/Ho/Ho_Z67_ox3_CN8_nlig2_water_607aa1966b81.mol2,,-6424.774536786477,ok,built (standard attempt 1),accepted,CC(C)CCCC(C)CCCCN(C)C(=O)COCC(=O)N(C)CCCCC(C)CCCC(C)C,CC(C)CCCC(C)CCCCN(C)C(=O)COCC(=O)N(C)CCCCC(C)CCCC(C)C,False,True,True,8,O8,"116:O:2.16,111:O:2.22,16:O:2.31,21:O:2.32,18:O:2.33,194:O:2.40,113:O:2.40,191:O:2.47",2.4692799594643833,2.163485442716836,True,ok
3a24ab54d81a,,58,Ce,3,CCCCCCCCN(C)C(=O)COCC(=O)N(CCCCCCCC)CCCCCCCC,"[11, 13, 16]","[""O(amide_carbonyl)"", ""O(ether)"", ""O(amide_carbonyl)""]",3,9,3,water,water,0,/nfs/home/nshank3/lanthanide_dataset_builder/data/geometries/Ce/Ce_Z58_ox3_CN9_nlig3_water_3a24ab54d81a.xyz,/nfs/home/nshank3/lanthanide_dataset_builder/data/geometries/Ce/Ce_Z58_ox3_CN9_nlig3_water_3a24ab54d81a.mol2,,-8966.27637667053,ok,built (standard attempt 1),accepted,CCCCCCCCN(C)C(=O)COCC(=O)N(CCCCCCCC)CCCCCCCC,CCCCCCCCN(C)C(=O)COCC(=O)N(CCCCCCCC)CCCCCCCC,False,True,True,9,O9,"106:O:2.26,109:O:2.26,17:O:2.28,12:O:2.33,196:O:2.33,14:O:2.59,198:O:2.64,104:O:2.66,201:O:2.93",2.934167171954118,2.2620362880126264,True,ok
1c8d038cf561,,58,Ce,3,c1cc2nc(c1)COc1ccccc1OCCOCCOc1ccccc1OC2,"[3, 7, 14, 17, 20, 27]","[""N(aromatic)"", ""O(ether)"", ""O(ether)"", ""O(ether)"", ""O(ether)"", ""O(ether)""]",6,9,1,nitrate,nitrate,3,/nfs/home/nshank3/lanthanide_dataset_builder/data/geometries/Ce/Ce_Z58_ox3_CN9_nlig1_nitrate_1c8d038cf561.xyz,/nfs/home/nshank3/lanthanide_dataset_builder/data/geometries/Ce/Ce_Z58_ox3_CN9_nlig1_nitrate_1c8d038cf561.mol2,,-2853.2203105253648,ok,built (standard attempt 1),accepted,c1cc2nc(c1)COc1ccccc1OCCOCCOc1ccccc1OC2,c1cc2nc(c1)COc1ccccc1OCCOCCOc1ccccc1OC2,False,True,True,10,"N2,O8","55:O:2.08,56:O:2.10,4:N:2.43,53:N:2.45,28:O:2.45,21:O:2.46,18:O:2.50,8:O:2.51,15:O:2.59,57:O:2.90",2.9007159568493153,2.07615264188072,False,ok
52429ea3421d,,57,La,3,CCCCC(CC)CP(=O)(CC(=O)N(CC(C)C)CC(C)C)c1ccccc1,"[9, 12]","[""O(ether)"", ""O(amide_carbonyl)""]",2,9,4,nitrate,nitrate,1,/nfs/home/nshank3/lanthanide_dataset_builder/data/geometries/La/La_Z57_ox3_CN9_nlig4_nitrate_52429ea3421d.xyz,/nfs/home/nshank3/lanthanide_dataset_builder/data/geometries/La/La_Z57_ox3_CN9_nlig4_nitrate_52429ea3421d.mol2,,-9558.116835579383,ok,built (standard attempt 1),accepted,CCCCC(CC)CP(=O)(CC(=O)N(CC(C)C)CC(C)C)c1ccccc1,CCCCC(CC)CP(=O)(CC(=O)N(CC(C)C)CC(C)C)c1ccccc1,False,True,True,9,O9,"220:O:2.48,150:O:2.53,10:O:2.55,153:O:2.57,223:O:2.68,13:O:2.73,281:O:2.79,80:O:2.90,83:O:2.93",2.934976995541271,2.4808462243569216,True,ok
644deea19edd,,66,Dy,3,CCCCCCC(C)N(CCCC)C(=O)COCC(=O)N(CCCC)C(C)CCCCCC,"[14, 16, 19]","[""O(amide_carbonyl)"", ""O(ether)"", ""O(amide_carbonyl)""]",3,8,2,water,water,2,/nfs/home/nshank3/lanthanide_dataset_builder/data/geometries/Dy/Dy_Z66_ox3_CN8_nlig2_water_644deea19edd.xyz,/nfs/home/nshank3/lanthanide_dataset_builder/data/geometries/Dy/Dy_Z66_ox3_CN8_nlig2_water_644deea19edd.mol2,,-6080.260573758943,ok,built (standard attempt 1),accepted,CCCCCCC(C)N(CCCC)C(=O)COCC(=O)N(CCCC)C(C)CCCCCC,CCCCCCC(C)N(CCCC)C(=O)COCC(=O)N(CCCC)C(C)CCCCCC,False,True,True,8,O8,"20:O:2.17,109:O:2.17,104:O:2.25,15:O:2.34,17:O:2.37,106:O:2.52,182:O:2.65,179:O:2.74",2.741859387709657,2.1699865942358723,True,ok
f81049ab872c,,66,Dy,3,O=C(COCC(=O)N1CCCCC1)N1CCCCC1,"[0, 3, 6]","[""O(amide_carbonyl)"", ""O(ether)"", ""O(amide_carbonyl)""]",3,8,2,water,water,2,/nfs/home/nshank3/lanthanide_dataset_builder/data/geometries/Dy/Dy_Z66_ox3_CN8_nlig2_water_f81049ab872c.xyz,/nfs/home/nshank3/lanthanide_dataset_builder/data/geometries/Dy/Dy_Z66_ox3_CN8_nlig2_water_f81049ab872c.mol2,,-3558.833369866972,ok,built (standard attempt 1),accepted,O=C(COCC(=O)N1CCCCC1)N1CCCCC1,O=C(COCC(=O)N1CCCCC1)N1CCCCC1,False,True,True,8,O8,"50:O:2.11,1:O:2.13,7:O:2.20,44:O:2.32,4:O:2.45,87:O:2.51,47:O:2.70,90:O:2.72",2.7201604808711872,2.1092284732032116,True,ok
26d0742c0f67,,62,Sm,3,CCCCCCC(C)N(CCCC)C(=O)COCC(=O)N(CCCC)C(C)CCCCCC,"[14, 16, 19]","[""O(amide_carbonyl)"", ""O(ether)"", ""O(amide_carbonyl)""]",3,9,3,water,water,0,/nfs/home/nshank3/lanthanide_dataset_builder/data/geometries/Sm/Sm_Z62_ox3_CN9_nlig3_water_26d0742c0f67.xyz,/nfs/home/nshank3/lanthanide_dataset_builder/data/geometries/Sm/Sm_Z62_ox3_CN9_nlig3_water_26d0742c0f67.mol2,,-8707.969316943721,ok,built (standard attempt 1),accepted,CCCCCCC(C)N(CCCC)C(=O)COCC(=O)N(CCCC)C(C)CCCCCC,CCCCCCC(C)N(CCCC)C(=O)COCC(=O)N(CCCC)C(C)CCCCCC,False,True,True,9,O9,"104:O:2.35,15:O:2.38,20:O:2.42,193:O:2.46,109:O:2.56,106:O:2.72,198:O:2.76,17:O:2.87,195:O:2.89",2.891048430124321,2.352866354462153,True,ok
7c88aac9cc30,,68,Er,3,CCCCCCCCCCCCN(CCCCCCCC)C(=O)COCC(=O)N(CCCCCCCC)CCCCCCCCCCCC,"[22, 24, 27]","[""O(amide_carbonyl)"", ""O(ether)"", ""O(amide_carbonyl)""]",3,8,2,water,water,2,/nfs/home/nshank3/lanthanide_dataset_builder/data/geometries/Er/Er_Z68_ox3_CN8_nlig2_water_7c88aac9cc30.xyz,/nfs/home/nshank3/lanthanide_dataset_builder/data/geometries/Er/Er_Z68_ox3_CN8_nlig2_water_7c88aac9cc30.mol2,,-8835.18905838421,ok,built (standard attempt 1),accepted,CCCCCCCCCCCCN(CCCCCCCC)C(=O)COCC(=O)N(CCCCCCCC)CCCCCCCCCCCC,CCCCCCCCCCCCN(CCCCCCCC)C(=O)COCC(=O)N(CCCCCCCC)CCCCCCCCCCCC,False,True,True,8,O8,"28:O:2.04,165:O:2.07,162:O:2.31,23:O:2.32,160:O:2.33,25:O:2.37,278:O:2.49,275:O:2.50",2.502489444847237,2.036063031170661,True,ok
ca3d536acbf6,,68,Er,3,COCCN(CCOC)C(=O)COCC(=O)N(CCOC)CCOC,"[1, 7, 10, 12, 15, 19, 23]","[""O(ether)"", ""O(ether)"", ""O(amide_carbonyl)"", ""O(ether)"", ""O(amide_carbonyl)"", ""O(ether)"", ""O(ether)""]",7,8,1,water,water,1,/nfs/home/nshank3/lanthanide_dataset_builder/data/geometries/Er/Er_Z68_ox3_CN8_nlig1_water_ca3d536acbf6.xyz,/nfs/home/nshank3/lanthanide_dataset_builder/data/geometries/Er/Er_Z68_ox3_CN8_nlig1_water_ca3d536acbf6.mol2,,-2442.897564775228,ok,built (standard attempt 1),accepted,COCCN(CCOC)C(=O)COCC(=O)N(CCOC)CCOC,COCCN(CCOC)C(=O)COCC(=O)N(CCOC)CCOC,False,True,True,9,"N1,O8","16:O:2.10,11:O:2.22,2:O:2.29,20:O:2.44,13:O:2.51,58:O:2.53,8:O:2.66,24:O:2.88,5:N:3.11",3.1117816361832396,2.0978509064298767,False,ok
fb7d0e22e502,,63,Eu,3,O=C(c1ccccc1)c1ccc2ccccc2n1,"[0, 17]","[""O(carbonyl)"", ""N(aromatic)""]",2,9,4,nitrate,nitrate,1,/nfs/home/nshank3/lanthanide_dataset_builder/data/geometries/Eu/Eu_Z63_ox3_CN9_nlig4_nitrate_fb7d0e22e502.xyz,/nfs/home/nshank3/lanthanide_dataset_builder/data/geometries/Eu/Eu_Z63_ox3_CN9_nlig4_nitrate_fb7d0e22e502.mol2,,-5237.741472741343,ok,built (standard attempt 1),accepted,O=C(c1ccccc1)c1ccc2ccccc2n1,O=C(c1ccccc1)c1ccc2ccccc2n1,False,True,True,9,"N4,O5","1:O:2.22,59:O:2.31,88:O:2.32,30:O:2.32,76:N:2.61,47:N:2.64,117:O:2.72,18:N:2.75,105:N:2.75",2.751116366908658,2.2190911946833163,True,ok
bec89700cf93,,68,Er,3,CCCCCc1nnc(-c2cccc(-c3cccc(-c4nnc(CCCCC)c(CCCCC)n4)n3)n2)nc1CCCCC,"[6, 7, 20, 21, 34, 35, 36, 37]","[""N(aromatic)"", ""N(aromatic)"", ""N(aromatic)"", ""N(aromatic)"", ""N(aromatic)"", ""N(aromatic)"", ""N(aromatic)"", ""N(aromatic)""]",8,8,1,nitrate,nitrate,0,/nfs/home/nshank3/lanthanide_dataset_builder/data/geometries/Er/Er_Z68_ox3_CN8_nlig1_nitrate_bec89700cf93.xyz,/nfs/home/nshank3/lanthanide_dataset_builder/data/geometries/Er/Er_Z68_ox3_CN8_nlig1_nitrate_bec89700cf93.mol2,,-3417.801564050485,ok,built (standard attempt 1),accepted,CCCCCc1nnc(-c2cccc(-c3cccc(-c4nnc(CCCCC)c(CCCCC)n4)n3)n2)nc1CCCCC,CCCCCc1nnc(-c2cccc(-c3cccc(-c4nnc(CCCCC)c(CCCCC)n4)n3)n2)nc1CCCCC,False,True,True,7,N7,"8:N:2.15,21:N:2.17,37:N:2.43,7:N:2.51,36:N:2.55,22:N:2.77,38:N:2.82",2.823456029126498,2.1504825860876995,False,ok
f6d91e19679c,,60,Nd,3,CCCc1nnc(-c2cccc(-c3nnc(CCC)c(CCC)n3)n2)nc1CCC,"[4, 5, 13, 14, 23, 24, 25]","[""N(aromatic)"", ""N(aromatic)"", ""N(aromatic)"", ""N(aromatic)"", ""N(aromatic)"", ""N(aromatic)"", ""N(aromatic)""]",7,9,1,nitrate,nitrate,2,/nfs/home/nshank3/lanthanide_dataset_builder/data/geometries/Nd/Nd_Z60_ox3_CN9_nlig1_nitrate_f6d91e19679c.xyz,/nfs/home/nshank3/lanthanide_dataset_builder/data/geometries/Nd/Nd_Z60_ox3_CN9_nlig1_nitrate_f6d91e19679c.mol2,,-2744.664402068532,ok,built (standard attempt 1),accepted,CCCc1nnc(-c2cccc(-c3nnc(CCC)c(CCC)n3)n2)nc1CCC,CCCc1nnc(-c2cccc(-c3nnc(CCC)c(CCC)n3)n2)nc1CCC,False,True,True,6,"N4,O2","65:O:2.05,64:O:2.18,25:N:2.34,26:N:2.40,24:N:2.45,62:N:2.48",2.478989280712261,2.053995636266574,False,ok
f4c272db6d7f,,63,Eu,3,CCCCCCN(CCCCCC)C(=O)COCC(=O)N1CCCC1,"[14, 16, 19]","[""O(amide_carbonyl)"", ""O(ether)"", ""O(amide_carbonyl)""]",3,9,3,water,water,0,/nfs/home/nshank3/lanthanide_dataset_builder/data/geometries/Eu/Eu_Z63_ox3_CN9_nlig3_water_f4c272db6d7f.xyz,/nfs/home/nshank3/lanthanide_dataset_builder/data/geometries/Eu/Eu_Z63_ox3_CN9_nlig3_water_f4c272db6d7f.mol2,,-6560.253438663482,ok,built (standard attempt 1),accepted,CCCCCCN(CCCCCC)C(=O)COCC(=O)N1CCCC1,CCCCCCN(CCCCCC)C(=O)COCC(=O)N1CCCC1,False,True,True,9,O9,"15:O:2.17,83:O:2.29,20:O:2.36,78:O:2.37,146:O:2.48,141:O:2.53,17:O:2.56,80:O:2.65,143:O:2.81",2.807624257397218,2.1657206202419026,True,ok
f55824b32885,,63,Eu,3,CCCCCCCCN(CCCC(CCCC)CCCCCC)C(=O)COCC(=O)N(CCCCCCCC)CCCC(CCCC)CCCCCC,"[24, 26, 29]","[""O(amide_carbonyl)"", ""O(ether)"", ""O(amide_carbonyl)""]",3,9,3,water,water,0,/nfs/home/nshank3/lanthanide_dataset_builder/data/geometries/Eu/Eu_Z63_ox3_CN9_nlig3_water_f55824b32885.xyz,/nfs/home/nshank3/lanthanide_dataset_builder/data/geometries/Eu/Eu_Z63_ox3_CN9_nlig3_water_f55824b32885.mol2,,-13867.888268829958,ok,built (standard attempt 1),accepted,CCCCCCCCN(CCCC(CCCC)CCCCCC)C(=O)COCC(=O)N(CCCCCCCC)CCCC(CCCC)CCCCCC,CCCCCCCCN(CCCC(CCCC)CCCCCC)C(=O)COCC(=O)N(CCCCCCCC)CCCC(CCCC)CCCCCC,False,True,True,9,O9,"174:O:2.12,323:O:2.28,325:O:2.28,30:O:2.43,176:O:2.51,27:O:2.59,328:O:2.66,179:O:2.67,25:O:2.84",2.8403606044179104,2.1216203370567706,True,ok
c25357ab689e,,63,Eu,3,CCCCCC(C)Oc1cc(CNC(=O)COCC(=O)N(CCCC)CCCC)cc(CNC(=O)COCC(=O)N(CCCC)CCCC)c1,"[14, 16, 19]","[""O(amide_carbonyl)"", ""O(ether)"", ""O(amide_carbonyl)""]",3,9,3,nitrate,nitrate,0,/nfs/home/nshank3/lanthanide_dataset_builder/data/geometries/Eu/Eu_Z63_ox3_CN9_nlig3_nitrate_c25357ab689e.xyz,/nfs/home/nshank3/lanthanide_dataset_builder/data/geometries/Eu/Eu_Z63_ox3_CN9_nlig3_nitrate_c25357ab689e.mol2,,-12937.730770306029,ok,built (standard attempt 1),accepted,CCCCCC(C)Oc1cc(CNC(=O)COCC(=O)N(CCCC)CCCC)cc(CNC(=O)COCC(=O)N(CCCC)CCCC)c1,CCCCCC(C)Oc1cc(CNC(=O)COCC(=O)N(CCCC)CCCC)cc(CNC(=O)COCC(=O)N(CCCC)CCCC)c1,False,True,True,9,O9,"256:O:2.15,138:O:2.16,20:O:2.18,17:O:2.50,135:O:2.51,253:O:2.61,15:O:2.84,251:O:2.97,133:O:2.97",2.9724721703799446,2.154412654565435,True,ok
820234945470,,63,Eu,3,CCCCCCCCN(CCCCCCCC)C(=O)CN(CC(=O)N(CCCCCCCC)CCCCCCCC)Cc1ccccc1,"[18, 20, 23]","[""O(amide_carbonyl)"", ""N(amine)"", ""O(amide_carbonyl)""]",3,9,3,nitrate,nitrate,0,/nfs/home/nshank3/lanthanide_dataset_builder/data/geometries/Eu/Eu_Z63_ox3_CN9_nlig3_nitrate_820234945470.xyz,/nfs/home/nshank3/lanthanide_dataset_builder/data/geometries/Eu/Eu_Z63_ox3_CN9_nlig3_nitrate_820234945470.mol2,,-12195.013114166904,ok,built (standard attempt 1),accepted,CCCCCCCCN(CCCCCCCC)C(=O)CN(CC(=O)N(CCCCCCCC)CCCCCCCC)Cc1ccccc1,CCCCCCCCN(CCCCCCCC)C(=O)CN(CC(=O)N(CCCCCCCC)CCCCCCCC)Cc1ccccc1,False,True,True,9,"N3,O6","273:O:2.18,146:O:2.27,24:O:2.34,19:O:2.45,278:O:2.70,275:N:2.70,151:O:2.84,21:N:2.94,148:N:3.09",3.090417040467868,2.1839643409869205,True,ok
43dcce0bcec9,,63,Eu,3,CC1(C)CCC(C)(C)c2nc(-c3ccc4ccc5ccc(-c6nnc7c(n6)C(C)(C)CCC7(C)C)nc5c4n3)nnc21,"[9, 22, 23, 26, 35, 38, 39, 40]","[""N(aromatic)"", ""N(aromatic)"", ""N(aromatic)"", ""N(aromatic)"", ""N(aromatic)"", ""N(aromatic)"", ""N(aromatic)"", ""N(aromatic)""]",8,9,1,water,water,1,/nfs/home/nshank3/lanthanide_dataset_builder/data/geometries/Eu/Eu_Z63_ox3_CN9_nlig1_water_43dcce0bcec9.xyz,/nfs/home/nshank3/lanthanide_dataset_builder/data/geometries/Eu/Eu_Z63_ox3_CN9_nlig1_water_43dcce0bcec9.mol2,,-3278.538766478408,ok,built (standard attempt 1),accepted,CC1(C)CCC(C)(C)c2nc(-c3ccc4ccc5ccc(-c6nnc7c(n6)C(C)(C)CCC7(C)C)nc5c4n3)nnc21,CC1(C)CCC(C)(C)c2nc(-c3ccc4ccc5ccc(-c6nnc7c(n6)C(C)(C)CCC7(C)C)nc5c4n3)nnc21,False,True,True,7,"N6,O1","23:N:2.24,40:N:2.25,81:O:2.48,41:N:2.54,36:N:2.62,39:N:2.64,24:N:2.90",2.8966878093682444,2.242259567977941,False,ok
50cc1d238b7c,,63,Eu,3,CCCCOP(=S)(COCP(=S)(OCCCC)OCCCC)OCCCC,"[4, 6, 8, 11, 12, 17, 22]","[""O(ether)"", ""S(donor)"", ""O(ether)"", ""S(donor)"", ""O(ether)"", ""O(ether)"", ""O(ether)""]",7,9,1,nitrate,nitrate,2,/nfs/home/nshank3/lanthanide_dataset_builder/data/geometries/Eu/Eu_Z63_ox3_CN9_nlig1_nitrate_50cc1d238b7c.xyz,/nfs/home/nshank3/lanthanide_dataset_builder/data/geometries/Eu/Eu_Z63_ox3_CN9_nlig1_nitrate_50cc1d238b7c.mol2,,-2896.4788356826302,ok,built (standard attempt 2),accepted,CCCCOP(=S)(COCP(=S)(OCCCC)OCCCC)OCCCC,CCCCOP(=S)(COCP(=S)(OCCCC)OCCCC)OCCCC,False,True,True,12,"N1,O7,P2,S2","70:O:2.02,71:O:2.03,5:O:2.37,68:N:2.39,13:O:2.42,18:O:2.65,23:O:2.68,12:S:2.77,7:S:2.79,9:O:2.80,6:P:3.05,11:P:3.06",3.0598263609991654,2.018096359991038,False,ok
25ade73f3220,,63,Eu,3,CC1(C)CCC(C)(C)c2nc(-c3cccc(-c4cccc(-c5cccc(-c6nnc7c(n6)C(C)(C)CCC7(C)C)n5)n4)n3)nnc21,"[9, 27, 28, 31, 40, 41, 42, 43]","[""N(aromatic)"", ""N(aromatic)"", ""N(aromatic)"", ""N(aromatic)"", ""N(aromatic)"", ""N(aromatic)"", ""N(aromatic)"", ""N(aromatic)""]",8,9,1,water,water,1,/nfs/home/nshank3/lanthanide_dataset_builder/data/geometries/Eu/Eu_Z63_ox3_CN9_nlig1_water_25ade73f3220.xyz,/nfs/home/nshank3/lanthanide_dataset_builder/data/geometries/Eu/Eu_Z63_ox3_CN9_nlig1_water_25ade73f3220.mol2,,-3575.5924831455304,ok,built (standard attempt 1),accepted,CC1(C)CCC(C)(C)c2nc(-c3cccc(-c4cccc(-c5cccc(-c6nnc7c(n6)C(C)(C)CCC7(C)C)n5)n4)n3)nnc21,CC1(C)CCC(C)(C)c2nc(-c3cccc(-c4cccc(-c5cccc(-c6nnc7c(n6)C(C)(C)CCC7(C)C)n5)n4)n3)nnc21,False,True,True,8,"N7,O1","28:N:2.21,44:N:2.30,43:N:2.34,29:N:2.36,41:N:2.41,42:N:2.57,88:O:2.60,45:N:3.02",3.0181056644494713,2.2082221399559003,False,ok
07350ab67185,,64,Gd,3,CCCCC(CC)CN(CC(CC)CCCC)C(=O)COCC(=O)N(CC(CC)CCCC)CC(CC)CCCC,"[18, 20, 23]","[""O(amide_carbonyl)"", ""O(ether)"", ""O(amide_carbonyl)""]",3,9,3,nitrate,nitrate,0,/nfs/home/nshank3/lanthanide_dataset_builder/data/geometries/Gd/Gd_Z64_ox3_CN9_nlig3_nitrate_07350ab67185.xyz,/nfs/home/nshank3/lanthanide_dataset_builder/data/geometries/Gd/Gd_Z64_ox3_CN9_nlig3_nitrate_07350ab67185.mol2,,-10773.766994033607,ok,built (standard attempt 1),accepted,CCCCC(CC)CN(CC(CC)CCCC)C(=O)COCC(=O)N(CC(CC)CCCC)CC(CC)CCCC,CCCCC(CC)CN(CC(CC)CCCC)C(=O)COCC(=O)N(CC(CC)CCCC)CC(CC)CCCC,False,True,True,9,O9,"250:O:2.19,19:O:2.35,245:O:2.42,137:O:2.50,132:O:2.53,134:O:2.61,247:O:2.61,21:O:2.82,24:O:3.09",3.0866462157178365,2.1864746187271584,True,ok
26b9e00a4942,,67,Ho,3,CCCCCCCCN(CCCCCCCC)C(=O)COCC(=O)N(C)C,"[18, 20, 23]","[""O(amide_carbonyl)"", ""O(ether)"", ""O(amide_carbonyl)""]",3,8,2,water,water,2,/nfs/home/nshank3/lanthanide_dataset_builder/data/geometries/Ho/Ho_Z67_ox3_CN8_nlig2_water_26b9e00a4942.xyz,/nfs/home/nshank3/lanthanide_dataset_builder/data/geometries/Ho/Ho_Z67_ox3_CN8_nlig2_water_26b9e00a4942.mol2,,-5045.894511722058,ok,built (standard attempt 1),accepted,CCCCCCCCN(CCCCCCCC)C(=O)COCC(=O)N(C)C,CCCCCCCCN(CCCCCCCC)C(=O)COCC(=O)N(C)C,False,True,True,8,O8,"90:O:2.23,19:O:2.24,24:O:2.25,95:O:2.26,92:O:2.46,146:O:2.47,21:O:2.53,143:O:2.79",2.7937053382774204,2.2305075505473524,True,ok
ef67e719ab98,,57,La,3,CCCCCCCCN(CC(C)C)C(=O)COCC(=O)N(CCCCCCCC)CC(C)C,"[14, 16, 19]","[""O(amide_carbonyl)"", ""O(ether)"", ""O(amide_carbonyl)""]",3,9,3,nitrate,nitrate,0,/nfs/home/nshank3/lanthanide_dataset_builder/data/geometries/La/La_Z57_ox3_CN9_nlig3_nitrate_ef67e719ab98.xyz,/nfs/home/nshank3/lanthanide_dataset_builder/data/geometries/La/La_Z57_ox3_CN9_nlig3_nitrate_ef67e719ab98.mol2,,-8709.681030172867,ok,built (standard attempt 1),accepted,CCCCCCCCN(CC(C)C)C(=O)COCC(=O)N(CCCCCCCC)CC(C)C,CCCCCCCCN(CC(C)C)C(=O)COCC(=O)N(CCCCCCCC)CC(C)C,False,True,True,8,O8,"20:O:2.20,193:O:2.45,104:O:2.46,15:O:2.50,195:O:2.51,109:O:2.52,198:O:2.80,17:O:2.83",2.8271227697730543,2.203059367031474,False,ok
8895a6ee019b,,57,La,3,CCCCCCn1c(-c2ccccc2)c(-c2ccccc2)c2cc3ccc4cc5c(-c6ccccc6)c(-c6ccccc6)n(CCCCCC)c(=O)c5nc4c3nc2c1=O,"[6, 43, 51, 53, 56, 59]","[""N(aromatic)"", ""N(aromatic)"", ""O(amide_carbonyl)"", ""N(aromatic)"", ""N(aromatic)"", ""O(amide_carbonyl)""]",6,9,1,nitrate,nitrate,3,/nfs/home/nshank3/lanthanide_dataset_builder/data/geometries/La/La_Z57_ox3_CN9_nlig1_nitrate_8895a6ee019b.xyz,/nfs/home/nshank3/lanthanide_dataset_builder/data/geometries/La/La_Z57_ox3_CN9_nlig1_nitrate_8895a6ee019b.mol2,,-4942.342202231755,ok,built (standard attempt 2),accepted,CCCCCCn1c(-c2ccccc2)c(-c2ccccc2)c2cc3ccc4cc5c(-c6ccccc6)c(-c6ccccc6)n(CCCCCC)c(=O)c5nc4c3nc2c1=O,CCCCCCn1c(-c2ccccc2)c(-c2ccccc2)c2cc3ccc4cc5c(-c6ccccc6)c(-c6ccccc6)n(CCCCCC)c(=O)c5nc4c3nc2c1=O,False,True,True,8,"N3,O5","114:O:2.25,52:O:2.29,113:O:2.32,60:O:2.42,111:N:2.44,54:N:2.54,57:N:2.55,115:O:2.68",2.679192382158494,2.2516099578509037,False,ok
e96a56b518dc,,65,Tb,3,CCCCN(CCCC)C(=O)COCC(=O)N(CCCC)CCCC,"[10, 12, 15]","[""O(amide_carbonyl)"", ""O(ether)"", ""O(amide_carbonyl)""]",3,8,2,nitrate,nitrate,2,/nfs/home/nshank3/lanthanide_dataset_builder/data/geometries/Tb/Tb_Z65_ox3_CN8_nlig2_nitrate_e96a56b518dc.xyz,/nfs/home/nshank3/lanthanide_dataset_builder/data/geometries/Tb/Tb_Z65_ox3_CN8_nlig2_nitrate_e96a56b518dc.mol2,,-4850.451009139302,ok,built (standard attempt 1),accepted,CCCCN(CCCC)C(=O)COCC(=O)N(CCCC)CCCC,CCCCN(CCCC)C(=O)COCC(=O)N(CCCC)CCCC,False,True,True,9,"N1,O8","133:O:2.14,134:O:2.14,11:O:2.18,76:O:2.24,81:O:2.27,16:O:2.46,131:N:2.53,13:O:2.67,78:O:2.71",2.7064499078073734,2.1436197373876555,False,ok
a543645bb9e1,,71,Lu,3,CCCCCCC(CCCC)CCCN(C)C(=O)COCC(=O)N(C)CCCC(CCCC)CCCCCC,"[17, 19, 22]","[""O(amide_carbonyl)"", ""O(ether)"", ""O(amide_carbonyl)""]",3,8,2,water,water,2,/nfs/home/nshank3/lanthanide_dataset_builder/data/geometries/Lu/Lu_Z71_ox3_CN8_nlig2_water_a543645bb9e1.xyz,/nfs/home/nshank3/lanthanide_dataset_builder/data/geometries/Lu/Lu_Z71_ox3_CN8_nlig2_water_a543645bb9e1.mol2,,-7111.613300781615,ok,built (standard attempt 1),accepted,CCCCCCC(CCCC)CCCN(C)C(=O)COCC(=O)N(C)CCCC(CCCC)CCCCCC,CCCCCCC(CCCC)CCCN(C)C(=O)COCC(=O)N(C)CCCC(CCCC)CCCCCC,False,True,True,8,O8,"130:O:2.13,23:O:2.13,125:O:2.20,18:O:2.23,218:O:2.53,20:O:2.62,127:O:2.68,215:O:2.81",2.8129849864151275,2.1281630833075225,True,ok
104d765a0717,,70,Yb,3,CN(C(=O)COCC(=O)N(C)c1ccccc1)c1ccccc1,"[3, 5, 8]","[""O(amide_carbonyl)"", ""O(ether)"", ""O(amide_carbonyl)""]",3,8,2,nitrate,nitrate,2,/nfs/home/nshank3/lanthanide_dataset_builder/data/geometries/Yb/Yb_Z70_ox3_CN8_nlig2_nitrate_104d765a0717.xyz,/nfs/home/nshank3/lanthanide_dataset_builder/data/geometries/Yb/Yb_Z70_ox3_CN8_nlig2_nitrate_104d765a0717.mol2,,-4057.416650739438,ok,built (standard attempt 1),accepted,CN(C(=O)COCC(=O)N(C)c1ccccc1)c1ccccc1,CN(C(=O)COCC(=O)N(C)c1ccccc1)c1ccccc1,False,True,True,9,"N1,O8","89:O:2.09,90:O:2.16,9:O:2.20,52:O:2.23,47:O:2.25,4:O:2.32,87:N:2.50,6:O:2.53,49:O:2.91",2.908478914295459,2.0856194783871786,False,ok
dbd33e562021,,69,Tm,3,CCCCCCCCC(C)(C)SCC1CN(C(=O)COCC(=O)N2CC(C)C(CSC(C)(C)CCCCCCCC)C2)CC1C,"[17, 19, 22]","[""O(amide_carbonyl)"", ""O(ether)"", ""O(amide_carbonyl)""]",3,8,2,water,water,2,/nfs/home/nshank3/lanthanide_dataset_builder/data/geometries/Tm/Tm_Z69_ox3_CN8_nlig2_water_dbd33e562021.xyz,/nfs/home/nshank3/lanthanide_dataset_builder/data/geometries/Tm/Tm_Z69_ox3_CN8_nlig2_water_dbd33e562021.mol2,,-8045.776082535223,ok,built (standard attempt 1),accepted,CCCCCCCCC(C)(C)SCC1CN(C(=O)COCC(=O)N2CC(C)C(CSC(C)(C)CCCCCCCC)C2)CC1C,CCCCCCCCC(C)(C)SCC1CN(C(=O)COCC(=O)N2CC(C)C(CSC(C)(C)CCCCCCCC)C2)CC1C,False,True,True,8,O8,"135:O:2.13,18:O:2.16,23:O:2.27,140:O:2.27,20:O:2.43,137:O:2.55,238:O:2.60,235:O:2.85",2.8541092104132817,2.12532770684661,True,ok
07dc84629842,,65,Tb,3,CCCCCCCCN(C)C(=O)COCC(=O)N(C)CCCCCCCC,"[11, 13, 16]","[""O(amide_carbonyl)"", ""O(ether)"", ""O(amide_carbonyl)""]",3,8,2,water,water,2,/nfs/home/nshank3/lanthanide_dataset_builder/data/geometries/Tb/Tb_Z65_ox3_CN8_nlig2_water_07dc84629842.xyz,/nfs/home/nshank3/lanthanide_dataset_builder/data/geometries/Tb/Tb_Z65_ox3_CN8_nlig2_water_07dc84629842.mol2,,-5046.3733202989015,ok,built (standard attempt 1),accepted,CCCCCCCCN(C)C(=O)COCC(=O)N(C)CCCCCCCC,CCCCCCCCN(C)C(=O)COCC(=O)N(C)CCCCCCCC,False,True,True,8,O8,"17:O:2.22,83:O:2.24,146:O:2.39,12:O:2.41,88:O:2.41,143:O:2.43,85:O:2.73,14:O:2.85",2.852459991697288,2.219960964861835,True,ok
537758e4db4c,,69,Tm,3,CCCCCCCCN(CC)C(=O)COCC(=O)N(CC)CCCCCCCC,"[12, 14, 17]","[""O(amide_carbonyl)"", ""O(ether)"", ""O(amide_carbonyl)""]",3,8,2,water,water,2,/nfs/home/nshank3/lanthanide_dataset_builder/data/geometries/Tm/Tm_Z69_ox3_CN8_nlig2_water_537758e4db4c.xyz,/nfs/home/nshank3/lanthanide_dataset_builder/data/geometries/Tm/Tm_Z69_ox3_CN8_nlig2_water_537758e4db4c.mol2,,-5390.656992390589,ok,built (standard attempt 1),accepted,CCCCCCCCN(CC)C(=O)COCC(=O)N(CC)CCCCCCCC,CCCCCCCCN(CC)C(=O)COCC(=O)N(CC)CCCCCCCC,False,True,True,8,O8,"90:O:2.23,95:O:2.24,13:O:2.27,18:O:2.28,155:O:2.55,158:O:2.56,92:O:2.69,15:O:2.69",2.6942279177216624,2.231824904373305,True,ok
7cdf4cfae70c,,70,Yb,3,CCCCCCCCN(CCCCC(C)CCCC(C)C)C(=O)COCC(=O)N(CCCCCCCC)CCCCC(C)CCCC(C)C,"[22, 24, 27]","[""O(amide_carbonyl)"", ""O(ether)"", ""O(amide_carbonyl)""]",3,8,2,water,water,2,/nfs/home/nshank3/lanthanide_dataset_builder/data/geometries/Yb/Yb_Z70_ox3_CN8_nlig2_water_7cdf4cfae70c.xyz,/nfs/home/nshank3/lanthanide_dataset_builder/data/geometries/Yb/Yb_Z70_ox3_CN8_nlig2_water_7cdf4cfae70c.mol2,,-8835.482897832539,ok,built (standard attempt 1),accepted,CCCCCCCCN(CCCCC(C)CCCC(C)C)C(=O)COCC(=O)N(CCCCCCCC)CCCCC(C)CCCC(C)C,CCCCCCCCN(CCCCC(C)CCCC(C)C)C(=O)COCC(=O)N(CCCCCCCC)CCCCC(C)CCCC(C)C,False,True,True,8,O8,"23:O:2.12,160:O:2.17,275:O:2.39,28:O:2.40,165:O:2.41,25:O:2.58,162:O:2.64,278:O:2.67",2.667449750946481,2.121818249209851,True,ok
a0d3025a66af,,59,Pr,3,CCCCCCn1c(-c2ccccc2)c(-c2ccccc2)c2cc3ccc4cc5c(-c6ccccc6)c(-c6ccccc6)n(CCCCCC)c(=O)c5nc4c3nc2c1=O,"[6, 43, 51, 53, 56, 59]","[""N(aromatic)"", ""N(aromatic)"", ""O(amide_carbonyl)"", ""N(aromatic)"", ""N(aromatic)"", ""O(amide_carbonyl)""]",6,9,1,nitrate,nitrate,3,/nfs/home/nshank3/lanthanide_dataset_builder/data/geometries/Pr/Pr_Z59_ox3_CN9_nlig1_nitrate_a0d3025a66af.xyz,/nfs/home/nshank3/lanthanide_dataset_builder/data/geometries/Pr/Pr_Z59_ox3_CN9_nlig1_nitrate_a0d3025a66af.mol2,,-4941.63712838464,ok,built (standard attempt 1),accepted,CCCCCCn1c(-c2ccccc2)c(-c2ccccc2)c2cc3ccc4cc5c(-c6ccccc6)c(-c6ccccc6)n(CCCCCC)c(=O)c5nc4c3nc2c1=O,CCCCCCn1c(-c2ccccc2)c(-c2ccccc2)c2cc3ccc4cc5c(-c6ccccc6)c(-c6ccccc6)n(CCCCCC)c(=O)c5nc4c3nc2c1=O,False,True,True,7,"N3,O4","114:O:2.15,52:O:2.19,60:O:2.23,113:O:2.24,57:N:2.43,54:N:2.46,111:N:2.56",2.564481454271793,2.149144007758008,False,ok
5cfc95c5b8bd,,65,Tb,3,CCCCCCOP(=O)(O)OCCCCCC,"[6, 8, 9, 10]","[""O(ether)"", ""O(ether)"", ""O(hydroxyl)"", ""O(ether)""]",4,8,2,nitrate,nitrate,0,/nfs/home/nshank3/lanthanide_dataset_builder/data/geometries/Tb/Tb_Z65_ox3_CN8_nlig2_nitrate_5cfc95c5b8bd.xyz,/nfs/home/nshank3/lanthanide_dataset_builder/data/geometries/Tb/Tb_Z65_ox3_CN8_nlig2_nitrate_5cfc95c5b8bd.mol2,,-3170.7589353205867,ok,built (large_ligand_deep attempt 3),accepted,CCCCCCOP(=O)(O)OCCCCCC,CCCCCCOP(=O)(O)OCCCCCC,False,True,True,7,"O5,P2","53:O:2.07,55:O:2.09,51:O:2.15,9:O:2.20,7:O:2.30,52:P:2.67,8:P:2.81",2.8101998819797545,2.0710681414691736,False,ok
776127a45bd2,,64,Gd,3,CCCCCCCCCCCCN(CCCCCCCC)C(=O)COCC(=O)N(CCCCCCCC)CCCCCCCCCCCC,"[22, 24, 27]","[""O(amide_carbonyl)"", ""O(ether)"", ""O(amide_carbonyl)""]",3,9,3,water,water,0,/nfs/home/nshank3/lanthanide_dataset_builder/data/geometries/Gd/Gd_Z64_ox3_CN9_nlig3_water_776127a45bd2.xyz,/nfs/home/nshank3/lanthanide_dataset_builder/data/geometries/Gd/Gd_Z64_ox3_CN9_nlig3_water_776127a45bd2.mol2,,-12842.155042738292,ok,built (standard attempt 1),accepted,CCCCCCCCCCCCN(CCCCCCCC)C(=O)COCC(=O)N(CCCCCCCC)CCCCCCCCCCCC,CCCCCCCCCCCCN(CCCCCCCC)C(=O)COCC(=O)N(CCCCCCCC)CCCCCCCCCCCC,False,True,True,9,O9,"302:O:2.29,297:O:2.32,165:O:2.33,28:O:2.35,160:O:2.44,162:O:2.44,23:O:2.46,299:O:2.47,25:O:2.56",2.5604531189467257,2.2868443710985558,True,ok
9010e77066c0,,68,Er,3,CN(C(=O)c1cccc(C(=O)N(C)c2ccccc2)n1)c1ccccc1,"[3, 10, 19]","[""O(amide_carbonyl)"", ""O(amide_carbonyl)"", ""N(aromatic)""]",3,8,2,nitrate,nitrate,2,/nfs/home/nshank3/lanthanide_dataset_builder/data/geometries/Er/Er_Z68_ox3_CN8_nlig2_nitrate_9010e77066c0.xyz,/nfs/home/nshank3/lanthanide_dataset_builder/data/geometries/Er/Er_Z68_ox3_CN8_nlig2_nitrate_9010e77066c0.mol2,,-4318.018192899347,ok,built (standard attempt 1),accepted,CN(C(=O)c1cccc(C(=O)N(C)c2ccccc2)n1)c1ccccc1,CN(C(=O)c1cccc(C(=O)N(C)c2ccccc2)n1)c1ccccc1,False,True,True,9,"N3,O6","93:O:2.12,56:O:2.15,94:O:2.18,11:O:2.23,49:O:2.26,65:N:2.34,4:O:2.40,91:N:2.52,20:N:2.53",2.5251143389461377,2.120442873790153,False,ok
cae25950ae7e,,57,La,3,CCCCCCCCN(CCCCCCCC)C(=O)c1ccc2ccc3ccc(C(=O)N(CCCCCCCC)CCCCCCCC)nc3c2n1,"[18, 30, 48, 51]","[""O(amide_carbonyl)"", ""O(amide_carbonyl)"", ""N(aromatic)"", ""N(aromatic)""]",4,9,2,nitrate,nitrate,1,/nfs/home/nshank3/lanthanide_dataset_builder/data/geometries/La/La_Z57_ox3_CN9_nlig2_nitrate_cae25950ae7e.xyz,/nfs/home/nshank3/lanthanide_dataset_builder/data/geometries/La/La_Z57_ox3_CN9_nlig2_nitrate_cae25950ae7e.mol2,,-8640.708625655065,ok,built (standard attempt 1),accepted,CCCCCCCCN(CCCCCCCC)C(=O)c1ccc2ccc3ccc(C(=O)N(CCCCCCCC)CCCCCCCC)nc3c2n1,CCCCCCCCN(CCCCCCCC)C(=O)c1ccc2ccc3ccc(C(=O)N(CCCCCCCC)CCCCCCCC)nc3c2n1,False,True,True,8,"N4,O4","175:N:2.43,178:N:2.45,49:N:2.47,52:N:2.49,157:O:2.56,19:O:2.59,145:O:2.59,31:O:2.61",2.6052852770761237,2.4319163606251784,False,ok
2cd2f8a48ec8,,58,Ce,3,CCCCCCCCN(CCCCCCCC)C(=O)c1ccc2ccc3ccc(C(=O)N(CCCCCCCC)CCCCCCCC)nc3c2n1,"[18, 30, 48, 51]","[""O(amide_carbonyl)"", ""O(amide_carbonyl)"", ""N(aromatic)"", ""N(aromatic)""]",4,9,2,water,water,1,/nfs/home/nshank3/lanthanide_dataset_builder/data/geometries/Ce/Ce_Z58_ox3_CN9_nlig2_water_2cd2f8a48ec8.xyz,/nfs/home/nshank3/lanthanide_dataset_builder/data/geometries/Ce/Ce_Z58_ox3_CN9_nlig2_water_2cd2f8a48ec8.mol2,,-8641.472604678034,ok,built (standard attempt 1),accepted,CCCCCCCCN(CCCCCCCC)C(=O)c1ccc2ccc3ccc(C(=O)N(CCCCCCCC)CCCCCCCC)nc3c2n1,CCCCCCCCN(CCCCCCCC)C(=O)c1ccc2ccc3ccc(C(=O)N(CCCCCCCC)CCCCCCCC)nc3c2n1,False,True,True,9,"N4,O5","31:O:2.28,145:O:2.33,49:N:2.40,157:O:2.40,19:O:2.41,175:N:2.41,178:N:2.44,52:N:2.45,253:O:2.77",2.766159537706711,2.2849595318639113,True,ok
0805b1f429c5,,71,Lu,3,CN(C(=O)CC(=O)N(C)c1ccccc1)c1ccccc1,"[3, 6]","[""O(amide_carbonyl)"", ""O(amide_carbonyl)""]",2,8,4,nitrate,nitrate,0,/nfs/home/nshank3/lanthanide_dataset_builder/data/geometries/Lu/Lu_Z71_ox3_CN8_nlig4_nitrate_0805b1f429c5.xyz,/nfs/home/nshank3/lanthanide_dataset_builder/data/geometries/Lu/Lu_Z71_ox3_CN8_nlig4_nitrate_0805b1f429c5.mol2,,-6486.421512162941,ok,built (standard attempt 1),accepted,CN(C(=O)CC(=O)N(C)c1ccccc1)c1ccccc1,CN(C(=O)CC(=O)N(C)c1ccccc1)c1ccccc1,False,True,True,8,O8,"85:O:2.27,4:O:2.38,82:O:2.42,124:O:2.48,121:O:2.50,7:O:2.51,43:O:2.52,46:O:2.54",2.5449930609840306,2.2702799917875414,True,ok
f8e1f196a8a6,,57,La,3,CCCCCCCCN(C)C(=O)C(CCOCCCCCC)C(=O)N(C)CCCCCCCC,"[11, 15, 23]","[""O(amide_carbonyl)"", ""O(ether)"", ""O(amide_carbonyl)""]",3,9,3,nitrate,nitrate,0,/nfs/home/nshank3/lanthanide_dataset_builder/data/geometries/La/La_Z57_ox3_CN9_nlig3_nitrate_f8e1f196a8a6.xyz,/nfs/home/nshank3/lanthanide_dataset_builder/data/geometries/La/La_Z57_ox3_CN9_nlig3_nitrate_f8e1f196a8a6.mol2,,-8968.140604431996,ok,built (standard attempt 2),accepted,CCCCCCCCN(C)C(=O)C(CCOCCCCCC)C(=O)N(C)CCCCCCCC,CCCCCCCCN(C)C(=O)C(CCOCCCCCC)C(=O)N(C)CCCCCCCC,False,True,True,9,O9,"116:O:2.32,104:O:2.37,196:O:2.43,12:O:2.49,108:O:2.63,24:O:2.75,208:O:2.75,16:O:2.80,200:O:2.84",2.8385547735995877,2.3249657701110857,True,ok
7e009e5eb031,,70,Yb,3,CCN(C(=O)c1cccc(-c2cccc(C(=O)N(CC)c3ccc(C)cc3C)n2)n1)c1ccc(C)cc1C,"[4, 16, 28, 29]","[""O(amide_carbonyl)"", ""O(amide_carbonyl)"", ""N(aromatic)"", ""N(aromatic)""]",4,8,2,nitrate,nitrate,0,/nfs/home/nshank3/lanthanide_dataset_builder/data/geometries/Yb/Yb_Z70_ox3_CN8_nlig2_nitrate_7e009e5eb031.xyz,/nfs/home/nshank3/lanthanide_dataset_builder/data/geometries/Yb/Yb_Z70_ox3_CN8_nlig2_nitrate_7e009e5eb031.mol2,,-5755.668278522581,ok,built (standard attempt 1),accepted,CCN(C(=O)c1cccc(-c2cccc(C(=O)N(CC)c3ccc(C)cc3C)n2)n1)c1ccc(C)cc1C,CCN(C(=O)c1cccc(-c2cccc(C(=O)N(CC)c3ccc(C)cc3C)n2)n1)c1ccc(C)cc1C,False,True,True,8,"N4,O4","89:O:2.13,77:O:2.15,5:O:2.27,101:N:2.28,102:N:2.29,30:N:2.30,29:N:2.33,17:O:2.38",2.3791286293282052,2.1339327861678146,True,ok
fbc895642171,,58,Ce,3,CCN(C(=O)c1cccc(-c2cccc(C(=O)N(CC)c3cc(C)cc(C)c3)n2)n1)c1cc(C)cc(C)c1,"[4, 16, 28, 29]","[""O(amide_carbonyl)"", ""O(amide_carbonyl)"", ""N(aromatic)"", ""N(aromatic)""]",4,9,2,nitrate,nitrate,1,/nfs/home/nshank3/lanthanide_dataset_builder/data/geometries/Ce/Ce_Z58_ox3_CN9_nlig2_nitrate_fbc895642171.xyz,/nfs/home/nshank3/lanthanide_dataset_builder/data/geometries/Ce/Ce_Z58_ox3_CN9_nlig2_nitrate_fbc895642171.mol2,,-5895.768476070989,ok,built (standard attempt 1),accepted,CCN(C(=O)c1cccc(-c2cccc(C(=O)N(CC)c3cc(C)cc(C)c3)n2)n1)c1cc(C)cc(C)c1,CCN(C(=O)c1cccc(-c2cccc(C(=O)N(CC)c3cc(C)cc(C)c3)n2)n1)c1cc(C)cc(C)c1,False,True,True,9,"N4,O5","101:N:2.34,89:O:2.35,17:O:2.35,29:N:2.36,5:O:2.36,77:O:2.37,30:N:2.40,102:N:2.41,145:O:2.84",2.838667440948559,2.337973867201379,True,ok
04213303955f,,62,Sm,3,CCN(C(=O)c1cccc(-c2cccc(C(=O)N(CC)c3ccccc3)n2)n1)c1ccccc1,"[4, 16, 26, 27]","[""O(amide_carbonyl)"", ""O(amide_carbonyl)"", ""N(aromatic)"", ""N(aromatic)""]",4,9,2,nitrate,nitrate,1,/nfs/home/nshank3/lanthanide_dataset_builder/data/geometries/Sm/Sm_Z62_ox3_CN9_nlig2_nitrate_04213303955f.xyz,/nfs/home/nshank3/lanthanide_dataset_builder/data/geometries/Sm/Sm_Z62_ox3_CN9_nlig2_nitrate_04213303955f.mol2,,-5204.706740668845,ok,built (standard attempt 1),accepted,CCN(C(=O)c1cccc(-c2cccc(C(=O)N(CC)c3ccccc3)n2)n1)c1ccccc1,CCN(C(=O)c1cccc(-c2cccc(C(=O)N(CC)c3ccccc3)n2)n1)c1ccccc1,False,True,True,9,"N4,O5","5:O:2.28,65:O:2.30,87:N:2.31,17:O:2.31,28:N:2.32,27:N:2.34,88:N:2.36,77:O:2.37,121:O:2.89",2.888815047485571,2.283477798226988,True,ok
f1e43bcd041d,,62,Sm,3,CCN(C(=O)c1cccc(-c2cccc(C(=O)N(CC)c3cc(C)ccc3C)n2)n1)c1cc(C)ccc1C,"[4, 16, 28, 29]","[""O(amide_carbonyl)"", ""O(amide_carbonyl)"", ""N(aromatic)"", ""N(aromatic)""]",4,9,2,nitrate,nitrate,1,/nfs/home/nshank3/lanthanide_dataset_builder/data/geometries/Sm/Sm_Z62_ox3_CN9_nlig2_nitrate_f1e43bcd041d.xyz,/nfs/home/nshank3/lanthanide_dataset_builder/data/geometries/Sm/Sm_Z62_ox3_CN9_nlig2_nitrate_f1e43bcd041d.mol2,,-5895.387667103709,ok,built (standard attempt 1),accepted,CCN(C(=O)c1cccc(-c2cccc(C(=O)N(CC)c3cc(C)ccc3C)n2)n1)c1cc(C)ccc1C,CCN(C(=O)c1cccc(-c2cccc(C(=O)N(CC)c3cc(C)ccc3C)n2)n1)c1cc(C)ccc1C,False,True,True,9,"N4,O5","89:O:2.25,77:O:2.28,5:O:2.28,101:N:2.35,30:N:2.36,102:N:2.39,29:N:2.45,17:O:2.45,145:O:3.07",3.067751093569621,2.247859536951681,True,ok
466343586002,,57,La,3,CCCCCCCCN(C(=O)c1ccc2ccc3cccnc3c2n1)c1ccc(C)cc1,"[10, 21, 24]","[""O(amide_carbonyl)"", ""N(aromatic)"", ""N(aromatic)""]",3,9,3,nitrate,nitrate,0,/nfs/home/nshank3/lanthanide_dataset_builder/data/geometries/La/La_Z57_ox3_CN9_nlig3_nitrate_466343586002.xyz,/nfs/home/nshank3/lanthanide_dataset_builder/data/geometries/La/La_Z57_ox3_CN9_nlig3_nitrate_466343586002.mol2,,-7241.15466018476,ok,built (standard attempt 1),accepted,CCCCCCCCN(C(=O)c1ccc2ccc3cccnc3c2n1)c1ccc(C)cc1,CCCCCCCCN(C(=O)c1ccc2ccc3cccnc3c2n1)c1ccc(C)cc1,False,True,True,9,"N6,O3","74:O:2.33,137:O:2.38,88:N:2.47,22:N:2.54,25:N:2.64,151:N:2.67,11:O:2.73,148:N:2.73,85:N:2.77",2.76971290247,2.331748128709384,True,ok
720a392ef0d0,,71,Lu,3,CCc1ccc(N(CC)C(=O)c2ccc3ccc4ccc(C(=O)N(CC)c5ccc(CC)cc5)nc4c3n2)cc1,"[10, 22, 34, 37]","[""O(amide_carbonyl)"", ""O(amide_carbonyl)"", ""N(aromatic)"", ""N(aromatic)""]",4,8,2,nitrate,nitrate,0,/nfs/home/nshank3/lanthanide_dataset_builder/data/geometries/Lu/Lu_Z71_ox3_CN8_nlig2_nitrate_720a392ef0d0.xyz,/nfs/home/nshank3/lanthanide_dataset_builder/data/geometries/Lu/Lu_Z71_ox3_CN8_nlig2_nitrate_720a392ef0d0.mol2,,-5988.256444901699,ok,built (standard attempt 1),accepted,CCc1ccc(N(CC)C(=O)c2ccc3ccc4ccc(C(=O)N(CC)c5ccc(CC)cc5)nc4c3n2)cc1,CCc1ccc(N(CC)C(=O)c2ccc3ccc4ccc(C(=O)N(CC)c5ccc(CC)cc5)nc4c3n2)cc1,False,True,True,8,"N4,O4","23:O:2.20,35:N:2.25,11:O:2.27,85:O:2.27,109:N:2.29,112:N:2.31,38:N:2.34,97:O:2.38",2.3825536101316844,2.1957390443088824,True,ok
753e733fcdc6,,60,Nd,3,CCCCN(CCCC)C(=O)c1ccc2ccc3ccc(C(=O)N(CCCC)CCCC)nc3c2n1,"[10, 22, 32, 35]","[""O(amide_carbonyl)"", ""O(amide_carbonyl)"", ""N(aromatic)"", ""N(aromatic)""]",4,9,2,nitrate,nitrate,1,/nfs/home/nshank3/lanthanide_dataset_builder/data/geometries/Nd/Nd_Z60_ox3_CN9_nlig2_nitrate_753e733fcdc6.xyz,/nfs/home/nshank3/lanthanide_dataset_builder/data/geometries/Nd/Nd_Z60_ox3_CN9_nlig2_nitrate_753e733fcdc6.mol2,,-5886.268441324618,ok,built (standard attempt 1),accepted,CCCCN(CCCC)C(=O)c1ccc2ccc3ccc(C(=O)N(CCCC)CCCC)nc3c2n1,CCCCN(CCCC)C(=O)c1ccc2ccc3ccc(C(=O)N(CCCC)CCCC)nc3c2n1,False,True,True,9,"N4,O5","23:O:2.31,11:O:2.34,101:O:2.36,33:N:2.41,36:N:2.41,114:N:2.42,111:N:2.42,89:O:2.45,157:O:2.89",2.8863967023084536,2.3058460517104282,True,ok
1bd312352a39,,59,Pr,3,O=C(O)CN(CC(=O)O)C1CCCCC1N(CC(=O)O)CC(=O)O,"[0, 2, 4, 7, 8, 15, 18, 19]","[""O(ester_carbonyl)"", ""O(hydroxyl)"", ""N(amine)"", ""O(ester_carbonyl)"", ""O(hydroxyl)"", ""N(amine)"", ""O(ester_carbonyl)"", ""O(hydroxyl)""]",8,9,1,nitrate,nitrate,1,/nfs/home/nshank3/lanthanide_dataset_builder/data/geometries/Pr/Pr_Z59_ox3_CN9_nlig1_nitrate_1bd312352a39.xyz,/nfs/home/nshank3/lanthanide_dataset_builder/data/geometries/Pr/Pr_Z59_ox3_CN9_nlig1_nitrate_1bd312352a39.mol2,,-2299.843126107895,ok,built (standard attempt 1),accepted,O=C(O)CN(CC(=O)O)C1CCCCC1N(CC(=O)O)CC(=O)O,O=C(O)CN(CC(=O)O)C1CCCCC1N(CC(=O)O)CC(=O)O,False,True,True,7,"N2,O5","8:O:2.15,23:O:2.24,1:O:2.26,19:O:2.28,47:O:2.34,5:N:2.67,16:N:2.78",2.7758676300650533,2.1454675286800966,False,ok
4ee87201c25b,,60,Nd,3,CCN(C(=O)c1cccc(C(=O)N(CC)c2ccccc2C)n1)c1ccccc1C,"[4, 11, 22]","[""O(amide_carbonyl)"", ""O(amide_carbonyl)"", ""N(aromatic)""]",3,9,3,nitrate,nitrate,0,/nfs/home/nshank3/lanthanide_dataset_builder/data/geometries/Nd/Nd_Z60_ox3_CN9_nlig3_nitrate_4ee87201c25b.xyz,/nfs/home/nshank3/lanthanide_dataset_builder/data/geometries/Nd/Nd_Z60_ox3_CN9_nlig3_nitrate_4ee87201c25b.mol2,,-6881.497315373252,ok,built (standard attempt 1),accepted,CCN(C(=O)c1cccc(C(=O)N(CC)c2ccccc2C)n1)c1ccccc1C,CCN(C(=O)c1cccc(C(=O)N(CC)c2ccccc2C)n1)c1ccccc1C,False,True,True,9,"N3,O6","62:O:2.25,69:O:2.27,119:O:2.30,126:O:2.30,12:O:2.32,5:O:2.32,23:N:2.50,80:N:2.52,137:N:2.57",2.5693563954018113,2.252184651771725,True,ok
45780af8ed77,,59,Pr,3,CCN(C(=O)c1cccc(C(=O)N(CC)c2cccc(C)c2)n1)c1cccc(C)c1,"[4, 11, 22]","[""O(amide_carbonyl)"", ""O(amide_carbonyl)"", ""N(aromatic)""]",3,9,3,nitrate,nitrate,0,/nfs/home/nshank3/lanthanide_dataset_builder/data/geometries/Pr/Pr_Z59_ox3_CN9_nlig3_nitrate_45780af8ed77.xyz,/nfs/home/nshank3/lanthanide_dataset_builder/data/geometries/Pr/Pr_Z59_ox3_CN9_nlig3_nitrate_45780af8ed77.mol2,,-6881.370014251458,ok,built (standard attempt 1),accepted,CCN(C(=O)c1cccc(C(=O)N(CC)c2cccc(C)c2)n1)c1cccc(C)c1,CCN(C(=O)c1cccc(C(=O)N(CC)c2cccc(C)c2)n1)c1cccc(C)c1,False,True,True,9,"N3,O6","69:O:2.21,126:O:2.25,119:O:2.29,62:O:2.31,5:O:2.31,12:O:2.36,80:N:2.41,137:N:2.44,23:N:2.56",2.561839543716168,2.208971111758384,True,ok
082fdc884936,,69,Tm,3,CCCCCCc1ccc(N(CC)C(=O)c2cccc(-c3cccc(C(=O)N(CC)c4ccc(CCCCCC)cc4)n3)n2)cc1,"[14, 26, 42, 43]","[""O(amide_carbonyl)"", ""O(amide_carbonyl)"", ""N(aromatic)"", ""N(aromatic)""]",4,8,2,nitrate,nitrate,0,/nfs/home/nshank3/lanthanide_dataset_builder/data/geometries/Tm/Tm_Z69_ox3_CN8_nlig2_nitrate_082fdc884936.xyz,/nfs/home/nshank3/lanthanide_dataset_builder/data/geometries/Tm/Tm_Z69_ox3_CN8_nlig2_nitrate_082fdc884936.mol2,,-7132.941720210251,ok,built (standard attempt 1),accepted,CCCCCCc1ccc(N(CC)C(=O)c2cccc(-c3cccc(C(=O)N(CC)c4ccc(CCCCCC)cc4)n3)n2)cc1,CCCCCCc1ccc(N(CC)C(=O)c2cccc(-c3cccc(C(=O)N(CC)c4ccc(CCCCCC)cc4)n3)n2)cc1,False,True,True,8,"N4,O4","123:O:2.12,27:O:2.14,111:O:2.17,15:O:2.17,43:N:2.38,139:N:2.38,140:N:2.40,44:N:2.41",2.4086795957732132,2.115530929022611,True,ok
adc6081d21be,,64,Gd,3,CCCCCCCCN(C)C(=O)COCC(=O)N(C)CCCCCCCC,"[11, 13, 16]","[""O(amide_carbonyl)"", ""O(ether)"", ""O(amide_carbonyl)""]",3,9,3,nitrate,nitrate,0,/nfs/home/nshank3/lanthanide_dataset_builder/data/geometries/Gd/Gd_Z64_ox3_CN9_nlig3_nitrate_adc6081d21be.xyz,/nfs/home/nshank3/lanthanide_dataset_builder/data/geometries/Gd/Gd_Z64_ox3_CN9_nlig3_nitrate_adc6081d21be.mol2,,-7158.384312860274,ok,built (standard attempt 1),accepted,CCCCCCCCN(C)C(=O)COCC(=O)N(C)CCCCCCCC,CCCCCCCCN(C)C(=O)COCC(=O)N(C)CCCCCCCC,False,True,True,9,O9,"88:O:2.24,17:O:2.31,154:O:2.31,83:O:2.33,12:O:2.37,159:O:2.45,14:O:2.59,85:O:2.65,156:O:2.89",2.8891416495647344,2.2437676786583163,True,ok
41cf78d27638,,60,Nd,3,CCCCCCCCP(=O)(CC(=O)N(CC(C)C)CC(C)C)c1ccccc1,"[9, 12]","[""O(ether)"", ""O(amide_carbonyl)""]",2,9,4,nitrate,nitrate,1,/nfs/home/nshank3/lanthanide_dataset_builder/data/geometries/Nd/Nd_Z60_ox3_CN9_nlig4_nitrate_41cf78d27638.xyz,/nfs/home/nshank3/lanthanide_dataset_builder/data/geometries/Nd/Nd_Z60_ox3_CN9_nlig4_nitrate_41cf78d27638.mol2,,-9556.383221748723,ok,built (standard attempt 1),accepted,CCCCCCCCP(=O)(CC(=O)N(CC(C)C)CC(C)C)c1ccccc1,CCCCCCCCP(=O)(CC(=O)N(CC(C)C)CC(C)C)c1ccccc1,False,True,True,9,O9,"10:O:2.29,223:O:2.39,80:O:2.50,13:O:2.51,281:O:2.54,150:O:2.56,220:O:2.56,83:O:2.58,153:O:2.78",2.778423144906385,2.290204782423481,True,ok
4a8982e90a94,,57,La,3,CCCCCCCCN(CCCCCCCC)C(=O)CC(=O)N(CCCCCCCC)CCCCCCCC,"[18, 21]","[""O(amide_carbonyl)"", ""O(amide_carbonyl)""]",2,9,4,nitrate,nitrate,1,/nfs/home/nshank3/lanthanide_dataset_builder/data/geometries/La/La_Z57_ox3_CN9_nlig4_nitrate_4a8982e90a94.xyz,/nfs/home/nshank3/lanthanide_dataset_builder/data/geometries/La/La_Z57_ox3_CN9_nlig4_nitrate_4a8982e90a94.mol2,,-13720.91121831746,ok,built (standard attempt 1),accepted,CCCCCCCCN(CCCCCCCC)C(=O)CC(=O)N(CCCCCCCC)CCCCCCCC,CCCCCCCCN(CCCCCCCC)C(=O)CC(=O)N(CCCCCCCC)CCCCCCCC,False,True,True,7,O7,"128:O:2.33,237:O:2.37,131:O:2.39,240:O:2.54,349:O:2.60,437:O:2.65,19:O:2.88",2.8787566669297746,2.3294649049643663,False,ok
9f9884fbdcc6,,60,Nd,3,CCCCCCCCN(CCCCCCCC)C(=O)CC(=O)N(CCCCCCCC)CCCCCCCC,"[18, 21]","[""O(amide_carbonyl)"", ""O(amide_carbonyl)""]",2,9,4,nitrate,nitrate,1,/nfs/home/nshank3/lanthanide_dataset_builder/data/geometries/Nd/Nd_Z60_ox3_CN9_nlig4_nitrate_9f9884fbdcc6.xyz,/nfs/home/nshank3/lanthanide_dataset_builder/data/geometries/Nd/Nd_Z60_ox3_CN9_nlig4_nitrate_9f9884fbdcc6.mol2,,-13716.368764539407,ok,built (standard attempt 1),accepted,CCCCCCCCN(CCCCCCCC)C(=O)CC(=O)N(CCCCCCCC)CCCCCCCC,CCCCCCCCN(CCCCCCCC)C(=O)CC(=O)N(CCCCCCCC)CCCCCCCC,False,True,True,9,O9,"346:O:2.44,237:O:2.45,22:O:2.47,128:O:2.48,437:O:2.51,349:O:2.66,131:O:2.75,240:O:3.15,19:O:3.16",3.159943793007274,2.440994837540363,True,ok
54b5f1e8c33a,,59,Pr,3,CCCCCCCCN(C)C(=O)C(CCCCCC)C(=O)N(C)CCCCCCCC,"[11, 20]","[""O(amide_carbonyl)"", ""O(amide_carbonyl)""]",2,9,4,nitrate,nitrate,1,/nfs/home/nshank3/lanthanide_dataset_builder/data/geometries/Pr/Pr_Z59_ox3_CN9_nlig4_nitrate_54b5f1e8c33a.xyz,/nfs/home/nshank3/lanthanide_dataset_builder/data/geometries/Pr/Pr_Z59_ox3_CN9_nlig4_nitrate_54b5f1e8c33a.mol2,,-10964.417007273476,ok,built (standard attempt 2),accepted,CCCCCCCCN(C)C(=O)C(CCCCCC)C(=O)N(C)CCCCCCCC,CCCCCCCCN(C)C(=O)C(CCCCCC)C(=O)N(C)CCCCCCCC,False,True,True,9,O9,"106:O:2.22,12:O:2.35,341:O:2.51,267:O:2.52,182:O:2.61,276:O:2.65,191:O:2.77,97:O:2.80,21:O:2.85",2.846804253826204,2.224521666338509,True,ok
47584ae7b3f1,,69,Tm,3,CC1(C)CCC(C)(C)c2nc(-c3cccc(-c4cccc(-c5nnc6c(n5)C(C)(C)CCC6(C)C)n4)n3)nnc21,"[9, 22, 23, 26, 35, 36, 37, 38]","[""N(aromatic)"", ""N(aromatic)"", ""N(aromatic)"", ""N(aromatic)"", ""N(aromatic)"", ""N(aromatic)"", ""N(aromatic)"", ""N(aromatic)""]",8,8,1,nitrate,nitrate,0,/nfs/home/nshank3/lanthanide_dataset_builder/data/geometries/Tm/Tm_Z69_ox3_CN8_nlig1_nitrate_47584ae7b3f1.xyz,/nfs/home/nshank3/lanthanide_dataset_builder/data/geometries/Tm/Tm_Z69_ox3_CN8_nlig1_nitrate_47584ae7b3f1.mol2,,-3019.352275637766,ok,built (standard attempt 1),accepted,CC1(C)CCC(C)(C)c2nc(-c3cccc(-c4cccc(-c5nnc6c(n5)C(C)(C)CCC6(C)C)n4)n3)nnc21,CC1(C)CCC(C)(C)c2nc(-c3cccc(-c4cccc(-c5nnc6c(n5)C(C)(C)CCC6(C)C)n4)n3)nnc21,False,True,True,5,N5,"23:N:2.16,10:N:2.40,37:N:2.51,24:N:2.58,36:N:2.64",2.635288746344701,2.1587233872804434,False,ok
86fbc882ab62,,69,Tm,3,CCCCCCCCP(=O)(CC(=O)N(CC(C)C)CC(C)C)c1ccccc1,"[9, 12]","[""O(ether)"", ""O(amide_carbonyl)""]",2,8,4,nitrate,nitrate,0,/nfs/home/nshank3/lanthanide_dataset_builder/data/geometries/Tm/Tm_Z69_ox3_CN8_nlig4_nitrate_86fbc882ab62.xyz,/nfs/home/nshank3/lanthanide_dataset_builder/data/geometries/Tm/Tm_Z69_ox3_CN8_nlig4_nitrate_86fbc882ab62.mol2,,-9416.264871301051,ok,built (standard attempt 1),accepted,CCCCCCCCP(=O)(CC(=O)N(CC(C)C)CC(C)C)c1ccccc1,CCCCCCCCP(=O)(CC(=O)N(CC(C)C)CC(C)C)c1ccccc1,False,True,True,8,O8,"150:O:2.18,220:O:2.25,10:O:2.32,80:O:2.43,13:O:2.43,153:O:2.58,83:O:2.78,223:O:2.92",2.9163419417826875,2.1753970384237133,True,ok
4d984cc3fa59,,63,Eu,3,CCCCCCN(CCC(C)CCC=C(C)C)C(=O)COCC(=O)N(CCCCCC)CCC(C)CCC=C(C)C,"[18, 20, 23]","[""O(amide_carbonyl)"", ""O(ether)"", ""O(amide_carbonyl)""]",3,9,3,water,water,0,/nfs/home/nshank3/lanthanide_dataset_builder/data/geometries/Eu/Eu_Z63_ox3_CN9_nlig3_water_4d984cc3fa59.xyz,/nfs/home/nshank3/lanthanide_dataset_builder/data/geometries/Eu/Eu_Z63_ox3_CN9_nlig3_water_4d984cc3fa59.mol2,,-10604.430917907932,ok,built (standard attempt 1),accepted,CCCCCCN(CCC(C)CCC=C(C)C)C(=O)COCC(=O)N(CCCCCC)CCC(C)CCC=C(C)C,CCCCCCN(CCC(C)CCC=C(C)C)C(=O)COCC(=O)N(CCCCCC)CCC(C)CCC=C(C)C,False,True,True,9,O9,"237:O:2.17,128:O:2.28,19:O:2.29,24:O:2.41,21:O:2.50,242:O:2.61,130:O:2.66,239:O:2.67,133:O:2.93",2.931066457132362,2.173567504392933,True,ok
3422077ed716,,66,Dy,3,CCCCCCCCCCCCN(CCCCCCCCCCCC)C(=O)COC1CCCN(CCCCCC)C1=O,"[26, 28, 41]","[""O(amide_carbonyl)"", ""O(ether)"", ""O(amide_carbonyl)""]",3,8,2,nitrate,nitrate,2,/nfs/home/nshank3/lanthanide_dataset_builder/data/geometries/Dy/Dy_Z66_ox3_CN8_nlig2_nitrate_3422077ed716.xyz,/nfs/home/nshank3/lanthanide_dataset_builder/data/geometries/Dy/Dy_Z66_ox3_CN8_nlig2_nitrate_3422077ed716.mol2,,-7722.875882999064,ok,built (standard attempt 1),accepted,CCCCCCCCCCCCN(CCCCCCCCCCCC)C(=O)COC1CCCN(CCCCCC)C1=O,CCCCCCCCCCCCN(CCCCCCCCCCCC)C(=O)COC1CCCN(CCCCCC)C1=O,False,True,True,9,"N1,O8","232:O:2.07,231:O:2.15,141:O:2.23,27:O:2.27,229:N:2.36,42:O:2.37,156:O:2.40,29:O:2.61,143:O:3.12",3.1225561090456186,2.068669407610849,False,ok
29d75ee7f8b2,,65,Tb,3,CCCCCCN(CCC(C)CCCC(C)C)C(=O)COCC(=O)N(CCCCCC)CCC(C)CCCC(C)C,"[18, 20, 23]","[""O(amide_carbonyl)"", ""O(ether)"", ""O(amide_carbonyl)""]",3,8,2,water,water,2,/nfs/home/nshank3/lanthanide_dataset_builder/data/geometries/Tb/Tb_Z65_ox3_CN8_nlig2_water_29d75ee7f8b2.xyz,/nfs/home/nshank3/lanthanide_dataset_builder/data/geometries/Tb/Tb_Z65_ox3_CN8_nlig2_water_29d75ee7f8b2.mol2,,-7457.991187600426,ok,built (standard attempt 1),accepted,CCCCCCN(CCC(C)CCCC(C)C)C(=O)COCC(=O)N(CCCCCC)CCC(C)CCCC(C)C,CCCCCCN(CCC(C)CCCC(C)C)C(=O)COCC(=O)N(CCCCCC)CCC(C)CCCC(C)C,False,True,True,8,O8,"132:O:2.20,19:O:2.25,137:O:2.32,24:O:2.35,227:O:2.52,134:O:2.54,21:O:2.59,230:O:2.71",2.708820605167432,2.1982579759524996,True,ok
823ce0596fcf,,58,Ce,3,CCCCCCCCP(=O)(CCCCCCCC)Cc1cccc(CP(=O)(CCCCCCCC)CCCCCCCC)[n+]1[O-],"[9, 26, 44]","[""O(ether)"", ""O(ether)"", ""O(ether)""]",3,9,3,nitrate,nitrate,0,/nfs/home/nshank3/lanthanide_dataset_builder/data/geometries/Ce/Ce_Z58_ox3_CN9_nlig3_nitrate_823ce0596fcf.xyz,/nfs/home/nshank3/lanthanide_dataset_builder/data/geometries/Ce/Ce_Z58_ox3_CN9_nlig3_nitrate_823ce0596fcf.mol2,,-11602.352118739243,ok,built (standard attempt 1),accepted,CCCCCCCCP(=O)(CCCCCCCC)Cc1cccc(CP(=O)(CCCCCCCC)CCCCCCCC)[n+]1[O-],CCCCCCCCP(=O)(CCCCCCCC)Cc1cccc(CP(=O)(CCCCCCCC)CCCCCCCC)[n+]1[O-],False,True,True,9,O9,"165:O:2.16,45:O:2.20,27:O:2.40,147:O:2.53,130:O:2.55,267:O:2.56,285:O:2.57,250:O:2.63,10:O:3.09",3.0942718934387465,2.159374528508717,True,ok
88362553f959,,58,Ce,3,CCCCCCCCP(=O)(CCCCCCCC)Cc1cccc(CP(=O)(CCCCCCCC)CCCCCCCC)[n+]1[O-],"[9, 26, 44]","[""O(ether)"", ""O(ether)"", ""O(ether)""]",3,9,3,water,water,0,/nfs/home/nshank3/lanthanide_dataset_builder/data/geometries/Ce/Ce_Z58_ox3_CN9_nlig3_water_88362553f959.xyz,/nfs/home/nshank3/lanthanide_dataset_builder/data/geometries/Ce/Ce_Z58_ox3_CN9_nlig3_water_88362553f959.mol2,,-11601.900933490744,ok,built (standard attempt 1),accepted,CCCCCCCCP(=O)(CCCCCCCC)Cc1cccc(CP(=O)(CCCCCCCC)CCCCCCCC)[n+]1[O-],CCCCCCCCP(=O)(CCCCCCCC)Cc1cccc(CP(=O)(CCCCCCCC)CCCCCCCC)[n+]1[O-],False,True,True,8,O8,"165:O:2.31,267:O:2.34,285:O:2.54,45:O:2.61,250:O:2.65,147:O:2.74,27:O:2.88,130:O:3.10",3.1014281290710377,2.31412018818701,False,ok
9a0b2ab62928,,67,Ho,3,CCCCCCCCN(CCCCCCCC)C(=O)COCC(=O)N(CCCCCCCC)CCCCCCCC,"[18, 20, 23]","[""O(amide_carbonyl)"", ""O(ether)"", ""O(amide_carbonyl)""]",3,8,2,nitrate,nitrate,2,/nfs/home/nshank3/lanthanide_dataset_builder/data/geometries/Ho/Ho_Z67_ox3_CN8_nlig2_nitrate_9a0b2ab62928.xyz,/nfs/home/nshank3/lanthanide_dataset_builder/data/geometries/Ho/Ho_Z67_ox3_CN8_nlig2_nitrate_9a0b2ab62928.mol2,,-7605.023058468951,ok,built (standard attempt 1),accepted,CCCCCCCCN(CCCCCCCC)C(=O)COCC(=O)N(CCCCCCCC)CCCCCCCC,CCCCCCCCN(CCCCCCCC)C(=O)COCC(=O)N(CCCCCCCC)CCCCCCCC,False,True,True,9,"N1,O8","230:O:2.08,137:O:2.19,229:O:2.20,24:O:2.21,132:O:2.24,227:N:2.41,19:O:2.49,134:O:2.55,21:O:2.68",2.6848945858965405,2.0752526244503753,False,ok
e15b249cea3d,,64,Gd,3,CCCCCCCCCCN(CCCCCCCCCC)C(=O)COCC(=O)N(CCCCCC)CCCCCC,"[22, 24, 27]","[""O(amide_carbonyl)"", ""O(ether)"", ""O(amide_carbonyl)""]",3,9,3,nitrate,nitrate,0,/nfs/home/nshank3/lanthanide_dataset_builder/data/geometries/Gd/Gd_Z64_ox3_CN9_nlig3_nitrate_e15b249cea3d.xyz,/nfs/home/nshank3/lanthanide_dataset_builder/data/geometries/Gd/Gd_Z64_ox3_CN9_nlig3_nitrate_e15b249cea3d.mol2,,-10774.338630184804,ok,built (standard attempt 2),accepted,CCCCCCCCCCN(CCCCCCCCCC)C(=O)COCC(=O)N(CCCCCC)CCCCCC,CCCCCCCCCCN(CCCCCCCCCC)C(=O)COCC(=O)N(CCCCCC)CCCCCC,False,True,True,9,O9,"141:O:2.27,23:O:2.33,28:O:2.34,249:O:2.38,254:O:2.54,136:O:2.56,251:O:2.73,25:O:2.82,138:O:2.94",2.9418584224932416,2.269756110702646,True,ok
ec6e02a60fef,,67,Ho,3,CCCCCCCCCCN(CCCCCCCCCC)C(=O)COCC(=O)N(CCCCCC)CCCCCC,"[22, 24, 27]","[""O(amide_carbonyl)"", ""O(ether)"", ""O(amide_carbonyl)""]",3,8,2,water,water,2,/nfs/home/nshank3/lanthanide_dataset_builder/data/geometries/Ho/Ho_Z67_ox3_CN8_nlig2_water_ec6e02a60fef.xyz,/nfs/home/nshank3/lanthanide_dataset_builder/data/geometries/Ho/Ho_Z67_ox3_CN8_nlig2_water_ec6e02a60fef.mol2,,-7458.357597049324,ok,built (standard attempt 1),accepted,CCCCCCCCCCN(CCCCCCCCCC)C(=O)COCC(=O)N(CCCCCC)CCCCCC,CCCCCCCCCCN(CCCCCCCCCC)C(=O)COCC(=O)N(CCCCCC)CCCCCC,False,True,True,8,O8,"136:O:2.22,23:O:2.22,141:O:2.28,28:O:2.34,227:O:2.42,230:O:2.45,25:O:2.60,138:O:2.66",2.657793058447975,2.216115987547138,True,ok
98f5735a8ce8,,70,Yb,3,CCN(CC)C(=O)COCC(=O)N(CC)CC,"[6, 8, 11]","[""O(amide_carbonyl)"", ""O(ether)"", ""O(amide_carbonyl)""]",3,8,2,nitrate,nitrate,2,/nfs/home/nshank3/lanthanide_dataset_builder/data/geometries/Yb/Yb_Z70_ox3_CN8_nlig2_nitrate_98f5735a8ce8.xyz,/nfs/home/nshank3/lanthanide_dataset_builder/data/geometries/Yb/Yb_Z70_ox3_CN8_nlig2_nitrate_98f5735a8ce8.mol2,,-3471.9198817566635,ok,built (standard attempt 1),accepted,CCN(CC)C(=O)COCC(=O)N(CC)CC,CCN(CC)C(=O)COCC(=O)N(CC)CC,False,True,True,9,"N1,O8","86:O:2.02,85:O:2.03,7:O:2.13,48:O:2.20,53:O:2.20,12:O:2.32,83:N:2.38,9:O:2.49,50:O:2.67",2.6668445377080876,2.0228272827614213,False,ok
02b82eed2591,,66,Dy,3,CCCCCCCCN(CCCCCCCC)C(=O)COCC(=O)N(CCCCCCCC)CCCCCCCC,"[18, 20, 23]","[""O(amide_carbonyl)"", ""O(ether)"", ""O(amide_carbonyl)""]",3,8,2,water,water,2,/nfs/home/nshank3/lanthanide_dataset_builder/data/geometries/Dy/Dy_Z66_ox3_CN8_nlig2_water_02b82eed2591.xyz,/nfs/home/nshank3/lanthanide_dataset_builder/data/geometries/Dy/Dy_Z66_ox3_CN8_nlig2_water_02b82eed2591.mol2,,-7457.3070791351265,ok,built (standard attempt 1),accepted,CCCCCCCCN(CCCCCCCC)C(=O)COCC(=O)N(CCCCCCCC)CCCCCCCC,CCCCCCCCN(CCCCCCCC)C(=O)COCC(=O)N(CCCCCCCC)CCCCCCCC,False,True,True,8,O8,"132:O:2.21,19:O:2.25,24:O:2.29,21:O:2.35,137:O:2.46,134:O:2.50,230:O:2.56,227:O:2.65",2.6471962340693587,2.208263115005249,True,ok
06ba812ae6ed,,69,Tm,3,CCCCCCCCN(CCCCCCCC)C(=O)COCCOCC(=O)N(CCCCCCCC)CCCCCCCC,"[18, 20, 23, 26]","[""O(amide_carbonyl)"", ""O(ether)"", ""O(ether)"", ""O(amide_carbonyl)""]",4,8,2,nitrate,nitrate,0,/nfs/home/nshank3/lanthanide_dataset_builder/data/geometries/Tm/Tm_Z69_ox3_CN8_nlig2_nitrate_06ba812ae6ed.xyz,/nfs/home/nshank3/lanthanide_dataset_builder/data/geometries/Tm/Tm_Z69_ox3_CN8_nlig2_nitrate_06ba812ae6ed.mol2,,-7745.987389865274,ok,built (standard attempt 1),accepted,CCCCCCCCN(CCCCCCCC)C(=O)COCCOCC(=O)N(CCCCCCCC)CCCCCCCC,CCCCCCCCN(CCCCCCCC)C(=O)COCCOCC(=O)N(CCCCCCCC)CCCCCCCC,False,True,True,8,O8,"19:O:2.10,139:O:2.28,141:O:2.33,147:O:2.41,27:O:2.42,21:O:2.49,24:O:2.55,144:O:2.58",2.5783133219463106,2.095537254145602,True,ok
4ff73e9a6d59,,60,Nd,3,CCCCCCCCN(CCCCCCCC)C(=O)[C@H](CCC)O[C@H](CCC)C(=O)N(CCCCCCCC)CCCCCCCC,"[18, 23, 29]","[""O(amide_carbonyl)"", ""O(ether)"", ""O(amide_carbonyl)""]",3,9,3,nitrate,nitrate,0,/nfs/home/nshank3/lanthanide_dataset_builder/data/geometries/Nd/Nd_Z60_ox3_CN9_nlig3_nitrate_4ff73e9a6d59.xyz,/nfs/home/nshank3/lanthanide_dataset_builder/data/geometries/Nd/Nd_Z60_ox3_CN9_nlig3_nitrate_4ff73e9a6d59.mol2,,-12326.72101075395,ok,built (standard attempt 1),accepted,CCCCCCCCN(CCCCCCCC)C(=O)[C@H](CCC)O[C@H](CCC)C(=O)N(CCCCCCCC)CCCCCCCC,CCCCCCCCN(CCCCCCCC)C(=O)[C@H](CCC)O[C@H](CCC)C(=O)N(CCCCCCCC)CCCCCCCC,False,True,True,9,O9,"30:O:2.19,161:O:2.24,150:O:2.28,281:O:2.39,19:O:2.54,292:O:2.62,286:O:2.73,155:O:2.73,24:O:2.74",2.7390204629636417,2.189571065295157,True,ok
f5dfe43c4b49,,64,Gd,3,CCCCCCCCN(CCCCCCCC)C(=O)[C@H](C)O[C@@H](CC)C(=O)N(CCCCCCCC)CCCCCCCC,"[18, 21, 26]","[""O(amide_carbonyl)"", ""O(ether)"", ""O(amide_carbonyl)""]",3,9,3,nitrate,nitrate,0,/nfs/home/nshank3/lanthanide_dataset_builder/data/geometries/Gd/Gd_Z64_ox3_CN9_nlig3_nitrate_f5dfe43c4b49.xyz,/nfs/home/nshank3/lanthanide_dataset_builder/data/geometries/Gd/Gd_Z64_ox3_CN9_nlig3_nitrate_f5dfe43c4b49.mol2,,-11550.329403731015,ok,built (standard attempt 1),accepted,CCCCCCCCN(CCCCCCCC)C(=O)[C@H](C)O[C@@H](CC)C(=O)N(CCCCCCCC)CCCCCCCC,CCCCCCCCN(CCCCCCCC)C(=O)[C@H](C)O[C@@H](CC)C(=O)N(CCCCCCCC)CCCCCCCC,False,True,True,9,O9,"149:O:2.36,19:O:2.38,141:O:2.38,271:O:2.46,263:O:2.49,266:O:2.68,27:O:2.71,144:O:2.75,22:O:2.88",2.875879202130889,2.3553889346062054,True,ok
54a18e48131d,,63,Eu,3,O=C(c1ccc2ccc3ccc(C(=O)N4CCCC4)nc3c2n1)N1CCCC1,"[0, 13, 19, 22]","[""O(amide_carbonyl)"", ""O(amide_carbonyl)"", ""N(aromatic)"", ""N(aromatic)""]",4,9,2,nitrate,nitrate,1,/nfs/home/nshank3/lanthanide_dataset_builder/data/geometries/Eu/Eu_Z63_ox3_CN9_nlig2_nitrate_54a18e48131d.xyz,/nfs/home/nshank3/lanthanide_dataset_builder/data/geometries/Eu/Eu_Z63_ox3_CN9_nlig2_nitrate_54a18e48131d.mol2,,-4398.161557213532,ok,built (standard attempt 1),accepted,O=C(c1ccc2ccc3ccc(C(=O)N4CCCC4)nc3c2n1)N1CCCC1,O=C(c1ccc2ccc3ccc(C(=O)N4CCCC4)nc3c2n1)N1CCCC1,False,True,True,9,"N4,O5","1:O:2.25,51:O:2.37,23:N:2.41,64:O:2.42,14:O:2.43,73:N:2.47,70:N:2.51,20:N:2.53,101:O:2.66",2.66182676517333,2.2517855041480432,True,ok
550111e74c0a,,63,Eu,3,O=C(c1cc(Cl)c2ccc3c(Cl)cc(C(=O)N4CCc5ccccc54)nc3c2n1)N1CCc2ccccc21,"[0, 15, 25, 28]","[""O(amide_carbonyl)"", ""O(amide_carbonyl)"", ""N(aromatic)"", ""N(aromatic)""]",4,9,2,nitrate,nitrate,1,/nfs/home/nshank3/lanthanide_dataset_builder/data/geometries/Eu/Eu_Z63_ox3_CN9_nlig2_nitrate_550111e74c0a.xyz,/nfs/home/nshank3/lanthanide_dataset_builder/data/geometries/Eu/Eu_Z63_ox3_CN9_nlig2_nitrate_550111e74c0a.mol2,,-5770.783800742768,ok,built (standard attempt 1),accepted,O=C(c1cc(Cl)c2ccc3c(Cl)cc(C(=O)N4CCc5ccccc54)nc3c2n1)N1CCc2ccccc21,O=C(c1cc(Cl)c2ccc3c(Cl)cc(C(=O)N4CCc5ccccc54)nc3c2n1)N1CCc2ccccc21,False,True,True,9,"N4,O5","1:O:2.28,29:N:2.42,59:O:2.45,16:O:2.47,87:N:2.48,74:O:2.51,84:N:2.53,26:N:2.57,117:O:2.65",2.6518735038474284,2.2845210312436786,True,ok
9ce84f078e7a,,68,Er,3,CC(C)CCCC(C)CCCCN(C)C(=O)COCC(=O)N(C)CCCCC(C)CCCC(C)C,"[15, 17, 20]","[""O(amide_carbonyl)"", ""O(ether)"", ""O(amide_carbonyl)""]",3,8,2,water,water,2,/nfs/home/nshank3/lanthanide_dataset_builder/data/geometries/Er/Er_Z68_ox3_CN8_nlig2_water_9ce84f078e7a.xyz,/nfs/home/nshank3/lanthanide_dataset_builder/data/geometries/Er/Er_Z68_ox3_CN8_nlig2_water_9ce84f078e7a.mol2,,-6423.46648625693,ok,built (standard attempt 1),accepted,CC(C)CCCC(C)CCCCN(C)C(=O)COCC(=O)N(C)CCCCC(C)CCCC(C)C,CC(C)CCCC(C)CCCCN(C)C(=O)COCC(=O)N(C)CCCCC(C)CCCC(C)C,False,True,True,8,O8,"111:O:2.10,16:O:2.20,21:O:2.20,116:O:2.41,194:O:2.43,113:O:2.46,18:O:2.57,191:O:2.60",2.5973364563018833,2.102996530480849,True,ok
1ce299c12425,,58,Ce,3,CCCCCCCCC(C)(C)SCC1CN(C(=O)COCC(=O)N2CC(C)C(CSC(C)(C)CCCCCCCC)C2)CC1C,"[17, 19, 22]","[""O(amide_carbonyl)"", ""O(ether)"", ""O(amide_carbonyl)""]",3,9,3,water,water,0,/nfs/home/nshank3/lanthanide_dataset_builder/data/geometries/Ce/Ce_Z58_ox3_CN9_nlig3_water_1ce299c12425.xyz,/nfs/home/nshank3/lanthanide_dataset_builder/data/geometries/Ce/Ce_Z58_ox3_CN9_nlig3_water_1ce299c12425.mol2,,-11657.665742968116,ok,built (standard attempt 1),accepted,CCCCCCCCC(C)(C)SCC1CN(C(=O)COCC(=O)N2CC(C)C(CSC(C)(C)CCCCCCCC)C2)CC1C,CCCCCCCCC(C)(C)SCC1CN(C(=O)COCC(=O)N2CC(C)C(CSC(C)(C)CCCCCCCC)C2)CC1C,False,True,True,9,O9,"23:O:2.18,135:O:2.31,252:O:2.32,140:O:2.41,18:O:2.47,254:O:2.52,257:O:2.58,20:O:2.68,137:O:2.73",2.7278022951108536,2.182195168687106,True,ok
aa83667df077,,58,Ce,3,C1CCC2OCCOCCOC3CCCCC3OCCOCCOC2C1,"[4, 7, 10, 17, 20, 23]","[""O(ether)"", ""O(ether)"", ""O(ether)"", ""O(ether)"", ""O(ether)"", ""O(ether)""]",6,9,1,nitrate,nitrate,3,/nfs/home/nshank3/lanthanide_dataset_builder/data/geometries/Ce/Ce_Z58_ox3_CN9_nlig1_nitrate_aa83667df077.xyz,/nfs/home/nshank3/lanthanide_dataset_builder/data/geometries/Ce/Ce_Z58_ox3_CN9_nlig1_nitrate_aa83667df077.mol2,,-2890.804769492407,ok,built (standard attempt 1),accepted,C1CCC2OCCOCCOC3CCCCC3OCCOCCOC2C1,C1CCC2OCCOCCOC3CCCCC3OCCOCCOC2C1,False,True,True,10,"N1,O9","66:O:2.09,65:O:2.18,21:O:2.46,5:O:2.48,8:O:2.49,11:O:2.50,63:N:2.51,24:O:2.51,67:O:2.65,18:O:2.66",2.6572721026760378,2.0927257223482396,False,ok
20d170269605,,59,Pr,3,CCCCC(CC)CP(=O)(CC(=O)N(CC(C)C)CC(C)C)c1ccccc1,"[9, 12]","[""O(ether)"", ""O(amide_carbonyl)""]",2,9,4,nitrate,nitrate,1,/nfs/home/nshank3/lanthanide_dataset_builder/data/geometries/Pr/Pr_Z59_ox3_CN9_nlig4_nitrate_20d170269605.xyz,/nfs/home/nshank3/lanthanide_dataset_builder/data/geometries/Pr/Pr_Z59_ox3_CN9_nlig4_nitrate_20d170269605.mol2,,-9557.819061679404,ok,built (standard attempt 1),accepted,CCCCC(CC)CP(=O)(CC(=O)N(CC(C)C)CC(C)C)c1ccccc1,CCCCC(CC)CP(=O)(CC(=O)N(CC(C)C)CC(C)C)c1ccccc1,False,True,True,9,O9,"150:O:2.50,281:O:2.51,10:O:2.51,220:O:2.56,223:O:2.67,80:O:2.74,13:O:2.75,153:O:2.78,83:O:2.91",2.9134157728695502,2.50299309059318,True,ok
00afa7add2b7,,66,Dy,3,CC(C)CN(CC(C)C)C(=O)COCC(=O)N(CC(C)C)CC(C)C,"[10, 12, 15]","[""O(amide_carbonyl)"", ""O(ether)"", ""O(amide_carbonyl)""]",3,8,2,nitrate,nitrate,2,/nfs/home/nshank3/lanthanide_dataset_builder/data/geometries/Dy/Dy_Z66_ox3_CN8_nlig2_nitrate_00afa7add2b7.xyz,/nfs/home/nshank3/lanthanide_dataset_builder/data/geometries/Dy/Dy_Z66_ox3_CN8_nlig2_nitrate_00afa7add2b7.mol2,,-4850.502868380122,ok,built (standard attempt 1),accepted,CC(C)CN(CC(C)C)C(=O)COCC(=O)N(CC(C)C)CC(C)C,CC(C)CN(CC(C)C)C(=O)COCC(=O)N(CC(C)C)CC(C)C,False,True,True,9,"N1,O8","133:O:2.08,134:O:2.09,11:O:2.17,76:O:2.22,16:O:2.32,81:O:2.34,131:N:2.41,13:O:2.68,78:O:2.71",2.7103452692392924,2.078579877726425,False,ok
e31a306be74a,,66,Dy,3,COCCN(CCOC)C(=O)COCC(=O)N(CCOC)CCOC,"[1, 7, 10, 12, 15, 19, 23]","[""O(ether)"", ""O(ether)"", ""O(amide_carbonyl)"", ""O(ether)"", ""O(amide_carbonyl)"", ""O(ether)"", ""O(ether)""]",7,8,1,water,water,1,/nfs/home/nshank3/lanthanide_dataset_builder/data/geometries/Dy/Dy_Z66_ox3_CN8_nlig1_water_e31a306be74a.xyz,/nfs/home/nshank3/lanthanide_dataset_builder/data/geometries/Dy/Dy_Z66_ox3_CN8_nlig1_water_e31a306be74a.mol2,,-2443.390738461254,ok,built (standard attempt 1),accepted,COCCN(CCOC)C(=O)COCC(=O)N(CCOC)CCOC,COCCN(CCOC)C(=O)COCC(=O)N(CCOC)CCOC,False,True,True,10,"N2,O8","16:O:2.13,11:O:2.21,2:O:2.32,20:O:2.39,58:O:2.55,13:O:2.59,8:O:2.63,24:O:2.83,5:N:3.05,17:N:3.20",3.1994341450523076,2.128363593462723,False,ok
2dd51d06502d,,64,Gd,3,CCCCCCC(C)N(CCCC)C(=O)COCC(=O)N(CCCC)C(C)CCCCCC,"[14, 16, 19]","[""O(amide_carbonyl)"", ""O(ether)"", ""O(amide_carbonyl)""]",3,9,3,water,water,0,/nfs/home/nshank3/lanthanide_dataset_builder/data/geometries/Gd/Gd_Z64_ox3_CN9_nlig3_water_2dd51d06502d.xyz,/nfs/home/nshank3/lanthanide_dataset_builder/data/geometries/Gd/Gd_Z64_ox3_CN9_nlig3_water_2dd51d06502d.mol2,,-8707.348471753217,ok,built (standard attempt 1),accepted,CCCCCCC(C)N(CCCC)C(=O)COCC(=O)N(CCCC)C(C)CCCCCC,CCCCCCC(C)N(CCCC)C(=O)COCC(=O)N(CCCC)C(C)CCCCCC,False,True,True,9,O9,"104:O:2.24,193:O:2.31,20:O:2.34,109:O:2.41,195:O:2.53,15:O:2.55,106:O:2.64,17:O:2.73,198:O:2.78",2.7798610124043797,2.2372638375368386,True,ok
5d016859aec1,,68,Er,3,CCCCCCCCN(CCC(C)CC(C)(C)C)C(=O)COCC(=O)N(CCCCCCCC)CCC(C)CC(C)(C)C,"[19, 21, 24]","[""O(amide_carbonyl)"", ""O(ether)"", ""O(amide_carbonyl)""]",3,8,2,water,water,2,/nfs/home/nshank3/lanthanide_dataset_builder/data/geometries/Er/Er_Z68_ox3_CN8_nlig2_water_5d016859aec1.xyz,/nfs/home/nshank3/lanthanide_dataset_builder/data/geometries/Er/Er_Z68_ox3_CN8_nlig2_water_5d016859aec1.mol2,,-7801.914846060446,ok,built (standard attempt 1),accepted,CCCCCCCCN(CCC(C)CC(C)(C)C)C(=O)COCC(=O)N(CCCCCCCC)CCC(C)CC(C)(C)C,CCCCCCCCN(CCC(C)CC(C)(C)C)C(=O)COCC(=O)N(CCCCCCCC)CCC(C)CC(C)(C)C,False,True,True,8,O8,"144:O:2.21,20:O:2.26,139:O:2.31,25:O:2.31,22:O:2.49,242:O:2.51,239:O:2.56,141:O:2.62",2.6171851762618377,2.20630453815158,True,ok
9680eb2381ef,,68,Er,3,CCCN(CCC)C(=O)COCC(=O)N(CCC)CCC,"[8, 10, 13]","[""O(amide_carbonyl)"", ""O(ether)"", ""O(amide_carbonyl)""]",3,8,2,nitrate,nitrate,2,/nfs/home/nshank3/lanthanide_dataset_builder/data/geometries/Er/Er_Z68_ox3_CN8_nlig2_nitrate_9680eb2381ef.xyz,/nfs/home/nshank3/lanthanide_dataset_builder/data/geometries/Er/Er_Z68_ox3_CN8_nlig2_nitrate_9680eb2381ef.mol2,,-4161.32386349018,ok,built (standard attempt 1),accepted,CCCN(CCC)C(=O)COCC(=O)N(CCC)CCC,CCCN(CCC)C(=O)COCC(=O)N(CCC)CCC,False,True,True,9,"N1,O8","110:O:2.05,109:O:2.05,62:O:2.20,14:O:2.21,67:O:2.24,9:O:2.31,107:N:2.37,11:O:2.50,64:O:2.62",2.6241578374425427,2.0470850056758323,False,ok
2bda29f72b55,,70,Yb,3,CCCCCc1nnc(-c2cccc(-c3cccc(-c4nnc(CCCCC)c(CCCCC)n4)n3)n2)nc1CCCCC,"[6, 7, 20, 21, 34, 35, 36, 37]","[""N(aromatic)"", ""N(aromatic)"", ""N(aromatic)"", ""N(aromatic)"", ""N(aromatic)"", ""N(aromatic)"", ""N(aromatic)"", ""N(aromatic)""]",8,8,1,nitrate,nitrate,0,/nfs/home/nshank3/lanthanide_dataset_builder/data/geometries/Yb/Yb_Z70_ox3_CN8_nlig1_nitrate_2bda29f72b55.xyz,/nfs/home/nshank3/lanthanide_dataset_builder/data/geometries/Yb/Yb_Z70_ox3_CN8_nlig1_nitrate_2bda29f72b55.mol2,,-3417.1929753004124,ok,built (standard attempt 1),accepted,CCCCCc1nnc(-c2cccc(-c3cccc(-c4nnc(CCCCC)c(CCCCC)n4)n3)n2)nc1CCCCC,CCCCCc1nnc(-c2cccc(-c3cccc(-c4nnc(CCCCC)c(CCCCC)n4)n3)n2)nc1CCCCC,False,True,True,7,N7,"21:N:2.06,8:N:2.14,37:N:2.29,7:N:2.37,22:N:2.57,38:N:2.63,36:N:2.64",2.6410256143363116,2.060060338966593,False,ok
861bc1afc7af,,68,Er,3,c1cc2nc(c1)COc1ccccc1OCCOCCOc1ccccc1OC2,"[3, 7, 14, 17, 20, 27]","[""N(aromatic)"", ""O(ether)"", ""O(ether)"", ""O(ether)"", ""O(ether)"", ""O(ether)""]",6,8,1,nitrate,nitrate,2,/nfs/home/nshank3/lanthanide_dataset_builder/data/geometries/Er/Er_Z68_ox3_CN8_nlig1_nitrate_861bc1afc7af.xyz,/nfs/home/nshank3/lanthanide_dataset_builder/data/geometries/Er/Er_Z68_ox3_CN8_nlig1_nitrate_861bc1afc7af.mol2,,-2711.903812459654,ok,built (standard attempt 1),accepted,c1cc2nc(c1)COc1ccccc1OCCOCCOc1ccccc1OC2,c1cc2nc(c1)COc1ccccc1OCCOCCOc1ccccc1OC2,False,True,True,9,"N2,O7","56:O:2.04,55:O:2.05,21:O:2.32,4:N:2.36,8:O:2.36,15:O:2.37,18:O:2.39,53:N:2.42,28:O:2.48",2.481468212859371,2.043132461115735,False,ok
89a99631619b,,63,Eu,3,CCCCCCN(CCCCCC)C(=O)COCC(=O)N1CCCCC1,"[14, 16, 19]","[""O(amide_carbonyl)"", ""O(ether)"", ""O(amide_carbonyl)""]",3,9,3,water,water,0,/nfs/home/nshank3/lanthanide_dataset_builder/data/geometries/Eu/Eu_Z63_ox3_CN9_nlig3_water_89a99631619b.xyz,/nfs/home/nshank3/lanthanide_dataset_builder/data/geometries/Eu/Eu_Z63_ox3_CN9_nlig3_water_89a99631619b.mol2,,-6818.033990270504,ok,built (standard attempt 1),accepted,CCCCCCN(CCCCCC)C(=O)COCC(=O)N1CCCCC1,CCCCCCN(CCCCCC)C(=O)COCC(=O)N1CCCCC1,False,True,True,9,O9,"81:O:2.27,20:O:2.33,15:O:2.35,86:O:2.35,147:O:2.38,17:O:2.47,152:O:2.52,83:O:2.61,149:O:2.69",2.6933548854392195,2.2665308781519964,True,ok
f27594aadde3,,63,Eu,3,CCCCCCCCN(CCCCC(C)CCCC(C)C)C(=O)COCC(=O)N(CCCCCCCC)CCCCC(C)CCCC(C)C,"[22, 24, 27]","[""O(amide_carbonyl)"", ""O(ether)"", ""O(amide_carbonyl)""]",3,9,3,water,water,0,/nfs/home/nshank3/lanthanide_dataset_builder/data/geometries/Eu/Eu_Z63_ox3_CN9_nlig3_water_f27594aadde3.xyz,/nfs/home/nshank3/lanthanide_dataset_builder/data/geometries/Eu/Eu_Z63_ox3_CN9_nlig3_water_f27594aadde3.mol2,,-12841.208257998738,ok,built (standard attempt 1),accepted,CCCCCCCCN(CCCCC(C)CCCC(C)C)C(=O)COCC(=O)N(CCCCCCCC)CCCCC(C)CCCC(C)C,CCCCCCCCN(CCCCC(C)CCCC(C)C)C(=O)COCC(=O)N(CCCCCCCC)CCCCC(C)CCCC(C)C,False,True,True,9,O9,"297:O:2.25,28:O:2.30,160:O:2.32,299:O:2.35,302:O:2.43,23:O:2.46,165:O:2.59,162:O:2.68,25:O:2.87",2.86518589702872,2.248654573277946,True,ok
b81a4e01a33f,,63,Eu,3,CCCCCCCCN(C)C(=O)COCC(=O)N(C)Cc1cccc(CN(C)C(=O)COCC(=O)N(C)CCCCCCCC)c1,"[11, 13, 16]","[""O(amide_carbonyl)"", ""O(ether)"", ""O(amide_carbonyl)""]",3,9,3,nitrate,nitrate,0,/nfs/home/nshank3/lanthanide_dataset_builder/data/geometries/Eu/Eu_Z63_ox3_CN9_nlig3_nitrate_b81a4e01a33f.xyz,/nfs/home/nshank3/lanthanide_dataset_builder/data/geometries/Eu/Eu_Z63_ox3_CN9_nlig3_nitrate_b81a4e01a33f.mol2,,-11831.471506435311,ok,built (standard attempt 1),accepted,CCCCCCCCN(C)C(=O)COCC(=O)N(C)Cc1cccc(CN(C)C(=O)COCC(=O)N(C)CCCCCCCC)c1,CCCCCCCCN(C)C(=O)COCC(=O)N(C)Cc1cccc(CN(C)C(=O)COCC(=O)N(C)CCCCCCCC)c1,False,True,True,9,O9,"120:O:2.18,228:O:2.20,125:O:2.23,17:O:2.31,12:O:2.36,233:O:2.53,122:O:2.63,230:O:2.72,14:O:2.82",2.8157862370895312,2.1755584371780037,True,ok
1c021f009609,,63,Eu,3,CCCCCCCCN(CC(=O)N(CCCCCCCC)CCCCCCCC)CC(=O)N(CCCCCCCC)CCCCCCCC,"[8, 11, 31]","[""N(amine)"", ""O(amide_carbonyl)"", ""O(amide_carbonyl)""]",3,9,3,water,water,0,/nfs/home/nshank3/lanthanide_dataset_builder/data/geometries/Eu/Eu_Z63_ox3_CN9_nlig3_water_1c021f009609.xyz,/nfs/home/nshank3/lanthanide_dataset_builder/data/geometries/Eu/Eu_Z63_ox3_CN9_nlig3_water_1c021f009609.mol2,,-12787.96905859415,ok,built (standard attempt 2),accepted,CCCCCCCCN(CC(=O)N(CCCCCCCC)CCCCCCCC)CC(=O)N(CCCCCCCC)CCCCCCCC,CCCCCCCCN(CC(=O)N(CCCCCCCC)CCCCCCCC)CC(=O)N(CCCCCCCC)CCCCCCCC,False,True,True,8,"N2,O6","308:O:2.24,12:O:2.31,150:O:2.40,288:O:2.52,32:O:2.55,170:O:2.58,285:N:2.95,9:N:3.19",3.193074646130941,2.2388182275512616,False,ok
5fdbc90e8042,,63,Eu,3,CC1(C)CCC(C)(C)c2nc(-c3ccc4ccc5ccc(-c6nnc7c(n6)C(C)(C)CCC7(C)C)nc5c4n3)nnc21,"[9, 22, 23, 26, 35, 38, 39, 40]","[""N(aromatic)"", ""N(aromatic)"", ""N(aromatic)"", ""N(aromatic)"", ""N(aromatic)"", ""N(aromatic)"", ""N(aromatic)"", ""N(aromatic)""]",8,9,1,nitrate,nitrate,1,/nfs/home/nshank3/lanthanide_dataset_builder/data/geometries/Eu/Eu_Z63_ox3_CN9_nlig1_nitrate_5fdbc90e8042.xyz,/nfs/home/nshank3/lanthanide_dataset_builder/data/geometries/Eu/Eu_Z63_ox3_CN9_nlig1_nitrate_5fdbc90e8042.mol2,,-3278.210624154177,ok,built (standard attempt 1),accepted,CC1(C)CCC(C)(C)c2nc(-c3ccc4ccc5ccc(-c6nnc7c(n6)C(C)(C)CCC7(C)C)nc5c4n3)nnc21,CC1(C)CCC(C)(C)c2nc(-c3ccc4ccc5ccc(-c6nnc7c(n6)C(C)(C)CCC7(C)C)nc5c4n3)nnc21,False,True,True,7,"N6,O1","23:N:2.22,40:N:2.25,81:O:2.54,41:N:2.56,36:N:2.64,39:N:2.64,24:N:2.74",2.7396072055404805,2.2240239623599334,False,ok
8c6b3ff26d81,,64,Gd,3,CCCCN(CCCC)C(=O)COCC(=O)N(CCCC)CCCC,"[10, 12, 15]","[""O(amide_carbonyl)"", ""O(ether)"", ""O(amide_carbonyl)""]",3,9,3,water,water,0,/nfs/home/nshank3/lanthanide_dataset_builder/data/geometries/Gd/Gd_Z64_ox3_CN9_nlig3_water_8c6b3ff26d81.xyz,/nfs/home/nshank3/lanthanide_dataset_builder/data/geometries/Gd/Gd_Z64_ox3_CN9_nlig3_water_8c6b3ff26d81.mol2,,-6641.862591246353,ok,built (standard attempt 1),accepted,CCCCN(CCCC)C(=O)COCC(=O)N(CCCC)CCCC,CCCCN(CCCC)C(=O)COCC(=O)N(CCCC)CCCC,False,True,True,9,O9,"141:O:2.28,76:O:2.34,81:O:2.35,146:O:2.37,11:O:2.43,143:O:2.48,78:O:2.48,16:O:2.50,13:O:2.59",2.5856148325258927,2.2779037911111337,True,ok
fc5d72f99fcc,,64,Gd,3,CCCCCCCCN(CCC(C)CC(C)(C)C)C(=O)COCC(=O)N(CCCCCCCC)CCC(C)CC(C)(C)C,"[19, 21, 24]","[""O(amide_carbonyl)"", ""O(ether)"", ""O(amide_carbonyl)""]",3,9,3,water,water,0,/nfs/home/nshank3/lanthanide_dataset_builder/data/geometries/Gd/Gd_Z64_ox3_CN9_nlig3_water_fc5d72f99fcc.xyz,/nfs/home/nshank3/lanthanide_dataset_builder/data/geometries/Gd/Gd_Z64_ox3_CN9_nlig3_water_fc5d72f99fcc.mol2,,-11292.682138072883,ok,built (standard attempt 1),accepted,CCCCCCCCN(CCC(C)CC(C)(C)C)C(=O)COCC(=O)N(CCCCCCCC)CCC(C)CC(C)(C)C,CCCCCCCCN(CCC(C)CC(C)(C)C)C(=O)COCC(=O)N(CCCCCCCC)CCC(C)CC(C)(C)C,False,True,True,9,O9,"144:O:2.22,263:O:2.25,139:O:2.27,25:O:2.36,258:O:2.36,20:O:2.39,22:O:2.61,141:O:2.81,260:O:3.00",3.004652465720722,2.219464009155328,True,ok
fc99c5951046,,67,Ho,3,CCCCCCCCN(C)C(=O)COCC(=O)N(CCCCCCCC)CCCCCCCC,"[11, 13, 16]","[""O(amide_carbonyl)"", ""O(ether)"", ""O(amide_carbonyl)""]",3,8,2,water,water,2,/nfs/home/nshank3/lanthanide_dataset_builder/data/geometries/Ho/Ho_Z67_ox3_CN8_nlig2_water_fc99c5951046.xyz,/nfs/home/nshank3/lanthanide_dataset_builder/data/geometries/Ho/Ho_Z67_ox3_CN8_nlig2_water_fc99c5951046.mol2,,-6251.2848848539015,ok,built (standard attempt 1),accepted,CCCCCCCCN(C)C(=O)COCC(=O)N(CCCCCCCC)CCCCCCCC,CCCCCCCCN(C)C(=O)COCC(=O)N(CCCCCCCC)CCCCCCCC,False,True,True,8,O8,"109:O:2.15,17:O:2.35,104:O:2.49,188:O:2.54,12:O:2.58,106:O:2.64,185:O:2.66,14:O:2.77",2.774385216313804,2.1511464443946178,True,ok
a99febda67a7,,57,La,3,CCCCCCCCN(CC(CC)CCCC)C(=O)COCC(=O)N(CCCCCCCC)CC(CC)CCCC,"[18, 20, 23]","[""O(amide_carbonyl)"", ""O(ether)"", ""O(amide_carbonyl)""]",3,9,3,nitrate,nitrate,0,/nfs/home/nshank3/lanthanide_dataset_builder/data/geometries/La/La_Z57_ox3_CN9_nlig3_nitrate_a99febda67a7.xyz,/nfs/home/nshank3/lanthanide_dataset_builder/data/geometries/La/La_Z57_ox3_CN9_nlig3_nitrate_a99febda67a7.mol2,,-10777.545640819711,ok,built (standard attempt 1),accepted,CCCCCCCCN(CC(CC)CCCC)C(=O)COCC(=O)N(CCCCCCCC)CC(CC)CCCC,CCCCCCCCN(CC(CC)CCCC)C(=O)COCC(=O)N(CCCCCCCC)CC(CC)CCCC,False,True,True,9,O9,"250:O:2.28,137:O:2.29,132:O:2.39,24:O:2.43,245:O:2.68,247:O:2.70,19:O:2.78,134:O:2.79,21:O:2.93",2.9335701346459873,2.2828768963228407,True,ok
65d6bea6dcfa,,57,La,3,CCCCCCn1c(-c2ccccc2)c(-c2ccccc2)c2cc3ccc4cc5c(-c6ccccc6)c(-c6ccccc6)n(CCCCCC)c(=O)c5nc4c3nc2c1=O,"[6, 43, 51, 53, 56, 59]","[""N(aromatic)"", ""N(aromatic)"", ""O(amide_carbonyl)"", ""N(aromatic)"", ""N(aromatic)"", ""O(amide_carbonyl)""]",6,9,1,water,water,3,/nfs/home/nshank3/lanthanide_dataset_builder/data/geometries/La/La_Z57_ox3_CN9_nlig1_water_65d6bea6dcfa.xyz,/nfs/home/nshank3/lanthanide_dataset_builder/data/geometries/La/La_Z57_ox3_CN9_nlig1_water_65d6bea6dcfa.mol2,,-4797.473800617295,ok,built (standard attempt 1),accepted,CCCCCCn1c(-c2ccccc2)c(-c2ccccc2)c2cc3ccc4cc5c(-c6ccccc6)c(-c6ccccc6)n(CCCCCC)c(=O)c5nc4c3nc2c1=O,CCCCCCn1c(-c2ccccc2)c(-c2ccccc2)c2cc3ccc4cc5c(-c6ccccc6)c(-c6ccccc6)n(CCCCCC)c(=O)c5nc4c3nc2c1=O,False,True,True,7,"N2,O5","52:O:2.27,60:O:2.41,57:N:2.48,54:N:2.53,117:O:2.54,114:O:2.56,111:O:2.56",2.56310121612921,2.273792973268322,False,ok
a1ab40ace66c,,71,Lu,3,CCCCN(CCCC)C(=O)COCC(=O)N(CCCC)CCCC,"[10, 12, 15]","[""O(amide_carbonyl)"", ""O(ether)"", ""O(amide_carbonyl)""]",3,8,2,nitrate,nitrate,2,/nfs/home/nshank3/lanthanide_dataset_builder/data/geometries/Lu/Lu_Z71_ox3_CN8_nlig2_nitrate_a1ab40ace66c.xyz,/nfs/home/nshank3/lanthanide_dataset_builder/data/geometries/Lu/Lu_Z71_ox3_CN8_nlig2_nitrate_a1ab40ace66c.mol2,,-4849.0475400999685,ok,built (standard attempt 1),accepted,CCCCN(CCCC)C(=O)COCC(=O)N(CCCC)CCCC,CCCCN(CCCC)C(=O)COCC(=O)N(CCCC)CCCC,False,True,True,9,"N1,O8","133:O:2.08,134:O:2.10,81:O:2.27,16:O:2.27,11:O:2.27,76:O:2.30,131:N:2.46,78:O:2.77,13:O:2.77",2.7721315071062738,2.0805141104573623,False,ok
41cf198cd986,,71,Lu,3,CCCCCCCCN(CC)C(=O)COCC(=O)N(CC)CCCCCCCC,"[12, 14, 17]","[""O(amide_carbonyl)"", ""O(ether)"", ""O(amide_carbonyl)""]",3,8,2,water,water,2,/nfs/home/nshank3/lanthanide_dataset_builder/data/geometries/Lu/Lu_Z71_ox3_CN8_nlig2_water_41cf198cd986.xyz,/nfs/home/nshank3/lanthanide_dataset_builder/data/geometries/Lu/Lu_Z71_ox3_CN8_nlig2_water_41cf198cd986.mol2,,-5390.518216595587,ok,built (standard attempt 1),accepted,CCCCCCCCN(CC)C(=O)COCC(=O)N(CC)CCCCCCCC,CCCCCCCCN(CC)C(=O)COCC(=O)N(CC)CCCCCCCC,False,True,True,8,O8,"95:O:2.16,13:O:2.17,18:O:2.18,90:O:2.20,158:O:2.38,15:O:2.55,92:O:2.55,155:O:2.67",2.672243950587642,2.1565968572415795,True,ok
cc05c1c73d3e,,71,Lu,3,CCCCCCn1c(-c2ccccc2)c(-c2ccccc2)c2cc3ccc4cc5c(-c6ccccc6)c(-c6ccccc6)n(CCCCCC)c(=O)c5nc4c3nc2c1=O,"[6, 43, 51, 53, 56, 59]","[""N(aromatic)"", ""N(aromatic)"", ""O(amide_carbonyl)"", ""N(aromatic)"", ""N(aromatic)"", ""O(amide_carbonyl)""]",6,8,1,nitrate,nitrate,2,/nfs/home/nshank3/lanthanide_dataset_builder/data/geometries/Lu/Lu_Z71_ox3_CN8_nlig1_nitrate_cc05c1c73d3e.xyz,/nfs/home/nshank3/lanthanide_dataset_builder/data/geometries/Lu/Lu_Z71_ox3_CN8_nlig1_nitrate_cc05c1c73d3e.mol2,,-4798.090293208675,ok,built (standard attempt 1),accepted,CCCCCCn1c(-c2ccccc2)c(-c2ccccc2)c2cc3ccc4cc5c(-c6ccccc6)c(-c6ccccc6)n(CCCCCC)c(=O)c5nc4c3nc2c1=O,CCCCCCn1c(-c2ccccc2)c(-c2ccccc2)c2cc3ccc4cc5c(-c6ccccc6)c(-c6ccccc6)n(CCCCCC)c(=O)c5nc4c3nc2c1=O,False,True,True,7,"N3,O4","113:O:1.99,114:O:2.07,52:O:2.12,60:O:2.14,111:N:2.40,57:N:2.60,54:N:2.60",2.603360808683466,1.9896230369355559,False,ok
cdfa23f30bc7,,70,Yb,3,CCCCCCCCC(C)(C)SCC1CN(C(=O)COCC(=O)N2CC(C)C(CSC(C)(C)CCCCCCCC)C2)CC1C,"[17, 19, 22]","[""O(amide_carbonyl)"", ""O(ether)"", ""O(amide_carbonyl)""]",3,8,2,water,water,2,/nfs/home/nshank3/lanthanide_dataset_builder/data/geometries/Yb/Yb_Z70_ox3_CN8_nlig2_water_cdfa23f30bc7.xyz,/nfs/home/nshank3/lanthanide_dataset_builder/data/geometries/Yb/Yb_Z70_ox3_CN8_nlig2_water_cdfa23f30bc7.mol2,,-8045.057418782537,ok,built (standard attempt 1),accepted,CCCCCCCCC(C)(C)SCC1CN(C(=O)COCC(=O)N2CC(C)C(CSC(C)(C)CCCCCCCC)C2)CC1C,CCCCCCCCC(C)(C)SCC1CN(C(=O)COCC(=O)N2CC(C)C(CSC(C)(C)CCCCCCCC)C2)CC1C,False,True,True,8,O8,"18:O:2.17,135:O:2.21,140:O:2.36,23:O:2.38,235:O:2.42,238:O:2.44,20:O:2.53,137:O:2.63",2.6286059026242197,2.167047799753727,True,ok
07bca11114cd,,69,Tm,3,CCCCCCCCN(C)C(=O)COCC(=O)N(C)CCCCCCCC,"[11, 13, 16]","[""O(amide_carbonyl)"", ""O(ether)"", ""O(amide_carbonyl)""]",3,8,2,water,water,2,/nfs/home/nshank3/lanthanide_dataset_builder/data/geometries/Tm/Tm_Z69_ox3_CN8_nlig2_water_07bca11114cd.xyz,/nfs/home/nshank3/lanthanide_dataset_builder/data/geometries/Tm/Tm_Z69_ox3_CN8_nlig2_water_07bca11114cd.mol2,,-5045.96368017324,ok,built (standard attempt 1),accepted,CCCCCCCCN(C)C(=O)COCC(=O)N(C)CCCCCCCC,CCCCCCCCN(C)C(=O)COCC(=O)N(C)CCCCCCCC,False,True,True,8,O8,"12:O:2.18,83:O:2.20,88:O:2.28,17:O:2.40,14:O:2.44,85:O:2.55,143:O:2.56,146:O:2.67",2.668091533384736,2.1769898599254374,True,ok
cbc66e092e99,,70,Yb,3,CCCCCCCCN(CC)C(=O)COCC(=O)N(CC)CCCCCCCC,"[12, 14, 17]","[""O(amide_carbonyl)"", ""O(ether)"", ""O(amide_carbonyl)""]",3,8,2,water,water,2,/nfs/home/nshank3/lanthanide_dataset_builder/data/geometries/Yb/Yb_Z70_ox3_CN8_nlig2_water_cbc66e092e99.xyz,/nfs/home/nshank3/lanthanide_dataset_builder/data/geometries/Yb/Yb_Z70_ox3_CN8_nlig2_water_cbc66e092e99.mol2,,-5390.344914297952,ok,built (standard attempt 1),accepted,CCCCCCCCN(CC)C(=O)COCC(=O)N(CC)CCCCCCCC,CCCCCCCCN(CC)C(=O)COCC(=O)N(CC)CCCCCCCC,False,True,True,8,O8,"18:O:2.16,95:O:2.18,13:O:2.27,90:O:2.31,15:O:2.43,92:O:2.44,158:O:2.45,155:O:2.68",2.678090019214959,2.159123640978434,True,ok
a88017c110ed,,70,Yb,3,CCCCCCCCCCCCN(CCCCCCCC)C(=O)COCC(=O)N(CCCCCCCC)CCCCCCCCCCCC,"[22, 24, 27]","[""O(amide_carbonyl)"", ""O(ether)"", ""O(amide_carbonyl)""]",3,8,2,water,water,2,/nfs/home/nshank3/lanthanide_dataset_builder/data/geometries/Yb/Yb_Z70_ox3_CN8_nlig2_water_a88017c110ed.xyz,/nfs/home/nshank3/lanthanide_dataset_builder/data/geometries/Yb/Yb_Z70_ox3_CN8_nlig2_water_a88017c110ed.mol2,,-8835.146683299108,ok,built (standard attempt 1),accepted,CCCCCCCCCCCCN(CCCCCCCC)C(=O)COCC(=O)N(CCCCCCCC)CCCCCCCCCCCC,CCCCCCCCCCCCN(CCCCCCCC)C(=O)COCC(=O)N(CCCCCCCC)CCCCCCCCCCCC,False,True,True,8,O8,"160:O:2.05,23:O:2.06,165:O:2.24,28:O:2.33,25:O:2.44,162:O:2.50,278:O:2.52,275:O:3.01",3.0114151004091143,2.053995494998831,True,ok
7585da06f83d,,59,Pr,3,COCCN(CCOC)C(=O)COCC(=O)N(CCOC)CCOC,"[1, 7, 10, 12, 15, 19, 23]","[""O(ether)"", ""O(ether)"", ""O(amide_carbonyl)"", ""O(ether)"", ""O(amide_carbonyl)"", ""O(ether)"", ""O(ether)""]",7,9,1,water,water,2,/nfs/home/nshank3/lanthanide_dataset_builder/data/geometries/Pr/Pr_Z59_ox3_CN9_nlig1_water_7585da06f83d.xyz,/nfs/home/nshank3/lanthanide_dataset_builder/data/geometries/Pr/Pr_Z59_ox3_CN9_nlig1_water_7585da06f83d.mol2,,-2584.3436809467503,ok,built (standard attempt 1),accepted,COCCN(CCOC)C(=O)COCC(=O)N(CCOC)CCOC,COCCN(CCOC)C(=O)COCC(=O)N(CCOC)CCOC,False,True,True,9,O9,"11:O:2.22,16:O:2.25,58:O:2.55,20:O:2.58,8:O:2.60,24:O:2.64,13:O:2.66,61:O:2.85,2:O:2.96",2.9612702272886504,2.2245500827821347,True,ok
c301f84f5c52,,59,Pr,3,c1ccc2c(c1)OCCOCCOc1ccccc1OCCOCCO2,"[6, 9, 12, 19, 22, 25]","[""O(ether)"", ""O(ether)"", ""O(ether)"", ""O(ether)"", ""O(ether)"", ""O(ether)""]",6,9,1,nitrate,nitrate,3,/nfs/home/nshank3/lanthanide_dataset_builder/data/geometries/Pr/Pr_Z59_ox3_CN9_nlig1_nitrate_c301f84f5c52.xyz,/nfs/home/nshank3/lanthanide_dataset_builder/data/geometries/Pr/Pr_Z59_ox3_CN9_nlig1_nitrate_c301f84f5c52.mol2,,-2722.6694140604523,ok,built (standard attempt 1),accepted,c1ccc2c(c1)OCCOCCOc1ccccc1OCCOCCO2,c1ccc2c(c1)OCCOCCOc1ccccc1OCCOCCO2,False,True,True,10,"N1,O9","53:O:2.09,54:O:2.10,20:O:2.43,51:N:2.46,13:O:2.47,7:O:2.48,26:O:2.49,10:O:2.53,23:O:2.76,55:O:2.95",2.9491591726786623,2.0934230799750506,False,ok
d06ba4f70613,,67,Ho,3,CN(C(=O)c1cccc(C(=O)N(C)c2ccccc2)n1)c1ccccc1,"[3, 10, 19]","[""O(amide_carbonyl)"", ""O(amide_carbonyl)"", ""N(aromatic)""]",3,8,2,nitrate,nitrate,2,/nfs/home/nshank3/lanthanide_dataset_builder/data/geometries/Ho/Ho_Z67_ox3_CN8_nlig2_nitrate_d06ba4f70613.xyz,/nfs/home/nshank3/lanthanide_dataset_builder/data/geometries/Ho/Ho_Z67_ox3_CN8_nlig2_nitrate_d06ba4f70613.mol2,,-4318.054184377801,ok,built (standard attempt 1),accepted,CN(C(=O)c1cccc(C(=O)N(C)c2ccccc2)n1)c1ccccc1,CN(C(=O)c1cccc(C(=O)N(C)c2ccccc2)n1)c1ccccc1,False,True,True,9,"N3,O6","93:O:2.11,94:O:2.15,4:O:2.19,56:O:2.20,49:O:2.28,65:N:2.29,11:O:2.44,91:N:2.50,20:N:2.53",2.5321361025446927,2.110631175986359,False,ok
f5f08a9e7494,,68,Er,3,CCCCCCCCN(CCCCCCCC)C(=O)c1ccc2ccc3ccc(C(=O)N(CCCCCCCC)CCCCCCCC)nc3c2n1,"[18, 30, 48, 51]","[""O(amide_carbonyl)"", ""O(amide_carbonyl)"", ""N(aromatic)"", ""N(aromatic)""]",4,8,2,nitrate,nitrate,0,/nfs/home/nshank3/lanthanide_dataset_builder/data/geometries/Er/Er_Z68_ox3_CN8_nlig2_nitrate_f5f08a9e7494.xyz,/nfs/home/nshank3/lanthanide_dataset_builder/data/geometries/Er/Er_Z68_ox3_CN8_nlig2_nitrate_f5f08a9e7494.mol2,,-8496.94695988929,ok,built (standard attempt 1),accepted,CCCCCCCCN(CCCCCCCC)C(=O)c1ccc2ccc3ccc(C(=O)N(CCCCCCCC)CCCCCCCC)nc3c2n1,CCCCCCCCN(CCCCCCCC)C(=O)c1ccc2ccc3ccc(C(=O)N(CCCCCCCC)CCCCCCCC)nc3c2n1,False,True,True,8,"N4,O4","178:N:2.39,19:O:2.42,157:O:2.43,52:N:2.44,31:O:2.46,49:N:2.67,175:N:2.68,145:O:2.70",2.7001122805310933,2.385626452927699,True,ok
e1552636ab3d,,67,Ho,3,CCCCCCCCN(CCCCCCCC)C(=O)c1ccc2ccc3ccc(C(=O)N(CCCCCCCC)CCCCCCCC)nc3c2n1,"[18, 30, 48, 51]","[""O(amide_carbonyl)"", ""O(amide_carbonyl)"", ""N(aromatic)"", ""N(aromatic)""]",4,8,2,water,water,0,/nfs/home/nshank3/lanthanide_dataset_builder/data/geometries/Ho/Ho_Z67_ox3_CN8_nlig2_water_e1552636ab3d.xyz,/nfs/home/nshank3/lanthanide_dataset_builder/data/geometries/Ho/Ho_Z67_ox3_CN8_nlig2_water_e1552636ab3d.mol2,,-8501.738497550712,ok,built (standard attempt 1),accepted,CCCCCCCCN(CCCCCCCC)C(=O)c1ccc2ccc3ccc(C(=O)N(CCCCCCCC)CCCCCCCC)nc3c2n1,CCCCCCCCN(CCCCCCCC)C(=O)c1ccc2ccc3ccc(C(=O)N(CCCCCCCC)CCCCCCCC)nc3c2n1,False,True,True,8,"N4,O4","31:O:2.15,19:O:2.16,157:O:2.26,145:O:2.29,52:N:2.40,178:N:2.42,49:N:2.45,175:N:2.46",2.4598460803131035,2.148052671014785,True,ok
090126457ba1,,57,La,3,CN(C(=O)CC(=O)N(C)c1ccccc1)c1ccccc1,"[3, 6]","[""O(amide_carbonyl)"", ""O(amide_carbonyl)""]",2,9,4,nitrate,nitrate,1,/nfs/home/nshank3/lanthanide_dataset_builder/data/geometries/La/La_Z57_ox3_CN9_nlig4_nitrate_090126457ba1.xyz,/nfs/home/nshank3/lanthanide_dataset_builder/data/geometries/La/La_Z57_ox3_CN9_nlig4_nitrate_090126457ba1.mol2,,-6630.371551230532,ok,built (standard attempt 1),accepted,CN(C(=O)CC(=O)N(C)c1ccccc1)c1ccccc1,CN(C(=O)CC(=O)N(C)c1ccccc1)c1ccccc1,False,True,True,9,O9,"85:O:2.41,121:O:2.41,124:O:2.47,82:O:2.48,4:O:2.53,46:O:2.57,7:O:2.58,43:O:2.61,157:O:2.69",2.6921424851533127,2.413679819253758,True,ok
432d228e95b0,,58,Ce,3,CCCCCCCCN(C)C(=O)C(CCOCCCCCC)C(=O)N(C)CCCCCCCC,"[11, 15, 23]","[""O(amide_carbonyl)"", ""O(ether)"", ""O(amide_carbonyl)""]",3,9,3,nitrate,nitrate,0,/nfs/home/nshank3/lanthanide_dataset_builder/data/geometries/Ce/Ce_Z58_ox3_CN9_nlig3_nitrate_432d228e95b0.xyz,/nfs/home/nshank3/lanthanide_dataset_builder/data/geometries/Ce/Ce_Z58_ox3_CN9_nlig3_nitrate_432d228e95b0.mol2,,-8965.724549946352,ok,built (standard attempt 1),accepted,CCCCCCCCN(C)C(=O)C(CCOCCCCCC)C(=O)N(C)CCCCCCCC,CCCCCCCCN(C)C(=O)C(CCOCCCCCC)C(=O)N(C)CCCCCCCC,False,True,True,8,O8,"196:O:2.39,24:O:2.48,116:O:2.49,12:O:2.51,104:O:2.54,208:O:2.56,16:O:2.88,200:O:3.02",3.020367986079737,2.3904535883367175,False,ok
fb0185b0aa14,,60,Nd,3,CCN(C(=O)c1cccc(-c2cccc(C(=O)N(CC)c3cc(C)cc(C)c3)n2)n1)c1cc(C)cc(C)c1,"[4, 16, 28, 29]","[""O(amide_carbonyl)"", ""O(amide_carbonyl)"", ""N(aromatic)"", ""N(aromatic)""]",4,9,2,nitrate,nitrate,1,/nfs/home/nshank3/lanthanide_dataset_builder/data/geometries/Nd/Nd_Z60_ox3_CN9_nlig2_nitrate_fb0185b0aa14.xyz,/nfs/home/nshank3/lanthanide_dataset_builder/data/geometries/Nd/Nd_Z60_ox3_CN9_nlig2_nitrate_fb0185b0aa14.mol2,,-5895.956351204499,ok,built (standard attempt 1),accepted,CCN(C(=O)c1cccc(-c2cccc(C(=O)N(CC)c3cc(C)cc(C)c3)n2)n1)c1cc(C)cc(C)c1,CCN(C(=O)c1cccc(-c2cccc(C(=O)N(CC)c3cc(C)cc(C)c3)n2)n1)c1cc(C)cc(C)c1,False,True,True,9,"N4,O5","89:O:2.20,77:O:2.24,17:O:2.27,29:N:2.38,5:O:2.38,102:N:2.39,101:N:2.41,30:N:2.48,145:O:3.11",3.1099799505514594,2.1970445384051547,True,ok
28f67169f751,,59,Pr,3,CCN(C(=O)c1cccc(-c2cccc(C(=O)N(CC)c3cc(C)cc(C)c3)n2)n1)c1cc(C)cc(C)c1,"[4, 16, 28, 29]","[""O(amide_carbonyl)"", ""O(amide_carbonyl)"", ""N(aromatic)"", ""N(aromatic)""]",4,9,2,nitrate,nitrate,1,/nfs/home/nshank3/lanthanide_dataset_builder/data/geometries/Pr/Pr_Z59_ox3_CN9_nlig2_nitrate_28f67169f751.xyz,/nfs/home/nshank3/lanthanide_dataset_builder/data/geometries/Pr/Pr_Z59_ox3_CN9_nlig2_nitrate_28f67169f751.mol2,,-5895.314407208817,ok,built (standard attempt 1),accepted,CCN(C(=O)c1cccc(-c2cccc(C(=O)N(CC)c3cc(C)cc(C)c3)n2)n1)c1cc(C)cc(C)c1,CCN(C(=O)c1cccc(-c2cccc(C(=O)N(CC)c3cc(C)cc(C)c3)n2)n1)c1cc(C)cc(C)c1,False,True,True,9,"N4,O5","5:O:2.27,89:O:2.33,30:N:2.39,101:N:2.47,102:N:2.49,77:O:2.55,17:O:2.61,29:N:2.64,145:O:2.85",2.8495342879813026,2.2652304144109356,True,ok
f119e0afc8fb,,63,Eu,3,CCN(C(=O)c1cccc(-c2cccc(C(=O)N(CC)c3ccccc3)n2)n1)c1ccccc1,"[4, 16, 26, 27]","[""O(amide_carbonyl)"", ""O(amide_carbonyl)"", ""N(aromatic)"", ""N(aromatic)""]",4,9,2,nitrate,nitrate,1,/nfs/home/nshank3/lanthanide_dataset_builder/data/geometries/Eu/Eu_Z63_ox3_CN9_nlig2_nitrate_f119e0afc8fb.xyz,/nfs/home/nshank3/lanthanide_dataset_builder/data/geometries/Eu/Eu_Z63_ox3_CN9_nlig2_nitrate_f119e0afc8fb.mol2,,-5204.38878937632,ok,built (standard attempt 1),accepted,CCN(C(=O)c1cccc(-c2cccc(C(=O)N(CC)c3ccccc3)n2)n1)c1ccccc1,CCN(C(=O)c1cccc(-c2cccc(C(=O)N(CC)c3ccccc3)n2)n1)c1ccccc1,False,True,True,9,"N4,O5","5:O:2.23,65:O:2.29,77:O:2.47,17:O:2.52,28:N:2.53,88:N:2.56,27:N:2.63,87:N:2.63,121:O:2.73",2.7342416774334715,2.232824521442361,True,ok
3be4a2dc935b,,60,Nd,3,CCN(C(=O)c1cccc(-c2cccc(C(=O)N(CC)c3cc(C)ccc3C)n2)n1)c1cc(C)ccc1C,"[4, 16, 28, 29]","[""O(amide_carbonyl)"", ""O(amide_carbonyl)"", ""N(aromatic)"", ""N(aromatic)""]",4,9,2,nitrate,nitrate,1,/nfs/home/nshank3/lanthanide_dataset_builder/data/geometries/Nd/Nd_Z60_ox3_CN9_nlig2_nitrate_3be4a2dc935b.xyz,/nfs/home/nshank3/lanthanide_dataset_builder/data/geometries/Nd/Nd_Z60_ox3_CN9_nlig2_nitrate_3be4a2dc935b.mol2,,-5895.840459681328,ok,built (standard attempt 1),accepted,CCN(C(=O)c1cccc(-c2cccc(C(=O)N(CC)c3cc(C)ccc3C)n2)n1)c1cc(C)ccc1C,CCN(C(=O)c1cccc(-c2cccc(C(=O)N(CC)c3cc(C)ccc3C)n2)n1)c1cc(C)ccc1C,False,True,True,9,"N4,O5","89:O:2.32,5:O:2.37,17:O:2.44,30:N:2.44,77:O:2.47,101:N:2.48,29:N:2.48,102:N:2.49,145:O:2.73",2.7276298853859435,2.320981516393005,True,ok
b3f43cb08a3e,,70,Yb,3,CCCCCCCCN(C(=O)c1ccc2ccc3cccnc3c2n1)c1ccc(C)cc1,"[10, 21, 24]","[""O(amide_carbonyl)"", ""N(aromatic)"", ""N(aromatic)""]",3,8,2,nitrate,nitrate,2,/nfs/home/nshank3/lanthanide_dataset_builder/data/geometries/Yb/Yb_Z70_ox3_CN8_nlig2_nitrate_b3f43cb08a3e.xyz,/nfs/home/nshank3/lanthanide_dataset_builder/data/geometries/Yb/Yb_Z70_ox3_CN8_nlig2_nitrate_b3f43cb08a3e.mol2,,-5247.770807041448,ok,built (standard attempt 1),accepted,CCCCCCCCN(C(=O)c1ccc2ccc3cccnc3c2n1)c1ccc(C)cc1,CCCCCCCCN(C(=O)c1ccc2ccc3cccnc3c2n1)c1ccc(C)cc1,False,True,True,9,"N5,O4","130:O:2.10,129:O:2.16,74:O:2.17,11:O:2.30,88:N:2.31,25:N:2.33,85:N:2.39,22:N:2.49,127:N:2.49",2.493973555467497,2.09772495452,False,ok
8f30fbba865f,,58,Ce,3,CCCCN(CCCC)C(=O)c1ccc2ccc3ccc(C(=O)N(CCCC)CCCC)nc3c2n1,"[10, 22, 32, 35]","[""O(amide_carbonyl)"", ""O(amide_carbonyl)"", ""N(aromatic)"", ""N(aromatic)""]",4,9,2,nitrate,nitrate,1,/nfs/home/nshank3/lanthanide_dataset_builder/data/geometries/Ce/Ce_Z58_ox3_CN9_nlig2_nitrate_8f30fbba865f.xyz,/nfs/home/nshank3/lanthanide_dataset_builder/data/geometries/Ce/Ce_Z58_ox3_CN9_nlig2_nitrate_8f30fbba865f.mol2,,-5886.85048523708,ok,built (standard attempt 1),accepted,CCCCN(CCCC)C(=O)c1ccc2ccc3ccc(C(=O)N(CCCC)CCCC)nc3c2n1,CCCCN(CCCC)C(=O)c1ccc2ccc3ccc(C(=O)N(CCCC)CCCC)nc3c2n1,False,True,True,9,"N4,O5","23:O:2.28,101:O:2.40,11:O:2.44,33:N:2.45,89:O:2.46,111:N:2.46,36:N:2.51,114:N:2.60,157:O:2.66",2.656625747362403,2.2791254857478904,True,ok
cd5c9451993e,,70,Yb,3,CCc1ccc(N(CC)C(=O)c2ccc3ccc4ccc(C(=O)N(CC)c5ccc(CC)cc5)nc4c3n2)cc1,"[10, 22, 34, 37]","[""O(amide_carbonyl)"", ""O(amide_carbonyl)"", ""N(aromatic)"", ""N(aromatic)""]",4,8,2,nitrate,nitrate,0,/nfs/home/nshank3/lanthanide_dataset_builder/data/geometries/Yb/Yb_Z70_ox3_CN8_nlig2_nitrate_cd5c9451993e.xyz,/nfs/home/nshank3/lanthanide_dataset_builder/data/geometries/Yb/Yb_Z70_ox3_CN8_nlig2_nitrate_cd5c9451993e.mol2,,-5986.87825455372,ok,built (standard attempt 2),accepted,CCc1ccc(N(CC)C(=O)c2ccc3ccc4ccc(C(=O)N(CC)c5ccc(CC)cc5)nc4c3n2)cc1,CCc1ccc(N(CC)C(=O)c2ccc3ccc4ccc(C(=O)N(CC)c5ccc(CC)cc5)nc4c3n2)cc1,False,True,True,8,"N4,O4","23:O:2.27,11:O:2.35,85:O:2.38,112:N:2.40,97:O:2.40,35:N:2.48,38:N:2.51,109:N:2.53",2.527927203862322,2.2665355158041645,True,ok
28e521f57d3b,,63,Eu,3,O=C(O)CN(CCO)CCN(CC(=O)O)CC(=O)O,"[0, 2, 4, 7, 10, 13, 14, 17]","[""O(ester_carbonyl)"", ""O(hydroxyl)"", ""N(amine)"", ""O(hydroxyl)"", ""N(amine)"", ""O(ester_carbonyl)"", ""O(hydroxyl)"", ""O(ester_carbonyl)""]",8,9,1,nitrate,nitrate,1,/nfs/home/nshank3/lanthanide_dataset_builder/data/geometries/Eu/Eu_Z63_ox3_CN9_nlig1_nitrate_28e521f57d3b.xyz,/nfs/home/nshank3/lanthanide_dataset_builder/data/geometries/Eu/Eu_Z63_ox3_CN9_nlig1_nitrate_28e521f57d3b.mol2,,-1899.075892006296,ok,built (standard attempt 1),accepted,O=C(O)CN(CCO)CCN(CC(=O)O)CC(=O)O,O=C(O)CN(CCO)CCN(CC(=O)O)CC(=O)O,False,True,True,7,"N2,O5","14:O:2.12,1:O:2.26,18:O:2.31,8:O:2.41,38:O:2.41,5:N:2.51,11:N:2.87",2.8720024192023814,2.122854302601805,False,ok
9c969388a823,,63,Eu,3,CCN(C(=O)c1cccc(C(=O)N(CC)c2ccccc2C)n1)c1ccccc1C,"[4, 11, 22]","[""O(amide_carbonyl)"", ""O(amide_carbonyl)"", ""N(aromatic)""]",3,9,3,nitrate,nitrate,0,/nfs/home/nshank3/lanthanide_dataset_builder/data/geometries/Eu/Eu_Z63_ox3_CN9_nlig3_nitrate_9c969388a823.xyz,/nfs/home/nshank3/lanthanide_dataset_builder/data/geometries/Eu/Eu_Z63_ox3_CN9_nlig3_nitrate_9c969388a823.mol2,,-6881.158839814293,ok,built (standard attempt 1),accepted,CCN(C(=O)c1cccc(C(=O)N(CC)c2ccccc2C)n1)c1ccccc1C,CCN(C(=O)c1cccc(C(=O)N(CC)c2ccccc2C)n1)c1ccccc1C,False,True,True,9,"N3,O6","126:O:2.21,62:O:2.24,119:O:2.29,5:O:2.31,69:O:2.31,12:O:2.33,80:N:2.59,137:N:2.59,23:N:2.64",2.6430984506733726,2.2126400692051233,True,ok
3fdaf88840c9,,58,Ce,3,CCN(C(=O)c1cccc(C(=O)N(CC)c2cccc(C)c2)n1)c1cccc(C)c1,"[4, 11, 22]","[""O(amide_carbonyl)"", ""O(amide_carbonyl)"", ""N(aromatic)""]",3,9,3,nitrate,nitrate,0,/nfs/home/nshank3/lanthanide_dataset_builder/data/geometries/Ce/Ce_Z58_ox3_CN9_nlig3_nitrate_3fdaf88840c9.xyz,/nfs/home/nshank3/lanthanide_dataset_builder/data/geometries/Ce/Ce_Z58_ox3_CN9_nlig3_nitrate_3fdaf88840c9.mol2,,-6881.797197605245,ok,built (standard attempt 1),accepted,CCN(C(=O)c1cccc(C(=O)N(CC)c2cccc(C)c2)n1)c1cccc(C)c1,CCN(C(=O)c1cccc(C(=O)N(CC)c2cccc(C)c2)n1)c1cccc(C)c1,False,True,True,9,"N3,O6","69:O:2.26,12:O:2.26,126:O:2.29,5:O:2.32,62:O:2.34,119:O:2.37,23:N:2.59,137:N:2.64,80:N:2.68",2.6792085932125573,2.261950168375521,True,ok
f287c1970d51,,68,Er,3,CCCCCCc1ccc(N(CC)C(=O)c2cccc(-c3cccc(C(=O)N(CC)c4ccc(CCCCCC)cc4)n3)n2)cc1,"[14, 26, 42, 43]","[""O(amide_carbonyl)"", ""O(amide_carbonyl)"", ""N(aromatic)"", ""N(aromatic)""]",4,8,2,nitrate,nitrate,0,/nfs/home/nshank3/lanthanide_dataset_builder/data/geometries/Er/Er_Z68_ox3_CN8_nlig2_nitrate_f287c1970d51.xyz,/nfs/home/nshank3/lanthanide_dataset_builder/data/geometries/Er/Er_Z68_ox3_CN8_nlig2_nitrate_f287c1970d51.mol2,,-7131.288997571021,ok,built (standard attempt 1),accepted,CCCCCCc1ccc(N(CC)C(=O)c2cccc(-c3cccc(C(=O)N(CC)c4ccc(CCCCCC)cc4)n3)n2)cc1,CCCCCCc1ccc(N(CC)C(=O)c2cccc(-c3cccc(C(=O)N(CC)c4ccc(CCCCCC)cc4)n3)n2)cc1,False,True,True,8,"N4,O4","15:O:2.24,27:O:2.25,139:N:2.38,123:O:2.44,44:N:2.44,43:N:2.45,140:N:2.52,111:O:2.73",2.733726035206878,2.2434550943253764,True,ok
00b72194210d,,70,Yb,3,CCCCCCCCN(C)C(=O)COCC(=O)N(C)CCCCCCCC,"[11, 13, 16]","[""O(amide_carbonyl)"", ""O(ether)"", ""O(amide_carbonyl)""]",3,8,2,nitrate,nitrate,2,/nfs/home/nshank3/lanthanide_dataset_builder/data/geometries/Yb/Yb_Z70_ox3_CN8_nlig2_nitrate_00b72194210d.xyz,/nfs/home/nshank3/lanthanide_dataset_builder/data/geometries/Yb/Yb_Z70_ox3_CN8_nlig2_nitrate_00b72194210d.mol2,,-5193.617331339438,ok,built (standard attempt 1),accepted,CCCCCCCCN(C)C(=O)COCC(=O)N(C)CCCCCCCC,CCCCCCCCN(C)C(=O)COCC(=O)N(C)CCCCCCCC,False,True,True,9,"N1,O8","145:O:2.02,146:O:2.13,12:O:2.14,83:O:2.18,88:O:2.26,17:O:2.27,143:N:2.44,85:O:2.54,14:O:2.60",2.59727046944554,2.02277886587989,False,ok
96914ff1df96,,63,Eu,3,CCCCCCCCP(=O)(CC(=O)N(CC(C)C)CC(C)C)c1ccccc1,"[9, 12]","[""O(ether)"", ""O(amide_carbonyl)""]",2,9,4,nitrate,nitrate,1,/nfs/home/nshank3/lanthanide_dataset_builder/data/geometries/Eu/Eu_Z63_ox3_CN9_nlig4_nitrate_96914ff1df96.xyz,/nfs/home/nshank3/lanthanide_dataset_builder/data/geometries/Eu/Eu_Z63_ox3_CN9_nlig4_nitrate_96914ff1df96.mol2,,-9554.863301015252,ok,built (standard attempt 1),accepted,CCCCCCCCP(=O)(CC(=O)N(CC(C)C)CC(C)C)c1ccccc1,CCCCCCCCP(=O)(CC(=O)N(CC(C)C)CC(C)C)c1ccccc1,False,True,True,8,O8,"80:O:2.26,223:O:2.38,13:O:2.43,10:O:2.48,150:O:2.71,153:O:2.73,281:O:2.76,220:O:2.78",2.7810754081285425,2.2641142259193745,False,ok
c34baebca319,,62,Sm,3,CCCCCCN(CCCCCC)C(=O)CC(=O)N(CCCCCC)CCCCCC,"[14, 17]","[""O(amide_carbonyl)"", ""O(amide_carbonyl)""]",2,9,4,nitrate,nitrate,1,/nfs/home/nshank3/lanthanide_dataset_builder/data/geometries/Sm/Sm_Z62_ox3_CN9_nlig4_nitrate_c34baebca319.xyz,/nfs/home/nshank3/lanthanide_dataset_builder/data/geometries/Sm/Sm_Z62_ox3_CN9_nlig4_nitrate_c34baebca319.mol2,,-10964.15415219379,ok,built (standard attempt 1),accepted,CCCCCCN(CCCCCC)C(=O)CC(=O)N(CCCCCC)CCCCCC,CCCCCCN(CCCCCC)C(=O)CC(=O)N(CCCCCC)CCCCCC,False,True,True,9,O9,"100:O:2.37,270:O:2.40,103:O:2.41,188:O:2.45,341:O:2.59,273:O:2.60,15:O:2.62,185:O:2.68,18:O:2.73",2.727513404503625,2.3681983574763095,True,ok
fb58571ea1e3,,63,Eu,3,CCCCCCN(C)C(=O)CC(=O)N(C)CCCCCC,"[9, 12]","[""O(amide_carbonyl)"", ""O(amide_carbonyl)""]",2,9,4,nitrate,nitrate,1,/nfs/home/nshank3/lanthanide_dataset_builder/data/geometries/Eu/Eu_Z63_ox3_CN9_nlig4_nitrate_fb58571ea1e3.xyz,/nfs/home/nshank3/lanthanide_dataset_builder/data/geometries/Eu/Eu_Z63_ox3_CN9_nlig4_nitrate_fb58571ea1e3.mol2,,-7520.664303584798,ok,built (standard attempt 1),accepted,CCCCCCN(C)C(=O)CC(=O)N(C)CCCCCC,CCCCCCN(C)C(=O)CC(=O)N(C)CCCCCC,False,True,True,9,O9,"120:O:2.32,178:O:2.37,221:O:2.44,13:O:2.48,10:O:2.49,68:O:2.53,123:O:2.54,175:O:2.62,65:O:2.69",2.6935144233264317,2.3249045941015076,True,ok
7218af7f73e0,,66,Dy,3,CCCCCCCCN(C)C(=O)C(CCCCCC)C(=O)N(C)CCCCCCCC,"[11, 20]","[""O(amide_carbonyl)"", ""O(amide_carbonyl)""]",2,8,4,nitrate,nitrate,0,/nfs/home/nshank3/lanthanide_dataset_builder/data/geometries/Dy/Dy_Z66_ox3_CN8_nlig4_nitrate_7218af7f73e0.xyz,/nfs/home/nshank3/lanthanide_dataset_builder/data/geometries/Dy/Dy_Z66_ox3_CN8_nlig4_nitrate_7218af7f73e0.mol2,,-10822.883995295228,ok,built (standard attempt 1),accepted,CCCCCCCCN(C)C(=O)C(CCCCCC)C(=O)N(C)CCCCCCCC,CCCCCCCCN(C)C(=O)C(CCCCCC)C(=O)N(C)CCCCCCCC,False,True,True,7,O7,"267:O:2.33,12:O:2.35,182:O:2.37,97:O:2.45,276:O:2.46,21:O:2.49,106:O:2.51",2.5068211802712828,2.331967811195342,False,ok
4cb46c21efa5,,67,Ho,3,CC1(C)CCC(C)(C)c2nc(-c3cccc(-c4cccc(-c5nnc6c(n5)C(C)(C)CCC6(C)C)n4)n3)nnc21,"[9, 22, 23, 26, 35, 36, 37, 38]","[""N(aromatic)"", ""N(aromatic)"", ""N(aromatic)"", ""N(aromatic)"", ""N(aromatic)"", ""N(aromatic)"", ""N(aromatic)"", ""N(aromatic)""]",8,8,1,nitrate,nitrate,0,/nfs/home/nshank3/lanthanide_dataset_builder/data/geometries/Ho/Ho_Z67_ox3_CN8_nlig1_nitrate_4cb46c21efa5.xyz,/nfs/home/nshank3/lanthanide_dataset_builder/data/geometries/Ho/Ho_Z67_ox3_CN8_nlig1_nitrate_4cb46c21efa5.mol2,,-3019.9162801167818,ok,built (standard attempt 1),accepted,CC1(C)CCC(C)(C)c2nc(-c3cccc(-c4cccc(-c5nnc6c(n5)C(C)(C)CCC6(C)C)n4)n3)nnc21,CC1(C)CCC(C)(C)c2nc(-c3cccc(-c4cccc(-c5nnc6c(n5)C(C)(C)CCC6(C)C)n4)n3)nnc21,False,True,True,5,N5,"23:N:2.16,10:N:2.36,37:N:2.52,24:N:2.59,36:N:2.65",2.6477591720019142,2.164252574536772,False,ok
41258ba72432,,62,Sm,3,CCCCCCCCP(=O)(CC(=O)N(CC(C)C)CC(C)C)c1ccccc1,"[9, 12]","[""O(ether)"", ""O(amide_carbonyl)""]",2,9,4,nitrate,nitrate,1,/nfs/home/nshank3/lanthanide_dataset_builder/data/geometries/Sm/Sm_Z62_ox3_CN9_nlig4_nitrate_41258ba72432.xyz,/nfs/home/nshank3/lanthanide_dataset_builder/data/geometries/Sm/Sm_Z62_ox3_CN9_nlig4_nitrate_41258ba72432.mol2,,-9556.709195981904,ok,built (standard attempt 1),accepted,CCCCCCCCP(=O)(CC(=O)N(CC(C)C)CC(C)C)c1ccccc1,CCCCCCCCP(=O)(CC(=O)N(CC(C)C)CC(C)C)c1ccccc1,False,True,True,9,O9,"150:O:2.32,80:O:2.34,223:O:2.40,83:O:2.44,13:O:2.47,220:O:2.50,153:O:2.51,10:O:2.58,281:O:2.75",2.7486842509780938,2.317703632854497,True,ok
0507ced001b2,,64,Gd,3,CCCCCCN(CCC(C)CCC=C(C)C)C(=O)COCC(=O)N(CCCCCC)CCC(C)CCC=C(C)C,"[18, 20, 23]","[""O(amide_carbonyl)"", ""O(ether)"", ""O(amide_carbonyl)""]",3,9,3,water,water,0,/nfs/home/nshank3/lanthanide_dataset_builder/data/geometries/Gd/Gd_Z64_ox3_CN9_nlig3_water_0507ced001b2.xyz,/nfs/home/nshank3/lanthanide_dataset_builder/data/geometries/Gd/Gd_Z64_ox3_CN9_nlig3_water_0507ced001b2.mol2,,-10603.106573170566,ok,built (standard attempt 1),accepted,CCCCCCN(CCC(C)CCC=C(C)C)C(=O)COCC(=O)N(CCCCCC)CCC(C)CCC=C(C)C,CCCCCCN(CCC(C)CCC=C(C)C)C(=O)COCC(=O)N(CCCCCC)CCC(C)CCC=C(C)C,False,True,True,9,O9,"128:O:2.20,19:O:2.36,24:O:2.36,242:O:2.41,237:O:2.46,133:O:2.60,21:O:2.67,239:O:2.82,130:O:3.04",3.03524826506472,2.204661034361189,True,ok
01ab21da6e59,,67,Ho,3,CCCCCCCCCCCCN(CCCCCCCCCCCC)C(=O)COC1CCCN(CCCCCC)C1=O,"[26, 28, 41]","[""O(amide_carbonyl)"", ""O(ether)"", ""O(amide_carbonyl)""]",3,8,2,nitrate,nitrate,2,/nfs/home/nshank3/lanthanide_dataset_builder/data/geometries/Ho/Ho_Z67_ox3_CN8_nlig2_nitrate_01ab21da6e59.xyz,/nfs/home/nshank3/lanthanide_dataset_builder/data/geometries/Ho/Ho_Z67_ox3_CN8_nlig2_nitrate_01ab21da6e59.mol2,,-7723.769147581944,ok,built (standard attempt 1),accepted,CCCCCCCCCCCCN(CCCCCCCCCCCC)C(=O)COC1CCCN(CCCCCC)C1=O,CCCCCCCCCCCCN(CCCCCCCCCCCC)C(=O)COC1CCCN(CCCCCC)C1=O,False,True,True,9,"N1,O8","232:O:2.10,231:O:2.13,141:O:2.22,27:O:2.27,42:O:2.28,229:N:2.39,156:O:2.46,29:O:2.47,143:O:2.51",2.5136890881976424,2.0988909122376205,False,ok
e6ee8642b159,,66,Dy,3,CCCCCCN(CCC(C)CCCC(C)C)C(=O)COCC(=O)N(CCCCCC)CCC(C)CCCC(C)C,"[18, 20, 23]","[""O(amide_carbonyl)"", ""O(ether)"", ""O(amide_carbonyl)""]",3,8,2,water,water,2,/nfs/home/nshank3/lanthanide_dataset_builder/data/geometries/Dy/Dy_Z66_ox3_CN8_nlig2_water_e6ee8642b159.xyz,/nfs/home/nshank3/lanthanide_dataset_builder/data/geometries/Dy/Dy_Z66_ox3_CN8_nlig2_water_e6ee8642b159.mol2,,-7458.593282361177,ok,built (standard attempt 1),accepted,CCCCCCN(CCC(C)CCCC(C)C)C(=O)COCC(=O)N(CCCCCC)CCC(C)CCCC(C)C,CCCCCCN(CCC(C)CCCC(C)C)C(=O)COCC(=O)N(CCCCCC)CCC(C)CCCC(C)C,False,True,True,8,O8,"132:O:2.12,19:O:2.12,24:O:2.31,137:O:2.33,227:O:2.52,21:O:2.57,230:O:2.66,134:O:2.67",2.6679240858310105,2.117630426881633,True,ok
0316ab580175,,66,Dy,3,CCCCCCCCP(=O)(CCCCCCCC)Cc1cccc(CP(=O)(CCCCCCCC)CCCCCCCC)[n+]1[O-],"[9, 26, 44]","[""O(ether)"", ""O(ether)"", ""O(ether)""]",3,8,2,nitrate,nitrate,2,/nfs/home/nshank3/lanthanide_dataset_builder/data/geometries/Dy/Dy_Z66_ox3_CN8_nlig2_nitrate_0316ab580175.xyz,/nfs/home/nshank3/lanthanide_dataset_builder/data/geometries/Dy/Dy_Z66_ox3_CN8_nlig2_nitrate_0316ab580175.mol2,,-8155.40210263531,ok,built (standard attempt 1),accepted,CCCCCCCCP(=O)(CCCCCCCC)Cc1cccc(CP(=O)(CCCCCCCC)CCCCCCCC)[n+]1[O-],CCCCCCCCP(=O)(CCCCCCCC)Cc1cccc(CP(=O)(CCCCCCCC)CCCCCCCC)[n+]1[O-],False,True,True,11,"N2,O8,P1","165:O:2.03,243:O:2.15,27:O:2.15,147:O:2.15,244:O:2.17,130:O:2.37,241:N:2.40,45:O:2.78,164:N:2.83,146:P:2.99,10:O:3.20",3.1969246485781477,2.0298000083925984,False,ok
7f50bafcf653,,57,La,3,CCCCCCCCP(=O)(CCCCCCCC)Cc1cccc(CP(=O)(CCCCCCCC)CCCCCCCC)[n+]1[O-],"[9, 26, 44]","[""O(ether)"", ""O(ether)"", ""O(ether)""]",3,9,3,water,water,0,/nfs/home/nshank3/lanthanide_dataset_builder/data/geometries/La/La_Z57_ox3_CN9_nlig3_water_7f50bafcf653.xyz,/nfs/home/nshank3/lanthanide_dataset_builder/data/geometries/La/La_Z57_ox3_CN9_nlig3_water_7f50bafcf653.mol2,,-11603.73106612098,ok,built (standard attempt 1),accepted,CCCCCCCCP(=O)(CCCCCCCC)Cc1cccc(CP(=O)(CCCCCCCC)CCCCCCCC)[n+]1[O-],CCCCCCCCP(=O)(CCCCCCCC)Cc1cccc(CP(=O)(CCCCCCCC)CCCCCCCC)[n+]1[O-],False,True,True,11,"N2,O9","45:O:2.08,165:O:2.11,10:O:2.25,130:O:2.41,285:O:2.54,27:O:2.81,267:O:2.85,147:O:3.14,164:N:3.16,44:N:3.18,250:O:3.18",3.1830294617844426,2.0786420769343916,False,ok
78c4dd080e4c,,69,Tm,3,CCCCCCCCN(CCCCCCCC)C(=O)COCC(=O)N(CCCCCCCC)CCCCCCCC,"[18, 20, 23]","[""O(amide_carbonyl)"", ""O(ether)"", ""O(amide_carbonyl)""]",3,8,2,nitrate,nitrate,2,/nfs/home/nshank3/lanthanide_dataset_builder/data/geometries/Tm/Tm_Z69_ox3_CN8_nlig2_nitrate_78c4dd080e4c.xyz,/nfs/home/nshank3/lanthanide_dataset_builder/data/geometries/Tm/Tm_Z69_ox3_CN8_nlig2_nitrate_78c4dd080e4c.mol2,,-7604.580795056124,ok,built (standard attempt 1),accepted,CCCCCCCCN(CCCCCCCC)C(=O)COCC(=O)N(CCCCCCCC)CCCCCCCC,CCCCCCCCN(CCCCCCCC)C(=O)COCC(=O)N(CCCCCCCC)CCCCCCCC,False,True,True,9,"N1,O8","230:O:2.07,229:O:2.15,19:O:2.16,137:O:2.22,132:O:2.27,24:O:2.38,227:N:2.38,21:O:2.41,134:O:2.51",2.514150403852926,2.0679823540242435,False,ok
6beb6e4f3fac,,66,Dy,3,CCCCCCCCCCN(CCCCCCCCCC)C(=O)COCC(=O)N(CCCCCC)CCCCCC,"[22, 24, 27]","[""O(amide_carbonyl)"", ""O(ether)"", ""O(amide_carbonyl)""]",3,8,2,nitrate,nitrate,2,/nfs/home/nshank3/lanthanide_dataset_builder/data/geometries/Dy/Dy_Z66_ox3_CN8_nlig2_nitrate_6beb6e4f3fac.xyz,/nfs/home/nshank3/lanthanide_dataset_builder/data/geometries/Dy/Dy_Z66_ox3_CN8_nlig2_nitrate_6beb6e4f3fac.mol2,,-7604.964215916627,ok,built (standard attempt 1),accepted,CCCCCCCCCCN(CCCCCCCCCC)C(=O)COCC(=O)N(CCCCCC)CCCCCC,CCCCCCCCCCN(CCCCCCCCCC)C(=O)COCC(=O)N(CCCCCC)CCCCCC,False,True,True,9,"N1,O8","229:O:2.05,230:O:2.06,136:O:2.14,28:O:2.20,227:N:2.40,141:O:2.47,25:O:2.50,23:O:2.51,138:O:2.59",2.590122970079321,2.0497162991138906,False,ok
9217936670e5,,68,Er,3,CCCCCCCCCCN(CCCCCCCCCC)C(=O)COCC(=O)N(CCCCCC)CCCCCC,"[22, 24, 27]","[""O(amide_carbonyl)"", ""O(ether)"", ""O(amide_carbonyl)""]",3,8,2,water,water,2,/nfs/home/nshank3/lanthanide_dataset_builder/data/geometries/Er/Er_Z68_ox3_CN8_nlig2_water_9217936670e5.xyz,/nfs/home/nshank3/lanthanide_dataset_builder/data/geometries/Er/Er_Z68_ox3_CN8_nlig2_water_9217936670e5.mol2,,-7457.136963829983,ok,built (standard attempt 1),accepted,CCCCCCCCCCN(CCCCCCCCCC)C(=O)COCC(=O)N(CCCCCC)CCCCCC,CCCCCCCCCCN(CCCCCCCCCC)C(=O)COCC(=O)N(CCCCCC)CCCCCC,False,True,True,8,O8,"136:O:2.20,23:O:2.23,141:O:2.34,28:O:2.36,227:O:2.53,230:O:2.62,138:O:2.65,25:O:2.66",2.656046757634325,2.1967250347371414,True,ok
3bf55ebabec5,,71,Lu,3,CCN(CC)C(=O)COCC(=O)N(CC)CC,"[6, 8, 11]","[""O(amide_carbonyl)"", ""O(ether)"", ""O(amide_carbonyl)""]",3,8,2,nitrate,nitrate,2,/nfs/home/nshank3/lanthanide_dataset_builder/data/geometries/Lu/Lu_Z71_ox3_CN8_nlig2_nitrate_3bf55ebabec5.xyz,/nfs/home/nshank3/lanthanide_dataset_builder/data/geometries/Lu/Lu_Z71_ox3_CN8_nlig2_nitrate_3bf55ebabec5.mol2,,-3471.4030250638957,ok,built (standard attempt 1),accepted,CCN(CC)C(=O)COCC(=O)N(CC)CC,CCN(CC)C(=O)COCC(=O)N(CC)CC,False,True,True,9,"N1,O8","85:O:2.03,86:O:2.06,7:O:2.18,12:O:2.19,53:O:2.20,48:O:2.23,83:N:2.41,50:O:2.56,9:O:2.74",2.736681348610236,2.03150397056037,False,ok
9060a51020d0,,64,Gd,3,CCCCCCCCN(CCCCCCCC)C(=O)COCC(=O)N(CCCCCCCC)CCCCCCCC,"[18, 20, 23]","[""O(amide_carbonyl)"", ""O(ether)"", ""O(amide_carbonyl)""]",3,9,3,water,water,0,/nfs/home/nshank3/lanthanide_dataset_builder/data/geometries/Gd/Gd_Z64_ox3_CN9_nlig3_water_9060a51020d0.xyz,/nfs/home/nshank3/lanthanide_dataset_builder/data/geometries/Gd/Gd_Z64_ox3_CN9_nlig3_water_9060a51020d0.mol2,,-10773.865928011595,ok,built (standard attempt 1),accepted,CCCCCCCCN(CCCCCCCC)C(=O)COCC(=O)N(CCCCCCCC)CCCCCCCC,CCCCCCCCN(CCCCCCCC)C(=O)COCC(=O)N(CCCCCCCC)CCCCCCCC,False,True,True,7,O7,"137:O:2.13,24:O:2.27,250:O:2.40,132:O:2.54,19:O:2.61,21:O:2.91,245:O:3.01",3.0077307152214017,2.1266205011033397,False,ok
360ac5f4ff3e,,70,Yb,3,CCCCCCCCN(CCCCCCCC)C(=O)COCCOCC(=O)N(CCCCCCCC)CCCCCCCC,"[18, 20, 23, 26]","[""O(amide_carbonyl)"", ""O(ether)"", ""O(ether)"", ""O(amide_carbonyl)""]",4,8,2,nitrate,nitrate,0,/nfs/home/nshank3/lanthanide_dataset_builder/data/geometries/Yb/Yb_Z70_ox3_CN8_nlig2_nitrate_360ac5f4ff3e.xyz,/nfs/home/nshank3/lanthanide_dataset_builder/data/geometries/Yb/Yb_Z70_ox3_CN8_nlig2_nitrate_360ac5f4ff3e.mol2,,-7744.568483105404,ok,built (standard attempt 1),accepted,CCCCCCCCN(CCCCCCCC)C(=O)COCCOCC(=O)N(CCCCCCCC)CCCCCCCC,CCCCCCCCN(CCCCCCCC)C(=O)COCCOCC(=O)N(CCCCCCCC)CCCCCCCC,False,True,True,8,O8,"27:O:2.09,139:O:2.21,19:O:2.34,24:O:2.43,141:O:2.60,144:O:2.60,21:O:2.67,147:O:2.74",2.738768206379827,2.090317982944973,True,ok
8a40905d102b,,62,Sm,3,CCCCCCCCN(CCCCCCCC)C(=O)[C@H](CCC)O[C@H](CCC)C(=O)N(CCCCCCCC)CCCCCCCC,"[18, 23, 29]","[""O(amide_carbonyl)"", ""O(ether)"", ""O(amide_carbonyl)""]",3,9,3,nitrate,nitrate,0,/nfs/home/nshank3/lanthanide_dataset_builder/data/geometries/Sm/Sm_Z62_ox3_CN9_nlig3_nitrate_8a40905d102b.xyz,/nfs/home/nshank3/lanthanide_dataset_builder/data/geometries/Sm/Sm_Z62_ox3_CN9_nlig3_nitrate_8a40905d102b.mol2,,-12323.728658337228,ok,built (standard attempt 1),accepted,CCCCCCCCN(CCCCCCCC)C(=O)[C@H](CCC)O[C@H](CCC)C(=O)N(CCCCCCCC)CCCCCCCC,CCCCCCCCN(CCCCCCCC)C(=O)[C@H](CCC)O[C@H](CCC)C(=O)N(CCCCCCCC)CCCCCCCC,False,True,True,9,O9,"30:O:2.25,150:O:2.27,161:O:2.27,292:O:2.34,281:O:2.43,19:O:2.50,24:O:2.52,155:O:2.52,286:O:2.69",2.6874308930043185,2.248415844883157,True,ok
92e9b82aaf06,,65,Tb,3,CCCCCCCCN(CCCCCCCC)C(=O)[C@H](C)O[C@@H](CC)C(=O)N(CCCCCCCC)CCCCCCCC,"[18, 21, 26]","[""O(amide_carbonyl)"", ""O(ether)"", ""O(amide_carbonyl)""]",3,8,2,nitrate,nitrate,2,/nfs/home/nshank3/lanthanide_dataset_builder/data/geometries/Tb/Tb_Z65_ox3_CN8_nlig2_nitrate_92e9b82aaf06.xyz,/nfs/home/nshank3/lanthanide_dataset_builder/data/geometries/Tb/Tb_Z65_ox3_CN8_nlig2_nitrate_92e9b82aaf06.mol2,,-8122.4638200844,ok,built (standard attempt 1),accepted,CCCCCCCCN(CCCCCCCC)C(=O)[C@H](C)O[C@@H](CC)C(=O)N(CCCCCCCC)CCCCCCCC,CCCCCCCCN(CCCCCCCC)C(=O)[C@H](C)O[C@@H](CC)C(=O)N(CCCCCCCC)CCCCCCCC,False,True,True,9,"N1,O8","247:O:2.08,248:O:2.12,27:O:2.19,149:O:2.20,141:O:2.21,19:O:2.34,144:O:2.38,245:N:2.42,22:O:2.71",2.709778230841705,2.0763065863352885,False,ok
07655ff7a828,,63,Eu,3,O=C(c1cccc(C(=O)N2CCCC2)n1)N1CCCC1,"[0, 8, 14]","[""O(amide_carbonyl)"", ""O(amide_carbonyl)"", ""N(aromatic)""]",3,9,3,nitrate,nitrate,0,/nfs/home/nshank3/lanthanide_dataset_builder/data/geometries/Eu/Eu_Z63_ox3_CN9_nlig3_nitrate_07655ff7a828.xyz,/nfs/home/nshank3/lanthanide_dataset_builder/data/geometries/Eu/Eu_Z63_ox3_CN9_nlig3_nitrate_07655ff7a828.mol2,,-4799.994715483581,ok,built (standard attempt 1),accepted,O=C(c1cccc(C(=O)N2CCCC2)n1)N1CCCC1,O=C(c1cccc(C(=O)N2CCCC2)n1)N1CCCC1,False,True,True,9,"N3,O6","1:O:2.32,48:O:2.41,87:O:2.46,15:N:2.47,54:N:2.50,79:O:2.57,9:O:2.58,40:O:2.60,93:N:2.83",2.825657157953698,2.3243410122517587,True,ok
17ade3ff0dc6,,68,Er,3,C1COCCOCCOCCOCCOCCO1,"[2, 5, 8, 11, 14, 17]","[""O(ether)"", ""O(ether)"", ""O(ether)"", ""O(ether)"", ""O(ether)"", ""O(ether)""]",6,8,1,nitrate,nitrate,2,/nfs/home/nshank3/lanthanide_dataset_builder/data/geometries/Er/Er_Z68_ox3_CN8_nlig1_nitrate_17ade3ff0dc6.xyz,/nfs/home/nshank3/lanthanide_dataset_builder/data/geometries/Er/Er_Z68_ox3_CN8_nlig1_nitrate_17ade3ff0dc6.mol2,,-2115.0639026855447,ok,built (standard attempt 1),accepted,C1COCCOCCOCCOCCOCCO1,C1COCCOCCOCCOCCOCCO1,False,True,True,9,"N1,O8","46:O:2.03,45:O:2.13,3:O:2.18,9:O:2.29,15:O:2.34,6:O:2.37,43:N:2.47,18:O:2.54,12:O:2.54",2.5376935451351232,2.033712243188292,False,ok
e063c6236fdd,,69,Tm,3,CC(C)CCCC(C)CCCCN(C)C(=O)COCC(=O)N(C)CCCCC(C)CCCC(C)C,"[15, 17, 20]","[""O(amide_carbonyl)"", ""O(ether)"", ""O(amide_carbonyl)""]",3,8,2,water,water,2,/nfs/home/nshank3/lanthanide_dataset_builder/data/geometries/Tm/Tm_Z69_ox3_CN8_nlig2_water_e063c6236fdd.xyz,/nfs/home/nshank3/lanthanide_dataset_builder/data/geometries/Tm/Tm_Z69_ox3_CN8_nlig2_water_e063c6236fdd.mol2,,-6423.763587458005,ok,built (standard attempt 1),accepted,CC(C)CCCC(C)CCCCN(C)C(=O)COCC(=O)N(C)CCCCC(C)CCCC(C)C,CC(C)CCCC(C)CCCCN(C)C(=O)COCC(=O)N(C)CCCCC(C)CCCC(C)C,False,True,True,8,O8,"21:O:2.21,116:O:2.22,16:O:2.23,111:O:2.35,191:O:2.49,18:O:2.52,194:O:2.57,113:O:2.61",2.613438236950164,2.212937708550888,True,ok
9868f7044b6e,,60,Nd,3,CCCCC(CC)CP(=O)(CC(=O)N(CC(C)C)CC(C)C)c1ccccc1,"[9, 12]","[""O(ether)"", ""O(amide_carbonyl)""]",2,9,4,nitrate,nitrate,1,/nfs/home/nshank3/lanthanide_dataset_builder/data/geometries/Nd/Nd_Z60_ox3_CN9_nlig4_nitrate_9868f7044b6e.xyz,/nfs/home/nshank3/lanthanide_dataset_builder/data/geometries/Nd/Nd_Z60_ox3_CN9_nlig4_nitrate_9868f7044b6e.mol2,,-9556.073753552995,ok,built (standard attempt 1),accepted,CCCCC(CC)CP(=O)(CC(=O)N(CC(C)C)CC(C)C)c1ccccc1,CCCCC(CC)CP(=O)(CC(=O)N(CC(C)C)CC(C)C)c1ccccc1,False,True,True,9,O9,"220:O:2.38,150:O:2.42,80:O:2.44,13:O:2.50,10:O:2.52,223:O:2.53,281:O:2.54,83:O:2.72,153:O:2.72",2.7210482889693663,2.378041274324732,True,ok
9f02bbfb7e4d,,66,Dy,3,CCCCCCCCN(CC(C)C)C(=O)COCC(=O)N(CCCCCCCC)CC(C)C,"[14, 16, 19]","[""O(amide_carbonyl)"", ""O(ether)"", ""O(amide_carbonyl)""]",3,8,2,nitrate,nitrate,2,/nfs/home/nshank3/lanthanide_dataset_builder/data/geometries/Dy/Dy_Z66_ox3_CN8_nlig2_nitrate_9f02bbfb7e4d.xyz,/nfs/home/nshank3/lanthanide_dataset_builder/data/geometries/Dy/Dy_Z66_ox3_CN8_nlig2_nitrate_9f02bbfb7e4d.mol2,,-6227.777875449755,ok,built (standard attempt 1),accepted,CCCCCCCCN(CC(C)C)C(=O)COCC(=O)N(CCCCCCCC)CC(C)C,CCCCCCCCN(CC(C)C)C(=O)COCC(=O)N(CCCCCCCC)CC(C)C,False,True,True,9,"N1,O8","181:O:2.03,182:O:2.12,104:O:2.22,20:O:2.25,15:O:2.30,109:O:2.32,179:N:2.37,17:O:2.64,106:O:2.73",2.72915662287633,2.0285277922234712,False,ok
b82b233b5b64,,66,Dy,3,CCCN(CCC)C(=O)COCC(=O)N(CCC)CCC,"[8, 10, 13]","[""O(amide_carbonyl)"", ""O(ether)"", ""O(amide_carbonyl)""]",3,8,2,nitrate,nitrate,2,/nfs/home/nshank3/lanthanide_dataset_builder/data/geometries/Dy/Dy_Z66_ox3_CN8_nlig2_nitrate_b82b233b5b64.xyz,/nfs/home/nshank3/lanthanide_dataset_builder/data/geometries/Dy/Dy_Z66_ox3_CN8_nlig2_nitrate_b82b233b5b64.mol2,,-4161.286489331738,ok,built (standard attempt 1),accepted,CCCN(CCC)C(=O)COCC(=O)N(CCC)CCC,CCCN(CCC)C(=O)COCC(=O)N(CCC)CCC,False,True,True,9,"N1,O8","110:O:2.12,62:O:2.15,9:O:2.15,109:O:2.17,14:O:2.19,67:O:2.49,107:N:2.52,64:O:2.56,11:O:2.73",2.7252160634953584,2.116913020747308,False,ok
e2b24a5fecd5,,68,Er,3,CCCCCCC(C)N(CCCC)C(=O)COCC(=O)N(CCCC)C(C)CCCCCC,"[14, 16, 19]","[""O(amide_carbonyl)"", ""O(ether)"", ""O(amide_carbonyl)""]",3,8,2,water,water,2,/nfs/home/nshank3/lanthanide_dataset_builder/data/geometries/Er/Er_Z68_ox3_CN8_nlig2_water_e2b24a5fecd5.xyz,/nfs/home/nshank3/lanthanide_dataset_builder/data/geometries/Er/Er_Z68_ox3_CN8_nlig2_water_e2b24a5fecd5.mol2,,-6080.022954916853,ok,built (standard attempt 1),accepted,CCCCCCC(C)N(CCCC)C(=O)COCC(=O)N(CCCC)C(C)CCCCCC,CCCCCCC(C)N(CCCC)C(=O)COCC(=O)N(CCCC)C(C)CCCCCC,False,True,True,8,O8,"15:O:2.11,104:O:2.18,109:O:2.22,20:O:2.23,17:O:2.34,106:O:2.41,179:O:2.62,182:O:2.76",2.7565397799498728,2.1107299388210428,True,ok
47192dd771b6,,68,Er,3,CCCCCCCCN(CCCC(CCCC)CCCCCC)C(=O)COCC(=O)N(CCCCCCCC)CCCC(CCCC)CCCCCC,"[24, 26, 29]","[""O(amide_carbonyl)"", ""O(ether)"", ""O(amide_carbonyl)""]",3,8,2,water,water,2,/nfs/home/nshank3/lanthanide_dataset_builder/data/geometries/Er/Er_Z68_ox3_CN8_nlig2_water_47192dd771b6.xyz,/nfs/home/nshank3/lanthanide_dataset_builder/data/geometries/Er/Er_Z68_ox3_CN8_nlig2_water_47192dd771b6.mol2,,-9523.18139669117,ok,built (standard attempt 1),accepted,CCCCCCCCN(CCCC(CCCC)CCCCCC)C(=O)COCC(=O)N(CCCCCCCC)CCCC(CCCC)CCCCCC,CCCCCCCCN(CCCC(CCCC)CCCCCC)C(=O)COCC(=O)N(CCCCCCCC)CCCC(CCCC)CCCCCC,False,True,True,8,O8,"25:O:2.19,174:O:2.26,179:O:2.41,30:O:2.44,299:O:2.52,302:O:2.55,27:O:2.72,176:O:2.75",2.7473995654483003,2.1901931937656527,True,ok
d5f18b7632f0,,63,Eu,3,CCCCCCCCCCCCN(C)C(=O)C1CC(OC)CC(C(=O)N(C)CCCCCCCCCCCC)O1,"[15, 19, 24, 39]","[""O(amide_carbonyl)"", ""O(ether)"", ""O(amide_carbonyl)"", ""O(ether)""]",4,9,2,nitrate,nitrate,1,/nfs/home/nshank3/lanthanide_dataset_builder/data/geometries/Eu/Eu_Z63_ox3_CN9_nlig2_nitrate_d5f18b7632f0.xyz,/nfs/home/nshank3/lanthanide_dataset_builder/data/geometries/Eu/Eu_Z63_ox3_CN9_nlig2_nitrate_d5f18b7632f0.mol2,,-7141.303200794713,ok,built (standard attempt 1),accepted,CCCCCCCCCCCCN(C)C(=O)C1CC(OC)CC(C(=O)N(C)CCCCCCCCCCCC)O1,CCCCCCCCCCCCN(C)C(=O)C1CC(OC)CC(C(=O)N(C)CCCCCCCCCCCC)O1,False,True,True,9,O9,"25:O:2.30,131:O:2.46,122:O:2.46,213:O:2.48,16:O:2.52,146:O:2.62,40:O:2.67,126:O:2.96,20:O:3.10",3.102790005571864,2.3015901409039956,True,ok
ec68ed441941,,63,Eu,3,CCCCCCCCCCCCNC(=O)c1cc(OC)ccn1,"[14, 18, 22]","[""O(amide_carbonyl)"", ""O(ether)"", ""N(aromatic)""]",3,9,3,nitrate,nitrate,0,/nfs/home/nshank3/lanthanide_dataset_builder/data/geometries/Eu/Eu_Z63_ox3_CN9_nlig3_nitrate_ec68ed441941.xyz,/nfs/home/nshank3/lanthanide_dataset_builder/data/geometries/Eu/Eu_Z63_ox3_CN9_nlig3_nitrate_ec68ed441941.mol2,,-5793.288735753886,ok,built (standard attempt 2),accepted,CCCCCCCCCCCCNC(=O)c1cc(OC)ccn1,CCCCCCCCCCCCNC(=O)c1cc(OC)ccn1,False,True,True,5,"N2,O3","15:O:2.23,70:O:2.23,125:O:2.24,78:N:2.97,23:N:3.15",3.1463608530622538,2.2256435468076092,False,ok
ff2323ff5a7c,,71,Lu,3,CCCCCc1nnc(-c2cccc(-c3cccc(-c4nnc(CCCCC)c(CCCCC)n4)n3)n2)nc1CCCCC,"[6, 7, 20, 21, 34, 35, 36, 37]","[""N(aromatic)"", ""N(aromatic)"", ""N(aromatic)"", ""N(aromatic)"", ""N(aromatic)"", ""N(aromatic)"", ""N(aromatic)"", ""N(aromatic)""]",8,8,1,nitrate,nitrate,0,/nfs/home/nshank3/lanthanide_dataset_builder/data/geometries/Lu/Lu_Z71_ox3_CN8_nlig1_nitrate_ff2323ff5a7c.xyz,/nfs/home/nshank3/lanthanide_dataset_builder/data/geometries/Lu/Lu_Z71_ox3_CN8_nlig1_nitrate_ff2323ff5a7c.mol2,,-3417.6449454482454,ok,built (standard attempt 1),accepted,CCCCCc1nnc(-c2cccc(-c3cccc(-c4nnc(CCCCC)c(CCCCC)n4)n3)n2)nc1CCCCC,CCCCCc1nnc(-c2cccc(-c3cccc(-c4nnc(CCCCC)c(CCCCC)n4)n3)n2)nc1CCCCC,False,True,True,6,N6,"8:N:2.22,21:N:2.28,7:N:2.40,36:N:2.54,37:N:2.59,22:N:3.06",3.0630866123246396,2.2209566914947825,False,ok
c49dc298becb,,68,Er,3,c1ccc2c(c1)OCCOCCOc1ccccc1OCCOCCO2,"[6, 9, 12, 19, 22, 25]","[""O(ether)"", ""O(ether)"", ""O(ether)"", ""O(ether)"", ""O(ether)"", ""O(ether)""]",6,8,1,nitrate,nitrate,2,/nfs/home/nshank3/lanthanide_dataset_builder/data/geometries/Er/Er_Z68_ox3_CN8_nlig1_nitrate_c49dc298becb.xyz,/nfs/home/nshank3/lanthanide_dataset_builder/data/geometries/Er/Er_Z68_ox3_CN8_nlig1_nitrate_c49dc298becb.mol2,,-2581.530375625186,ok,built (standard attempt 1),accepted,c1ccc2c(c1)OCCOCCOc1ccccc1OCCOCCO2,c1ccc2c(c1)OCCOCCOc1ccccc1OCCOCCO2,False,True,True,9,"N1,O8","54:O:2.06,53:O:2.12,7:O:2.26,13:O:2.33,23:O:2.36,26:O:2.43,51:N:2.48,10:O:2.57,20:O:2.58",2.5774852596685975,2.0639023695062853,False,ok
881269e891b6,,63,Eu,3,CCCCCCN(CCCCCC)C(=O)COCC(=O)N1CCOCC1,"[14, 16, 19, 23]","[""O(amide_carbonyl)"", ""O(ether)"", ""O(amide_carbonyl)"", ""O(ether)""]",4,9,2,water,water,1,/nfs/home/nshank3/lanthanide_dataset_builder/data/geometries/Eu/Eu_Z63_ox3_CN9_nlig2_water_881269e891b6.xyz,/nfs/home/nshank3/lanthanide_dataset_builder/data/geometries/Eu/Eu_Z63_ox3_CN9_nlig2_water_881269e891b6.mol2,,-4729.437628178023,ok,built (standard attempt 1),accepted,CCCCCCN(CCCCCC)C(=O)COCC(=O)N1CCOCC1,CCCCCCN(CCCCCC)C(=O)COCC(=O)N1CCOCC1,False,True,True,9,O9,"20:O:2.21,15:O:2.24,17:O:2.28,84:O:2.29,81:O:2.45,88:O:2.58,79:O:2.63,129:O:2.68,24:O:2.93",2.933667921585181,2.2130684918302927,True,ok
9c6735a06e2b,,63,Eu,3,CCCCN(CCCC)C(=O)COCC(=O)NCCCCCNC(=O)COCC(=O)N(CCCC)CCCC,"[10, 12, 15]","[""O(amide_carbonyl)"", ""O(ether)"", ""O(amide_carbonyl)""]",3,9,3,nitrate,nitrate,0,/nfs/home/nshank3/lanthanide_dataset_builder/data/geometries/Eu/Eu_Z63_ox3_CN9_nlig3_nitrate_9c6735a06e2b.xyz,/nfs/home/nshank3/lanthanide_dataset_builder/data/geometries/Eu/Eu_Z63_ox3_CN9_nlig3_nitrate_9c6735a06e2b.mol2,,-10359.992354545357,ok,built (standard attempt 1),accepted,CCCCN(CCCC)C(=O)COCC(=O)NCCCCCNC(=O)COCC(=O)N(CCCC)CCCC,CCCCN(CCCC)C(=O)COCC(=O)NCCCCCNC(=O)COCC(=O)N(CCCC)CCCC,False,True,True,9,O9,"106:O:2.20,11:O:2.28,16:O:2.30,111:O:2.34,201:O:2.48,206:O:2.49,108:O:2.58,13:O:2.64,203:O:2.76",2.7554314642461395,2.200225050777719,True,ok
6fab5f0b8d63,,63,Eu,3,CCCCCCCCN(CC(=O)N(CCCCCCCC)CCCCCCCC)CC(=O)N(CCCCCCCC)CCCCCCCC,"[8, 11, 31]","[""N(amine)"", ""O(amide_carbonyl)"", ""O(amide_carbonyl)""]",3,9,3,nitrate,nitrate,0,/nfs/home/nshank3/lanthanide_dataset_builder/data/geometries/Eu/Eu_Z63_ox3_CN9_nlig3_nitrate_6fab5f0b8d63.xyz,/nfs/home/nshank3/lanthanide_dataset_builder/data/geometries/Eu/Eu_Z63_ox3_CN9_nlig3_nitrate_6fab5f0b8d63.mol2,,-12788.193674996632,ok,built (standard attempt 1),accepted,CCCCCCCCN(CC(=O)N(CCCCCCCC)CCCCCCCC)CC(=O)N(CCCCCCCC)CCCCCCCC,CCCCCCCCN(CC(=O)N(CCCCCCCC)CCCCCCCC)CC(=O)N(CCCCCCCC)CCCCCCCC,False,True,True,9,"N3,O6","288:O:2.11,150:O:2.33,170:O:2.39,12:O:2.60,308:O:2.60,285:N:2.76,147:N:2.87,9:N:2.87,32:O:3.08",3.079017174933796,2.1093563599044756,True,ok
063ec39d482f,,63,Eu,3,Cc1cc(-c2cc(C)cc(-c3nnc4c(n3)C(C)(C)CCC4(C)C)n2)nc(-c2nnc3c(n2)C(C)(C)CCC3(C)C)c1,"[11, 12, 15, 24, 25, 28, 29, 32]","[""N(aromatic)"", ""N(aromatic)"", ""N(aromatic)"", ""N(aromatic)"", ""N(aromatic)"", ""N(aromatic)"", ""N(aromatic)"", ""N(aromatic)""]",8,9,1,water,water,1,/nfs/home/nshank3/lanthanide_dataset_builder/data/geometries/Eu/Eu_Z63_ox3_CN9_nlig1_water_063ec39d482f.xyz,/nfs/home/nshank3/lanthanide_dataset_builder/data/geometries/Eu/Eu_Z63_ox3_CN9_nlig1_water_063ec39d482f.mol2,,-3334.253133820245,ok,built (standard attempt 1),accepted,Cc1cc(-c2cc(C)cc(-c3nnc4c(n3)C(C)(C)CCC4(C)C)n2)nc(-c2nnc3c(n2)C(C)(C)CCC3(C)C)c1,Cc1cc(-c2cc(C)cc(-c3nnc4c(n3)C(C)(C)CCC4(C)C)n2)nc(-c2nnc3c(n2)C(C)(C)CCC3(C)C)c1,False,True,True,7,"N6,O1","12:N:2.20,29:N:2.22,13:N:2.47,85:O:2.57,26:N:2.58,25:N:2.62,30:N:2.73",2.7258676071415517,2.20233156938728,False,ok
08cfcc1735a0,,63,Eu,3,CCN(CC)C(=O)c1ccc2ccc3cccnc3c2n1,"[6, 17, 20]","[""O(amide_carbonyl)"", ""N(aromatic)"", ""N(aromatic)""]",3,9,3,water,water,0,/nfs/home/nshank3/lanthanide_dataset_builder/data/geometries/Eu/Eu_Z63_ox3_CN9_nlig3_water_08cfcc1735a0.xyz,/nfs/home/nshank3/lanthanide_dataset_builder/data/geometries/Eu/Eu_Z63_ox3_CN9_nlig3_water_08cfcc1735a0.mol2,,-4732.400538011188,ok,built (standard attempt 1),accepted,CCN(CC)C(=O)c1ccc2ccc3cccnc3c2n1,CCN(CC)C(=O)c1ccc2ccc3cccnc3c2n1,False,True,True,9,"N6,O3","83:O:2.25,7:O:2.28,45:O:2.29,59:N:2.42,21:N:2.43,56:N:2.45,97:N:2.47,94:N:2.54,18:N:2.55",2.5511442016479173,2.2467795239182182,True,ok
40369a910258,,64,Gd,3,CCCCCCCCN(CCCCCCCC)C(=O)[C@H](C)O[C@H](C)C(=O)N(CCCCCCCC)CCCCCCCC,"[18, 21, 25]","[""O(amide_carbonyl)"", ""O(ether)"", ""O(amide_carbonyl)""]",3,9,3,nitrate,nitrate,0,/nfs/home/nshank3/lanthanide_dataset_builder/data/geometries/Gd/Gd_Z64_ox3_CN9_nlig3_nitrate_40369a910258.xyz,/nfs/home/nshank3/lanthanide_dataset_builder/data/geometries/Gd/Gd_Z64_ox3_CN9_nlig3_nitrate_40369a910258.mol2,,-11290.276831319348,ok,built (standard attempt 1),accepted,CCCCCCCCN(CCCCCCCC)C(=O)[C@H](C)O[C@H](C)C(=O)N(CCCCCCCC)CCCCCCCC,CCCCCCCCN(CCCCCCCC)C(=O)[C@H](C)O[C@H](C)C(=O)N(CCCCCCCC)CCCCCCCC,False,True,True,8,O8,"145:O:2.17,257:O:2.22,264:O:2.39,19:O:2.54,141:O:2.60,26:O:2.66,260:O:2.70,22:O:2.72",2.724635934781204,2.1724663549371366,False,ok
0d198a0a6ef3,,64,Gd,3,CCCCCCCCN(CCCC(CCCC)CCCCCC)C(=O)COCC(=O)N(CCCCCCCC)CCCC(CCCC)CCCCCC,"[24, 26, 29]","[""O(amide_carbonyl)"", ""O(ether)"", ""O(amide_carbonyl)""]",3,9,3,water,water,0,/nfs/home/nshank3/lanthanide_dataset_builder/data/geometries/Gd/Gd_Z64_ox3_CN9_nlig3_water_0d198a0a6ef3.xyz,/nfs/home/nshank3/lanthanide_dataset_builder/data/geometries/Gd/Gd_Z64_ox3_CN9_nlig3_water_0d198a0a6ef3.mol2,,-13871.077957597405,ok,built (standard attempt 1),accepted,CCCCCCCCN(CCCC(CCCC)CCCCCC)C(=O)COCC(=O)N(CCCCCCCC)CCCC(CCCC)CCCCCC,CCCCCCCCN(CCCC(CCCC)CCCCCC)C(=O)COCC(=O)N(CCCCCCCC)CCCC(CCCC)CCCCCC,False,True,True,9,O9,"328:O:2.14,25:O:2.27,30:O:2.29,179:O:2.44,174:O:2.45,323:O:2.47,27:O:2.70,176:O:2.88,325:O:3.18",3.1809877468383023,2.1350909021092783,True,ok
14ced76044ca,,67,Ho,3,CCCCCCCCC(C)(C)SCC1CN(C(=O)COCC(=O)N2CC(C)C(CSC(C)(C)CCCCCCCC)C2)CC1C,"[17, 19, 22]","[""O(amide_carbonyl)"", ""O(ether)"", ""O(amide_carbonyl)""]",3,8,2,water,water,2,/nfs/home/nshank3/lanthanide_dataset_builder/data/geometries/Ho/Ho_Z67_ox3_CN8_nlig2_water_14ced76044ca.xyz,/nfs/home/nshank3/lanthanide_dataset_builder/data/geometries/Ho/Ho_Z67_ox3_CN8_nlig2_water_14ced76044ca.mol2,,-8045.412518932104,ok,built (standard attempt 1),accepted,CCCCCCCCC(C)(C)SCC1CN(C(=O)COCC(=O)N2CC(C)C(CSC(C)(C)CCCCCCCC)C2)CC1C,CCCCCCCCC(C)(C)SCC1CN(C(=O)COCC(=O)N2CC(C)C(CSC(C)(C)CCCCCCCC)C2)CC1C,False,True,True,8,O8,"23:O:2.19,18:O:2.24,135:O:2.25,140:O:2.37,238:O:2.48,137:O:2.52,20:O:2.53,235:O:2.59",2.585012496699792,2.1873855586436957,True,ok
1f713626bd1d,,57,La,3,CCCCC(CC)CN(CC(CC)CCCC)C(=O)COCC(=O)N(CC(CC)CCCC)CC(CC)CCCC,"[18, 20, 23]","[""O(amide_carbonyl)"", ""O(ether)"", ""O(amide_carbonyl)""]",3,9,3,water,water,0,/nfs/home/nshank3/lanthanide_dataset_builder/data/geometries/La/La_Z57_ox3_CN9_nlig3_water_1f713626bd1d.xyz,/nfs/home/nshank3/lanthanide_dataset_builder/data/geometries/La/La_Z57_ox3_CN9_nlig3_water_1f713626bd1d.mol2,,-10776.650327064088,ok,built (standard attempt 1),accepted,CCCCC(CC)CN(CC(CC)CCCC)C(=O)COCC(=O)N(CC(CC)CCCC)CC(CC)CCCC,CCCCC(CC)CN(CC(CC)CCCC)C(=O)COCC(=O)N(CC(CC)CCCC)CC(CC)CCCC,False,True,True,9,O9,"137:O:2.41,19:O:2.50,24:O:2.51,245:O:2.54,134:O:2.65,250:O:2.70,132:O:2.76,21:O:2.81,247:O:2.88",2.8754525669995195,2.412403342097798,True,ok
37968b1527ea,,60,Nd,3,CC(C)CN(CC(C)C)C(=O)COCC(=O)N(CC(C)C)CC(C)C,"[10, 12, 15]","[""O(amide_carbonyl)"", ""O(ether)"", ""O(amide_carbonyl)""]",3,9,3,nitrate,nitrate,0,/nfs/home/nshank3/lanthanide_dataset_builder/data/geometries/Nd/Nd_Z60_ox3_CN9_nlig3_nitrate_37968b1527ea.xyz,/nfs/home/nshank3/lanthanide_dataset_builder/data/geometries/Nd/Nd_Z60_ox3_CN9_nlig3_nitrate_37968b1527ea.mol2,,-6643.3552693371375,ok,built (standard attempt 1),accepted,CC(C)CN(CC(C)C)C(=O)COCC(=O)N(CC(C)C)CC(C)C,CC(C)CN(CC(C)C)C(=O)COCC(=O)N(CC(C)C)CC(C)C,False,True,True,9,O9,"76:O:2.26,146:O:2.35,81:O:2.43,11:O:2.43,143:O:2.46,141:O:2.48,16:O:2.53,78:O:2.53,13:O:2.82",2.8188855056771347,2.258071551430834,True,ok
fc7c12e9d044,,71,Lu,3,CCCCCCCCN(CCC)C(=O)COCC(=O)N(CCC)CCCCCCCC,"[13, 15, 18]","[""O(amide_carbonyl)"", ""O(ether)"", ""O(amide_carbonyl)""]",3,8,2,water,water,2,/nfs/home/nshank3/lanthanide_dataset_builder/data/geometries/Lu/Lu_Z71_ox3_CN8_nlig2_water_fc7c12e9d044.xyz,/nfs/home/nshank3/lanthanide_dataset_builder/data/geometries/Lu/Lu_Z71_ox3_CN8_nlig2_water_fc7c12e9d044.mol2,,-5734.577284129936,ok,built (standard attempt 1),accepted,CCCCCCCCN(CCC)C(=O)COCC(=O)N(CCC)CCCCCCCC,CCCCCCCCN(CCC)C(=O)COCC(=O)N(CCC)CCCCCCCC,False,True,True,8,O8,"14:O:2.12,97:O:2.14,19:O:2.31,102:O:2.33,99:O:2.47,167:O:2.48,16:O:2.52,170:O:2.54",2.5400600943326865,2.1168211169684237,True,ok
01e76e93d20f,,71,Lu,3,CCCCCCn1c(-c2ccccc2)c(-c2ccccc2)c2cc3ccc4cc5c(-c6ccccc6)c(-c6ccccc6)n(CCCCCC)c(=O)c5nc4c3nc2c1=O,"[6, 43, 51, 53, 56, 59]","[""N(aromatic)"", ""N(aromatic)"", ""O(amide_carbonyl)"", ""N(aromatic)"", ""N(aromatic)"", ""O(amide_carbonyl)""]",6,8,1,water,water,2,/nfs/home/nshank3/lanthanide_dataset_builder/data/geometries/Lu/Lu_Z71_ox3_CN8_nlig1_water_01e76e93d20f.xyz,/nfs/home/nshank3/lanthanide_dataset_builder/data/geometries/Lu/Lu_Z71_ox3_CN8_nlig1_water_01e76e93d20f.mol2,,-4649.403905553593,ok,built (standard attempt 1),accepted,CCCCCCn1c(-c2ccccc2)c(-c2ccccc2)c2cc3ccc4cc5c(-c6ccccc6)c(-c6ccccc6)n(CCCCCC)c(=O)c5nc4c3nc2c1=O,CCCCCCn1c(-c2ccccc2)c(-c2ccccc2)c2cc3ccc4cc5c(-c6ccccc6)c(-c6ccccc6)n(CCCCCC)c(=O)c5nc4c3nc2c1=O,False,True,True,6,"N2,O4","52:O:2.10,60:O:2.21,57:N:2.26,54:N:2.38,111:O:2.38,114:O:2.59",2.5933885368410676,2.104151723461512,False,ok
189fe1ed8c01,,70,Yb,3,CCCCCCCCN(C)C(=O)COCC(=O)N(C)CCCCCCCC,"[11, 13, 16]","[""O(amide_carbonyl)"", ""O(ether)"", ""O(amide_carbonyl)""]",3,8,2,water,water,2,/nfs/home/nshank3/lanthanide_dataset_builder/data/geometries/Yb/Yb_Z70_ox3_CN8_nlig2_water_189fe1ed8c01.xyz,/nfs/home/nshank3/lanthanide_dataset_builder/data/geometries/Yb/Yb_Z70_ox3_CN8_nlig2_water_189fe1ed8c01.mol2,,-5045.363185283417,ok,built (standard attempt 1),accepted,CCCCCCCCN(C)C(=O)COCC(=O)N(C)CCCCCCCC,CCCCCCCCN(C)C(=O)COCC(=O)N(C)CCCCCCCC,False,True,True,8,O8,"17:O:2.09,88:O:2.10,83:O:2.19,12:O:2.26,14:O:2.45,85:O:2.51,143:O:2.56,146:O:2.81",2.813417179117693,2.088226639319328,True,ok
8cca367a290e,,59,Pr,3,CCCCCCCCN(CCC)C(=O)COCC(=O)N(CCC)CCCCCCCC,"[13, 15, 18]","[""O(amide_carbonyl)"", ""O(ether)"", ""O(amide_carbonyl)""]",3,9,3,water,water,0,/nfs/home/nshank3/lanthanide_dataset_builder/data/geometries/Pr/Pr_Z59_ox3_CN9_nlig3_water_8cca367a290e.xyz,/nfs/home/nshank3/lanthanide_dataset_builder/data/geometries/Pr/Pr_Z59_ox3_CN9_nlig3_water_8cca367a290e.mol2,,-8193.170576801796,ok,built (standard attempt 1),accepted,CCCCCCCCN(CCC)C(=O)COCC(=O)N(CCC)CCCCCCCC,CCCCCCCCN(CCC)C(=O)COCC(=O)N(CCC)CCCCCCCC,False,True,True,9,O9,"102:O:2.29,180:O:2.30,185:O:2.36,14:O:2.45,19:O:2.48,99:O:2.48,97:O:2.62,182:O:2.62,16:O:2.70",2.703019898877616,2.294878973363738,True,ok
dec418ee11a4,,59,Pr,3,CCCCCCCCN(CCC(C)CC(C)(C)C)C(=O)COCC(=O)N(CCCCCCCC)CCC(C)CC(C)(C)C,"[19, 21, 24]","[""O(amide_carbonyl)"", ""O(ether)"", ""O(amide_carbonyl)""]",3,9,3,water,water,0,/nfs/home/nshank3/lanthanide_dataset_builder/data/geometries/Pr/Pr_Z59_ox3_CN9_nlig3_water_dec418ee11a4.xyz,/nfs/home/nshank3/lanthanide_dataset_builder/data/geometries/Pr/Pr_Z59_ox3_CN9_nlig3_water_dec418ee11a4.mol2,,-11292.600334566669,ok,built (standard attempt 1),accepted,CCCCCCCCN(CCC(C)CC(C)(C)C)C(=O)COCC(=O)N(CCCCCCCC)CCC(C)CC(C)(C)C,CCCCCCCCN(CCC(C)CC(C)(C)C)C(=O)COCC(=O)N(CCCCCCCC)CCC(C)CC(C)(C)C,False,True,True,9,O9,"20:O:2.34,263:O:2.36,258:O:2.42,139:O:2.50,22:O:2.50,25:O:2.56,260:O:2.63,144:O:2.64,141:O:2.71",2.713626441312156,2.339698302577954,True,ok
c614ad7fb8d4,,62,Sm,3,COCCN(CCOC)C(=O)COCC(=O)N(CCOC)CCOC,"[1, 7, 10, 12, 15, 19, 23]","[""O(ether)"", ""O(ether)"", ""O(amide_carbonyl)"", ""O(ether)"", ""O(amide_carbonyl)"", ""O(ether)"", ""O(ether)""]",7,9,1,water,water,2,/nfs/home/nshank3/lanthanide_dataset_builder/data/geometries/Sm/Sm_Z62_ox3_CN9_nlig1_water_c614ad7fb8d4.xyz,/nfs/home/nshank3/lanthanide_dataset_builder/data/geometries/Sm/Sm_Z62_ox3_CN9_nlig1_water_c614ad7fb8d4.mol2,,-2583.599589344949,ok,built (standard attempt 1),accepted,COCCN(CCOC)C(=O)COCC(=O)N(CCOC)CCOC,COCCN(CCOC)C(=O)COCC(=O)N(CCOC)CCOC,False,True,True,9,O9,"11:O:2.25,16:O:2.27,2:O:2.41,61:O:2.56,20:O:2.57,58:O:2.58,13:O:2.67,24:O:2.81,8:O:2.92",2.9189675164467053,2.248967653198416,True,ok
fe2ac47d90be,,59,Pr,3,c1cc2nc(c1)COc1ccccc1OCCOCCOc1ccccc1OC2,"[3, 7, 14, 17, 20, 27]","[""N(aromatic)"", ""O(ether)"", ""O(ether)"", ""O(ether)"", ""O(ether)"", ""O(ether)""]",6,9,1,nitrate,nitrate,3,/nfs/home/nshank3/lanthanide_dataset_builder/data/geometries/Pr/Pr_Z59_ox3_CN9_nlig1_nitrate_fe2ac47d90be.xyz,/nfs/home/nshank3/lanthanide_dataset_builder/data/geometries/Pr/Pr_Z59_ox3_CN9_nlig1_nitrate_fe2ac47d90be.mol2,,-2852.7548105620663,ok,built (standard attempt 2),accepted,c1cc2nc(c1)COc1ccccc1OCCOCCOc1ccccc1OC2,c1cc2nc(c1)COc1ccccc1OCCOCCOc1ccccc1OC2,False,True,True,10,"N2,O8","55:O:2.19,56:O:2.23,15:O:2.25,28:O:2.38,53:N:2.58,4:N:2.58,8:O:2.60,21:O:2.69,18:O:2.76,57:O:2.82",2.8214331453553423,2.188578330378464,False,ok
59fa2fc349b4,,67,Ho,3,CCCCCCOP(=O)(O)OCCCCCC,"[6, 8, 9, 10]","[""O(ether)"", ""O(ether)"", ""O(hydroxyl)"", ""O(ether)""]",4,8,2,nitrate,nitrate,0,/nfs/home/nshank3/lanthanide_dataset_builder/data/geometries/Ho/Ho_Z67_ox3_CN8_nlig2_nitrate_59fa2fc349b4.xyz,/nfs/home/nshank3/lanthanide_dataset_builder/data/geometries/Ho/Ho_Z67_ox3_CN8_nlig2_nitrate_59fa2fc349b4.mol2,,-3172.0260599650383,ok,built (standard attempt 4),accepted,CCCCCCOP(=O)(O)OCCCCCC,CCCCCCOP(=O)(O)OCCCCCC,False,True,True,7,"O5,P2","9:O:2.05,53:O:2.11,11:O:2.20,51:O:2.37,52:P:2.67,8:P:2.74,55:O:2.92",2.921359304929881,2.0462520626865834,False,ok
d84dbffddc12,,58,Ce,3,CCCCCCCCCCCCN(CCCCCCCC)C(=O)COCC(=O)N(CCCCCCCC)CCCCCCCCCCCC,"[22, 24, 27]","[""O(amide_carbonyl)"", ""O(ether)"", ""O(amide_carbonyl)""]",3,9,3,water,water,0,/nfs/home/nshank3/lanthanide_dataset_builder/data/geometries/Ce/Ce_Z58_ox3_CN9_nlig3_water_d84dbffddc12.xyz,/nfs/home/nshank3/lanthanide_dataset_builder/data/geometries/Ce/Ce_Z58_ox3_CN9_nlig3_water_d84dbffddc12.mol2,,-12842.696170099416,ok,built (standard attempt 1),accepted,CCCCCCCCCCCCN(CCCCCCCC)C(=O)COCC(=O)N(CCCCCCCC)CCCCCCCCCCCC,CCCCCCCCCCCCN(CCCCCCCC)C(=O)COCC(=O)N(CCCCCCCC)CCCCCCCCCCCC,False,True,True,9,O9,"297:O:2.32,160:O:2.34,23:O:2.36,28:O:2.37,165:O:2.44,302:O:2.50,25:O:2.52,299:O:2.78,162:O:2.88",2.8783587447329677,2.319283164916398,True,ok
0453c5e4f135,,58,Ce,3,c1ccc2c(c1)OCCOCCOc1ccccc1OCCOCCO2,"[6, 9, 12, 19, 22, 25]","[""O(ether)"", ""O(ether)"", ""O(ether)"", ""O(ether)"", ""O(ether)"", ""O(ether)""]",6,9,1,nitrate,nitrate,3,/nfs/home/nshank3/lanthanide_dataset_builder/data/geometries/Ce/Ce_Z58_ox3_CN9_nlig1_nitrate_0453c5e4f135.xyz,/nfs/home/nshank3/lanthanide_dataset_builder/data/geometries/Ce/Ce_Z58_ox3_CN9_nlig1_nitrate_0453c5e4f135.mol2,,-2722.8469511642834,ok,built (standard attempt 4),accepted,c1ccc2c(c1)OCCOCCOc1ccccc1OCCOCCO2,c1ccc2c(c1)OCCOCCOc1ccccc1OCCOCCO2,False,True,True,10,"N1,O9","53:O:2.15,54:O:2.18,23:O:2.37,13:O:2.38,20:O:2.43,10:O:2.55,55:O:2.55,51:N:2.56,26:O:2.58,7:O:2.70",2.695676505904626,2.149533261549065,False,ok
8d3294e0ac8d,,63,Eu,3,CC1(C)OC(C)(C)c2nc(-c3cccc(-c4cccc(-c5nnc6c(n5)C(C)(C)OC6(C)C)n4)n3)nnc21,"[3, 8, 21, 22, 25, 29, 33, 34]","[""O(ether)"", ""N(aromatic)"", ""N(aromatic)"", ""N(aromatic)"", ""N(aromatic)"", ""O(ether)"", ""N(aromatic)"", ""N(aromatic)""]",8,9,1,nitrate,nitrate,1,/nfs/home/nshank3/lanthanide_dataset_builder/data/geometries/Eu/Eu_Z63_ox3_CN9_nlig1_nitrate_8d3294e0ac8d.xyz,/nfs/home/nshank3/lanthanide_dataset_builder/data/geometries/Eu/Eu_Z63_ox3_CN9_nlig1_nitrate_8d3294e0ac8d.mol2,,-3035.304559680197,ok,built (standard attempt 3),accepted,CC1(C)OC(C)(C)c2nc(-c3cccc(-c4cccc(-c5nnc6c(n5)C(C)(C)OC6(C)C)n4)n3)nnc21,CC1(C)OC(C)(C)c2nc(-c3cccc(-c4cccc(-c5nnc6c(n5)C(C)(C)OC6(C)C)n4)n3)nnc21,False,True,True,6,"N3,O3","34:N:2.60,35:N:2.72,26:N:2.75,69:O:2.99,30:O:3.03,4:O:3.07",3.0686360454877635,2.602101507637893,False,ok
19e40aa7a143,,66,Dy,3,CN(C(=O)c1cccc(C(=O)N(C)c2ccccc2)n1)c1ccccc1,"[3, 10, 19]","[""O(amide_carbonyl)"", ""O(amide_carbonyl)"", ""N(aromatic)""]",3,8,2,nitrate,nitrate,2,/nfs/home/nshank3/lanthanide_dataset_builder/data/geometries/Dy/Dy_Z66_ox3_CN8_nlig2_nitrate_19e40aa7a143.xyz,/nfs/home/nshank3/lanthanide_dataset_builder/data/geometries/Dy/Dy_Z66_ox3_CN8_nlig2_nitrate_19e40aa7a143.mol2,,-4318.319632902028,ok,built (standard attempt 1),accepted,CN(C(=O)c1cccc(C(=O)N(C)c2ccccc2)n1)c1ccccc1,CN(C(=O)c1cccc(C(=O)N(C)c2ccccc2)n1)c1ccccc1,False,True,True,9,"N3,O6","93:O:2.11,94:O:2.17,56:O:2.19,11:O:2.21,49:O:2.27,65:N:2.31,4:O:2.48,91:N:2.51,20:N:2.52",2.516587120176425,2.1086415711998368,False,ok
a793bef2526f,,70,Yb,3,CCCCCCCCN(CCCCCCCC)C(=O)c1ccc2ccc3ccc(C(=O)N(CCCCCCCC)CCCCCCCC)nc3c2n1,"[18, 30, 48, 51]","[""O(amide_carbonyl)"", ""O(amide_carbonyl)"", ""N(aromatic)"", ""N(aromatic)""]",4,8,2,nitrate,nitrate,0,/nfs/home/nshank3/lanthanide_dataset_builder/data/geometries/Yb/Yb_Z70_ox3_CN8_nlig2_nitrate_a793bef2526f.xyz,/nfs/home/nshank3/lanthanide_dataset_builder/data/geometries/Yb/Yb_Z70_ox3_CN8_nlig2_nitrate_a793bef2526f.mol2,,-8500.409811203828,ok,built (standard attempt 2),accepted,CCCCCCCCN(CCCCCCCC)C(=O)c1ccc2ccc3ccc(C(=O)N(CCCCCCCC)CCCCCCCC)nc3c2n1,CCCCCCCCN(CCCCCCCC)C(=O)c1ccc2ccc3ccc(C(=O)N(CCCCCCCC)CCCCCCCC)nc3c2n1,False,True,True,8,"N4,O4","31:O:2.19,145:O:2.22,49:N:2.33,178:N:2.33,19:O:2.34,52:N:2.45,175:N:2.46,157:O:2.52",2.5166649346827996,2.190512367549988,True,ok
6c4c4b9f9946,,58,Ce,3,CCCCCCCCN(CCCCCCCC)C(=O)C(C)OC(C)C(=O)N(CCCCCCCC)CCCCCCCC,"[18, 21, 25]","[""O(amide_carbonyl)"", ""O(ether)"", ""O(amide_carbonyl)""]",3,9,3,nitrate,nitrate,0,/nfs/home/nshank3/lanthanide_dataset_builder/data/geometries/Ce/Ce_Z58_ox3_CN9_nlig3_nitrate_6c4c4b9f9946.xyz,/nfs/home/nshank3/lanthanide_dataset_builder/data/geometries/Ce/Ce_Z58_ox3_CN9_nlig3_nitrate_6c4c4b9f9946.mol2,,-11291.07073538198,ok,built (standard attempt 1),accepted,CCCCCCCCN(CCCCCCCC)C(=O)C(C)OC(C)C(=O)N(CCCCCCCC)CCCCCCCC,CCCCCCCCN(CCCCCCCC)C(=O)C(C)OC(C)C(=O)N(CCCCCCCC)CCCCCCCC,False,True,True,8,O8,"19:O:2.22,264:O:2.26,145:O:2.35,260:O:2.55,26:O:2.66,141:O:2.68,22:O:2.89,138:O:3.01",3.0084935232199275,2.2150559733544513,False,ok
da9ddf9cfb60,,58,Ce,3,CN(C(=O)CC(=O)N(C)c1ccccc1)c1ccccc1,"[3, 6]","[""O(amide_carbonyl)"", ""O(amide_carbonyl)""]",2,9,4,nitrate,nitrate,1,/nfs/home/nshank3/lanthanide_dataset_builder/data/geometries/Ce/Ce_Z58_ox3_CN9_nlig4_nitrate_da9ddf9cfb60.xyz,/nfs/home/nshank3/lanthanide_dataset_builder/data/geometries/Ce/Ce_Z58_ox3_CN9_nlig4_nitrate_da9ddf9cfb60.mol2,,-6629.426251335869,ok,built (standard attempt 1),accepted,CN(C(=O)CC(=O)N(C)c1ccccc1)c1ccccc1,CN(C(=O)CC(=O)N(C)c1ccccc1)c1ccccc1,False,True,True,9,O9,"124:O:2.35,7:O:2.40,82:O:2.45,46:O:2.47,85:O:2.47,121:O:2.51,157:O:2.57,4:O:2.58,43:O:2.59",2.592114659298332,2.353797781708646,True,ok
a9a7588bfc02,,59,Pr,3,CCCCCCCCN(C)C(=O)C(CCOCCCCCC)C(=O)N(C)CCCCCCCC,"[11, 15, 23]","[""O(amide_carbonyl)"", ""O(ether)"", ""O(amide_carbonyl)""]",3,9,3,nitrate,nitrate,0,/nfs/home/nshank3/lanthanide_dataset_builder/data/geometries/Pr/Pr_Z59_ox3_CN9_nlig3_nitrate_a9a7588bfc02.xyz,/nfs/home/nshank3/lanthanide_dataset_builder/data/geometries/Pr/Pr_Z59_ox3_CN9_nlig3_nitrate_a9a7588bfc02.mol2,,-8966.749522241631,ok,built (standard attempt 1),accepted,CCCCCCCCN(C)C(=O)C(CCOCCCCCC)C(=O)N(C)CCCCCCCC,CCCCCCCCN(C)C(=O)C(CCOCCCCCC)C(=O)N(C)CCCCCCCC,False,True,True,8,O8,"12:O:2.13,116:O:2.21,196:O:2.21,24:O:2.52,108:O:2.62,104:O:2.76,200:O:3.00,16:O:3.16",3.1602339902883823,2.1271275800149825,False,ok
e69ce81c1c61,,71,Lu,3,CCN(C(=O)c1cccc(-c2cccc(C(=O)N(CC)c3cc(C)cc(C)c3)n2)n1)c1cc(C)cc(C)c1,"[4, 16, 28, 29]","[""O(amide_carbonyl)"", ""O(amide_carbonyl)"", ""N(aromatic)"", ""N(aromatic)""]",4,8,2,nitrate,nitrate,0,/nfs/home/nshank3/lanthanide_dataset_builder/data/geometries/Lu/Lu_Z71_ox3_CN8_nlig2_nitrate_e69ce81c1c61.xyz,/nfs/home/nshank3/lanthanide_dataset_builder/data/geometries/Lu/Lu_Z71_ox3_CN8_nlig2_nitrate_e69ce81c1c61.mol2,,-5755.176063663932,ok,built (standard attempt 1),accepted,CCN(C(=O)c1cccc(-c2cccc(C(=O)N(CC)c3cc(C)cc(C)c3)n2)n1)c1cc(C)cc(C)c1,CCN(C(=O)c1cccc(-c2cccc(C(=O)N(CC)c3cc(C)cc(C)c3)n2)n1)c1cc(C)cc(C)c1,False,True,True,8,"N4,O4","17:O:2.11,5:O:2.12,77:O:2.16,89:O:2.17,30:N:2.41,102:N:2.41,29:N:2.44,101:N:2.44",2.442769353409801,2.1145172452570233,True,ok
bf70acef9bd9,,62,Sm,3,CCN(C(=O)c1cccc(-c2cccc(C(=O)N(CC)c3cc(C)cc(C)c3)n2)n1)c1cc(C)cc(C)c1,"[4, 16, 28, 29]","[""O(amide_carbonyl)"", ""O(amide_carbonyl)"", ""N(aromatic)"", ""N(aromatic)""]",4,9,2,nitrate,nitrate,1,/nfs/home/nshank3/lanthanide_dataset_builder/data/geometries/Sm/Sm_Z62_ox3_CN9_nlig2_nitrate_bf70acef9bd9.xyz,/nfs/home/nshank3/lanthanide_dataset_builder/data/geometries/Sm/Sm_Z62_ox3_CN9_nlig2_nitrate_bf70acef9bd9.mol2,,-5894.998156622674,ok,built (standard attempt 1),accepted,CCN(C(=O)c1cccc(-c2cccc(C(=O)N(CC)c3cc(C)cc(C)c3)n2)n1)c1cc(C)cc(C)c1,CCN(C(=O)c1cccc(-c2cccc(C(=O)N(CC)c3cc(C)cc(C)c3)n2)n1)c1cc(C)cc(C)c1,False,True,True,9,"N4,O5","17:O:2.23,89:O:2.24,77:O:2.35,102:N:2.38,101:N:2.38,29:N:2.39,5:O:2.41,30:N:2.42,145:O:3.13",3.1276204308922084,2.225856941992806,True,ok
2e9f73b8c9a6,,69,Tm,3,CCN(C(=O)c1cccc(-c2cccc(C(=O)N(CC)c3cc(C)ccc3C)n2)n1)c1cc(C)ccc1C,"[4, 16, 28, 29]","[""O(amide_carbonyl)"", ""O(amide_carbonyl)"", ""N(aromatic)"", ""N(aromatic)""]",4,8,2,nitrate,nitrate,0,/nfs/home/nshank3/lanthanide_dataset_builder/data/geometries/Tm/Tm_Z69_ox3_CN8_nlig2_nitrate_2e9f73b8c9a6.xyz,/nfs/home/nshank3/lanthanide_dataset_builder/data/geometries/Tm/Tm_Z69_ox3_CN8_nlig2_nitrate_2e9f73b8c9a6.mol2,,-5753.131531492573,ok,built (standard attempt 1),accepted,CCN(C(=O)c1cccc(-c2cccc(C(=O)N(CC)c3cc(C)ccc3C)n2)n1)c1cc(C)ccc1C,CCN(C(=O)c1cccc(-c2cccc(C(=O)N(CC)c3cc(C)ccc3C)n2)n1)c1cc(C)ccc1C,False,True,True,8,"N4,O4","5:O:2.27,77:O:2.38,17:O:2.40,89:O:2.41,101:N:2.51,29:N:2.66,102:N:2.66,30:N:2.68",2.6814029140426077,2.26960653029936,True,ok
aac6ecb6c550,,58,Ce,3,CCN(C(=O)c1cccc(-c2cccc(C(=O)N(CC)c3cc(C)ccc3C)n2)n1)c1cc(C)ccc1C,"[4, 16, 28, 29]","[""O(amide_carbonyl)"", ""O(amide_carbonyl)"", ""N(aromatic)"", ""N(aromatic)""]",4,9,2,nitrate,nitrate,1,/nfs/home/nshank3/lanthanide_dataset_builder/data/geometries/Ce/Ce_Z58_ox3_CN9_nlig2_nitrate_aac6ecb6c550.xyz,/nfs/home/nshank3/lanthanide_dataset_builder/data/geometries/Ce/Ce_Z58_ox3_CN9_nlig2_nitrate_aac6ecb6c550.mol2,,-5896.532198366523,ok,built (standard attempt 1),accepted,CCN(C(=O)c1cccc(-c2cccc(C(=O)N(CC)c3cc(C)ccc3C)n2)n1)c1cc(C)ccc1C,CCN(C(=O)c1cccc(-c2cccc(C(=O)N(CC)c3cc(C)ccc3C)n2)n1)c1cc(C)ccc1C,False,True,True,9,"N4,O5","77:O:2.27,102:N:2.37,17:O:2.37,89:O:2.38,29:N:2.40,5:O:2.40,30:N:2.41,101:N:2.42,145:O:2.80",2.802984467479978,2.2732740299233987,True,ok
e8a069653872,,57,La,3,CCc1ccc(N(CC)C(=O)c2ccc3ccc4ccc(C(=O)N(CC)c5ccc(CC)cc5)nc4c3n2)cc1,"[10, 22, 34, 37]","[""O(amide_carbonyl)"", ""O(amide_carbonyl)"", ""N(aromatic)"", ""N(aromatic)""]",4,9,2,nitrate,nitrate,1,/nfs/home/nshank3/lanthanide_dataset_builder/data/geometries/La/La_Z57_ox3_CN9_nlig2_nitrate_e8a069653872.xyz,/nfs/home/nshank3/lanthanide_dataset_builder/data/geometries/La/La_Z57_ox3_CN9_nlig2_nitrate_e8a069653872.mol2,,-6131.720107320291,ok,built (standard attempt 1),accepted,CCc1ccc(N(CC)C(=O)c2ccc3ccc4ccc(C(=O)N(CC)c5ccc(CC)cc5)nc4c3n2)cc1,CCc1ccc(N(CC)C(=O)c2ccc3ccc4ccc(C(=O)N(CC)c5ccc(CC)cc5)nc4c3n2)cc1,False,True,True,9,"N4,O5","85:O:2.36,23:O:2.44,11:O:2.49,112:N:2.52,38:N:2.53,35:N:2.56,109:N:2.58,97:O:2.61,149:O:2.83",2.8312259623168665,2.356267765543624,True,ok
62d86ee18db9,,69,Tm,3,CCc1ccc(N(CC)C(=O)c2ccc3ccc4ccc(C(=O)N(CC)c5ccc(CC)cc5)nc4c3n2)cc1,"[10, 22, 34, 37]","[""O(amide_carbonyl)"", ""O(amide_carbonyl)"", ""N(aromatic)"", ""N(aromatic)""]",4,8,2,nitrate,nitrate,0,/nfs/home/nshank3/lanthanide_dataset_builder/data/geometries/Tm/Tm_Z69_ox3_CN8_nlig2_nitrate_62d86ee18db9.xyz,/nfs/home/nshank3/lanthanide_dataset_builder/data/geometries/Tm/Tm_Z69_ox3_CN8_nlig2_nitrate_62d86ee18db9.mol2,,-5985.497310631418,ok,built (standard attempt 1),accepted,CCc1ccc(N(CC)C(=O)c2ccc3ccc4ccc(C(=O)N(CC)c5ccc(CC)cc5)nc4c3n2)cc1,CCc1ccc(N(CC)C(=O)c2ccc3ccc4ccc(C(=O)N(CC)c5ccc(CC)cc5)nc4c3n2)cc1,False,True,True,8,"N4,O4","85:O:2.08,11:O:2.16,112:N:2.19,38:N:2.21,35:N:2.32,109:N:2.41,23:O:2.53,97:O:2.89",2.8855954393653116,2.080237771238131,True,ok
b236b6f60311,,62,Sm,3,O=C(O)CN(CCO)CCN(CC(=O)O)CC(=O)O,"[0, 2, 4, 7, 10, 13, 14, 17]","[""O(ester_carbonyl)"", ""O(hydroxyl)"", ""N(amine)"", ""O(hydroxyl)"", ""N(amine)"", ""O(ester_carbonyl)"", ""O(hydroxyl)"", ""O(ester_carbonyl)""]",8,9,1,nitrate,nitrate,1,/nfs/home/nshank3/lanthanide_dataset_builder/data/geometries/Sm/Sm_Z62_ox3_CN9_nlig1_nitrate_b236b6f60311.xyz,/nfs/home/nshank3/lanthanide_dataset_builder/data/geometries/Sm/Sm_Z62_ox3_CN9_nlig1_nitrate_b236b6f60311.mol2,,-1899.2277885940991,ok,built (standard attempt 1),accepted,O=C(O)CN(CCO)CCN(CC(=O)O)CC(=O)O,O=C(O)CN(CCO)CCN(CC(=O)O)CC(=O)O,False,True,True,7,"N2,O5","18:O:2.17,1:O:2.17,14:O:2.22,38:O:2.31,8:O:2.32,5:N:2.54,11:N:2.77",2.7703003499755248,2.1666785447923016,False,ok
f31ab54d2cd7,,63,Eu,3,CCN(C(=O)c1cccc(C(=O)N(CC)c2ccc(C)cc2)n1)c1ccc(C)cc1,"[4, 11, 22]","[""O(amide_carbonyl)"", ""O(amide_carbonyl)"", ""N(aromatic)""]",3,9,3,nitrate,nitrate,0,/nfs/home/nshank3/lanthanide_dataset_builder/data/geometries/Eu/Eu_Z63_ox3_CN9_nlig3_nitrate_f31ab54d2cd7.xyz,/nfs/home/nshank3/lanthanide_dataset_builder/data/geometries/Eu/Eu_Z63_ox3_CN9_nlig3_nitrate_f31ab54d2cd7.mol2,,-6880.601082905352,ok,built (standard attempt 1),accepted,CCN(C(=O)c1cccc(C(=O)N(CC)c2ccc(C)cc2)n1)c1ccc(C)cc1,CCN(C(=O)c1cccc(C(=O)N(CC)c2ccc(C)cc2)n1)c1ccc(C)cc1,False,True,True,9,"N3,O6","69:O:2.19,62:O:2.22,126:O:2.23,5:O:2.28,119:O:2.35,12:O:2.40,137:N:2.41,80:N:2.51,23:N:2.58",2.576570497851099,2.1915303618608455,True,ok
3982ef27bf6b,,57,La,3,CCN(C(=O)c1cccc(C(=O)N(CC)c2cccc(C)c2)n1)c1cccc(C)c1,"[4, 11, 22]","[""O(amide_carbonyl)"", ""O(amide_carbonyl)"", ""N(aromatic)""]",3,9,3,nitrate,nitrate,0,/nfs/home/nshank3/lanthanide_dataset_builder/data/geometries/La/La_Z57_ox3_CN9_nlig3_nitrate_3982ef27bf6b.xyz,/nfs/home/nshank3/lanthanide_dataset_builder/data/geometries/La/La_Z57_ox3_CN9_nlig3_nitrate_3982ef27bf6b.mol2,,-6882.962340649539,ok,built (standard attempt 1),accepted,CCN(C(=O)c1cccc(C(=O)N(CC)c2cccc(C)c2)n1)c1cccc(C)c1,CCN(C(=O)c1cccc(C(=O)N(CC)c2cccc(C)c2)n1)c1cccc(C)c1,False,True,True,9,"N3,O6","126:O:2.25,62:O:2.31,69:O:2.31,119:O:2.35,12:O:2.38,5:O:2.40,80:N:2.52,23:N:2.54,137:N:2.55",2.551929384145641,2.25323166767648,True,ok
5554eaf366fe,,68,Er,3,CCN(C(=O)c1cccc(C(=O)N(CC)c2ccccc2C)n1)c1ccccc1C,"[4, 11, 22]","[""O(amide_carbonyl)"", ""O(amide_carbonyl)"", ""N(aromatic)""]",3,8,2,nitrate,nitrate,2,/nfs/home/nshank3/lanthanide_dataset_builder/data/geometries/Er/Er_Z68_ox3_CN8_nlig2_nitrate_5554eaf366fe.xyz,/nfs/home/nshank3/lanthanide_dataset_builder/data/geometries/Er/Er_Z68_ox3_CN8_nlig2_nitrate_5554eaf366fe.mol2,,-5007.805013785687,ok,built (standard attempt 1),accepted,CCN(C(=O)c1cccc(C(=O)N(CC)c2ccccc2C)n1)c1ccccc1C,CCN(C(=O)c1cccc(C(=O)N(CC)c2ccccc2C)n1)c1ccccc1C,False,True,True,9,"N3,O6","118:O:2.13,69:O:2.16,117:O:2.17,5:O:2.20,62:O:2.23,80:N:2.35,12:O:2.43,115:N:2.50,23:N:2.54",2.5442523393321532,2.132164971693822,False,ok
0d2f900796bc,,69,Tm,3,CCCCCCCCN(C)C(=O)COCC(=O)N(C)CCCCCCCC,"[11, 13, 16]","[""O(amide_carbonyl)"", ""O(ether)"", ""O(amide_carbonyl)""]",3,8,2,nitrate,nitrate,2,/nfs/home/nshank3/lanthanide_dataset_builder/data/geometries/Tm/Tm_Z69_ox3_CN8_nlig2_nitrate_0d2f900796bc.xyz,/nfs/home/nshank3/lanthanide_dataset_builder/data/geometries/Tm/Tm_Z69_ox3_CN8_nlig2_nitrate_0d2f900796bc.mol2,,-5193.479418927015,ok,built (standard attempt 1),accepted,CCCCCCCCN(C)C(=O)COCC(=O)N(C)CCCCCCCC,CCCCCCCCN(C)C(=O)COCC(=O)N(C)CCCCCCCC,False,True,True,9,"N1,O8","146:O:2.07,145:O:2.15,12:O:2.17,88:O:2.30,83:O:2.32,17:O:2.40,143:N:2.44,14:O:2.61,85:O:2.64",2.635283548116478,2.06831360978464,False,ok
e432296ef3a0,,57,La,3,CCCCN(C)C(=O)CC(=O)N(C)CCCC,"[7, 10]","[""O(amide_carbonyl)"", ""O(amide_carbonyl)""]",2,9,4,nitrate,nitrate,1,/nfs/home/nshank3/lanthanide_dataset_builder/data/geometries/La/La_Z57_ox3_CN9_nlig4_nitrate_e432296ef3a0.xyz,/nfs/home/nshank3/lanthanide_dataset_builder/data/geometries/La/La_Z57_ox3_CN9_nlig4_nitrate_e432296ef3a0.mol2,,-6146.245384900744,ok,built (standard attempt 1),accepted,CCCCN(C)C(=O)CC(=O)N(C)CCCC,CCCCN(C)C(=O)CC(=O)N(C)CCCC,False,True,True,9,O9,"8:O:2.41,97:O:2.45,54:O:2.46,11:O:2.48,94:O:2.53,137:O:2.58,51:O:2.60,140:O:2.61,173:O:2.77",2.7706281545683407,2.4141760144088096,True,ok
e0626e31cd7e,,59,Pr,3,CCCCCCCCN(CCCCCCCC)C(=O)CC(=O)N(CCCCCCCC)CCCCCCCC,"[18, 21]","[""O(amide_carbonyl)"", ""O(amide_carbonyl)""]",2,9,4,nitrate,nitrate,1,/nfs/home/nshank3/lanthanide_dataset_builder/data/geometries/Pr/Pr_Z59_ox3_CN9_nlig4_nitrate_e0626e31cd7e.xyz,/nfs/home/nshank3/lanthanide_dataset_builder/data/geometries/Pr/Pr_Z59_ox3_CN9_nlig4_nitrate_e0626e31cd7e.mol2,,-13720.768682226671,ok,built (standard attempt 1),accepted,CCCCCCCCN(CCCCCCCC)C(=O)CC(=O)N(CCCCCCCC)CCCCCCCC,CCCCCCCCN(CCCCCCCC)C(=O)CC(=O)N(CCCCCCCC)CCCCCCCC,False,True,True,9,O9,"437:O:2.46,128:O:2.51,349:O:2.62,22:O:2.62,237:O:2.64,19:O:2.69,240:O:2.76,131:O:2.85,346:O:2.87",2.8661178173669213,2.4555074659837173,True,ok
a0171bc7cc0b,,64,Gd,3,CCCCCCCCN(C)C(=O)CC(=O)N(C)CCCCCCCC,"[11, 14]","[""O(amide_carbonyl)"", ""O(amide_carbonyl)""]",2,9,4,nitrate,nitrate,1,/nfs/home/nshank3/lanthanide_dataset_builder/data/geometries/Gd/Gd_Z64_ox3_CN9_nlig4_nitrate_a0171bc7cc0b.xyz,/nfs/home/nshank3/lanthanide_dataset_builder/data/geometries/Gd/Gd_Z64_ox3_CN9_nlig4_nitrate_a0171bc7cc0b.mol2,,-8895.09745054481,ok,built (standard attempt 1),accepted,CCCCCCCCN(C)C(=O)CC(=O)N(C)CCCCCCCC,CCCCCCCCN(C)C(=O)CC(=O)N(C)CCCCCCCC,False,True,True,9,O9,"149:O:2.31,12:O:2.32,213:O:2.38,146:O:2.40,79:O:2.42,82:O:2.60,216:O:2.60,15:O:2.73,269:O:2.73",2.7274216273679177,2.3116032148972208,True,ok
0568596c93c3,,59,Pr,3,CCCCCCN(C)C(=O)CC(=O)N(C)CCCCCC,"[9, 12]","[""O(amide_carbonyl)"", ""O(amide_carbonyl)""]",2,9,4,nitrate,nitrate,1,/nfs/home/nshank3/lanthanide_dataset_builder/data/geometries/Pr/Pr_Z59_ox3_CN9_nlig4_nitrate_0568596c93c3.xyz,/nfs/home/nshank3/lanthanide_dataset_builder/data/geometries/Pr/Pr_Z59_ox3_CN9_nlig4_nitrate_0568596c93c3.mol2,,-7520.700628625029,ok,built (standard attempt 1),accepted,CCCCCCN(C)C(=O)CC(=O)N(C)CCCCCC,CCCCCCN(C)C(=O)CC(=O)N(C)CCCCCC,False,True,True,9,O9,"123:O:2.33,13:O:2.34,10:O:2.40,178:O:2.42,175:O:2.50,65:O:2.51,120:O:2.52,68:O:2.53,221:O:2.69",2.691200656163668,2.3273962157970205,True,ok
4de900a55128,,58,Ce,3,CC1(C)CCC(C)(C)c2nc(-c3cccc(-c4cccc(-c5nnc6c(n5)C(C)(C)CCC6(C)C)n4)n3)nnc21,"[9, 22, 23, 26, 35, 36, 37, 38]","[""N(aromatic)"", ""N(aromatic)"", ""N(aromatic)"", ""N(aromatic)"", ""N(aromatic)"", ""N(aromatic)"", ""N(aromatic)"", ""N(aromatic)""]",8,9,1,nitrate,nitrate,1,/nfs/home/nshank3/lanthanide_dataset_builder/data/geometries/Ce/Ce_Z58_ox3_CN9_nlig1_nitrate_4de900a55128.xyz,/nfs/home/nshank3/lanthanide_dataset_builder/data/geometries/Ce/Ce_Z58_ox3_CN9_nlig1_nitrate_4de900a55128.mol2,,-3162.8804586797382,ok,built (standard attempt 1),accepted,CC1(C)CCC(C)(C)c2nc(-c3cccc(-c4cccc(-c5nnc6c(n5)C(C)(C)CCC6(C)C)n4)n3)nnc21,CC1(C)CCC(C)(C)c2nc(-c3cccc(-c4cccc(-c5nnc6c(n5)C(C)(C)CCC6(C)C)n4)n3)nnc21,False,True,True,8,"N7,O1","38:N:2.25,23:N:2.30,24:N:2.37,39:N:2.54,37:N:2.55,79:O:2.55,36:N:2.64,10:N:3.13",3.1289832976014926,2.252334781557022,False,ok
35a401f1b743,,58,Ce,3,CCCCCCCCP(=O)(CC(=O)N(CC(C)C)CC(C)C)c1ccccc1,"[9, 12]","[""O(ether)"", ""O(amide_carbonyl)""]",2,9,4,nitrate,nitrate,1,/nfs/home/nshank3/lanthanide_dataset_builder/data/geometries/Ce/Ce_Z58_ox3_CN9_nlig4_nitrate_35a401f1b743.xyz,/nfs/home/nshank3/lanthanide_dataset_builder/data/geometries/Ce/Ce_Z58_ox3_CN9_nlig4_nitrate_35a401f1b743.mol2,,-9556.539867128457,ok,built (standard attempt 1),accepted,CCCCCCCCP(=O)(CC(=O)N(CC(C)C)CC(C)C)c1ccccc1,CCCCCCCCP(=O)(CC(=O)N(CC(C)C)CC(C)C)c1ccccc1,False,True,True,8,O8,"220:O:2.26,223:O:2.30,150:O:2.31,80:O:2.41,13:O:2.53,153:O:2.57,281:O:2.72,83:O:2.95",2.9512730993897747,2.259903658644065,False,ok
1a29423d80c9,,62,Sm,3,CCCCCCN(CCC(C)CCC=C(C)C)C(=O)COCC(=O)N(CCCCCC)CCC(C)CCC=C(C)C,"[18, 20, 23]","[""O(amide_carbonyl)"", ""O(ether)"", ""O(amide_carbonyl)""]",3,9,3,water,water,0,/nfs/home/nshank3/lanthanide_dataset_builder/data/geometries/Sm/Sm_Z62_ox3_CN9_nlig3_water_1a29423d80c9.xyz,/nfs/home/nshank3/lanthanide_dataset_builder/data/geometries/Sm/Sm_Z62_ox3_CN9_nlig3_water_1a29423d80c9.mol2,,-10603.066234687069,ok,built (standard attempt 1),accepted,CCCCCCN(CCC(C)CCC=C(C)C)C(=O)COCC(=O)N(CCCCCC)CCC(C)CCC=C(C)C,CCCCCCN(CCC(C)CCC=C(C)C)C(=O)COCC(=O)N(CCCCCC)CCC(C)CCC=C(C)C,False,True,True,9,O9,"19:O:2.24,133:O:2.25,128:O:2.35,21:O:2.38,130:O:2.44,237:O:2.52,24:O:2.52,242:O:2.59,239:O:2.62",2.618727777054791,2.2408497204707287,True,ok
3b80b406e1b9,,68,Er,3,CCCCCCCCCCCCN(CCCCCCCCCCCC)C(=O)COC1CCCN(CCCCCC)C1=O,"[26, 28, 41]","[""O(amide_carbonyl)"", ""O(ether)"", ""O(amide_carbonyl)""]",3,8,2,nitrate,nitrate,2,/nfs/home/nshank3/lanthanide_dataset_builder/data/geometries/Er/Er_Z68_ox3_CN8_nlig2_nitrate_3b80b406e1b9.xyz,/nfs/home/nshank3/lanthanide_dataset_builder/data/geometries/Er/Er_Z68_ox3_CN8_nlig2_nitrate_3b80b406e1b9.mol2,,-7722.907957767863,ok,built (standard attempt 1),accepted,CCCCCCCCCCCCN(CCCCCCCCCCCC)C(=O)COC1CCCN(CCCCCC)C1=O,CCCCCCCCCCCCN(CCCCCCCCCCCC)C(=O)COC1CCCN(CCCCCC)C1=O,False,True,True,9,"N1,O8","232:O:2.07,231:O:2.08,141:O:2.14,27:O:2.21,42:O:2.22,229:N:2.29,156:O:2.41,29:O:2.50,143:O:2.58",2.579679751489204,2.0677013730491067,False,ok
c58483c35141,,67,Ho,3,CCCCCCN(CCC(C)CCCC(C)C)C(=O)COCC(=O)N(CCCCCC)CCC(C)CCCC(C)C,"[18, 20, 23]","[""O(amide_carbonyl)"", ""O(ether)"", ""O(amide_carbonyl)""]",3,8,2,water,water,2,/nfs/home/nshank3/lanthanide_dataset_builder/data/geometries/Ho/Ho_Z67_ox3_CN8_nlig2_water_c58483c35141.xyz,/nfs/home/nshank3/lanthanide_dataset_builder/data/geometries/Ho/Ho_Z67_ox3_CN8_nlig2_water_c58483c35141.mol2,,-7458.16330207973,ok,built (standard attempt 1),accepted,CCCCCCN(CCC(C)CCCC(C)C)C(=O)COCC(=O)N(CCCCCC)CCC(C)CCCC(C)C,CCCCCCN(CCC(C)CCCC(C)C)C(=O)COCC(=O)N(CCCCCC)CCC(C)CCCC(C)C,False,True,True,8,O8,"137:O:2.25,19:O:2.25,24:O:2.25,132:O:2.26,21:O:2.41,230:O:2.46,134:O:2.47,227:O:2.54",2.5371604363435156,2.2482630401228483,True,ok
e8ea064a4c49,,57,La,3,CCCCCCCCP(=O)(CCCCCCCC)Cc1cccc(CP(=O)(CCCCCCCC)CCCCCCCC)[n+]1[O-],"[9, 26, 44]","[""O(ether)"", ""O(ether)"", ""O(ether)""]",3,9,3,nitrate,nitrate,0,/nfs/home/nshank3/lanthanide_dataset_builder/data/geometries/La/La_Z57_ox3_CN9_nlig3_nitrate_e8ea064a4c49.xyz,/nfs/home/nshank3/lanthanide_dataset_builder/data/geometries/La/La_Z57_ox3_CN9_nlig3_nitrate_e8ea064a4c49.mol2,,-11604.46159341414,ok,built (standard attempt 1),accepted,CCCCCCCCP(=O)(CCCCCCCC)Cc1cccc(CP(=O)(CCCCCCCC)CCCCCCCC)[n+]1[O-],CCCCCCCCP(=O)(CCCCCCCC)Cc1cccc(CP(=O)(CCCCCCCC)CCCCCCCC)[n+]1[O-],False,True,True,9,O9,"285:O:2.52,147:O:2.52,45:O:2.54,250:O:2.57,130:O:2.59,10:O:2.60,27:O:2.60,165:O:2.73,267:O:2.75",2.75340249670286,2.515146503784679,True,ok
a71aa6e38cbc,,71,Lu,3,CCCCCCCCP(=O)(CCCCCCCC)Cc1cccc(CP(=O)(CCCCCCCC)CCCCCCCC)[n+]1[O-],"[9, 26, 44]","[""O(ether)"", ""O(ether)"", ""O(ether)""]",3,8,2,nitrate,nitrate,2,/nfs/home/nshank3/lanthanide_dataset_builder/data/geometries/Lu/Lu_Z71_ox3_CN8_nlig2_nitrate_a71aa6e38cbc.xyz,/nfs/home/nshank3/lanthanide_dataset_builder/data/geometries/Lu/Lu_Z71_ox3_CN8_nlig2_nitrate_a71aa6e38cbc.mol2,,-8154.810278635856,ok,built (standard attempt 1),accepted,CCCCCCCCP(=O)(CCCCCCCC)Cc1cccc(CP(=O)(CCCCCCCC)CCCCCCCC)[n+]1[O-],CCCCCCCCP(=O)(CCCCCCCC)Cc1cccc(CP(=O)(CCCCCCCC)CCCCCCCC)[n+]1[O-],False,True,True,9,"N1,O8","45:O:2.09,165:O:2.12,243:O:2.14,244:O:2.24,10:O:2.32,130:O:2.39,241:N:2.56,147:O:2.57,27:O:2.82",2.8233869956802295,2.0945022639776445,False,ok
ece8108f76e3,,66,Dy,3,CCCCCCCCN(CCCCCCCC)C(=O)COCC(=O)N(CCCCCCCC)CCCCCCCC,"[18, 20, 23]","[""O(amide_carbonyl)"", ""O(ether)"", ""O(amide_carbonyl)""]",3,8,2,nitrate,nitrate,2,/nfs/home/nshank3/lanthanide_dataset_builder/data/geometries/Dy/Dy_Z66_ox3_CN8_nlig2_nitrate_ece8108f76e3.xyz,/nfs/home/nshank3/lanthanide_dataset_builder/data/geometries/Dy/Dy_Z66_ox3_CN8_nlig2_nitrate_ece8108f76e3.mol2,,-7605.572519081883,ok,built (standard attempt 1),accepted,CCCCCCCCN(CCCCCCCC)C(=O)COCC(=O)N(CCCCCCCC)CCCCCCCC,CCCCCCCCN(CCCCCCCC)C(=O)COCC(=O)N(CCCCCCCC)CCCCCCCC,False,True,True,9,"N1,O8","230:O:2.09,229:O:2.11,24:O:2.21,19:O:2.32,137:O:2.32,132:O:2.35,227:N:2.39,21:O:2.64,134:O:2.65",2.646518386547302,2.0935123980915717,False,ok
3e850e102c59,,67,Ho,3,CCCCCCCCCCN(CCCCCCCCCC)C(=O)COCC(=O)N(CCCCCC)CCCCCC,"[22, 24, 27]","[""O(amide_carbonyl)"", ""O(ether)"", ""O(amide_carbonyl)""]",3,8,2,nitrate,nitrate,2,/nfs/home/nshank3/lanthanide_dataset_builder/data/geometries/Ho/Ho_Z67_ox3_CN8_nlig2_nitrate_3e850e102c59.xyz,/nfs/home/nshank3/lanthanide_dataset_builder/data/geometries/Ho/Ho_Z67_ox3_CN8_nlig2_nitrate_3e850e102c59.mol2,,-7604.846907068742,ok,built (standard attempt 1),accepted,CCCCCCCCCCN(CCCCCCCCCC)C(=O)COCC(=O)N(CCCCCC)CCCCCC,CCCCCCCCCCN(CCCCCCCCCC)C(=O)COCC(=O)N(CCCCCC)CCCCCC,False,True,True,9,"N1,O8","230:O:2.07,229:O:2.09,28:O:2.20,136:O:2.23,141:O:2.27,23:O:2.31,227:N:2.36,25:O:2.60,138:O:2.62",2.619639233795486,2.06882882337728,False,ok
389643f6ef69,,68,Er,3,CCCCCCCCN(CCCCCCCC)C(=O)COCC(=O)N(CCCCCCCC)CCCCCCCC,"[18, 20, 23]","[""O(amide_carbonyl)"", ""O(ether)"", ""O(amide_carbonyl)""]",3,8,2,nitrate,nitrate,2,/nfs/home/nshank3/lanthanide_dataset_builder/data/geometries/Er/Er_Z68_ox3_CN8_nlig2_nitrate_389643f6ef69.xyz,/nfs/home/nshank3/lanthanide_dataset_builder/data/geometries/Er/Er_Z68_ox3_CN8_nlig2_nitrate_389643f6ef69.mol2,,-7603.768176124225,ok,built (standard attempt 1),accepted,CCCCCCCCN(CCCCCCCC)C(=O)COCC(=O)N(CCCCCCCC)CCCCCCCC,CCCCCCCCN(CCCCCCCC)C(=O)COCC(=O)N(CCCCCCCC)CCCCCCCC,False,True,True,9,"N1,O8","230:O:2.07,229:O:2.09,132:O:2.22,137:O:2.36,227:N:2.39,19:O:2.40,21:O:2.60,24:O:2.60,134:O:3.12",3.116939943256204,2.071591322518098,False,ok
8ef1fca4d9b9,,63,Eu,3,CCCCCCCCN(CCCCCCCC)C(=O)C(C)OC(C)C(=O)N(CCCCCCCC)CCCCCCCC,"[18, 21, 25]","[""O(amide_carbonyl)"", ""O(ether)"", ""O(amide_carbonyl)""]",3,9,3,water,water,0,/nfs/home/nshank3/lanthanide_dataset_builder/data/geometries/Eu/Eu_Z63_ox3_CN9_nlig3_water_8ef1fca4d9b9.xyz,/nfs/home/nshank3/lanthanide_dataset_builder/data/geometries/Eu/Eu_Z63_ox3_CN9_nlig3_water_8ef1fca4d9b9.mol2,,-11292.3497226678,ok,built (standard attempt 1),accepted,CCCCCCCCN(CCCCCCCC)C(=O)C(C)OC(C)C(=O)N(CCCCCCCC)CCCCCCCC,CCCCCCCCN(CCCCCCCC)C(=O)C(C)OC(C)C(=O)N(CCCCCCCC)CCCCCCCC,False,True,True,9,O9,"257:O:2.12,138:O:2.26,264:O:2.31,19:O:2.45,26:O:2.52,141:O:2.55,145:O:2.79,22:O:2.81,260:O:2.87",2.873567726107057,2.123275084042158,True,ok
44a23e6db33b,,67,Ho,3,CCCCCCCCN(CCCCCCCC)C(=O)COCC(=O)N(CCCCCCCC)CCCCCCCC,"[18, 20, 23]","[""O(amide_carbonyl)"", ""O(ether)"", ""O(amide_carbonyl)""]",3,8,2,water,water,2,/nfs/home/nshank3/lanthanide_dataset_builder/data/geometries/Ho/Ho_Z67_ox3_CN8_nlig2_water_44a23e6db33b.xyz,/nfs/home/nshank3/lanthanide_dataset_builder/data/geometries/Ho/Ho_Z67_ox3_CN8_nlig2_water_44a23e6db33b.mol2,,-7457.951670579554,ok,built (standard attempt 1),accepted,CCCCCCCCN(CCCCCCCC)C(=O)COCC(=O)N(CCCCCCCC)CCCCCCCC,CCCCCCCCN(CCCCCCCC)C(=O)COCC(=O)N(CCCCCCCC)CCCCCCCC,False,True,True,8,O8,"132:O:2.11,19:O:2.20,137:O:2.24,230:O:2.35,24:O:2.43,21:O:2.47,134:O:2.48,227:O:2.66",2.664336817107493,2.1142358258396925,True,ok
569888167aa5,,71,Lu,3,CCCCCCCCN(CCCCCCCC)C(=O)COCCOCC(=O)N(CCCCCCCC)CCCCCCCC,"[18, 20, 23, 26]","[""O(amide_carbonyl)"", ""O(ether)"", ""O(ether)"", ""O(amide_carbonyl)""]",4,8,2,nitrate,nitrate,0,/nfs/home/nshank3/lanthanide_dataset_builder/data/geometries/Lu/Lu_Z71_ox3_CN8_nlig2_nitrate_569888167aa5.xyz,/nfs/home/nshank3/lanthanide_dataset_builder/data/geometries/Lu/Lu_Z71_ox3_CN8_nlig2_nitrate_569888167aa5.mol2,,-7744.729512762476,ok,built (standard attempt 1),accepted,CCCCCCCCN(CCCCCCCC)C(=O)COCCOCC(=O)N(CCCCCCCC)CCCCCCCC,CCCCCCCCN(CCCCCCCC)C(=O)COCCOCC(=O)N(CCCCCCCC)CCCCCCCC,False,True,True,8,O8,"27:O:2.10,139:O:2.33,19:O:2.43,141:O:2.53,147:O:2.62,144:O:2.66,24:O:2.67,21:O:3.02",3.0157494483876643,2.098090436253584,True,ok
66cc8b0df11e,,66,Dy,3,CCCCCCCCN(CCCCCCCC)C(=O)[C@H](C)O[C@@H](CC)C(=O)N(CCCCCCCC)CCCCCCCC,"[18, 21, 26]","[""O(amide_carbonyl)"", ""O(ether)"", ""O(amide_carbonyl)""]",3,8,2,nitrate,nitrate,2,/nfs/home/nshank3/lanthanide_dataset_builder/data/geometries/Dy/Dy_Z66_ox3_CN8_nlig2_nitrate_66cc8b0df11e.xyz,/nfs/home/nshank3/lanthanide_dataset_builder/data/geometries/Dy/Dy_Z66_ox3_CN8_nlig2_nitrate_66cc8b0df11e.mol2,,-8122.322905917732,ok,built (standard attempt 1),accepted,CCCCCCCCN(CCCCCCCC)C(=O)[C@H](C)O[C@@H](CC)C(=O)N(CCCCCCCC)CCCCCCCC,CCCCCCCCN(CCCCCCCC)C(=O)[C@H](C)O[C@@H](CC)C(=O)N(CCCCCCCC)CCCCCCCC,False,True,True,9,"N1,O8","248:O:2.14,247:O:2.21,149:O:2.31,141:O:2.32,19:O:2.43,27:O:2.48,245:N:2.51,22:O:2.53,144:O:2.56",2.5610120270840397,2.1414323010071445,False,ok
7c32cb83c0f4,,60,Nd,3,O=C(c1cc(Cl)c2ccc3c(Cl)cc(C(=O)N4CCCC4)nc3c2n1)N1CCCC1,"[0, 15, 21, 24]","[""O(amide_carbonyl)"", ""O(amide_carbonyl)"", ""N(aromatic)"", ""N(aromatic)""]",4,9,2,nitrate,nitrate,1,/nfs/home/nshank3/lanthanide_dataset_builder/data/geometries/Nd/Nd_Z60_ox3_CN9_nlig2_nitrate_7c32cb83c0f4.xyz,/nfs/home/nshank3/lanthanide_dataset_builder/data/geometries/Nd/Nd_Z60_ox3_CN9_nlig2_nitrate_7c32cb83c0f4.mol2,,-4839.410207644357,ok,built (standard attempt 1),accepted,O=C(c1cc(Cl)c2ccc3c(Cl)cc(C(=O)N4CCCC4)nc3c2n1)N1CCCC1,O=C(c1cc(Cl)c2ccc3c(Cl)cc(C(=O)N4CCCC4)nc3c2n1)N1CCCC1,False,True,True,9,"N4,O5","16:O:2.25,66:O:2.32,1:O:2.39,22:N:2.44,51:O:2.47,25:N:2.48,72:N:2.50,75:N:2.60,101:O:2.73",2.7277012683649806,2.254447228686112,True,ok
e8a79da64745,,58,Ce,3,C1COCCOCCOCCOCCOCCO1,"[2, 5, 8, 11, 14, 17]","[""O(ether)"", ""O(ether)"", ""O(ether)"", ""O(ether)"", ""O(ether)"", ""O(ether)""]",6,9,1,nitrate,nitrate,3,/nfs/home/nshank3/lanthanide_dataset_builder/data/geometries/Ce/Ce_Z58_ox3_CN9_nlig1_nitrate_e8a79da64745.xyz,/nfs/home/nshank3/lanthanide_dataset_builder/data/geometries/Ce/Ce_Z58_ox3_CN9_nlig1_nitrate_e8a79da64745.mol2,,-2256.579438499318,ok,built (standard attempt 1),accepted,C1COCCOCCOCCOCCOCCO1,C1COCCOCCOCCOCCOCCO1,False,True,True,10,"N1,O9","46:O:2.08,45:O:2.09,6:O:2.38,15:O:2.39,9:O:2.39,3:O:2.41,12:O:2.43,43:N:2.45,18:O:2.49,47:O:2.77",2.774690878033417,2.079695974017269,False,ok
63e8132ef0eb,,70,Yb,3,CC(C)CCCC(C)CCCCN(C)C(=O)COCC(=O)N(C)CCCCC(C)CCCC(C)C,"[15, 17, 20]","[""O(amide_carbonyl)"", ""O(ether)"", ""O(amide_carbonyl)""]",3,8,2,water,water,2,/nfs/home/nshank3/lanthanide_dataset_builder/data/geometries/Yb/Yb_Z70_ox3_CN8_nlig2_water_63e8132ef0eb.xyz,/nfs/home/nshank3/lanthanide_dataset_builder/data/geometries/Yb/Yb_Z70_ox3_CN8_nlig2_water_63e8132ef0eb.mol2,,-6424.240176529519,ok,built (standard attempt 1),accepted,CC(C)CCCC(C)CCCCN(C)C(=O)COCC(=O)N(C)CCCCC(C)CCCC(C)C,CC(C)CCCC(C)CCCCN(C)C(=O)COCC(=O)N(C)CCCCC(C)CCCC(C)C,False,True,True,8,O8,"111:O:2.18,116:O:2.31,21:O:2.35,16:O:2.37,194:O:2.42,191:O:2.50,113:O:2.55,18:O:2.57",2.568989553985592,2.1805104718739114,True,ok
3789eabe5f06,,58,Ce,3,CCCCCCCCN(CCC(C)CC(C)(C)C)C(=O)COCC(=O)N(CCCCCCCC)CCC(C)CC(C)(C)C,"[19, 21, 24]","[""O(amide_carbonyl)"", ""O(ether)"", ""O(amide_carbonyl)""]",3,9,3,water,water,0,/nfs/home/nshank3/lanthanide_dataset_builder/data/geometries/Ce/Ce_Z58_ox3_CN9_nlig3_water_3789eabe5f06.xyz,/nfs/home/nshank3/lanthanide_dataset_builder/data/geometries/Ce/Ce_Z58_ox3_CN9_nlig3_water_3789eabe5f06.mol2,,-11291.315137156478,ok,built (standard attempt 1),accepted,CCCCCCCCN(CCC(C)CC(C)(C)C)C(=O)COCC(=O)N(CCCCCCCC)CCC(C)CC(C)(C)C,CCCCCCCCN(CCC(C)CC(C)(C)C)C(=O)COCC(=O)N(CCCCCCCC)CCC(C)CC(C)(C)C,False,True,True,8,O8,"139:O:2.15,144:O:2.20,20:O:2.20,258:O:2.41,25:O:2.48,263:O:2.54,260:O:2.63,22:O:3.19",3.1887945248867684,2.1459066865045027,False,ok
afde862bf06d,,57,La,3,CCCCCCCCN(CCCCCCCC)C(=O)[C@H](C)O[C@@H](C)C(=O)N(CCCCCCCC)CCCCCCCC,"[18, 21, 25]","[""O(amide_carbonyl)"", ""O(ether)"", ""O(amide_carbonyl)""]",3,9,3,nitrate,nitrate,0,/nfs/home/nshank3/lanthanide_dataset_builder/data/geometries/La/La_Z57_ox3_CN9_nlig3_nitrate_afde862bf06d.xyz,/nfs/home/nshank3/lanthanide_dataset_builder/data/geometries/La/La_Z57_ox3_CN9_nlig3_nitrate_afde862bf06d.mol2,,-11293.871377020228,ok,built (standard attempt 1),accepted,CCCCCCCCN(CCCCCCCC)C(=O)[C@H](C)O[C@@H](C)C(=O)N(CCCCCCCC)CCCCCCCC,CCCCCCCCN(CCCCCCCC)C(=O)[C@H](C)O[C@@H](C)C(=O)N(CCCCCCCC)CCCCCCCC,False,True,True,9,O9,"19:O:2.18,264:O:2.30,145:O:2.38,257:O:2.40,26:O:2.64,141:O:2.69,22:O:2.72,260:O:2.75,138:O:2.84",2.838393892893083,2.1799436256405853,True,ok
4c7560f50545,,62,Sm,3,CCCCC(CC)CP(=O)(CC(=O)N(CC(C)C)CC(C)C)c1ccccc1,"[9, 12]","[""O(ether)"", ""O(amide_carbonyl)""]",2,9,4,nitrate,nitrate,1,/nfs/home/nshank3/lanthanide_dataset_builder/data/geometries/Sm/Sm_Z62_ox3_CN9_nlig4_nitrate_4c7560f50545.xyz,/nfs/home/nshank3/lanthanide_dataset_builder/data/geometries/Sm/Sm_Z62_ox3_CN9_nlig4_nitrate_4c7560f50545.mol2,,-9555.855906022756,ok,built (standard attempt 1),accepted,CCCCC(CC)CP(=O)(CC(=O)N(CC(C)C)CC(C)C)c1ccccc1,CCCCC(CC)CP(=O)(CC(=O)N(CC(C)C)CC(C)C)c1ccccc1,False,True,True,9,O9,"220:O:2.37,10:O:2.45,80:O:2.45,83:O:2.47,150:O:2.50,13:O:2.54,153:O:2.62,281:O:2.69,223:O:2.74",2.7416900176691237,2.3657754707174243,True,ok
92f9ea690461,,66,Dy,3,CCCCCCCCN(CC(CC)CCCC)C(=O)COCC(=O)N(CCCCCCCC)CC(CC)CCCC,"[18, 20, 23]","[""O(amide_carbonyl)"", ""O(ether)"", ""O(amide_carbonyl)""]",3,8,2,nitrate,nitrate,2,/nfs/home/nshank3/lanthanide_dataset_builder/data/geometries/Dy/Dy_Z66_ox3_CN8_nlig2_nitrate_92f9ea690461.xyz,/nfs/home/nshank3/lanthanide_dataset_builder/data/geometries/Dy/Dy_Z66_ox3_CN8_nlig2_nitrate_92f9ea690461.mol2,,-7605.163256891844,ok,built (standard attempt 1),accepted,CCCCCCCCN(CC(CC)CCCC)C(=O)COCC(=O)N(CCCCCCCC)CC(CC)CCCC,CCCCCCCCN(CC(CC)CCCC)C(=O)COCC(=O)N(CCCCCCCC)CC(CC)CCCC,False,True,True,9,"N1,O8","229:O:2.06,19:O:2.11,230:O:2.15,24:O:2.27,137:O:2.30,132:O:2.38,134:O:2.40,227:N:2.45,21:O:2.78",2.778423468346532,2.0624507106555394,False,ok
ebb31779ee01,,66,Dy,3,CCCCCc1nnc(-c2cccc(-c3cccc(-c4nnc(CCCCC)c(CCCCC)n4)n3)n2)nc1CCCCC,"[6, 7, 20, 21, 34, 35, 36, 37]","[""N(aromatic)"", ""N(aromatic)"", ""N(aromatic)"", ""N(aromatic)"", ""N(aromatic)"", ""N(aromatic)"", ""N(aromatic)"", ""N(aromatic)""]",8,8,1,nitrate,nitrate,0,/nfs/home/nshank3/lanthanide_dataset_builder/data/geometries/Dy/Dy_Z66_ox3_CN8_nlig1_nitrate_ebb31779ee01.xyz,/nfs/home/nshank3/lanthanide_dataset_builder/data/geometries/Dy/Dy_Z66_ox3_CN8_nlig1_nitrate_ebb31779ee01.mol2,,-3415.936885584776,ok,built (standard attempt 1),accepted,CCCCCc1nnc(-c2cccc(-c3cccc(-c4nnc(CCCCC)c(CCCCC)n4)n3)n2)nc1CCCCC,CCCCCc1nnc(-c2cccc(-c3cccc(-c4nnc(CCCCC)c(CCCCC)n4)n3)n2)nc1CCCCC,False,True,True,3,N3,"8:N:2.68,7:N:3.14,21:N:3.15",3.151633965614914,2.679634313584283,False,ok
9db1b97d1982,,70,Yb,3,CCCCCCC(C)N(CCCC)C(=O)COCC(=O)N(CCCC)C(C)CCCCCC,"[14, 16, 19]","[""O(amide_carbonyl)"", ""O(ether)"", ""O(amide_carbonyl)""]",3,8,2,water,water,2,/nfs/home/nshank3/lanthanide_dataset_builder/data/geometries/Yb/Yb_Z70_ox3_CN8_nlig2_water_9db1b97d1982.xyz,/nfs/home/nshank3/lanthanide_dataset_builder/data/geometries/Yb/Yb_Z70_ox3_CN8_nlig2_water_9db1b97d1982.mol2,,-6080.125673326107,ok,built (standard attempt 1),accepted,CCCCCCC(C)N(CCCC)C(=O)COCC(=O)N(CCCC)C(C)CCCCCC,CCCCCCC(C)N(CCCC)C(=O)COCC(=O)N(CCCC)C(C)CCCCCC,False,True,True,8,O8,"109:O:2.12,15:O:2.18,20:O:2.23,104:O:2.24,182:O:2.47,106:O:2.50,17:O:2.55,179:O:2.78",2.7798005649306066,2.124352085144962,True,ok
9badbb5df239,,68,Er,3,CCCCCCCCN(CCCCC(C)CCCC(C)C)C(=O)COCC(=O)N(CCCCCCCC)CCCCC(C)CCCC(C)C,"[22, 24, 27]","[""O(amide_carbonyl)"", ""O(ether)"", ""O(amide_carbonyl)""]",3,8,2,water,water,2,/nfs/home/nshank3/lanthanide_dataset_builder/data/geometries/Er/Er_Z68_ox3_CN8_nlig2_water_9badbb5df239.xyz,/nfs/home/nshank3/lanthanide_dataset_builder/data/geometries/Er/Er_Z68_ox3_CN8_nlig2_water_9badbb5df239.mol2,,-8835.916420622832,ok,built (standard attempt 1),accepted,CCCCCCCCN(CCCCC(C)CCCC(C)C)C(=O)COCC(=O)N(CCCCCCCC)CCCCC(C)CCCC(C)C,CCCCCCCCN(CCCCC(C)CCCC(C)C)C(=O)COCC(=O)N(CCCCCCCC)CCCCC(C)CCCC(C)C,False,True,True,8,O8,"23:O:2.20,160:O:2.24,28:O:2.28,165:O:2.35,275:O:2.38,278:O:2.41,162:O:2.52,25:O:2.53",2.5265422809914755,2.2012955614807885,True,ok
ffd5aab1aceb,,57,La,3,CCCCCCCCCCCCN(C)C(=O)C1CC(OC)CC(C(=O)N(C)CCCCCCCCCCCC)O1,"[15, 19, 24, 39]","[""O(amide_carbonyl)"", ""O(ether)"", ""O(amide_carbonyl)"", ""O(ether)""]",4,9,2,nitrate,nitrate,1,/nfs/home/nshank3/lanthanide_dataset_builder/data/geometries/La/La_Z57_ox3_CN9_nlig2_nitrate_ffd5aab1aceb.xyz,/nfs/home/nshank3/lanthanide_dataset_builder/data/geometries/La/La_Z57_ox3_CN9_nlig2_nitrate_ffd5aab1aceb.mol2,,-7145.883001145021,ok,built (standard attempt 1),accepted,CCCCCCCCCCCCN(C)C(=O)C1CC(OC)CC(C(=O)N(C)CCCCCCCCCCCC)O1,CCCCCCCCCCCCN(C)C(=O)C1CC(OC)CC(C(=O)N(C)CCCCCCCCCCCC)O1,False,True,True,9,O9,"131:O:2.39,16:O:2.39,122:O:2.41,25:O:2.46,213:O:2.53,146:O:2.60,40:O:2.67,20:O:2.81,126:O:2.88",2.8795627304125357,2.3870462431529837,True,ok
7672a8a7b733,,68,Er,3,CCCCCCn1c(-c2ccccc2)c(-c2ccccc2)c2cc3ccc4cc5c(-c6ccccc6)c(-c6ccccc6)n(CCCCCC)c(=O)c5nc4c3nc2c1=O,"[6, 43, 51, 53, 56, 59]","[""N(aromatic)"", ""N(aromatic)"", ""O(amide_carbonyl)"", ""N(aromatic)"", ""N(aromatic)"", ""O(amide_carbonyl)""]",6,8,1,water,water,2,/nfs/home/nshank3/lanthanide_dataset_builder/data/geometries/Er/Er_Z68_ox3_CN8_nlig1_water_7672a8a7b733.xyz,/nfs/home/nshank3/lanthanide_dataset_builder/data/geometries/Er/Er_Z68_ox3_CN8_nlig1_water_7672a8a7b733.mol2,,-4652.400236749721,ok,built (standard attempt 1),accepted,CCCCCCn1c(-c2ccccc2)c(-c2ccccc2)c2cc3ccc4cc5c(-c6ccccc6)c(-c6ccccc6)n(CCCCCC)c(=O)c5nc4c3nc2c1=O,CCCCCCn1c(-c2ccccc2)c(-c2ccccc2)c2cc3ccc4cc5c(-c6ccccc6)c(-c6ccccc6)n(CCCCCC)c(=O)c5nc4c3nc2c1=O,False,True,True,6,"N2,O4","52:O:2.08,60:O:2.18,57:N:2.36,114:O:2.44,54:N:2.46,111:O:2.49",2.4902769284258044,2.08389216633826,False,ok
e15dd3ef134f,,68,Er,3,C1CCC2OCCOCCOC3CCCCC3OCCOCCOC2C1,"[4, 7, 10, 17, 20, 23]","[""O(ether)"", ""O(ether)"", ""O(ether)"", ""O(ether)"", ""O(ether)"", ""O(ether)""]",6,8,1,nitrate,nitrate,2,/nfs/home/nshank3/lanthanide_dataset_builder/data/geometries/Er/Er_Z68_ox3_CN8_nlig1_nitrate_e15dd3ef134f.xyz,/nfs/home/nshank3/lanthanide_dataset_builder/data/geometries/Er/Er_Z68_ox3_CN8_nlig1_nitrate_e15dd3ef134f.mol2,,-2750.3208353085524,ok,built (standard attempt 1),accepted,C1CCC2OCCOCCOC3CCCCC3OCCOCCOC2C1,C1CCC2OCCOCCOC3CCCCC3OCCOCCOC2C1,False,True,True,9,"N1,O8","65:O:2.04,66:O:2.05,11:O:2.29,18:O:2.32,21:O:2.32,8:O:2.33,63:N:2.42,24:O:2.48,5:O:2.65",2.646460547075548,2.0360658049067815,False,ok
2dec4a230529,,63,Eu,3,CC(C)CN(CC(C)C)C(=O)COCC(=O)N(CC(C)C)CC(C)C,"[10, 12, 15]","[""O(amide_carbonyl)"", ""O(ether)"", ""O(amide_carbonyl)""]",3,9,3,nitrate,nitrate,0,/nfs/home/nshank3/lanthanide_dataset_builder/data/geometries/Eu/Eu_Z63_ox3_CN9_nlig3_nitrate_2dec4a230529.xyz,/nfs/home/nshank3/lanthanide_dataset_builder/data/geometries/Eu/Eu_Z63_ox3_CN9_nlig3_nitrate_2dec4a230529.mol2,,-6643.21857259104,ok,built (standard attempt 1),accepted,CC(C)CN(CC(C)C)C(=O)COCC(=O)N(CC(C)C)CC(C)C,CC(C)CN(CC(C)C)C(=O)COCC(=O)N(CC(C)C)CC(C)C,False,True,True,9,O9,"146:O:2.26,76:O:2.32,16:O:2.32,11:O:2.33,141:O:2.35,81:O:2.41,13:O:2.49,78:O:2.50,143:O:2.58",2.5757539045282947,2.261165571730135,True,ok
5b918030ec24,,63,Eu,3,CCCCCCCCN(CCCCCCCC)C(=O)CN(CC(=O)N(CCCCCCCC)CCCCCCCC)c1ccccc1,"[18, 20, 23]","[""O(amide_carbonyl)"", ""N(amine)"", ""O(amide_carbonyl)""]",3,9,3,water,water,0,/nfs/home/nshank3/lanthanide_dataset_builder/data/geometries/Eu/Eu_Z63_ox3_CN9_nlig3_water_5b918030ec24.xyz,/nfs/home/nshank3/lanthanide_dataset_builder/data/geometries/Eu/Eu_Z63_ox3_CN9_nlig3_water_5b918030ec24.mol2,,-11938.974134048263,ok,built (standard attempt 1),accepted,CCCCCCCCN(CCCCCCCC)C(=O)CN(CC(=O)N(CCCCCCCC)CCCCCCCC)c1ccccc1,CCCCCCCCN(CCCCCCCC)C(=O)CN(CC(=O)N(CCCCCCCC)CCCCCCCC)c1ccccc1,False,True,True,9,"N3,O6","143:O:2.25,24:O:2.30,267:O:2.34,148:O:2.45,272:O:2.55,19:O:2.58,269:N:2.87,145:N:2.96,21:N:3.02",3.0189752950737936,2.2479150448376615,True,ok
88a67671977b,,63,Eu,3,CC1(C)SC(C)(C)c2nc(-c3cccc(-c4cccc(-c5nnc6c(n5)C(C)(C)SC6(C)C)n4)n3)nnc21,"[3, 8, 21, 22, 25, 29, 33, 34]","[""S(donor)"", ""N(aromatic)"", ""N(aromatic)"", ""N(aromatic)"", ""N(aromatic)"", ""S(donor)"", ""N(aromatic)"", ""N(aromatic)""]",8,9,1,water,water,1,/nfs/home/nshank3/lanthanide_dataset_builder/data/geometries/Eu/Eu_Z63_ox3_CN9_nlig1_water_88a67671977b.xyz,/nfs/home/nshank3/lanthanide_dataset_builder/data/geometries/Eu/Eu_Z63_ox3_CN9_nlig1_water_88a67671977b.mol2,,-2991.384298534759,ok,built (standard attempt 2),accepted,CC1(C)SC(C)(C)c2nc(-c3cccc(-c4cccc(-c5nnc6c(n5)C(C)(C)SC6(C)C)n4)n3)nnc21,CC1(C)SC(C)(C)c2nc(-c3cccc(-c4cccc(-c5nnc6c(n5)C(C)(C)SC6(C)C)n4)n3)nnc21,False,True,True,6,"N5,O1","22:N:2.34,9:N:2.49,69:O:2.55,35:N:2.57,23:N:2.62,34:N:2.63",2.6325114674504206,2.3359340672052964,False,ok
1a8a8a56f3cb,,63,Eu,3,Cc1cc(-c2cc(C)cc(-c3nnc4c(n3)C(C)(C)CCC4(C)C)n2)nc(-c2nnc3c(n2)C(C)(C)CCC3(C)C)c1,"[11, 12, 15, 24, 25, 28, 29, 32]","[""N(aromatic)"", ""N(aromatic)"", ""N(aromatic)"", ""N(aromatic)"", ""N(aromatic)"", ""N(aromatic)"", ""N(aromatic)"", ""N(aromatic)""]",8,9,1,nitrate,nitrate,1,/nfs/home/nshank3/lanthanide_dataset_builder/data/geometries/Eu/Eu_Z63_ox3_CN9_nlig1_nitrate_1a8a8a56f3cb.xyz,/nfs/home/nshank3/lanthanide_dataset_builder/data/geometries/Eu/Eu_Z63_ox3_CN9_nlig1_nitrate_1a8a8a56f3cb.mol2,,-3334.185523184554,ok,built (standard attempt 1),accepted,Cc1cc(-c2cc(C)cc(-c3nnc4c(n3)C(C)(C)CCC4(C)C)n2)nc(-c2nnc3c(n2)C(C)(C)CCC3(C)C)c1,Cc1cc(-c2cc(C)cc(-c3nnc4c(n3)C(C)(C)CCC4(C)C)n2)nc(-c2nnc3c(n2)C(C)(C)CCC3(C)C)c1,False,True,True,7,"N6,O1","29:N:2.16,12:N:2.16,13:N:2.46,85:O:2.50,26:N:2.55,30:N:2.56,25:N:2.63",2.629297927278285,2.160308135469006,False,ok
2d076d76c359,,63,Eu,3,CCN(CC)C(=O)c1ccc2ccc3cccnc3c2n1,"[6, 17, 20]","[""O(amide_carbonyl)"", ""N(aromatic)"", ""N(aromatic)""]",3,9,3,nitrate,nitrate,0,/nfs/home/nshank3/lanthanide_dataset_builder/data/geometries/Eu/Eu_Z63_ox3_CN9_nlig3_nitrate_2d076d76c359.xyz,/nfs/home/nshank3/lanthanide_dataset_builder/data/geometries/Eu/Eu_Z63_ox3_CN9_nlig3_nitrate_2d076d76c359.mol2,,-4732.728443259558,ok,built (standard attempt 1),accepted,CCN(CC)C(=O)c1ccc2ccc3cccnc3c2n1,CCN(CC)C(=O)c1ccc2ccc3cccnc3c2n1,False,True,True,9,"N6,O3","83:O:2.27,45:O:2.33,7:O:2.33,56:N:2.50,21:N:2.53,59:N:2.55,18:N:2.55,97:N:2.56,94:N:2.64",2.6359701295946545,2.270567229972502,True,ok
b2c371753758,,64,Gd,3,CN(C(=O)COCC(=O)N(C)c1ccccc1)c1ccccc1,"[3, 5, 8]","[""O(amide_carbonyl)"", ""O(ether)"", ""O(amide_carbonyl)""]",3,9,3,nitrate,nitrate,0,/nfs/home/nshank3/lanthanide_dataset_builder/data/geometries/Gd/Gd_Z64_ox3_CN9_nlig3_nitrate_b2c371753758.xyz,/nfs/home/nshank3/lanthanide_dataset_builder/data/geometries/Gd/Gd_Z64_ox3_CN9_nlig3_nitrate_b2c371753758.mol2,,-5454.829308060804,ok,built (standard attempt 1),accepted,CN(C(=O)COCC(=O)N(C)c1ccccc1)c1ccccc1,CN(C(=O)COCC(=O)N(C)c1ccccc1)c1ccccc1,False,True,True,9,O9,"9:O:2.15,47:O:2.30,4:O:2.32,52:O:2.34,95:O:2.43,90:O:2.51,6:O:2.53,49:O:2.57,92:O:2.61",2.6078088668864026,2.1511959537810923,True,ok
fcfe47cf4083,,64,Gd,3,CCCCCCCCN(CCCCC(C)CCCC(C)C)C(=O)COCC(=O)N(CCCCCCCC)CCCCC(C)CCCC(C)C,"[22, 24, 27]","[""O(amide_carbonyl)"", ""O(ether)"", ""O(amide_carbonyl)""]",3,9,3,water,water,0,/nfs/home/nshank3/lanthanide_dataset_builder/data/geometries/Gd/Gd_Z64_ox3_CN9_nlig3_water_fcfe47cf4083.xyz,/nfs/home/nshank3/lanthanide_dataset_builder/data/geometries/Gd/Gd_Z64_ox3_CN9_nlig3_water_fcfe47cf4083.mol2,,-12840.072077912051,ok,built (standard attempt 1),accepted,CCCCCCCCN(CCCCC(C)CCCC(C)C)C(=O)COCC(=O)N(CCCCCCCC)CCCCC(C)CCCC(C)C,CCCCCCCCN(CCCCC(C)CCCC(C)C)C(=O)COCC(=O)N(CCCCCCCC)CCCCC(C)CCCC(C)C,False,True,True,9,O9,"297:O:2.39,160:O:2.44,23:O:2.49,28:O:2.50,302:O:2.50,165:O:2.51,162:O:2.66,25:O:2.67,299:O:2.72",2.7152933589346127,2.391232485137458,True,ok
6724c57bfa5d,,67,Ho,3,CCCCCCCCCCCCN(CCCCCCCC)C(=O)COCC(=O)N(CCCCCCCC)CCCCCCCCCCCC,"[22, 24, 27]","[""O(amide_carbonyl)"", ""O(ether)"", ""O(amide_carbonyl)""]",3,8,2,water,water,2,/nfs/home/nshank3/lanthanide_dataset_builder/data/geometries/Ho/Ho_Z67_ox3_CN8_nlig2_water_6724c57bfa5d.xyz,/nfs/home/nshank3/lanthanide_dataset_builder/data/geometries/Ho/Ho_Z67_ox3_CN8_nlig2_water_6724c57bfa5d.mol2,,-8834.35550711311,ok,built (standard attempt 1),accepted,CCCCCCCCCCCCN(CCCCCCCC)C(=O)COCC(=O)N(CCCCCCCC)CCCCCCCCCCCC,CCCCCCCCCCCCN(CCCCCCCC)C(=O)COCC(=O)N(CCCCCCCC)CCCCCCCCCCCC,False,True,True,8,O8,"160:O:2.04,165:O:2.12,28:O:2.17,23:O:2.18,25:O:2.39,162:O:2.40,278:O:2.52,275:O:2.98",2.981856722963824,2.040505768628787,True,ok
b7c2dfd92f92,,57,La,3,CCCCCCCCN(C)C(=O)COCC(=O)N(C)CCCCCCCC,"[11, 13, 16]","[""O(amide_carbonyl)"", ""O(ether)"", ""O(amide_carbonyl)""]",3,9,3,water,water,0,/nfs/home/nshank3/lanthanide_dataset_builder/data/geometries/La/La_Z57_ox3_CN9_nlig3_water_b7c2dfd92f92.xyz,/nfs/home/nshank3/lanthanide_dataset_builder/data/geometries/La/La_Z57_ox3_CN9_nlig3_water_b7c2dfd92f92.mol2,,-7161.071349555023,ok,built (standard attempt 1),accepted,CCCCCCCCN(C)C(=O)COCC(=O)N(C)CCCCCCCC,CCCCCCCCN(C)C(=O)COCC(=O)N(C)CCCCCCCC,False,True,True,9,O9,"17:O:2.27,159:O:2.31,88:O:2.52,83:O:2.55,12:O:2.59,154:O:2.62,85:O:2.82,14:O:2.92,156:O:2.93",2.932698624599452,2.272071719942696,True,ok
ee66a08ef9ec,,62,Sm,3,CC(C)CN(CC(C)C)C(=O)COCC(=O)N(CC(C)C)CC(C)C,"[10, 12, 15]","[""O(amide_carbonyl)"", ""O(ether)"", ""O(amide_carbonyl)""]",3,9,3,nitrate,nitrate,0,/nfs/home/nshank3/lanthanide_dataset_builder/data/geometries/Sm/Sm_Z62_ox3_CN9_nlig3_nitrate_ee66a08ef9ec.xyz,/nfs/home/nshank3/lanthanide_dataset_builder/data/geometries/Sm/Sm_Z62_ox3_CN9_nlig3_nitrate_ee66a08ef9ec.mol2,,-6642.65026427158,ok,built (standard attempt 1),accepted,CC(C)CN(CC(C)C)C(=O)COCC(=O)N(CC(C)C)CC(C)C,CC(C)CN(CC(C)C)C(=O)COCC(=O)N(CC(C)C)CC(C)C,False,True,True,9,O9,"11:O:2.23,81:O:2.29,146:O:2.30,13:O:2.38,78:O:2.40,76:O:2.41,16:O:2.41,141:O:2.43,143:O:2.49",2.4860853147636894,2.22756476923829,True,ok
5c46ed6bc339,,71,Lu,3,CCCCCCCCN(C)C(=O)COCC(=O)N(CCCCCCCC)CCCCCCCC,"[11, 13, 16]","[""O(amide_carbonyl)"", ""O(ether)"", ""O(amide_carbonyl)""]",3,8,2,water,water,2,/nfs/home/nshank3/lanthanide_dataset_builder/data/geometries/Lu/Lu_Z71_ox3_CN8_nlig2_water_5c46ed6bc339.xyz,/nfs/home/nshank3/lanthanide_dataset_builder/data/geometries/Lu/Lu_Z71_ox3_CN8_nlig2_water_5c46ed6bc339.mol2,,-6251.105648288417,ok,built (standard attempt 1),accepted,CCCCCCCCN(C)C(=O)COCC(=O)N(CCCCCCCC)CCCCCCCC,CCCCCCCCN(C)C(=O)COCC(=O)N(CCCCCCCC)CCCCCCCC,False,True,True,8,O8,"17:O:2.05,109:O:2.12,104:O:2.23,12:O:2.33,106:O:2.38,14:O:2.41,188:O:2.47,185:O:2.60",2.59945594605852,2.0461970874421413,True,ok
192ab9676a31,,63,Eu,3,CCCCCCCCN(CCCCCCCC)C(=O)[C@H](CCC)O[C@H](CCC)C(=O)N(CCCCCCCC)CCCCCCCC,"[18, 23, 29]","[""O(amide_carbonyl)"", ""O(ether)"", ""O(amide_carbonyl)""]",3,9,3,nitrate,nitrate,0,/nfs/home/nshank3/lanthanide_dataset_builder/data/geometries/Eu/Eu_Z63_ox3_CN9_nlig3_nitrate_192ab9676a31.xyz,/nfs/home/nshank3/lanthanide_dataset_builder/data/geometries/Eu/Eu_Z63_ox3_CN9_nlig3_nitrate_192ab9676a31.mol2,,-12323.477646250323,ok,built (standard attempt 2),accepted,CCCCCCCCN(CCCCCCCC)C(=O)[C@H](CCC)O[C@H](CCC)C(=O)N(CCCCCCCC)CCCCCCCC,CCCCCCCCN(CCCCCCCC)C(=O)[C@H](CCC)O[C@H](CCC)C(=O)N(CCCCCCCC)CCCCCCCC,False,True,True,9,O9,"281:O:2.16,150:O:2.28,30:O:2.43,292:O:2.47,286:O:2.49,161:O:2.59,24:O:2.87,155:O:3.01,19:O:3.19",3.1947929849822256,2.1592960377074153,True,ok
3beb4537ab26,,63,Eu,3,CCCCCCCCNC(=O)c1cc(OC)ccn1,"[10, 14, 18]","[""O(amide_carbonyl)"", ""O(ether)"", ""N(aromatic)""]",3,9,3,nitrate,nitrate,0,/nfs/home/nshank3/lanthanide_dataset_builder/data/geometries/Eu/Eu_Z63_ox3_CN9_nlig3_nitrate_3beb4537ab26.xyz,/nfs/home/nshank3/lanthanide_dataset_builder/data/geometries/Eu/Eu_Z63_ox3_CN9_nlig3_nitrate_3beb4537ab26.mol2,,-4760.262251960137,ok,built (standard attempt 1),accepted,CCCCCCCCNC(=O)c1cc(OC)ccn1,CCCCCCCCNC(=O)c1cc(OC)ccn1,False,True,True,4,"N1,O3","97:O:2.06,11:O:2.21,54:O:2.31,19:N:2.35",2.3466414809510563,2.058535898341915,False,ok
9ce4f4d1c0d5,,63,Eu,3,CCCCCCCCN(CCCCCCCC)C(=O)COCC(=O)NCCCCCNC(=O)COCC(=O)N(CCCCCCCC)CCCCCCCC,"[18, 20, 23]","[""O(amide_carbonyl)"", ""O(ether)"", ""O(amide_carbonyl)""]",3,9,3,nitrate,nitrate,0,/nfs/home/nshank3/lanthanide_dataset_builder/data/geometries/Eu/Eu_Z63_ox3_CN9_nlig3_nitrate_9ce4f4d1c0d5.xyz,/nfs/home/nshank3/lanthanide_dataset_builder/data/geometries/Eu/Eu_Z63_ox3_CN9_nlig3_nitrate_9ce4f4d1c0d5.mol2,,-14482.625777830908,ok,built (large_ligand_deep attempt 1),accepted,CCCCCCCCN(CCCCCCCC)C(=O)COCC(=O)NCCCCCNC(=O)COCC(=O)N(CCCCCCCC)CCCCCCCC,CCCCCCCCN(CCCCCCCC)C(=O)COCC(=O)NCCCCCNC(=O)COCC(=O)N(CCCCCCCC)CCCCCCCC,False,True,True,7,O7,"310:O:2.06,19:O:2.17,167:O:2.28,21:O:2.33,162:O:2.34,307:O:2.35,164:O:2.37",2.3732638852858847,2.0553536177221643,False,ok
0345ed41f690,,57,La,3,C1CCC2OCCOCCOC3CCCCC3OCCOCCOC2C1,"[4, 7, 10, 17, 20, 23]","[""O(ether)"", ""O(ether)"", ""O(ether)"", ""O(ether)"", ""O(ether)"", ""O(ether)""]",6,9,1,nitrate,nitrate,3,/nfs/home/nshank3/lanthanide_dataset_builder/data/geometries/La/La_Z57_ox3_CN9_nlig1_nitrate_0345ed41f690.xyz,/nfs/home/nshank3/lanthanide_dataset_builder/data/geometries/La/La_Z57_ox3_CN9_nlig1_nitrate_0345ed41f690.mol2,,-2893.06901091912,ok,built (standard attempt 1),accepted,C1CCC2OCCOCCOC3CCCCC3OCCOCCOC2C1,C1CCC2OCCOCCOC3CCCCC3OCCOCCOC2C1,False,True,True,10,"N1,O9","66:O:2.14,65:O:2.17,18:O:2.47,11:O:2.52,63:N:2.54,5:O:2.55,21:O:2.56,24:O:2.66,67:O:2.68,8:O:2.85",2.847007422384522,2.141925086871444,False,ok
a899d73ff41d,,63,Eu,3,CCCCCCCCN(CCCCCCCC)C(=O)c1ccc(C(=O)N(CCCCCCCC)CCCCCCCC)s1,"[18, 24, 42]","[""O(amide_carbonyl)"", ""O(amide_carbonyl)"", ""S(donor)""]",3,9,3,nitrate,nitrate,0,/nfs/home/nshank3/lanthanide_dataset_builder/data/geometries/Eu/Eu_Z63_ox3_CN9_nlig3_nitrate_a899d73ff41d.xyz,/nfs/home/nshank3/lanthanide_dataset_builder/data/geometries/Eu/Eu_Z63_ox3_CN9_nlig3_nitrate_a899d73ff41d.mol2,,-10972.16489741112,ok,built (standard attempt 2),accepted,CCCCCCCCN(CCCCCCCC)C(=O)c1ccc(C(=O)N(CCCCCCCC)CCCCCCCC)s1,CCCCCCCCN(CCCCCCCC)C(=O)c1ccc(C(=O)N(CCCCCCCC)CCCCCCCC)s1,False,True,True,9,"O6,S3","138:O:2.22,245:O:2.29,25:O:2.38,251:O:2.39,19:O:2.43,132:O:2.48,43:S:2.85,269:S:2.92,156:S:2.98",2.9844867967471407,2.2238851869485,True,ok
767f19fc0623,,64,Gd,3,CN(C(=O)c1cccc(C(=O)N(C)c2ccccc2)n1)c1ccccc1,"[3, 10, 19]","[""O(amide_carbonyl)"", ""O(amide_carbonyl)"", ""N(aromatic)""]",3,9,3,nitrate,nitrate,0,/nfs/home/nshank3/lanthanide_dataset_builder/data/geometries/Gd/Gd_Z64_ox3_CN9_nlig3_nitrate_767f19fc0623.xyz,/nfs/home/nshank3/lanthanide_dataset_builder/data/geometries/Gd/Gd_Z64_ox3_CN9_nlig3_nitrate_767f19fc0623.mol2,,-5844.878327453979,ok,built (standard attempt 1),accepted,CN(C(=O)c1cccc(C(=O)N(C)c2ccccc2)n1)c1ccccc1,CN(C(=O)c1cccc(C(=O)N(C)c2ccccc2)n1)c1ccccc1,False,True,True,9,"N3,O6","56:O:2.30,94:O:2.31,4:O:2.32,11:O:2.36,20:N:2.48,49:O:2.50,65:N:2.58,110:N:2.75,101:O:2.83",2.8278566274252954,2.303304767429259,True,ok
59820f9615bf,,57,La,3,CCCCCCCCN(CCCCCCCC)C(=O)c1ccc2ccc3ccc(C(=O)N(CCCCCCCC)CCCCCCCC)nc3c2n1,"[18, 30, 48, 51]","[""O(amide_carbonyl)"", ""O(amide_carbonyl)"", ""N(aromatic)"", ""N(aromatic)""]",4,9,2,water,water,1,/nfs/home/nshank3/lanthanide_dataset_builder/data/geometries/La/La_Z57_ox3_CN9_nlig2_water_59820f9615bf.xyz,/nfs/home/nshank3/lanthanide_dataset_builder/data/geometries/La/La_Z57_ox3_CN9_nlig2_water_59820f9615bf.mol2,,-8641.136906806489,ok,built (standard attempt 1),accepted,CCCCCCCCN(CCCCCCCC)C(=O)c1ccc2ccc3ccc(C(=O)N(CCCCCCCC)CCCCCCCC)nc3c2n1,CCCCCCCCN(CCCCCCCC)C(=O)c1ccc2ccc3ccc(C(=O)N(CCCCCCCC)CCCCCCCC)nc3c2n1,False,True,True,9,"N4,O5","145:O:2.37,157:O:2.57,19:O:2.59,52:N:2.70,178:N:2.74,49:N:2.86,253:O:3.01,31:O:3.03,175:N:3.07",3.074250432930429,2.365059978653293,True,ok
b937f642bd0f,,65,Tb,3,CCCCCCCCN(CCCCCCCC)C(=O)C(C)OC(C)C(=O)N(CCCCCCCC)CCCCCCCC,"[18, 21, 25]","[""O(amide_carbonyl)"", ""O(ether)"", ""O(amide_carbonyl)""]",3,8,2,nitrate,nitrate,2,/nfs/home/nshank3/lanthanide_dataset_builder/data/geometries/Tb/Tb_Z65_ox3_CN8_nlig2_nitrate_b937f642bd0f.xyz,/nfs/home/nshank3/lanthanide_dataset_builder/data/geometries/Tb/Tb_Z65_ox3_CN8_nlig2_nitrate_b937f642bd0f.mol2,,-7950.689987512582,ok,built (standard attempt 1),accepted,CCCCCCCCN(CCCCCCCC)C(=O)C(C)OC(C)C(=O)N(CCCCCCCC)CCCCCCCC,CCCCCCCCN(CCCCCCCC)C(=O)C(C)OC(C)C(=O)N(CCCCCCCC)CCCCCCCC,False,True,True,9,"N1,O8","242:O:2.09,241:O:2.10,138:O:2.17,19:O:2.19,26:O:2.32,145:O:2.36,239:N:2.45,22:O:2.63,141:O:2.64",2.6387444094676957,2.0873091184962718,False,ok
3d1b981eb728,,60,Nd,3,CN(C(=O)CC(=O)N(C)c1ccccc1)c1ccccc1,"[3, 6]","[""O(amide_carbonyl)"", ""O(amide_carbonyl)""]",2,9,4,nitrate,nitrate,1,/nfs/home/nshank3/lanthanide_dataset_builder/data/geometries/Nd/Nd_Z60_ox3_CN9_nlig4_nitrate_3d1b981eb728.xyz,/nfs/home/nshank3/lanthanide_dataset_builder/data/geometries/Nd/Nd_Z60_ox3_CN9_nlig4_nitrate_3d1b981eb728.mol2,,-6627.9081488933325,ok,built (standard attempt 1),accepted,CN(C(=O)CC(=O)N(C)c1ccccc1)c1ccccc1,CN(C(=O)CC(=O)N(C)c1ccccc1)c1ccccc1,False,True,True,9,O9,"4:O:2.36,121:O:2.39,7:O:2.39,82:O:2.41,124:O:2.43,43:O:2.44,85:O:2.45,46:O:2.48,157:O:2.79",2.7862352546465314,2.357149138080337,True,ok
fb46283268e8,,63,Eu,3,CCCCCCCCN(C)C(=O)C(CCOCCCCCC)C(=O)N(C)CCCCCCCC,"[11, 15, 23]","[""O(amide_carbonyl)"", ""O(ether)"", ""O(amide_carbonyl)""]",3,9,3,nitrate,nitrate,0,/nfs/home/nshank3/lanthanide_dataset_builder/data/geometries/Eu/Eu_Z63_ox3_CN9_nlig3_nitrate_fb46283268e8.xyz,/nfs/home/nshank3/lanthanide_dataset_builder/data/geometries/Eu/Eu_Z63_ox3_CN9_nlig3_nitrate_fb46283268e8.mol2,,-8964.79828016754,ok,built (standard attempt 1),accepted,CCCCCCCCN(C)C(=O)C(CCOCCCCCC)C(=O)N(C)CCCCCCCC,CCCCCCCCN(C)C(=O)C(CCOCCCCCC)C(=O)N(C)CCCCCCCC,False,True,True,8,O8,"208:O:2.29,196:O:2.47,104:O:2.69,12:O:2.69,16:O:2.77,108:O:2.84,24:O:2.87,116:O:3.04",3.0381033250699114,2.2924987453943277,False,ok
e89f796158d3,,69,Tm,3,CCN(C(=O)c1cccc(-c2cccc(C(=O)N(CC)c3cc(C)cc(C)c3)n2)n1)c1cc(C)cc(C)c1,"[4, 16, 28, 29]","[""O(amide_carbonyl)"", ""O(amide_carbonyl)"", ""N(aromatic)"", ""N(aromatic)""]",4,8,2,nitrate,nitrate,0,/nfs/home/nshank3/lanthanide_dataset_builder/data/geometries/Tm/Tm_Z69_ox3_CN8_nlig2_nitrate_e89f796158d3.xyz,/nfs/home/nshank3/lanthanide_dataset_builder/data/geometries/Tm/Tm_Z69_ox3_CN8_nlig2_nitrate_e89f796158d3.mol2,,-5754.708750793947,ok,built (standard attempt 1),accepted,CCN(C(=O)c1cccc(-c2cccc(C(=O)N(CC)c3cc(C)cc(C)c3)n2)n1)c1cc(C)cc(C)c1,CCN(C(=O)c1cccc(-c2cccc(C(=O)N(CC)c3cc(C)cc(C)c3)n2)n1)c1cc(C)cc(C)c1,False,True,True,8,"N4,O4","5:O:2.21,17:O:2.26,89:O:2.26,77:O:2.27,101:N:2.39,30:N:2.45,102:N:2.46,29:N:2.49",2.4854138126005263,2.2122293519969563,True,ok
fd7ac44bc180,,64,Gd,3,CCN(C(=O)c1cccc(-c2cccc(C(=O)N(CC)c3cc(C)cc(C)c3)n2)n1)c1cc(C)cc(C)c1,"[4, 16, 28, 29]","[""O(amide_carbonyl)"", ""O(amide_carbonyl)"", ""N(aromatic)"", ""N(aromatic)""]",4,9,2,nitrate,nitrate,1,/nfs/home/nshank3/lanthanide_dataset_builder/data/geometries/Gd/Gd_Z64_ox3_CN9_nlig2_nitrate_fd7ac44bc180.xyz,/nfs/home/nshank3/lanthanide_dataset_builder/data/geometries/Gd/Gd_Z64_ox3_CN9_nlig2_nitrate_fd7ac44bc180.mol2,,-5895.036947510947,ok,built (standard attempt 1),accepted,CCN(C(=O)c1cccc(-c2cccc(C(=O)N(CC)c3cc(C)cc(C)c3)n2)n1)c1cc(C)cc(C)c1,CCN(C(=O)c1cccc(-c2cccc(C(=O)N(CC)c3cc(C)cc(C)c3)n2)n1)c1cc(C)cc(C)c1,False,True,True,9,"N4,O5","89:O:2.25,17:O:2.30,29:N:2.41,101:N:2.45,77:O:2.47,30:N:2.49,5:O:2.49,102:N:2.64,145:O:2.76",2.7599752288029764,2.248268268346791,True,ok
79fdb4206d8e,,66,Dy,3,CCN(C(=O)c1cccc(-c2cccc(C(=O)N(CC)c3ccccc3)n2)n1)c1ccccc1,"[4, 16, 26, 27]","[""O(amide_carbonyl)"", ""O(amide_carbonyl)"", ""N(aromatic)"", ""N(aromatic)""]",4,8,2,nitrate,nitrate,0,/nfs/home/nshank3/lanthanide_dataset_builder/data/geometries/Dy/Dy_Z66_ox3_CN8_nlig2_nitrate_79fdb4206d8e.xyz,/nfs/home/nshank3/lanthanide_dataset_builder/data/geometries/Dy/Dy_Z66_ox3_CN8_nlig2_nitrate_79fdb4206d8e.mol2,,-5065.296844019032,ok,built (standard attempt 1),accepted,CCN(C(=O)c1cccc(-c2cccc(C(=O)N(CC)c3ccccc3)n2)n1)c1ccccc1,CCN(C(=O)c1cccc(-c2cccc(C(=O)N(CC)c3ccccc3)n2)n1)c1ccccc1,False,True,True,8,"N4,O4","65:O:2.11,17:O:2.12,77:O:2.12,5:O:2.12,87:N:2.51,27:N:2.51,88:N:2.52,28:N:2.52",2.5224823036653814,2.1131680703578497,True,ok
d78601d4bdab,,71,Lu,3,CCCCCCCCN(C(=O)c1ccc2ccc3cccnc3c2n1)c1ccc(C)cc1,"[10, 21, 24]","[""O(amide_carbonyl)"", ""N(aromatic)"", ""N(aromatic)""]",3,8,2,nitrate,nitrate,2,/nfs/home/nshank3/lanthanide_dataset_builder/data/geometries/Lu/Lu_Z71_ox3_CN8_nlig2_nitrate_d78601d4bdab.xyz,/nfs/home/nshank3/lanthanide_dataset_builder/data/geometries/Lu/Lu_Z71_ox3_CN8_nlig2_nitrate_d78601d4bdab.mol2,,-5246.540345352416,ok,built (standard attempt 1),accepted,CCCCCCCCN(C(=O)c1ccc2ccc3cccnc3c2n1)c1ccc(C)cc1,CCCCCCCCN(C(=O)c1ccc2ccc3cccnc3c2n1)c1ccc(C)cc1,False,True,True,9,"N5,O4","129:O:2.03,130:O:2.11,127:N:2.27,88:N:2.27,74:O:2.29,11:O:2.36,22:N:2.37,25:N:2.44,85:N:2.60",2.5971097336309543,2.0343506124108015,False,ok
5ae791922b1e,,57,La,3,CCCCN(CCCC)C(=O)c1ccc2ccc3ccc(C(=O)N(CCCC)CCCC)nc3c2n1,"[10, 22, 32, 35]","[""O(amide_carbonyl)"", ""O(amide_carbonyl)"", ""N(aromatic)"", ""N(aromatic)""]",4,9,2,nitrate,nitrate,1,/nfs/home/nshank3/lanthanide_dataset_builder/data/geometries/La/La_Z57_ox3_CN9_nlig2_nitrate_5ae791922b1e.xyz,/nfs/home/nshank3/lanthanide_dataset_builder/data/geometries/La/La_Z57_ox3_CN9_nlig2_nitrate_5ae791922b1e.mol2,,-5888.032456951101,ok,built (standard attempt 1),accepted,CCCCN(CCCC)C(=O)c1ccc2ccc3ccc(C(=O)N(CCCC)CCCC)nc3c2n1,CCCCN(CCCC)C(=O)c1ccc2ccc3ccc(C(=O)N(CCCC)CCCC)nc3c2n1,False,True,True,9,"N4,O5","11:O:2.44,89:O:2.45,101:O:2.51,23:O:2.58,114:N:2.62,36:N:2.62,111:N:2.72,33:N:2.81,157:O:2.91",2.911881752999419,2.435676052821439,True,ok
9a7c62d243a2,,66,Dy,3,CCc1ccc(N(CC)C(=O)c2ccc3ccc4ccc(C(=O)N(CC)c5ccc(CC)cc5)nc4c3n2)cc1,"[10, 22, 34, 37]","[""O(amide_carbonyl)"", ""O(amide_carbonyl)"", ""N(aromatic)"", ""N(aromatic)""]",4,8,2,nitrate,nitrate,0,/nfs/home/nshank3/lanthanide_dataset_builder/data/geometries/Dy/Dy_Z66_ox3_CN8_nlig2_nitrate_9a7c62d243a2.xyz,/nfs/home/nshank3/lanthanide_dataset_builder/data/geometries/Dy/Dy_Z66_ox3_CN8_nlig2_nitrate_9a7c62d243a2.mol2,,-5988.248191995672,ok,built (standard attempt 2),accepted,CCc1ccc(N(CC)C(=O)c2ccc3ccc4ccc(C(=O)N(CC)c5ccc(CC)cc5)nc4c3n2)cc1,CCc1ccc(N(CC)C(=O)c2ccc3ccc4ccc(C(=O)N(CC)c5ccc(CC)cc5)nc4c3n2)cc1,False,True,True,8,"N4,O4","85:O:2.18,11:O:2.30,97:O:2.32,23:O:2.37,109:N:2.48,38:N:2.58,112:N:2.61,35:N:2.63",2.6279581126959055,2.178925931017412,True,ok
1deb3f946bab,,58,Ce,3,O=C(O)CN(CCO)CCN(CC(=O)O)CC(=O)O,"[0, 2, 4, 7, 10, 13, 14, 17]","[""O(ester_carbonyl)"", ""O(hydroxyl)"", ""N(amine)"", ""O(hydroxyl)"", ""N(amine)"", ""O(ester_carbonyl)"", ""O(hydroxyl)"", ""O(ester_carbonyl)""]",8,9,1,nitrate,nitrate,1,/nfs/home/nshank3/lanthanide_dataset_builder/data/geometries/Ce/Ce_Z58_ox3_CN9_nlig1_nitrate_1deb3f946bab.xyz,/nfs/home/nshank3/lanthanide_dataset_builder/data/geometries/Ce/Ce_Z58_ox3_CN9_nlig1_nitrate_1deb3f946bab.mol2,,-1899.5039400057244,ok,built (standard attempt 1),accepted,O=C(O)CN(CCO)CCN(CC(=O)O)CC(=O)O,O=C(O)CN(CCO)CCN(CC(=O)O)CC(=O)O,False,True,True,8,"N2,O6","14:O:2.14,1:O:2.14,18:O:2.21,8:O:2.36,38:O:2.43,5:N:2.68,11:N:3.04,15:O:3.18",3.17590567881304,2.13708692647634,False,ok
a738655fc126,,62,Sm,3,CCN(C(=O)c1cccc(C(=O)N(CC)c2ccc(C)cc2)n1)c1ccc(C)cc1,"[4, 11, 22]","[""O(amide_carbonyl)"", ""O(amide_carbonyl)"", ""N(aromatic)""]",3,9,3,nitrate,nitrate,0,/nfs/home/nshank3/lanthanide_dataset_builder/data/geometries/Sm/Sm_Z62_ox3_CN9_nlig3_nitrate_a738655fc126.xyz,/nfs/home/nshank3/lanthanide_dataset_builder/data/geometries/Sm/Sm_Z62_ox3_CN9_nlig3_nitrate_a738655fc126.mol2,,-6881.064122149252,ok,built (standard attempt 1),accepted,CCN(C(=O)c1cccc(C(=O)N(CC)c2ccc(C)cc2)n1)c1ccc(C)cc1,CCN(C(=O)c1cccc(C(=O)N(CC)c2ccc(C)cc2)n1)c1ccc(C)cc1,False,True,True,9,"N3,O6","119:O:2.20,62:O:2.21,5:O:2.28,126:O:2.30,69:O:2.30,12:O:2.35,80:N:2.62,137:N:2.64,23:N:2.65",2.65337147778438,2.2041422329836995,True,ok
1dd89a7c8169,,65,Tb,3,CCN(C(=O)c1cccc(C(=O)N(CC)c2ccccc2C)n1)c1ccccc1C,"[4, 11, 22]","[""O(amide_carbonyl)"", ""O(amide_carbonyl)"", ""N(aromatic)""]",3,8,2,nitrate,nitrate,2,/nfs/home/nshank3/lanthanide_dataset_builder/data/geometries/Tb/Tb_Z65_ox3_CN8_nlig2_nitrate_1dd89a7c8169.xyz,/nfs/home/nshank3/lanthanide_dataset_builder/data/geometries/Tb/Tb_Z65_ox3_CN8_nlig2_nitrate_1dd89a7c8169.mol2,,-5008.771786787816,ok,built (standard attempt 1),accepted,CCN(C(=O)c1cccc(C(=O)N(CC)c2ccccc2C)n1)c1ccccc1C,CCN(C(=O)c1cccc(C(=O)N(CC)c2ccccc2C)n1)c1ccccc1C,False,True,True,9,"N3,O6","118:O:2.12,117:O:2.14,5:O:2.26,69:O:2.26,62:O:2.30,12:O:2.36,80:N:2.41,115:N:2.47,23:N:2.52",2.5204386964264502,2.121763437964652,False,ok
dcaf7a1cb18d,,67,Ho,3,CCCCCCc1ccc(N(CC)C(=O)c2cccc(-c3cccc(C(=O)N(CC)c4ccc(CCCCCC)cc4)n3)n2)cc1,"[14, 26, 42, 43]","[""O(amide_carbonyl)"", ""O(amide_carbonyl)"", ""N(aromatic)"", ""N(aromatic)""]",4,8,2,nitrate,nitrate,0,/nfs/home/nshank3/lanthanide_dataset_builder/data/geometries/Ho/Ho_Z67_ox3_CN8_nlig2_nitrate_dcaf7a1cb18d.xyz,/nfs/home/nshank3/lanthanide_dataset_builder/data/geometries/Ho/Ho_Z67_ox3_CN8_nlig2_nitrate_dcaf7a1cb18d.mol2,,-7132.284861834958,ok,built (standard attempt 1),accepted,CCCCCCc1ccc(N(CC)C(=O)c2cccc(-c3cccc(C(=O)N(CC)c4ccc(CCCCCC)cc4)n3)n2)cc1,CCCCCCc1ccc(N(CC)C(=O)c2cccc(-c3cccc(C(=O)N(CC)c4ccc(CCCCCC)cc4)n3)n2)cc1,False,True,True,8,"N4,O4","111:O:2.13,15:O:2.20,123:O:2.26,140:N:2.33,44:N:2.35,27:O:2.35,139:N:2.45,43:N:2.47",2.4685833939426054,2.128768293257336,True,ok
ae2559f4836f,,58,Ce,3,CCCCCCCCN(C)C(=O)COCC(=O)N(C)CCCCCCCC,"[11, 13, 16]","[""O(amide_carbonyl)"", ""O(ether)"", ""O(amide_carbonyl)""]",3,9,3,nitrate,nitrate,0,/nfs/home/nshank3/lanthanide_dataset_builder/data/geometries/Ce/Ce_Z58_ox3_CN9_nlig3_nitrate_ae2559f4836f.xyz,/nfs/home/nshank3/lanthanide_dataset_builder/data/geometries/Ce/Ce_Z58_ox3_CN9_nlig3_nitrate_ae2559f4836f.mol2,,-7159.269335942021,ok,built (standard attempt 1),accepted,CCCCCCCCN(C)C(=O)COCC(=O)N(C)CCCCCCCC,CCCCCCCCN(C)C(=O)COCC(=O)N(C)CCCCCCCC,False,True,True,9,O9,"83:O:2.22,159:O:2.30,17:O:2.43,154:O:2.44,12:O:2.54,156:O:2.58,88:O:2.60,85:O:2.70,14:O:2.73",2.7339689018237427,2.2223102777650574,True,ok
92f7d2015574,,63,Eu,3,CCCCCCOCCC(C(=O)N(C)CCCC)C(=O)N(C)CCCC,"[6, 11, 19]","[""O(ether)"", ""O(amide_carbonyl)"", ""O(amide_carbonyl)""]",3,9,3,nitrate,nitrate,0,/nfs/home/nshank3/lanthanide_dataset_builder/data/geometries/Eu/Eu_Z63_ox3_CN9_nlig3_nitrate_92f7d2015574.xyz,/nfs/home/nshank3/lanthanide_dataset_builder/data/geometries/Eu/Eu_Z63_ox3_CN9_nlig3_nitrate_92f7d2015574.mol2,,-6899.273586661943,ok,built (standard attempt 1),accepted,CCCCCCOCCC(C(=O)N(C)CCCC)C(=O)N(C)CCCC,CCCCCCOCCC(C(=O)N(C)CCCC)C(=O)N(C)CCCC,False,True,True,8,O8,"88:O:2.16,12:O:2.46,143:O:2.57,20:O:2.62,80:O:2.62,156:O:2.66,7:O:3.06,148:O:3.09",3.0938535828464335,2.1612311656082337,False,ok
33940a8ecd8f,,62,Sm,3,CCCCCCCCN(CCCCCCCC)C(=O)CC(=O)N(CCCCCCCC)CCCCCCCC,"[18, 21]","[""O(amide_carbonyl)"", ""O(amide_carbonyl)""]",2,9,4,nitrate,nitrate,1,/nfs/home/nshank3/lanthanide_dataset_builder/data/geometries/Sm/Sm_Z62_ox3_CN9_nlig4_nitrate_33940a8ecd8f.xyz,/nfs/home/nshank3/lanthanide_dataset_builder/data/geometries/Sm/Sm_Z62_ox3_CN9_nlig4_nitrate_33940a8ecd8f.mol2,,-13717.310401576116,ok,built (standard attempt 1),accepted,CCCCCCCCN(CCCCCCCC)C(=O)CC(=O)N(CCCCCCCC)CCCCCCCC,CCCCCCCCN(CCCCCCCC)C(=O)CC(=O)N(CCCCCCCC)CCCCCCCC,False,True,True,9,O9,"237:O:2.35,22:O:2.38,128:O:2.44,349:O:2.47,346:O:2.58,240:O:2.59,19:O:2.69,131:O:2.77,437:O:2.77",2.7663550837241377,2.352188374501314,True,ok
43d1908c5871,,68,Er,3,CCCCN(CCCC)C(=O)CC(=O)N(CCCC)CCCC,"[10, 13]","[""O(amide_carbonyl)"", ""O(amide_carbonyl)""]",2,8,4,nitrate,nitrate,0,/nfs/home/nshank3/lanthanide_dataset_builder/data/geometries/Er/Er_Z68_ox3_CN8_nlig4_nitrate_43d1908c5871.xyz,/nfs/home/nshank3/lanthanide_dataset_builder/data/geometries/Er/Er_Z68_ox3_CN8_nlig4_nitrate_43d1908c5871.mol2,,-8069.769846528257,ok,built (standard attempt 1),accepted,CCCCN(CCCC)C(=O)CC(=O)N(CCCC)CCCC,CCCCN(CCCC)C(=O)CC(=O)N(CCCC)CCCC,False,True,True,8,O8,"133:O:2.35,11:O:2.41,136:O:2.48,14:O:2.49,72:O:2.50,197:O:2.52,75:O:2.57,194:O:2.67",2.6719620135453312,2.35087088478363,True,ok
0b2630ca1d2e,,66,Dy,3,CCCCCCCCN(C)C(=O)CC(=O)N(C)CCCCCCCC,"[11, 14]","[""O(amide_carbonyl)"", ""O(amide_carbonyl)""]",2,8,4,nitrate,nitrate,0,/nfs/home/nshank3/lanthanide_dataset_builder/data/geometries/Dy/Dy_Z66_ox3_CN8_nlig4_nitrate_0b2630ca1d2e.xyz,/nfs/home/nshank3/lanthanide_dataset_builder/data/geometries/Dy/Dy_Z66_ox3_CN8_nlig4_nitrate_0b2630ca1d2e.mol2,,-8757.943725498482,ok,built (standard attempt 1),accepted,CCCCCCCCN(C)C(=O)CC(=O)N(C)CCCCCCCC,CCCCCCCCN(C)C(=O)CC(=O)N(C)CCCCCCCC,False,True,True,8,O8,"146:O:2.19,12:O:2.23,79:O:2.44,149:O:2.46,15:O:2.46,216:O:2.51,213:O:2.60,82:O:2.64",2.6428266617246345,2.189389636475567,True,ok
1fec5a3a3c29,,63,Eu,3,CC1(C)CCC(C)(C)c2nc(-c3cccc(-c4cccc(-c5nnc6c(n5)C(C)(C)CCC6(C)C)n4)n3)nnc21,"[9, 22, 23, 26, 35, 36, 37, 38]","[""N(aromatic)"", ""N(aromatic)"", ""N(aromatic)"", ""N(aromatic)"", ""N(aromatic)"", ""N(aromatic)"", ""N(aromatic)"", ""N(aromatic)""]",8,9,1,nitrate,nitrate,1,/nfs/home/nshank3/lanthanide_dataset_builder/data/geometries/Eu/Eu_Z63_ox3_CN9_nlig1_nitrate_1fec5a3a3c29.xyz,/nfs/home/nshank3/lanthanide_dataset_builder/data/geometries/Eu/Eu_Z63_ox3_CN9_nlig1_nitrate_1fec5a3a3c29.mol2,,-3160.955152467007,ok,built (standard attempt 1),accepted,CC1(C)CCC(C)(C)c2nc(-c3cccc(-c4cccc(-c5nnc6c(n5)C(C)(C)CCC6(C)C)n4)n3)nnc21,CC1(C)CCC(C)(C)c2nc(-c3cccc(-c4cccc(-c5nnc6c(n5)C(C)(C)CCC6(C)C)n4)n3)nnc21,False,True,True,8,"N7,O1","23:N:2.21,38:N:2.33,39:N:2.37,24:N:2.46,79:O:2.49,37:N:2.55,36:N:2.62,10:N:3.11",3.105546003763961,2.2071718389775223,False,ok
085249651ebf,,63,Eu,3,CCCCN(CCCC)C(=O)c1ccccc1C(=O)O,"[10, 18, 19]","[""O(amide_carbonyl)"", ""O(ester_carbonyl)"", ""O(hydroxyl)""]",3,9,3,nitrate,nitrate,0,/nfs/home/nshank3/lanthanide_dataset_builder/data/geometries/Eu/Eu_Z63_ox3_CN9_nlig3_nitrate_085249651ebf.xyz,/nfs/home/nshank3/lanthanide_dataset_builder/data/geometries/Eu/Eu_Z63_ox3_CN9_nlig3_nitrate_085249651ebf.mol2,,-4991.475556150979,ok,built (standard attempt 1),accepted,CCCCN(CCCC)C(=O)c1ccccc1C(=O)O,CCCCN(CCCC)C(=O)c1ccccc1C(=O)O,False,True,True,9,O9,"19:O:2.21,105:O:2.22,97:O:2.37,20:O:2.40,11:O:2.49,54:O:2.49,63:O:2.52,62:O:2.53,106:O:2.66",2.664535141542632,2.2132559731989323,True,ok
a9474dbf3555,,70,Yb,3,CCCCCCN(CCC(C)CCC=C(C)C)C(=O)COCC(=O)N(CCCCCC)CCC(C)CCC=C(C)C,"[18, 20, 23]","[""O(amide_carbonyl)"", ""O(ether)"", ""O(amide_carbonyl)""]",3,8,2,water,water,2,/nfs/home/nshank3/lanthanide_dataset_builder/data/geometries/Yb/Yb_Z70_ox3_CN8_nlig2_water_a9474dbf3555.xyz,/nfs/home/nshank3/lanthanide_dataset_builder/data/geometries/Yb/Yb_Z70_ox3_CN8_nlig2_water_a9474dbf3555.mol2,,-7344.049899575955,ok,built (standard attempt 1),accepted,CCCCCCN(CCC(C)CCC=C(C)C)C(=O)COCC(=O)N(CCCCCC)CCC(C)CCC=C(C)C,CCCCCCN(CCC(C)CCC=C(C)C)C(=O)COCC(=O)N(CCCCCC)CCC(C)CCC=C(C)C,False,True,True,8,O8,"128:O:2.17,24:O:2.17,133:O:2.18,19:O:2.29,21:O:2.37,222:O:2.56,130:O:2.58,219:O:2.68",2.6781330555327423,2.168485012719075,True,ok
a00fc375c167,,57,La,3,CCCCCCN(CCC(C)CCC=C(C)C)C(=O)COCC(=O)N(CCCCCC)CCC(C)CCC=C(C)C,"[18, 20, 23]","[""O(amide_carbonyl)"", ""O(ether)"", ""O(amide_carbonyl)""]",3,9,3,water,water,0,/nfs/home/nshank3/lanthanide_dataset_builder/data/geometries/La/La_Z57_ox3_CN9_nlig3_water_a00fc375c167.xyz,/nfs/home/nshank3/lanthanide_dataset_builder/data/geometries/La/La_Z57_ox3_CN9_nlig3_water_a00fc375c167.mol2,,-10607.890516800737,ok,built (standard attempt 1),accepted,CCCCCCN(CCC(C)CCC=C(C)C)C(=O)COCC(=O)N(CCCCCC)CCC(C)CCC=C(C)C,CCCCCCN(CCC(C)CCC=C(C)C)C(=O)COCC(=O)N(CCCCCC)CCC(C)CCC=C(C)C,False,True,True,9,O9,"242:O:2.43,133:O:2.43,128:O:2.45,19:O:2.50,237:O:2.52,24:O:2.59,239:O:2.73,130:O:2.73,21:O:3.07",3.0664805651011897,2.4312029018473327,True,ok
692a566c8add,,70,Yb,3,CCCCCCN(CCC(C)CCCC(C)C)C(=O)COCC(=O)N(CCCCCC)CCC(C)CCCC(C)C,"[18, 20, 23]","[""O(amide_carbonyl)"", ""O(ether)"", ""O(amide_carbonyl)""]",3,8,2,water,water,2,/nfs/home/nshank3/lanthanide_dataset_builder/data/geometries/Yb/Yb_Z70_ox3_CN8_nlig2_water_692a566c8add.xyz,/nfs/home/nshank3/lanthanide_dataset_builder/data/geometries/Yb/Yb_Z70_ox3_CN8_nlig2_water_692a566c8add.mol2,,-7457.119493963951,ok,built (standard attempt 1),accepted,CCCCCCN(CCC(C)CCCC(C)C)C(=O)COCC(=O)N(CCCCCC)CCC(C)CCCC(C)C,CCCCCCN(CCC(C)CCCC(C)C)C(=O)COCC(=O)N(CCCCCC)CCC(C)CCCC(C)C,False,True,True,8,O8,"19:O:2.09,132:O:2.17,21:O:2.42,137:O:2.43,230:O:2.44,227:O:2.49,24:O:2.54,134:O:2.55",2.5474885172989215,2.0905282019499247,True,ok
c8ad5ca34e13,,67,Ho,3,CCCCCCCCP(=O)(CCCCCCCC)Cc1cccc(CP(=O)(CCCCCCCC)CCCCCCCC)[n+]1[O-],"[9, 26, 44]","[""O(ether)"", ""O(ether)"", ""O(ether)""]",3,8,2,nitrate,nitrate,2,/nfs/home/nshank3/lanthanide_dataset_builder/data/geometries/Ho/Ho_Z67_ox3_CN8_nlig2_nitrate_c8ad5ca34e13.xyz,/nfs/home/nshank3/lanthanide_dataset_builder/data/geometries/Ho/Ho_Z67_ox3_CN8_nlig2_nitrate_c8ad5ca34e13.mol2,,-8157.523292676886,ok,built (standard attempt 1),accepted,CCCCCCCCP(=O)(CCCCCCCC)Cc1cccc(CP(=O)(CCCCCCCC)CCCCCCCC)[n+]1[O-],CCCCCCCCP(=O)(CCCCCCCC)Cc1cccc(CP(=O)(CCCCCCCC)CCCCCCCC)[n+]1[O-],False,True,True,9,"N1,O8","243:O:2.17,244:O:2.20,10:O:2.30,27:O:2.33,147:O:2.33,165:O:2.39,130:O:2.43,241:N:2.44,45:O:2.61",2.614015016986304,2.166791121803439,False,ok
e8105004c5ac,,62,Sm,3,CCCCCCCCP(=O)(CCCCCCCC)Cc1cccc(CP(=O)(CCCCCCCC)CCCCCCCC)[n+]1[O-],"[9, 26, 44]","[""O(ether)"", ""O(ether)"", ""O(ether)""]",3,9,3,water,water,0,/nfs/home/nshank3/lanthanide_dataset_builder/data/geometries/Sm/Sm_Z62_ox3_CN9_nlig3_water_e8105004c5ac.xyz,/nfs/home/nshank3/lanthanide_dataset_builder/data/geometries/Sm/Sm_Z62_ox3_CN9_nlig3_water_e8105004c5ac.mol2,,-11600.879598334272,ok,built (standard attempt 1),accepted,CCCCCCCCP(=O)(CCCCCCCC)Cc1cccc(CP(=O)(CCCCCCCC)CCCCCCCC)[n+]1[O-],CCCCCCCCP(=O)(CCCCCCCC)Cc1cccc(CP(=O)(CCCCCCCC)CCCCCCCC)[n+]1[O-],False,True,True,9,O9,"285:O:2.31,27:O:2.32,147:O:2.43,250:O:2.49,10:O:2.49,45:O:2.54,130:O:2.57,165:O:2.83,267:O:3.04",3.0447853156695555,2.3074522588483415,True,ok
932854907794,,62,Sm,3,CCCCCCCCN(CCCCCCCC)C(=O)COCC(=O)N(CCCCCCCC)CCCCCCCC,"[18, 20, 23]","[""O(amide_carbonyl)"", ""O(ether)"", ""O(amide_carbonyl)""]",3,9,3,nitrate,nitrate,0,/nfs/home/nshank3/lanthanide_dataset_builder/data/geometries/Sm/Sm_Z62_ox3_CN9_nlig3_nitrate_932854907794.xyz,/nfs/home/nshank3/lanthanide_dataset_builder/data/geometries/Sm/Sm_Z62_ox3_CN9_nlig3_nitrate_932854907794.mol2,,-10775.001737555023,ok,built (standard attempt 1),accepted,CCCCCCCCN(CCCCCCCC)C(=O)COCC(=O)N(CCCCCCCC)CCCCCCCC,CCCCCCCCN(CCCCCCCC)C(=O)COCC(=O)N(CCCCCCCC)CCCCCCCC,False,True,True,9,O9,"19:O:2.22,132:O:2.35,250:O:2.38,247:O:2.57,245:O:2.58,137:O:2.59,24:O:2.67,134:O:2.71,21:O:2.74",2.743283608393219,2.217031319887267,True,ok
b962af2d7020,,57,La,3,CCCCCCCCCCN(CCCCCCCCCC)C(=O)COCC(=O)N(CCCCCC)CCCCCC,"[22, 24, 27]","[""O(amide_carbonyl)"", ""O(ether)"", ""O(amide_carbonyl)""]",3,9,3,nitrate,nitrate,0,/nfs/home/nshank3/lanthanide_dataset_builder/data/geometries/La/La_Z57_ox3_CN9_nlig3_nitrate_b962af2d7020.xyz,/nfs/home/nshank3/lanthanide_dataset_builder/data/geometries/La/La_Z57_ox3_CN9_nlig3_nitrate_b962af2d7020.mol2,,-10777.859452271803,ok,built (standard attempt 1),accepted,CCCCCCCCCCN(CCCCCCCCCC)C(=O)COCC(=O)N(CCCCCC)CCCCCC,CCCCCCCCCCN(CCCCCCCCCC)C(=O)COCC(=O)N(CCCCCC)CCCCCC,False,True,True,9,O9,"141:O:2.20,23:O:2.37,254:O:2.52,28:O:2.55,136:O:2.56,249:O:2.71,138:O:2.81,251:O:2.82,25:O:2.93",2.9347772513292667,2.2000969907090098,True,ok
3ebeca6a53a4,,57,La,3,CCN(CC)C(=O)COCC(=O)N(CC)CC,"[6, 8, 11]","[""O(amide_carbonyl)"", ""O(ether)"", ""O(amide_carbonyl)""]",3,9,3,nitrate,nitrate,0,/nfs/home/nshank3/lanthanide_dataset_builder/data/geometries/La/La_Z57_ox3_CN9_nlig3_nitrate_3ebeca6a53a4.xyz,/nfs/home/nshank3/lanthanide_dataset_builder/data/geometries/La/La_Z57_ox3_CN9_nlig3_nitrate_3ebeca6a53a4.mol2,,-4578.54190135844,ok,built (standard attempt 1),accepted,CCN(CC)C(=O)COCC(=O)N(CC)CC,CCN(CC)C(=O)COCC(=O)N(CC)CC,False,True,True,9,O9,"89:O:2.23,7:O:2.33,48:O:2.36,94:O:2.42,12:O:2.43,91:O:2.45,9:O:2.58,53:O:2.61,50:O:2.68",2.67791896818346,2.22693898378236,True,ok
7e4821d174f3,,63,Eu,3,CCCCCCCCN(CCCCCCCC)C(=O)COC(C)C(=O)N(CCCCCCCC)CCCCCCCC,"[18, 20, 24]","[""O(amide_carbonyl)"", ""O(ether)"", ""O(amide_carbonyl)""]",3,9,3,nitrate,nitrate,0,/nfs/home/nshank3/lanthanide_dataset_builder/data/geometries/Eu/Eu_Z63_ox3_CN9_nlig3_nitrate_7e4821d174f3.xyz,/nfs/home/nshank3/lanthanide_dataset_builder/data/geometries/Eu/Eu_Z63_ox3_CN9_nlig3_nitrate_7e4821d174f3.mol2,,-11030.766860607147,ok,built (standard attempt 1),accepted,CCCCCCCCN(CCCCCCCC)C(=O)COC(C)C(=O)N(CCCCCCCC)CCCCCCCC,CCCCCCCCN(CCCCCCCC)C(=O)COC(C)C(=O)N(CCCCCCCC)CCCCCCCC,False,True,True,9,O9,"251:O:2.23,19:O:2.32,135:O:2.35,253:O:2.36,257:O:2.46,21:O:2.50,25:O:2.52,137:O:2.65,141:O:3.02",3.022804260950565,2.229532795952125,True,ok
eed9dc5fbef3,,71,Lu,3,CCCCCCCCN(CCCCCCCC)C(=O)COCC(=O)N(CCCCCCCC)CCCCCCCC,"[18, 20, 23]","[""O(amide_carbonyl)"", ""O(ether)"", ""O(amide_carbonyl)""]",3,8,2,water,water,2,/nfs/home/nshank3/lanthanide_dataset_builder/data/geometries/Lu/Lu_Z71_ox3_CN8_nlig2_water_eed9dc5fbef3.xyz,/nfs/home/nshank3/lanthanide_dataset_builder/data/geometries/Lu/Lu_Z71_ox3_CN8_nlig2_water_eed9dc5fbef3.mol2,,-7456.740375363891,ok,built (standard attempt 1),accepted,CCCCCCCCN(CCCCCCCC)C(=O)COCC(=O)N(CCCCCCCC)CCCCCCCC,CCCCCCCCN(CCCCCCCC)C(=O)COCC(=O)N(CCCCCCCC)CCCCCCCC,False,True,True,8,O8,"24:O:2.15,132:O:2.21,19:O:2.23,137:O:2.28,134:O:2.39,21:O:2.50,230:O:2.62,227:O:2.65",2.654677363140554,2.153041276689383,True,ok
67730a2cee7f,,65,Tb,3,CCCCCCCCN(CCCCCCCC)C(=O)[C@H](CCC)O[C@H](CCC)C(=O)N(CCCCCCCC)CCCCCCCC,"[18, 23, 29]","[""O(amide_carbonyl)"", ""O(ether)"", ""O(amide_carbonyl)""]",3,8,2,nitrate,nitrate,2,/nfs/home/nshank3/lanthanide_dataset_builder/data/geometries/Tb/Tb_Z65_ox3_CN8_nlig2_nitrate_67730a2cee7f.xyz,/nfs/home/nshank3/lanthanide_dataset_builder/data/geometries/Tb/Tb_Z65_ox3_CN8_nlig2_nitrate_67730a2cee7f.mol2,,-8639.012839714142,ok,built (standard attempt 1),accepted,CCCCCCCCN(CCCCCCCC)C(=O)[C@H](CCC)O[C@H](CCC)C(=O)N(CCCCCCCC)CCCCCCCC,CCCCCCCCN(CCCCCCCC)C(=O)[C@H](CCC)O[C@H](CCC)C(=O)N(CCCCCCCC)CCCCCCCC,False,True,True,9,"N1,O8","19:O:2.13,150:O:2.15,266:O:2.16,265:O:2.16,30:O:2.19,263:N:2.35,24:O:2.47,155:O:2.61,161:O:2.72",2.7158954746715,2.1343549123420695,False,ok
00a6ad5de760,,68,Er,3,CCCCCCCCN(CCCCCCCC)C(=O)[C@H](C)O[C@@H](CC)C(=O)N(CCCCCCCC)CCCCCCCC,"[18, 21, 26]","[""O(amide_carbonyl)"", ""O(ether)"", ""O(amide_carbonyl)""]",3,8,2,nitrate,nitrate,2,/nfs/home/nshank3/lanthanide_dataset_builder/data/geometries/Er/Er_Z68_ox3_CN8_nlig2_nitrate_00a6ad5de760.xyz,/nfs/home/nshank3/lanthanide_dataset_builder/data/geometries/Er/Er_Z68_ox3_CN8_nlig2_nitrate_00a6ad5de760.mol2,,-8121.81478809975,ok,built (standard attempt 1),accepted,CCCCCCCCN(CCCCCCCC)C(=O)[C@H](C)O[C@@H](CC)C(=O)N(CCCCCCCC)CCCCCCCC,CCCCCCCCN(CCCCCCCC)C(=O)[C@H](C)O[C@@H](CC)C(=O)N(CCCCCCCC)CCCCCCCC,False,True,True,9,"N1,O8","247:O:2.04,248:O:2.11,141:O:2.29,27:O:2.29,19:O:2.36,245:N:2.40,149:O:2.49,144:O:2.63,22:O:2.64",2.6432581663102592,2.0406701952765727,False,ok
86e8f93956e0,,57,La,3,CC12CCC(c3nnc(-c4cccc(-c5nnc6c(n5)C5(C)CCC6C5(C)C)n4)nc31)C2(C)C,"[6, 7, 15, 16, 19, 28, 29]","[""N(aromatic)"", ""N(aromatic)"", ""N(aromatic)"", ""N(aromatic)"", ""N(aromatic)"", ""N(aromatic)"", ""N(aromatic)""]",7,9,1,nitrate,nitrate,2,/nfs/home/nshank3/lanthanide_dataset_builder/data/geometries/La/La_Z57_ox3_CN9_nlig1_nitrate_86e8f93956e0.xyz,/nfs/home/nshank3/lanthanide_dataset_builder/data/geometries/La/La_Z57_ox3_CN9_nlig1_nitrate_86e8f93956e0.mol2,,-2981.200380076818,ok,built (standard attempt 1),accepted,CC12CCC(c3nnc(-c4cccc(-c5nnc6c(n5)C5(C)CCC6C5(C)C)n4)nc31)C2(C)C,CC12CCC(c3nnc(-c4cccc(-c5nnc6c(n5)C5(C)CCC6C5(C)C)n4)nc31)C2(C)C,False,True,True,7,"N5,O2","69:O:2.09,68:O:2.12,29:N:2.36,16:N:2.40,8:N:2.45,66:N:2.49,7:N:3.17",3.1712653803284017,2.0875333332498234,False,ok
9ce3bd94dcd5,,58,Ce,3,O=C(c1cc(Cl)c2ccc3c(Cl)cc(C(=O)N4CCCC4)nc3c2n1)N1CCCC1,"[0, 15, 21, 24]","[""O(amide_carbonyl)"", ""O(amide_carbonyl)"", ""N(aromatic)"", ""N(aromatic)""]",4,9,2,nitrate,nitrate,1,/nfs/home/nshank3/lanthanide_dataset_builder/data/geometries/Ce/Ce_Z58_ox3_CN9_nlig2_nitrate_9ce3bd94dcd5.xyz,/nfs/home/nshank3/lanthanide_dataset_builder/data/geometries/Ce/Ce_Z58_ox3_CN9_nlig2_nitrate_9ce3bd94dcd5.mol2,,-4839.686008159768,ok,built (standard attempt 1),accepted,O=C(c1cc(Cl)c2ccc3c(Cl)cc(C(=O)N4CCCC4)nc3c2n1)N1CCCC1,O=C(c1cc(Cl)c2ccc3c(Cl)cc(C(=O)N4CCCC4)nc3c2n1)N1CCCC1,False,True,True,9,"N4,O5","16:O:2.24,51:O:2.35,1:O:2.43,22:N:2.44,75:N:2.48,66:O:2.49,25:N:2.51,72:N:2.62,101:O:2.69",2.691320730572531,2.2408262378928647,True,ok
61dd876b1799,,63,Eu,3,C1COCCOCCOCCOCCOCCO1,"[2, 5, 8, 11, 14, 17]","[""O(ether)"", ""O(ether)"", ""O(ether)"", ""O(ether)"", ""O(ether)"", ""O(ether)""]",6,9,1,nitrate,nitrate,3,/nfs/home/nshank3/lanthanide_dataset_builder/data/geometries/Eu/Eu_Z63_ox3_CN9_nlig1_nitrate_61dd876b1799.xyz,/nfs/home/nshank3/lanthanide_dataset_builder/data/geometries/Eu/Eu_Z63_ox3_CN9_nlig1_nitrate_61dd876b1799.mol2,,-2255.2882892953257,ok,built (standard attempt 2),accepted,C1COCCOCCOCCOCCOCCO1,C1COCCOCCOCCOCCOCCO1,False,True,True,10,"N1,O9","46:O:2.04,45:O:2.08,12:O:2.30,15:O:2.37,43:N:2.42,9:O:2.43,6:O:2.51,3:O:2.65,18:O:2.71,47:O:2.88",2.879395496724943,2.0433685142510214,False,ok
b07fdb80b7a7,,58,Ce,3,CCCCCCCCN(CCCCCCCC)C(=O)[C@H](C)O[C@H](C)C(=O)N(CCCCCCCC)CCCCCCCC,"[18, 21, 25]","[""O(amide_carbonyl)"", ""O(ether)"", ""O(amide_carbonyl)""]",3,9,3,nitrate,nitrate,0,/nfs/home/nshank3/lanthanide_dataset_builder/data/geometries/Ce/Ce_Z58_ox3_CN9_nlig3_nitrate_b07fdb80b7a7.xyz,/nfs/home/nshank3/lanthanide_dataset_builder/data/geometries/Ce/Ce_Z58_ox3_CN9_nlig3_nitrate_b07fdb80b7a7.mol2,,-11292.19358480331,ok,built (standard attempt 1),accepted,CCCCCCCCN(CCCCCCCC)C(=O)[C@H](C)O[C@H](C)C(=O)N(CCCCCCCC)CCCCCCCC,CCCCCCCCN(CCCCCCCC)C(=O)[C@H](C)O[C@H](C)C(=O)N(CCCCCCCC)CCCCCCCC,False,True,True,9,O9,"145:O:2.21,264:O:2.25,19:O:2.30,141:O:2.46,22:O:2.47,26:O:2.50,257:O:2.57,138:O:2.65,260:O:2.79",2.794258240064005,2.2066302220386764,True,ok
bffb797bc9ad,,58,Ce,3,CCCCCCCCN(CCCCC(C)CCCC(C)C)C(=O)COCC(=O)N(CCCCCCCC)CCCCC(C)CCCC(C)C,"[22, 24, 27]","[""O(amide_carbonyl)"", ""O(ether)"", ""O(amide_carbonyl)""]",3,9,3,water,water,0,/nfs/home/nshank3/lanthanide_dataset_builder/data/geometries/Ce/Ce_Z58_ox3_CN9_nlig3_water_bffb797bc9ad.xyz,/nfs/home/nshank3/lanthanide_dataset_builder/data/geometries/Ce/Ce_Z58_ox3_CN9_nlig3_water_bffb797bc9ad.mol2,,-12839.588315731531,ok,built (standard attempt 1),accepted,CCCCCCCCN(CCCCC(C)CCCC(C)C)C(=O)COCC(=O)N(CCCCCCCC)CCCCC(C)CCCC(C)C,CCCCCCCCN(CCCCC(C)CCCC(C)C)C(=O)COCC(=O)N(CCCCCCCC)CCCCC(C)CCCC(C)C,False,True,True,9,O9,"28:O:2.19,160:O:2.21,297:O:2.46,23:O:2.62,302:O:2.77,162:O:2.77,299:O:2.94,25:O:3.08,165:O:3.11",3.1118648717799386,2.1938253793441076,True,ok
721a61092186,,60,Nd,3,CCCCCCCCN(CCCCCCCC)C(=O)[C@H](C)O[C@@H](C)C(=O)N(CCCCCCCC)CCCCCCCC,"[18, 21, 25]","[""O(amide_carbonyl)"", ""O(ether)"", ""O(amide_carbonyl)""]",3,9,3,nitrate,nitrate,0,/nfs/home/nshank3/lanthanide_dataset_builder/data/geometries/Nd/Nd_Z60_ox3_CN9_nlig3_nitrate_721a61092186.xyz,/nfs/home/nshank3/lanthanide_dataset_builder/data/geometries/Nd/Nd_Z60_ox3_CN9_nlig3_nitrate_721a61092186.mol2,,-11289.350386966113,ok,built (standard attempt 1),accepted,CCCCCCCCN(CCCCCCCC)C(=O)[C@H](C)O[C@@H](C)C(=O)N(CCCCCCCC)CCCCCCCC,CCCCCCCCN(CCCCCCCC)C(=O)[C@H](C)O[C@@H](C)C(=O)N(CCCCCCCC)CCCCCCCC,False,True,True,8,O8,"26:O:2.26,257:O:2.28,22:O:2.30,145:O:2.36,138:O:2.54,141:O:2.63,19:O:2.64,260:O:2.98",2.983596335583326,2.263616099090834,False,ok
4da09d754091,,57,La,3,CC(C)CCCCCP(=O)(CC(=O)N(CC(C)C)CC(C)C)c1ccccc1,"[9, 12]","[""O(ether)"", ""O(amide_carbonyl)""]",2,9,4,nitrate,nitrate,1,/nfs/home/nshank3/lanthanide_dataset_builder/data/geometries/La/La_Z57_ox3_CN9_nlig4_nitrate_4da09d754091.xyz,/nfs/home/nshank3/lanthanide_dataset_builder/data/geometries/La/La_Z57_ox3_CN9_nlig4_nitrate_4da09d754091.mol2,,-9560.56068345545,ok,built (standard attempt 1),accepted,CC(C)CCCCCP(=O)(CC(=O)N(CC(C)C)CC(C)C)c1ccccc1,CC(C)CCCCCP(=O)(CC(=O)N(CC(C)C)CC(C)C)c1ccccc1,False,True,True,9,O9,"80:O:2.34,220:O:2.43,10:O:2.44,281:O:2.57,153:O:2.63,150:O:2.64,223:O:2.66,83:O:2.79,13:O:3.01",3.0087919618509678,2.337379432249935,True,ok
934c6c1bb5b7,,66,Dy,3,CCCCCCCCN(C)C(=O)COCC(=O)N(C)CCCCCCCC,"[11, 13, 16]","[""O(amide_carbonyl)"", ""O(ether)"", ""O(amide_carbonyl)""]",3,8,2,water,water,2,/nfs/home/nshank3/lanthanide_dataset_builder/data/geometries/Dy/Dy_Z66_ox3_CN8_nlig2_water_934c6c1bb5b7.xyz,/nfs/home/nshank3/lanthanide_dataset_builder/data/geometries/Dy/Dy_Z66_ox3_CN8_nlig2_water_934c6c1bb5b7.mol2,,-5046.751009868494,ok,built (standard attempt 1),accepted,CCCCCCCCN(C)C(=O)COCC(=O)N(C)CCCCCCCC,CCCCCCCCN(C)C(=O)COCC(=O)N(C)CCCCCCCC,False,True,True,8,O8,"17:O:2.16,83:O:2.17,12:O:2.27,88:O:2.31,14:O:2.41,85:O:2.43,143:O:2.51,146:O:2.71",2.71430411264235,2.164263136269553,True,ok
a61bb065986b,,66,Dy,3,CCCCCCn1c(-c2ccccc2)c(-c2ccccc2)c2cc3ccc4cc5c(-c6ccccc6)c(-c6ccccc6)n(CCCCCC)c(=O)c5nc4c3nc2c1=O,"[6, 43, 51, 53, 56, 59]","[""N(aromatic)"", ""N(aromatic)"", ""O(amide_carbonyl)"", ""N(aromatic)"", ""N(aromatic)"", ""O(amide_carbonyl)""]",6,8,1,water,water,2,/nfs/home/nshank3/lanthanide_dataset_builder/data/geometries/Dy/Dy_Z66_ox3_CN8_nlig1_water_a61bb065986b.xyz,/nfs/home/nshank3/lanthanide_dataset_builder/data/geometries/Dy/Dy_Z66_ox3_CN8_nlig1_water_a61bb065986b.mol2,,-4654.80679361975,ok,built (standard attempt 1),accepted,CCCCCCn1c(-c2ccccc2)c(-c2ccccc2)c2cc3ccc4cc5c(-c6ccccc6)c(-c6ccccc6)n(CCCCCC)c(=O)c5nc4c3nc2c1=O,CCCCCCn1c(-c2ccccc2)c(-c2ccccc2)c2cc3ccc4cc5c(-c6ccccc6)c(-c6ccccc6)n(CCCCCC)c(=O)c5nc4c3nc2c1=O,False,True,True,6,"N2,O4","52:O:2.24,60:O:2.42,111:O:2.43,57:N:2.50,114:O:2.53,54:N:2.54",2.5448343173043835,2.2424590056894704,False,ok
8d26801d9f01,,68,Er,3,CC(C)CN(CC(C)C)C(=O)COCC(=O)N(CC(C)C)CC(C)C,"[10, 12, 15]","[""O(amide_carbonyl)"", ""O(ether)"", ""O(amide_carbonyl)""]",3,8,2,nitrate,nitrate,2,/nfs/home/nshank3/lanthanide_dataset_builder/data/geometries/Er/Er_Z68_ox3_CN8_nlig2_nitrate_8d26801d9f01.xyz,/nfs/home/nshank3/lanthanide_dataset_builder/data/geometries/Er/Er_Z68_ox3_CN8_nlig2_nitrate_8d26801d9f01.mol2,,-4849.9652120455785,ok,built (standard attempt 1),accepted,CC(C)CN(CC(C)C)C(=O)COCC(=O)N(CC(C)C)CC(C)C,CC(C)CN(CC(C)C)C(=O)COCC(=O)N(CC(C)C)CC(C)C,False,True,True,9,"N1,O8","133:O:2.07,76:O:2.08,134:O:2.22,11:O:2.25,81:O:2.25,78:O:2.33,13:O:2.34,16:O:2.48,131:N:2.49",2.491946069760542,2.0706021610018244,False,ok
56d8843335c1,,60,Nd,3,CCCCCCCCCCCCN(C)C(=O)C1CC(OC)CC(C(=O)N(C)CCCCCCCCCCCC)O1,"[15, 19, 24, 39]","[""O(amide_carbonyl)"", ""O(ether)"", ""O(amide_carbonyl)"", ""O(ether)""]",4,9,2,nitrate,nitrate,1,/nfs/home/nshank3/lanthanide_dataset_builder/data/geometries/Nd/Nd_Z60_ox3_CN9_nlig2_nitrate_56d8843335c1.xyz,/nfs/home/nshank3/lanthanide_dataset_builder/data/geometries/Nd/Nd_Z60_ox3_CN9_nlig2_nitrate_56d8843335c1.mol2,,-7143.081642117104,ok,built (standard attempt 1),accepted,CCCCCCCCCCCCN(C)C(=O)C1CC(OC)CC(C(=O)N(C)CCCCCCCCCCCC)O1,CCCCCCCCCCCCN(C)C(=O)C1CC(OC)CC(C(=O)N(C)CCCCCCCCCCCC)O1,False,True,True,9,O9,"122:O:2.17,25:O:2.18,16:O:2.22,131:O:2.33,40:O:2.42,126:O:2.52,146:O:2.54,213:O:2.60,20:O:2.68",2.676267151273182,2.169850685350397,True,ok
e285ca563db7,,63,Eu,3,CCCCCCCCCCCCOCc1cc(-n2cccn2)nc(-n2cccn2)c1,"[12, 17, 21, 22, 24, 28]","[""O(ether)"", ""N(aromatic)"", ""N(aromatic)"", ""N(aromatic)"", ""N(aromatic)"", ""N(aromatic)""]",6,9,1,nitrate,nitrate,3,/nfs/home/nshank3/lanthanide_dataset_builder/data/geometries/Eu/Eu_Z63_ox3_CN9_nlig1_nitrate_e285ca563db7.xyz,/nfs/home/nshank3/lanthanide_dataset_builder/data/geometries/Eu/Eu_Z63_ox3_CN9_nlig1_nitrate_e285ca563db7.mol2,,-2949.0860811380803,ok,built (standard attempt 2),accepted,CCCCCCCCCCCCOCc1cc(-n2cccn2)nc(-n2cccn2)c1,CCCCCCCCCCCCOCc1cc(-n2cccn2)nc(-n2cccn2)c1,False,True,True,9,"N6,O3","69:O:2.08,68:O:2.14,23:N:2.40,22:N:2.41,29:N:2.41,66:N:2.48,70:O:2.71,18:N:3.05,25:N:3.09",3.08577134243831,2.0765360290286194,True,ok
f2837669b392,,68,Er,3,CCCc1nnc(-c2cccc(-c3nnc(CCC)c(CCC)n3)n2)nc1CCC,"[4, 5, 13, 14, 23, 24, 25]","[""N(aromatic)"", ""N(aromatic)"", ""N(aromatic)"", ""N(aromatic)"", ""N(aromatic)"", ""N(aromatic)"", ""N(aromatic)""]",7,8,1,nitrate,nitrate,1,/nfs/home/nshank3/lanthanide_dataset_builder/data/geometries/Er/Er_Z68_ox3_CN8_nlig1_nitrate_f2837669b392.xyz,/nfs/home/nshank3/lanthanide_dataset_builder/data/geometries/Er/Er_Z68_ox3_CN8_nlig1_nitrate_f2837669b392.mol2,,-2455.03267781433,ok,built (standard attempt 1),accepted,CCCc1nnc(-c2cccc(-c3nnc(CCC)c(CCC)n3)n2)nc1CCC,CCCc1nnc(-c2cccc(-c3nnc(CCC)c(CCC)n3)n2)nc1CCC,False,True,True,5,"N4,O1","6:N:2.14,24:N:2.37,5:N:2.39,25:N:2.41,62:O:2.51",2.5124379200624207,2.1401320242797506,False,ok
3ab984981feb,,63,Eu,3,CCCCCCCCN(CCCCCCCC)C(=O)[C@H](C)O[C@H](C)C(=O)N(CCCCCCCC)CCCCCCCC,"[18, 21, 25]","[""O(amide_carbonyl)"", ""O(ether)"", ""O(amide_carbonyl)""]",3,9,3,nitrate,nitrate,0,/nfs/home/nshank3/lanthanide_dataset_builder/data/geometries/Eu/Eu_Z63_ox3_CN9_nlig3_nitrate_3ab984981feb.xyz,/nfs/home/nshank3/lanthanide_dataset_builder/data/geometries/Eu/Eu_Z63_ox3_CN9_nlig3_nitrate_3ab984981feb.mol2,,-11290.529438866202,ok,built (standard attempt 1),accepted,CCCCCCCCN(CCCCCCCC)C(=O)[C@H](C)O[C@H](C)C(=O)N(CCCCCCCC)CCCCCCCC,CCCCCCCCN(CCCCCCCC)C(=O)[C@H](C)O[C@H](C)C(=O)N(CCCCCCCC)CCCCCCCC,False,True,True,9,O9,"257:O:2.38,141:O:2.40,26:O:2.42,264:O:2.45,138:O:2.47,19:O:2.58,145:O:2.59,260:O:2.61,22:O:2.70",2.6978988257883594,2.3801471597463997,True,ok
4845cbe233b2,,63,Eu,3,CCCCCCCCN(CC(CC)CCCC)C(=O)COCC(=O)N(CCCCCCCC)CC(CC)CCCC,"[18, 20, 23]","[""O(amide_carbonyl)"", ""O(ether)"", ""O(amide_carbonyl)""]",3,9,3,nitrate,nitrate,0,/nfs/home/nshank3/lanthanide_dataset_builder/data/geometries/Eu/Eu_Z63_ox3_CN9_nlig3_nitrate_4845cbe233b2.xyz,/nfs/home/nshank3/lanthanide_dataset_builder/data/geometries/Eu/Eu_Z63_ox3_CN9_nlig3_nitrate_4845cbe233b2.mol2,,-10772.574710841856,ok,built (standard attempt 1),accepted,CCCCCCCCN(CC(CC)CCCC)C(=O)COCC(=O)N(CCCCCCCC)CC(CC)CCCC,CCCCCCCCN(CC(CC)CCCC)C(=O)COCC(=O)N(CCCCCCCC)CC(CC)CCCC,False,True,True,9,O9,"137:O:2.17,250:O:2.20,247:O:2.35,134:O:2.43,19:O:2.48,132:O:2.60,21:O:2.69,24:O:2.73,245:O:2.85",2.846886974867936,2.1686943859288688,True,ok
f2bec3b5bee8,,63,Eu,3,COCCN(CCOC)C(=O)COCC(=O)N(CCOC)CCOC,"[1, 7, 10, 12, 15, 19, 23]","[""O(ether)"", ""O(ether)"", ""O(amide_carbonyl)"", ""O(ether)"", ""O(amide_carbonyl)"", ""O(ether)"", ""O(ether)""]",7,9,1,water,water,2,/nfs/home/nshank3/lanthanide_dataset_builder/data/geometries/Eu/Eu_Z63_ox3_CN9_nlig1_water_f2bec3b5bee8.xyz,/nfs/home/nshank3/lanthanide_dataset_builder/data/geometries/Eu/Eu_Z63_ox3_CN9_nlig1_water_f2bec3b5bee8.mol2,,-2582.518406858941,ok,built (standard attempt 1),accepted,COCCN(CCOC)C(=O)COCC(=O)N(CCOC)CCOC,COCCN(CCOC)C(=O)COCC(=O)N(CCOC)CCOC,False,True,True,9,O9,"16:O:2.19,11:O:2.40,2:O:2.51,20:O:2.57,58:O:2.57,13:O:2.72,24:O:2.76,61:O:2.82,8:O:2.85",2.845914778821648,2.1908393290051116,True,ok
8cbfdc7e4dd4,,63,Eu,3,CCCCCCCCN(CCCCCCCC)C(=O)COCC(=O)NCCCCCCNC(=O)COCC(=O)N(CCCCCCCC)CCCCCCCC,"[18, 20, 23]","[""O(amide_carbonyl)"", ""O(ether)"", ""O(amide_carbonyl)""]",3,9,3,nitrate,nitrate,0,/nfs/home/nshank3/lanthanide_dataset_builder/data/geometries/Eu/Eu_Z63_ox3_CN9_nlig3_nitrate_8cbfdc7e4dd4.xyz,/nfs/home/nshank3/lanthanide_dataset_builder/data/geometries/Eu/Eu_Z63_ox3_CN9_nlig3_nitrate_8cbfdc7e4dd4.mol2,,-14746.534934250352,ok,built (standard attempt 1),accepted,CCCCCCCCN(CCCCCCCC)C(=O)COCC(=O)NCCCCCCNC(=O)COCC(=O)N(CCCCCCCC)CCCCCCCC,CCCCCCCCN(CCCCCCCC)C(=O)COCC(=O)NCCCCCCNC(=O)COCC(=O)N(CCCCCCCC)CCCCCCCC,False,True,True,8,O8,"24:O:2.17,311:O:2.29,165:O:2.34,19:O:2.34,313:O:2.49,316:O:2.62,167:O:2.78,21:O:3.16",3.161192825661896,2.1727272459784452,False,ok
86c849795813,,63,Eu,3,CCCCCCCCN(CCCCCCCC)C(=O)CN(CC(=O)N(CCCCCCCC)CCCCCCCC)C(C)=O,"[18, 23, 43]","[""O(amide_carbonyl)"", ""O(amide_carbonyl)"", ""O(amide_carbonyl)""]",3,9,3,water,water,0,/nfs/home/nshank3/lanthanide_dataset_builder/data/geometries/Eu/Eu_Z63_ox3_CN9_nlig3_water_86c849795813.xyz,/nfs/home/nshank3/lanthanide_dataset_builder/data/geometries/Eu/Eu_Z63_ox3_CN9_nlig3_water_86c849795813.mol2,,-11488.613112809571,ok,built (standard attempt 1),accepted,CCCCCCCCN(CCCCCCCC)C(=O)CN(CC(=O)N(CCCCCCCC)CCCCCCCC)C(C)=O,CCCCCCCCN(CCCCCCCC)C(=O)CN(CC(=O)N(CCCCCCCC)CCCCCCCC)C(C)=O,False,True,True,9,"N1,O8","143:O:2.26,44:O:2.34,282:O:2.36,24:O:2.38,138:O:2.42,19:O:2.52,163:O:2.69,140:N:3.03,262:O:3.09",3.0914256833108453,2.264591005502553,True,ok
4582e319dba6,,63,Eu,3,CCCCCCCCn1cc(-c2cc(CC(=O)O)cc(-c3cn(CCCCCCCC)nn3)n2)nn1,"[8, 22, 31, 32, 33, 34, 35]","[""N(aromatic)"", ""N(aromatic)"", ""N(aromatic)"", ""N(aromatic)"", ""N(aromatic)"", ""N(aromatic)"", ""N(aromatic)""]",7,9,1,water,water,2,/nfs/home/nshank3/lanthanide_dataset_builder/data/geometries/Eu/Eu_Z63_ox3_CN9_nlig1_water_4582e319dba6.xyz,/nfs/home/nshank3/lanthanide_dataset_builder/data/geometries/Eu/Eu_Z63_ox3_CN9_nlig1_water_4582e319dba6.mol2,,-3189.629318396476,ok,built (standard attempt 1),accepted,CCCCCCCCn1cc(-c2cc(CC(=O)O)cc(-c3cn(CCCCCCCC)nn3)n2)nn1,CCCCCCCCn1cc(-c2cc(CC(=O)O)cc(-c3cn(CCCCCCCC)nn3)n2)nn1,False,True,True,7,"N5,O2","35:N:2.26,33:N:2.29,81:O:2.39,78:O:2.47,34:N:2.52,36:N:2.74,32:N:2.79",2.7933256571511804,2.263573383563419,False,ok
e980ea72c7c8,,63,Eu,3,S=P(COCP(=S)(c1ccccc1)c1ccccc1)(c1ccccc1)c1ccccc1,"[0, 3, 6]","[""S(donor)"", ""O(ether)"", ""S(donor)""]",3,9,3,nitrate,nitrate,0,/nfs/home/nshank3/lanthanide_dataset_builder/data/geometries/Eu/Eu_Z63_ox3_CN9_nlig3_nitrate_e980ea72c7c8.xyz,/nfs/home/nshank3/lanthanide_dataset_builder/data/geometries/Eu/Eu_Z63_ox3_CN9_nlig3_nitrate_e980ea72c7c8.mol2,,-6818.614743184038,ok,built (standard attempt 1),accepted,S=P(COCP(=S)(c1ccccc1)c1ccccc1)(c1ccccc1)c1ccccc1,S=P(COCP(=S)(c1ccccc1)c1ccccc1)(c1ccccc1)c1ccccc1,False,True,True,9,"O3,S6","117:S:2.72,1:S:2.77,7:S:2.83,62:S:2.88,4:O:2.91,114:O:2.95,111:S:2.99,56:S:3.02,59:O:3.04",3.0358436412999934,2.7241504336798807,True,ok
991e05389d9e,,63,Eu,3,CCCCN(CCCC)C(=O)c1ccc2ccc3cccnc3c2n1,"[10, 21, 24]","[""O(amide_carbonyl)"", ""N(aromatic)"", ""N(aromatic)""]",3,9,3,nitrate,nitrate,0,/nfs/home/nshank3/lanthanide_dataset_builder/data/geometries/Eu/Eu_Z63_ox3_CN9_nlig3_nitrate_991e05389d9e.xyz,/nfs/home/nshank3/lanthanide_dataset_builder/data/geometries/Eu/Eu_Z63_ox3_CN9_nlig3_nitrate_991e05389d9e.mol2,,-5765.400328871735,ok,built (standard attempt 1),accepted,CCCCN(CCCC)C(=O)c1ccc2ccc3cccnc3c2n1,CCCCN(CCCC)C(=O)c1ccc2ccc3cccnc3c2n1,False,True,True,9,"N6,O3","11:O:2.17,111:O:2.32,25:N:2.36,61:O:2.37,75:N:2.43,22:N:2.45,72:N:2.46,125:N:2.49,122:N:2.53",2.5343052746429247,2.1671522065981965,True,ok
33aeb266fd28,,64,Gd,3,CC(C)CN(CC(C)C)C(=O)COCC(=O)N(CC(C)C)CC(C)C,"[10, 12, 15]","[""O(amide_carbonyl)"", ""O(ether)"", ""O(amide_carbonyl)""]",3,9,3,nitrate,nitrate,0,/nfs/home/nshank3/lanthanide_dataset_builder/data/geometries/Gd/Gd_Z64_ox3_CN9_nlig3_nitrate_33aeb266fd28.xyz,/nfs/home/nshank3/lanthanide_dataset_builder/data/geometries/Gd/Gd_Z64_ox3_CN9_nlig3_nitrate_33aeb266fd28.mol2,,-6642.61633951288,ok,built (standard attempt 1),accepted,CC(C)CN(CC(C)C)C(=O)COCC(=O)N(CC(C)C)CC(C)C,CC(C)CN(CC(C)C)C(=O)COCC(=O)N(CC(C)C)CC(C)C,False,True,True,9,O9,"81:O:2.25,141:O:2.33,76:O:2.38,16:O:2.50,143:O:2.52,11:O:2.52,146:O:2.62,78:O:2.63,13:O:2.78",2.7773659951267784,2.247611319630201,True,ok
a2d13ecdc95c,,64,Gd,3,CCCN(CCC)C(=O)COCC(=O)N(CCC)CCC,"[8, 10, 13]","[""O(amide_carbonyl)"", ""O(ether)"", ""O(amide_carbonyl)""]",3,9,3,nitrate,nitrate,0,/nfs/home/nshank3/lanthanide_dataset_builder/data/geometries/Gd/Gd_Z64_ox3_CN9_nlig3_nitrate_a2d13ecdc95c.xyz,/nfs/home/nshank3/lanthanide_dataset_builder/data/geometries/Gd/Gd_Z64_ox3_CN9_nlig3_nitrate_a2d13ecdc95c.mol2,,-5609.071100120597,ok,built (standard attempt 1),accepted,CCCN(CCC)C(=O)COCC(=O)N(CCC)CCC,CCCN(CCC)C(=O)COCC(=O)N(CCC)CCC,False,True,True,9,O9,"120:O:2.27,115:O:2.27,62:O:2.35,9:O:2.38,14:O:2.39,67:O:2.46,117:O:2.54,11:O:2.70,64:O:2.74",2.7366325215747316,2.2687672731101944,True,ok
08ebfb3e6a66,,67,Ho,3,CCCCCCCCN(CCCC(CCCC)CCCCCC)C(=O)COCC(=O)N(CCCCCCCC)CCCC(CCCC)CCCCCC,"[24, 26, 29]","[""O(amide_carbonyl)"", ""O(ether)"", ""O(amide_carbonyl)""]",3,8,2,water,water,2,/nfs/home/nshank3/lanthanide_dataset_builder/data/geometries/Ho/Ho_Z67_ox3_CN8_nlig2_water_08ebfb3e6a66.xyz,/nfs/home/nshank3/lanthanide_dataset_builder/data/geometries/Ho/Ho_Z67_ox3_CN8_nlig2_water_08ebfb3e6a66.mol2,,-9523.003376232316,ok,built (standard attempt 1),accepted,CCCCCCCCN(CCCC(CCCC)CCCCCC)C(=O)COCC(=O)N(CCCCCCCC)CCCC(CCCC)CCCCCC,CCCCCCCCN(CCCC(CCCC)CCCCCC)C(=O)COCC(=O)N(CCCCCCCC)CCCC(CCCC)CCCCCC,False,True,True,8,O8,"179:O:2.21,25:O:2.23,30:O:2.35,174:O:2.35,299:O:2.53,302:O:2.67,176:O:2.67,27:O:2.69",2.6928146074966683,2.211817168407943,True,ok
99cfb384512e,,57,La,3,CCCCCCC(CCCC)CCCN(C)C(=O)COCC(=O)N(C)CCCC(CCCC)CCCCCC,"[17, 19, 22]","[""O(amide_carbonyl)"", ""O(ether)"", ""O(amide_carbonyl)""]",3,9,3,water,water,0,/nfs/home/nshank3/lanthanide_dataset_builder/data/geometries/La/La_Z57_ox3_CN9_nlig3_water_99cfb384512e.xyz,/nfs/home/nshank3/lanthanide_dataset_builder/data/geometries/La/La_Z57_ox3_CN9_nlig3_water_99cfb384512e.mol2,,-10259.32467750088,ok,built (standard attempt 1),accepted,CCCCCCC(CCCC)CCCN(C)C(=O)COCC(=O)N(C)CCCC(CCCC)CCCCCC,CCCCCCC(CCCC)CCCN(C)C(=O)COCC(=O)N(C)CCCC(CCCC)CCCCCC,False,True,True,9,O9,"130:O:2.48,18:O:2.52,125:O:2.65,232:O:2.69,237:O:2.74,234:O:2.80,127:O:2.84,20:O:2.87,23:O:2.94",2.939271696771355,2.4785617450680886,True,ok
0609988c17a4,,57,La,3,c1ccc2c(c1)OCCOCCOc1ccccc1OCCOCCO2,"[6, 9, 12, 19, 22, 25]","[""O(ether)"", ""O(ether)"", ""O(ether)"", ""O(ether)"", ""O(ether)"", ""O(ether)""]",6,9,1,nitrate,nitrate,3,/nfs/home/nshank3/lanthanide_dataset_builder/data/geometries/La/La_Z57_ox3_CN9_nlig1_nitrate_0609988c17a4.xyz,/nfs/home/nshank3/lanthanide_dataset_builder/data/geometries/La/La_Z57_ox3_CN9_nlig1_nitrate_0609988c17a4.mol2,,-2724.588947142262,ok,built (standard attempt 1),accepted,c1ccc2c(c1)OCCOCCOc1ccccc1OCCOCCO2,c1ccc2c(c1)OCCOCCOc1ccccc1OCCOCCO2,False,True,True,10,"N1,O9","53:O:2.19,54:O:2.19,13:O:2.46,20:O:2.52,10:O:2.53,7:O:2.54,51:N:2.59,23:O:2.60,55:O:2.63,26:O:2.63",2.6346052677918763,2.1929038344399125,False,ok
5b1dbee9dee8,,60,Nd,3,CN(C(=O)COCC(=O)N(C)c1ccccc1)c1ccccc1,"[3, 5, 8]","[""O(amide_carbonyl)"", ""O(ether)"", ""O(amide_carbonyl)""]",3,9,3,nitrate,nitrate,0,/nfs/home/nshank3/lanthanide_dataset_builder/data/geometries/Nd/Nd_Z60_ox3_CN9_nlig3_nitrate_5b1dbee9dee8.xyz,/nfs/home/nshank3/lanthanide_dataset_builder/data/geometries/Nd/Nd_Z60_ox3_CN9_nlig3_nitrate_5b1dbee9dee8.mol2,,-5455.9166892394405,ok,built (standard attempt 1),accepted,CN(C(=O)COCC(=O)N(C)c1ccccc1)c1ccccc1,CN(C(=O)COCC(=O)N(C)c1ccccc1)c1ccccc1,False,True,True,9,O9,"52:O:2.27,47:O:2.32,9:O:2.37,95:O:2.38,4:O:2.38,90:O:2.52,6:O:2.65,49:O:2.70,92:O:2.80",2.798949729638835,2.2728998498828963,True,ok
b5ff0cc1b468,,71,Lu,3,CCCCCCCCCCCCN(CCCCCCCC)C(=O)COCC(=O)N(CCCCCCCC)CCCCCCCCCCCC,"[22, 24, 27]","[""O(amide_carbonyl)"", ""O(ether)"", ""O(amide_carbonyl)""]",3,8,2,water,water,2,/nfs/home/nshank3/lanthanide_dataset_builder/data/geometries/Lu/Lu_Z71_ox3_CN8_nlig2_water_b5ff0cc1b468.xyz,/nfs/home/nshank3/lanthanide_dataset_builder/data/geometries/Lu/Lu_Z71_ox3_CN8_nlig2_water_b5ff0cc1b468.mol2,,-8834.468706180176,ok,built (standard attempt 1),accepted,CCCCCCCCCCCCN(CCCCCCCC)C(=O)COCC(=O)N(CCCCCCCC)CCCCCCCCCCCC,CCCCCCCCCCCCN(CCCCCCCC)C(=O)COCC(=O)N(CCCCCCCC)CCCCCCCCCCCC,False,True,True,8,O8,"160:O:2.08,23:O:2.12,165:O:2.25,28:O:2.29,275:O:2.44,25:O:2.44,278:O:2.47,162:O:2.52",2.51741060018652,2.0822291403578808,True,ok
36a8d86e270c,,60,Nd,3,CCCCCCCCN(C)C(=O)COCC(=O)N(C)CCCCCCCC,"[11, 13, 16]","[""O(amide_carbonyl)"", ""O(ether)"", ""O(amide_carbonyl)""]",3,9,3,water,water,0,/nfs/home/nshank3/lanthanide_dataset_builder/data/geometries/Nd/Nd_Z60_ox3_CN9_nlig3_water_36a8d86e270c.xyz,/nfs/home/nshank3/lanthanide_dataset_builder/data/geometries/Nd/Nd_Z60_ox3_CN9_nlig3_water_36a8d86e270c.mol2,,-7158.498614250048,ok,built (standard attempt 1),accepted,CCCCCCCCN(C)C(=O)COCC(=O)N(C)CCCCCCCC,CCCCCCCCN(C)C(=O)COCC(=O)N(C)CCCCCCCC,False,True,True,9,O9,"17:O:2.27,88:O:2.35,83:O:2.38,159:O:2.39,154:O:2.47,12:O:2.47,14:O:2.67,85:O:2.79,156:O:3.12",3.115930221606893,2.268092083215382,True,ok
cfb24bbfbf9d,,60,Nd,3,CCCCCCCCN(CCCCC(C)CCCC(C)C)C(=O)COCC(=O)N(CCCCCCCC)CCCCC(C)CCCC(C)C,"[22, 24, 27]","[""O(amide_carbonyl)"", ""O(ether)"", ""O(amide_carbonyl)""]",3,9,3,water,water,0,/nfs/home/nshank3/lanthanide_dataset_builder/data/geometries/Nd/Nd_Z60_ox3_CN9_nlig3_water_cfb24bbfbf9d.xyz,/nfs/home/nshank3/lanthanide_dataset_builder/data/geometries/Nd/Nd_Z60_ox3_CN9_nlig3_water_cfb24bbfbf9d.mol2,,-12842.544908148577,ok,built (standard attempt 1),accepted,CCCCCCCCN(CCCCC(C)CCCC(C)C)C(=O)COCC(=O)N(CCCCCCCC)CCCCC(C)CCCC(C)C,CCCCCCCCN(CCCCC(C)CCCC(C)C)C(=O)COCC(=O)N(CCCCCCCC)CCCCC(C)CCCC(C)C,False,True,True,9,O9,"297:O:2.25,160:O:2.29,302:O:2.33,23:O:2.36,165:O:2.43,28:O:2.47,162:O:2.78,25:O:2.91,299:O:2.97",2.968589306015339,2.2540577553701704,True,ok
f0d417e127de,,65,Tb,3,CCCCC(CC)CN(C)C(=O)COCC(=O)N(C)CC(CC)CCCC,"[11, 13, 16]","[""O(amide_carbonyl)"", ""O(ether)"", ""O(amide_carbonyl)""]",3,8,2,water,water,2,/nfs/home/nshank3/lanthanide_dataset_builder/data/geometries/Tb/Tb_Z65_ox3_CN8_nlig2_water_f0d417e127de.xyz,/nfs/home/nshank3/lanthanide_dataset_builder/data/geometries/Tb/Tb_Z65_ox3_CN8_nlig2_water_f0d417e127de.mol2,,-5046.385060404352,ok,built (standard attempt 1),accepted,CCCCC(CC)CN(C)C(=O)COCC(=O)N(C)CC(CC)CCCC,CCCCC(CC)CN(C)C(=O)COCC(=O)N(C)CC(CC)CCCC,False,True,True,8,O8,"83:O:2.24,12:O:2.26,88:O:2.33,17:O:2.36,14:O:2.39,85:O:2.43,146:O:2.62,143:O:2.72",2.7182033881484298,2.2403194436012286,True,ok
61e5ab619c27,,69,Tm,3,CCCCCCCCN(CCC)C(=O)COCC(=O)N(CCC)CCCCCCCC,"[13, 15, 18]","[""O(amide_carbonyl)"", ""O(ether)"", ""O(amide_carbonyl)""]",3,8,2,water,water,2,/nfs/home/nshank3/lanthanide_dataset_builder/data/geometries/Tm/Tm_Z69_ox3_CN8_nlig2_water_61e5ab619c27.xyz,/nfs/home/nshank3/lanthanide_dataset_builder/data/geometries/Tm/Tm_Z69_ox3_CN8_nlig2_water_61e5ab619c27.mol2,,-5735.41562459711,ok,built (standard attempt 1),accepted,CCCCCCCCN(CCC)C(=O)COCC(=O)N(CCC)CCCCCCCC,CCCCCCCCN(CCC)C(=O)COCC(=O)N(CCC)CCCCCCCC,False,True,True,8,O8,"97:O:2.11,14:O:2.17,19:O:2.19,102:O:2.21,16:O:2.39,99:O:2.58,170:O:2.59,167:O:2.69",2.6856315060709903,2.1069380803334385,True,ok
22f43511ec77,,69,Tm,3,CCCCCCCCN(CCC(C)CC(C)(C)C)C(=O)COCC(=O)N(CCCCCCCC)CCC(C)CC(C)(C)C,"[19, 21, 24]","[""O(amide_carbonyl)"", ""O(ether)"", ""O(amide_carbonyl)""]",3,8,2,water,water,2,/nfs/home/nshank3/lanthanide_dataset_builder/data/geometries/Tm/Tm_Z69_ox3_CN8_nlig2_water_22f43511ec77.xyz,/nfs/home/nshank3/lanthanide_dataset_builder/data/geometries/Tm/Tm_Z69_ox3_CN8_nlig2_water_22f43511ec77.mol2,,-7801.157194635306,ok,built (standard attempt 1),accepted,CCCCCCCCN(CCC(C)CC(C)(C)C)C(=O)COCC(=O)N(CCCCCCCC)CCC(C)CC(C)(C)C,CCCCCCCCN(CCC(C)CC(C)(C)C)C(=O)COCC(=O)N(CCCCCCCC)CCC(C)CC(C)(C)C,False,True,True,8,O8,"25:O:2.18,20:O:2.20,144:O:2.23,139:O:2.24,141:O:2.41,22:O:2.49,239:O:2.52,242:O:2.70",2.7014678912235373,2.176329227217181,True,ok
b9bcc8dbd520,,70,Yb,3,COCCN(CCOC)C(=O)COCC(=O)N(CCOC)CCOC,"[1, 7, 10, 12, 15, 19, 23]","[""O(ether)"", ""O(ether)"", ""O(amide_carbonyl)"", ""O(ether)"", ""O(amide_carbonyl)"", ""O(ether)"", ""O(ether)""]",7,8,1,water,water,1,/nfs/home/nshank3/lanthanide_dataset_builder/data/geometries/Yb/Yb_Z70_ox3_CN8_nlig1_water_b9bcc8dbd520.xyz,/nfs/home/nshank3/lanthanide_dataset_builder/data/geometries/Yb/Yb_Z70_ox3_CN8_nlig1_water_b9bcc8dbd520.mol2,,-2442.399441240532,ok,built (standard attempt 1),accepted,COCCN(CCOC)C(=O)COCC(=O)N(CCOC)CCOC,COCCN(CCOC)C(=O)COCC(=O)N(CCOC)CCOC,False,True,True,8,O8,"11:O:2.10,16:O:2.18,24:O:2.43,2:O:2.45,13:O:2.45,58:O:2.46,20:O:2.64,8:O:2.81",2.8092555345181696,2.1042230333074423,True,ok
b4c75f037006,,62,Sm,3,CCCCCCn1c(-c2ccccc2)c(-c2ccccc2)c2cc3ccc4cc5c(-c6ccccc6)c(-c6ccccc6)n(CCCCCC)c(=O)c5nc4c3nc2c1=O,"[6, 43, 51, 53, 56, 59]","[""N(aromatic)"", ""N(aromatic)"", ""O(amide_carbonyl)"", ""N(aromatic)"", ""N(aromatic)"", ""O(amide_carbonyl)""]",6,9,1,water,water,3,/nfs/home/nshank3/lanthanide_dataset_builder/data/geometries/Sm/Sm_Z62_ox3_CN9_nlig1_water_b4c75f037006.xyz,/nfs/home/nshank3/lanthanide_dataset_builder/data/geometries/Sm/Sm_Z62_ox3_CN9_nlig1_water_b4c75f037006.mol2,,-4793.451206089117,ok,built (large_ligand_deep attempt 1),accepted,CCCCCCn1c(-c2ccccc2)c(-c2ccccc2)c2cc3ccc4cc5c(-c6ccccc6)c(-c6ccccc6)n(CCCCCC)c(=O)c5nc4c3nc2c1=O,CCCCCCn1c(-c2ccccc2)c(-c2ccccc2)c2cc3ccc4cc5c(-c6ccccc6)c(-c6ccccc6)n(CCCCCC)c(=O)c5nc4c3nc2c1=O,False,True,True,7,"N2,O5","52:O:2.09,60:O:2.17,117:O:2.37,111:O:2.44,54:N:2.47,114:O:2.51,57:N:2.57",2.5662118738146695,2.0907356799567482,False,ok
4db10fb36c20,,63,Eu,3,CCCCCCCCN(CCCCCCCC)C(=O)COCC(=O)NCCNC(=O)c1cc(C(=O)NCCNC(=O)COCC(=O)N(CCCCCCCC)CCCCCCCC)cc(C(=O)NCCNC(=O)COCC(=O)N(CCCCCCCC)CCCCCCCC)c1,"[18, 20, 23]","[""O(amide_carbonyl)"", ""O(ether)"", ""O(amide_carbonyl)""]",3,9,3,water,water,0,/nfs/home/nshank3/lanthanide_dataset_builder/data/geometries/Eu/Eu_Z63_ox3_CN9_nlig3_water_4db10fb36c20.xyz,/nfs/home/nshank3/lanthanide_dataset_builder/data/geometries/Eu/Eu_Z63_ox3_CN9_nlig3_water_4db10fb36c20.mol2,,-14027.940476777372,ok_simplified_ligand,original_ligtype_failed_simplified_success,accepted,CCCCCCCCN(CCCCCCCC)C(=O)COCC(=O)NCCNC(=O)c1cc(C(=O)NCCNC(=O)COCC(=O)N(CCCCCCCC)CCCCCCCC)cc(C(=O)NCCNC(=O)COCC(=O)N(CCCCCCCC)CCCCCCCC)c1,CN(C)C(=O)COCC(=O)NCCNC(=O)c1cc(C(=O)NCCNC(=O)COCC(=O)N(C)C)cc(C(=O)NCCNC(=O)COCC(=O)N(C)C)c1,True,True,True,9,O9,"5:O:2.33,110:O:2.33,10:O:2.34,220:O:2.41,115:O:2.42,215:O:2.46,217:O:2.47,7:O:2.79,112:O:2.87",2.869071270854922,2.325710607374789,True,ok
63f877d64bd9,,62,Sm,3,CCCCCCCCCCN(CCCCCCCCCC)C(=O)C(C)OC(C)C(=O)N(CCCCCCCCCC)CCCCCCCCCC,"[22, 25, 29]","[""O(amide_carbonyl)"", ""O(ether)"", ""O(amide_carbonyl)""]",3,9,3,nitrate,nitrate,0,/nfs/home/nshank3/lanthanide_dataset_builder/data/geometries/Sm/Sm_Z62_ox3_CN9_nlig3_nitrate_63f877d64bd9.xyz,/nfs/home/nshank3/lanthanide_dataset_builder/data/geometries/Sm/Sm_Z62_ox3_CN9_nlig3_nitrate_63f877d64bd9.mol2,,-13348.890609137316,ok,built (standard attempt 1),accepted,CCCCCCCCCCN(CCCCCCCCCC)C(=O)C(C)OC(C)C(=O)N(CCCCCCCCCC)CCCCCCCCCC,CCCCCCCCCCN(CCCCCCCCCC)C(=O)C(C)OC(C)C(=O)N(CCCCCCCCCC)CCCCCCCCCC,False,True,True,9,O9,"166:O:2.29,173:O:2.30,309:O:2.31,23:O:2.34,316:O:2.51,30:O:2.52,312:O:2.64,169:O:2.71,26:O:3.05",3.0471168038013134,2.288637715771942,True,ok
6fc647952acf,,71,Lu,3,CCCCCCCCCCCCN(CCCCCCCCCCCC)C(=O)COCC(=O)N(CCCCCCCCCCCC)CCCCCCCCCCCC,"[26, 28, 31]","[""O(amide_carbonyl)"", ""O(ether)"", ""O(amide_carbonyl)""]",3,8,2,nitrate,nitrate,2,/nfs/home/nshank3/lanthanide_dataset_builder/data/geometries/Lu/Lu_Z71_ox3_CN8_nlig2_nitrate_6fc647952acf.xyz,/nfs/home/nshank3/lanthanide_dataset_builder/data/geometries/Lu/Lu_Z71_ox3_CN8_nlig2_nitrate_6fc647952acf.mol2,,-2782.0140113774405,ok_simplified_ligand,original_ligtype_failed_simplified_success,accepted,CCCCCCCCCCCCN(CCCCCCCCCCCC)C(=O)COCC(=O)N(CCCCCCCCCCCC)CCCCCCCCCCCC,CN(C)C(=O)COCC(=O)N(C)C,True,True,True,9,"N1,O8","61:O:2.02,62:O:2.03,10:O:2.16,39:O:2.18,5:O:2.21,34:O:2.27,59:N:2.37,36:O:2.57,7:O:2.63",2.626077265366779,2.0233691458749274,False,ok
4c832a9d11b3,,58,Ce,3,CCCCCCCCCCCCN(CCCCCCCCCCCC)C(=O)COCCOCC(=O)N(CCCCCCCCCCCC)CCCCCCCCCCCC,"[26, 28, 31, 34]","[""O(amide_carbonyl)"", ""O(ether)"", ""O(ether)"", ""O(amide_carbonyl)""]",4,9,2,nitrate,nitrate,1,/nfs/home/nshank3/lanthanide_dataset_builder/data/geometries/Ce/Ce_Z58_ox3_CN9_nlig2_nitrate_4c832a9d11b3.xyz,/nfs/home/nshank3/lanthanide_dataset_builder/data/geometries/Ce/Ce_Z58_ox3_CN9_nlig2_nitrate_4c832a9d11b3.mol2,,-3064.7578455022417,ok_simplified_ligand,original_ligtype_failed_simplified_success,accepted,CCCCCCCCCCCCN(CCCCCCCCCCCC)C(=O)COCCOCC(=O)N(CCCCCCCCCCCC)CCCCCCCCCCCC,CN(C)C(=O)COCCOCC(=O)N(C)C,True,True,True,9,O9,"49:O:2.32,5:O:2.36,13:O:2.36,41:O:2.37,7:O:2.47,43:O:2.51,46:O:2.54,10:O:2.58,73:O:2.72",2.72254181564106,2.321985282359853,True,ok
86140b949960,,63,Eu,3,CCCCCCCCCCN(CCCCCCCCCC)C(=O)[C@H](C)O[C@H](CC)C(=O)N(CCCCCCCCCC)CCCCCCCCCC,"[22, 25, 30]","[""O(amide_carbonyl)"", ""O(ether)"", ""O(amide_carbonyl)""]",3,9,3,nitrate,nitrate,0,/nfs/home/nshank3/lanthanide_dataset_builder/data/geometries/Eu/Eu_Z63_ox3_CN9_nlig3_nitrate_86140b949960.xyz,/nfs/home/nshank3/lanthanide_dataset_builder/data/geometries/Eu/Eu_Z63_ox3_CN9_nlig3_nitrate_86140b949960.mol2,,-13616.887799178186,ok,built (large_ligand_deep attempt 1),accepted,CCCCCCCCCCN(CCCCCCCCCC)C(=O)[C@H](C)O[C@H](CC)C(=O)N(CCCCCCCCCC)CCCCCCCCCC,CCCCCCCCCCN(CCCCCCCCCC)C(=O)[C@H](C)O[C@H](CC)C(=O)N(CCCCCCCCCC)CCCCCCCCCC,False,True,True,9,O9,"315:O:2.32,169:O:2.40,23:O:2.42,177:O:2.53,31:O:2.54,323:O:2.67,318:O:2.88,172:O:2.89,26:O:2.98",2.976273277757741,2.323396909411333,True,ok
0d4aaa41f2b0,,70,Yb,3,CCCCCCCCCCN(CCCCCCCCCC)C(=O)[C@H](CCC)O[C@H](CCC)C(=O)N(CCCCCCCCCC)CCCCCCCCCC,"[22, 27, 33]","[""O(amide_carbonyl)"", ""O(ether)"", ""O(amide_carbonyl)""]",3,8,2,nitrate,nitrate,2,/nfs/home/nshank3/lanthanide_dataset_builder/data/geometries/Yb/Yb_Z70_ox3_CN8_nlig2_nitrate_0d4aaa41f2b0.xyz,/nfs/home/nshank3/lanthanide_dataset_builder/data/geometries/Yb/Yb_Z70_ox3_CN8_nlig2_nitrate_0d4aaa41f2b0.mol2,,-10016.80500913876,ok,built (large_ligand_deep attempt 1),accepted,CCCCCCCCCCN(CCCCCCCCCC)C(=O)[C@H](CCC)O[C@H](CCC)C(=O)N(CCCCCCCCCC)CCCCCCCCCC,CCCCCCCCCCN(CCCCCCCCCC)C(=O)[C@H](CCC)O[C@H](CCC)C(=O)N(CCCCCCCCCC)CCCCCCCCCC,False,True,True,9,"N1,O8","313:O:2.09,314:O:2.16,34:O:2.25,189:O:2.25,23:O:2.32,178:O:2.34,311:N:2.49,183:O:2.93,28:O:2.97",2.9681993874314934,2.087968027904372,False,ok
ebc307a72df3,,59,Pr,3,O=C(COCC(=O)N1CCCCC1)N1CCCCC1,"[0, 3, 6]","[""O(amide_carbonyl)"", ""O(ether)"", ""O(amide_carbonyl)""]",3,9,3,water,water,0,/nfs/home/nshank3/lanthanide_dataset_builder/data/geometries/Pr/Pr_Z59_ox3_CN9_nlig3_water_ebc307a72df3.xyz,/nfs/home/nshank3/lanthanide_dataset_builder/data/geometries/Pr/Pr_Z59_ox3_CN9_nlig3_water_ebc307a72df3.mol2,,-4929.0256819275655,ok,built (large_ligand_deep attempt 2),accepted,O=C(COCC(=O)N1CCCCC1)N1CCCCC1,O=C(COCC(=O)N1CCCCC1)N1CCCCC1,False,True,True,9,O9,"87:O:2.22,93:O:2.28,50:O:2.29,44:O:2.30,1:O:2.43,7:O:2.45,4:O:2.51,90:O:2.62,47:O:2.67",2.6667452069843915,2.2181435278806565,True,ok
45970656f998,,63,Eu,3,CCCCCCCCN(CCCCCCCC)C(=S)c1ccc(C(=S)N(CCCCCCCC)CCCCCCCC)s1,"[8, 18, 24, 25, 42]","[""N(amine)"", ""S(donor)"", ""S(donor)"", ""N(amine)"", ""S(donor)""]",5,9,1,nitrate,nitrate,4,/nfs/home/nshank3/lanthanide_dataset_builder/data/geometries/Eu/Eu_Z63_ox3_CN9_nlig1_nitrate_45970656f998.xyz,/nfs/home/nshank3/lanthanide_dataset_builder/data/geometries/Eu/Eu_Z63_ox3_CN9_nlig1_nitrate_45970656f998.mol2,,-4452.068724468752,ok,built (standard attempt 1),accepted,CCCCCCCCN(CCCCCCCC)C(=S)c1ccc(C(=S)N(CCCCCCCC)CCCCCCCC)s1,CCCCCCCCN(CCCCCCCC)C(=S)c1ccc(C(=S)N(CCCCCCCC)CCCCCCCC)s1,False,True,True,8,"N2,O4,S2","120:O:2.04,121:O:2.04,116:O:2.06,117:O:2.10,114:N:2.34,118:N:2.41,43:S:2.84,25:S:2.90",2.901464958489831,2.0421748881210986,False,ok
f4b171990fec,,70,Yb,3,CN(C(=O)c1cccc(C(=O)N(C)c2ccccc2)n1)c1ccccc1,"[3, 10, 19]","[""O(amide_carbonyl)"", ""O(amide_carbonyl)"", ""N(aromatic)""]",3,8,2,nitrate,nitrate,2,/nfs/home/nshank3/lanthanide_dataset_builder/data/geometries/Yb/Yb_Z70_ox3_CN8_nlig2_nitrate_f4b171990fec.xyz,/nfs/home/nshank3/lanthanide_dataset_builder/data/geometries/Yb/Yb_Z70_ox3_CN8_nlig2_nitrate_f4b171990fec.mol2,,-4317.576253331921,ok,built (standard attempt 1),accepted,CN(C(=O)c1cccc(C(=O)N(C)c2ccccc2)n1)c1ccccc1,CN(C(=O)c1cccc(C(=O)N(C)c2ccccc2)n1)c1ccccc1,False,True,True,9,"N3,O6","49:O:2.14,94:O:2.16,56:O:2.16,93:O:2.16,4:O:2.26,11:O:2.38,20:N:2.45,65:N:2.46,91:N:2.53",2.5267664051995427,2.141493486583009,False,ok
9517759666e7,,64,Gd,3,CCCCCCCCN(CCCCCCCC)C(=O)c1ccc2ccc3ccc(C(=O)N(CCCCCCCC)CCCCCCCC)nc3c2n1,"[18, 30, 48, 51]","[""O(amide_carbonyl)"", ""O(amide_carbonyl)"", ""N(aromatic)"", ""N(aromatic)""]",4,9,2,water,water,1,/nfs/home/nshank3/lanthanide_dataset_builder/data/geometries/Gd/Gd_Z64_ox3_CN9_nlig2_water_9517759666e7.xyz,/nfs/home/nshank3/lanthanide_dataset_builder/data/geometries/Gd/Gd_Z64_ox3_CN9_nlig2_water_9517759666e7.mol2,,-8640.033773456318,ok,built (standard attempt 1),accepted,CCCCCCCCN(CCCCCCCC)C(=O)c1ccc2ccc3ccc(C(=O)N(CCCCCCCC)CCCCCCCC)nc3c2n1,CCCCCCCCN(CCCCCCCC)C(=O)c1ccc2ccc3ccc(C(=O)N(CCCCCCCC)CCCCCCCC)nc3c2n1,False,True,True,9,"N4,O5","31:O:2.27,145:O:2.32,49:N:2.39,178:N:2.43,157:O:2.44,19:O:2.45,52:N:2.51,175:N:2.53,253:O:2.77",2.7707194938725275,2.2714509360175423,True,ok
48dc87a4f65a,,62,Sm,3,CCCCCCCCN(CCCCCCCC)C(=O)C(C)OC(C)C(=O)N(CCCCCCCC)CCCCCCCC,"[18, 21, 25]","[""O(amide_carbonyl)"", ""O(ether)"", ""O(amide_carbonyl)""]",3,9,3,nitrate,nitrate,0,/nfs/home/nshank3/lanthanide_dataset_builder/data/geometries/Sm/Sm_Z62_ox3_CN9_nlig3_nitrate_48dc87a4f65a.xyz,/nfs/home/nshank3/lanthanide_dataset_builder/data/geometries/Sm/Sm_Z62_ox3_CN9_nlig3_nitrate_48dc87a4f65a.mol2,,-11291.546966946038,ok,built (standard attempt 1),accepted,CCCCCCCCN(CCCCCCCC)C(=O)C(C)OC(C)C(=O)N(CCCCCCCC)CCCCCCCC,CCCCCCCCN(CCCCCCCC)C(=O)C(C)OC(C)C(=O)N(CCCCCCCC)CCCCCCCC,False,True,True,9,O9,"264:O:2.23,19:O:2.27,138:O:2.43,145:O:2.45,257:O:2.53,260:O:2.67,141:O:2.78,22:O:2.83,26:O:3.01",3.0123223772801273,2.2314894814351316,True,ok
63832a3a0ccc,,62,Sm,3,CN(C(=O)CC(=O)N(C)c1ccccc1)c1ccccc1,"[3, 6]","[""O(amide_carbonyl)"", ""O(amide_carbonyl)""]",2,9,4,nitrate,nitrate,1,/nfs/home/nshank3/lanthanide_dataset_builder/data/geometries/Sm/Sm_Z62_ox3_CN9_nlig4_nitrate_63832a3a0ccc.xyz,/nfs/home/nshank3/lanthanide_dataset_builder/data/geometries/Sm/Sm_Z62_ox3_CN9_nlig4_nitrate_63832a3a0ccc.mol2,,-6627.5529449512605,ok,built (standard attempt 1),accepted,CN(C(=O)CC(=O)N(C)c1ccccc1)c1ccccc1,CN(C(=O)CC(=O)N(C)c1ccccc1)c1ccccc1,False,True,True,9,O9,"82:O:2.34,4:O:2.42,121:O:2.44,46:O:2.49,43:O:2.49,124:O:2.50,85:O:2.51,7:O:2.51,157:O:2.74",2.742543760941714,2.342327626357731,True,ok
ab223aba5c2d,,64,Gd,3,CCCCCCCCN(C)C(=O)C(CCOCCCCCC)C(=O)N(C)CCCCCCCC,"[11, 15, 23]","[""O(amide_carbonyl)"", ""O(ether)"", ""O(amide_carbonyl)""]",3,9,3,nitrate,nitrate,0,/nfs/home/nshank3/lanthanide_dataset_builder/data/geometries/Gd/Gd_Z64_ox3_CN9_nlig3_nitrate_ab223aba5c2d.xyz,/nfs/home/nshank3/lanthanide_dataset_builder/data/geometries/Gd/Gd_Z64_ox3_CN9_nlig3_nitrate_ab223aba5c2d.mol2,,-8966.210127541983,ok,built (standard attempt 1),accepted,CCCCCCCCN(C)C(=O)C(CCOCCCCCC)C(=O)N(C)CCCCCCCC,CCCCCCCCN(C)C(=O)C(CCOCCCCCC)C(=O)N(C)CCCCCCCC,False,True,True,8,O8,"116:O:2.18,24:O:2.28,208:O:2.56,196:O:2.59,108:O:2.67,104:O:2.68,12:O:2.80,200:O:3.13",3.1298223818764055,2.177683606867125,False,ok
1c89bff6bd02,,57,La,3,CCN(C(=O)c1cccc(-c2cccc(C(=O)N(CC)c3ccc(C)cc3C)n2)n1)c1ccc(C)cc1C,"[4, 16, 28, 29]","[""O(amide_carbonyl)"", ""O(amide_carbonyl)"", ""N(aromatic)"", ""N(aromatic)""]",4,9,2,nitrate,nitrate,1,/nfs/home/nshank3/lanthanide_dataset_builder/data/geometries/La/La_Z57_ox3_CN9_nlig2_nitrate_1c89bff6bd02.xyz,/nfs/home/nshank3/lanthanide_dataset_builder/data/geometries/La/La_Z57_ox3_CN9_nlig2_nitrate_1c89bff6bd02.mol2,,-5896.812589471785,ok,built (standard attempt 1),accepted,CCN(C(=O)c1cccc(-c2cccc(C(=O)N(CC)c3ccc(C)cc3C)n2)n1)c1ccc(C)cc1C,CCN(C(=O)c1cccc(-c2cccc(C(=O)N(CC)c3ccc(C)cc3C)n2)n1)c1ccc(C)cc1C,False,True,True,9,"N4,O5","5:O:2.32,77:O:2.36,102:N:2.66,30:N:2.67,89:O:2.68,17:O:2.73,145:O:2.80,101:N:2.84,29:N:2.87",2.8651788653963663,2.320432271706412,True,ok
c8d46f63de3f,,65,Tb,3,CCN(C(=O)c1cccc(-c2cccc(C(=O)N(CC)c3cc(C)cc(C)c3)n2)n1)c1cc(C)cc(C)c1,"[4, 16, 28, 29]","[""O(amide_carbonyl)"", ""O(amide_carbonyl)"", ""N(aromatic)"", ""N(aromatic)""]",4,8,2,nitrate,nitrate,0,/nfs/home/nshank3/lanthanide_dataset_builder/data/geometries/Tb/Tb_Z65_ox3_CN8_nlig2_nitrate_c8d46f63de3f.xyz,/nfs/home/nshank3/lanthanide_dataset_builder/data/geometries/Tb/Tb_Z65_ox3_CN8_nlig2_nitrate_c8d46f63de3f.mol2,,-5755.93151079694,ok,built (standard attempt 1),accepted,CCN(C(=O)c1cccc(-c2cccc(C(=O)N(CC)c3cc(C)cc(C)c3)n2)n1)c1cc(C)cc(C)c1,CCN(C(=O)c1cccc(-c2cccc(C(=O)N(CC)c3cc(C)cc(C)c3)n2)n1)c1cc(C)cc(C)c1,False,True,True,8,"N4,O4","17:O:2.30,89:O:2.32,5:O:2.34,77:O:2.37,29:N:2.46,102:N:2.47,101:N:2.47,30:N:2.49",2.4866181624943895,2.2963428429783472,True,ok
898d25284bd9,,67,Ho,3,CCN(C(=O)c1cccc(-c2cccc(C(=O)N(CC)c3ccccc3)n2)n1)c1ccccc1,"[4, 16, 26, 27]","[""O(amide_carbonyl)"", ""O(amide_carbonyl)"", ""N(aromatic)"", ""N(aromatic)""]",4,8,2,nitrate,nitrate,0,/nfs/home/nshank3/lanthanide_dataset_builder/data/geometries/Ho/Ho_Z67_ox3_CN8_nlig2_nitrate_898d25284bd9.xyz,/nfs/home/nshank3/lanthanide_dataset_builder/data/geometries/Ho/Ho_Z67_ox3_CN8_nlig2_nitrate_898d25284bd9.mol2,,-5065.345721403659,ok,built (standard attempt 1),accepted,CCN(C(=O)c1cccc(-c2cccc(C(=O)N(CC)c3ccccc3)n2)n1)c1ccccc1,CCN(C(=O)c1cccc(-c2cccc(C(=O)N(CC)c3ccccc3)n2)n1)c1ccccc1,False,True,True,8,"N4,O4","65:O:2.11,77:O:2.12,5:O:2.15,17:O:2.24,87:N:2.47,88:N:2.48,28:N:2.48,27:N:2.49",2.4882777111059884,2.1114953766921,True,ok
1fa2d9a6f39b,,69,Tm,3,CCCCCCCCN(C(=O)c1ccc2ccc3cccnc3c2n1)c1ccc(C)cc1,"[10, 21, 24]","[""O(amide_carbonyl)"", ""N(aromatic)"", ""N(aromatic)""]",3,8,2,nitrate,nitrate,2,/nfs/home/nshank3/lanthanide_dataset_builder/data/geometries/Tm/Tm_Z69_ox3_CN8_nlig2_nitrate_1fa2d9a6f39b.xyz,/nfs/home/nshank3/lanthanide_dataset_builder/data/geometries/Tm/Tm_Z69_ox3_CN8_nlig2_nitrate_1fa2d9a6f39b.mol2,,-5247.916706629389,ok,built (standard attempt 1),accepted,CCCCCCCCN(C(=O)c1ccc2ccc3cccnc3c2n1)c1ccc(C)cc1,CCCCCCCCN(C(=O)c1ccc2ccc3cccnc3c2n1)c1ccc(C)cc1,False,True,True,9,"N5,O4","130:O:2.04,129:O:2.07,74:O:2.20,11:O:2.28,127:N:2.35,88:N:2.36,25:N:2.39,85:N:2.43,22:N:2.55",2.55023711123019,2.0419576177744005,False,ok
43d4b72c1250,,65,Tb,3,CCc1ccc(N(CC)C(=O)c2ccc3ccc4ccc(C(=O)N(CC)c5ccc(CC)cc5)nc4c3n2)cc1,"[10, 22, 34, 37]","[""O(amide_carbonyl)"", ""O(amide_carbonyl)"", ""N(aromatic)"", ""N(aromatic)""]",4,8,2,nitrate,nitrate,0,/nfs/home/nshank3/lanthanide_dataset_builder/data/geometries/Tb/Tb_Z65_ox3_CN8_nlig2_nitrate_43d4b72c1250.xyz,/nfs/home/nshank3/lanthanide_dataset_builder/data/geometries/Tb/Tb_Z65_ox3_CN8_nlig2_nitrate_43d4b72c1250.mol2,,-5990.356051843888,ok,built (standard attempt 2),accepted,CCc1ccc(N(CC)C(=O)c2ccc3ccc4ccc(C(=O)N(CC)c5ccc(CC)cc5)nc4c3n2)cc1,CCc1ccc(N(CC)C(=O)c2ccc3ccc4ccc(C(=O)N(CC)c5ccc(CC)cc5)nc4c3n2)cc1,False,True,True,8,"N4,O4","97:O:2.19,23:O:2.20,11:O:2.21,85:O:2.21,112:N:2.44,109:N:2.46,38:N:2.46,35:N:2.49",2.48731005295272,2.1918184995073275,True,ok
b1698120a579,,64,Gd,3,CCCCN(CCCC)C(=O)c1ccc2ccc3ccc(C(=O)N(CCCC)CCCC)nc3c2n1,"[10, 22, 32, 35]","[""O(amide_carbonyl)"", ""O(amide_carbonyl)"", ""N(aromatic)"", ""N(aromatic)""]",4,9,2,nitrate,nitrate,1,/nfs/home/nshank3/lanthanide_dataset_builder/data/geometries/Gd/Gd_Z64_ox3_CN9_nlig2_nitrate_b1698120a579.xyz,/nfs/home/nshank3/lanthanide_dataset_builder/data/geometries/Gd/Gd_Z64_ox3_CN9_nlig2_nitrate_b1698120a579.mol2,,-5885.534263669694,ok,built (standard attempt 1),accepted,CCCCN(CCCC)C(=O)c1ccc2ccc3ccc(C(=O)N(CCCC)CCCC)nc3c2n1,CCCCN(CCCC)C(=O)c1ccc2ccc3ccc(C(=O)N(CCCC)CCCC)nc3c2n1,False,True,True,9,"N4,O5","11:O:2.25,101:O:2.32,23:O:2.33,111:N:2.37,36:N:2.37,33:N:2.38,89:O:2.41,114:N:2.41,157:O:2.91",2.9146242488510774,2.2490778469634543,True,ok
d4d6b8c18118,,57,La,3,O=C(O)CN(CCO)CCN(CC(=O)O)CC(=O)O,"[0, 2, 4, 7, 10, 13, 14, 17]","[""O(ester_carbonyl)"", ""O(hydroxyl)"", ""N(amine)"", ""O(hydroxyl)"", ""N(amine)"", ""O(ester_carbonyl)"", ""O(hydroxyl)"", ""O(ester_carbonyl)""]",8,9,1,nitrate,nitrate,1,/nfs/home/nshank3/lanthanide_dataset_builder/data/geometries/La/La_Z57_ox3_CN9_nlig1_nitrate_d4d6b8c18118.xyz,/nfs/home/nshank3/lanthanide_dataset_builder/data/geometries/La/La_Z57_ox3_CN9_nlig1_nitrate_d4d6b8c18118.mol2,,-1900.5436760091,ok,built (standard attempt 1),accepted,O=C(O)CN(CCO)CCN(CC(=O)O)CC(=O)O,O=C(O)CN(CCO)CCN(CC(=O)O)CC(=O)O,False,True,True,7,"N2,O5","1:O:2.24,18:O:2.32,8:O:2.39,11:N:2.52,5:N:2.52,15:O:2.57,38:O:2.57",2.572242613091852,2.2441638797447867,False,ok
63d3dfc8ecc7,,66,Dy,3,CCN(C(=O)c1cccc(C(=O)N(CC)c2cccc(C)c2)n1)c1cccc(C)c1,"[4, 11, 22]","[""O(amide_carbonyl)"", ""O(amide_carbonyl)"", ""N(aromatic)""]",3,8,2,nitrate,nitrate,2,/nfs/home/nshank3/lanthanide_dataset_builder/data/geometries/Dy/Dy_Z66_ox3_CN8_nlig2_nitrate_63d3dfc8ecc7.xyz,/nfs/home/nshank3/lanthanide_dataset_builder/data/geometries/Dy/Dy_Z66_ox3_CN8_nlig2_nitrate_63d3dfc8ecc7.mol2,,-5008.742224559794,ok,built (standard attempt 1),accepted,CCN(C(=O)c1cccc(C(=O)N(CC)c2cccc(C)c2)n1)c1cccc(C)c1,CCN(C(=O)c1cccc(C(=O)N(CC)c2cccc(C)c2)n1)c1cccc(C)c1,False,True,True,9,"N3,O6","117:O:2.07,118:O:2.08,62:O:2.29,69:O:2.39,5:O:2.42,115:N:2.42,12:O:2.48,23:N:2.57,80:N:2.59",2.590724099763754,2.073319900481021,False,ok
5370ba03ef04,,66,Dy,3,CCN(C(=O)c1cccc(C(=O)N(CC)c2ccc(C)cc2)n1)c1ccc(C)cc1,"[4, 11, 22]","[""O(amide_carbonyl)"", ""O(amide_carbonyl)"", ""N(aromatic)""]",3,8,2,nitrate,nitrate,2,/nfs/home/nshank3/lanthanide_dataset_builder/data/geometries/Dy/Dy_Z66_ox3_CN8_nlig2_nitrate_5370ba03ef04.xyz,/nfs/home/nshank3/lanthanide_dataset_builder/data/geometries/Dy/Dy_Z66_ox3_CN8_nlig2_nitrate_5370ba03ef04.mol2,,-5009.158111311906,ok,built (standard attempt 1),accepted,CCN(C(=O)c1cccc(C(=O)N(CC)c2ccc(C)cc2)n1)c1ccc(C)cc1,CCN(C(=O)c1cccc(C(=O)N(CC)c2ccc(C)cc2)n1)c1ccc(C)cc1,False,True,True,9,"N3,O6","118:O:2.10,117:O:2.12,69:O:2.15,62:O:2.20,12:O:2.26,23:N:2.40,115:N:2.47,80:N:2.47,5:O:2.53",2.5265441058833322,2.1016806661732965,False,ok
65ec4936ed7c,,71,Lu,3,CCN(C(=O)c1cccc(C(=O)N(CC)c2ccccc2C)n1)c1ccccc1C,"[4, 11, 22]","[""O(amide_carbonyl)"", ""O(amide_carbonyl)"", ""N(aromatic)""]",3,8,2,nitrate,nitrate,2,/nfs/home/nshank3/lanthanide_dataset_builder/data/geometries/Lu/Lu_Z71_ox3_CN8_nlig2_nitrate_65ec4936ed7c.xyz,/nfs/home/nshank3/lanthanide_dataset_builder/data/geometries/Lu/Lu_Z71_ox3_CN8_nlig2_nitrate_65ec4936ed7c.mol2,,-5007.099608764336,ok,built (standard attempt 1),accepted,CCN(C(=O)c1cccc(C(=O)N(CC)c2ccccc2C)n1)c1ccccc1C,CCN(C(=O)c1cccc(C(=O)N(CC)c2ccccc2C)n1)c1ccccc1C,False,True,True,9,"N3,O6","5:O:2.10,118:O:2.13,69:O:2.14,117:O:2.16,62:O:2.23,80:N:2.27,12:O:2.34,23:N:2.51,115:N:2.52",2.5239781716628555,2.101400541125382,False,ok
72b20e30d213,,59,Pr,3,CCCCCCCCN(C)C(=O)COCC(=O)N(C)CCCCCCCC,"[11, 13, 16]","[""O(amide_carbonyl)"", ""O(ether)"", ""O(amide_carbonyl)""]",3,9,3,nitrate,nitrate,0,/nfs/home/nshank3/lanthanide_dataset_builder/data/geometries/Pr/Pr_Z59_ox3_CN9_nlig3_nitrate_72b20e30d213.xyz,/nfs/home/nshank3/lanthanide_dataset_builder/data/geometries/Pr/Pr_Z59_ox3_CN9_nlig3_nitrate_72b20e30d213.mol2,,-7158.196574753316,ok,built (standard attempt 1),accepted,CCCCCCCCN(C)C(=O)COCC(=O)N(C)CCCCCCCC,CCCCCCCCN(C)C(=O)COCC(=O)N(C)CCCCCCCC,False,True,True,8,O8,"12:O:2.16,154:O:2.24,83:O:2.28,88:O:2.46,159:O:2.57,17:O:2.61,85:O:2.67,156:O:2.72",2.7190310032528373,2.163943845203776,False,ok
c544ee8a251c,,60,Nd,3,CCCCCCOCCC(C(=O)N(C)CCCC)C(=O)N(C)CCCC,"[6, 11, 19]","[""O(ether)"", ""O(amide_carbonyl)"", ""O(amide_carbonyl)""]",3,9,3,nitrate,nitrate,0,/nfs/home/nshank3/lanthanide_dataset_builder/data/geometries/Nd/Nd_Z60_ox3_CN9_nlig3_nitrate_c544ee8a251c.xyz,/nfs/home/nshank3/lanthanide_dataset_builder/data/geometries/Nd/Nd_Z60_ox3_CN9_nlig3_nitrate_c544ee8a251c.mol2,,-6901.0894465818565,ok,built (standard attempt 1),accepted,CCCCCCOCCC(C(=O)N(C)CCCC)C(=O)N(C)CCCC,CCCCCCOCCC(C(=O)N(C)CCCC)C(=O)N(C)CCCC,False,True,True,9,O9,"12:O:2.29,148:O:2.33,88:O:2.36,20:O:2.41,80:O:2.49,156:O:2.60,75:O:2.62,143:O:2.63,7:O:2.81",2.805526393374982,2.2943356824039025,True,ok
0df3026619d7,,64,Gd,3,CCCCN(CCCC)C(=O)CC(=O)N(CCCC)CCCC,"[10, 13]","[""O(amide_carbonyl)"", ""O(amide_carbonyl)""]",2,9,4,nitrate,nitrate,1,/nfs/home/nshank3/lanthanide_dataset_builder/data/geometries/Gd/Gd_Z64_ox3_CN9_nlig4_nitrate_0df3026619d7.xyz,/nfs/home/nshank3/lanthanide_dataset_builder/data/geometries/Gd/Gd_Z64_ox3_CN9_nlig4_nitrate_0df3026619d7.mol2,,-8210.78384231573,ok,built (standard attempt 1),accepted,CCCCN(CCCC)C(=O)CC(=O)N(CCCC)CCCC,CCCCN(CCCC)C(=O)CC(=O)N(CCCC)CCCC,False,True,True,9,O9,"197:O:2.41,11:O:2.46,194:O:2.47,133:O:2.50,72:O:2.50,75:O:2.53,14:O:2.57,136:O:2.58,245:O:2.76",2.7630733086130457,2.4107151349144345,True,ok
710d25d80b46,,63,Eu,3,CCCCCCCCN(C)C(=O)CC(=O)N(C)CCCCCCCC,"[11, 14]","[""O(amide_carbonyl)"", ""O(amide_carbonyl)""]",2,9,4,nitrate,nitrate,1,/nfs/home/nshank3/lanthanide_dataset_builder/data/geometries/Eu/Eu_Z63_ox3_CN9_nlig4_nitrate_710d25d80b46.xyz,/nfs/home/nshank3/lanthanide_dataset_builder/data/geometries/Eu/Eu_Z63_ox3_CN9_nlig4_nitrate_710d25d80b46.mol2,,-8897.725145048144,ok,built (standard attempt 1),accepted,CCCCCCCCN(C)C(=O)CC(=O)N(C)CCCCCCCC,CCCCCCCCN(C)C(=O)CC(=O)N(C)CCCCCCCC,False,True,True,9,O9,"82:O:2.41,79:O:2.41,15:O:2.45,146:O:2.47,269:O:2.57,213:O:2.57,149:O:2.58,216:O:2.72,12:O:2.73",2.733414151899535,2.408570196244016,True,ok
f2ea53fb007e,,62,Sm,3,CC1(C)CCC(C)(C)c2nc(-c3cccc(-c4cccc(-c5nnc6c(n5)C(C)(C)CCC6(C)C)n4)n3)nnc21,"[9, 22, 23, 26, 35, 36, 37, 38]","[""N(aromatic)"", ""N(aromatic)"", ""N(aromatic)"", ""N(aromatic)"", ""N(aromatic)"", ""N(aromatic)"", ""N(aromatic)"", ""N(aromatic)""]",8,9,1,nitrate,nitrate,1,/nfs/home/nshank3/lanthanide_dataset_builder/data/geometries/Sm/Sm_Z62_ox3_CN9_nlig1_nitrate_f2ea53fb007e.xyz,/nfs/home/nshank3/lanthanide_dataset_builder/data/geometries/Sm/Sm_Z62_ox3_CN9_nlig1_nitrate_f2ea53fb007e.mol2,,-3161.733879734985,ok,built (standard attempt 1),accepted,CC1(C)CCC(C)(C)c2nc(-c3cccc(-c4cccc(-c5nnc6c(n5)C(C)(C)CCC6(C)C)n4)n3)nnc21,CC1(C)CCC(C)(C)c2nc(-c3cccc(-c4cccc(-c5nnc6c(n5)C(C)(C)CCC6(C)C)n4)n3)nnc21,False,True,True,7,"N6,O1","38:N:2.25,23:N:2.28,24:N:2.41,39:N:2.43,79:O:2.52,36:N:2.64,37:N:2.68",2.6757704953763084,2.254019940578116,False,ok
c14689bc7575,,57,La,3,CCCCN(CCCC)C(=O)c1ccccc1C(=O)O,"[10, 18, 19]","[""O(amide_carbonyl)"", ""O(ester_carbonyl)"", ""O(hydroxyl)""]",3,9,3,nitrate,nitrate,0,/nfs/home/nshank3/lanthanide_dataset_builder/data/geometries/La/La_Z57_ox3_CN9_nlig3_nitrate_c14689bc7575.xyz,/nfs/home/nshank3/lanthanide_dataset_builder/data/geometries/La/La_Z57_ox3_CN9_nlig3_nitrate_c14689bc7575.mol2,,-4993.437353023405,ok,built (standard attempt 1),accepted,CCCCN(CCCC)C(=O)c1ccccc1C(=O)O,CCCCN(CCCC)C(=O)c1ccccc1C(=O)O,False,True,True,9,O9,"19:O:2.16,54:O:2.27,105:O:2.35,97:O:2.38,20:O:2.38,62:O:2.55,63:O:2.79,106:O:2.89,11:O:2.93",2.926322989487058,2.156150671278483,True,ok
071dab5d8629,,58,Ce,3,CCCCCCN(CCC(C)CCC=C(C)C)C(=O)COCC(=O)N(CCCCCC)CCC(C)CCC=C(C)C,"[18, 20, 23]","[""O(amide_carbonyl)"", ""O(ether)"", ""O(amide_carbonyl)""]",3,9,3,water,water,0,/nfs/home/nshank3/lanthanide_dataset_builder/data/geometries/Ce/Ce_Z58_ox3_CN9_nlig3_water_071dab5d8629.xyz,/nfs/home/nshank3/lanthanide_dataset_builder/data/geometries/Ce/Ce_Z58_ox3_CN9_nlig3_water_071dab5d8629.mol2,,-10604.646264638248,ok,built (standard attempt 1),accepted,CCCCCCN(CCC(C)CCC=C(C)C)C(=O)COCC(=O)N(CCCCCC)CCC(C)CCC=C(C)C,CCCCCCN(CCC(C)CCC=C(C)C)C(=O)COCC(=O)N(CCCCCC)CCC(C)CCC=C(C)C,False,True,True,9,O9,"24:O:2.20,237:O:2.49,130:O:2.56,242:O:2.67,133:O:2.71,239:O:2.73,128:O:2.76,21:O:2.76,19:O:2.82",2.8217396164844826,2.2009991966640463,True,ok
128ad64b4147,,71,Lu,3,CCCCCCN(CCC(C)CCC=C(C)C)C(=O)COCC(=O)N(CCCCCC)CCC(C)CCC=C(C)C,"[18, 20, 23]","[""O(amide_carbonyl)"", ""O(ether)"", ""O(amide_carbonyl)""]",3,8,2,water,water,2,/nfs/home/nshank3/lanthanide_dataset_builder/data/geometries/Lu/Lu_Z71_ox3_CN8_nlig2_water_128ad64b4147.xyz,/nfs/home/nshank3/lanthanide_dataset_builder/data/geometries/Lu/Lu_Z71_ox3_CN8_nlig2_water_128ad64b4147.mol2,,-7342.470757668547,ok,built (standard attempt 1),accepted,CCCCCCN(CCC(C)CCC=C(C)C)C(=O)COCC(=O)N(CCCCCC)CCC(C)CCC=C(C)C,CCCCCCN(CCC(C)CCC=C(C)C)C(=O)COCC(=O)N(CCCCCC)CCC(C)CCC=C(C)C,False,True,True,8,O8,"24:O:2.06,19:O:2.09,128:O:2.09,133:O:2.14,21:O:2.22,130:O:2.40,219:O:2.60,222:O:2.63",2.6260060774704375,2.0552449675617552,True,ok
513a2473cb69,,71,Lu,3,CCCCCCCCCCCCN(CCCCCCCCCCCC)C(=O)COC1CCCN(CCCCCC)C1=O,"[26, 28, 41]","[""O(amide_carbonyl)"", ""O(ether)"", ""O(amide_carbonyl)""]",3,8,2,nitrate,nitrate,2,/nfs/home/nshank3/lanthanide_dataset_builder/data/geometries/Lu/Lu_Z71_ox3_CN8_nlig2_nitrate_513a2473cb69.xyz,/nfs/home/nshank3/lanthanide_dataset_builder/data/geometries/Lu/Lu_Z71_ox3_CN8_nlig2_nitrate_513a2473cb69.mol2,,-7721.319860626265,ok,built (standard attempt 1),accepted,CCCCCCCCCCCCN(CCCCCCCCCCCC)C(=O)COC1CCCN(CCCCCC)C1=O,CCCCCCCCCCCCN(CCCCCCCCCCCC)C(=O)COC1CCCN(CCCCCC)C1=O,False,True,True,9,"N1,O8","231:O:2.02,232:O:2.08,141:O:2.17,42:O:2.18,229:N:2.41,156:O:2.47,143:O:2.51,29:O:2.74,27:O:2.77",2.7738499003839903,2.0209907547553017,False,ok
672f281b5671,,65,Tb,3,CCCCCCCCP(=O)(CCCCCCCC)Cc1cccc(CP(=O)(CCCCCCCC)CCCCCCCC)[n+]1[O-],"[9, 26, 44]","[""O(ether)"", ""O(ether)"", ""O(ether)""]",3,8,2,nitrate,nitrate,2,/nfs/home/nshank3/lanthanide_dataset_builder/data/geometries/Tb/Tb_Z65_ox3_CN8_nlig2_nitrate_672f281b5671.xyz,/nfs/home/nshank3/lanthanide_dataset_builder/data/geometries/Tb/Tb_Z65_ox3_CN8_nlig2_nitrate_672f281b5671.mol2,,-8157.288975523056,ok,built (standard attempt 1),accepted,CCCCCCCCP(=O)(CCCCCCCC)Cc1cccc(CP(=O)(CCCCCCCC)CCCCCCCC)[n+]1[O-],CCCCCCCCP(=O)(CCCCCCCC)Cc1cccc(CP(=O)(CCCCCCCC)CCCCCCCC)[n+]1[O-],False,True,True,9,"N1,O8","147:O:2.09,243:O:2.20,45:O:2.20,130:O:2.23,244:O:2.23,27:O:2.24,165:O:2.46,241:N:2.54,10:O:2.78",2.7838408355697317,2.0908141531491626,False,ok
9cc62587b518,,67,Ho,3,CCCCCCCCP(=O)(CCCCCCCC)Cc1cccc(CP(=O)(CCCCCCCC)CCCCCCCC)[n+]1[O-],"[9, 26, 44]","[""O(ether)"", ""O(ether)"", ""O(ether)""]",3,8,2,water,water,2,/nfs/home/nshank3/lanthanide_dataset_builder/data/geometries/Ho/Ho_Z67_ox3_CN8_nlig2_water_9cc62587b518.xyz,/nfs/home/nshank3/lanthanide_dataset_builder/data/geometries/Ho/Ho_Z67_ox3_CN8_nlig2_water_9cc62587b518.mol2,,-8009.690896361904,ok,built (standard attempt 1),accepted,CCCCCCCCP(=O)(CCCCCCCC)Cc1cccc(CP(=O)(CCCCCCCC)CCCCCCCC)[n+]1[O-],CCCCCCCCP(=O)(CCCCCCCC)Cc1cccc(CP(=O)(CCCCCCCC)CCCCCCCC)[n+]1[O-],False,True,True,9,"N1,O8","45:O:2.20,165:O:2.22,147:O:2.25,27:O:2.26,130:O:2.36,10:O:2.37,244:O:2.61,241:O:2.70,164:N:3.17",3.1686961929709145,2.204432376623206,False,ok
bfc694b020e5,,59,Pr,3,CCCCCCCCN(CCCCCCCC)C(=O)COCC(=O)N(CCCCCCCC)CCCCCCCC,"[18, 20, 23]","[""O(amide_carbonyl)"", ""O(ether)"", ""O(amide_carbonyl)""]",3,9,3,nitrate,nitrate,0,/nfs/home/nshank3/lanthanide_dataset_builder/data/geometries/Pr/Pr_Z59_ox3_CN9_nlig3_nitrate_bfc694b020e5.xyz,/nfs/home/nshank3/lanthanide_dataset_builder/data/geometries/Pr/Pr_Z59_ox3_CN9_nlig3_nitrate_bfc694b020e5.mol2,,-10775.482656228394,ok,built (standard attempt 1),accepted,CCCCCCCCN(CCCCCCCC)C(=O)COCC(=O)N(CCCCCCCC)CCCCCCCC,CCCCCCCCN(CCCCCCCC)C(=O)COCC(=O)N(CCCCCCCC)CCCCCCCC,False,True,True,9,O9,"19:O:2.13,245:O:2.14,250:O:2.28,132:O:2.33,137:O:2.45,21:O:2.48,24:O:2.50,247:O:2.55,134:O:2.69",2.6918000655623273,2.1336110682713247,True,ok
4982246f582c,,63,Eu,3,CCCCCCCCCCN(CCCCCCCCCC)C(=O)C(C)OC(C)C(=O)N(CCCCCCCCCC)CCCCCCCCCC,"[22, 25, 29]","[""O(amide_carbonyl)"", ""O(ether)"", ""O(amide_carbonyl)""]",3,9,3,nitrate,nitrate,0,/nfs/home/nshank3/lanthanide_dataset_builder/data/geometries/Eu/Eu_Z63_ox3_CN9_nlig3_nitrate_4982246f582c.xyz,/nfs/home/nshank3/lanthanide_dataset_builder/data/geometries/Eu/Eu_Z63_ox3_CN9_nlig3_nitrate_4982246f582c.mol2,,-13355.592372858126,ok,built (standard attempt 1),accepted,CCCCCCCCCCN(CCCCCCCCCC)C(=O)C(C)OC(C)C(=O)N(CCCCCCCCCC)CCCCCCCCCC,CCCCCCCCCCN(CCCCCCCCCC)C(=O)C(C)OC(C)C(=O)N(CCCCCCCCCC)CCCCCCCCCC,False,True,True,8,O8,"166:O:2.10,309:O:2.31,312:O:2.38,23:O:2.47,173:O:2.60,169:O:2.67,316:O:2.78,30:O:2.81",2.8138619475770645,2.098014347476852,False,ok
b7ac3832cbad,,58,Ce,3,CCCCCCCCCCN(CCCCCCCCCC)C(=O)COCC(=O)N(CCCCCC)CCCCCC,"[22, 24, 27]","[""O(amide_carbonyl)"", ""O(ether)"", ""O(amide_carbonyl)""]",3,9,3,nitrate,nitrate,0,/nfs/home/nshank3/lanthanide_dataset_builder/data/geometries/Ce/Ce_Z58_ox3_CN9_nlig3_nitrate_b7ac3832cbad.xyz,/nfs/home/nshank3/lanthanide_dataset_builder/data/geometries/Ce/Ce_Z58_ox3_CN9_nlig3_nitrate_b7ac3832cbad.mol2,,-10771.749990274524,ok,built (standard attempt 1),accepted,CCCCCCCCCCN(CCCCCCCCCC)C(=O)COCC(=O)N(CCCCCC)CCCCCC,CCCCCCCCCCN(CCCCCCCCCC)C(=O)COCC(=O)N(CCCCCC)CCCCCC,False,True,True,8,O8,"138:O:2.24,249:O:2.26,28:O:2.29,254:O:2.32,141:O:2.42,251:O:2.59,136:O:2.66,25:O:2.70",2.697449333522337,2.2422525619378275,False,ok
7f484cb99e8d,,58,Ce,3,CCN(CC)C(=O)COCC(=O)N(CC)CC,"[6, 8, 11]","[""O(amide_carbonyl)"", ""O(ether)"", ""O(amide_carbonyl)""]",3,9,3,nitrate,nitrate,0,/nfs/home/nshank3/lanthanide_dataset_builder/data/geometries/Ce/Ce_Z58_ox3_CN9_nlig3_nitrate_7f484cb99e8d.xyz,/nfs/home/nshank3/lanthanide_dataset_builder/data/geometries/Ce/Ce_Z58_ox3_CN9_nlig3_nitrate_7f484cb99e8d.mol2,,-4577.110691282653,ok,built (standard attempt 1),accepted,CCN(CC)C(=O)COCC(=O)N(CC)CC,CCN(CC)C(=O)COCC(=O)N(CC)CC,False,True,True,9,O9,"12:O:2.28,94:O:2.29,7:O:2.30,53:O:2.30,48:O:2.32,89:O:2.33,91:O:2.42,50:O:2.42,9:O:2.47",2.474872767379853,2.2763445509599465,True,ok
2004891d770f,,63,Eu,3,CCCCCCCCN(CCCCCCCC)C(=O)COC(C(=O)N(CCCCCCCC)CCCCCCCC)c1ccccc1,"[18, 20, 23]","[""O(amide_carbonyl)"", ""O(ether)"", ""O(amide_carbonyl)""]",3,9,3,water,water,0,/nfs/home/nshank3/lanthanide_dataset_builder/data/geometries/Eu/Eu_Z63_ox3_CN9_nlig3_water_2004891d770f.xyz,/nfs/home/nshank3/lanthanide_dataset_builder/data/geometries/Eu/Eu_Z63_ox3_CN9_nlig3_water_2004891d770f.mol2,,-11989.361594913287,ok,built (standard attempt 1),accepted,CCCCCCCCN(CCCCCCCC)C(=O)COC(C(=O)N(CCCCCCCC)CCCCCCCC)c1ccccc1,CCCCCCCCN(CCCCCCCC)C(=O)COC(C(=O)N(CCCCCCCC)CCCCCCCC)c1ccccc1,False,True,True,9,O9,"142:O:2.25,267:O:2.43,21:O:2.46,19:O:2.47,144:O:2.54,265:O:2.56,24:O:2.62,270:O:2.86,147:O:2.91",2.911663731503417,2.2496694148258167,True,ok
32566dc9a831,,62,Sm,3,CCCCCCCCN(CCCCCCCC)C(=O)COCC(=O)N(CCCCCCCC)CCCCCCCC,"[18, 20, 23]","[""O(amide_carbonyl)"", ""O(ether)"", ""O(amide_carbonyl)""]",3,9,3,water,water,0,/nfs/home/nshank3/lanthanide_dataset_builder/data/geometries/Sm/Sm_Z62_ox3_CN9_nlig3_water_32566dc9a831.xyz,/nfs/home/nshank3/lanthanide_dataset_builder/data/geometries/Sm/Sm_Z62_ox3_CN9_nlig3_water_32566dc9a831.mol2,,-10774.681945219743,ok,built (standard attempt 1),accepted,CCCCCCCCN(CCCCCCCC)C(=O)COCC(=O)N(CCCCCCCC)CCCCCCCC,CCCCCCCCN(CCCCCCCC)C(=O)COCC(=O)N(CCCCCCCC)CCCCCCCC,False,True,True,9,O9,"250:O:2.29,245:O:2.33,137:O:2.41,24:O:2.44,19:O:2.45,134:O:2.51,21:O:2.53,132:O:2.92,247:O:3.01",3.0126240197756964,2.2920085615051367,True,ok
d34bcf644124,,57,La,3,CCCCCCCCN(CCCCCCCC)C(=O)COCCOCC(=O)N(CCCCCCCC)CCCCCCCC,"[18, 20, 23, 26]","[""O(amide_carbonyl)"", ""O(ether)"", ""O(ether)"", ""O(amide_carbonyl)""]",4,9,2,nitrate,nitrate,1,/nfs/home/nshank3/lanthanide_dataset_builder/data/geometries/La/La_Z57_ox3_CN9_nlig2_nitrate_d34bcf644124.xyz,/nfs/home/nshank3/lanthanide_dataset_builder/data/geometries/La/La_Z57_ox3_CN9_nlig2_nitrate_d34bcf644124.mol2,,-7888.911330006943,ok,built (standard attempt 1),accepted,CCCCCCCCN(CCCCCCCC)C(=O)COCCOCC(=O)N(CCCCCCCC)CCCCCCCC,CCCCCCCCN(CCCCCCCC)C(=O)COCCOCC(=O)N(CCCCCCCC)CCCCCCCC,False,True,True,9,O9,"139:O:2.25,147:O:2.42,19:O:2.53,144:O:2.70,27:O:2.71,241:O:2.72,24:O:2.76,21:O:2.76,141:O:2.79",2.7855355130508395,2.247967007264775,True,ok
e2618656e862,,66,Dy,3,CCCCCCCCN(CCCCCCCC)C(=O)[C@H](CCC)O[C@H](CCC)C(=O)N(CCCCCCCC)CCCCCCCC,"[18, 23, 29]","[""O(amide_carbonyl)"", ""O(ether)"", ""O(amide_carbonyl)""]",3,8,2,nitrate,nitrate,2,/nfs/home/nshank3/lanthanide_dataset_builder/data/geometries/Dy/Dy_Z66_ox3_CN8_nlig2_nitrate_e2618656e862.xyz,/nfs/home/nshank3/lanthanide_dataset_builder/data/geometries/Dy/Dy_Z66_ox3_CN8_nlig2_nitrate_e2618656e862.mol2,,-8638.61846733835,ok,built (standard attempt 1),accepted,CCCCCCCCN(CCCCCCCC)C(=O)[C@H](CCC)O[C@H](CCC)C(=O)N(CCCCCCCC)CCCCCCCC,CCCCCCCCN(CCCCCCCC)C(=O)[C@H](CCC)O[C@H](CCC)C(=O)N(CCCCCCCC)CCCCCCCC,False,True,True,9,"N1,O8","265:O:2.06,150:O:2.12,19:O:2.13,266:O:2.13,263:N:2.26,161:O:2.39,30:O:2.41,155:O:2.64,24:O:2.75",2.754837249696103,2.0614299106878198,False,ok
ab5942bd2a10,,69,Tm,3,CCCCCCCCN(CCCCCCCC)C(=O)[C@H](C)O[C@@H](CC)C(=O)N(CCCCCCCC)CCCCCCCC,"[18, 21, 26]","[""O(amide_carbonyl)"", ""O(ether)"", ""O(amide_carbonyl)""]",3,8,2,nitrate,nitrate,2,/nfs/home/nshank3/lanthanide_dataset_builder/data/geometries/Tm/Tm_Z69_ox3_CN8_nlig2_nitrate_ab5942bd2a10.xyz,/nfs/home/nshank3/lanthanide_dataset_builder/data/geometries/Tm/Tm_Z69_ox3_CN8_nlig2_nitrate_ab5942bd2a10.mol2,,-8121.0645850436385,ok,built (standard attempt 1),accepted,CCCCCCCCN(CCCCCCCC)C(=O)[C@H](C)O[C@@H](CC)C(=O)N(CCCCCCCC)CCCCCCCC,CCCCCCCCN(CCCCCCCC)C(=O)[C@H](C)O[C@@H](CC)C(=O)N(CCCCCCCC)CCCCCCCC,False,True,True,9,"N1,O8","247:O:2.04,149:O:2.08,19:O:2.10,248:O:2.11,141:O:2.21,27:O:2.36,144:O:2.38,245:N:2.43,22:O:2.43",2.4298732383466897,2.0378141293052825,False,ok
8ba2ae0e67b2,,63,Eu,3,CC12CCC(c3nnc(-c4cccc(-c5cccc(-c6nnc7c(n6)C6(C)CCC7C6(C)C)n5)n4)nc31)C2(C)C,"[6, 7, 20, 21, 24, 33, 34, 35]","[""N(aromatic)"", ""N(aromatic)"", ""N(aromatic)"", ""N(aromatic)"", ""N(aromatic)"", ""N(aromatic)"", ""N(aromatic)"", ""N(aromatic)""]",8,9,1,nitrate,nitrate,1,/nfs/home/nshank3/lanthanide_dataset_builder/data/geometries/Eu/Eu_Z63_ox3_CN9_nlig1_nitrate_8ba2ae0e67b2.xyz,/nfs/home/nshank3/lanthanide_dataset_builder/data/geometries/Eu/Eu_Z63_ox3_CN9_nlig1_nitrate_8ba2ae0e67b2.mol2,,-3104.722396310309,ok,built (standard attempt 1),accepted,CC12CCC(c3nnc(-c4cccc(-c5cccc(-c6nnc7c(n6)C6(C)CCC7C6(C)C)n5)n4)nc31)C2(C)C,CC12CCC(c3nnc(-c4cccc(-c5cccc(-c6nnc7c(n6)C6(C)CCC7C6(C)C)n5)n4)nc31)C2(C)C,False,True,True,6,"N5,O1","21:N:2.28,8:N:2.35,35:N:2.47,34:N:2.49,75:O:2.56,22:N:3.03",3.033053426437257,2.2804084990994684,False,ok
a2a36cd7a4f4,,62,Sm,3,CC12CCC(c3nnc(-c4cccc(-c5nnc6c(n5)C5(C)CCC6C5(C)C)n4)nc31)C2(C)C,"[6, 7, 15, 16, 19, 28, 29]","[""N(aromatic)"", ""N(aromatic)"", ""N(aromatic)"", ""N(aromatic)"", ""N(aromatic)"", ""N(aromatic)"", ""N(aromatic)""]",7,9,1,nitrate,nitrate,2,/nfs/home/nshank3/lanthanide_dataset_builder/data/geometries/Sm/Sm_Z62_ox3_CN9_nlig1_nitrate_a2a36cd7a4f4.xyz,/nfs/home/nshank3/lanthanide_dataset_builder/data/geometries/Sm/Sm_Z62_ox3_CN9_nlig1_nitrate_a2a36cd7a4f4.mol2,,-2978.33128724032,ok,built (standard attempt 1),accepted,CC12CCC(c3nnc(-c4cccc(-c5nnc6c(n5)C5(C)CCC6C5(C)C)n4)nc31)C2(C)C,CC12CCC(c3nnc(-c4cccc(-c5nnc6c(n5)C5(C)CCC6C5(C)C)n4)nc31)C2(C)C,False,True,True,7,"N5,O2","68:O:2.04,69:O:2.08,8:N:2.35,66:N:2.39,29:N:2.50,7:N:2.79,20:N:3.06",3.0647214014979594,2.038686079450614,False,ok
5ac5b6a65542,,59,Pr,3,O=C(c1cc(Cl)c2ccc3c(Cl)cc(C(=O)N4CCCC4)nc3c2n1)N1CCCC1,"[0, 15, 21, 24]","[""O(amide_carbonyl)"", ""O(amide_carbonyl)"", ""N(aromatic)"", ""N(aromatic)""]",4,9,2,nitrate,nitrate,1,/nfs/home/nshank3/lanthanide_dataset_builder/data/geometries/Pr/Pr_Z59_ox3_CN9_nlig2_nitrate_5ac5b6a65542.xyz,/nfs/home/nshank3/lanthanide_dataset_builder/data/geometries/Pr/Pr_Z59_ox3_CN9_nlig2_nitrate_5ac5b6a65542.mol2,,-4839.770994469869,ok,built (standard attempt 1),accepted,O=C(c1cc(Cl)c2ccc3c(Cl)cc(C(=O)N4CCCC4)nc3c2n1)N1CCCC1,O=C(c1cc(Cl)c2ccc3c(Cl)cc(C(=O)N4CCCC4)nc3c2n1)N1CCCC1,False,True,True,9,"N4,O5","1:O:2.31,66:O:2.34,16:O:2.39,25:N:2.41,51:O:2.42,72:N:2.43,75:N:2.43,22:N:2.46,101:O:2.93",2.9305189735365778,2.3062721359162066,True,ok
9633695708be,,57,La,3,C1COCCOCCOCCOCCOCCO1,"[2, 5, 8, 11, 14, 17]","[""O(ether)"", ""O(ether)"", ""O(ether)"", ""O(ether)"", ""O(ether)"", ""O(ether)""]",6,9,1,nitrate,nitrate,3,/nfs/home/nshank3/lanthanide_dataset_builder/data/geometries/La/La_Z57_ox3_CN9_nlig1_nitrate_9633695708be.xyz,/nfs/home/nshank3/lanthanide_dataset_builder/data/geometries/La/La_Z57_ox3_CN9_nlig1_nitrate_9633695708be.mol2,,-2258.3692221086103,ok,built (standard attempt 1),accepted,C1COCCOCCOCCOCCOCCO1,C1COCCOCCOCCOCCOCCO1,False,True,True,10,"N1,O9","46:O:2.13,45:O:2.14,3:O:2.46,12:O:2.50,43:N:2.51,18:O:2.56,9:O:2.59,15:O:2.61,6:O:2.62,47:O:2.69",2.692309723918528,2.1313988284705454,False,ok
27bd49628d7d,,58,Ce,3,CCCCCCCCN(CCCCCCCC)C(=O)[C@H](C)O[C@@H](C)C(=O)N(CCCCCCCC)CCCCCCCC,"[18, 21, 25]","[""O(amide_carbonyl)"", ""O(ether)"", ""O(amide_carbonyl)""]",3,9,3,nitrate,nitrate,0,/nfs/home/nshank3/lanthanide_dataset_builder/data/geometries/Ce/Ce_Z58_ox3_CN9_nlig3_nitrate_27bd49628d7d.xyz,/nfs/home/nshank3/lanthanide_dataset_builder/data/geometries/Ce/Ce_Z58_ox3_CN9_nlig3_nitrate_27bd49628d7d.mol2,,-11291.62156745734,ok,built (standard attempt 1),accepted,CCCCCCCCN(CCCCCCCC)C(=O)[C@H](C)O[C@@H](C)C(=O)N(CCCCCCCC)CCCCCCCC,CCCCCCCCN(CCCCCCCC)C(=O)[C@H](C)O[C@@H](C)C(=O)N(CCCCCCCC)CCCCCCCC,False,True,True,9,O9,"138:O:2.37,19:O:2.47,257:O:2.54,26:O:2.59,260:O:2.60,141:O:2.66,264:O:2.70,22:O:2.71,145:O:2.73",2.726674066519312,2.368973125569005,True,ok
843d313cd0ba,,58,Ce,3,O=C(COCC(=O)N1CCCCC1)N1CCCCC1,"[0, 3, 6]","[""O(amide_carbonyl)"", ""O(ether)"", ""O(amide_carbonyl)""]",3,9,3,water,water,0,/nfs/home/nshank3/lanthanide_dataset_builder/data/geometries/Ce/Ce_Z58_ox3_CN9_nlig3_water_843d313cd0ba.xyz,/nfs/home/nshank3/lanthanide_dataset_builder/data/geometries/Ce/Ce_Z58_ox3_CN9_nlig3_water_843d313cd0ba.mol2,,-4928.342407315732,ok,built (standard attempt 1),accepted,O=C(COCC(=O)N1CCCCC1)N1CCCCC1,O=C(COCC(=O)N1CCCCC1)N1CCCCC1,False,True,True,9,O9,"87:O:2.26,7:O:2.28,93:O:2.29,1:O:2.37,50:O:2.39,44:O:2.53,4:O:2.57,90:O:2.59,47:O:2.72",2.7228430159331127,2.2580714043119294,True,ok
2f499de791f5,,62,Sm,3,CCCCCCCCN(CCCCCCCC)C(=O)[C@H](C)O[C@@H](C)C(=O)N(CCCCCCCC)CCCCCCCC,"[18, 21, 25]","[""O(amide_carbonyl)"", ""O(ether)"", ""O(amide_carbonyl)""]",3,9,3,nitrate,nitrate,0,/nfs/home/nshank3/lanthanide_dataset_builder/data/geometries/Sm/Sm_Z62_ox3_CN9_nlig3_nitrate_2f499de791f5.xyz,/nfs/home/nshank3/lanthanide_dataset_builder/data/geometries/Sm/Sm_Z62_ox3_CN9_nlig3_nitrate_2f499de791f5.mol2,,-11291.700634299825,ok,built (standard attempt 1),accepted,CCCCCCCCN(CCCCCCCC)C(=O)[C@H](C)O[C@@H](C)C(=O)N(CCCCCCCC)CCCCCCCC,CCCCCCCCN(CCCCCCCC)C(=O)[C@H](C)O[C@@H](C)C(=O)N(CCCCCCCC)CCCCCCCC,False,True,True,9,O9,"26:O:2.18,257:O:2.32,138:O:2.36,145:O:2.44,141:O:2.51,260:O:2.55,19:O:2.58,22:O:2.72,264:O:2.80",2.7965294029492163,2.1806250512936587,True,ok
03f10b544421,,59,Pr,3,CC(C)CCCCCP(=O)(CC(=O)N(CC(C)C)CC(C)C)c1ccccc1,"[9, 12]","[""O(ether)"", ""O(amide_carbonyl)""]",2,9,4,nitrate,nitrate,1,/nfs/home/nshank3/lanthanide_dataset_builder/data/geometries/Pr/Pr_Z59_ox3_CN9_nlig4_nitrate_03f10b544421.xyz,/nfs/home/nshank3/lanthanide_dataset_builder/data/geometries/Pr/Pr_Z59_ox3_CN9_nlig4_nitrate_03f10b544421.mol2,,-9558.008817322663,ok,built (standard attempt 1),accepted,CC(C)CCCCCP(=O)(CC(=O)N(CC(C)C)CC(C)C)c1ccccc1,CC(C)CCCCCP(=O)(CC(=O)N(CC(C)C)CC(C)C)c1ccccc1,False,True,True,9,O9,"150:O:2.34,220:O:2.34,10:O:2.43,153:O:2.48,80:O:2.49,13:O:2.51,223:O:2.51,281:O:2.69,83:O:2.69",2.694733453280562,2.339315330178432,True,ok
637dd5830a7e,,66,Dy,3,CCCCC(CC)CN(C)C(=O)COCC(=O)N(C)CC(CC)CCCC,"[11, 13, 16]","[""O(amide_carbonyl)"", ""O(ether)"", ""O(amide_carbonyl)""]",3,8,2,water,water,2,/nfs/home/nshank3/lanthanide_dataset_builder/data/geometries/Dy/Dy_Z66_ox3_CN8_nlig2_water_637dd5830a7e.xyz,/nfs/home/nshank3/lanthanide_dataset_builder/data/geometries/Dy/Dy_Z66_ox3_CN8_nlig2_water_637dd5830a7e.mol2,,-5046.486567002273,ok,built (standard attempt 1),accepted,CCCCC(CC)CN(C)C(=O)COCC(=O)N(C)CC(CC)CCCC,CCCCC(CC)CN(C)C(=O)COCC(=O)N(C)CC(CC)CCCC,False,True,True,8,O8,"83:O:2.10,12:O:2.11,17:O:2.34,14:O:2.49,143:O:2.53,85:O:2.55,88:O:2.55,146:O:2.67",2.672048579274145,2.1048198833881795,True,ok
fefdc4e8deb0,,66,Dy,3,CCCc1nnc(-c2cccc(-c3nnc(CCC)c(CCC)n3)n2)nc1CCC,"[4, 5, 13, 14, 23, 24, 25]","[""N(aromatic)"", ""N(aromatic)"", ""N(aromatic)"", ""N(aromatic)"", ""N(aromatic)"", ""N(aromatic)"", ""N(aromatic)""]",7,8,1,nitrate,nitrate,1,/nfs/home/nshank3/lanthanide_dataset_builder/data/geometries/Dy/Dy_Z66_ox3_CN8_nlig1_nitrate_fefdc4e8deb0.xyz,/nfs/home/nshank3/lanthanide_dataset_builder/data/geometries/Dy/Dy_Z66_ox3_CN8_nlig1_nitrate_fefdc4e8deb0.mol2,,-2455.5982027510854,ok,built (standard attempt 1),accepted,CCCc1nnc(-c2cccc(-c3nnc(CCC)c(CCC)n3)n2)nc1CCC,CCCc1nnc(-c2cccc(-c3nnc(CCC)c(CCC)n3)n2)nc1CCC,False,True,True,6,"N5,O1","6:N:2.23,14:N:2.26,5:N:2.32,15:N:2.35,25:N:2.47,62:O:2.58",2.5778461717297314,2.2286399161631922,False,ok
9ec20d692d39,,68,Er,3,CCCCCCCCN(CC(C)C)C(=O)COCC(=O)N(CCCCCCCC)CC(C)C,"[14, 16, 19]","[""O(amide_carbonyl)"", ""O(ether)"", ""O(amide_carbonyl)""]",3,8,2,nitrate,nitrate,2,/nfs/home/nshank3/lanthanide_dataset_builder/data/geometries/Er/Er_Z68_ox3_CN8_nlig2_nitrate_9ec20d692d39.xyz,/nfs/home/nshank3/lanthanide_dataset_builder/data/geometries/Er/Er_Z68_ox3_CN8_nlig2_nitrate_9ec20d692d39.mol2,,-6227.736736967608,ok,built (standard attempt 1),accepted,CCCCCCCCN(CC(C)C)C(=O)COCC(=O)N(CCCCCCCC)CC(C)C,CCCCCCCCN(CC(C)C)C(=O)COCC(=O)N(CCCCCCCC)CC(C)C,False,True,True,9,"N1,O8","181:O:2.05,182:O:2.15,104:O:2.18,15:O:2.21,109:O:2.28,106:O:2.39,20:O:2.41,179:N:2.46,17:O:2.49",2.4896124091596494,2.0482115685895304,False,ok
e499ec14e778,,62,Sm,3,CCCCCCCCCCCCN(C)C(=O)C1CC(OC)CC(C(=O)N(C)CCCCCCCCCCCC)O1,"[15, 19, 24, 39]","[""O(amide_carbonyl)"", ""O(ether)"", ""O(amide_carbonyl)"", ""O(ether)""]",4,9,2,nitrate,nitrate,1,/nfs/home/nshank3/lanthanide_dataset_builder/data/geometries/Sm/Sm_Z62_ox3_CN9_nlig2_nitrate_e499ec14e778.xyz,/nfs/home/nshank3/lanthanide_dataset_builder/data/geometries/Sm/Sm_Z62_ox3_CN9_nlig2_nitrate_e499ec14e778.mol2,,-7142.583662709184,ok,built (standard attempt 1),accepted,CCCCCCCCCCCCN(C)C(=O)C1CC(OC)CC(C(=O)N(C)CCCCCCCCCCCC)O1,CCCCCCCCCCCCN(C)C(=O)C1CC(OC)CC(C(=O)N(C)CCCCCCCCCCCC)O1,False,True,True,9,O9,"122:O:2.12,16:O:2.21,25:O:2.24,131:O:2.25,40:O:2.32,146:O:2.46,126:O:2.66,213:O:2.69,20:O:2.92",2.919716478530006,2.115305333999541,True,ok
3893f73b679f,,63,Eu,3,CCCCCCCCCCCCOCc1cc(-n2ccc(C)n2)nc(-n2ccc(C)n2)c1,"[12, 17, 22, 23, 25, 30]","[""O(ether)"", ""N(aromatic)"", ""N(aromatic)"", ""N(aromatic)"", ""N(aromatic)"", ""N(aromatic)""]",6,9,1,nitrate,nitrate,3,/nfs/home/nshank3/lanthanide_dataset_builder/data/geometries/Eu/Eu_Z63_ox3_CN9_nlig1_nitrate_3893f73b679f.xyz,/nfs/home/nshank3/lanthanide_dataset_builder/data/geometries/Eu/Eu_Z63_ox3_CN9_nlig1_nitrate_3893f73b679f.mol2,,-3122.3136173049616,ok,built (standard attempt 1),accepted,CCCCCCCCCCCCOCc1cc(-n2ccc(C)n2)nc(-n2ccc(C)n2)c1,CCCCCCCCCCCCOCc1cc(-n2ccc(C)n2)nc(-n2ccc(C)n2)c1,False,True,True,9,"N6,O3","74:O:2.08,75:O:2.09,31:N:2.31,23:N:2.34,24:N:2.46,72:N:2.48,76:O:2.67,26:N:3.11,18:N:3.15",3.1518840934655783,2.078755498371251,True,ok
c285dd3a90ba,,71,Lu,3,CCCc1nnc(-c2cccc(-c3nnc(CCC)c(CCC)n3)n2)nc1CCC,"[4, 5, 13, 14, 23, 24, 25]","[""N(aromatic)"", ""N(aromatic)"", ""N(aromatic)"", ""N(aromatic)"", ""N(aromatic)"", ""N(aromatic)"", ""N(aromatic)""]",7,8,1,nitrate,nitrate,1,/nfs/home/nshank3/lanthanide_dataset_builder/data/geometries/Lu/Lu_Z71_ox3_CN8_nlig1_nitrate_c285dd3a90ba.xyz,/nfs/home/nshank3/lanthanide_dataset_builder/data/geometries/Lu/Lu_Z71_ox3_CN8_nlig1_nitrate_c285dd3a90ba.mol2,,-2450.476177631604,ok,built (standard attempt 1),accepted,CCCc1nnc(-c2cccc(-c3nnc(CCC)c(CCC)n3)n2)nc1CCC,CCCc1nnc(-c2cccc(-c3nnc(CCC)c(CCC)n3)n2)nc1CCC,False,True,True,6,"N5,O1","25:N:2.25,26:N:2.26,6:N:2.33,24:N:2.36,14:N:2.36,62:O:2.36",2.36430257314174,2.2545791729803324,False,ok
5e17d48e6b5d,,63,Eu,3,CN(C(=O)COCC(=O)N(C)c1ccccc1)c1ccccc1,"[3, 5, 8]","[""O(amide_carbonyl)"", ""O(ether)"", ""O(amide_carbonyl)""]",3,9,3,nitrate,nitrate,0,/nfs/home/nshank3/lanthanide_dataset_builder/data/geometries/Eu/Eu_Z63_ox3_CN9_nlig3_nitrate_5e17d48e6b5d.xyz,/nfs/home/nshank3/lanthanide_dataset_builder/data/geometries/Eu/Eu_Z63_ox3_CN9_nlig3_nitrate_5e17d48e6b5d.mol2,,-5454.9677281191325,ok,built (standard attempt 1),accepted,CN(C(=O)COCC(=O)N(C)c1ccccc1)c1ccccc1,CN(C(=O)COCC(=O)N(C)c1ccccc1)c1ccccc1,False,True,True,9,O9,"95:O:2.13,4:O:2.26,90:O:2.31,9:O:2.36,52:O:2.46,47:O:2.51,92:O:2.54,6:O:2.61,49:O:2.65",2.6527698271820697,2.1271898291961806,True,ok
f8c89bfcafa6,,63,Eu,3,CCCCC(CC)CN(CC(CC)CCCC)C(=O)COCC(=O)N(CC(CC)CCCC)CC(CC)CCCC,"[18, 20, 23]","[""O(amide_carbonyl)"", ""O(ether)"", ""O(amide_carbonyl)""]",3,9,3,water,water,0,/nfs/home/nshank3/lanthanide_dataset_builder/data/geometries/Eu/Eu_Z63_ox3_CN9_nlig3_water_f8c89bfcafa6.xyz,/nfs/home/nshank3/lanthanide_dataset_builder/data/geometries/Eu/Eu_Z63_ox3_CN9_nlig3_water_f8c89bfcafa6.mol2,,-10773.126521699673,ok,built (standard attempt 1),accepted,CCCCC(CC)CN(CC(CC)CCCC)C(=O)COCC(=O)N(CC(CC)CCCC)CC(CC)CCCC,CCCCC(CC)CN(CC(CC)CCCC)C(=O)COCC(=O)N(CC(CC)CCCC)CC(CC)CCCC,False,True,True,9,O9,"137:O:2.20,24:O:2.28,134:O:2.34,19:O:2.35,250:O:2.49,21:O:2.55,132:O:2.59,247:O:2.59,245:O:2.61",2.612562497124634,2.2030316760645063,True,ok
5f3f0e0d19d5,,63,Eu,3,CCCCCCCCN(CCCCCCCC)C(=O)COCC(=O)NCCOCCNC(=O)COCC(=O)N(CCCCCCCC)CCCCCCCC,"[18, 20, 23, 27, 32, 34, 37]","[""O(amide_carbonyl)"", ""O(ether)"", ""O(amide_carbonyl)"", ""O(ether)"", ""O(amide_carbonyl)"", ""O(ether)"", ""O(amide_carbonyl)""]",7,9,1,nitrate,nitrate,2,/nfs/home/nshank3/lanthanide_dataset_builder/data/geometries/Eu/Eu_Z63_ox3_CN9_nlig1_nitrate_5f3f0e0d19d5.xyz,/nfs/home/nshank3/lanthanide_dataset_builder/data/geometries/Eu/Eu_Z63_ox3_CN9_nlig1_nitrate_5f3f0e0d19d5.mol2,,-5277.036907249463,ok,built (standard attempt 1),accepted,CCCCCCCCN(CCCCCCCC)C(=O)COCC(=O)NCCOCCNC(=O)COCC(=O)N(CCCCCCCC)CCCCCCCC,CCCCCCCCN(CCCCCCCC)C(=O)COCC(=O)NCCOCCNC(=O)COCC(=O)N(CCCCCCCC)CCCCCCCC,False,True,True,10,"N1,O9","144:O:2.12,145:O:2.13,33:O:2.26,38:O:2.34,24:O:2.42,19:O:2.43,142:N:2.44,21:O:2.56,35:O:2.75,28:O:2.86",2.864368244948842,2.117258503105336,False,ok
86c6aad4013f,,63,Eu,3,CCCCCCCCN(CCCCCCCC)C(=O)CN(CC(=O)N(CCCCCCCC)CCCCCCCC)C(C)=O,"[18, 23, 43]","[""O(amide_carbonyl)"", ""O(amide_carbonyl)"", ""O(amide_carbonyl)""]",3,9,3,nitrate,nitrate,0,/nfs/home/nshank3/lanthanide_dataset_builder/data/geometries/Eu/Eu_Z63_ox3_CN9_nlig3_nitrate_86c6aad4013f.xyz,/nfs/home/nshank3/lanthanide_dataset_builder/data/geometries/Eu/Eu_Z63_ox3_CN9_nlig3_nitrate_86c6aad4013f.mol2,,-11489.992418786313,ok,built (standard attempt 1),accepted,CCCCCCCCN(CCCCCCCC)C(=O)CN(CC(=O)N(CCCCCCCC)CCCCCCCC)C(C)=O,CCCCCCCCN(CCCCCCCC)C(=O)CN(CC(=O)N(CCCCCCCC)CCCCCCCC)C(C)=O,False,True,True,9,O9,"19:O:2.23,138:O:2.23,257:O:2.24,44:O:2.27,282:O:2.28,163:O:2.28,143:O:2.85,24:O:2.93,262:O:2.96",2.958708770696793,2.2315039369387173,True,ok
bbe930277304,,63,Eu,3,CCCCCCCCn1cc(-c2cc(CC(=O)O)cc(-c3cn(CCCCCCCC)nn3)n2)nn1,"[8, 22, 31, 32, 33, 34, 35]","[""N(aromatic)"", ""N(aromatic)"", ""N(aromatic)"", ""N(aromatic)"", ""N(aromatic)"", ""N(aromatic)"", ""N(aromatic)""]",7,9,1,nitrate,nitrate,2,/nfs/home/nshank3/lanthanide_dataset_builder/data/geometries/Eu/Eu_Z63_ox3_CN9_nlig1_nitrate_bbe930277304.xyz,/nfs/home/nshank3/lanthanide_dataset_builder/data/geometries/Eu/Eu_Z63_ox3_CN9_nlig1_nitrate_bbe930277304.mol2,,-3338.318309009719,ok,built (standard attempt 1),accepted,CCCCCCCCn1cc(-c2cc(CC(=O)O)cc(-c3cn(CCCCCCCC)nn3)n2)nn1,CCCCCCCCn1cc(-c2cc(CC(=O)O)cc(-c3cn(CCCCCCCC)nn3)n2)nn1,False,True,True,8,"N6,O2","80:O:2.03,81:O:2.04,33:N:2.27,35:N:2.28,78:N:2.41,36:N:2.66,34:N:2.69,32:N:2.74",2.736416843384142,2.0324496889417603,False,ok
b327caa3b7fb,,63,Eu,3,Cc1cc(C)n(-c2cncc(-n3nc(C)cc3C)n2)n1,"[5, 8, 11, 12, 18, 19]","[""N(aromatic)"", ""N(aromatic)"", ""N(aromatic)"", ""N(aromatic)"", ""N(aromatic)"", ""N(aromatic)""]",6,9,1,nitrate,nitrate,3,/nfs/home/nshank3/lanthanide_dataset_builder/data/geometries/Eu/Eu_Z63_ox3_CN9_nlig1_nitrate_b327caa3b7fb.xyz,/nfs/home/nshank3/lanthanide_dataset_builder/data/geometries/Eu/Eu_Z63_ox3_CN9_nlig1_nitrate_b327caa3b7fb.mol2,,-2072.0540397480104,ok,built (standard attempt 1),accepted,Cc1cc(C)n(-c2cncc(-n3nc(C)cc3C)n2)n1,Cc1cc(C)n(-c2cncc(-n3nc(C)cc3C)n2)n1,False,True,True,7,"N4,O3","39:O:2.05,40:O:2.09,19:N:2.39,13:N:2.44,37:N:2.45,41:O:2.57,6:N:2.95",2.94907107422473,2.052434484597483,False,ok
cf6c818eb329,,63,Eu,3,CCCCCCN(CCCCCC)C(=O)c1ccc2ccc3cccnc3c2n1,"[14, 25, 28]","[""O(amide_carbonyl)"", ""N(aromatic)"", ""N(aromatic)""]",3,9,3,water,water,0,/nfs/home/nshank3/lanthanide_dataset_builder/data/geometries/Eu/Eu_Z63_ox3_CN9_nlig3_water_cf6c818eb329.xyz,/nfs/home/nshank3/lanthanide_dataset_builder/data/geometries/Eu/Eu_Z63_ox3_CN9_nlig3_water_cf6c818eb329.mol2,,-6798.867228820087,ok,built (standard attempt 1),accepted,CCCCCCN(CCCCCC)C(=O)c1ccc2ccc3cccnc3c2n1,CCCCCCN(CCCCCC)C(=O)c1ccc2ccc3cccnc3c2n1,False,True,True,9,"N6,O3","77:O:2.27,139:O:2.30,15:O:2.39,91:N:2.50,88:N:2.54,153:N:2.55,150:N:2.56,29:N:2.57,26:N:2.63",2.633922411146895,2.268678211618831,True,ok
9401327b7867,,64,Gd,3,CCCCCCCCN(CC(C)C)C(=O)COCC(=O)N(CCCCCCCC)CC(C)C,"[14, 16, 19]","[""O(amide_carbonyl)"", ""O(ether)"", ""O(amide_carbonyl)""]",3,9,3,nitrate,nitrate,0,/nfs/home/nshank3/lanthanide_dataset_builder/data/geometries/Gd/Gd_Z64_ox3_CN9_nlig3_nitrate_9401327b7867.xyz,/nfs/home/nshank3/lanthanide_dataset_builder/data/geometries/Gd/Gd_Z64_ox3_CN9_nlig3_nitrate_9401327b7867.mol2,,-8708.460642637574,ok,built (standard attempt 1),accepted,CCCCCCCCN(CC(C)C)C(=O)COCC(=O)N(CCCCCCCC)CC(C)C,CCCCCCCCN(CC(C)C)C(=O)COCC(=O)N(CCCCCCCC)CC(C)C,False,True,True,9,O9,"104:O:2.33,193:O:2.38,198:O:2.41,20:O:2.42,15:O:2.45,109:O:2.50,17:O:2.53,106:O:2.68,195:O:2.75",2.748569489765122,2.3306941160716503,True,ok
05a03a08886e,,64,Gd,3,CCCCCCn1c(-c2ccccc2)c(-c2ccccc2)c2cc3ccc4cc5c(-c6ccccc6)c(-c6ccccc6)n(CCCCCC)c(=O)c5nc4c3nc2c1=O,"[6, 43, 51, 53, 56, 59]","[""N(aromatic)"", ""N(aromatic)"", ""O(amide_carbonyl)"", ""N(aromatic)"", ""N(aromatic)"", ""O(amide_carbonyl)""]",6,9,1,nitrate,nitrate,3,/nfs/home/nshank3/lanthanide_dataset_builder/data/geometries/Gd/Gd_Z64_ox3_CN9_nlig1_nitrate_05a03a08886e.xyz,/nfs/home/nshank3/lanthanide_dataset_builder/data/geometries/Gd/Gd_Z64_ox3_CN9_nlig1_nitrate_05a03a08886e.mol2,,-4938.838371601879,ok,built (standard attempt 1),accepted,CCCCCCn1c(-c2ccccc2)c(-c2ccccc2)c2cc3ccc4cc5c(-c6ccccc6)c(-c6ccccc6)n(CCCCCC)c(=O)c5nc4c3nc2c1=O,CCCCCCn1c(-c2ccccc2)c(-c2ccccc2)c2cc3ccc4cc5c(-c6ccccc6)c(-c6ccccc6)n(CCCCCC)c(=O)c5nc4c3nc2c1=O,False,True,True,8,"N3,O5","60:O:2.12,52:O:2.17,114:O:2.18,113:O:2.25,111:N:2.58,54:N:2.61,57:N:2.67,115:O:2.73",2.7293318441897836,2.1204805615269304,False,ok
b71d18533908,,67,Ho,3,CCCCCCCCN(CCCCC(C)CCCC(C)C)C(=O)COCC(=O)N(CCCCCCCC)CCCCC(C)CCCC(C)C,"[22, 24, 27]","[""O(amide_carbonyl)"", ""O(ether)"", ""O(amide_carbonyl)""]",3,8,2,water,water,2,/nfs/home/nshank3/lanthanide_dataset_builder/data/geometries/Ho/Ho_Z67_ox3_CN8_nlig2_water_b71d18533908.xyz,/nfs/home/nshank3/lanthanide_dataset_builder/data/geometries/Ho/Ho_Z67_ox3_CN8_nlig2_water_b71d18533908.mol2,,-8835.923571002224,ok,built (standard attempt 1),accepted,CCCCCCCCN(CCCCC(C)CCCC(C)C)C(=O)COCC(=O)N(CCCCCCCC)CCCCC(C)CCCC(C)C,CCCCCCCCN(CCCCC(C)CCCC(C)C)C(=O)COCC(=O)N(CCCCCCCC)CCCCC(C)CCCC(C)C,False,True,True,8,O8,"28:O:2.11,165:O:2.15,160:O:2.17,23:O:2.17,162:O:2.46,25:O:2.48,278:O:2.54,275:O:2.70",2.7034768194411654,2.109769875894005,True,ok
de8330552bc9,,57,La,3,CCCCCCCCN(CC)C(=O)COCC(=O)N(CC)CCCCCCCC,"[12, 14, 17]","[""O(amide_carbonyl)"", ""O(ether)"", ""O(amide_carbonyl)""]",3,9,3,water,water,0,/nfs/home/nshank3/lanthanide_dataset_builder/data/geometries/La/La_Z57_ox3_CN9_nlig3_water_de8330552bc9.xyz,/nfs/home/nshank3/lanthanide_dataset_builder/data/geometries/La/La_Z57_ox3_CN9_nlig3_water_de8330552bc9.mol2,,-7677.618058427221,ok,built (standard attempt 1),accepted,CCCCCCCCN(CC)C(=O)COCC(=O)N(CC)CCCCCCCC,CCCCCCCCN(CC)C(=O)COCC(=O)N(CC)CCCCCCCC,False,True,True,9,O9,"172:O:2.10,90:O:2.25,18:O:2.31,95:O:2.48,167:O:2.66,92:O:2.74,15:O:2.77,169:O:2.82,13:O:2.93",2.930649509405545,2.099717665233154,True,ok
997619d3a9f1,,60,Nd,3,CCCCN(CCCC)C(=O)COCC(=O)N(CCCC)CCCC,"[10, 12, 15]","[""O(amide_carbonyl)"", ""O(ether)"", ""O(amide_carbonyl)""]",3,9,3,nitrate,nitrate,0,/nfs/home/nshank3/lanthanide_dataset_builder/data/geometries/Nd/Nd_Z60_ox3_CN9_nlig3_nitrate_997619d3a9f1.xyz,/nfs/home/nshank3/lanthanide_dataset_builder/data/geometries/Nd/Nd_Z60_ox3_CN9_nlig3_nitrate_997619d3a9f1.mol2,,-6643.52462787994,ok,built (standard attempt 1),accepted,CCCCN(CCCC)C(=O)COCC(=O)N(CCCC)CCCC,CCCCN(CCCC)C(=O)COCC(=O)N(CCCC)CCCC,False,True,True,9,O9,"141:O:2.23,11:O:2.29,146:O:2.32,16:O:2.41,81:O:2.41,143:O:2.42,76:O:2.46,13:O:2.56,78:O:2.72",2.7152535729310485,2.230331209141871,True,ok
21b084407405,,62,Sm,3,CN(C(=O)COCC(=O)N(C)c1ccccc1)c1ccccc1,"[3, 5, 8]","[""O(amide_carbonyl)"", ""O(ether)"", ""O(amide_carbonyl)""]",3,9,3,nitrate,nitrate,0,/nfs/home/nshank3/lanthanide_dataset_builder/data/geometries/Sm/Sm_Z62_ox3_CN9_nlig3_nitrate_21b084407405.xyz,/nfs/home/nshank3/lanthanide_dataset_builder/data/geometries/Sm/Sm_Z62_ox3_CN9_nlig3_nitrate_21b084407405.mol2,,-5454.873281898415,ok,built (standard attempt 1),accepted,CN(C(=O)COCC(=O)N(C)c1ccccc1)c1ccccc1,CN(C(=O)COCC(=O)N(C)c1ccccc1)c1ccccc1,False,True,True,9,O9,"95:O:2.18,4:O:2.27,90:O:2.35,9:O:2.37,47:O:2.48,52:O:2.49,92:O:2.50,6:O:2.60,49:O:2.72",2.7224477507557108,2.1777460364074126,True,ok
477241213e79,,71,Lu,3,CCCCCCCCN(CCC(C)CC(C)(C)C)C(=O)COCC(=O)N(CCCCCCCC)CCC(C)CC(C)(C)C,"[19, 21, 24]","[""O(amide_carbonyl)"", ""O(ether)"", ""O(amide_carbonyl)""]",3,8,2,water,water,2,/nfs/home/nshank3/lanthanide_dataset_builder/data/geometries/Lu/Lu_Z71_ox3_CN8_nlig2_water_477241213e79.xyz,/nfs/home/nshank3/lanthanide_dataset_builder/data/geometries/Lu/Lu_Z71_ox3_CN8_nlig2_water_477241213e79.mol2,,-7801.870370140788,ok,built (standard attempt 1),accepted,CCCCCCCCN(CCC(C)CC(C)(C)C)C(=O)COCC(=O)N(CCCCCCCC)CCC(C)CC(C)(C)C,CCCCCCCCN(CCC(C)CC(C)(C)C)C(=O)COCC(=O)N(CCCCCCCC)CCC(C)CC(C)(C)C,False,True,True,8,O8,"139:O:2.11,25:O:2.19,20:O:2.19,144:O:2.24,239:O:2.45,22:O:2.46,242:O:2.49,141:O:2.50",2.5014430403249888,2.114389024326331,True,ok
8ecfa50da786,,60,Nd,3,CCCCC(CC)CN(C)C(=O)COCC(=O)N(C)CC(CC)CCCC,"[11, 13, 16]","[""O(amide_carbonyl)"", ""O(ether)"", ""O(amide_carbonyl)""]",3,9,3,water,water,0,/nfs/home/nshank3/lanthanide_dataset_builder/data/geometries/Nd/Nd_Z60_ox3_CN9_nlig3_water_8ecfa50da786.xyz,/nfs/home/nshank3/lanthanide_dataset_builder/data/geometries/Nd/Nd_Z60_ox3_CN9_nlig3_water_8ecfa50da786.mol2,,-7159.166560670006,ok,built (standard attempt 1),accepted,CCCCC(CC)CN(C)C(=O)COCC(=O)N(C)CC(CC)CCCC,CCCCC(CC)CN(C)C(=O)COCC(=O)N(C)CC(CC)CCCC,False,True,True,9,O9,"154:O:2.38,17:O:2.41,88:O:2.43,83:O:2.44,14:O:2.54,12:O:2.55,159:O:2.63,85:O:2.70,156:O:2.85",2.8515552024881794,2.384979397367144,True,ok
378fee4fe5c6,,60,Nd,3,COCCN(CCOC)C(=O)COCC(=O)N(CCOC)CCOC,"[1, 7, 10, 12, 15, 19, 23]","[""O(ether)"", ""O(ether)"", ""O(amide_carbonyl)"", ""O(ether)"", ""O(amide_carbonyl)"", ""O(ether)"", ""O(ether)""]",7,9,1,water,water,2,/nfs/home/nshank3/lanthanide_dataset_builder/data/geometries/Nd/Nd_Z60_ox3_CN9_nlig1_water_378fee4fe5c6.xyz,/nfs/home/nshank3/lanthanide_dataset_builder/data/geometries/Nd/Nd_Z60_ox3_CN9_nlig1_water_378fee4fe5c6.mol2,,-2583.3813775796566,ok,built (standard attempt 1),accepted,COCCN(CCOC)C(=O)COCC(=O)N(CCOC)CCOC,COCCN(CCOC)C(=O)COCC(=O)N(CCOC)CCOC,False,True,True,10,"N1,O9","16:O:2.23,2:O:2.36,8:O:2.51,24:O:2.63,61:O:2.68,58:O:2.71,20:O:2.77,5:N:2.87,13:O:2.90,11:O:2.91",2.907860438908385,2.2336071889829503,False,ok
e4306ad84f62,,69,Tm,3,CCCCC(CC)CN(C)C(=O)COCC(=O)N(C)CC(CC)CCCC,"[11, 13, 16]","[""O(amide_carbonyl)"", ""O(ether)"", ""O(amide_carbonyl)""]",3,8,2,water,water,2,/nfs/home/nshank3/lanthanide_dataset_builder/data/geometries/Tm/Tm_Z69_ox3_CN8_nlig2_water_e4306ad84f62.xyz,/nfs/home/nshank3/lanthanide_dataset_builder/data/geometries/Tm/Tm_Z69_ox3_CN8_nlig2_water_e4306ad84f62.mol2,,-5046.22452176377,ok,built (standard attempt 1),accepted,CCCCC(CC)CN(C)C(=O)COCC(=O)N(C)CC(CC)CCCC,CCCCC(CC)CN(C)C(=O)COCC(=O)N(C)CC(CC)CCCC,False,True,True,8,O8,"88:O:2.10,12:O:2.12,83:O:2.13,17:O:2.13,14:O:2.41,146:O:2.48,85:O:2.59,143:O:2.66",2.656826528396663,2.104786871768,True,ok
7599752bb1b0,,70,Yb,3,CCCCCCCCN(CCC)C(=O)COCC(=O)N(CCC)CCCCCCCC,"[13, 15, 18]","[""O(amide_carbonyl)"", ""O(ether)"", ""O(amide_carbonyl)""]",3,8,2,water,water,2,/nfs/home/nshank3/lanthanide_dataset_builder/data/geometries/Yb/Yb_Z70_ox3_CN8_nlig2_water_7599752bb1b0.xyz,/nfs/home/nshank3/lanthanide_dataset_builder/data/geometries/Yb/Yb_Z70_ox3_CN8_nlig2_water_7599752bb1b0.mol2,,-5735.016508662926,ok,built (standard attempt 1),accepted,CCCCCCCCN(CCC)C(=O)COCC(=O)N(CCC)CCCCCCCC,CCCCCCCCN(CCC)C(=O)COCC(=O)N(CCC)CCCCCCCC,False,True,True,8,O8,"97:O:2.07,19:O:2.16,14:O:2.27,102:O:2.29,16:O:2.50,170:O:2.52,167:O:2.53,99:O:2.60",2.5998769630042204,2.0711154218511147,True,ok
bf029fdb8a36,,70,Yb,3,CCCCCCCCN(CCC(C)CC(C)(C)C)C(=O)COCC(=O)N(CCCCCCCC)CCC(C)CC(C)(C)C,"[19, 21, 24]","[""O(amide_carbonyl)"", ""O(ether)"", ""O(amide_carbonyl)""]",3,8,2,water,water,2,/nfs/home/nshank3/lanthanide_dataset_builder/data/geometries/Yb/Yb_Z70_ox3_CN8_nlig2_water_bf029fdb8a36.xyz,/nfs/home/nshank3/lanthanide_dataset_builder/data/geometries/Yb/Yb_Z70_ox3_CN8_nlig2_water_bf029fdb8a36.mol2,,-7801.978807030952,ok,built (standard attempt 1),accepted,CCCCCCCCN(CCC(C)CC(C)(C)C)C(=O)COCC(=O)N(CCCCCCCC)CCC(C)CC(C)(C)C,CCCCCCCCN(CCC(C)CC(C)(C)C)C(=O)COCC(=O)N(CCCCCCCC)CCC(C)CC(C)(C)C,False,True,True,8,O8,"25:O:2.12,20:O:2.15,144:O:2.17,139:O:2.22,141:O:2.48,239:O:2.48,242:O:2.51,22:O:2.54",2.540711489895705,2.1175294809038037,True,ok
e716ee59bc93,,59,Pr,3,CCCCCCCCN(CCCCCCCC)C(=O)[C@H](C)O[C@H](C)C(=O)N(CCCCCCCC)CCCCCCCC,"[18, 21, 25]","[""O(amide_carbonyl)"", ""O(ether)"", ""O(amide_carbonyl)""]",3,9,3,nitrate,nitrate,0,/nfs/home/nshank3/lanthanide_dataset_builder/data/geometries/Pr/Pr_Z59_ox3_CN9_nlig3_nitrate_e716ee59bc93.xyz,/nfs/home/nshank3/lanthanide_dataset_builder/data/geometries/Pr/Pr_Z59_ox3_CN9_nlig3_nitrate_e716ee59bc93.mol2,,-11291.35421052887,ok,built (standard attempt 2),accepted,CCCCCCCCN(CCCCCCCC)C(=O)[C@H](C)O[C@H](C)C(=O)N(CCCCCCCC)CCCCCCCC,CCCCCCCCN(CCCCCCCC)C(=O)[C@H](C)O[C@H](C)C(=O)N(CCCCCCCC)CCCCCCCC,False,True,True,9,O9,"145:O:2.20,257:O:2.27,138:O:2.32,26:O:2.68,260:O:2.70,141:O:2.83,22:O:2.90,19:O:3.01,264:O:3.13",3.127798867427528,2.198399810870687,True,ok
f6e1351abbb0,,65,Tb,3,CCCCCCn1c(-c2ccccc2)c(-c2ccccc2)c2cc3ccc4cc5c(-c6ccccc6)c(-c6ccccc6)n(CCCCCC)c(=O)c5nc4c3nc2c1=O,"[6, 43, 51, 53, 56, 59]","[""N(aromatic)"", ""N(aromatic)"", ""O(amide_carbonyl)"", ""N(aromatic)"", ""N(aromatic)"", ""O(amide_carbonyl)""]",6,8,1,nitrate,nitrate,2,/nfs/home/nshank3/lanthanide_dataset_builder/data/geometries/Tb/Tb_Z65_ox3_CN8_nlig1_nitrate_f6e1351abbb0.xyz,/nfs/home/nshank3/lanthanide_dataset_builder/data/geometries/Tb/Tb_Z65_ox3_CN8_nlig1_nitrate_f6e1351abbb0.mol2,,-4802.931971712765,ok,built (standard attempt 1),accepted,CCCCCCn1c(-c2ccccc2)c(-c2ccccc2)c2cc3ccc4cc5c(-c6ccccc6)c(-c6ccccc6)n(CCCCCC)c(=O)c5nc4c3nc2c1=O,CCCCCCn1c(-c2ccccc2)c(-c2ccccc2)c2cc3ccc4cc5c(-c6ccccc6)c(-c6ccccc6)n(CCCCCC)c(=O)c5nc4c3nc2c1=O,False,True,True,8,"N3,O5","113:O:2.06,112:O:2.15,60:O:2.21,111:N:2.23,52:O:2.36,57:N:2.53,54:N:2.57,114:O:3.13",3.1269866782151206,2.063729270408469,True,ok
8891c25d4c67,,58,Ce,3,CCCCCCCCN(CCCCCCCC)C(=O)CN(CC(=O)N(CCCCCCCC)CCCCCCCC)CC(=O)N(CCCCCCCC)CCCCCCCC,"[18, 20, 23, 43]","[""O(amide_carbonyl)"", ""N(amine)"", ""O(amide_carbonyl)"", ""O(amide_carbonyl)""]",4,9,2,nitrate,nitrate,1,/nfs/home/nshank3/lanthanide_dataset_builder/data/geometries/Ce/Ce_Z58_ox3_CN9_nlig2_nitrate_8891c25d4c67.xyz,/nfs/home/nshank3/lanthanide_dataset_builder/data/geometries/Ce/Ce_Z58_ox3_CN9_nlig2_nitrate_8891c25d4c67.mol2,,-3507.361942968656,ok_simplified_ligand,original_ligtype_failed_simplified_success,accepted,CCCCCCCCN(CCCCCCCC)C(=O)CN(CC(=O)N(CCCCCCCC)CCCCCCCC)CC(=O)N(CCCCCCCC)CCCCCCCC,CN(C)C(=O)CN(CC(=O)N(C)C)CC(=O)N(C)C,True,True,True,7,O7,"48:O:2.21,5:O:2.21,53:O:2.28,10:O:2.29,16:O:2.37,59:O:2.50,87:O:2.76",2.7634030916257823,2.2125569299471186,False,ok
4dbb9790637e,,63,Eu,3,CCCCCCCCN(CCCCCCCC)C(=O)CC(=O)N(CCCCCCCC)CCCCCCCC,"[18, 21]","[""O(amide_carbonyl)"", ""O(amide_carbonyl)""]",2,9,4,nitrate,nitrate,1,/nfs/home/nshank3/lanthanide_dataset_builder/data/geometries/Eu/Eu_Z63_ox3_CN9_nlig4_nitrate_4dbb9790637e.xyz,/nfs/home/nshank3/lanthanide_dataset_builder/data/geometries/Eu/Eu_Z63_ox3_CN9_nlig4_nitrate_4dbb9790637e.mol2,,-13718.572425517705,ok,built (standard attempt 1),accepted,CCCCCCCCN(CCCCCCCC)C(=O)CC(=O)N(CCCCCCCC)CCCCCCCC,CCCCCCCCN(CCCCCCCC)C(=O)CC(=O)N(CCCCCCCC)CCCCCCCC,False,True,True,9,O9,"128:O:2.34,19:O:2.34,240:O:2.48,349:O:2.49,131:O:2.54,346:O:2.57,22:O:2.59,437:O:2.60,237:O:2.83",2.833803713043242,2.336170590485787,True,ok
383aee8c8ad5,,59,Pr,3,CCCCCCCCCCCCN(CCCCCCCCCCCC)C(=O)COCCOCC(=O)N(CCCCCCCCCCCC)CCCCCCCCCCCC,"[26, 28, 31, 34]","[""O(amide_carbonyl)"", ""O(ether)"", ""O(ether)"", ""O(amide_carbonyl)""]",4,9,2,nitrate,nitrate,1,/nfs/home/nshank3/lanthanide_dataset_builder/data/geometries/Pr/Pr_Z59_ox3_CN9_nlig2_nitrate_383aee8c8ad5.xyz,/nfs/home/nshank3/lanthanide_dataset_builder/data/geometries/Pr/Pr_Z59_ox3_CN9_nlig2_nitrate_383aee8c8ad5.mol2,,-3064.692591283709,ok_simplified_ligand,original_ligtype_failed_simplified_success,accepted,CCCCCCCCCCCCN(CCCCCCCCCCCC)C(=O)COCCOCC(=O)N(CCCCCCCCCCCC)CCCCCCCCCCCC,CN(C)C(=O)COCCOCC(=O)N(C)C,True,True,True,9,O9,"49:O:2.32,13:O:2.35,5:O:2.35,41:O:2.37,7:O:2.47,43:O:2.51,46:O:2.54,10:O:2.57,73:O:2.74",2.7418566207597137,2.3186445726842115,True,ok
dc61383f4cc6,,64,Gd,3,CCCCCCCCCCN(CCCCCCCCCC)C(=O)[C@H](C)O[C@H](CC)C(=O)N(CCCCCCCCCC)CCCCCCCCCC,"[22, 25, 30]","[""O(amide_carbonyl)"", ""O(ether)"", ""O(amide_carbonyl)""]",3,9,3,nitrate,nitrate,0,/nfs/home/nshank3/lanthanide_dataset_builder/data/geometries/Gd/Gd_Z64_ox3_CN9_nlig3_nitrate_dc61383f4cc6.xyz,/nfs/home/nshank3/lanthanide_dataset_builder/data/geometries/Gd/Gd_Z64_ox3_CN9_nlig3_nitrate_dc61383f4cc6.mol2,,-13614.183430718584,ok,built (large_ligand_fast attempt 1),accepted,CCCCCCCCCCN(CCCCCCCCCC)C(=O)[C@H](C)O[C@H](CC)C(=O)N(CCCCCCCCCC)CCCCCCCCCC,CCCCCCCCCCN(CCCCCCCCCC)C(=O)[C@H](C)O[C@H](CC)C(=O)N(CCCCCCCCCC)CCCCCCCCCC,False,True,True,8,O8,"23:O:2.32,318:O:2.42,169:O:2.45,323:O:2.53,172:O:2.58,177:O:2.67,26:O:2.86,31:O:3.02",3.018749587281902,2.324748919127045,False,ok
6a813ec13042,,60,Nd,3,O=C(COCC(=O)N1CCCCC1)N1CCCCC1,"[0, 3, 6]","[""O(amide_carbonyl)"", ""O(ether)"", ""O(amide_carbonyl)""]",3,9,3,water,water,0,/nfs/home/nshank3/lanthanide_dataset_builder/data/geometries/Nd/Nd_Z60_ox3_CN9_nlig3_water_6a813ec13042.xyz,/nfs/home/nshank3/lanthanide_dataset_builder/data/geometries/Nd/Nd_Z60_ox3_CN9_nlig3_water_6a813ec13042.mol2,,-4928.604749433962,ok,built (large_ligand_deep attempt 2),accepted,O=C(COCC(=O)N1CCCCC1)N1CCCCC1,O=C(COCC(=O)N1CCCCC1)N1CCCCC1,False,True,True,9,O9,"44:O:2.26,50:O:2.27,93:O:2.28,1:O:2.37,7:O:2.41,87:O:2.54,90:O:2.61,47:O:2.62,4:O:2.65",2.6546716083808417,2.258868020547017,True,ok
102814b0efc1,,63,Eu,3,CCCCCCCCN(CCCCCCCC)C(=O)COCC(=O)NCc1cccc(CNC(=O)COCC(=O)N(CCCCCCCC)CCCCCCCC)c1,"[18, 20, 23]","[""O(amide_carbonyl)"", ""O(ether)"", ""O(amide_carbonyl)""]",3,9,3,nitrate,nitrate,0,/nfs/home/nshank3/lanthanide_dataset_builder/data/geometries/Eu/Eu_Z63_ox3_CN9_nlig3_nitrate_102814b0efc1.xyz,/nfs/home/nshank3/lanthanide_dataset_builder/data/geometries/Eu/Eu_Z63_ox3_CN9_nlig3_nitrate_102814b0efc1.mol2,,-14930.433413483384,ok,built (large_ligand_fast attempt 3),accepted,CCCCCCCCN(CCCCCCCC)C(=O)COCC(=O)NCc1cccc(CNC(=O)COCC(=O)N(CCCCCCCC)CCCCCCCC)c1,CCCCCCCCN(CCCCCCCC)C(=O)COCC(=O)NCc1cccc(CNC(=O)COCC(=O)N(CCCCCCCC)CCCCCCCC)c1,False,True,True,9,O9,"168:O:2.25,19:O:2.31,163:O:2.33,24:O:2.35,307:O:2.36,312:O:2.36,165:O:2.47,309:O:2.50,21:O:2.51",2.509846925555036,2.25410943643929,True,ok
a3b3468ffd90,,63,Eu,3,CCCCCCCCN(CCCCCCCC)C(=O)c1ccc2ccc3ccc(C(=O)N(CCCCCCCC)CCCCCCCC)nc3c2n1,"[18, 30, 48, 51]","[""O(amide_carbonyl)"", ""O(amide_carbonyl)"", ""N(aromatic)"", ""N(aromatic)""]",4,9,2,water,water,1,/nfs/home/nshank3/lanthanide_dataset_builder/data/geometries/Eu/Eu_Z63_ox3_CN9_nlig2_water_a3b3468ffd90.xyz,/nfs/home/nshank3/lanthanide_dataset_builder/data/geometries/Eu/Eu_Z63_ox3_CN9_nlig2_water_a3b3468ffd90.mol2,,-8641.011217450949,ok,built (standard attempt 1),accepted,CCCCCCCCN(CCCCCCCC)C(=O)c1ccc2ccc3ccc(C(=O)N(CCCCCCCC)CCCCCCCC)nc3c2n1,CCCCCCCCN(CCCCCCCC)C(=O)c1ccc2ccc3ccc(C(=O)N(CCCCCCCC)CCCCCCCC)nc3c2n1,False,True,True,9,"N4,O5","31:O:2.24,157:O:2.27,49:N:2.33,175:N:2.35,19:O:2.36,178:N:2.37,52:N:2.39,145:O:2.40,253:O:2.88",2.8754361786315004,2.2402558270370427,True,ok
3afdf5d4d1a3,,63,Eu,3,CN(C(=O)c1cccc(C(=O)N(C)c2ccccc2)n1)c1ccccc1,"[3, 10, 19]","[""O(amide_carbonyl)"", ""O(amide_carbonyl)"", ""N(aromatic)""]",3,9,3,nitrate,nitrate,0,/nfs/home/nshank3/lanthanide_dataset_builder/data/geometries/Eu/Eu_Z63_ox3_CN9_nlig3_nitrate_3afdf5d4d1a3.xyz,/nfs/home/nshank3/lanthanide_dataset_builder/data/geometries/Eu/Eu_Z63_ox3_CN9_nlig3_nitrate_3afdf5d4d1a3.mol2,,-5845.038594689495,ok,built (standard attempt 1),accepted,CN(C(=O)c1cccc(C(=O)N(C)c2ccccc2)n1)c1ccccc1,CN(C(=O)c1cccc(C(=O)N(C)c2ccccc2)n1)c1ccccc1,False,True,True,9,"N3,O6","56:O:2.24,11:O:2.30,49:O:2.32,94:O:2.32,101:O:2.39,4:O:2.46,65:N:2.53,20:N:2.62,110:N:2.63",2.6274075085487354,2.2430871288842646,True,ok
f8f16b27f64d,,58,Ce,3,CCCCCCCCN(CCCCCCCC)C(=O)c1ccc2ccc3ccc(C(=O)N(CCCCCCCC)CCCCCCCC)nc3c2n1,"[18, 30, 48, 51]","[""O(amide_carbonyl)"", ""O(amide_carbonyl)"", ""N(aromatic)"", ""N(aromatic)""]",4,9,2,nitrate,nitrate,1,/nfs/home/nshank3/lanthanide_dataset_builder/data/geometries/Ce/Ce_Z58_ox3_CN9_nlig2_nitrate_f8f16b27f64d.xyz,/nfs/home/nshank3/lanthanide_dataset_builder/data/geometries/Ce/Ce_Z58_ox3_CN9_nlig2_nitrate_f8f16b27f64d.mol2,,-8641.412665743974,ok,built (standard attempt 1),accepted,CCCCCCCCN(CCCCCCCC)C(=O)c1ccc2ccc3ccc(C(=O)N(CCCCCCCC)CCCCCCCC)nc3c2n1,CCCCCCCCN(CCCCCCCC)C(=O)c1ccc2ccc3ccc(C(=O)N(CCCCCCCC)CCCCCCCC)nc3c2n1,False,True,True,9,"N4,O5","19:O:2.25,145:O:2.28,157:O:2.31,178:N:2.35,31:O:2.36,49:N:2.37,175:N:2.39,52:N:2.42,253:O:2.93",2.9280240295853184,2.25161455842847,True,ok
90ecb106b04d,,60,Nd,3,CCCCCCCCN(CCCCCCCC)C(=O)C(C)OC(C)C(=O)N(CCCCCCCC)CCCCCCCC,"[18, 21, 25]","[""O(amide_carbonyl)"", ""O(ether)"", ""O(amide_carbonyl)""]",3,9,3,nitrate,nitrate,0,/nfs/home/nshank3/lanthanide_dataset_builder/data/geometries/Nd/Nd_Z60_ox3_CN9_nlig3_nitrate_90ecb106b04d.xyz,/nfs/home/nshank3/lanthanide_dataset_builder/data/geometries/Nd/Nd_Z60_ox3_CN9_nlig3_nitrate_90ecb106b04d.mol2,,-11291.061688519196,ok,built (standard attempt 1),accepted,CCCCCCCCN(CCCCCCCC)C(=O)C(C)OC(C)C(=O)N(CCCCCCCC)CCCCCCCC,CCCCCCCCN(CCCCCCCC)C(=O)C(C)OC(C)C(=O)N(CCCCCCCC)CCCCCCCC,False,True,True,7,O7,"138:O:2.32,19:O:2.35,264:O:2.36,257:O:2.38,145:O:2.45,26:O:2.59,141:O:3.16",3.156043659568312,2.319861606363489,False,ok
77028478e24f,,63,Eu,3,CN(C(=O)CC(=O)N(C)c1ccccc1)c1ccccc1,"[3, 6]","[""O(amide_carbonyl)"", ""O(amide_carbonyl)""]",2,9,4,nitrate,nitrate,1,/nfs/home/nshank3/lanthanide_dataset_builder/data/geometries/Eu/Eu_Z63_ox3_CN9_nlig4_nitrate_77028478e24f.xyz,/nfs/home/nshank3/lanthanide_dataset_builder/data/geometries/Eu/Eu_Z63_ox3_CN9_nlig4_nitrate_77028478e24f.mol2,,-6627.589411862814,ok,built (standard attempt 1),accepted,CN(C(=O)CC(=O)N(C)c1ccccc1)c1ccccc1,CN(C(=O)CC(=O)N(C)c1ccccc1)c1ccccc1,False,True,True,9,O9,"82:O:2.41,85:O:2.44,124:O:2.46,46:O:2.47,4:O:2.49,43:O:2.50,121:O:2.50,7:O:2.50,157:O:2.67",2.6693201358526926,2.4061723096435657,True,ok
2cc775446b54,,65,Tb,3,CCCCCCCCN(C)C(=O)C(CCOCCCCCC)C(=O)N(C)CCCCCCCC,"[11, 15, 23]","[""O(amide_carbonyl)"", ""O(ether)"", ""O(amide_carbonyl)""]",3,8,2,nitrate,nitrate,2,/nfs/home/nshank3/lanthanide_dataset_builder/data/geometries/Tb/Tb_Z65_ox3_CN8_nlig2_nitrate_2cc775446b54.xyz,/nfs/home/nshank3/lanthanide_dataset_builder/data/geometries/Tb/Tb_Z65_ox3_CN8_nlig2_nitrate_2cc775446b54.mol2,,-6400.314336474506,ok,built (standard attempt 1),accepted,CCCCCCCCN(C)C(=O)C(CCOCCCCCC)C(=O)N(C)CCCCCCCC,CCCCCCCCN(C)C(=O)C(CCOCCCCCC)C(=O)N(C)CCCCCCCC,False,True,True,9,"N1,O8","188:O:2.14,187:O:2.20,116:O:2.20,104:O:2.21,12:O:2.25,24:O:2.27,185:N:2.29,16:O:2.81,108:O:2.86",2.864465948813789,2.141167666497118,False,ok
0d6f25660483,,58,Ce,3,CCN(C(=O)c1cccc(-c2cccc(C(=O)N(CC)c3ccc(C)cc3C)n2)n1)c1ccc(C)cc1C,"[4, 16, 28, 29]","[""O(amide_carbonyl)"", ""O(amide_carbonyl)"", ""N(aromatic)"", ""N(aromatic)""]",4,9,2,nitrate,nitrate,1,/nfs/home/nshank3/lanthanide_dataset_builder/data/geometries/Ce/Ce_Z58_ox3_CN9_nlig2_nitrate_0d6f25660483.xyz,/nfs/home/nshank3/lanthanide_dataset_builder/data/geometries/Ce/Ce_Z58_ox3_CN9_nlig2_nitrate_0d6f25660483.mol2,,-5896.469805250725,ok,built (standard attempt 1),accepted,CCN(C(=O)c1cccc(-c2cccc(C(=O)N(CC)c3ccc(C)cc3C)n2)n1)c1ccc(C)cc1C,CCN(C(=O)c1cccc(-c2cccc(C(=O)N(CC)c3ccc(C)cc3C)n2)n1)c1ccc(C)cc1C,False,True,True,9,"N4,O5","5:O:2.32,89:O:2.38,77:O:2.43,17:O:2.54,145:O:2.58,30:N:2.59,101:N:2.60,102:N:2.62,29:N:2.63",2.6332701310370563,2.316960902951808,True,ok
703d7ea29cc6,,66,Dy,3,CCN(C(=O)c1cccc(-c2cccc(C(=O)N(CC)c3cc(C)cc(C)c3)n2)n1)c1cc(C)cc(C)c1,"[4, 16, 28, 29]","[""O(amide_carbonyl)"", ""O(amide_carbonyl)"", ""N(aromatic)"", ""N(aromatic)""]",4,8,2,nitrate,nitrate,0,/nfs/home/nshank3/lanthanide_dataset_builder/data/geometries/Dy/Dy_Z66_ox3_CN8_nlig2_nitrate_703d7ea29cc6.xyz,/nfs/home/nshank3/lanthanide_dataset_builder/data/geometries/Dy/Dy_Z66_ox3_CN8_nlig2_nitrate_703d7ea29cc6.mol2,,-5756.448235614462,ok,built (standard attempt 1),accepted,CCN(C(=O)c1cccc(-c2cccc(C(=O)N(CC)c3cc(C)cc(C)c3)n2)n1)c1cc(C)cc(C)c1,CCN(C(=O)c1cccc(-c2cccc(C(=O)N(CC)c3cc(C)cc(C)c3)n2)n1)c1cc(C)cc(C)c1,False,True,True,8,"N4,O4","5:O:2.13,17:O:2.25,89:O:2.25,101:N:2.38,77:O:2.39,30:N:2.40,29:N:2.44,102:N:2.53",2.5317621811818714,2.133003015619635,True,ok
eeb5530e9484,,68,Er,3,CCN(C(=O)c1cccc(-c2cccc(C(=O)N(CC)c3ccccc3)n2)n1)c1ccccc1,"[4, 16, 26, 27]","[""O(amide_carbonyl)"", ""O(amide_carbonyl)"", ""N(aromatic)"", ""N(aromatic)""]",4,8,2,nitrate,nitrate,0,/nfs/home/nshank3/lanthanide_dataset_builder/data/geometries/Er/Er_Z68_ox3_CN8_nlig2_nitrate_eeb5530e9484.xyz,/nfs/home/nshank3/lanthanide_dataset_builder/data/geometries/Er/Er_Z68_ox3_CN8_nlig2_nitrate_eeb5530e9484.mol2,,-5064.182978673744,ok,built (standard attempt 1),accepted,CCN(C(=O)c1cccc(-c2cccc(C(=O)N(CC)c3ccccc3)n2)n1)c1ccccc1,CCN(C(=O)c1cccc(-c2cccc(C(=O)N(CC)c3ccccc3)n2)n1)c1ccccc1,False,True,True,8,"N4,O4","77:O:2.22,17:O:2.25,87:N:2.38,27:N:2.38,5:O:2.38,65:O:2.39,28:N:2.46,88:N:2.48",2.482832915600837,2.2189538466721364,True,ok
96205c46099b,,68,Er,3,CCCCCCCCN(C(=O)c1ccc2ccc3cccnc3c2n1)c1ccc(C)cc1,"[10, 21, 24]","[""O(amide_carbonyl)"", ""N(aromatic)"", ""N(aromatic)""]",3,8,2,nitrate,nitrate,2,/nfs/home/nshank3/lanthanide_dataset_builder/data/geometries/Er/Er_Z68_ox3_CN8_nlig2_nitrate_96205c46099b.xyz,/nfs/home/nshank3/lanthanide_dataset_builder/data/geometries/Er/Er_Z68_ox3_CN8_nlig2_nitrate_96205c46099b.mol2,,-5246.402219984478,ok,built (standard attempt 1),accepted,CCCCCCCCN(C(=O)c1ccc2ccc3cccnc3c2n1)c1ccc(C)cc1,CCCCCCCCN(C(=O)c1ccc2ccc3cccnc3c2n1)c1ccc(C)cc1,False,True,True,9,"N5,O4","130:O:2.07,129:O:2.10,74:O:2.14,127:N:2.43,22:N:2.51,25:N:2.62,11:O:2.67,88:N:2.72,85:N:3.01",3.005430250610384,2.0726005821864057,False,ok
4143c21a233c,,66,Dy,3,CCCCN(CCCC)C(=O)CCC(=O)N(CCCC)CCCC,"[10, 14]","[""O(amide_carbonyl)"", ""O(amide_carbonyl)""]",2,8,4,nitrate,nitrate,0,/nfs/home/nshank3/lanthanide_dataset_builder/data/geometries/Dy/Dy_Z66_ox3_CN8_nlig4_nitrate_4143c21a233c.xyz,/nfs/home/nshank3/lanthanide_dataset_builder/data/geometries/Dy/Dy_Z66_ox3_CN8_nlig4_nitrate_4143c21a233c.mol2,,-8413.152575545113,ok,built (standard attempt 1),accepted,CCCCN(CCCC)C(=O)CCC(=O)N(CCCC)CCCC,CCCCN(CCCC)C(=O)CCC(=O)N(CCCC)CCCC,False,True,True,6,O6,"143:O:2.16,203:O:2.22,15:O:2.23,139:O:2.32,11:O:2.51,75:O:2.55",2.5467328873176514,2.1638263377545157,False,ok
c9e789434032,,71,Lu,3,CCCCN(CCCC)C(=O)c1ccc2ccc3ccc(C(=O)N(CCCC)CCCC)nc3c2n1,"[10, 22, 32, 35]","[""O(amide_carbonyl)"", ""O(amide_carbonyl)"", ""N(aromatic)"", ""N(aromatic)""]",4,8,2,nitrate,nitrate,0,/nfs/home/nshank3/lanthanide_dataset_builder/data/geometries/Lu/Lu_Z71_ox3_CN8_nlig2_nitrate_c9e789434032.xyz,/nfs/home/nshank3/lanthanide_dataset_builder/data/geometries/Lu/Lu_Z71_ox3_CN8_nlig2_nitrate_c9e789434032.mol2,,-5745.080699165716,ok,built (standard attempt 1),accepted,CCCCN(CCCC)C(=O)c1ccc2ccc3ccc(C(=O)N(CCCC)CCCC)nc3c2n1,CCCCN(CCCC)C(=O)c1ccc2ccc3ccc(C(=O)N(CCCC)CCCC)nc3c2n1,False,True,True,8,"N4,O4","23:O:2.13,11:O:2.15,89:O:2.16,101:O:2.18,33:N:2.21,36:N:2.22,114:N:2.22,111:N:2.22",2.222946884349493,2.130836923549531,True,ok
960096c39e15,,59,Pr,3,CCCCN(CCCC)C(=O)c1ccc2ccc3ccc(C(=O)N(CCCC)CCCC)nc3c2n1,"[10, 22, 32, 35]","[""O(amide_carbonyl)"", ""O(amide_carbonyl)"", ""N(aromatic)"", ""N(aromatic)""]",4,9,2,nitrate,nitrate,1,/nfs/home/nshank3/lanthanide_dataset_builder/data/geometries/Pr/Pr_Z59_ox3_CN9_nlig2_nitrate_960096c39e15.xyz,/nfs/home/nshank3/lanthanide_dataset_builder/data/geometries/Pr/Pr_Z59_ox3_CN9_nlig2_nitrate_960096c39e15.mol2,,-5886.142583041144,ok,built (standard attempt 1),accepted,CCCCN(CCCC)C(=O)c1ccc2ccc3ccc(C(=O)N(CCCC)CCCC)nc3c2n1,CCCCN(CCCC)C(=O)c1ccc2ccc3ccc(C(=O)N(CCCC)CCCC)nc3c2n1,False,True,True,9,"N4,O5","11:O:2.25,36:N:2.42,89:O:2.43,23:O:2.44,114:N:2.46,101:O:2.50,111:N:2.55,33:N:2.55,157:O:2.75",2.7492007206967486,2.252021233749054,True,ok
797b56c554e7,,64,Gd,3,O=C(O)CN(CCO)CCN(CC(=O)O)CC(=O)O,"[0, 2, 4, 7, 10, 13, 14, 17]","[""O(ester_carbonyl)"", ""O(hydroxyl)"", ""N(amine)"", ""O(hydroxyl)"", ""N(amine)"", ""O(ester_carbonyl)"", ""O(hydroxyl)"", ""O(ester_carbonyl)""]",8,9,1,nitrate,nitrate,1,/nfs/home/nshank3/lanthanide_dataset_builder/data/geometries/Gd/Gd_Z64_ox3_CN9_nlig1_nitrate_797b56c554e7.xyz,/nfs/home/nshank3/lanthanide_dataset_builder/data/geometries/Gd/Gd_Z64_ox3_CN9_nlig1_nitrate_797b56c554e7.mol2,,-1899.382707022305,ok,built (standard attempt 1),accepted,O=C(O)CN(CCO)CCN(CC(=O)O)CC(=O)O,O=C(O)CN(CCO)CCN(CC(=O)O)CC(=O)O,False,True,True,7,"N2,O5","18:O:2.20,14:O:2.21,1:O:2.23,8:O:2.33,38:O:2.37,5:N:2.53,11:N:2.75",2.7451180824583314,2.19506781698517,False,ok
ff03ca9ee573,,59,Pr,3,CCN(C(=O)c1cccc(C(=O)N(CC)c2ccc(C)cc2)n1)c1ccc(C)cc1,"[4, 11, 22]","[""O(amide_carbonyl)"", ""O(amide_carbonyl)"", ""N(aromatic)""]",3,9,3,nitrate,nitrate,0,/nfs/home/nshank3/lanthanide_dataset_builder/data/geometries/Pr/Pr_Z59_ox3_CN9_nlig3_nitrate_ff03ca9ee573.xyz,/nfs/home/nshank3/lanthanide_dataset_builder/data/geometries/Pr/Pr_Z59_ox3_CN9_nlig3_nitrate_ff03ca9ee573.mol2,,-6881.211030345929,ok,built (standard attempt 1),accepted,CCN(C(=O)c1cccc(C(=O)N(CC)c2ccc(C)cc2)n1)c1ccc(C)cc1,CCN(C(=O)c1cccc(C(=O)N(CC)c2ccc(C)cc2)n1)c1ccc(C)cc1,False,True,True,9,"N3,O6","69:O:2.19,62:O:2.23,126:O:2.25,5:O:2.26,119:O:2.27,12:O:2.29,80:N:2.57,23:N:2.60,137:N:2.61",2.6086327778540657,2.187024759830424,True,ok
afa62779e42c,,67,Ho,3,CCN(C(=O)c1cccc(C(=O)N(CC)c2ccccc2C)n1)c1ccccc1C,"[4, 11, 22]","[""O(amide_carbonyl)"", ""O(amide_carbonyl)"", ""N(aromatic)""]",3,8,2,nitrate,nitrate,2,/nfs/home/nshank3/lanthanide_dataset_builder/data/geometries/Ho/Ho_Z67_ox3_CN8_nlig2_nitrate_afa62779e42c.xyz,/nfs/home/nshank3/lanthanide_dataset_builder/data/geometries/Ho/Ho_Z67_ox3_CN8_nlig2_nitrate_afa62779e42c.mol2,,-5008.843751817145,ok,built (standard attempt 1),accepted,CCN(C(=O)c1cccc(C(=O)N(CC)c2ccccc2C)n1)c1ccccc1C,CCN(C(=O)c1cccc(C(=O)N(CC)c2ccccc2C)n1)c1ccccc1C,False,True,True,9,"N3,O6","117:O:2.10,118:O:2.14,62:O:2.17,12:O:2.22,69:O:2.33,80:N:2.38,5:O:2.38,23:N:2.40,115:N:2.47",2.467430804850364,2.10171092292149,False,ok
e0b3afb2d971,,57,La,3,CCCCCCc1ccc(N(CC)C(=O)c2cccc(-c3cccc(C(=O)N(CC)c4ccc(CCCCCC)cc4)n3)n2)cc1,"[14, 26, 42, 43]","[""O(amide_carbonyl)"", ""O(amide_carbonyl)"", ""N(aromatic)"", ""N(aromatic)""]",4,9,2,nitrate,nitrate,1,/nfs/home/nshank3/lanthanide_dataset_builder/data/geometries/La/La_Z57_ox3_CN9_nlig2_nitrate_e0b3afb2d971.xyz,/nfs/home/nshank3/lanthanide_dataset_builder/data/geometries/La/La_Z57_ox3_CN9_nlig2_nitrate_e0b3afb2d971.mol2,,-7274.751412383383,ok,built (standard attempt 1),accepted,CCCCCCc1ccc(N(CC)C(=O)c2cccc(-c3cccc(C(=O)N(CC)c4ccc(CCCCCC)cc4)n3)n2)cc1,CCCCCCc1ccc(N(CC)C(=O)c2cccc(-c3cccc(C(=O)N(CC)c4ccc(CCCCCC)cc4)n3)n2)cc1,False,True,True,9,"N4,O5","15:O:2.29,111:O:2.38,123:O:2.43,44:N:2.45,140:N:2.46,27:O:2.46,139:N:2.49,43:N:2.57,193:O:2.72",2.7225777921322747,2.2906721031037836,True,ok
9103a2256b97,,62,Sm,3,CCCCCCCCN(C)C(=O)COCC(=O)N(C)CCCCCCCC,"[11, 13, 16]","[""O(amide_carbonyl)"", ""O(ether)"", ""O(amide_carbonyl)""]",3,9,3,nitrate,nitrate,0,/nfs/home/nshank3/lanthanide_dataset_builder/data/geometries/Sm/Sm_Z62_ox3_CN9_nlig3_nitrate_9103a2256b97.xyz,/nfs/home/nshank3/lanthanide_dataset_builder/data/geometries/Sm/Sm_Z62_ox3_CN9_nlig3_nitrate_9103a2256b97.mol2,,-7157.17398052198,ok,built (standard attempt 1),accepted,CCCCCCCCN(C)C(=O)COCC(=O)N(C)CCCCCCCC,CCCCCCCCN(C)C(=O)COCC(=O)N(C)CCCCCCCC,False,True,True,9,O9,"88:O:2.26,154:O:2.42,159:O:2.59,85:O:2.62,17:O:2.74,12:O:2.77,156:O:2.81,83:O:2.92,14:O:3.02",3.0214729636488724,2.26205079611725,True,ok
72e74d3d47e2,,64,Gd,3,CCCCCCN(CCCCCC)C(=O)CC(=O)N(CCCCCC)CCCCCC,"[14, 17]","[""O(amide_carbonyl)"", ""O(amide_carbonyl)""]",2,9,4,nitrate,nitrate,1,/nfs/home/nshank3/lanthanide_dataset_builder/data/geometries/Gd/Gd_Z64_ox3_CN9_nlig4_nitrate_72e74d3d47e2.xyz,/nfs/home/nshank3/lanthanide_dataset_builder/data/geometries/Gd/Gd_Z64_ox3_CN9_nlig4_nitrate_72e74d3d47e2.mol2,,-10963.778692847349,ok,built (standard attempt 1),accepted,CCCCCCN(CCCCCC)C(=O)CC(=O)N(CCCCCC)CCCCCC,CCCCCCN(CCCCCC)C(=O)CC(=O)N(CCCCCC)CCCCCC,False,True,True,9,O9,"188:O:2.28,185:O:2.36,270:O:2.38,273:O:2.40,100:O:2.43,15:O:2.55,18:O:2.57,103:O:2.67,341:O:2.78",2.776213217026761,2.2757644054523194,True,ok
aa36ff9b1588,,64,Gd,3,CCCCCCCCN(CCCCCCCC)C(=O)CC(=O)N(CCCCCCCC)CCCCCCCC,"[18, 21]","[""O(amide_carbonyl)"", ""O(amide_carbonyl)""]",2,9,4,nitrate,nitrate,1,/nfs/home/nshank3/lanthanide_dataset_builder/data/geometries/Gd/Gd_Z64_ox3_CN9_nlig4_nitrate_aa36ff9b1588.xyz,/nfs/home/nshank3/lanthanide_dataset_builder/data/geometries/Gd/Gd_Z64_ox3_CN9_nlig4_nitrate_aa36ff9b1588.mol2,,-13718.616119109549,ok,built (standard attempt 1),accepted,CCCCCCCCN(CCCCCCCC)C(=O)CC(=O)N(CCCCCCCC)CCCCCCCC,CCCCCCCCN(CCCCCCCC)C(=O)CC(=O)N(CCCCCCCC)CCCCCCCC,False,True,True,9,O9,"240:O:2.34,22:O:2.35,128:O:2.36,237:O:2.39,131:O:2.40,349:O:2.52,346:O:2.56,19:O:2.67,437:O:2.70",2.69550956173032,2.338544296818062,True,ok
57d7c9a51075,,57,La,3,CCCCN(CCCC)C(=O)CC(=O)N(CCCC)CCCC,"[10, 13]","[""O(amide_carbonyl)"", ""O(amide_carbonyl)""]",2,9,4,nitrate,nitrate,1,/nfs/home/nshank3/lanthanide_dataset_builder/data/geometries/La/La_Z57_ox3_CN9_nlig4_nitrate_57d7c9a51075.xyz,/nfs/home/nshank3/lanthanide_dataset_builder/data/geometries/La/La_Z57_ox3_CN9_nlig4_nitrate_57d7c9a51075.mol2,,-8212.783655371471,ok,built (standard attempt 1),accepted,CCCCN(CCCC)C(=O)CC(=O)N(CCCC)CCCC,CCCCN(CCCC)C(=O)CC(=O)N(CCCC)CCCC,False,True,True,9,O9,"194:O:2.42,197:O:2.48,72:O:2.51,245:O:2.53,136:O:2.55,11:O:2.58,133:O:2.60,75:O:2.62,14:O:2.69",2.6909362713054685,2.422962127215325,True,ok
9b8d81f13c2b,,65,Tb,3,CCCCCCCCN(C)C(=O)CC(=O)N(C)CCCCCCCC,"[11, 14]","[""O(amide_carbonyl)"", ""O(amide_carbonyl)""]",2,8,4,nitrate,nitrate,0,/nfs/home/nshank3/lanthanide_dataset_builder/data/geometries/Tb/Tb_Z65_ox3_CN8_nlig4_nitrate_9b8d81f13c2b.xyz,/nfs/home/nshank3/lanthanide_dataset_builder/data/geometries/Tb/Tb_Z65_ox3_CN8_nlig4_nitrate_9b8d81f13c2b.mol2,,-8759.42093896348,ok,built (standard attempt 1),accepted,CCCCCCCCN(C)C(=O)CC(=O)N(C)CCCCCCCC,CCCCCCCCN(C)C(=O)CC(=O)N(C)CCCCCCCC,False,True,True,8,O8,"79:O:2.21,216:O:2.27,146:O:2.27,149:O:2.28,213:O:2.31,12:O:2.32,15:O:2.51,82:O:2.56",2.5598702006476017,2.2097432983043324,True,ok
806c58d6243c,,60,Nd,3,CC1(C)CCC(C)(C)c2nc(-c3cccc(-c4cccc(-c5nnc6c(n5)C(C)(C)CCC6(C)C)n4)n3)nnc21,"[9, 22, 23, 26, 35, 36, 37, 38]","[""N(aromatic)"", ""N(aromatic)"", ""N(aromatic)"", ""N(aromatic)"", ""N(aromatic)"", ""N(aromatic)"", ""N(aromatic)"", ""N(aromatic)""]",8,9,1,nitrate,nitrate,1,/nfs/home/nshank3/lanthanide_dataset_builder/data/geometries/Nd/Nd_Z60_ox3_CN9_nlig1_nitrate_806c58d6243c.xyz,/nfs/home/nshank3/lanthanide_dataset_builder/data/geometries/Nd/Nd_Z60_ox3_CN9_nlig1_nitrate_806c58d6243c.mol2,,-3162.707704876403,ok,built (standard attempt 1),accepted,CC1(C)CCC(C)(C)c2nc(-c3cccc(-c4cccc(-c5nnc6c(n5)C(C)(C)CCC6(C)C)n4)n3)nnc21,CC1(C)CCC(C)(C)c2nc(-c3cccc(-c4cccc(-c5nnc6c(n5)C(C)(C)CCC6(C)C)n4)n3)nnc21,False,True,True,6,"N5,O1","38:N:2.37,24:N:2.38,23:N:2.48,79:O:2.55,37:N:2.56,36:N:2.56",2.5609482369526306,2.3714969405401294,False,ok
1d2f8dd1ad95,,68,Er,3,CCCCN(CCCC)C(=O)c1ccccc1C(=O)O,"[10, 18, 19]","[""O(amide_carbonyl)"", ""O(ester_carbonyl)"", ""O(hydroxyl)""]",3,8,2,nitrate,nitrate,2,/nfs/home/nshank3/lanthanide_dataset_builder/data/geometries/Er/Er_Z68_ox3_CN8_nlig2_nitrate_1d2f8dd1ad95.xyz,/nfs/home/nshank3/lanthanide_dataset_builder/data/geometries/Er/Er_Z68_ox3_CN8_nlig2_nitrate_1d2f8dd1ad95.mol2,,-3748.599602364124,ok,built (standard attempt 1),accepted,CCCCN(CCCC)C(=O)c1ccccc1C(=O)O,CCCCN(CCCC)C(=O)c1ccccc1C(=O)O,False,True,True,9,"N1,O8","90:O:2.07,89:O:2.09,62:O:2.14,19:O:2.19,54:O:2.32,11:O:2.33,87:N:2.46,63:O:2.81,20:O:2.86",2.8568387017095875,2.070416169117546,False,ok
2bc0b61a513a,,65,Tb,3,CCCCCCN(CCC(C)CCC=C(C)C)C(=O)COCC(=O)N(CCCCCC)CCC(C)CCC=C(C)C,"[18, 20, 23]","[""O(amide_carbonyl)"", ""O(ether)"", ""O(amide_carbonyl)""]",3,8,2,water,water,2,/nfs/home/nshank3/lanthanide_dataset_builder/data/geometries/Tb/Tb_Z65_ox3_CN8_nlig2_water_2bc0b61a513a.xyz,/nfs/home/nshank3/lanthanide_dataset_builder/data/geometries/Tb/Tb_Z65_ox3_CN8_nlig2_water_2bc0b61a513a.mol2,,-7343.505267728568,ok,built (standard attempt 1),accepted,CCCCCCN(CCC(C)CCC=C(C)C)C(=O)COCC(=O)N(CCCCCC)CCC(C)CCC=C(C)C,CCCCCCN(CCC(C)CCC=C(C)C)C(=O)COCC(=O)N(CCCCCC)CCC(C)CCC=C(C)C,False,True,True,8,O8,"19:O:2.13,133:O:2.15,24:O:2.41,219:O:2.43,128:O:2.54,222:O:2.75,21:O:2.81,130:O:2.83",2.8296375757058767,2.125968913077458,True,ok
6cce4e8db490,,71,Lu,3,CCCCCCN(CCC(C)CCCC(C)C)C(=O)COCC(=O)N(CCCCCC)CCC(C)CCCC(C)C,"[18, 20, 23]","[""O(amide_carbonyl)"", ""O(ether)"", ""O(amide_carbonyl)""]",3,8,2,water,water,2,/nfs/home/nshank3/lanthanide_dataset_builder/data/geometries/Lu/Lu_Z71_ox3_CN8_nlig2_water_6cce4e8db490.xyz,/nfs/home/nshank3/lanthanide_dataset_builder/data/geometries/Lu/Lu_Z71_ox3_CN8_nlig2_water_6cce4e8db490.mol2,,-7457.417396857755,ok,built (standard attempt 1),accepted,CCCCCCN(CCC(C)CCCC(C)C)C(=O)COCC(=O)N(CCCCCC)CCC(C)CCCC(C)C,CCCCCCN(CCC(C)CCCC(C)C)C(=O)COCC(=O)N(CCCCCC)CCC(C)CCCC(C)C,False,True,True,8,O8,"132:O:2.18,19:O:2.18,24:O:2.20,137:O:2.33,21:O:2.44,227:O:2.51,134:O:2.54,230:O:2.64",2.6410115466065918,2.1774536356703798,True,ok
e95ac61548eb,,69,Tm,3,CCCCCCCCP(=O)(CCCCCCCC)Cc1cccc(CP(=O)(CCCCCCCC)CCCCCCCC)[n+]1[O-],"[9, 26, 44]","[""O(ether)"", ""O(ether)"", ""O(ether)""]",3,8,2,nitrate,nitrate,2,/nfs/home/nshank3/lanthanide_dataset_builder/data/geometries/Tm/Tm_Z69_ox3_CN8_nlig2_nitrate_e95ac61548eb.xyz,/nfs/home/nshank3/lanthanide_dataset_builder/data/geometries/Tm/Tm_Z69_ox3_CN8_nlig2_nitrate_e95ac61548eb.mol2,,-8155.529098407885,ok,built (standard attempt 1),accepted,CCCCCCCCP(=O)(CCCCCCCC)Cc1cccc(CP(=O)(CCCCCCCC)CCCCCCCC)[n+]1[O-],CCCCCCCCP(=O)(CCCCCCCC)Cc1cccc(CP(=O)(CCCCCCCC)CCCCCCCC)[n+]1[O-],False,True,True,9,"N1,O8","243:O:2.10,147:O:2.16,244:O:2.18,10:O:2.32,130:O:2.44,241:N:2.45,45:O:2.53,27:O:2.58,165:O:2.73",2.7315419281316684,2.1004408188181145,False,ok
816b93f5201d,,63,Eu,3,O=P(c1ccccc1)(c1ccccc1)c1ccc2ccc3ccc(P(=O)(c4ccccc4)c4ccccc4)nc3c2n1,"[0, 25, 38, 41]","[""O(ether)"", ""O(ether)"", ""N(aromatic)"", ""N(aromatic)""]",4,9,2,nitrate,nitrate,1,/nfs/home/nshank3/lanthanide_dataset_builder/data/geometries/Eu/Eu_Z63_ox3_CN9_nlig2_nitrate_816b93f5201d.xyz,/nfs/home/nshank3/lanthanide_dataset_builder/data/geometries/Eu/Eu_Z63_ox3_CN9_nlig2_nitrate_816b93f5201d.mol2,,-6098.037586666822,ok,built (standard attempt 1),accepted,O=P(c1ccccc1)(c1ccccc1)c1ccc2ccc3ccc(P(=O)(c4ccccc4)c4ccccc4)nc3c2n1,O=P(c1ccccc1)(c1ccccc1)c1ccc2ccc3ccc(P(=O)(c4ccccc4)c4ccccc4)nc3c2n1,False,True,True,9,"N4,O5","94:O:2.29,69:O:2.30,26:O:2.46,1:O:2.47,42:N:2.50,110:N:2.53,107:N:2.53,39:N:2.66,137:O:2.82",2.8167677033088547,2.2940915224477547,True,ok
28d4b8569192,,65,Tb,3,CCCCCCCCN(CCCCCCCC)C(=O)COCC(=O)N(CCCCCCCC)CCCCCCCC,"[18, 20, 23]","[""O(amide_carbonyl)"", ""O(ether)"", ""O(amide_carbonyl)""]",3,8,2,nitrate,nitrate,2,/nfs/home/nshank3/lanthanide_dataset_builder/data/geometries/Tb/Tb_Z65_ox3_CN8_nlig2_nitrate_28d4b8569192.xyz,/nfs/home/nshank3/lanthanide_dataset_builder/data/geometries/Tb/Tb_Z65_ox3_CN8_nlig2_nitrate_28d4b8569192.mol2,,-7605.475321596959,ok,built (standard attempt 1),accepted,CCCCCCCCN(CCCCCCCC)C(=O)COCC(=O)N(CCCCCCCC)CCCCCCCC,CCCCCCCCN(CCCCCCCC)C(=O)COCC(=O)N(CCCCCCCC)CCCCCCCC,False,True,True,9,"N1,O8","230:O:2.07,229:O:2.13,137:O:2.20,24:O:2.26,19:O:2.26,132:O:2.35,227:N:2.44,21:O:2.44,134:O:2.57",2.574925790681549,2.0650762633144812,False,ok
37b6322ee57d,,64,Gd,3,CCCCCCCCCCN(CCCCCCCCCC)C(=O)C(C)OC(C)C(=O)N(CCCCCCCCCC)CCCCCCCCCC,"[22, 25, 29]","[""O(amide_carbonyl)"", ""O(ether)"", ""O(amide_carbonyl)""]",3,9,3,nitrate,nitrate,0,/nfs/home/nshank3/lanthanide_dataset_builder/data/geometries/Gd/Gd_Z64_ox3_CN9_nlig3_nitrate_37b6322ee57d.xyz,/nfs/home/nshank3/lanthanide_dataset_builder/data/geometries/Gd/Gd_Z64_ox3_CN9_nlig3_nitrate_37b6322ee57d.mol2,,-13356.190584025138,ok,built (standard attempt 1),accepted,CCCCCCCCCCN(CCCCCCCCCC)C(=O)C(C)OC(C)C(=O)N(CCCCCCCCCC)CCCCCCCCCC,CCCCCCCCCCN(CCCCCCCCCC)C(=O)C(C)OC(C)C(=O)N(CCCCCCCCCC)CCCCCCCCCC,False,True,True,9,O9,"166:O:2.11,309:O:2.14,173:O:2.40,23:O:2.44,169:O:2.44,30:O:2.54,312:O:2.66,316:O:2.68,26:O:2.93",2.9256555641246345,2.109889214527574,True,ok
8c73fec5405e,,59,Pr,3,CCCCCCCCCCN(CCCCCCCCCC)C(=O)COCC(=O)N(CCCCCC)CCCCCC,"[22, 24, 27]","[""O(amide_carbonyl)"", ""O(ether)"", ""O(amide_carbonyl)""]",3,9,3,nitrate,nitrate,0,/nfs/home/nshank3/lanthanide_dataset_builder/data/geometries/Pr/Pr_Z59_ox3_CN9_nlig3_nitrate_8c73fec5405e.xyz,/nfs/home/nshank3/lanthanide_dataset_builder/data/geometries/Pr/Pr_Z59_ox3_CN9_nlig3_nitrate_8c73fec5405e.mol2,,-10774.831978945742,ok,built (standard attempt 2),accepted,CCCCCCCCCCN(CCCCCCCCCC)C(=O)COCC(=O)N(CCCCCC)CCCCCC,CCCCCCCCCCN(CCCCCCCCCC)C(=O)COCC(=O)N(CCCCCC)CCCCCC,False,True,True,9,O9,"136:O:2.17,249:O:2.24,23:O:2.37,28:O:2.42,254:O:2.66,141:O:2.66,251:O:2.71,25:O:2.74,138:O:2.92",2.924709851195321,2.17085615709022,True,ok
11243c52d348,,59,Pr,3,CCN(CC)C(=O)COCC(=O)N(CC)CC,"[6, 8, 11]","[""O(amide_carbonyl)"", ""O(ether)"", ""O(amide_carbonyl)""]",3,9,3,nitrate,nitrate,0,/nfs/home/nshank3/lanthanide_dataset_builder/data/geometries/Pr/Pr_Z59_ox3_CN9_nlig3_nitrate_11243c52d348.xyz,/nfs/home/nshank3/lanthanide_dataset_builder/data/geometries/Pr/Pr_Z59_ox3_CN9_nlig3_nitrate_11243c52d348.mol2,,-4576.657785555396,ok,built (standard attempt 1),accepted,CCN(CC)C(=O)COCC(=O)N(CC)CC,CCN(CC)C(=O)COCC(=O)N(CC)CC,False,True,True,9,O9,"94:O:2.16,7:O:2.29,89:O:2.31,12:O:2.33,53:O:2.36,91:O:2.37,9:O:2.44,48:O:2.49,50:O:2.60",2.5969539973735807,2.157550830113879,True,ok
09167c1368f2,,63,Eu,3,CCCCCCCCN(CCCCCCCC)C(=O)C(C)OC(C(=O)N(CCCCCCCC)CCCCCCCC)c1ccccc1,"[18, 21, 24]","[""O(amide_carbonyl)"", ""O(ether)"", ""O(amide_carbonyl)""]",3,9,3,water,water,0,/nfs/home/nshank3/lanthanide_dataset_builder/data/geometries/Eu/Eu_Z63_ox3_CN9_nlig3_water_09167c1368f2.xyz,/nfs/home/nshank3/lanthanide_dataset_builder/data/geometries/Eu/Eu_Z63_ox3_CN9_nlig3_water_09167c1368f2.mol2,,-12247.579725334985,ok,built (standard attempt 1),accepted,CCCCCCCCN(CCCCCCCC)C(=O)C(C)OC(C(=O)N(CCCCCCCC)CCCCCCCC)c1ccccc1,CCCCCCCCN(CCCCCCCC)C(=O)C(C)OC(C(=O)N(CCCCCCCC)CCCCCCCC)c1ccccc1,False,True,True,9,O9,"145:O:2.07,277:O:2.20,151:O:2.39,25:O:2.59,148:O:2.62,271:O:2.65,19:O:2.74,274:O:2.78,22:O:2.82",2.8191174237903547,2.0738242939629603,True,ok
16686414c510,,65,Tb,3,CCCCCCCCN(CCCCCCCC)C(=O)COCC(=O)N(CCCCCCCC)CCCCCCCC,"[18, 20, 23]","[""O(amide_carbonyl)"", ""O(ether)"", ""O(amide_carbonyl)""]",3,8,2,water,water,2,/nfs/home/nshank3/lanthanide_dataset_builder/data/geometries/Tb/Tb_Z65_ox3_CN8_nlig2_water_16686414c510.xyz,/nfs/home/nshank3/lanthanide_dataset_builder/data/geometries/Tb/Tb_Z65_ox3_CN8_nlig2_water_16686414c510.mol2,,-7457.548211543579,ok,built (standard attempt 1),accepted,CCCCCCCCN(CCCCCCCC)C(=O)COCC(=O)N(CCCCCCCC)CCCCCCCC,CCCCCCCCN(CCCCCCCC)C(=O)COCC(=O)N(CCCCCCCC)CCCCCCCC,False,True,True,8,O8,"24:O:2.15,132:O:2.26,137:O:2.27,19:O:2.29,21:O:2.36,134:O:2.38,227:O:2.62,230:O:2.68",2.683156607570365,2.1493577916729736,True,ok
12c512965f48,,58,Ce,3,CCCCCCCCN(CCCCCCCC)C(=O)COCCOCC(=O)N(CCCCCCCC)CCCCCCCC,"[18, 20, 23, 26]","[""O(amide_carbonyl)"", ""O(ether)"", ""O(ether)"", ""O(amide_carbonyl)""]",4,9,2,nitrate,nitrate,1,/nfs/home/nshank3/lanthanide_dataset_builder/data/geometries/Ce/Ce_Z58_ox3_CN9_nlig2_nitrate_12c512965f48.xyz,/nfs/home/nshank3/lanthanide_dataset_builder/data/geometries/Ce/Ce_Z58_ox3_CN9_nlig2_nitrate_12c512965f48.mol2,,-7887.220612492543,ok,built (standard attempt 1),accepted,CCCCCCCCN(CCCCCCCC)C(=O)COCCOCC(=O)N(CCCCCCCC)CCCCCCCC,CCCCCCCCN(CCCCCCCC)C(=O)COCCOCC(=O)N(CCCCCCCC)CCCCCCCC,False,True,True,9,O9,"27:O:2.26,19:O:2.34,139:O:2.39,147:O:2.48,141:O:2.58,24:O:2.58,144:O:2.61,241:O:2.69,21:O:2.69",2.694087287752505,2.2572483187223775,True,ok
1e92df557489,,67,Ho,3,CCCCCCCCN(CCCCCCCC)C(=O)[C@H](CCC)O[C@H](CCC)C(=O)N(CCCCCCCC)CCCCCCCC,"[18, 23, 29]","[""O(amide_carbonyl)"", ""O(ether)"", ""O(amide_carbonyl)""]",3,8,2,nitrate,nitrate,2,/nfs/home/nshank3/lanthanide_dataset_builder/data/geometries/Ho/Ho_Z67_ox3_CN8_nlig2_nitrate_1e92df557489.xyz,/nfs/home/nshank3/lanthanide_dataset_builder/data/geometries/Ho/Ho_Z67_ox3_CN8_nlig2_nitrate_1e92df557489.mol2,,-8638.017415508179,ok,built (standard attempt 1),accepted,CCCCCCCCN(CCCCCCCC)C(=O)[C@H](CCC)O[C@H](CCC)C(=O)N(CCCCCCCC)CCCCCCCC,CCCCCCCCN(CCCCCCCC)C(=O)[C@H](CCC)O[C@H](CCC)C(=O)N(CCCCCCCC)CCCCCCCC,False,True,True,9,"N1,O8","266:O:2.09,265:O:2.11,161:O:2.18,30:O:2.20,19:O:2.40,263:N:2.46,150:O:2.58,155:O:2.62,24:O:2.68",2.6816406179188377,2.089661897619859,False,ok
997308866060,,70,Yb,3,CCCCCCCCN(CCCCCCCC)C(=O)[C@H](C)O[C@@H](CC)C(=O)N(CCCCCCCC)CCCCCCCC,"[18, 21, 26]","[""O(amide_carbonyl)"", ""O(ether)"", ""O(amide_carbonyl)""]",3,8,2,nitrate,nitrate,2,/nfs/home/nshank3/lanthanide_dataset_builder/data/geometries/Yb/Yb_Z70_ox3_CN8_nlig2_nitrate_997308866060.xyz,/nfs/home/nshank3/lanthanide_dataset_builder/data/geometries/Yb/Yb_Z70_ox3_CN8_nlig2_nitrate_997308866060.mol2,,-8121.392737809387,ok,built (standard attempt 1),accepted,CCCCCCCCN(CCCCCCCC)C(=O)[C@H](C)O[C@@H](CC)C(=O)N(CCCCCCCC)CCCCCCCC,CCCCCCCCN(CCCCCCCC)C(=O)[C@H](C)O[C@@H](CC)C(=O)N(CCCCCCCC)CCCCCCCC,False,True,True,9,"N1,O8","247:O:2.08,248:O:2.10,19:O:2.18,149:O:2.19,141:O:2.31,27:O:2.33,245:N:2.44,22:O:2.48,144:O:2.52",2.518308201174334,2.080517154657311,False,ok
2b57b13ee8a3,,63,Eu,3,CC12CCC(c3nnc(-c4cccc(-c5nnc6c(n5)C5(C)CCC6C5(C)C)n4)nc31)C2(C)C,"[6, 7, 15, 16, 19, 28, 29]","[""N(aromatic)"", ""N(aromatic)"", ""N(aromatic)"", ""N(aromatic)"", ""N(aromatic)"", ""N(aromatic)"", ""N(aromatic)""]",7,9,1,nitrate,nitrate,2,/nfs/home/nshank3/lanthanide_dataset_builder/data/geometries/Eu/Eu_Z63_ox3_CN9_nlig1_nitrate_2b57b13ee8a3.xyz,/nfs/home/nshank3/lanthanide_dataset_builder/data/geometries/Eu/Eu_Z63_ox3_CN9_nlig1_nitrate_2b57b13ee8a3.mol2,,-2977.6351416496886,ok,built (standard attempt 1),accepted,CC12CCC(c3nnc(-c4cccc(-c5nnc6c(n5)C5(C)CCC6C5(C)C)n4)nc31)C2(C)C,CC12CCC(c3nnc(-c4cccc(-c5nnc6c(n5)C5(C)CCC6C5(C)C)n4)nc31)C2(C)C,False,True,True,9,"N7,O2","68:O:2.06,69:O:2.07,8:N:2.34,29:N:2.43,66:N:2.44,20:N:2.88,17:N:2.91,7:N:2.99,16:N:3.06",3.064530027472612,2.0609138457727587,True,ok
a000d0fe0bcb,,59,Pr,3,CC12CCC(c3nnc(-c4cccc(-c5nnc6c(n5)C5(C)CCC6C5(C)C)n4)nc31)C2(C)C,"[6, 7, 15, 16, 19, 28, 29]","[""N(aromatic)"", ""N(aromatic)"", ""N(aromatic)"", ""N(aromatic)"", ""N(aromatic)"", ""N(aromatic)"", ""N(aromatic)""]",7,9,1,nitrate,nitrate,2,/nfs/home/nshank3/lanthanide_dataset_builder/data/geometries/Pr/Pr_Z59_ox3_CN9_nlig1_nitrate_a000d0fe0bcb.xyz,/nfs/home/nshank3/lanthanide_dataset_builder/data/geometries/Pr/Pr_Z59_ox3_CN9_nlig1_nitrate_a000d0fe0bcb.mol2,,-2979.18397557183,ok,built (standard attempt 1),accepted,CC12CCC(c3nnc(-c4cccc(-c5nnc6c(n5)C5(C)CCC6C5(C)C)n4)nc31)C2(C)C,CC12CCC(c3nnc(-c4cccc(-c5nnc6c(n5)C5(C)CCC6C5(C)C)n4)nc31)C2(C)C,False,True,True,8,"N6,O2","68:O:2.06,69:O:2.07,29:N:2.43,66:N:2.44,16:N:2.44,8:N:2.46,7:N:2.69,17:N:3.20",3.196712100852,2.0627153058401233,False,ok
8f13cdeb94ed,,62,Sm,3,O=C(c1cc(Cl)c2ccc3c(Cl)cc(C(=O)N4CCCC4)nc3c2n1)N1CCCC1,"[0, 15, 21, 24]","[""O(amide_carbonyl)"", ""O(amide_carbonyl)"", ""N(aromatic)"", ""N(aromatic)""]",4,9,2,nitrate,nitrate,1,/nfs/home/nshank3/lanthanide_dataset_builder/data/geometries/Sm/Sm_Z62_ox3_CN9_nlig2_nitrate_8f13cdeb94ed.xyz,/nfs/home/nshank3/lanthanide_dataset_builder/data/geometries/Sm/Sm_Z62_ox3_CN9_nlig2_nitrate_8f13cdeb94ed.mol2,,-4839.13400979716,ok,built (standard attempt 1),accepted,O=C(c1cc(Cl)c2ccc3c(Cl)cc(C(=O)N4CCCC4)nc3c2n1)N1CCCC1,O=C(c1cc(Cl)c2ccc3c(Cl)cc(C(=O)N4CCCC4)nc3c2n1)N1CCCC1,False,True,True,9,"N4,O5","1:O:2.30,66:O:2.32,16:O:2.37,51:O:2.37,25:N:2.41,75:N:2.43,72:N:2.44,22:N:2.46,101:O:2.93",2.9331219307437135,2.2971273056938397,True,ok
9bcb2e957ab8,,57,La,3,CC(C)CCCC(C)CCCCN(C)C(=O)COCC(=O)N(C)CCCCC(C)CCCC(C)C,"[15, 17, 20]","[""O(amide_carbonyl)"", ""O(ether)"", ""O(amide_carbonyl)""]",3,9,3,water,water,0,/nfs/home/nshank3/lanthanide_dataset_builder/data/geometries/La/La_Z57_ox3_CN9_nlig3_water_9bcb2e957ab8.xyz,/nfs/home/nshank3/lanthanide_dataset_builder/data/geometries/La/La_Z57_ox3_CN9_nlig3_water_9bcb2e957ab8.mol2,,-9226.961230393215,ok,built (standard attempt 1),accepted,CC(C)CCCC(C)CCCCN(C)C(=O)COCC(=O)N(C)CCCCC(C)CCCC(C)C,CC(C)CCCC(C)CCCCN(C)C(=O)COCC(=O)N(C)CCCCC(C)CCCC(C)C,False,True,True,9,O9,"206:O:2.36,111:O:2.67,116:O:2.71,21:O:2.74,208:O:2.75,18:O:2.77,16:O:2.79,211:O:2.81,113:O:2.90",2.9033260730707653,2.361740624995708,True,ok
0dd26267bf56,,58,Ce,3,CN(C(=O)COCC(=O)N(C)c1ccccc1)c1ccccc1,"[3, 5, 8]","[""O(amide_carbonyl)"", ""O(ether)"", ""O(amide_carbonyl)""]",3,9,3,nitrate,nitrate,0,/nfs/home/nshank3/lanthanide_dataset_builder/data/geometries/Ce/Ce_Z58_ox3_CN9_nlig3_nitrate_0dd26267bf56.xyz,/nfs/home/nshank3/lanthanide_dataset_builder/data/geometries/Ce/Ce_Z58_ox3_CN9_nlig3_nitrate_0dd26267bf56.mol2,,-5455.528548716762,ok,built (standard attempt 1),accepted,CN(C(=O)COCC(=O)N(C)c1ccccc1)c1ccccc1,CN(C(=O)COCC(=O)N(C)c1ccccc1)c1ccccc1,False,True,True,9,O9,"90:O:2.15,4:O:2.32,95:O:2.32,9:O:2.42,92:O:2.43,52:O:2.52,47:O:2.52,6:O:2.55,49:O:2.63",2.6250279661828766,2.1488888546874856,True,ok
571ba3077142,,58,Ce,3,COCCN(CCOC)C(=O)COCC(=O)N(CCOC)CCOC,"[1, 7, 10, 12, 15, 19, 23]","[""O(ether)"", ""O(ether)"", ""O(amide_carbonyl)"", ""O(ether)"", ""O(amide_carbonyl)"", ""O(ether)"", ""O(ether)""]",7,9,1,water,water,2,/nfs/home/nshank3/lanthanide_dataset_builder/data/geometries/Ce/Ce_Z58_ox3_CN9_nlig1_water_571ba3077142.xyz,/nfs/home/nshank3/lanthanide_dataset_builder/data/geometries/Ce/Ce_Z58_ox3_CN9_nlig1_water_571ba3077142.mol2,,-2584.198088710573,ok,built (standard attempt 1),accepted,COCCN(CCOC)C(=O)COCC(=O)N(CCOC)CCOC,COCCN(CCOC)C(=O)COCC(=O)N(CCOC)CCOC,False,True,True,9,O9,"11:O:2.32,16:O:2.37,58:O:2.48,13:O:2.56,8:O:2.57,24:O:2.58,61:O:2.81,20:O:2.85,2:O:3.03",3.0332323300935804,2.3171753231857903,True,ok
6d3185d738e5,,63,Eu,3,CCCCCCCCN(CCCCCCCC)C(=O)[C@H](C)O[C@@H](C)C(=O)N(CCCCCCCC)CCCCCCCC,"[18, 21, 25]","[""O(amide_carbonyl)"", ""O(ether)"", ""O(amide_carbonyl)""]",3,9,3,nitrate,nitrate,0,/nfs/home/nshank3/lanthanide_dataset_builder/data/geometries/Eu/Eu_Z63_ox3_CN9_nlig3_nitrate_6d3185d738e5.xyz,/nfs/home/nshank3/lanthanide_dataset_builder/data/geometries/Eu/Eu_Z63_ox3_CN9_nlig3_nitrate_6d3185d738e5.mol2,,-11292.329097484024,ok,built (standard attempt 1),accepted,CCCCCCCCN(CCCCCCCC)C(=O)[C@H](C)O[C@@H](C)C(=O)N(CCCCCCCC)CCCCCCCC,CCCCCCCCN(CCCCCCCC)C(=O)[C@H](C)O[C@@H](C)C(=O)N(CCCCCCCC)CCCCCCCC,False,True,True,9,O9,"19:O:2.31,145:O:2.41,257:O:2.43,264:O:2.50,26:O:2.50,22:O:2.60,260:O:2.73,138:O:2.84,141:O:2.97",2.9718658453151248,2.3072770306172576,True,ok
03fbdef178b7,,60,Nd,3,CC(C)CCCCCP(=O)(CC(=O)N(CC(C)C)CC(C)C)c1ccccc1,"[9, 12]","[""O(ether)"", ""O(amide_carbonyl)""]",2,9,4,nitrate,nitrate,1,/nfs/home/nshank3/lanthanide_dataset_builder/data/geometries/Nd/Nd_Z60_ox3_CN9_nlig4_nitrate_03fbdef178b7.xyz,/nfs/home/nshank3/lanthanide_dataset_builder/data/geometries/Nd/Nd_Z60_ox3_CN9_nlig4_nitrate_03fbdef178b7.mol2,,-9557.50679663995,ok,built (standard attempt 1),accepted,CC(C)CCCCCP(=O)(CC(=O)N(CC(C)C)CC(C)C)c1ccccc1,CC(C)CCCCCP(=O)(CC(=O)N(CC(C)C)CC(C)C)c1ccccc1,False,True,True,9,O9,"220:O:2.37,150:O:2.41,10:O:2.49,281:O:2.49,223:O:2.54,153:O:2.59,80:O:2.60,13:O:2.76,83:O:2.88",2.8785846502628236,2.3702130454152206,True,ok
1373457e030d,,66,Dy,3,CCCCCCC(CCCC)CCCN(C)C(=O)COCC(=O)N(C)CCCC(CCCC)CCCCCC,"[17, 19, 22]","[""O(amide_carbonyl)"", ""O(ether)"", ""O(amide_carbonyl)""]",3,8,2,water,water,2,/nfs/home/nshank3/lanthanide_dataset_builder/data/geometries/Dy/Dy_Z66_ox3_CN8_nlig2_water_1373457e030d.xyz,/nfs/home/nshank3/lanthanide_dataset_builder/data/geometries/Dy/Dy_Z66_ox3_CN8_nlig2_water_1373457e030d.mol2,,-7112.0485445418,ok,built (standard attempt 1),accepted,CCCCCCC(CCCC)CCCN(C)C(=O)COCC(=O)N(C)CCCC(CCCC)CCCCCC,CCCCCCC(CCCC)CCCN(C)C(=O)COCC(=O)N(C)CCCC(CCCC)CCCCCC,False,True,True,8,O8,"18:O:2.23,23:O:2.26,125:O:2.34,130:O:2.41,215:O:2.44,127:O:2.47,218:O:2.63,20:O:2.83",2.831802689339657,2.227757625693494,True,ok
a44dd5015b38,,60,Nd,3,CCCCCCN(CCCCCC)C(=O)COCC(=O)N(CCCCCC)CCCCCC,"[14, 16, 19]","[""O(amide_carbonyl)"", ""O(ether)"", ""O(amide_carbonyl)""]",3,9,3,nitrate,nitrate,0,/nfs/home/nshank3/lanthanide_dataset_builder/data/geometries/Nd/Nd_Z60_ox3_CN9_nlig3_nitrate_a44dd5015b38.xyz,/nfs/home/nshank3/lanthanide_dataset_builder/data/geometries/Nd/Nd_Z60_ox3_CN9_nlig3_nitrate_a44dd5015b38.mol2,,-8709.58514045684,ok,built (standard attempt 1),accepted,CCCCCCN(CCCCCC)C(=O)COCC(=O)N(CCCCCC)CCCCCC,CCCCCCN(CCCCCC)C(=O)COCC(=O)N(CCCCCC)CCCCCC,False,True,True,9,O9,"20:O:2.28,109:O:2.31,104:O:2.35,198:O:2.35,193:O:2.39,106:O:2.40,195:O:2.47,15:O:2.52,17:O:2.55",2.554285761342928,2.279908868422683,True,ok
880c18c582c3,,68,Er,3,CCCCCCCCN(CC(CC)CCCC)C(=O)COCC(=O)N(CCCCCCCC)CC(CC)CCCC,"[18, 20, 23]","[""O(amide_carbonyl)"", ""O(ether)"", ""O(amide_carbonyl)""]",3,8,2,nitrate,nitrate,2,/nfs/home/nshank3/lanthanide_dataset_builder/data/geometries/Er/Er_Z68_ox3_CN8_nlig2_nitrate_880c18c582c3.xyz,/nfs/home/nshank3/lanthanide_dataset_builder/data/geometries/Er/Er_Z68_ox3_CN8_nlig2_nitrate_880c18c582c3.mol2,,-7605.8415373574735,ok,built (standard attempt 1),accepted,CCCCCCCCN(CC(CC)CCCC)C(=O)COCC(=O)N(CCCCCCCC)CC(CC)CCCC,CCCCCCCCN(CC(CC)CCCC)C(=O)COCC(=O)N(CCCCCCCC)CC(CC)CCCC,False,True,True,9,"N1,O8","230:O:2.08,229:O:2.11,24:O:2.13,132:O:2.17,19:O:2.19,137:O:2.26,227:N:2.32,21:O:2.46,134:O:2.51",2.5126906392965953,2.0813088428757136,False,ok
3dedc054e089,,62,Sm,3,O=C(COCC(=O)N1CCCCC1)N1CCCCC1,"[0, 3, 6]","[""O(amide_carbonyl)"", ""O(ether)"", ""O(amide_carbonyl)""]",3,9,3,water,water,0,/nfs/home/nshank3/lanthanide_dataset_builder/data/geometries/Sm/Sm_Z62_ox3_CN9_nlig3_water_3dedc054e089.xyz,/nfs/home/nshank3/lanthanide_dataset_builder/data/geometries/Sm/Sm_Z62_ox3_CN9_nlig3_water_3dedc054e089.mol2,,-4927.62269076551,ok,built (standard attempt 2),accepted,O=C(COCC(=O)N1CCCCC1)N1CCCCC1,O=C(COCC(=O)N1CCCCC1)N1CCCCC1,False,True,True,9,O9,"7:O:2.20,87:O:2.27,44:O:2.31,1:O:2.35,50:O:2.38,4:O:2.58,93:O:2.59,47:O:2.64,90:O:2.76",2.756332945960479,2.2034055787114615,True,ok
7c4a1221da48,,64,Gd,3,CCCCCCCCCCCCN(C)C(=O)C1CC(OC)CC(C(=O)N(C)CCCCCCCCCCCC)O1,"[15, 19, 24, 39]","[""O(amide_carbonyl)"", ""O(ether)"", ""O(amide_carbonyl)"", ""O(ether)""]",4,9,2,nitrate,nitrate,1,/nfs/home/nshank3/lanthanide_dataset_builder/data/geometries/Gd/Gd_Z64_ox3_CN9_nlig2_nitrate_7c4a1221da48.xyz,/nfs/home/nshank3/lanthanide_dataset_builder/data/geometries/Gd/Gd_Z64_ox3_CN9_nlig2_nitrate_7c4a1221da48.mol2,,-7142.423639464273,ok,built (standard attempt 1),accepted,CCCCCCCCCCCCN(C)C(=O)C1CC(OC)CC(C(=O)N(C)CCCCCCCCCCCC)O1,CCCCCCCCCCCCN(C)C(=O)C1CC(OC)CC(C(=O)N(C)CCCCCCCCCCCC)O1,False,True,True,9,O9,"16:O:2.21,122:O:2.27,131:O:2.43,20:O:2.46,25:O:2.55,213:O:2.58,146:O:2.67,40:O:2.73,126:O:2.75",2.753490487377986,2.214531141663659,True,ok
9a05c75e6ef1,,63,Eu,3,CC(C)(C)Cc1cc(-c2cccc(-c3cc(CC(C)(C)C)[nH]n3)n2)n[nH]1,"[21, 22, 23, 24, 25]","[""N(aromatic)"", ""N(aromatic)"", ""N(aromatic)"", ""N(aromatic)"", ""N(aromatic)""]",5,9,1,nitrate,nitrate,4,/nfs/home/nshank3/lanthanide_dataset_builder/data/geometries/Eu/Eu_Z63_ox3_CN9_nlig1_nitrate_9a05c75e6ef1.xyz,/nfs/home/nshank3/lanthanide_dataset_builder/data/geometries/Eu/Eu_Z63_ox3_CN9_nlig1_nitrate_9a05c75e6ef1.mol2,,-2867.312965651345,ok,built (standard attempt 1),accepted,CC(C)(C)Cc1cc(-c2cccc(-c3cc(CC(C)(C)C)[nH]n3)n2)n[nH]1,CC(C)(C)Cc1cc(-c2cccc(-c3cc(CC(C)(C)C)[nH]n3)n2)n[nH]1,False,True,True,8,"N4,O4","62:O:2.08,58:O:2.09,59:O:2.09,63:O:2.12,60:N:2.35,24:N:2.40,25:N:2.45,56:N:2.47",2.4667431284508425,2.075084922067067,False,ok
3721b0fce820,,70,Yb,3,CCCc1nnc(-c2cccc(-c3nnc(CCC)c(CCC)n3)n2)nc1CCC,"[4, 5, 13, 14, 23, 24, 25]","[""N(aromatic)"", ""N(aromatic)"", ""N(aromatic)"", ""N(aromatic)"", ""N(aromatic)"", ""N(aromatic)"", ""N(aromatic)""]",7,8,1,nitrate,nitrate,1,/nfs/home/nshank3/lanthanide_dataset_builder/data/geometries/Yb/Yb_Z70_ox3_CN8_nlig1_nitrate_3721b0fce820.xyz,/nfs/home/nshank3/lanthanide_dataset_builder/data/geometries/Yb/Yb_Z70_ox3_CN8_nlig1_nitrate_3721b0fce820.mol2,,-2454.3976699633763,ok,built (standard attempt 1),accepted,CCCc1nnc(-c2cccc(-c3nnc(CCC)c(CCC)n3)n2)nc1CCC,CCCc1nnc(-c2cccc(-c3nnc(CCC)c(CCC)n3)n2)nc1CCC,False,True,True,7,"N6,O1","14:N:2.19,15:N:2.35,25:N:2.35,62:O:2.48,26:N:2.69,6:N:2.76,5:N:2.79",2.7871665441912206,2.1879799576988375,False,ok
69ec30d576fe,,63,Eu,3,CCCCCCN(CCCCCC)C(=O)COCC(=O)N1CCCC1,"[14, 16, 19]","[""O(amide_carbonyl)"", ""O(ether)"", ""O(amide_carbonyl)""]",3,9,3,nitrate,nitrate,0,/nfs/home/nshank3/lanthanide_dataset_builder/data/geometries/Eu/Eu_Z63_ox3_CN9_nlig3_nitrate_69ec30d576fe.xyz,/nfs/home/nshank3/lanthanide_dataset_builder/data/geometries/Eu/Eu_Z63_ox3_CN9_nlig3_nitrate_69ec30d576fe.mol2,,-6559.151954340013,ok,built (standard attempt 1),accepted,CCCCCCN(CCCCCC)C(=O)COCC(=O)N1CCCC1,CCCCCCN(CCCCCC)C(=O)COCC(=O)N1CCCC1,False,True,True,9,O9,"141:O:2.16,83:O:2.22,143:O:2.35,20:O:2.37,15:O:2.39,80:O:2.48,17:O:2.54,146:O:2.77,78:O:2.79",2.7902499322460597,2.1572601571975,True,ok
3d04c2c215bc,,63,Eu,3,CCCCC(CC)CN(C)C(=O)COCC(=O)N(C)CC(CC)CCCC,"[11, 13, 16]","[""O(amide_carbonyl)"", ""O(ether)"", ""O(amide_carbonyl)""]",3,9,3,water,water,0,/nfs/home/nshank3/lanthanide_dataset_builder/data/geometries/Eu/Eu_Z63_ox3_CN9_nlig3_water_3d04c2c215bc.xyz,/nfs/home/nshank3/lanthanide_dataset_builder/data/geometries/Eu/Eu_Z63_ox3_CN9_nlig3_water_3d04c2c215bc.mol2,,-7158.371584212961,ok,built (standard attempt 1),accepted,CCCCC(CC)CN(C)C(=O)COCC(=O)N(C)CC(CC)CCCC,CCCCC(CC)CN(C)C(=O)COCC(=O)N(C)CC(CC)CCCC,False,True,True,9,O9,"83:O:2.22,12:O:2.29,159:O:2.41,17:O:2.44,156:O:2.46,85:O:2.50,14:O:2.56,88:O:2.63,154:O:2.66",2.659950459979037,2.2159570815786114,True,ok
bdc61b13a8a3,,63,Eu,3,CCCCCCCCN(CCCCCCCC)C(=O)COCC(=O)NCc1ccc(CNC(=O)COCC(=O)N(CCCCCCCC)CCCCCCCC)cc1,"[18, 20, 23]","[""O(amide_carbonyl)"", ""O(ether)"", ""O(amide_carbonyl)""]",3,9,3,nitrate,nitrate,0,/nfs/home/nshank3/lanthanide_dataset_builder/data/geometries/Eu/Eu_Z63_ox3_CN9_nlig3_nitrate_bdc61b13a8a3.xyz,/nfs/home/nshank3/lanthanide_dataset_builder/data/geometries/Eu/Eu_Z63_ox3_CN9_nlig3_nitrate_bdc61b13a8a3.mol2,,-14930.50551459729,ok,built (standard attempt 1),accepted,CCCCCCCCN(CCCCCCCC)C(=O)COCC(=O)NCc1ccc(CNC(=O)COCC(=O)N(CCCCCCCC)CCCCCCCC)cc1,CCCCCCCCN(CCCCCCCC)C(=O)COCC(=O)NCc1ccc(CNC(=O)COCC(=O)N(CCCCCCCC)CCCCCCCC)cc1,False,True,True,9,O9,"312:O:2.23,163:O:2.31,21:O:2.39,19:O:2.42,168:O:2.47,307:O:2.49,24:O:2.55,309:O:2.61,165:O:2.63",2.630095654765553,2.2282087578293797,True,ok
50ea21f5a29e,,63,Eu,3,CCCN(CCC)C(=O)COCC(=O)N(CCC)CCC,"[8, 10, 13]","[""O(amide_carbonyl)"", ""O(ether)"", ""O(amide_carbonyl)""]",3,9,3,nitrate,nitrate,0,/nfs/home/nshank3/lanthanide_dataset_builder/data/geometries/Eu/Eu_Z63_ox3_CN9_nlig3_nitrate_50ea21f5a29e.xyz,/nfs/home/nshank3/lanthanide_dataset_builder/data/geometries/Eu/Eu_Z63_ox3_CN9_nlig3_nitrate_50ea21f5a29e.mol2,,-5609.859104030922,ok,built (standard attempt 1),accepted,CCCN(CCC)C(=O)COCC(=O)N(CCC)CCC,CCCN(CCC)C(=O)COCC(=O)N(CCC)CCC,False,True,True,9,O9,"115:O:2.22,14:O:2.31,9:O:2.40,120:O:2.40,62:O:2.43,67:O:2.55,117:O:2.58,11:O:2.62,64:O:2.65",2.6464907407165246,2.2243495957728463,True,ok
56de36f8cde4,,63,Eu,3,CCCCCCCCN(CCCCCCCC)C(=O)c1ccc(C(=O)N(CCCCCCCC)CCCCCCCC)o1,"[18, 24, 42]","[""O(amide_carbonyl)"", ""O(amide_carbonyl)"", ""O(ether)""]",3,9,3,water,water,0,/nfs/home/nshank3/lanthanide_dataset_builder/data/geometries/Eu/Eu_Z63_ox3_CN9_nlig3_water_56de36f8cde4.xyz,/nfs/home/nshank3/lanthanide_dataset_builder/data/geometries/Eu/Eu_Z63_ox3_CN9_nlig3_water_56de36f8cde4.mol2,,-11041.502734059964,ok,built (standard attempt 1),accepted,CCCCCCCCN(CCCCCCCC)C(=O)c1ccc(C(=O)N(CCCCCCCC)CCCCCCCC)o1,CCCCCCCCN(CCCCCCCC)C(=O)c1ccc(C(=O)N(CCCCCCCC)CCCCCCCC)o1,False,True,True,9,O9,"245:O:2.24,138:O:2.31,19:O:2.34,156:O:2.48,269:O:2.49,251:O:2.51,132:O:2.53,43:O:2.57,25:O:2.62",2.6217421389101996,2.244944927453147,True,ok
f877a1dc60e3,,63,Eu,3,CCCCP(=S)(CCCC)CP(=S)(CCCC)CCCC,"[5, 12]","[""S(donor)"", ""S(donor)""]",2,9,4,water,water,1,/nfs/home/nshank3/lanthanide_dataset_builder/data/geometries/Eu/Eu_Z63_ox3_CN9_nlig4_water_f877a1dc60e3.xyz,/nfs/home/nshank3/lanthanide_dataset_builder/data/geometries/Eu/Eu_Z63_ox3_CN9_nlig4_water_f877a1dc60e3.mol2,,-7475.434826468443,ok,built (standard attempt 1),accepted,CCCCP(=S)(CCCC)CP(=S)(CCCC)CCCC,CCCCP(=S)(CCCC)CP(=S)(CCCC)CCCC,False,True,True,7,"O1,S6","237:O:2.57,13:S:2.78,131:S:2.85,190:S:2.96,124:S:2.99,6:S:3.08,183:S:3.14",3.1429240686731323,2.5666165047678136,False,ok
1841839a3d87,,63,Eu,3,CCCCCCCCN(CCCCCCCC)C(=O)COCP(=O)(OCCCC)OCCCC,"[18, 20, 23, 24, 29]","[""O(amide_carbonyl)"", ""O(ether)"", ""O(ether)"", ""O(ether)"", ""O(ether)""]",5,9,1,water,water,4,/nfs/home/nshank3/lanthanide_dataset_builder/data/geometries/Eu/Eu_Z63_ox3_CN9_nlig1_water_1841839a3d87.xyz,/nfs/home/nshank3/lanthanide_dataset_builder/data/geometries/Eu/Eu_Z63_ox3_CN9_nlig1_water_1841839a3d87.mol2,,-3607.023086088511,ok,built (standard attempt 1),accepted,CCCCCCCCN(CCCCCCCC)C(=O)COCP(=O)(OCCCC)OCCCC,CCCCCCCCN(CCCCCCCC)C(=O)COCP(=O)(OCCCC)OCCCC,False,True,True,10,"O9,P1","19:O:2.30,25:O:2.38,94:O:2.50,100:O:2.53,30:O:2.53,97:O:2.53,91:O:2.59,24:O:2.65,21:O:2.77,23:P:3.01",3.0147764843185914,2.3034061386682776,False,ok
a0be3cc9b33b,,63,Eu,3,CCCCCCN(CCCCCC)C(=O)c1ccc2ccc3cccnc3c2n1,"[14, 25, 28]","[""O(amide_carbonyl)"", ""N(aromatic)"", ""N(aromatic)""]",3,9,3,nitrate,nitrate,0,/nfs/home/nshank3/lanthanide_dataset_builder/data/geometries/Eu/Eu_Z63_ox3_CN9_nlig3_nitrate_a0be3cc9b33b.xyz,/nfs/home/nshank3/lanthanide_dataset_builder/data/geometries/Eu/Eu_Z63_ox3_CN9_nlig3_nitrate_a0be3cc9b33b.mol2,,-6799.069712785744,ok,built (standard attempt 1),accepted,CCCCCCN(CCCCCC)C(=O)c1ccc2ccc3cccnc3c2n1,CCCCCCN(CCCCCC)C(=O)c1ccc2ccc3cccnc3c2n1,False,True,True,9,"N6,O3","139:O:2.23,77:O:2.28,15:O:2.32,29:N:2.58,88:N:2.59,153:N:2.59,91:N:2.61,150:N:2.63,26:N:2.67",2.667658378135482,2.2291553285697505,True,ok
b5d2516206e6,,64,Gd,3,CCCCCCCCN(CC(CC)CCCC)C(=O)COCC(=O)N(CCCCCCCC)CC(CC)CCCC,"[18, 20, 23]","[""O(amide_carbonyl)"", ""O(ether)"", ""O(amide_carbonyl)""]",3,9,3,nitrate,nitrate,0,/nfs/home/nshank3/lanthanide_dataset_builder/data/geometries/Gd/Gd_Z64_ox3_CN9_nlig3_nitrate_b5d2516206e6.xyz,/nfs/home/nshank3/lanthanide_dataset_builder/data/geometries/Gd/Gd_Z64_ox3_CN9_nlig3_nitrate_b5d2516206e6.mol2,,-10772.607801833718,ok,built (standard attempt 1),accepted,CCCCCCCCN(CC(CC)CCCC)C(=O)COCC(=O)N(CCCCCCCC)CC(CC)CCCC,CCCCCCCCN(CC(CC)CCCC)C(=O)COCC(=O)N(CCCCCCCC)CC(CC)CCCC,False,True,True,9,O9,"137:O:2.11,245:O:2.12,24:O:2.25,19:O:2.42,250:O:2.52,21:O:2.60,247:O:2.77,134:O:3.09,132:O:3.11",3.1119660075299356,2.105999006276552,True,ok
2e531fb08047,,64,Gd,3,CCCCCCn1c(-c2ccccc2)c(-c2ccccc2)c2cc3ccc4cc5c(-c6ccccc6)c(-c6ccccc6)n(CCCCCC)c(=O)c5nc4c3nc2c1=O,"[6, 43, 51, 53, 56, 59]","[""N(aromatic)"", ""N(aromatic)"", ""O(amide_carbonyl)"", ""N(aromatic)"", ""N(aromatic)"", ""O(amide_carbonyl)""]",6,9,1,water,water,3,/nfs/home/nshank3/lanthanide_dataset_builder/data/geometries/Gd/Gd_Z64_ox3_CN9_nlig1_water_2e531fb08047.xyz,/nfs/home/nshank3/lanthanide_dataset_builder/data/geometries/Gd/Gd_Z64_ox3_CN9_nlig1_water_2e531fb08047.mol2,,-4793.025652289194,ok,built (standard attempt 1),accepted,CCCCCCn1c(-c2ccccc2)c(-c2ccccc2)c2cc3ccc4cc5c(-c6ccccc6)c(-c6ccccc6)n(CCCCCC)c(=O)c5nc4c3nc2c1=O,CCCCCCn1c(-c2ccccc2)c(-c2ccccc2)c2cc3ccc4cc5c(-c6ccccc6)c(-c6ccccc6)n(CCCCCC)c(=O)c5nc4c3nc2c1=O,False,True,True,7,"N2,O5","60:O:2.24,52:O:2.28,111:O:2.42,57:N:2.45,117:O:2.48,114:O:2.55,54:N:2.57",2.5690983864220067,2.2368200612876206,False,ok
4c1137e8e97b,,67,Ho,3,COCCN(CCOC)C(=O)COCC(=O)N(CCOC)CCOC,"[1, 7, 10, 12, 15, 19, 23]","[""O(ether)"", ""O(ether)"", ""O(amide_carbonyl)"", ""O(ether)"", ""O(amide_carbonyl)"", ""O(ether)"", ""O(ether)""]",7,8,1,water,water,1,/nfs/home/nshank3/lanthanide_dataset_builder/data/geometries/Ho/Ho_Z67_ox3_CN8_nlig1_water_4c1137e8e97b.xyz,/nfs/home/nshank3/lanthanide_dataset_builder/data/geometries/Ho/Ho_Z67_ox3_CN8_nlig1_water_4c1137e8e97b.mol2,,-2443.0218955671503,ok,built (standard attempt 1),accepted,COCCN(CCOC)C(=O)COCC(=O)N(CCOC)CCOC,COCCN(CCOC)C(=O)COCC(=O)N(CCOC)CCOC,False,True,True,8,O8,"16:O:2.11,11:O:2.19,2:O:2.40,20:O:2.40,13:O:2.45,58:O:2.57,8:O:2.63,24:O:3.19",3.18536413124441,2.106401782267085,True,ok
b5bbb324b00d,,57,La,3,CCCCCCCCN(CCC)C(=O)COCC(=O)N(CCC)CCCCCCCC,"[13, 15, 18]","[""O(amide_carbonyl)"", ""O(ether)"", ""O(amide_carbonyl)""]",3,9,3,water,water,0,/nfs/home/nshank3/lanthanide_dataset_builder/data/geometries/La/La_Z57_ox3_CN9_nlig3_water_b5bbb324b00d.xyz,/nfs/home/nshank3/lanthanide_dataset_builder/data/geometries/La/La_Z57_ox3_CN9_nlig3_water_b5bbb324b00d.mol2,,-8193.87816820631,ok,built (standard attempt 1),accepted,CCCCCCCCN(CCC)C(=O)COCC(=O)N(CCC)CCCCCCCC,CCCCCCCCN(CCC)C(=O)COCC(=O)N(CCC)CCCCCCCC,False,True,True,9,O9,"185:O:2.22,97:O:2.30,19:O:2.32,102:O:2.55,180:O:2.59,99:O:2.63,16:O:2.83,182:O:3.00,14:O:3.08",3.0821680914270355,2.2208499427071646,True,ok
0fa1f433e09b,,62,Sm,3,CCCCN(CCCC)C(=O)COCC(=O)N(CCCC)CCCC,"[10, 12, 15]","[""O(amide_carbonyl)"", ""O(ether)"", ""O(amide_carbonyl)""]",3,9,3,nitrate,nitrate,0,/nfs/home/nshank3/lanthanide_dataset_builder/data/geometries/Sm/Sm_Z62_ox3_CN9_nlig3_nitrate_0fa1f433e09b.xyz,/nfs/home/nshank3/lanthanide_dataset_builder/data/geometries/Sm/Sm_Z62_ox3_CN9_nlig3_nitrate_0fa1f433e09b.mol2,,-6642.942542854868,ok,built (standard attempt 1),accepted,CCCCN(CCCC)C(=O)COCC(=O)N(CCCC)CCCC,CCCCN(CCCC)C(=O)COCC(=O)N(CCCC)CCCC,False,True,True,9,O9,"141:O:2.23,11:O:2.33,81:O:2.36,146:O:2.41,16:O:2.42,76:O:2.47,143:O:2.56,13:O:2.67,78:O:2.69",2.6860929371576185,2.2262285873772583,True,ok
ab424ae951e3,,60,Nd,3,CCCCCCCCN(CC(C)C)C(=O)COCC(=O)N(CCCCCCCC)CC(C)C,"[14, 16, 19]","[""O(amide_carbonyl)"", ""O(ether)"", ""O(amide_carbonyl)""]",3,9,3,nitrate,nitrate,0,/nfs/home/nshank3/lanthanide_dataset_builder/data/geometries/Nd/Nd_Z60_ox3_CN9_nlig3_nitrate_ab424ae951e3.xyz,/nfs/home/nshank3/lanthanide_dataset_builder/data/geometries/Nd/Nd_Z60_ox3_CN9_nlig3_nitrate_ab424ae951e3.mol2,,-8707.414699262401,ok,built (standard attempt 1),accepted,CCCCCCCCN(CC(C)C)C(=O)COCC(=O)N(CCCCCCCC)CC(C)C,CCCCCCCCN(CC(C)C)C(=O)COCC(=O)N(CCCCCCCC)CC(C)C,False,True,True,9,O9,"198:O:2.20,195:O:2.27,15:O:2.28,109:O:2.30,106:O:2.43,17:O:2.47,193:O:2.60,20:O:2.66,104:O:2.84",2.842892702104807,2.2045740034071724,True,ok
97488ddae00b,,71,Lu,3,CCCCCCCCN(CCCC(CCCC)CCCCCC)C(=O)COCC(=O)N(CCCCCCCC)CCCC(CCCC)CCCCCC,"[24, 26, 29]","[""O(amide_carbonyl)"", ""O(ether)"", ""O(amide_carbonyl)""]",3,8,2,water,water,2,/nfs/home/nshank3/lanthanide_dataset_builder/data/geometries/Lu/Lu_Z71_ox3_CN8_nlig2_water_97488ddae00b.xyz,/nfs/home/nshank3/lanthanide_dataset_builder/data/geometries/Lu/Lu_Z71_ox3_CN8_nlig2_water_97488ddae00b.mol2,,-9523.989229325634,ok,built (standard attempt 1),accepted,CCCCCCCCN(CCCC(CCCC)CCCCCC)C(=O)COCC(=O)N(CCCCCCCC)CCCC(CCCC)CCCCCC,CCCCCCCCN(CCCC(CCCC)CCCCCC)C(=O)COCC(=O)N(CCCCCCCC)CCCC(CCCC)CCCCCC,False,True,True,8,O8,"174:O:2.20,25:O:2.21,179:O:2.27,30:O:2.31,176:O:2.55,302:O:2.55,27:O:2.59,299:O:2.67",2.6695128595155158,2.2029681234827776,True,ok
3095c50fd4a6,,60,Nd,3,CCCCCCC(CCCC)CCCN(C)C(=O)COCC(=O)N(C)CCCC(CCCC)CCCCCC,"[17, 19, 22]","[""O(amide_carbonyl)"", ""O(ether)"", ""O(amide_carbonyl)""]",3,9,3,water,water,0,/nfs/home/nshank3/lanthanide_dataset_builder/data/geometries/Nd/Nd_Z60_ox3_CN9_nlig3_water_3095c50fd4a6.xyz,/nfs/home/nshank3/lanthanide_dataset_builder/data/geometries/Nd/Nd_Z60_ox3_CN9_nlig3_water_3095c50fd4a6.mol2,,-10256.086810510173,ok,built (standard attempt 1),accepted,CCCCCCC(CCCC)CCCN(C)C(=O)COCC(=O)N(C)CCCC(CCCC)CCCCCC,CCCCCCC(CCCC)CCCN(C)C(=O)COCC(=O)N(C)CCCC(CCCC)CCCCCC,False,True,True,7,O7,"23:O:2.22,237:O:2.27,125:O:2.27,234:O:2.60,130:O:2.74,232:O:3.04,18:O:3.08",3.0806257885365995,2.2168823779498026,False,ok
11ac249f26c1,,60,Nd,3,CCCCCCn1c(-c2ccccc2)c(-c2ccccc2)c2cc3ccc4cc5c(-c6ccccc6)c(-c6ccccc6)n(CCCCCC)c(=O)c5nc4c3nc2c1=O,"[6, 43, 51, 53, 56, 59]","[""N(aromatic)"", ""N(aromatic)"", ""O(amide_carbonyl)"", ""N(aromatic)"", ""N(aromatic)"", ""O(amide_carbonyl)""]",6,9,1,nitrate,nitrate,3,/nfs/home/nshank3/lanthanide_dataset_builder/data/geometries/Nd/Nd_Z60_ox3_CN9_nlig1_nitrate_11ac249f26c1.xyz,/nfs/home/nshank3/lanthanide_dataset_builder/data/geometries/Nd/Nd_Z60_ox3_CN9_nlig1_nitrate_11ac249f26c1.mol2,,-4940.648167573068,ok,built (large_ligand_deep attempt 1),accepted,CCCCCCn1c(-c2ccccc2)c(-c2ccccc2)c2cc3ccc4cc5c(-c6ccccc6)c(-c6ccccc6)n(CCCCCC)c(=O)c5nc4c3nc2c1=O,CCCCCCn1c(-c2ccccc2)c(-c2ccccc2)c2cc3ccc4cc5c(-c6ccccc6)c(-c6ccccc6)n(CCCCCC)c(=O)c5nc4c3nc2c1=O,False,True,True,8,"N3,O5","113:O:2.13,114:O:2.20,52:O:2.26,60:O:2.29,111:N:2.35,115:O:2.50,57:N:2.53,54:N:2.55",2.548078380939542,2.132063171236076,False,ok
42c5015cc7f3,,70,Yb,3,CCCCC(CC)CN(C)C(=O)COCC(=O)N(C)CC(CC)CCCC,"[11, 13, 16]","[""O(amide_carbonyl)"", ""O(ether)"", ""O(amide_carbonyl)""]",3,8,2,water,water,2,/nfs/home/nshank3/lanthanide_dataset_builder/data/geometries/Yb/Yb_Z70_ox3_CN8_nlig2_water_42c5015cc7f3.xyz,/nfs/home/nshank3/lanthanide_dataset_builder/data/geometries/Yb/Yb_Z70_ox3_CN8_nlig2_water_42c5015cc7f3.mol2,,-5046.044199625806,ok,built (standard attempt 1),accepted,CCCCC(CC)CN(C)C(=O)COCC(=O)N(C)CC(CC)CCCC,CCCCC(CC)CN(C)C(=O)COCC(=O)N(C)CC(CC)CCCC,False,True,True,8,O8,"12:O:2.14,17:O:2.15,83:O:2.18,88:O:2.27,85:O:2.38,14:O:2.47,143:O:2.51,146:O:2.58",2.5824294578457865,2.139569391913498,True,ok
0fa08d2cc317,,59,Pr,3,CCCCCCCCN(CCCCCCCC)C(=O)COCC(=O)N(C)C,"[18, 20, 23]","[""O(amide_carbonyl)"", ""O(ether)"", ""O(amide_carbonyl)""]",3,9,3,water,water,0,/nfs/home/nshank3/lanthanide_dataset_builder/data/geometries/Pr/Pr_Z59_ox3_CN9_nlig3_water_0fa08d2cc317.xyz,/nfs/home/nshank3/lanthanide_dataset_builder/data/geometries/Pr/Pr_Z59_ox3_CN9_nlig3_water_0fa08d2cc317.mol2,,-7157.517461227871,ok,built (standard attempt 1),accepted,CCCCCCCCN(CCCCCCCC)C(=O)COCC(=O)N(C)C,CCCCCCCCN(CCCCCCCC)C(=O)COCC(=O)N(C)C,False,True,True,9,O9,"166:O:2.19,161:O:2.26,24:O:2.27,90:O:2.35,95:O:2.45,163:O:2.52,19:O:2.55,92:O:2.64,21:O:2.81",2.807819164231477,2.186461623487224,True,ok
b52aaefe9784,,59,Pr,3,CCCCCCCCN(CCCC(CCCC)CCCCCC)C(=O)COCC(=O)N(CCCCCCCC)CCCC(CCCC)CCCCCC,"[24, 26, 29]","[""O(amide_carbonyl)"", ""O(ether)"", ""O(amide_carbonyl)""]",3,9,3,water,water,0,/nfs/home/nshank3/lanthanide_dataset_builder/data/geometries/Pr/Pr_Z59_ox3_CN9_nlig3_water_b52aaefe9784.xyz,/nfs/home/nshank3/lanthanide_dataset_builder/data/geometries/Pr/Pr_Z59_ox3_CN9_nlig3_water_b52aaefe9784.mol2,,-13875.738944978517,ok,built (standard attempt 2),accepted,CCCCCCCCN(CCCC(CCCC)CCCCCC)C(=O)COCC(=O)N(CCCCCCCC)CCCC(CCCC)CCCCCC,CCCCCCCCN(CCCC(CCCC)CCCCCC)C(=O)COCC(=O)N(CCCCCCCC)CCCC(CCCC)CCCCCC,False,True,True,9,O9,"328:O:2.31,179:O:2.35,30:O:2.39,176:O:2.39,323:O:2.51,174:O:2.51,27:O:2.62,325:O:2.66,25:O:2.77",2.771217288315797,2.3125355892866697,True,ok
7fb42c46d354,,62,Sm,3,CCCCCCCCN(CCCCCCCC)C(=O)[C@H](C)O[C@H](C)C(=O)N(CCCCCCCC)CCCCCCCC,"[18, 21, 25]","[""O(amide_carbonyl)"", ""O(ether)"", ""O(amide_carbonyl)""]",3,9,3,nitrate,nitrate,0,/nfs/home/nshank3/lanthanide_dataset_builder/data/geometries/Sm/Sm_Z62_ox3_CN9_nlig3_nitrate_7fb42c46d354.xyz,/nfs/home/nshank3/lanthanide_dataset_builder/data/geometries/Sm/Sm_Z62_ox3_CN9_nlig3_nitrate_7fb42c46d354.mol2,,-11289.907351067892,ok,built (standard attempt 1),accepted,CCCCCCCCN(CCCCCCCC)C(=O)[C@H](C)O[C@H](C)C(=O)N(CCCCCCCC)CCCCCCCC,CCCCCCCCN(CCCCCCCC)C(=O)[C@H](C)O[C@H](C)C(=O)N(CCCCCCCC)CCCCCCCC,False,True,True,9,O9,"145:O:2.17,26:O:2.19,141:O:2.40,22:O:2.43,257:O:2.54,264:O:2.58,19:O:2.67,260:O:3.11,138:O:3.18",3.1810730820086577,2.1692551754478964,True,ok
a6e2f5bc31e8,,65,Tb,3,CCCCCCn1c(-c2ccccc2)c(-c2ccccc2)c2cc3ccc4cc5c(-c6ccccc6)c(-c6ccccc6)n(CCCCCC)c(=O)c5nc4c3nc2c1=O,"[6, 43, 51, 53, 56, 59]","[""N(aromatic)"", ""N(aromatic)"", ""O(amide_carbonyl)"", ""N(aromatic)"", ""N(aromatic)"", ""O(amide_carbonyl)""]",6,8,1,water,water,2,/nfs/home/nshank3/lanthanide_dataset_builder/data/geometries/Tb/Tb_Z65_ox3_CN8_nlig1_water_a6e2f5bc31e8.xyz,/nfs/home/nshank3/lanthanide_dataset_builder/data/geometries/Tb/Tb_Z65_ox3_CN8_nlig1_water_a6e2f5bc31e8.mol2,,-4650.645185737408,ok,built (standard attempt 1),accepted,CCCCCCn1c(-c2ccccc2)c(-c2ccccc2)c2cc3ccc4cc5c(-c6ccccc6)c(-c6ccccc6)n(CCCCCC)c(=O)c5nc4c3nc2c1=O,CCCCCCn1c(-c2ccccc2)c(-c2ccccc2)c2cc3ccc4cc5c(-c6ccccc6)c(-c6ccccc6)n(CCCCCC)c(=O)c5nc4c3nc2c1=O,False,True,True,6,"N2,O4","60:O:2.10,52:O:2.13,57:N:2.42,111:O:2.46,54:N:2.49,114:O:2.55",2.547674500201786,2.1026709238357606,False,ok
4ca0b6f30178,,66,Dy,3,CCCCCCCCN(CCCCCCCC)C(=O)CN(CC(=O)N(CCCCCCCC)CCCCCCCC)CC(=O)N(CCCCCCCC)CCCCCCCC,"[18, 20, 23, 43]","[""O(amide_carbonyl)"", ""N(amine)"", ""O(amide_carbonyl)"", ""O(amide_carbonyl)""]",4,8,2,nitrate,nitrate,0,/nfs/home/nshank3/lanthanide_dataset_builder/data/geometries/Dy/Dy_Z66_ox3_CN8_nlig2_nitrate_4ca0b6f30178.xyz,/nfs/home/nshank3/lanthanide_dataset_builder/data/geometries/Dy/Dy_Z66_ox3_CN8_nlig2_nitrate_4ca0b6f30178.mol2,,-3367.5520343726744,ok_simplified_ligand,original_ligtype_failed_simplified_success,accepted,CCCCCCCCN(CCCCCCCC)C(=O)CN(CC(=O)N(CCCCCCCC)CCCCCCCC)CC(=O)N(CCCCCCCC)CCCCCCCC,CN(C)C(=O)CN(CC(=O)N(C)C)CC(=O)N(C)C,True,True,True,6,O6,"48:O:2.13,5:O:2.15,16:O:2.22,53:O:2.23,59:O:2.30,10:O:2.33",2.328312520165462,2.1282220830310212,False,ok
cafe7bff72b2,,63,Eu,3,CC(C)(C)c1ccc(NC(=O)c2cnccn2)cc1,"[10, 13, 16]","[""O(amide_carbonyl)"", ""N(aromatic)"", ""N(aromatic)""]",3,9,3,nitrate,nitrate,0,/nfs/home/nshank3/lanthanide_dataset_builder/data/geometries/Eu/Eu_Z63_ox3_CN9_nlig3_nitrate_cafe7bff72b2.xyz,/nfs/home/nshank3/lanthanide_dataset_builder/data/geometries/Eu/Eu_Z63_ox3_CN9_nlig3_nitrate_cafe7bff72b2.mol2,,-4373.915702484291,ok,built (standard attempt 2),accepted,CC(C)(C)c1ccc(NC(=O)c2cnccn2)cc1,CC(C)(C)c1ccc(NC(=O)c2cnccn2)cc1,False,True,True,6,"N3,O3","11:O:2.12,83:O:2.13,47:O:2.15,53:N:2.45,17:N:2.48,89:N:2.51",2.51326125329604,2.119313105360552,False,ok
fbf793f2aa3f,,60,Nd,3,CCCCCCCCCCCCN(CCCCCCCCCCCC)C(=O)COCCOCC(=O)N(CCCCCCCCCCCC)CCCCCCCCCCCC,"[26, 28, 31, 34]","[""O(amide_carbonyl)"", ""O(ether)"", ""O(ether)"", ""O(amide_carbonyl)""]",4,9,2,nitrate,nitrate,1,/nfs/home/nshank3/lanthanide_dataset_builder/data/geometries/Nd/Nd_Z60_ox3_CN9_nlig2_nitrate_fbf793f2aa3f.xyz,/nfs/home/nshank3/lanthanide_dataset_builder/data/geometries/Nd/Nd_Z60_ox3_CN9_nlig2_nitrate_fbf793f2aa3f.mol2,,-3064.0675412396145,ok_simplified_ligand,original_ligtype_failed_simplified_success,accepted,CCCCCCCCCCCCN(CCCCCCCCCCCC)C(=O)COCCOCC(=O)N(CCCCCCCCCCCC)CCCCCCCCCCCC,CN(C)C(=O)COCCOCC(=O)N(C)C,True,True,True,9,O9,"49:O:2.32,41:O:2.33,13:O:2.33,5:O:2.39,43:O:2.50,10:O:2.53,46:O:2.61,7:O:2.61,73:O:2.87",2.874602292731915,2.3176344094176566,True,ok
6ebdcf56451b,,65,Tb,3,CCCCCCCCCCN(CCCCCCCCCC)C(=O)[C@H](C)O[C@H](CC)C(=O)N(CCCCCCCCCC)CCCCCCCCCC,"[22, 25, 30]","[""O(amide_carbonyl)"", ""O(ether)"", ""O(amide_carbonyl)""]",3,8,2,nitrate,nitrate,2,/nfs/home/nshank3/lanthanide_dataset_builder/data/geometries/Tb/Tb_Z65_ox3_CN8_nlig2_nitrate_6ebdcf56451b.xyz,/nfs/home/nshank3/lanthanide_dataset_builder/data/geometries/Tb/Tb_Z65_ox3_CN8_nlig2_nitrate_6ebdcf56451b.mol2,,-9499.192478906243,ok,built (standard attempt 1),accepted,CCCCCCCCCCN(CCCCCCCCCC)C(=O)[C@H](C)O[C@H](CC)C(=O)N(CCCCCCCCCC)CCCCCCCCCC,CCCCCCCCCCN(CCCCCCCCCC)C(=O)[C@H](C)O[C@H](CC)C(=O)N(CCCCCCCCCC)CCCCCCCCCC,False,True,True,9,"N1,O8","296:O:2.10,295:O:2.11,169:O:2.18,177:O:2.20,31:O:2.22,23:O:2.37,293:N:2.38,172:O:2.56,26:O:2.63",2.6271173554039366,2.095642046688832,False,ok
797cf8bfb668,,63,Eu,3,CCCCCCCCN(CCCCCCCC)C(=O)c1ccc2ccc3ccc(C(=O)N(CCCCCCCC)CCCCCCCC)nc3c2n1,"[18, 30, 48, 51]","[""O(amide_carbonyl)"", ""O(amide_carbonyl)"", ""N(aromatic)"", ""N(aromatic)""]",4,9,2,nitrate,nitrate,1,/nfs/home/nshank3/lanthanide_dataset_builder/data/geometries/Eu/Eu_Z63_ox3_CN9_nlig2_nitrate_797cf8bfb668.xyz,/nfs/home/nshank3/lanthanide_dataset_builder/data/geometries/Eu/Eu_Z63_ox3_CN9_nlig2_nitrate_797cf8bfb668.mol2,,-8639.80988114839,ok,built (standard attempt 1),accepted,CCCCCCCCN(CCCCCCCC)C(=O)c1ccc2ccc3ccc(C(=O)N(CCCCCCCC)CCCCCCCC)nc3c2n1,CCCCCCCCN(CCCCCCCC)C(=O)c1ccc2ccc3ccc(C(=O)N(CCCCCCCC)CCCCCCCC)nc3c2n1,False,True,True,9,"N4,O5","31:O:2.21,49:N:2.35,178:N:2.45,157:O:2.46,52:N:2.46,175:N:2.51,145:O:2.55,19:O:2.55,253:O:3.10",3.0994200528473006,2.2103444531114884,True,ok
a6691a2ffe3a,,60,Nd,3,CN(C(=O)c1cccc(C(=O)N(C)c2ccccc2)n1)c1ccccc1,"[3, 10, 19]","[""O(amide_carbonyl)"", ""O(amide_carbonyl)"", ""N(aromatic)""]",3,9,3,nitrate,nitrate,0,/nfs/home/nshank3/lanthanide_dataset_builder/data/geometries/Nd/Nd_Z60_ox3_CN9_nlig3_nitrate_a6691a2ffe3a.xyz,/nfs/home/nshank3/lanthanide_dataset_builder/data/geometries/Nd/Nd_Z60_ox3_CN9_nlig3_nitrate_a6691a2ffe3a.mol2,,-5845.24236538956,ok,built (standard attempt 1),accepted,CN(C(=O)c1cccc(C(=O)N(C)c2ccccc2)n1)c1ccccc1,CN(C(=O)c1cccc(C(=O)N(C)c2ccccc2)n1)c1ccccc1,False,True,True,9,"N3,O6","49:O:2.25,56:O:2.26,101:O:2.26,4:O:2.32,20:N:2.46,65:N:2.47,94:O:2.49,11:O:2.51,110:N:2.55",2.547030345237885,2.24753516868995,True,ok
f195cf428463,,71,Lu,3,CCCCCCCCN(CCCCCCCC)C(=O)c1ccc2ccc3ccc(C(=O)N(CCCCCCCC)CCCCCCCC)nc3c2n1,"[18, 30, 48, 51]","[""O(amide_carbonyl)"", ""O(amide_carbonyl)"", ""N(aromatic)"", ""N(aromatic)""]",4,8,2,water,water,0,/nfs/home/nshank3/lanthanide_dataset_builder/data/geometries/Lu/Lu_Z71_ox3_CN8_nlig2_water_f195cf428463.xyz,/nfs/home/nshank3/lanthanide_dataset_builder/data/geometries/Lu/Lu_Z71_ox3_CN8_nlig2_water_f195cf428463.mol2,,-8499.435843092315,ok,built (standard attempt 1),accepted,CCCCCCCCN(CCCCCCCC)C(=O)c1ccc2ccc3ccc(C(=O)N(CCCCCCCC)CCCCCCCC)nc3c2n1,CCCCCCCCN(CCCCCCCC)C(=O)c1ccc2ccc3ccc(C(=O)N(CCCCCCCC)CCCCCCCC)nc3c2n1,False,True,True,8,"N4,O4","145:O:2.10,31:O:2.11,157:O:2.21,178:N:2.23,52:N:2.24,19:O:2.24,49:N:2.28,175:N:2.28",2.283797194787078,2.0967968177208274,True,ok
eeaf9d72b5fd,,59,Pr,3,CCCCCCCCN(CCCCCCCC)C(=O)C(C)OC(C)C(=O)N(CCCCCCCC)CCCCCCCC,"[18, 21, 25]","[""O(amide_carbonyl)"", ""O(ether)"", ""O(amide_carbonyl)""]",3,9,3,nitrate,nitrate,0,/nfs/home/nshank3/lanthanide_dataset_builder/data/geometries/Pr/Pr_Z59_ox3_CN9_nlig3_nitrate_eeaf9d72b5fd.xyz,/nfs/home/nshank3/lanthanide_dataset_builder/data/geometries/Pr/Pr_Z59_ox3_CN9_nlig3_nitrate_eeaf9d72b5fd.mol2,,-11292.076669817148,ok,built (standard attempt 1),accepted,CCCCCCCCN(CCCCCCCC)C(=O)C(C)OC(C)C(=O)N(CCCCCCCC)CCCCCCCC,CCCCCCCCN(CCCCCCCC)C(=O)C(C)OC(C)C(=O)N(CCCCCCCC)CCCCCCCC,False,True,True,8,O8,"26:O:2.33,145:O:2.36,22:O:2.45,257:O:2.47,19:O:2.50,141:O:2.51,264:O:2.71,260:O:2.81",2.8139310457773514,2.3323229764490505,False,ok
20b8e39bea83,,64,Gd,3,CN(C(=O)CC(=O)N(C)c1ccccc1)c1ccccc1,"[3, 6]","[""O(amide_carbonyl)"", ""O(amide_carbonyl)""]",2,9,4,nitrate,nitrate,1,/nfs/home/nshank3/lanthanide_dataset_builder/data/geometries/Gd/Gd_Z64_ox3_CN9_nlig4_nitrate_20b8e39bea83.xyz,/nfs/home/nshank3/lanthanide_dataset_builder/data/geometries/Gd/Gd_Z64_ox3_CN9_nlig4_nitrate_20b8e39bea83.mol2,,-6627.385702377269,ok,built (standard attempt 1),accepted,CN(C(=O)CC(=O)N(C)c1ccccc1)c1ccccc1,CN(C(=O)CC(=O)N(C)c1ccccc1)c1ccccc1,False,True,True,9,O9,"82:O:2.34,124:O:2.35,7:O:2.36,121:O:2.38,4:O:2.40,46:O:2.41,85:O:2.44,43:O:2.45,157:O:2.78",2.7761350832797573,2.340149146333028,True,ok
de567519c7d9,,67,Ho,3,CCCCCCCCN(C)C(=O)C(CCOCCCCCC)C(=O)N(C)CCCCCCCC,"[11, 15, 23]","[""O(amide_carbonyl)"", ""O(ether)"", ""O(amide_carbonyl)""]",3,8,2,nitrate,nitrate,2,/nfs/home/nshank3/lanthanide_dataset_builder/data/geometries/Ho/Ho_Z67_ox3_CN8_nlig2_nitrate_de567519c7d9.xyz,/nfs/home/nshank3/lanthanide_dataset_builder/data/geometries/Ho/Ho_Z67_ox3_CN8_nlig2_nitrate_de567519c7d9.mol2,,-6399.910230051995,ok,built (standard attempt 1),accepted,CCCCCCCCN(C)C(=O)C(CCOCCCCCC)C(=O)N(C)CCCCCCCC,CCCCCCCCN(C)C(=O)C(CCOCCCCCC)C(=O)N(C)CCCCCCCC,False,True,True,9,"N1,O8","187:O:2.11,188:O:2.19,116:O:2.20,12:O:2.22,104:O:2.30,24:O:2.37,185:N:2.45,16:O:2.66,108:O:2.67",2.66784792557689,2.1052805883175023,False,ok
279ef781b173,,59,Pr,3,CCN(C(=O)c1cccc(-c2cccc(C(=O)N(CC)c3ccc(C)cc3C)n2)n1)c1ccc(C)cc1C,"[4, 16, 28, 29]","[""O(amide_carbonyl)"", ""O(amide_carbonyl)"", ""N(aromatic)"", ""N(aromatic)""]",4,9,2,nitrate,nitrate,1,/nfs/home/nshank3/lanthanide_dataset_builder/data/geometries/Pr/Pr_Z59_ox3_CN9_nlig2_nitrate_279ef781b173.xyz,/nfs/home/nshank3/lanthanide_dataset_builder/data/geometries/Pr/Pr_Z59_ox3_CN9_nlig2_nitrate_279ef781b173.mol2,,-5896.251882763179,ok,built (standard attempt 1),accepted,CCN(C(=O)c1cccc(-c2cccc(C(=O)N(CC)c3ccc(C)cc3C)n2)n1)c1ccc(C)cc1C,CCN(C(=O)c1cccc(-c2cccc(C(=O)N(CC)c3ccc(C)cc3C)n2)n1)c1ccc(C)cc1C,False,True,True,9,"N4,O5","5:O:2.30,77:O:2.41,17:O:2.49,89:O:2.54,30:N:2.54,29:N:2.61,102:N:2.64,101:N:2.68,145:O:2.72",2.7198264580858074,2.304968118840445,True,ok
8d28779c5436,,67,Ho,3,CCN(C(=O)c1cccc(-c2cccc(C(=O)N(CC)c3cc(C)cc(C)c3)n2)n1)c1cc(C)cc(C)c1,"[4, 16, 28, 29]","[""O(amide_carbonyl)"", ""O(amide_carbonyl)"", ""N(aromatic)"", ""N(aromatic)""]",4,8,2,nitrate,nitrate,0,/nfs/home/nshank3/lanthanide_dataset_builder/data/geometries/Ho/Ho_Z67_ox3_CN8_nlig2_nitrate_8d28779c5436.xyz,/nfs/home/nshank3/lanthanide_dataset_builder/data/geometries/Ho/Ho_Z67_ox3_CN8_nlig2_nitrate_8d28779c5436.mol2,,-5755.045707711008,ok,built (standard attempt 1),accepted,CCN(C(=O)c1cccc(-c2cccc(C(=O)N(CC)c3cc(C)cc(C)c3)n2)n1)c1cc(C)cc(C)c1,CCN(C(=O)c1cccc(-c2cccc(C(=O)N(CC)c3cc(C)cc(C)c3)n2)n1)c1cc(C)cc(C)c1,False,True,True,8,"N4,O4","5:O:2.06,17:O:2.20,89:O:2.30,30:N:2.35,101:N:2.37,29:N:2.41,102:N:2.53,77:O:2.56",2.5620341016335275,2.0583994301299047,True,ok
0cdb83c602c5,,69,Tm,3,CCN(C(=O)c1cccc(-c2cccc(C(=O)N(CC)c3ccccc3)n2)n1)c1ccccc1,"[4, 16, 26, 27]","[""O(amide_carbonyl)"", ""O(amide_carbonyl)"", ""N(aromatic)"", ""N(aromatic)""]",4,8,2,nitrate,nitrate,0,/nfs/home/nshank3/lanthanide_dataset_builder/data/geometries/Tm/Tm_Z69_ox3_CN8_nlig2_nitrate_0cdb83c602c5.xyz,/nfs/home/nshank3/lanthanide_dataset_builder/data/geometries/Tm/Tm_Z69_ox3_CN8_nlig2_nitrate_0cdb83c602c5.mol2,,-5063.599055153882,ok,built (standard attempt 2),accepted,CCN(C(=O)c1cccc(-c2cccc(C(=O)N(CC)c3ccccc3)n2)n1)c1ccccc1,CCN(C(=O)c1cccc(-c2cccc(C(=O)N(CC)c3ccccc3)n2)n1)c1ccccc1,False,True,True,8,"N4,O4","17:O:2.07,65:O:2.13,88:N:2.31,27:N:2.32,5:O:2.44,77:O:2.44,28:N:2.46,87:N:2.48",2.4822210873609274,2.0733610684096684,True,ok
6d6eb3546d99,,67,Ho,3,CCCCCCCCN(C(=O)c1ccc2ccc3cccnc3c2n1)c1ccc(C)cc1,"[10, 21, 24]","[""O(amide_carbonyl)"", ""N(aromatic)"", ""N(aromatic)""]",3,8,2,nitrate,nitrate,2,/nfs/home/nshank3/lanthanide_dataset_builder/data/geometries/Ho/Ho_Z67_ox3_CN8_nlig2_nitrate_6d6eb3546d99.xyz,/nfs/home/nshank3/lanthanide_dataset_builder/data/geometries/Ho/Ho_Z67_ox3_CN8_nlig2_nitrate_6d6eb3546d99.mol2,,-5248.572095417856,ok,built (standard attempt 1),accepted,CCCCCCCCN(C(=O)c1ccc2ccc3cccnc3c2n1)c1ccc(C)cc1,CCCCCCCCN(C(=O)c1ccc2ccc3cccnc3c2n1)c1ccc(C)cc1,False,True,True,9,"N5,O4","129:O:2.07,130:O:2.15,11:O:2.20,74:O:2.22,88:N:2.39,25:N:2.42,127:N:2.47,85:N:2.49,22:N:2.60",2.6009895280205755,2.071026200449131,False,ok
22a9d1cb90fb,,60,Nd,3,CCCCN(CCCC)C(=O)CCC(=O)N(CCCC)CCCC,"[10, 14]","[""O(amide_carbonyl)"", ""O(amide_carbonyl)""]",2,9,4,nitrate,nitrate,1,/nfs/home/nshank3/lanthanide_dataset_builder/data/geometries/Nd/Nd_Z60_ox3_CN9_nlig4_nitrate_22a9d1cb90fb.xyz,/nfs/home/nshank3/lanthanide_dataset_builder/data/geometries/Nd/Nd_Z60_ox3_CN9_nlig4_nitrate_22a9d1cb90fb.mol2,,-8553.143093840812,ok,built (standard attempt 2),accepted,CCCCN(CCCC)C(=O)CCC(=O)N(CCCC)CCCC,CCCCN(CCCC)C(=O)CCC(=O)N(CCCC)CCCC,False,True,True,8,O8,"257:O:2.34,11:O:2.42,207:O:2.52,139:O:2.54,79:O:2.55,75:O:2.64,203:O:3.09,143:O:3.10",3.096876128685362,2.336595461316454,False,ok
c15b074e4d23,,70,Yb,3,CCCCN(CCCC)C(=O)c1ccc2ccc3ccc(C(=O)N(CCCC)CCCC)nc3c2n1,"[10, 22, 32, 35]","[""O(amide_carbonyl)"", ""O(amide_carbonyl)"", ""N(aromatic)"", ""N(aromatic)""]",4,8,2,nitrate,nitrate,0,/nfs/home/nshank3/lanthanide_dataset_builder/data/geometries/Yb/Yb_Z70_ox3_CN8_nlig2_nitrate_c15b074e4d23.xyz,/nfs/home/nshank3/lanthanide_dataset_builder/data/geometries/Yb/Yb_Z70_ox3_CN8_nlig2_nitrate_c15b074e4d23.mol2,,-5744.972993032305,ok,built (standard attempt 1),accepted,CCCCN(CCCC)C(=O)c1ccc2ccc3ccc(C(=O)N(CCCC)CCCC)nc3c2n1,CCCCN(CCCC)C(=O)c1ccc2ccc3ccc(C(=O)N(CCCC)CCCC)nc3c2n1,False,True,True,8,"N4,O4","23:O:2.18,101:O:2.23,111:N:2.36,11:O:2.37,33:N:2.38,89:O:2.45,36:N:2.46,114:N:2.52",2.515113736696145,2.17797255346513,True,ok
932ef4e2c665,,66,Dy,3,O=C(O)CN(CCO)CCN(CC(=O)O)CC(=O)O,"[0, 2, 4, 7, 10, 13, 14, 17]","[""O(ester_carbonyl)"", ""O(hydroxyl)"", ""N(amine)"", ""O(hydroxyl)"", ""N(amine)"", ""O(ester_carbonyl)"", ""O(hydroxyl)"", ""O(ester_carbonyl)""]",8,8,1,nitrate,nitrate,0,/nfs/home/nshank3/lanthanide_dataset_builder/data/geometries/Dy/Dy_Z66_ox3_CN8_nlig1_nitrate_932ef4e2c665.xyz,/nfs/home/nshank3/lanthanide_dataset_builder/data/geometries/Dy/Dy_Z66_ox3_CN8_nlig1_nitrate_932ef4e2c665.mol2,,-1758.0996583451038,ok,built (standard attempt 1),accepted,O=C(O)CN(CCO)CCN(CC(=O)O)CC(=O)O,O=C(O)CN(CCO)CCN(CC(=O)O)CC(=O)O,False,True,True,6,"N2,O4","1:O:2.12,18:O:2.12,14:O:2.15,8:O:2.36,5:N:2.41,11:N:2.62",2.6232920134161892,2.1238897439111417,False,ok
ba3d00daee31,,69,Tm,3,CCN(C(=O)c1cccc(C(=O)N(CC)c2ccc(C)cc2)n1)c1ccc(C)cc1,"[4, 11, 22]","[""O(amide_carbonyl)"", ""O(amide_carbonyl)"", ""N(aromatic)""]",3,8,2,nitrate,nitrate,2,/nfs/home/nshank3/lanthanide_dataset_builder/data/geometries/Tm/Tm_Z69_ox3_CN8_nlig2_nitrate_ba3d00daee31.xyz,/nfs/home/nshank3/lanthanide_dataset_builder/data/geometries/Tm/Tm_Z69_ox3_CN8_nlig2_nitrate_ba3d00daee31.mol2,,-5007.472856064878,ok,built (standard attempt 1),accepted,CCN(C(=O)c1cccc(C(=O)N(CC)c2ccc(C)cc2)n1)c1ccc(C)cc1,CCN(C(=O)c1cccc(C(=O)N(CC)c2ccc(C)cc2)n1)c1ccc(C)cc1,False,True,True,9,"N3,O6","62:O:2.11,118:O:2.13,69:O:2.13,117:O:2.17,5:O:2.17,80:N:2.32,12:O:2.36,115:N:2.48,23:N:2.49",2.494409426979357,2.106976716264042,False,ok
c389650f6ed2,,58,Ce,3,CCN(C(=O)c1cccc(C(=O)N(CC)c2ccc(C)cc2)n1)c1ccc(C)cc1,"[4, 11, 22]","[""O(amide_carbonyl)"", ""O(amide_carbonyl)"", ""N(aromatic)""]",3,9,3,nitrate,nitrate,0,/nfs/home/nshank3/lanthanide_dataset_builder/data/geometries/Ce/Ce_Z58_ox3_CN9_nlig3_nitrate_c389650f6ed2.xyz,/nfs/home/nshank3/lanthanide_dataset_builder/data/geometries/Ce/Ce_Z58_ox3_CN9_nlig3_nitrate_c389650f6ed2.mol2,,-6881.6334804789785,ok,built (standard attempt 1),accepted,CCN(C(=O)c1cccc(C(=O)N(CC)c2ccc(C)cc2)n1)c1ccc(C)cc1,CCN(C(=O)c1cccc(C(=O)N(CC)c2ccc(C)cc2)n1)c1ccc(C)cc1,False,True,True,9,"N3,O6","69:O:2.20,62:O:2.23,126:O:2.26,5:O:2.27,119:O:2.29,12:O:2.31,23:N:2.61,80:N:2.63,137:N:2.67",2.6693263772822142,2.2014083063103684,True,ok
c0ebc570b8f1,,71,Lu,3,CCCCCCc1ccc(N(CC)C(=O)c2cccc(-c3cccc(C(=O)N(CC)c4ccc(CCCCCC)cc4)n3)n2)cc1,"[14, 26, 42, 43]","[""O(amide_carbonyl)"", ""O(amide_carbonyl)"", ""N(aromatic)"", ""N(aromatic)""]",4,8,2,nitrate,nitrate,0,/nfs/home/nshank3/lanthanide_dataset_builder/data/geometries/Lu/Lu_Z71_ox3_CN8_nlig2_nitrate_c0ebc570b8f1.xyz,/nfs/home/nshank3/lanthanide_dataset_builder/data/geometries/Lu/Lu_Z71_ox3_CN8_nlig2_nitrate_c0ebc570b8f1.mol2,,-7132.448727402028,ok,built (standard attempt 1),accepted,CCCCCCc1ccc(N(CC)C(=O)c2cccc(-c3cccc(C(=O)N(CC)c4ccc(CCCCCC)cc4)n3)n2)cc1,CCCCCCc1ccc(N(CC)C(=O)c2cccc(-c3cccc(C(=O)N(CC)c4ccc(CCCCCC)cc4)n3)n2)cc1,False,True,True,8,"N4,O4","123:O:2.05,111:O:2.06,27:O:2.09,15:O:2.13,140:N:2.36,139:N:2.37,44:N:2.38,43:N:2.39",2.3900849653164804,2.0535132601934443,True,ok
e2bb2cfe2897,,58,Ce,3,CCCCCCc1ccc(N(CC)C(=O)c2cccc(-c3cccc(C(=O)N(CC)c4ccc(CCCCCC)cc4)n3)n2)cc1,"[14, 26, 42, 43]","[""O(amide_carbonyl)"", ""O(amide_carbonyl)"", ""N(aromatic)"", ""N(aromatic)""]",4,9,2,nitrate,nitrate,1,/nfs/home/nshank3/lanthanide_dataset_builder/data/geometries/Ce/Ce_Z58_ox3_CN9_nlig2_nitrate_e2bb2cfe2897.xyz,/nfs/home/nshank3/lanthanide_dataset_builder/data/geometries/Ce/Ce_Z58_ox3_CN9_nlig2_nitrate_e2bb2cfe2897.mol2,,-7272.766333054216,ok,built (standard attempt 1),accepted,CCCCCCc1ccc(N(CC)C(=O)c2cccc(-c3cccc(C(=O)N(CC)c4ccc(CCCCCC)cc4)n3)n2)cc1,CCCCCCc1ccc(N(CC)C(=O)c2cccc(-c3cccc(C(=O)N(CC)c4ccc(CCCCCC)cc4)n3)n2)cc1,False,True,True,9,"N4,O5","111:O:2.35,27:O:2.43,123:O:2.49,15:O:2.51,43:N:2.51,140:N:2.52,139:N:2.53,44:N:2.57,193:O:2.93",2.9329849549976497,2.3505202190502956,True,ok
f804d5d017c2,,57,La,3,CCCCCCCCN(C)C(=O)COCC(=O)N(C)CCCCCCCC,"[11, 13, 16]","[""O(amide_carbonyl)"", ""O(ether)"", ""O(amide_carbonyl)""]",3,9,3,nitrate,nitrate,0,/nfs/home/nshank3/lanthanide_dataset_builder/data/geometries/La/La_Z57_ox3_CN9_nlig3_nitrate_f804d5d017c2.xyz,/nfs/home/nshank3/lanthanide_dataset_builder/data/geometries/La/La_Z57_ox3_CN9_nlig3_nitrate_f804d5d017c2.mol2,,-7160.075522556594,ok,built (standard attempt 1),accepted,CCCCCCCCN(C)C(=O)COCC(=O)N(C)CCCCCCCC,CCCCCCCCN(C)C(=O)COCC(=O)N(C)CCCCCCCC,False,True,True,9,O9,"154:O:2.44,17:O:2.47,85:O:2.53,159:O:2.54,83:O:2.61,88:O:2.63,14:O:2.69,12:O:2.70,156:O:2.76",2.7572652446505947,2.4421857691416617,True,ok
36e15ccb1383,,68,Er,3,CCCCCCN(CCCCCC)C(=O)CC(=O)N(CCCCCC)CCCCCC,"[14, 17]","[""O(amide_carbonyl)"", ""O(amide_carbonyl)""]",2,8,4,nitrate,nitrate,0,/nfs/home/nshank3/lanthanide_dataset_builder/data/geometries/Er/Er_Z68_ox3_CN8_nlig4_nitrate_36e15ccb1383.xyz,/nfs/home/nshank3/lanthanide_dataset_builder/data/geometries/Er/Er_Z68_ox3_CN8_nlig4_nitrate_36e15ccb1383.mol2,,-10824.046029955536,ok,built (standard attempt 1),accepted,CCCCCCN(CCCCCC)C(=O)CC(=O)N(CCCCCC)CCCCCC,CCCCCCN(CCCCCC)C(=O)CC(=O)N(CCCCCC)CCCCCC,False,True,True,8,O8,"270:O:2.38,188:O:2.38,100:O:2.39,103:O:2.44,15:O:2.48,18:O:2.50,185:O:2.56,273:O:3.07",3.0726985619611717,2.3790928703494916,True,ok
d911b763086a,,65,Tb,3,CCCCCCCCN(CCCCCCCC)C(=O)CC(=O)N(CCCCCCCC)CCCCCCCC,"[18, 21]","[""O(amide_carbonyl)"", ""O(amide_carbonyl)""]",2,8,4,nitrate,nitrate,0,/nfs/home/nshank3/lanthanide_dataset_builder/data/geometries/Tb/Tb_Z65_ox3_CN8_nlig4_nitrate_d911b763086a.xyz,/nfs/home/nshank3/lanthanide_dataset_builder/data/geometries/Tb/Tb_Z65_ox3_CN8_nlig4_nitrate_d911b763086a.mol2,,-13578.61639040144,ok,built (standard attempt 1),accepted,CCCCCCCCN(CCCCCCCC)C(=O)CC(=O)N(CCCCCCCC)CCCCCCCC,CCCCCCCCN(CCCCCCCC)C(=O)CC(=O)N(CCCCCCCC)CCCCCCCC,False,True,True,8,O8,"128:O:2.18,19:O:2.21,349:O:2.41,131:O:2.46,22:O:2.47,240:O:2.47,346:O:2.76,237:O:2.77",2.772838894523966,2.182228397021602,True,ok
bcc96fe0b456,,66,Dy,3,CCCCCCN(CCCCCC)C(=O)CC(=O)N(CCCCCC)CCCCCC,"[14, 17]","[""O(amide_carbonyl)"", ""O(amide_carbonyl)""]",2,8,4,nitrate,nitrate,0,/nfs/home/nshank3/lanthanide_dataset_builder/data/geometries/Dy/Dy_Z66_ox3_CN8_nlig4_nitrate_bcc96fe0b456.xyz,/nfs/home/nshank3/lanthanide_dataset_builder/data/geometries/Dy/Dy_Z66_ox3_CN8_nlig4_nitrate_bcc96fe0b456.mol2,,-10826.211780442956,ok,built (standard attempt 1),accepted,CCCCCCN(CCCCCC)C(=O)CC(=O)N(CCCCCC)CCCCCC,CCCCCCN(CCCCCC)C(=O)CC(=O)N(CCCCCC)CCCCCC,False,True,True,8,O8,"103:O:2.24,185:O:2.27,15:O:2.35,18:O:2.36,273:O:2.45,100:O:2.48,188:O:2.49,270:O:2.59",2.5884951413221167,2.2448576702628347,True,ok
9cb117b39426,,60,Nd,3,CCCCCCCCN(C)C(=O)CC(=O)N(C)CCCCCCCC,"[11, 14]","[""O(amide_carbonyl)"", ""O(amide_carbonyl)""]",2,9,4,nitrate,nitrate,1,/nfs/home/nshank3/lanthanide_dataset_builder/data/geometries/Nd/Nd_Z60_ox3_CN9_nlig4_nitrate_9cb117b39426.xyz,/nfs/home/nshank3/lanthanide_dataset_builder/data/geometries/Nd/Nd_Z60_ox3_CN9_nlig4_nitrate_9cb117b39426.mol2,,-8897.94778325871,ok,built (standard attempt 1),accepted,CCCCCCCCN(C)C(=O)CC(=O)N(C)CCCCCCCC,CCCCCCCCN(C)C(=O)CC(=O)N(C)CCCCCCCC,False,True,True,9,O9,"12:O:2.26,79:O:2.35,213:O:2.39,146:O:2.45,149:O:2.51,216:O:2.70,269:O:2.81,82:O:2.86,15:O:2.90",2.899246825564949,2.2572113626186754,True,ok
36570cc1ffa3,,59,Pr,3,CC1(C)CCC(C)(C)c2nc(-c3cccc(-c4cccc(-c5nnc6c(n5)C(C)(C)CCC6(C)C)n4)n3)nnc21,"[9, 22, 23, 26, 35, 36, 37, 38]","[""N(aromatic)"", ""N(aromatic)"", ""N(aromatic)"", ""N(aromatic)"", ""N(aromatic)"", ""N(aromatic)"", ""N(aromatic)"", ""N(aromatic)""]",8,9,1,nitrate,nitrate,1,/nfs/home/nshank3/lanthanide_dataset_builder/data/geometries/Pr/Pr_Z59_ox3_CN9_nlig1_nitrate_36570cc1ffa3.xyz,/nfs/home/nshank3/lanthanide_dataset_builder/data/geometries/Pr/Pr_Z59_ox3_CN9_nlig1_nitrate_36570cc1ffa3.mol2,,-3162.6169217402776,ok,built (standard attempt 1),accepted,CC1(C)CCC(C)(C)c2nc(-c3cccc(-c4cccc(-c5nnc6c(n5)C(C)(C)CCC6(C)C)n4)n3)nnc21,CC1(C)CCC(C)(C)c2nc(-c3cccc(-c4cccc(-c5nnc6c(n5)C(C)(C)CCC6(C)C)n4)n3)nnc21,False,True,True,6,"N5,O1","23:N:2.34,38:N:2.36,24:N:2.39,79:O:2.57,37:N:2.59,36:N:2.60",2.598221017991808,2.3424501097601818,False,ok
05f5c88c078b,,63,Eu,3,CCN(C(=O)c1ccc2ccc3ccc(C(=O)N(CC)c4ccc(C)cc4)nc3c2n1)c1ccc(C)cc1,"[4, 16, 27, 30]","[""O(amide_carbonyl)"", ""O(amide_carbonyl)"", ""N(aromatic)"", ""N(aromatic)""]",4,9,2,nitrate,nitrate,1,/nfs/home/nshank3/lanthanide_dataset_builder/data/geometries/Eu/Eu_Z63_ox3_CN9_nlig2_nitrate_05f5c88c078b.xyz,/nfs/home/nshank3/lanthanide_dataset_builder/data/geometries/Eu/Eu_Z63_ox3_CN9_nlig2_nitrate_05f5c88c078b.mol2,,-5784.591353233779,ok,built (standard attempt 1),accepted,CCN(C(=O)c1ccc2ccc3ccc(C(=O)N(CC)c4ccc(C)cc4)nc3c2n1)c1ccc(C)cc1,CCN(C(=O)c1ccc2ccc3ccc(C(=O)N(CC)c4ccc(C)cc4)nc3c2n1)c1ccc(C)cc1,False,True,True,9,"N4,O5","28:N:2.29,99:N:2.29,85:O:2.32,17:O:2.34,96:N:2.35,31:N:2.35,5:O:2.36,73:O:2.38,137:O:2.79",2.7918222895103626,2.291603691022258,True,ok
81535e73c150,,59,Pr,3,CCCCCCN(CCC(C)CCC=C(C)C)C(=O)COCC(=O)N(CCCCCC)CCC(C)CCC=C(C)C,"[18, 20, 23]","[""O(amide_carbonyl)"", ""O(ether)"", ""O(amide_carbonyl)""]",3,9,3,water,water,0,/nfs/home/nshank3/lanthanide_dataset_builder/data/geometries/Pr/Pr_Z59_ox3_CN9_nlig3_water_81535e73c150.xyz,/nfs/home/nshank3/lanthanide_dataset_builder/data/geometries/Pr/Pr_Z59_ox3_CN9_nlig3_water_81535e73c150.mol2,,-10603.51011952848,ok,built (standard attempt 1),accepted,CCCCCCN(CCC(C)CCC=C(C)C)C(=O)COCC(=O)N(CCCCCC)CCC(C)CCC=C(C)C,CCCCCCN(CCC(C)CCC=C(C)C)C(=O)COCC(=O)N(CCCCCC)CCC(C)CCC=C(C)C,False,True,True,9,O9,"128:O:2.24,242:O:2.29,24:O:2.33,130:O:2.41,133:O:2.50,237:O:2.51,19:O:2.64,239:O:2.70,21:O:3.00",3.002261817530719,2.2433718192874026,True,ok
152d8aff1d8c,,69,Tm,3,CCCCCCN(CCC(C)CCCC(C)C)C(=O)COCC(=O)N(CCCCCC)CCC(C)CCCC(C)C,"[18, 20, 23]","[""O(amide_carbonyl)"", ""O(ether)"", ""O(amide_carbonyl)""]",3,8,2,water,water,2,/nfs/home/nshank3/lanthanide_dataset_builder/data/geometries/Tm/Tm_Z69_ox3_CN8_nlig2_water_152d8aff1d8c.xyz,/nfs/home/nshank3/lanthanide_dataset_builder/data/geometries/Tm/Tm_Z69_ox3_CN8_nlig2_water_152d8aff1d8c.mol2,,-7458.118828490721,ok,built (standard attempt 1),accepted,CCCCCCN(CCC(C)CCCC(C)C)C(=O)COCC(=O)N(CCCCCC)CCC(C)CCCC(C)C,CCCCCCN(CCC(C)CCCC(C)C)C(=O)COCC(=O)N(CCCCCC)CCC(C)CCCC(C)C,False,True,True,8,O8,"137:O:2.13,24:O:2.15,132:O:2.35,19:O:2.43,227:O:2.46,134:O:2.53,21:O:2.63,230:O:2.65",2.654739119483143,2.127295142503359,True,ok
7090c77a2fc2,,71,Lu,3,CCCCCCCCP(=O)(CCCCCCCC)Cc1cccc(CP(=O)(CCCCCCCC)CCCCCCCC)[n+]1[O-],"[9, 26, 44]","[""O(ether)"", ""O(ether)"", ""O(ether)""]",3,8,2,water,water,2,/nfs/home/nshank3/lanthanide_dataset_builder/data/geometries/Lu/Lu_Z71_ox3_CN8_nlig2_water_7090c77a2fc2.xyz,/nfs/home/nshank3/lanthanide_dataset_builder/data/geometries/Lu/Lu_Z71_ox3_CN8_nlig2_water_7090c77a2fc2.mol2,,-8008.837285875135,ok,built (standard attempt 1),accepted,CCCCCCCCP(=O)(CCCCCCCC)Cc1cccc(CP(=O)(CCCCCCCC)CCCCCCCC)[n+]1[O-],CCCCCCCCP(=O)(CCCCCCCC)Cc1cccc(CP(=O)(CCCCCCCC)CCCCCCCC)[n+]1[O-],False,True,True,8,O8,"147:O:2.24,27:O:2.26,165:O:2.28,45:O:2.34,10:O:2.39,130:O:2.44,244:O:2.65,241:O:2.84",2.838172767222385,2.2394725341523185,True,ok
7cee7f336f10,,63,Eu,3,CCOP(=O)(OCC)c1ccc2ccc3ccc(P(=O)(OCC)OCC)nc3c2n1,"[2, 4, 5, 19, 20, 23, 26, 29]","[""O(ether)"", ""O(ether)"", ""O(ether)"", ""O(ether)"", ""O(ether)"", ""O(ether)"", ""N(aromatic)"", ""N(aromatic)""]",8,9,1,nitrate,nitrate,1,/nfs/home/nshank3/lanthanide_dataset_builder/data/geometries/Eu/Eu_Z63_ox3_CN9_nlig1_nitrate_7cee7f336f10.xyz,/nfs/home/nshank3/lanthanide_dataset_builder/data/geometries/Eu/Eu_Z63_ox3_CN9_nlig1_nitrate_7cee7f336f10.mol2,,-2627.444677082221,ok,built (standard attempt 1),accepted,CCOP(=O)(OCC)c1ccc2ccc3ccc(P(=O)(OCC)OCC)nc3c2n1,CCOP(=O)(OCC)c1ccc2ccc3ccc(P(=O)(OCC)OCC)nc3c2n1,False,True,True,7,"N2,O5","24:O:2.36,3:O:2.38,30:N:2.40,27:N:2.44,21:O:2.57,57:O:2.59,6:O:2.60",2.6028093870763698,2.3613852822412995,False,ok
ffeead124530,,64,Gd,3,CCCCCCCCN(CCCCCCCC)C(=O)COCC(=O)N(CCCCCCCC)CCCCCCCC,"[18, 20, 23]","[""O(amide_carbonyl)"", ""O(ether)"", ""O(amide_carbonyl)""]",3,9,3,nitrate,nitrate,0,/nfs/home/nshank3/lanthanide_dataset_builder/data/geometries/Gd/Gd_Z64_ox3_CN9_nlig3_nitrate_ffeead124530.xyz,/nfs/home/nshank3/lanthanide_dataset_builder/data/geometries/Gd/Gd_Z64_ox3_CN9_nlig3_nitrate_ffeead124530.mol2,,-10774.29525516429,ok,built (standard attempt 2),accepted,CCCCCCCCN(CCCCCCCC)C(=O)COCC(=O)N(CCCCCCCC)CCCCCCCC,CCCCCCCCN(CCCCCCCC)C(=O)COCC(=O)N(CCCCCCCC)CCCCCCCC,False,True,True,9,O9,"24:O:2.29,245:O:2.35,250:O:2.37,132:O:2.39,137:O:2.46,19:O:2.59,134:O:2.60,21:O:2.62,247:O:2.66",2.6647042890496078,2.2926570551861407,True,ok
fbc5bc0bae10,,65,Tb,3,CCCCCCCCCCN(CCCCCCCCCC)C(=O)C(C)OC(C)C(=O)N(CCCCCCCCCC)CCCCCCCCCC,"[22, 25, 29]","[""O(amide_carbonyl)"", ""O(ether)"", ""O(amide_carbonyl)""]",3,8,2,nitrate,nitrate,2,/nfs/home/nshank3/lanthanide_dataset_builder/data/geometries/Tb/Tb_Z65_ox3_CN8_nlig2_nitrate_fbc5bc0bae10.xyz,/nfs/home/nshank3/lanthanide_dataset_builder/data/geometries/Tb/Tb_Z65_ox3_CN8_nlig2_nitrate_fbc5bc0bae10.mol2,,-9326.988076775917,ok,built (standard attempt 1),accepted,CCCCCCCCCCN(CCCCCCCCCC)C(=O)C(C)OC(C)C(=O)N(CCCCCCCCCC)CCCCCCCCCC,CCCCCCCCCCN(CCCCCCCCCC)C(=O)C(C)OC(C)C(=O)N(CCCCCCCCCC)CCCCCCCCCC,False,True,True,9,"N1,O8","290:O:2.06,289:O:2.16,30:O:2.23,173:O:2.27,166:O:2.47,287:N:2.47,169:O:2.50,23:O:2.52,26:O:2.63",2.6271814628646357,2.061318166125316,False,ok
86c497c70791,,63,Eu,3,CCCCCCCCCCN(CCCCCCCCCC)C(=O)COCC(=O)N(CCCCCC)CCCCCC,"[22, 24, 27]","[""O(amide_carbonyl)"", ""O(ether)"", ""O(amide_carbonyl)""]",3,9,3,nitrate,nitrate,0,/nfs/home/nshank3/lanthanide_dataset_builder/data/geometries/Eu/Eu_Z63_ox3_CN9_nlig3_nitrate_86c497c70791.xyz,/nfs/home/nshank3/lanthanide_dataset_builder/data/geometries/Eu/Eu_Z63_ox3_CN9_nlig3_nitrate_86c497c70791.mol2,,-10775.12556913792,ok,built (standard attempt 1),accepted,CCCCCCCCCCN(CCCCCCCCCC)C(=O)COCC(=O)N(CCCCCC)CCCCCC,CCCCCCCCCCN(CCCCCCCCCC)C(=O)COCC(=O)N(CCCCCC)CCCCCC,False,True,True,9,O9,"28:O:2.29,141:O:2.30,23:O:2.42,254:O:2.48,249:O:2.54,138:O:2.57,136:O:2.63,251:O:2.67,25:O:2.75",2.7520163318426025,2.2855100161425046,True,ok
9ae8d8b17a3a,,60,Nd,3,CCN(CC)C(=O)COCC(=O)N(CC)CC,"[6, 8, 11]","[""O(amide_carbonyl)"", ""O(ether)"", ""O(amide_carbonyl)""]",3,9,3,nitrate,nitrate,0,/nfs/home/nshank3/lanthanide_dataset_builder/data/geometries/Nd/Nd_Z60_ox3_CN9_nlig3_nitrate_9ae8d8b17a3a.xyz,/nfs/home/nshank3/lanthanide_dataset_builder/data/geometries/Nd/Nd_Z60_ox3_CN9_nlig3_nitrate_9ae8d8b17a3a.mol2,,-4576.914441730615,ok,built (standard attempt 1),accepted,CCN(CC)C(=O)COCC(=O)N(CC)CC,CCN(CC)C(=O)COCC(=O)N(CC)CC,False,True,True,9,O9,"53:O:2.28,94:O:2.29,12:O:2.29,48:O:2.31,7:O:2.31,89:O:2.32,50:O:2.42,9:O:2.45,91:O:2.47",2.467020758227563,2.2815630380518175,True,ok
ba4db0bfd97a,,63,Eu,3,CCCCCCCCN(CCCCCCCC)C(=O)COC(C(=O)N(CCCCCCCC)CCCCCCCC)c1ccccc1,"[18, 20, 23]","[""O(amide_carbonyl)"", ""O(ether)"", ""O(amide_carbonyl)""]",3,9,3,nitrate,nitrate,0,/nfs/home/nshank3/lanthanide_dataset_builder/data/geometries/Eu/Eu_Z63_ox3_CN9_nlig3_nitrate_ba4db0bfd97a.xyz,/nfs/home/nshank3/lanthanide_dataset_builder/data/geometries/Eu/Eu_Z63_ox3_CN9_nlig3_nitrate_ba4db0bfd97a.mol2,,-11989.605907855925,ok,built (standard attempt 1),accepted,CCCCCCCCN(CCCCCCCC)C(=O)COC(C(=O)N(CCCCCCCC)CCCCCCCC)c1ccccc1,CCCCCCCCN(CCCCCCCC)C(=O)COC(C(=O)N(CCCCCCCC)CCCCCCCC)c1ccccc1,False,True,True,9,O9,"142:O:2.17,19:O:2.18,24:O:2.44,270:O:2.47,265:O:2.52,21:O:2.54,267:O:3.02,147:O:3.10,144:O:3.11",3.110646299753369,2.1685025456179137,True,ok
6f2b8ea84d8f,,69,Tm,3,CCCCCCCCN(CCCCCCCC)C(=O)COCC(=O)N(CCCCCCCC)CCCCCCCC,"[18, 20, 23]","[""O(amide_carbonyl)"", ""O(ether)"", ""O(amide_carbonyl)""]",3,8,2,water,water,2,/nfs/home/nshank3/lanthanide_dataset_builder/data/geometries/Tm/Tm_Z69_ox3_CN8_nlig2_water_6f2b8ea84d8f.xyz,/nfs/home/nshank3/lanthanide_dataset_builder/data/geometries/Tm/Tm_Z69_ox3_CN8_nlig2_water_6f2b8ea84d8f.mol2,,-7457.389993754766,ok,built (standard attempt 1),accepted,CCCCCCCCN(CCCCCCCC)C(=O)COCC(=O)N(CCCCCCCC)CCCCCCCC,CCCCCCCCN(CCCCCCCC)C(=O)COCC(=O)N(CCCCCCCC)CCCCCCCC,False,True,True,8,O8,"132:O:2.17,24:O:2.19,19:O:2.26,21:O:2.40,227:O:2.42,134:O:2.44,137:O:2.47,230:O:2.49",2.4870599344219726,2.174127399800056,True,ok
ee75af6cd41a,,59,Pr,3,CCCCCCCCN(CCCCCCCC)C(=O)COCCOCC(=O)N(CCCCCCCC)CCCCCCCC,"[18, 20, 23, 26]","[""O(amide_carbonyl)"", ""O(ether)"", ""O(ether)"", ""O(amide_carbonyl)""]",4,9,2,nitrate,nitrate,1,/nfs/home/nshank3/lanthanide_dataset_builder/data/geometries/Pr/Pr_Z59_ox3_CN9_nlig2_nitrate_ee75af6cd41a.xyz,/nfs/home/nshank3/lanthanide_dataset_builder/data/geometries/Pr/Pr_Z59_ox3_CN9_nlig2_nitrate_ee75af6cd41a.mol2,,-7887.44656620625,ok,built (standard attempt 1),accepted,CCCCCCCCN(CCCCCCCC)C(=O)COCCOCC(=O)N(CCCCCCCC)CCCCCCCC,CCCCCCCCN(CCCCCCCC)C(=O)COCCOCC(=O)N(CCCCCCCC)CCCCCCCC,False,True,True,9,O9,"139:O:2.28,19:O:2.29,147:O:2.41,27:O:2.46,24:O:2.48,144:O:2.50,21:O:2.54,141:O:2.68,241:O:2.82",2.818305633297833,2.2834931487516363,True,ok
b7bfe4c62b95,,66,Dy,3,CCCCCCCCCCN(CCCCCCCCCC)C(=O)[C@H](C)O[C@H](CC)C(=O)N(CCCCCCCCCC)CCCCCCCCCC,"[22, 25, 30]","[""O(amide_carbonyl)"", ""O(ether)"", ""O(amide_carbonyl)""]",3,8,2,nitrate,nitrate,2,/nfs/home/nshank3/lanthanide_dataset_builder/data/geometries/Dy/Dy_Z66_ox3_CN8_nlig2_nitrate_b7bfe4c62b95.xyz,/nfs/home/nshank3/lanthanide_dataset_builder/data/geometries/Dy/Dy_Z66_ox3_CN8_nlig2_nitrate_b7bfe4c62b95.mol2,,-9498.096409674616,ok,built (standard attempt 1),accepted,CCCCCCCCCCN(CCCCCCCCCC)C(=O)[C@H](C)O[C@H](CC)C(=O)N(CCCCCCCCCC)CCCCCCCCCC,CCCCCCCCCCN(CCCCCCCCCC)C(=O)[C@H](C)O[C@H](CC)C(=O)N(CCCCCCCCCC)CCCCCCCCCC,False,True,True,9,"N1,O8","296:O:2.07,169:O:2.15,31:O:2.15,295:O:2.22,23:O:2.31,293:N:2.38,177:O:2.53,172:O:2.70,26:O:2.99",2.9898631930049264,2.0726726786518173,False,ok
644ba168e77c,,68,Er,3,CCCCCCCCN(CCCCCCCC)C(=O)[C@H](CCC)O[C@H](CCC)C(=O)N(CCCCCCCC)CCCCCCCC,"[18, 23, 29]","[""O(amide_carbonyl)"", ""O(ether)"", ""O(amide_carbonyl)""]",3,8,2,nitrate,nitrate,2,/nfs/home/nshank3/lanthanide_dataset_builder/data/geometries/Er/Er_Z68_ox3_CN8_nlig2_nitrate_644ba168e77c.xyz,/nfs/home/nshank3/lanthanide_dataset_builder/data/geometries/Er/Er_Z68_ox3_CN8_nlig2_nitrate_644ba168e77c.mol2,,-8637.275033197116,ok,built (standard attempt 1),accepted,CCCCCCCCN(CCCCCCCC)C(=O)[C@H](CCC)O[C@H](CCC)C(=O)N(CCCCCCCC)CCCCCCCC,CCCCCCCCN(CCCCCCCC)C(=O)[C@H](CCC)O[C@H](CCC)C(=O)N(CCCCCCCC)CCCCCCCC,False,True,True,9,"N1,O8","265:O:2.07,266:O:2.20,150:O:2.20,30:O:2.23,161:O:2.33,263:N:2.41,24:O:2.59,155:O:2.67,19:O:2.70",2.6995916748001405,2.069426335168874,False,ok
ffd50c00b3c9,,71,Lu,3,CCCCCCCCN(CCCCCCCC)C(=O)[C@H](C)O[C@@H](CC)C(=O)N(CCCCCCCC)CCCCCCCC,"[18, 21, 26]","[""O(amide_carbonyl)"", ""O(ether)"", ""O(amide_carbonyl)""]",3,8,2,nitrate,nitrate,2,/nfs/home/nshank3/lanthanide_dataset_builder/data/geometries/Lu/Lu_Z71_ox3_CN8_nlig2_nitrate_ffd50c00b3c9.xyz,/nfs/home/nshank3/lanthanide_dataset_builder/data/geometries/Lu/Lu_Z71_ox3_CN8_nlig2_nitrate_ffd50c00b3c9.mol2,,-8120.297434985363,ok,built (standard attempt 1),accepted,CCCCCCCCN(CCCCCCCC)C(=O)[C@H](C)O[C@@H](CC)C(=O)N(CCCCCCCC)CCCCCCCC,CCCCCCCCN(CCCCCCCC)C(=O)[C@H](C)O[C@@H](CC)C(=O)N(CCCCCCCC)CCCCCCCC,False,True,True,9,"N1,O8","149:O:2.03,248:O:2.03,247:O:2.04,141:O:2.06,19:O:2.19,22:O:2.36,245:N:2.38,144:O:2.39,27:O:2.64",2.6394527235389216,2.030050603464141,False,ok
459f887bb756,,63,Eu,3,CCCCCc1nnc(-c2cccc(-c3cccc(-c4nnc(CCCCC)c(CCCCC)n4)n3)n2)nc1CCCCC,"[6, 7, 20, 21, 34, 35, 36, 37]","[""N(aromatic)"", ""N(aromatic)"", ""N(aromatic)"", ""N(aromatic)"", ""N(aromatic)"", ""N(aromatic)"", ""N(aromatic)"", ""N(aromatic)""]",8,9,1,water,water,1,/nfs/home/nshank3/lanthanide_dataset_builder/data/geometries/Eu/Eu_Z63_ox3_CN9_nlig1_water_459f887bb756.xyz,/nfs/home/nshank3/lanthanide_dataset_builder/data/geometries/Eu/Eu_Z63_ox3_CN9_nlig1_water_459f887bb756.mol2,,-3560.130712164729,ok,built (standard attempt 1),accepted,CCCCCc1nnc(-c2cccc(-c3cccc(-c4nnc(CCCCC)c(CCCCC)n4)n3)n2)nc1CCCCC,CCCCCc1nnc(-c2cccc(-c3cccc(-c4nnc(CCCCC)c(CCCCC)n4)n3)n2)nc1CCCCC,False,True,True,8,"N7,O1","21:N:2.25,8:N:2.28,22:N:2.34,95:O:2.49,36:N:2.53,7:N:2.64,37:N:2.80,35:N:3.19",3.1923381140725797,2.2501351527769518,False,ok
94022ba2aba3,,65,Tb,3,CC12CCC(c3nnc(-c4cccc(-c5nnc6c(n5)C5(C)CCC6C5(C)C)n4)nc31)C2(C)C,"[6, 7, 15, 16, 19, 28, 29]","[""N(aromatic)"", ""N(aromatic)"", ""N(aromatic)"", ""N(aromatic)"", ""N(aromatic)"", ""N(aromatic)"", ""N(aromatic)""]",7,8,1,nitrate,nitrate,1,/nfs/home/nshank3/lanthanide_dataset_builder/data/geometries/Tb/Tb_Z65_ox3_CN8_nlig1_nitrate_94022ba2aba3.xyz,/nfs/home/nshank3/lanthanide_dataset_builder/data/geometries/Tb/Tb_Z65_ox3_CN8_nlig1_nitrate_94022ba2aba3.mol2,,-2688.8842459520865,ok,built (standard attempt 1),accepted,CC12CCC(c3nnc(-c4cccc(-c5nnc6c(n5)C5(C)CCC6C5(C)C)n4)nc31)C2(C)C,CC12CCC(c3nnc(-c4cccc(-c5nnc6c(n5)C5(C)CCC6C5(C)C)n4)nc31)C2(C)C,False,True,True,7,"N6,O1","16:N:2.13,29:N:2.30,30:N:2.37,66:O:2.51,17:N:2.62,7:N:2.90,8:N:2.99",2.9852718237489895,2.128284639006223,False,ok
91de4635830b,,71,Lu,3,O=C(c1cc(Cl)c2ccc3c(Cl)cc(C(=O)N4CCCC4)nc3c2n1)N1CCCC1,"[0, 15, 21, 24]","[""O(amide_carbonyl)"", ""O(amide_carbonyl)"", ""N(aromatic)"", ""N(aromatic)""]",4,8,2,nitrate,nitrate,0,/nfs/home/nshank3/lanthanide_dataset_builder/data/geometries/Lu/Lu_Z71_ox3_CN8_nlig2_nitrate_91de4635830b.xyz,/nfs/home/nshank3/lanthanide_dataset_builder/data/geometries/Lu/Lu_Z71_ox3_CN8_nlig2_nitrate_91de4635830b.mol2,,-4698.330961505949,ok,built (standard attempt 1),accepted,O=C(c1cc(Cl)c2ccc3c(Cl)cc(C(=O)N4CCCC4)nc3c2n1)N1CCCC1,O=C(c1cc(Cl)c2ccc3c(Cl)cc(C(=O)N4CCCC4)nc3c2n1)N1CCCC1,False,True,True,8,"N4,O4","1:O:2.09,51:O:2.09,16:O:2.10,66:O:2.18,75:N:2.41,22:N:2.43,25:N:2.44,72:N:2.46",2.455684284889117,2.091873774484101,True,ok
03f87059d30f,,58,Ce,3,CC(C)CCCC(C)CCCCN(C)C(=O)COCC(=O)N(C)CCCCC(C)CCCC(C)C,"[15, 17, 20]","[""O(amide_carbonyl)"", ""O(ether)"", ""O(amide_carbonyl)""]",3,9,3,water,water,0,/nfs/home/nshank3/lanthanide_dataset_builder/data/geometries/Ce/Ce_Z58_ox3_CN9_nlig3_water_03f87059d30f.xyz,/nfs/home/nshank3/lanthanide_dataset_builder/data/geometries/Ce/Ce_Z58_ox3_CN9_nlig3_water_03f87059d30f.mol2,,-9225.646878589712,ok,built (standard attempt 2),accepted,CC(C)CCCC(C)CCCCN(C)C(=O)COCC(=O)N(C)CCCCC(C)CCCC(C)C,CC(C)CCCC(C)CCCCN(C)C(=O)COCC(=O)N(C)CCCCC(C)CCCC(C)C,False,True,True,8,O8,"16:O:2.18,211:O:2.23,21:O:2.27,111:O:2.39,116:O:2.45,18:O:2.57,208:O:2.81,113:O:2.95",2.945048617961841,2.1773746525912934,False,ok
3ba1ae8a2e42,,58,Ce,3,CCCCN(CCCC)C(=O)COCC(=O)N(CCCC)CCCC,"[10, 12, 15]","[""O(amide_carbonyl)"", ""O(ether)"", ""O(amide_carbonyl)""]",3,9,3,nitrate,nitrate,0,/nfs/home/nshank3/lanthanide_dataset_builder/data/geometries/Ce/Ce_Z58_ox3_CN9_nlig3_nitrate_3ba1ae8a2e42.xyz,/nfs/home/nshank3/lanthanide_dataset_builder/data/geometries/Ce/Ce_Z58_ox3_CN9_nlig3_nitrate_3ba1ae8a2e42.mol2,,-6643.416709704982,ok,built (standard attempt 1),accepted,CCCCN(CCCC)C(=O)COCC(=O)N(CCCC)CCCC,CCCCN(CCCC)C(=O)COCC(=O)N(CCCC)CCCC,False,True,True,9,O9,"16:O:2.25,76:O:2.30,146:O:2.40,81:O:2.42,141:O:2.48,78:O:2.52,11:O:2.52,13:O:2.65,143:O:2.80",2.799694273836124,2.245509832194399,True,ok
d37d47878554,,58,Ce,3,CCCN(CCC)C(=O)COCC(=O)N(CCC)CCC,"[8, 10, 13]","[""O(amide_carbonyl)"", ""O(ether)"", ""O(amide_carbonyl)""]",3,9,3,nitrate,nitrate,0,/nfs/home/nshank3/lanthanide_dataset_builder/data/geometries/Ce/Ce_Z58_ox3_CN9_nlig3_nitrate_d37d47878554.xyz,/nfs/home/nshank3/lanthanide_dataset_builder/data/geometries/Ce/Ce_Z58_ox3_CN9_nlig3_nitrate_d37d47878554.mol2,,-5609.496452801573,ok,built (standard attempt 1),accepted,CCCN(CCC)C(=O)COCC(=O)N(CCC)CCC,CCCN(CCC)C(=O)COCC(=O)N(CCC)CCC,False,True,True,9,O9,"14:O:2.27,62:O:2.32,9:O:2.33,120:O:2.33,67:O:2.41,115:O:2.44,117:O:2.50,11:O:2.51,64:O:2.74",2.736134445661821,2.271512103117426,True,ok
10baf97b18c4,,64,Gd,3,CCCCCCCCN(CCCCCCCC)C(=O)[C@H](C)O[C@@H](C)C(=O)N(CCCCCCCC)CCCCCCCC,"[18, 21, 25]","[""O(amide_carbonyl)"", ""O(ether)"", ""O(amide_carbonyl)""]",3,9,3,nitrate,nitrate,0,/nfs/home/nshank3/lanthanide_dataset_builder/data/geometries/Gd/Gd_Z64_ox3_CN9_nlig3_nitrate_10baf97b18c4.xyz,/nfs/home/nshank3/lanthanide_dataset_builder/data/geometries/Gd/Gd_Z64_ox3_CN9_nlig3_nitrate_10baf97b18c4.mol2,,-11289.593092763664,ok,built (standard attempt 1),accepted,CCCCCCCCN(CCCCCCCC)C(=O)[C@H](C)O[C@@H](C)C(=O)N(CCCCCCCC)CCCCCCCC,CCCCCCCCN(CCCCCCCC)C(=O)[C@H](C)O[C@@H](C)C(=O)N(CCCCCCCC)CCCCCCCC,False,True,True,9,O9,"264:O:2.16,19:O:2.45,257:O:2.50,145:O:2.50,138:O:2.54,260:O:2.56,141:O:2.62,26:O:2.64,22:O:2.68",2.681219246319456,2.1621797907776905,True,ok
ef5a86eedea6,,62,Sm,3,CC(C)CCCCCP(=O)(CC(=O)N(CC(C)C)CC(C)C)c1ccccc1,"[9, 12]","[""O(ether)"", ""O(amide_carbonyl)""]",2,9,4,nitrate,nitrate,1,/nfs/home/nshank3/lanthanide_dataset_builder/data/geometries/Sm/Sm_Z62_ox3_CN9_nlig4_nitrate_ef5a86eedea6.xyz,/nfs/home/nshank3/lanthanide_dataset_builder/data/geometries/Sm/Sm_Z62_ox3_CN9_nlig4_nitrate_ef5a86eedea6.mol2,,-9556.43686311616,ok,built (standard attempt 1),accepted,CC(C)CCCCCP(=O)(CC(=O)N(CC(C)C)CC(C)C)c1ccccc1,CC(C)CCCCCP(=O)(CC(=O)N(CC(C)C)CC(C)C)c1ccccc1,False,True,True,9,O9,"10:O:2.27,150:O:2.36,220:O:2.47,153:O:2.50,13:O:2.53,281:O:2.54,80:O:2.59,223:O:2.59,83:O:2.72",2.718733036863487,2.2715838367401773,True,ok
1f9fe069510d,,66,Dy,3,CCCCCCCCN(CC)C(=O)COCC(=O)N(CC)CCCCCCCC,"[12, 14, 17]","[""O(amide_carbonyl)"", ""O(ether)"", ""O(amide_carbonyl)""]",3,8,2,water,water,2,/nfs/home/nshank3/lanthanide_dataset_builder/data/geometries/Dy/Dy_Z66_ox3_CN8_nlig2_water_1f9fe069510d.xyz,/nfs/home/nshank3/lanthanide_dataset_builder/data/geometries/Dy/Dy_Z66_ox3_CN8_nlig2_water_1f9fe069510d.mol2,,-5390.861874314066,ok,built (standard attempt 1),accepted,CCCCCCCCN(CC)C(=O)COCC(=O)N(CC)CCCCCCCC,CCCCCCCCN(CC)C(=O)COCC(=O)N(CC)CCCCCCCC,False,True,True,8,O8,"95:O:2.15,13:O:2.19,18:O:2.21,90:O:2.30,15:O:2.39,92:O:2.55,155:O:2.58,158:O:2.71",2.7116023114407417,2.147437821635105,True,ok
a6516ffeed2a,,57,La,3,CCCCCCN(CCCCCC)C(=O)COCC(=O)N(CCCCCC)CCCCCC,"[14, 16, 19]","[""O(amide_carbonyl)"", ""O(ether)"", ""O(amide_carbonyl)""]",3,9,3,nitrate,nitrate,0,/nfs/home/nshank3/lanthanide_dataset_builder/data/geometries/La/La_Z57_ox3_CN9_nlig3_nitrate_a6516ffeed2a.xyz,/nfs/home/nshank3/lanthanide_dataset_builder/data/geometries/La/La_Z57_ox3_CN9_nlig3_nitrate_a6516ffeed2a.mol2,,-8712.495853490313,ok,built (standard attempt 1),accepted,CCCCCCN(CCCCCC)C(=O)COCC(=O)N(CCCCCC)CCCCCC,CCCCCCN(CCCCCC)C(=O)COCC(=O)N(CCCCCC)CCCCCC,False,True,True,9,O9,"104:O:2.33,15:O:2.36,193:O:2.38,20:O:2.44,198:O:2.49,109:O:2.50,195:O:2.57,17:O:2.58,106:O:2.59",2.5874114058316486,2.331829713071276,True,ok
1c200b75910f,,68,Er,3,CCCCC(CC)CN(CC(CC)CCCC)C(=O)COCC(=O)N(CC(CC)CCCC)CC(CC)CCCC,"[18, 20, 23]","[""O(amide_carbonyl)"", ""O(ether)"", ""O(amide_carbonyl)""]",3,8,2,water,water,2,/nfs/home/nshank3/lanthanide_dataset_builder/data/geometries/Er/Er_Z68_ox3_CN8_nlig2_water_1c200b75910f.xyz,/nfs/home/nshank3/lanthanide_dataset_builder/data/geometries/Er/Er_Z68_ox3_CN8_nlig2_water_1c200b75910f.mol2,,-7457.144981465666,ok,built (standard attempt 1),accepted,CCCCC(CC)CN(CC(CC)CCCC)C(=O)COCC(=O)N(CC(CC)CCCC)CC(CC)CCCC,CCCCC(CC)CN(CC(CC)CCCC)C(=O)COCC(=O)N(CC(CC)CCCC)CC(CC)CCCC,False,True,True,8,O8,"19:O:2.18,137:O:2.28,24:O:2.34,132:O:2.39,21:O:2.48,230:O:2.51,134:O:2.52,227:O:2.62",2.620456053412106,2.1768400651352753,True,ok
d385338b84da,,63,Eu,3,O=C(COCC(=O)N1CCCCC1)N1CCCCC1,"[0, 3, 6]","[""O(amide_carbonyl)"", ""O(ether)"", ""O(amide_carbonyl)""]",3,9,3,water,water,0,/nfs/home/nshank3/lanthanide_dataset_builder/data/geometries/Eu/Eu_Z63_ox3_CN9_nlig3_water_d385338b84da.xyz,/nfs/home/nshank3/lanthanide_dataset_builder/data/geometries/Eu/Eu_Z63_ox3_CN9_nlig3_water_d385338b84da.mol2,,-4927.643075816485,ok,built (standard attempt 1),accepted,O=C(COCC(=O)N1CCCCC1)N1CCCCC1,O=C(COCC(=O)N1CCCCC1)N1CCCCC1,False,True,True,9,O9,"87:O:2.22,44:O:2.30,93:O:2.32,1:O:2.33,50:O:2.33,7:O:2.38,90:O:2.55,47:O:2.62,4:O:2.79",2.7866431060360237,2.220127376282994,True,ok
20465e7ee3e2,,57,La,3,CCCCCc1nnc(-c2cccc(-c3cccc(-c4nnc(CCCCC)c(CCCCC)n4)n3)n2)nc1CCCCC,"[6, 7, 20, 21, 34, 35, 36, 37]","[""N(aromatic)"", ""N(aromatic)"", ""N(aromatic)"", ""N(aromatic)"", ""N(aromatic)"", ""N(aromatic)"", ""N(aromatic)"", ""N(aromatic)""]",8,9,1,nitrate,nitrate,1,/nfs/home/nshank3/lanthanide_dataset_builder/data/geometries/La/La_Z57_ox3_CN9_nlig1_nitrate_20465e7ee3e2.xyz,/nfs/home/nshank3/lanthanide_dataset_builder/data/geometries/La/La_Z57_ox3_CN9_nlig1_nitrate_20465e7ee3e2.mol2,,-3563.574411354615,ok,built (standard attempt 1),accepted,CCCCCc1nnc(-c2cccc(-c3cccc(-c4nnc(CCCCC)c(CCCCC)n4)n3)n2)nc1CCCCC,CCCCCc1nnc(-c2cccc(-c3cccc(-c4nnc(CCCCC)c(CCCCC)n4)n3)n2)nc1CCCCC,False,True,True,5,"N4,O1","21:N:2.43,8:N:2.51,36:N:2.56,37:N:2.58,95:O:2.75",2.749649975910005,2.4284410012400084,False,ok
d686408b6267,,69,Tm,3,CCCc1nnc(-c2cccc(-c3nnc(CCC)c(CCC)n3)n2)nc1CCC,"[4, 5, 13, 14, 23, 24, 25]","[""N(aromatic)"", ""N(aromatic)"", ""N(aromatic)"", ""N(aromatic)"", ""N(aromatic)"", ""N(aromatic)"", ""N(aromatic)""]",7,8,1,nitrate,nitrate,1,/nfs/home/nshank3/lanthanide_dataset_builder/data/geometries/Tm/Tm_Z69_ox3_CN8_nlig1_nitrate_d686408b6267.xyz,/nfs/home/nshank3/lanthanide_dataset_builder/data/geometries/Tm/Tm_Z69_ox3_CN8_nlig1_nitrate_d686408b6267.mol2,,-2454.9082697448966,ok,built (standard attempt 1),accepted,CCCc1nnc(-c2cccc(-c3nnc(CCC)c(CCC)n3)n2)nc1CCC,CCCc1nnc(-c2cccc(-c3nnc(CCC)c(CCC)n3)n2)nc1CCC,False,True,True,6,"N5,O1","14:N:2.16,5:N:2.22,6:N:2.32,25:N:2.54,62:O:2.58,15:N:2.71",2.7078093689178875,2.164076199299755,False,ok
cbaab9141d24,,63,Eu,3,CCCCCCN(CCCCCC)C(=O)COCC(=O)N1CCCCC1,"[14, 16, 19]","[""O(amide_carbonyl)"", ""O(ether)"", ""O(amide_carbonyl)""]",3,9,3,nitrate,nitrate,0,/nfs/home/nshank3/lanthanide_dataset_builder/data/geometries/Eu/Eu_Z63_ox3_CN9_nlig3_nitrate_cbaab9141d24.xyz,/nfs/home/nshank3/lanthanide_dataset_builder/data/geometries/Eu/Eu_Z63_ox3_CN9_nlig3_nitrate_cbaab9141d24.mol2,,-6818.569732825466,ok,built (standard attempt 1),accepted,CCCCCCN(CCCCCC)C(=O)COCC(=O)N1CCCCC1,CCCCCCN(CCCCCC)C(=O)COCC(=O)N1CCCCC1,False,True,True,9,O9,"81:O:2.23,15:O:2.31,149:O:2.39,86:O:2.41,147:O:2.43,152:O:2.43,83:O:2.53,20:O:2.56,17:O:2.83",2.8271440703195165,2.2276106529336297,True,ok
611528cad430,,63,Eu,3,CCCCCCC(CCCC)CCCN(C)C(=O)COCC(=O)N(C)CCCC(CCCC)CCCCCC,"[17, 19, 22]","[""O(amide_carbonyl)"", ""O(ether)"", ""O(amide_carbonyl)""]",3,9,3,water,water,0,/nfs/home/nshank3/lanthanide_dataset_builder/data/geometries/Eu/Eu_Z63_ox3_CN9_nlig3_water_611528cad430.xyz,/nfs/home/nshank3/lanthanide_dataset_builder/data/geometries/Eu/Eu_Z63_ox3_CN9_nlig3_water_611528cad430.mol2,,-10256.903278502625,ok,built (standard attempt 1),accepted,CCCCCCC(CCCC)CCCN(C)C(=O)COCC(=O)N(C)CCCC(CCCC)CCCCCC,CCCCCCC(CCCC)CCCN(C)C(=O)COCC(=O)N(C)CCCC(CCCC)CCCCCC,False,True,True,8,O8,"237:O:2.28,18:O:2.30,232:O:2.33,234:O:2.43,130:O:2.43,125:O:2.51,20:O:2.72,23:O:2.76",2.7558290429914267,2.279796346881526,False,ok
32c5ca2ccd68,,68,Er,3,CCCCCCCCN(CCCCCCCC)C(=O)CN(CC(=O)N(CCCCCCCC)CCCCCCCC)CC(=O)N(CCCCCCCC)CCCCCCCC,"[18, 20, 23, 43]","[""O(amide_carbonyl)"", ""N(amine)"", ""O(amide_carbonyl)"", ""O(amide_carbonyl)""]",4,8,2,nitrate,nitrate,0,/nfs/home/nshank3/lanthanide_dataset_builder/data/geometries/Er/Er_Z68_ox3_CN8_nlig2_nitrate_32c5ca2ccd68.xyz,/nfs/home/nshank3/lanthanide_dataset_builder/data/geometries/Er/Er_Z68_ox3_CN8_nlig2_nitrate_32c5ca2ccd68.mol2,,-3367.342802444496,ok_simplified_ligand,original_ligtype_failed_simplified_success,accepted,CCCCCCCCN(CCCCCCCC)C(=O)CN(CC(=O)N(CCCCCCCC)CCCCCCCC)CC(=O)N(CCCCCCCC)CCCCCCCC,CN(C)C(=O)CN(CC(=O)N(C)C)CC(=O)N(C)C,True,True,True,8,"N2,O6","5:O:2.11,16:O:2.12,48:O:2.15,59:O:2.19,53:O:2.27,10:O:2.35,50:N:2.85,7:N:3.02",3.0224178569458817,2.106911436844633,True,ok
0ab3f3c24f19,,63,Eu,3,CC(C)(C)c1ccc(NCC(=O)c2cccc(C(=O)CNc3ccc(C(C)(C)C)cc3)n2)cc1,"[8, 11, 18, 20, 31]","[""N(amine)"", ""O(carbonyl)"", ""O(carbonyl)"", ""N(amine)"", ""N(aromatic)""]",5,9,1,nitrate,nitrate,4,/nfs/home/nshank3/lanthanide_dataset_builder/data/geometries/Eu/Eu_Z63_ox3_CN9_nlig1_nitrate_0ab3f3c24f19.xyz,/nfs/home/nshank3/lanthanide_dataset_builder/data/geometries/Eu/Eu_Z63_ox3_CN9_nlig1_nitrate_0ab3f3c24f19.mol2,,-3477.177273133148,ok,built (standard attempt 1),accepted,CC(C)(C)c1ccc(NCC(=O)c2cccc(C(=O)CNc3ccc(C(C)(C)C)cc3)n2)cc1,CC(C)(C)c1ccc(NCC(=O)c2cccc(C(=O)CNc3ccc(C(C)(C)C)cc3)n2)cc1,False,True,True,11,"N5,O6","76:O:2.06,77:O:2.06,73:O:2.09,72:O:2.10,74:N:2.41,70:N:2.44,32:N:2.46,19:O:2.52,9:N:2.80,12:O:2.97,21:N:3.05",3.0491755052177694,2.0569587784613894,False,ok
583ace8b123c,,62,Sm,3,CCCCCCCCCCCCN(CCCCCCCCCCCC)C(=O)COCCOCC(=O)N(CCCCCCCCCCCC)CCCCCCCCCCCC,"[26, 28, 31, 34]","[""O(amide_carbonyl)"", ""O(ether)"", ""O(ether)"", ""O(amide_carbonyl)""]",4,9,2,nitrate,nitrate,1,/nfs/home/nshank3/lanthanide_dataset_builder/data/geometries/Sm/Sm_Z62_ox3_CN9_nlig2_nitrate_583ace8b123c.xyz,/nfs/home/nshank3/lanthanide_dataset_builder/data/geometries/Sm/Sm_Z62_ox3_CN9_nlig2_nitrate_583ace8b123c.mol2,,-3064.037103164484,ok_simplified_ligand,original_ligtype_failed_simplified_success,accepted,CCCCCCCCCCCCN(CCCCCCCCCCCC)C(=O)COCCOCC(=O)N(CCCCCCCCCCCC)CCCCCCCCCCCC,CN(C)C(=O)COCCOCC(=O)N(C)C,True,True,True,9,O9,"49:O:2.31,5:O:2.34,13:O:2.34,41:O:2.35,43:O:2.49,7:O:2.49,46:O:2.54,10:O:2.55,73:O:2.78",2.7757884888349986,2.3117738487812325,True,ok
679cd0805bfd,,63,Eu,3,CCCCCCCCCCCCNC(=O)c1cc(=O)cc(C(=O)NCCCCCCCCCCCC)o1,"[14, 18, 22, 36]","[""O(amide_carbonyl)"", ""O(carbonyl)"", ""O(amide_carbonyl)"", ""O(ether)""]",4,9,2,nitrate,nitrate,1,/nfs/home/nshank3/lanthanide_dataset_builder/data/geometries/Eu/Eu_Z63_ox3_CN9_nlig2_nitrate_679cd0805bfd.xyz,/nfs/home/nshank3/lanthanide_dataset_builder/data/geometries/Eu/Eu_Z63_ox3_CN9_nlig2_nitrate_679cd0805bfd.mol2,,-6450.429226690151,ok,built (large_ligand_deep attempt 2),accepted,CCCCCCCCCCCCNC(=O)c1cc(=O)cc(C(=O)NCCCCCCCCCCCC)o1,CCCCCCCCCCCCNC(=O)c1cc(=O)cc(C(=O)NCCCCCCCCCCCC)o1,False,True,True,9,O9,"106:O:2.37,15:O:2.41,23:O:2.56,183:O:2.67,114:O:2.78,110:O:2.79,37:O:2.83,128:O:2.99,19:O:3.09",3.0948901603012304,2.369402171422031,True,ok
68c904700053,,63,Eu,3,CCCCCCCCN(CCCCCCCC)C(=S)c1ccc2ccc3ccc(C(=S)N(CCCCCCCC)CCCCCCCC)nc3c2n1,"[8, 18, 30, 31, 48, 51]","[""N(amine)"", ""S(donor)"", ""S(donor)"", ""N(amine)"", ""N(aromatic)"", ""N(aromatic)""]",6,9,1,water,water,3,/nfs/home/nshank3/lanthanide_dataset_builder/data/geometries/Eu/Eu_Z63_ox3_CN9_nlig1_water_68c904700053.xyz,/nfs/home/nshank3/lanthanide_dataset_builder/data/geometries/Eu/Eu_Z63_ox3_CN9_nlig1_water_68c904700053.mol2,,-4615.654671756515,ok,built (standard attempt 1),accepted,CCCCCCCCN(CCCCCCCC)C(=S)c1ccc2ccc3ccc(C(=S)N(CCCCCCCC)CCCCCCCC)nc3c2n1,CCCCCCCCN(CCCCCCCC)C(=S)c1ccc2ccc3ccc(C(=S)N(CCCCCCCC)CCCCCCCC)nc3c2n1,False,True,True,7,"N2,O3,S2","52:N:2.50,133:O:2.50,130:O:2.52,49:N:2.54,127:O:2.58,31:S:2.83,19:S:2.88",2.8849345811649796,2.4999558096607717,False,ok
98f74c951744,,59,Pr,3,CN(C(=O)c1cccc(C(=O)N(C)c2ccccc2)n1)c1ccccc1,"[3, 10, 19]","[""O(amide_carbonyl)"", ""O(amide_carbonyl)"", ""N(aromatic)""]",3,9,3,nitrate,nitrate,0,/nfs/home/nshank3/lanthanide_dataset_builder/data/geometries/Pr/Pr_Z59_ox3_CN9_nlig3_nitrate_98f74c951744.xyz,/nfs/home/nshank3/lanthanide_dataset_builder/data/geometries/Pr/Pr_Z59_ox3_CN9_nlig3_nitrate_98f74c951744.mol2,,-5845.456168622112,ok,built (standard attempt 1),accepted,CN(C(=O)c1cccc(C(=O)N(C)c2ccccc2)n1)c1ccccc1,CN(C(=O)c1cccc(C(=O)N(C)c2ccccc2)n1)c1ccccc1,False,True,True,9,"N3,O6","56:O:2.32,11:O:2.37,94:O:2.37,4:O:2.43,49:O:2.43,101:O:2.49,65:N:2.49,20:N:2.53,110:N:2.54",2.5446191954871016,2.3237723302973268,True,ok
10b161466831,,70,Yb,3,CCCCCCCCN(CCCCCCCC)C(=O)c1ccc2ccc3ccc(C(=O)N(CCCCCCCC)CCCCCCCC)nc3c2n1,"[18, 30, 48, 51]","[""O(amide_carbonyl)"", ""O(amide_carbonyl)"", ""N(aromatic)"", ""N(aromatic)""]",4,8,2,water,water,0,/nfs/home/nshank3/lanthanide_dataset_builder/data/geometries/Yb/Yb_Z70_ox3_CN8_nlig2_water_10b161466831.xyz,/nfs/home/nshank3/lanthanide_dataset_builder/data/geometries/Yb/Yb_Z70_ox3_CN8_nlig2_water_10b161466831.mol2,,-8499.724696839923,ok,built (standard attempt 1),accepted,CCCCCCCCN(CCCCCCCC)C(=O)c1ccc2ccc3ccc(C(=O)N(CCCCCCCC)CCCCCCCC)nc3c2n1,CCCCCCCCN(CCCCCCCC)C(=O)c1ccc2ccc3ccc(C(=O)N(CCCCCCCC)CCCCCCCC)nc3c2n1,False,True,True,8,"N4,O4","19:O:2.20,175:N:2.29,52:N:2.30,157:O:2.36,178:N:2.43,145:O:2.47,49:N:2.55,31:O:2.71",2.7122197777339436,2.2007460836463637,True,ok
0bf6d3175147,,64,Gd,3,CCCCCCCCN(CCCCCCCC)C(=O)C(C)OC(C)C(=O)N(CCCCCCCC)CCCCCCCC,"[18, 21, 25]","[""O(amide_carbonyl)"", ""O(ether)"", ""O(amide_carbonyl)""]",3,9,3,nitrate,nitrate,0,/nfs/home/nshank3/lanthanide_dataset_builder/data/geometries/Gd/Gd_Z64_ox3_CN9_nlig3_nitrate_0bf6d3175147.xyz,/nfs/home/nshank3/lanthanide_dataset_builder/data/geometries/Gd/Gd_Z64_ox3_CN9_nlig3_nitrate_0bf6d3175147.mol2,,-11292.056227050549,ok,built (standard attempt 1),accepted,CCCCCCCCN(CCCCCCCC)C(=O)C(C)OC(C)C(=O)N(CCCCCCCC)CCCCCCCC,CCCCCCCCN(CCCCCCCC)C(=O)C(C)OC(C)C(=O)N(CCCCCCCC)CCCCCCCC,False,True,True,9,O9,"264:O:2.20,145:O:2.21,138:O:2.41,141:O:2.46,19:O:2.46,26:O:2.49,260:O:2.57,257:O:2.63,22:O:2.72",2.7233761005734727,2.2036398161441846,True,ok
d204b76094fd,,65,Tb,3,CN(C(=O)CC(=O)N(C)c1ccccc1)c1ccccc1,"[3, 6]","[""O(amide_carbonyl)"", ""O(amide_carbonyl)""]",2,8,4,nitrate,nitrate,0,/nfs/home/nshank3/lanthanide_dataset_builder/data/geometries/Tb/Tb_Z65_ox3_CN8_nlig4_nitrate_d204b76094fd.xyz,/nfs/home/nshank3/lanthanide_dataset_builder/data/geometries/Tb/Tb_Z65_ox3_CN8_nlig4_nitrate_d204b76094fd.mol2,,-6487.76618397318,ok,built (standard attempt 1),accepted,CN(C(=O)CC(=O)N(C)c1ccccc1)c1ccccc1,CN(C(=O)CC(=O)N(C)c1ccccc1)c1ccccc1,False,True,True,8,O8,"4:O:2.24,82:O:2.32,85:O:2.38,43:O:2.42,7:O:2.44,121:O:2.61,46:O:2.62,124:O:2.66",2.6614346024094666,2.242914931281583,True,ok
f8d2de87160c,,68,Er,3,CCCCCCCCN(C)C(=O)C(CCOCCCCCC)C(=O)N(C)CCCCCCCC,"[11, 15, 23]","[""O(amide_carbonyl)"", ""O(ether)"", ""O(amide_carbonyl)""]",3,8,2,nitrate,nitrate,2,/nfs/home/nshank3/lanthanide_dataset_builder/data/geometries/Er/Er_Z68_ox3_CN8_nlig2_nitrate_f8d2de87160c.xyz,/nfs/home/nshank3/lanthanide_dataset_builder/data/geometries/Er/Er_Z68_ox3_CN8_nlig2_nitrate_f8d2de87160c.mol2,,-6400.207306048635,ok,built (standard attempt 1),accepted,CCCCCCCCN(C)C(=O)C(CCOCCCCCC)C(=O)N(C)CCCCCCCC,CCCCCCCCN(C)C(=O)C(CCOCCCCCC)C(=O)N(C)CCCCCCCC,False,True,True,9,"N1,O8","188:O:2.07,187:O:2.17,116:O:2.20,12:O:2.23,24:O:2.28,104:O:2.32,185:N:2.44,108:O:2.52,16:O:2.78",2.778852559926767,2.065054611796061,False,ok
874e7dab0087,,63,Eu,3,CCN(C(=O)c1cccc(-c2cccc(C(=O)N(CC)c3ccc(C)cc3C)n2)n1)c1ccc(C)cc1C,"[4, 16, 28, 29]","[""O(amide_carbonyl)"", ""O(amide_carbonyl)"", ""N(aromatic)"", ""N(aromatic)""]",4,9,2,nitrate,nitrate,1,/nfs/home/nshank3/lanthanide_dataset_builder/data/geometries/Eu/Eu_Z63_ox3_CN9_nlig2_nitrate_874e7dab0087.xyz,/nfs/home/nshank3/lanthanide_dataset_builder/data/geometries/Eu/Eu_Z63_ox3_CN9_nlig2_nitrate_874e7dab0087.mol2,,-5895.31326421403,ok,built (standard attempt 1),accepted,CCN(C(=O)c1cccc(-c2cccc(C(=O)N(CC)c3ccc(C)cc3C)n2)n1)c1ccc(C)cc1C,CCN(C(=O)c1cccc(-c2cccc(C(=O)N(CC)c3ccc(C)cc3C)n2)n1)c1ccc(C)cc1C,False,True,True,9,"N4,O5","5:O:2.31,89:O:2.42,17:O:2.46,77:O:2.50,30:N:2.52,101:N:2.56,29:N:2.58,102:N:2.66,145:O:2.66",2.65745074761753,2.3063608786691185,True,ok
a9e51bdcf3d2,,64,Gd,3,CCN(C(=O)c1cccc(-c2cccc(C(=O)N(CC)c3ccccc3)n2)n1)c1ccccc1,"[4, 16, 26, 27]","[""O(amide_carbonyl)"", ""O(amide_carbonyl)"", ""N(aromatic)"", ""N(aromatic)""]",4,9,2,nitrate,nitrate,1,/nfs/home/nshank3/lanthanide_dataset_builder/data/geometries/Gd/Gd_Z64_ox3_CN9_nlig2_nitrate_a9e51bdcf3d2.xyz,/nfs/home/nshank3/lanthanide_dataset_builder/data/geometries/Gd/Gd_Z64_ox3_CN9_nlig2_nitrate_a9e51bdcf3d2.mol2,,-5204.314223264822,ok,built (standard attempt 1),accepted,CCN(C(=O)c1cccc(-c2cccc(C(=O)N(CC)c3ccccc3)n2)n1)c1ccccc1,CCN(C(=O)c1cccc(-c2cccc(C(=O)N(CC)c3ccccc3)n2)n1)c1ccccc1,False,True,True,9,"N4,O5","5:O:2.29,28:N:2.29,87:N:2.29,17:O:2.30,65:O:2.31,27:N:2.33,88:N:2.34,77:O:2.37,121:O:2.87",2.873731581736244,2.290599052278118,True,ok
20004d3bcbb4,,66,Dy,3,CCCCCCCCN(C(=O)c1ccc2ccc3cccnc3c2n1)c1ccc(C)cc1,"[10, 21, 24]","[""O(amide_carbonyl)"", ""N(aromatic)"", ""N(aromatic)""]",3,8,2,nitrate,nitrate,2,/nfs/home/nshank3/lanthanide_dataset_builder/data/geometries/Dy/Dy_Z66_ox3_CN8_nlig2_nitrate_20004d3bcbb4.xyz,/nfs/home/nshank3/lanthanide_dataset_builder/data/geometries/Dy/Dy_Z66_ox3_CN8_nlig2_nitrate_20004d3bcbb4.mol2,,-5247.62760819029,ok,built (standard attempt 1),accepted,CCCCCCCCN(C(=O)c1ccc2ccc3cccnc3c2n1)c1ccc(C)cc1,CCCCCCCCN(C(=O)c1ccc2ccc3cccnc3c2n1)c1ccc(C)cc1,False,True,True,9,"N5,O4","74:O:2.14,129:O:2.16,130:O:2.17,88:N:2.34,127:N:2.36,85:N:2.42,22:N:2.47,25:N:2.61,11:O:2.62",2.6179579596097424,2.1414021627410205,False,ok
4e47a8aea4f6,,62,Sm,3,CCCCN(CCCC)C(=O)CCC(=O)N(CCCC)CCCC,"[10, 14]","[""O(amide_carbonyl)"", ""O(amide_carbonyl)""]",2,9,4,nitrate,nitrate,1,/nfs/home/nshank3/lanthanide_dataset_builder/data/geometries/Sm/Sm_Z62_ox3_CN9_nlig4_nitrate_4e47a8aea4f6.xyz,/nfs/home/nshank3/lanthanide_dataset_builder/data/geometries/Sm/Sm_Z62_ox3_CN9_nlig4_nitrate_4e47a8aea4f6.mol2,,-8553.891408822243,ok,built (standard attempt 1),accepted,CCCCN(CCCC)C(=O)CCC(=O)N(CCCC)CCCC,CCCCN(CCCC)C(=O)CCC(=O)N(CCCC)CCCC,False,True,True,8,O8,"143:O:2.27,79:O:2.28,203:O:2.37,75:O:2.50,11:O:2.67,15:O:2.72,207:O:2.86,139:O:2.98",2.9754748166117495,2.2681471937952957,False,ok
ce70558c9c09,,69,Tm,3,CCCCN(CCCC)C(=O)c1ccc2ccc3ccc(C(=O)N(CCCC)CCCC)nc3c2n1,"[10, 22, 32, 35]","[""O(amide_carbonyl)"", ""O(amide_carbonyl)"", ""N(aromatic)"", ""N(aromatic)""]",4,8,2,nitrate,nitrate,0,/nfs/home/nshank3/lanthanide_dataset_builder/data/geometries/Tm/Tm_Z69_ox3_CN8_nlig2_nitrate_ce70558c9c09.xyz,/nfs/home/nshank3/lanthanide_dataset_builder/data/geometries/Tm/Tm_Z69_ox3_CN8_nlig2_nitrate_ce70558c9c09.mol2,,-5745.236403567866,ok,built (standard attempt 1),accepted,CCCCN(CCCC)C(=O)c1ccc2ccc3ccc(C(=O)N(CCCC)CCCC)nc3c2n1,CCCCN(CCCC)C(=O)c1ccc2ccc3ccc(C(=O)N(CCCC)CCCC)nc3c2n1,False,True,True,8,"N4,O4","11:O:2.14,89:O:2.16,23:O:2.16,33:N:2.21,114:N:2.21,101:O:2.23,36:N:2.23,111:N:2.25",2.2471446628288647,2.1434280345322705,True,ok
08ad5b34d70c,,60,Nd,3,O=C(O)CN(CCO)CCN(CC(=O)O)CC(=O)O,"[0, 2, 4, 7, 10, 13, 14, 17]","[""O(ester_carbonyl)"", ""O(hydroxyl)"", ""N(amine)"", ""O(hydroxyl)"", ""N(amine)"", ""O(ester_carbonyl)"", ""O(hydroxyl)"", ""O(ester_carbonyl)""]",8,9,1,nitrate,nitrate,1,/nfs/home/nshank3/lanthanide_dataset_builder/data/geometries/Nd/Nd_Z60_ox3_CN9_nlig1_nitrate_08ad5b34d70c.xyz,/nfs/home/nshank3/lanthanide_dataset_builder/data/geometries/Nd/Nd_Z60_ox3_CN9_nlig1_nitrate_08ad5b34d70c.mol2,,-1899.6650504130373,ok,built (standard attempt 1),accepted,O=C(O)CN(CCO)CCN(CC(=O)O)CC(=O)O,O=C(O)CN(CCO)CCN(CC(=O)O)CC(=O)O,False,True,True,7,"N2,O5","14:O:2.18,1:O:2.22,18:O:2.23,38:O:2.33,8:O:2.42,5:N:2.56,11:N:2.78",2.780078971750345,2.179231758705591,False,ok
20e7fddc1791,,64,Gd,3,CCN(C(=O)c1cccc(C(=O)N(CC)c2ccc(C)cc2)n1)c1ccc(C)cc1,"[4, 11, 22]","[""O(amide_carbonyl)"", ""O(amide_carbonyl)"", ""N(aromatic)""]",3,9,3,nitrate,nitrate,0,/nfs/home/nshank3/lanthanide_dataset_builder/data/geometries/Gd/Gd_Z64_ox3_CN9_nlig3_nitrate_20e7fddc1791.xyz,/nfs/home/nshank3/lanthanide_dataset_builder/data/geometries/Gd/Gd_Z64_ox3_CN9_nlig3_nitrate_20e7fddc1791.mol2,,-6880.41012304474,ok,built (standard attempt 1),accepted,CCN(C(=O)c1cccc(C(=O)N(CC)c2ccc(C)cc2)n1)c1ccc(C)cc1,CCN(C(=O)c1cccc(C(=O)N(CC)c2ccc(C)cc2)n1)c1ccc(C)cc1,False,True,True,9,"N3,O6","69:O:2.17,126:O:2.22,12:O:2.27,62:O:2.31,119:O:2.32,5:O:2.34,23:N:2.63,80:N:2.65,137:N:2.66",2.6620282861559352,2.1741814267480346,True,ok
245aab76c27a,,57,La,3,CCN(C(=O)c1cccc(C(=O)N(CC)c2ccc(C)cc2)n1)c1ccc(C)cc1,"[4, 11, 22]","[""O(amide_carbonyl)"", ""O(amide_carbonyl)"", ""N(aromatic)""]",3,9,3,nitrate,nitrate,0,/nfs/home/nshank3/lanthanide_dataset_builder/data/geometries/La/La_Z57_ox3_CN9_nlig3_nitrate_245aab76c27a.xyz,/nfs/home/nshank3/lanthanide_dataset_builder/data/geometries/La/La_Z57_ox3_CN9_nlig3_nitrate_245aab76c27a.mol2,,-6883.838802344668,ok,built (standard attempt 1),accepted,CCN(C(=O)c1cccc(C(=O)N(CC)c2ccc(C)cc2)n1)c1ccc(C)cc1,CCN(C(=O)c1cccc(C(=O)N(CC)c2ccc(C)cc2)n1)c1ccc(C)cc1,False,True,True,9,"N3,O6","5:O:2.27,12:O:2.32,119:O:2.33,62:O:2.33,126:O:2.34,69:O:2.35,137:N:2.50,23:N:2.52,80:N:2.54",2.5405159750896265,2.268308564923369,True,ok
088188ebcac6,,70,Yb,3,CCN(C(=O)c1cccc(C(=O)N(CC)c2ccccc2C)n1)c1ccccc1C,"[4, 11, 22]","[""O(amide_carbonyl)"", ""O(amide_carbonyl)"", ""N(aromatic)""]",3,8,2,nitrate,nitrate,2,/nfs/home/nshank3/lanthanide_dataset_builder/data/geometries/Yb/Yb_Z70_ox3_CN8_nlig2_nitrate_088188ebcac6.xyz,/nfs/home/nshank3/lanthanide_dataset_builder/data/geometries/Yb/Yb_Z70_ox3_CN8_nlig2_nitrate_088188ebcac6.mol2,,-5007.90910374043,ok,built (standard attempt 1),accepted,CCN(C(=O)c1cccc(C(=O)N(CC)c2ccccc2C)n1)c1ccccc1C,CCN(C(=O)c1cccc(C(=O)N(CC)c2ccccc2C)n1)c1ccccc1C,False,True,True,9,"N3,O6","117:O:2.06,118:O:2.07,62:O:2.23,69:O:2.24,5:O:2.26,12:O:2.27,115:N:2.40,23:N:2.41,80:N:2.42",2.4235905388647487,2.063069792434781,False,ok
4ec27284e1c5,,59,Pr,3,CCCCCCc1ccc(N(CC)C(=O)c2cccc(-c3cccc(C(=O)N(CC)c4ccc(CCCCCC)cc4)n3)n2)cc1,"[14, 26, 42, 43]","[""O(amide_carbonyl)"", ""O(amide_carbonyl)"", ""N(aromatic)"", ""N(aromatic)""]",4,9,2,nitrate,nitrate,1,/nfs/home/nshank3/lanthanide_dataset_builder/data/geometries/Pr/Pr_Z59_ox3_CN9_nlig2_nitrate_4ec27284e1c5.xyz,/nfs/home/nshank3/lanthanide_dataset_builder/data/geometries/Pr/Pr_Z59_ox3_CN9_nlig2_nitrate_4ec27284e1c5.mol2,,-7272.571174414549,ok,built (standard attempt 1),accepted,CCCCCCc1ccc(N(CC)C(=O)c2cccc(-c3cccc(C(=O)N(CC)c4ccc(CCCCCC)cc4)n3)n2)cc1,CCCCCCc1ccc(N(CC)C(=O)c2cccc(-c3cccc(C(=O)N(CC)c4ccc(CCCCCC)cc4)n3)n2)cc1,False,True,True,9,"N4,O5","15:O:2.22,123:O:2.30,44:N:2.36,139:N:2.42,27:O:2.44,43:N:2.49,111:O:2.58,140:N:2.61,193:O:2.73",2.729685755462741,2.223517124152375,True,ok
0e6590941a7e,,71,Lu,3,CCCCCCCCN(C)C(=O)COCC(=O)N(C)CCCCCCCC,"[11, 13, 16]","[""O(amide_carbonyl)"", ""O(ether)"", ""O(amide_carbonyl)""]",3,8,2,nitrate,nitrate,2,/nfs/home/nshank3/lanthanide_dataset_builder/data/geometries/Lu/Lu_Z71_ox3_CN8_nlig2_nitrate_0e6590941a7e.xyz,/nfs/home/nshank3/lanthanide_dataset_builder/data/geometries/Lu/Lu_Z71_ox3_CN8_nlig2_nitrate_0e6590941a7e.mol2,,-5193.961947440948,ok,built (standard attempt 1),accepted,CCCCCCCCN(C)C(=O)COCC(=O)N(C)CCCCCCCC,CCCCCCCCN(C)C(=O)COCC(=O)N(C)CCCCCCCC,False,True,True,9,"N1,O8","145:O:2.04,146:O:2.05,12:O:2.13,83:O:2.18,88:O:2.26,17:O:2.29,143:N:2.39,85:O:2.68,14:O:2.70",2.700009014252163,2.03915580523413,False,ok
d5355fd47e33,,65,Tb,3,CCCCCCN(CCCCCC)C(=O)CC(=O)N(CCCCCC)CCCCCC,"[14, 17]","[""O(amide_carbonyl)"", ""O(amide_carbonyl)""]",2,8,4,nitrate,nitrate,0,/nfs/home/nshank3/lanthanide_dataset_builder/data/geometries/Tb/Tb_Z65_ox3_CN8_nlig4_nitrate_d5355fd47e33.xyz,/nfs/home/nshank3/lanthanide_dataset_builder/data/geometries/Tb/Tb_Z65_ox3_CN8_nlig4_nitrate_d5355fd47e33.mol2,,-10823.485964133168,ok,built (standard attempt 1),accepted,CCCCCCN(CCCCCC)C(=O)CC(=O)N(CCCCCC)CCCCCC,CCCCCCN(CCCCCC)C(=O)CC(=O)N(CCCCCC)CCCCCC,False,True,True,7,O7,"273:O:2.24,15:O:2.30,100:O:2.43,185:O:2.47,103:O:2.48,18:O:2.51,188:O:2.85",2.8539237774152424,2.238394220665518,False,ok
75d4009f7aec,,66,Dy,3,CCCCCCCCN(CCCCCCCC)C(=O)CC(=O)N(CCCCCCCC)CCCCCCCC,"[18, 21]","[""O(amide_carbonyl)"", ""O(amide_carbonyl)""]",2,8,4,nitrate,nitrate,0,/nfs/home/nshank3/lanthanide_dataset_builder/data/geometries/Dy/Dy_Z66_ox3_CN8_nlig4_nitrate_75d4009f7aec.xyz,/nfs/home/nshank3/lanthanide_dataset_builder/data/geometries/Dy/Dy_Z66_ox3_CN8_nlig4_nitrate_75d4009f7aec.mol2,,-13578.91733083079,ok,built (standard attempt 2),accepted,CCCCCCCCN(CCCCCCCC)C(=O)CC(=O)N(CCCCCCCC)CCCCCCCC,CCCCCCCCN(CCCCCCCC)C(=O)CC(=O)N(CCCCCCCC)CCCCCCCC,False,True,True,8,O8,"19:O:2.26,128:O:2.35,240:O:2.49,349:O:2.50,22:O:2.69,131:O:2.71,237:O:2.77,346:O:2.84",2.840691674026076,2.2616838893255164,True,ok
9b8221fee813,,60,Nd,3,CCCCCCN(CCCCCC)C(=O)CC(=O)N(CCCCCC)CCCCCC,"[14, 17]","[""O(amide_carbonyl)"", ""O(amide_carbonyl)""]",2,9,4,nitrate,nitrate,1,/nfs/home/nshank3/lanthanide_dataset_builder/data/geometries/Nd/Nd_Z60_ox3_CN9_nlig4_nitrate_9b8221fee813.xyz,/nfs/home/nshank3/lanthanide_dataset_builder/data/geometries/Nd/Nd_Z60_ox3_CN9_nlig4_nitrate_9b8221fee813.mol2,,-10965.840913873646,ok,built (standard attempt 1),accepted,CCCCCCN(CCCCCC)C(=O)CC(=O)N(CCCCCC)CCCCCC,CCCCCCN(CCCCCC)C(=O)CC(=O)N(CCCCCC)CCCCCC,False,True,True,9,O9,"188:O:2.33,18:O:2.39,15:O:2.43,273:O:2.46,100:O:2.52,103:O:2.53,270:O:2.62,185:O:2.70,341:O:2.73",2.729304346605074,2.334064809606382,True,ok
f3977c66f8e4,,59,Pr,3,CCCCCCCCN(C)C(=O)CC(=O)N(C)CCCCCCCC,"[11, 14]","[""O(amide_carbonyl)"", ""O(amide_carbonyl)""]",2,9,4,nitrate,nitrate,1,/nfs/home/nshank3/lanthanide_dataset_builder/data/geometries/Pr/Pr_Z59_ox3_CN9_nlig4_nitrate_f3977c66f8e4.xyz,/nfs/home/nshank3/lanthanide_dataset_builder/data/geometries/Pr/Pr_Z59_ox3_CN9_nlig4_nitrate_f3977c66f8e4.mol2,,-8899.36962499593,ok,built (standard attempt 1),accepted,CCCCCCCCN(C)C(=O)CC(=O)N(C)CCCCCCCC,CCCCCCCCN(C)C(=O)CC(=O)N(C)CCCCCCCC,False,True,True,9,O9,"79:O:2.32,15:O:2.45,149:O:2.45,146:O:2.46,82:O:2.46,12:O:2.48,213:O:2.49,216:O:2.54,269:O:2.73",2.7311927689750757,2.3185235658374115,True,ok
7fca7db38c62,,66,Dy,3,CC1(C)CCC(C)(C)c2nc(-c3cccc(-c4cccc(-c5nnc6c(n5)C(C)(C)CCC6(C)C)n4)n3)nnc21,"[9, 22, 23, 26, 35, 36, 37, 38]","[""N(aromatic)"", ""N(aromatic)"", ""N(aromatic)"", ""N(aromatic)"", ""N(aromatic)"", ""N(aromatic)"", ""N(aromatic)"", ""N(aromatic)""]",8,8,1,nitrate,nitrate,0,/nfs/home/nshank3/lanthanide_dataset_builder/data/geometries/Dy/Dy_Z66_ox3_CN8_nlig1_nitrate_7fca7db38c62.xyz,/nfs/home/nshank3/lanthanide_dataset_builder/data/geometries/Dy/Dy_Z66_ox3_CN8_nlig1_nitrate_7fca7db38c62.mol2,,-3020.3161439322453,ok,built (standard attempt 1),accepted,CC1(C)CCC(C)(C)c2nc(-c3cccc(-c4cccc(-c5nnc6c(n5)C(C)(C)CCC6(C)C)n4)n3)nnc21,CC1(C)CCC(C)(C)c2nc(-c3cccc(-c4cccc(-c5nnc6c(n5)C(C)(C)CCC6(C)C)n4)n3)nnc21,False,True,True,5,N5,"23:N:2.20,10:N:2.41,37:N:2.50,36:N:2.64,24:N:2.65",2.65145951126957,2.202569768618321,False,ok
8146c89872e8,,57,La,3,CCN(C(=O)c1ccc2ccc3ccc(C(=O)N(CC)c4ccc(C)cc4)nc3c2n1)c1ccc(C)cc1,"[4, 16, 27, 30]","[""O(amide_carbonyl)"", ""O(amide_carbonyl)"", ""N(aromatic)"", ""N(aromatic)""]",4,9,2,nitrate,nitrate,1,/nfs/home/nshank3/lanthanide_dataset_builder/data/geometries/La/La_Z57_ox3_CN9_nlig2_nitrate_8146c89872e8.xyz,/nfs/home/nshank3/lanthanide_dataset_builder/data/geometries/La/La_Z57_ox3_CN9_nlig2_nitrate_8146c89872e8.mol2,,-5786.545026699438,ok,built (standard attempt 1),accepted,CCN(C(=O)c1ccc2ccc3ccc(C(=O)N(CC)c4ccc(C)cc4)nc3c2n1)c1ccc(C)cc1,CCN(C(=O)c1ccc2ccc3ccc(C(=O)N(CC)c4ccc(C)cc4)nc3c2n1)c1ccc(C)cc1,False,True,True,9,"N4,O5","85:O:2.37,5:O:2.46,17:O:2.58,28:N:2.59,31:N:2.61,73:O:2.65,96:N:2.67,137:O:2.68,99:N:2.72",2.7235392418574578,2.3673488428641236,True,ok
10ce90d9d103,,62,Sm,3,CCCCCCCCCCCCN(CCCCCCCCCCCC)C(=O)COC1CCCN(CCCCCC)C1=O,"[26, 28, 41]","[""O(amide_carbonyl)"", ""O(ether)"", ""O(amide_carbonyl)""]",3,9,3,nitrate,nitrate,0,/nfs/home/nshank3/lanthanide_dataset_builder/data/geometries/Sm/Sm_Z62_ox3_CN9_nlig3_nitrate_10ce90d9d103.xyz,/nfs/home/nshank3/lanthanide_dataset_builder/data/geometries/Sm/Sm_Z62_ox3_CN9_nlig3_nitrate_10ce90d9d103.mol2,,-10951.574203640284,ok,built (standard attempt 1),accepted,CCCCCCCCCCCCN(CCCCCCCCCCCC)C(=O)COC1CCCN(CCCCCC)C1=O,CCCCCCCCCCCCN(CCCCCCCCCCCC)C(=O)COC1CCCN(CCCCCC)C1=O,False,True,True,9,O9,"255:O:2.25,270:O:2.25,42:O:2.26,141:O:2.31,27:O:2.33,156:O:2.42,143:O:2.62,29:O:2.69,257:O:3.04",3.037773884898477,2.250683000706455,True,ok
1e21959a3fd8,,70,Yb,3,CCCCCCCCCCCCN(CCCCCCCCCCCC)C(=O)COC1CCCN(CCCCCC)C1=O,"[26, 28, 41]","[""O(amide_carbonyl)"", ""O(ether)"", ""O(amide_carbonyl)""]",3,8,2,nitrate,nitrate,2,/nfs/home/nshank3/lanthanide_dataset_builder/data/geometries/Yb/Yb_Z70_ox3_CN8_nlig2_nitrate_1e21959a3fd8.xyz,/nfs/home/nshank3/lanthanide_dataset_builder/data/geometries/Yb/Yb_Z70_ox3_CN8_nlig2_nitrate_1e21959a3fd8.mol2,,-7722.3577376451985,ok,built (standard attempt 1),accepted,CCCCCCCCCCCCN(CCCCCCCCCCCC)C(=O)COC1CCCN(CCCCCC)C1=O,CCCCCCCCCCCCN(CCCCCCCCCCCC)C(=O)COC1CCCN(CCCCCC)C1=O,False,True,True,9,"N1,O8","231:O:2.05,232:O:2.13,156:O:2.22,42:O:2.27,141:O:2.37,229:N:2.42,27:O:2.48,29:O:2.61,143:O:2.70",2.695451984417016,2.0538619902098616,False,ok
7627c1e45ee0,,63,Eu,3,CCCCN(CCCC)C(=O)COCC(=O)N(CC)CCN(CC)C(=O)COCC(=O)N(CCCC)CCCC,"[10, 12, 15]","[""O(amide_carbonyl)"", ""O(ether)"", ""O(amide_carbonyl)""]",3,9,3,nitrate,nitrate,0,/nfs/home/nshank3/lanthanide_dataset_builder/data/geometries/Eu/Eu_Z63_ox3_CN9_nlig3_nitrate_7627c1e45ee0.xyz,/nfs/home/nshank3/lanthanide_dataset_builder/data/geometries/Eu/Eu_Z63_ox3_CN9_nlig3_nitrate_7627c1e45ee0.mol2,,-10614.667945960013,ok,built (standard attempt 2),accepted,CCCCN(CCCC)C(=O)COCC(=O)N(CC)CCN(CC)C(=O)COCC(=O)N(CCCC)CCCC,CCCCN(CCCC)C(=O)COCC(=O)N(CC)CCN(CC)C(=O)COCC(=O)N(CCCC)CCCC,False,True,True,10,O10,"212:O:2.28,114:O:2.45,111:O:2.53,109:O:2.55,209:O:2.62,13:O:2.69,16:O:2.70,11:O:2.74,207:O:2.85,26:O:2.88",2.884120316948494,2.281862570509619,False,ok
159a1c7de3e7,,70,Yb,3,CCCCCCCCP(=O)(CCCCCCCC)Cc1cccc(CP(=O)(CCCCCCCC)CCCCCCCC)[n+]1[O-],"[9, 26, 44]","[""O(ether)"", ""O(ether)"", ""O(ether)""]",3,8,2,water,water,2,/nfs/home/nshank3/lanthanide_dataset_builder/data/geometries/Yb/Yb_Z70_ox3_CN8_nlig2_water_159a1c7de3e7.xyz,/nfs/home/nshank3/lanthanide_dataset_builder/data/geometries/Yb/Yb_Z70_ox3_CN8_nlig2_water_159a1c7de3e7.mol2,,-8003.970689461451,ok,built (standard attempt 1),accepted,CCCCCCCCP(=O)(CCCCCCCC)Cc1cccc(CP(=O)(CCCCCCCC)CCCCCCCC)[n+]1[O-],CCCCCCCCP(=O)(CCCCCCCC)Cc1cccc(CP(=O)(CCCCCCCC)CCCCCCCC)[n+]1[O-],False,True,True,8,O8,"10:O:2.18,147:O:2.25,27:O:2.31,130:O:2.32,45:O:2.38,165:O:2.48,241:O:2.80,244:O:3.00",2.9954131201588745,2.1829347518848685,True,ok
f627b8cfec4b,,60,Nd,3,CCCCCCCCN(CCCCCCCC)C(=O)COCC(=O)N(CCCCCCCC)CCCCCCCC,"[18, 20, 23]","[""O(amide_carbonyl)"", ""O(ether)"", ""O(amide_carbonyl)""]",3,9,3,nitrate,nitrate,0,/nfs/home/nshank3/lanthanide_dataset_builder/data/geometries/Nd/Nd_Z60_ox3_CN9_nlig3_nitrate_f627b8cfec4b.xyz,/nfs/home/nshank3/lanthanide_dataset_builder/data/geometries/Nd/Nd_Z60_ox3_CN9_nlig3_nitrate_f627b8cfec4b.mol2,,-10776.111712940305,ok,built (standard attempt 1),accepted,CCCCCCCCN(CCCCCCCC)C(=O)COCC(=O)N(CCCCCCCC)CCCCCCCC,CCCCCCCCN(CCCCCCCC)C(=O)COCC(=O)N(CCCCCCCC)CCCCCCCC,False,True,True,9,O9,"132:O:2.17,137:O:2.24,19:O:2.25,245:O:2.39,250:O:2.44,21:O:2.52,134:O:2.56,247:O:2.69,24:O:2.81",2.808004626801536,2.165322535770656,True,ok
a69ec7cc9333,,63,Eu,3,CCCCCCCCN(CCCCCCCC)C(=O)CO,"[18, 20]","[""O(amide_carbonyl)"", ""O(hydroxyl)""]",2,9,4,nitrate,nitrate,1,/nfs/home/nshank3/lanthanide_dataset_builder/data/geometries/Eu/Eu_Z63_ox3_CN9_nlig4_nitrate_a69ec7cc9333.xyz,/nfs/home/nshank3/lanthanide_dataset_builder/data/geometries/Eu/Eu_Z63_ox3_CN9_nlig4_nitrate_a69ec7cc9333.mol2,,-7596.65292621491,ok,built (standard attempt 1),accepted,CCCCCCCCN(CCCCCCCC)C(=O)CO,CCCCCCCCN(CCCCCCCC)C(=O)CO,False,True,True,9,O9,"193:O:2.25,19:O:2.35,135:O:2.39,233:O:2.45,77:O:2.50,137:O:2.51,79:O:2.51,195:O:2.67,21:O:2.70",2.702972629101418,2.2543952968002348,True,ok
5b1c88b12f99,,66,Dy,3,CCCCCCCCCCN(CCCCCCCCCC)C(=O)C(C)OC(C)C(=O)N(CCCCCCCCCC)CCCCCCCCCC,"[22, 25, 29]","[""O(amide_carbonyl)"", ""O(ether)"", ""O(amide_carbonyl)""]",3,8,2,nitrate,nitrate,2,/nfs/home/nshank3/lanthanide_dataset_builder/data/geometries/Dy/Dy_Z66_ox3_CN8_nlig2_nitrate_5b1c88b12f99.xyz,/nfs/home/nshank3/lanthanide_dataset_builder/data/geometries/Dy/Dy_Z66_ox3_CN8_nlig2_nitrate_5b1c88b12f99.mol2,,-9327.758054755095,ok,built (standard attempt 1),accepted,CCCCCCCCCCN(CCCCCCCCCC)C(=O)C(C)OC(C)C(=O)N(CCCCCCCCCC)CCCCCCCCCC,CCCCCCCCCCN(CCCCCCCCCC)C(=O)C(C)OC(C)C(=O)N(CCCCCCCCCC)CCCCCCCCCC,False,True,True,9,"N1,O8","289:O:2.11,290:O:2.12,287:N:2.38,166:O:2.41,173:O:2.43,23:O:2.47,30:O:2.55,26:O:2.60,169:O:3.02",3.0172460402494035,2.1059902573083287,False,ok
b3d93bfa9619,,65,Tb,3,CCCCCCCCCCN(CCCCCCCCCC)C(=O)COCC(=O)N(CCCCCC)CCCCCC,"[22, 24, 27]","[""O(amide_carbonyl)"", ""O(ether)"", ""O(amide_carbonyl)""]",3,8,2,nitrate,nitrate,2,/nfs/home/nshank3/lanthanide_dataset_builder/data/geometries/Tb/Tb_Z65_ox3_CN8_nlig2_nitrate_b3d93bfa9619.xyz,/nfs/home/nshank3/lanthanide_dataset_builder/data/geometries/Tb/Tb_Z65_ox3_CN8_nlig2_nitrate_b3d93bfa9619.mol2,,-7604.818406643369,ok,built (standard attempt 1),accepted,CCCCCCCCCCN(CCCCCCCCCC)C(=O)COCC(=O)N(CCCCCC)CCCCCC,CCCCCCCCCCN(CCCCCCCCCC)C(=O)COCC(=O)N(CCCCCC)CCCCCC,False,True,True,9,"N1,O8","229:O:2.07,230:O:2.07,28:O:2.20,141:O:2.22,136:O:2.24,227:N:2.35,23:O:2.36,25:O:2.44,138:O:2.69",2.6947236046327507,2.0669666722812554,False,ok
d28620aeb924,,62,Sm,3,CCN(CC)C(=O)COCC(=O)N(CC)CC,"[6, 8, 11]","[""O(amide_carbonyl)"", ""O(ether)"", ""O(amide_carbonyl)""]",3,9,3,nitrate,nitrate,0,/nfs/home/nshank3/lanthanide_dataset_builder/data/geometries/Sm/Sm_Z62_ox3_CN9_nlig3_nitrate_d28620aeb924.xyz,/nfs/home/nshank3/lanthanide_dataset_builder/data/geometries/Sm/Sm_Z62_ox3_CN9_nlig3_nitrate_d28620aeb924.mol2,,-4576.0464119863545,ok,built (standard attempt 1),accepted,CCN(CC)C(=O)COCC(=O)N(CC)CC,CCN(CC)C(=O)COCC(=O)N(CC)CC,False,True,True,9,O9,"94:O:2.14,7:O:2.26,89:O:2.30,12:O:2.31,53:O:2.35,91:O:2.36,9:O:2.44,48:O:2.48,50:O:2.60",2.596698999982882,2.1446911634447803,True,ok
5a7b8d4059f6,,63,Eu,3,CCCCCCCCN(CCCCCCCC)C(=O)C(C)OC(C(=O)N(CCCCCCCC)CCCCCCCC)c1ccccc1,"[18, 21, 24]","[""O(amide_carbonyl)"", ""O(ether)"", ""O(amide_carbonyl)""]",3,9,3,nitrate,nitrate,0,/nfs/home/nshank3/lanthanide_dataset_builder/data/geometries/Eu/Eu_Z63_ox3_CN9_nlig3_nitrate_5a7b8d4059f6.xyz,/nfs/home/nshank3/lanthanide_dataset_builder/data/geometries/Eu/Eu_Z63_ox3_CN9_nlig3_nitrate_5a7b8d4059f6.mol2,,-12245.64486800391,ok,built (standard attempt 1),accepted,CCCCCCCCN(CCCCCCCC)C(=O)C(C)OC(C(=O)N(CCCCCCCC)CCCCCCCC)c1ccccc1,CCCCCCCCN(CCCCCCCC)C(=O)C(C)OC(C(=O)N(CCCCCCCC)CCCCCCCC)c1ccccc1,False,True,True,7,O7,"271:O:2.19,145:O:2.22,25:O:2.27,148:O:2.43,22:O:2.46,19:O:2.75,151:O:2.83",2.825359461760228,2.193842819831544,False,ok
64d6f07f057c,,70,Yb,3,CCCCCCCCN(CCCCCCCC)C(=O)COCC(=O)N(CCCCCCCC)CCCCCCCC,"[18, 20, 23]","[""O(amide_carbonyl)"", ""O(ether)"", ""O(amide_carbonyl)""]",3,8,2,water,water,2,/nfs/home/nshank3/lanthanide_dataset_builder/data/geometries/Yb/Yb_Z70_ox3_CN8_nlig2_water_64d6f07f057c.xyz,/nfs/home/nshank3/lanthanide_dataset_builder/data/geometries/Yb/Yb_Z70_ox3_CN8_nlig2_water_64d6f07f057c.mol2,,-7456.675204281603,ok,built (standard attempt 1),accepted,CCCCCCCCN(CCCCCCCC)C(=O)COCC(=O)N(CCCCCCCC)CCCCCCCC,CCCCCCCCN(CCCCCCCC)C(=O)COCC(=O)N(CCCCCCCC)CCCCCCCC,False,True,True,8,O8,"19:O:2.38,137:O:2.38,132:O:2.38,230:O:2.40,24:O:2.44,227:O:2.63,21:O:2.69,134:O:2.70",2.695811710388649,2.3754981889979145,True,ok
ecf430f58566,,60,Nd,3,CCCCCCCCN(CCCCCCCC)C(=O)COCCOCC(=O)N(CCCCCCCC)CCCCCCCC,"[18, 20, 23, 26]","[""O(amide_carbonyl)"", ""O(ether)"", ""O(ether)"", ""O(amide_carbonyl)""]",4,9,2,nitrate,nitrate,1,/nfs/home/nshank3/lanthanide_dataset_builder/data/geometries/Nd/Nd_Z60_ox3_CN9_nlig2_nitrate_ecf430f58566.xyz,/nfs/home/nshank3/lanthanide_dataset_builder/data/geometries/Nd/Nd_Z60_ox3_CN9_nlig2_nitrate_ecf430f58566.mol2,,-7885.974551021607,ok,built (standard attempt 1),accepted,CCCCCCCCN(CCCCCCCC)C(=O)COCCOCC(=O)N(CCCCCCCC)CCCCCCCC,CCCCCCCCN(CCCCCCCC)C(=O)COCCOCC(=O)N(CCCCCCCC)CCCCCCCC,False,True,True,9,O9,"147:O:2.34,27:O:2.37,21:O:2.42,141:O:2.46,144:O:2.56,24:O:2.57,19:O:2.62,139:O:2.63,241:O:2.97",2.9745392775524646,2.3402830370491245,True,ok
b808ea3d9637,,67,Ho,3,CCCCCCCCCCN(CCCCCCCCCC)C(=O)[C@H](C)O[C@H](CC)C(=O)N(CCCCCCCCCC)CCCCCCCCCC,"[22, 25, 30]","[""O(amide_carbonyl)"", ""O(ether)"", ""O(amide_carbonyl)""]",3,8,2,nitrate,nitrate,2,/nfs/home/nshank3/lanthanide_dataset_builder/data/geometries/Ho/Ho_Z67_ox3_CN8_nlig2_nitrate_b808ea3d9637.xyz,/nfs/home/nshank3/lanthanide_dataset_builder/data/geometries/Ho/Ho_Z67_ox3_CN8_nlig2_nitrate_b808ea3d9637.mol2,,-9497.270465341237,ok,built (standard attempt 1),accepted,CCCCCCCCCCN(CCCCCCCCCC)C(=O)[C@H](C)O[C@H](CC)C(=O)N(CCCCCCCCCC)CCCCCCCCCC,CCCCCCCCCCN(CCCCCCCCCC)C(=O)[C@H](C)O[C@H](CC)C(=O)N(CCCCCCCCCC)CCCCCCCCCC,False,True,True,9,"N1,O8","295:O:2.09,169:O:2.14,31:O:2.15,296:O:2.16,172:O:2.33,177:O:2.40,26:O:2.41,23:O:2.48,293:N:2.48",2.4835960384631677,2.0930880867694506,False,ok
a235e8694a87,,69,Tm,3,CCCCCCCCN(CCCCCCCC)C(=O)[C@H](CCC)O[C@H](CCC)C(=O)N(CCCCCCCC)CCCCCCCC,"[18, 23, 29]","[""O(amide_carbonyl)"", ""O(ether)"", ""O(amide_carbonyl)""]",3,8,2,nitrate,nitrate,2,/nfs/home/nshank3/lanthanide_dataset_builder/data/geometries/Tm/Tm_Z69_ox3_CN8_nlig2_nitrate_a235e8694a87.xyz,/nfs/home/nshank3/lanthanide_dataset_builder/data/geometries/Tm/Tm_Z69_ox3_CN8_nlig2_nitrate_a235e8694a87.mol2,,-8637.381195577134,ok,built (standard attempt 1),accepted,CCCCCCCCN(CCCCCCCC)C(=O)[C@H](CCC)O[C@H](CCC)C(=O)N(CCCCCCCC)CCCCCCCC,CCCCCCCCN(CCCCCCCC)C(=O)[C@H](CCC)O[C@H](CCC)C(=O)N(CCCCCCCC)CCCCCCCC,False,True,True,9,"N1,O8","265:O:2.03,161:O:2.10,19:O:2.14,150:O:2.22,266:O:2.31,24:O:2.38,263:N:2.38,155:O:2.45,30:O:2.62",2.6226953434685902,2.0346132100304377,False,ok
c155a4660cba,,66,Dy,3,CC12CCC(c3nnc(-c4cccc(-c5nnc6c(n5)C5(C)CCC6C5(C)C)n4)nc31)C2(C)C,"[6, 7, 15, 16, 19, 28, 29]","[""N(aromatic)"", ""N(aromatic)"", ""N(aromatic)"", ""N(aromatic)"", ""N(aromatic)"", ""N(aromatic)"", ""N(aromatic)""]",7,8,1,nitrate,nitrate,1,/nfs/home/nshank3/lanthanide_dataset_builder/data/geometries/Dy/Dy_Z66_ox3_CN8_nlig1_nitrate_c155a4660cba.xyz,/nfs/home/nshank3/lanthanide_dataset_builder/data/geometries/Dy/Dy_Z66_ox3_CN8_nlig1_nitrate_c155a4660cba.mol2,,-2685.519252633249,ok,built (standard attempt 1),accepted,CC12CCC(c3nnc(-c4cccc(-c5nnc6c(n5)C5(C)CCC6C5(C)C)n4)nc31)C2(C)C,CC12CCC(c3nnc(-c4cccc(-c5nnc6c(n5)C5(C)CCC6C5(C)C)n4)nc31)C2(C)C,False,True,True,7,"N6,O1","8:N:2.21,20:N:2.30,17:N:2.34,7:N:2.36,29:N:2.46,66:O:2.53,16:N:3.00",2.9955877890744214,2.2139838509767267,False,ok
05ba35f6ce18,,65,Tb,3,O=C(c1cc(Cl)c2ccc3c(Cl)cc(C(=O)N4CCCC4)nc3c2n1)N1CCCC1,"[0, 15, 21, 24]","[""O(amide_carbonyl)"", ""O(amide_carbonyl)"", ""N(aromatic)"", ""N(aromatic)""]",4,8,2,nitrate,nitrate,0,/nfs/home/nshank3/lanthanide_dataset_builder/data/geometries/Tb/Tb_Z65_ox3_CN8_nlig2_nitrate_05ba35f6ce18.xyz,/nfs/home/nshank3/lanthanide_dataset_builder/data/geometries/Tb/Tb_Z65_ox3_CN8_nlig2_nitrate_05ba35f6ce18.mol2,,-4699.682967038877,ok,built (standard attempt 1),accepted,O=C(c1cc(Cl)c2ccc3c(Cl)cc(C(=O)N4CCCC4)nc3c2n1)N1CCCC1,O=C(c1cc(Cl)c2ccc3c(Cl)cc(C(=O)N4CCCC4)nc3c2n1)N1CCCC1,False,True,True,8,"N4,O4","51:O:2.25,66:O:2.26,16:O:2.33,75:N:2.33,72:N:2.33,25:N:2.34,1:O:2.35,22:N:2.35",2.350697069421061,2.2548402879347935,True,ok
1008ab9ab6ef,,59,Pr,3,CC(C)CCCC(C)CCCCN(C)C(=O)COCC(=O)N(C)CCCCC(C)CCCC(C)C,"[15, 17, 20]","[""O(amide_carbonyl)"", ""O(ether)"", ""O(amide_carbonyl)""]",3,9,3,water,water,0,/nfs/home/nshank3/lanthanide_dataset_builder/data/geometries/Pr/Pr_Z59_ox3_CN9_nlig3_water_1008ab9ab6ef.xyz,/nfs/home/nshank3/lanthanide_dataset_builder/data/geometries/Pr/Pr_Z59_ox3_CN9_nlig3_water_1008ab9ab6ef.mol2,,-9224.784736883428,ok,built (standard attempt 1),accepted,CC(C)CCCC(C)CCCCN(C)C(=O)COCC(=O)N(C)CCCCC(C)CCCC(C)C,CC(C)CCCC(C)CCCCN(C)C(=O)COCC(=O)N(C)CCCCC(C)CCCC(C)C,False,True,True,9,O9,"111:O:2.34,206:O:2.50,21:O:2.60,116:O:2.72,113:O:2.77,211:O:2.79,208:O:2.85,16:O:3.07,18:O:3.16",3.1567024743794816,2.3356865142055354,True,ok
453fd2c396d7,,58,Ce,3,CCCCC(CC)CN(CC(CC)CCCC)C(=O)COCC(=O)N(CC(CC)CCCC)CC(CC)CCCC,"[18, 20, 23]","[""O(amide_carbonyl)"", ""O(ether)"", ""O(amide_carbonyl)""]",3,9,3,water,water,0,/nfs/home/nshank3/lanthanide_dataset_builder/data/geometries/Ce/Ce_Z58_ox3_CN9_nlig3_water_453fd2c396d7.xyz,/nfs/home/nshank3/lanthanide_dataset_builder/data/geometries/Ce/Ce_Z58_ox3_CN9_nlig3_water_453fd2c396d7.mol2,,-10775.195509883704,ok,built (standard attempt 1),accepted,CCCCC(CC)CN(CC(CC)CCCC)C(=O)COCC(=O)N(CC(CC)CCCC)CC(CC)CCCC,CCCCC(CC)CN(CC(CC)CCCC)C(=O)COCC(=O)N(CC(CC)CCCC)CC(CC)CCCC,False,True,True,9,O9,"19:O:2.32,245:O:2.32,250:O:2.46,137:O:2.56,24:O:2.59,134:O:2.71,132:O:2.85,21:O:2.86,247:O:2.96",2.960826252812979,2.3165696428886906,True,ok
20fef2b9bc6a,,58,Ce,3,CCCCCCCCCCCCN(C)C(=O)C1CC(OC)CC(C(=O)N(C)CCCCCCCCCCCC)O1,"[15, 19, 24, 39]","[""O(amide_carbonyl)"", ""O(ether)"", ""O(amide_carbonyl)"", ""O(ether)""]",4,9,2,nitrate,nitrate,1,/nfs/home/nshank3/lanthanide_dataset_builder/data/geometries/Ce/Ce_Z58_ox3_CN9_nlig2_nitrate_20fef2b9bc6a.xyz,/nfs/home/nshank3/lanthanide_dataset_builder/data/geometries/Ce/Ce_Z58_ox3_CN9_nlig2_nitrate_20fef2b9bc6a.mol2,,-7142.716030553846,ok,built (standard attempt 1),accepted,CCCCCCCCCCCCN(C)C(=O)C1CC(OC)CC(C(=O)N(C)CCCCCCCCCCCC)O1,CCCCCCCCCCCCN(C)C(=O)C1CC(OC)CC(C(=O)N(C)CCCCCCCCCCCC)O1,False,True,True,9,O9,"16:O:2.34,122:O:2.36,213:O:2.59,126:O:2.81,20:O:2.86,40:O:2.86,131:O:2.91,25:O:2.94,146:O:2.99",2.987265502428336,2.337555880374299,True,ok
3e99b612bb57,,65,Tb,3,CCCCCCCCN(CCCCCCCC)C(=O)[C@H](C)O[C@@H](C)C(=O)N(CCCCCCCC)CCCCCCCC,"[18, 21, 25]","[""O(amide_carbonyl)"", ""O(ether)"", ""O(amide_carbonyl)""]",3,8,2,nitrate,nitrate,2,/nfs/home/nshank3/lanthanide_dataset_builder/data/geometries/Tb/Tb_Z65_ox3_CN8_nlig2_nitrate_3e99b612bb57.xyz,/nfs/home/nshank3/lanthanide_dataset_builder/data/geometries/Tb/Tb_Z65_ox3_CN8_nlig2_nitrate_3e99b612bb57.mol2,,-7950.475720839534,ok,built (standard attempt 1),accepted,CCCCCCCCN(CCCCCCCC)C(=O)[C@H](C)O[C@@H](C)C(=O)N(CCCCCCCC)CCCCCCCC,CCCCCCCCN(CCCCCCCC)C(=O)[C@H](C)O[C@@H](C)C(=O)N(CCCCCCCC)CCCCCCCC,False,True,True,9,"N1,O8","242:O:2.07,241:O:2.07,19:O:2.24,138:O:2.25,239:N:2.39,26:O:2.42,145:O:2.43,141:O:2.48,22:O:2.74",2.7373089245192417,2.0667917847179327,False,ok
126999e61eab,,63,Eu,3,CC(C)CCCCCP(=O)(CC(=O)N(CC(C)C)CC(C)C)c1ccccc1,"[9, 12]","[""O(ether)"", ""O(amide_carbonyl)""]",2,9,4,nitrate,nitrate,1,/nfs/home/nshank3/lanthanide_dataset_builder/data/geometries/Eu/Eu_Z63_ox3_CN9_nlig4_nitrate_126999e61eab.xyz,/nfs/home/nshank3/lanthanide_dataset_builder/data/geometries/Eu/Eu_Z63_ox3_CN9_nlig4_nitrate_126999e61eab.mol2,,-9556.837084397885,ok,built (standard attempt 1),accepted,CC(C)CCCCCP(=O)(CC(=O)N(CC(C)C)CC(C)C)c1ccccc1,CC(C)CCCCCP(=O)(CC(=O)N(CC(C)C)CC(C)C)c1ccccc1,False,True,True,9,O9,"220:O:2.25,83:O:2.28,80:O:2.33,153:O:2.46,150:O:2.49,223:O:2.51,10:O:2.59,13:O:2.66,281:O:2.78",2.779930204094756,2.253171172050796,True,ok
75b6e521a71e,,66,Dy,3,CCCCCCCCN(CCC)C(=O)COCC(=O)N(CCC)CCCCCCCC,"[13, 15, 18]","[""O(amide_carbonyl)"", ""O(ether)"", ""O(amide_carbonyl)""]",3,8,2,water,water,2,/nfs/home/nshank3/lanthanide_dataset_builder/data/geometries/Dy/Dy_Z66_ox3_CN8_nlig2_water_75b6e521a71e.xyz,/nfs/home/nshank3/lanthanide_dataset_builder/data/geometries/Dy/Dy_Z66_ox3_CN8_nlig2_water_75b6e521a71e.mol2,,-5735.711361057938,ok,built (standard attempt 1),accepted,CCCCCCCCN(CCC)C(=O)COCC(=O)N(CCC)CCCCCCCC,CCCCCCCCN(CCC)C(=O)COCC(=O)N(CCC)CCCCCCCC,False,True,True,8,O8,"102:O:2.16,19:O:2.19,97:O:2.28,167:O:2.37,14:O:2.39,16:O:2.45,170:O:2.58,99:O:2.72",2.71609286462881,2.159396101203733,True,ok
78d0ef42be9d,,68,Er,3,CCCCCCN(CCCCCC)C(=O)COCC(=O)N(CCCCCC)CCCCCC,"[14, 16, 19]","[""O(amide_carbonyl)"", ""O(ether)"", ""O(amide_carbonyl)""]",3,8,2,nitrate,nitrate,2,/nfs/home/nshank3/lanthanide_dataset_builder/data/geometries/Er/Er_Z68_ox3_CN8_nlig2_nitrate_78d0ef42be9d.xyz,/nfs/home/nshank3/lanthanide_dataset_builder/data/geometries/Er/Er_Z68_ox3_CN8_nlig2_nitrate_78d0ef42be9d.mol2,,-6227.037369478313,ok,built (standard attempt 1),accepted,CCCCCCN(CCCCCC)C(=O)COCC(=O)N(CCCCCC)CCCCCC,CCCCCCN(CCCCCC)C(=O)COCC(=O)N(CCCCCC)CCCCCC,False,True,True,9,"N1,O8","182:O:2.09,181:O:2.18,20:O:2.21,109:O:2.24,104:O:2.29,15:O:2.40,17:O:2.50,179:N:2.51,106:O:2.60",2.598278350287907,2.091165276582509,False,ok
6dae4c73926f,,68,Er,3,CCCCCCCCN(C)C(=O)COCC(=O)N(C)CCCCCCCC,"[11, 13, 16]","[""O(amide_carbonyl)"", ""O(ether)"", ""O(amide_carbonyl)""]",3,8,2,water,water,2,/nfs/home/nshank3/lanthanide_dataset_builder/data/geometries/Er/Er_Z68_ox3_CN8_nlig2_water_6dae4c73926f.xyz,/nfs/home/nshank3/lanthanide_dataset_builder/data/geometries/Er/Er_Z68_ox3_CN8_nlig2_water_6dae4c73926f.mol2,,-5045.974775733566,ok,built (standard attempt 1),accepted,CCCCCCCCN(C)C(=O)COCC(=O)N(C)CCCCCCCC,CCCCCCCCN(C)C(=O)COCC(=O)N(C)CCCCCCCC,False,True,True,8,O8,"83:O:2.19,12:O:2.20,17:O:2.21,88:O:2.24,14:O:2.45,85:O:2.54,143:O:2.60,146:O:2.76",2.7627274008762677,2.186358981837241,True,ok
5e68de46eed8,,64,Gd,3,O=C(COCC(=O)N1CCCCC1)N1CCCCC1,"[0, 3, 6]","[""O(amide_carbonyl)"", ""O(ether)"", ""O(amide_carbonyl)""]",3,9,3,water,water,0,/nfs/home/nshank3/lanthanide_dataset_builder/data/geometries/Gd/Gd_Z64_ox3_CN9_nlig3_water_5e68de46eed8.xyz,/nfs/home/nshank3/lanthanide_dataset_builder/data/geometries/Gd/Gd_Z64_ox3_CN9_nlig3_water_5e68de46eed8.mol2,,-4927.763153688017,ok,built (standard attempt 1),accepted,O=C(COCC(=O)N1CCCCC1)N1CCCCC1,O=C(COCC(=O)N1CCCCC1)N1CCCCC1,False,True,True,9,O9,"50:O:2.22,7:O:2.28,44:O:2.30,1:O:2.33,93:O:2.41,87:O:2.48,47:O:2.58,4:O:2.65,90:O:2.69",2.6923220504813554,2.2232942505676063,True,ok
b23446691216,,59,Pr,3,CCCCCc1nnc(-c2cccc(-c3cccc(-c4nnc(CCCCC)c(CCCCC)n4)n3)n2)nc1CCCCC,"[6, 7, 20, 21, 34, 35, 36, 37]","[""N(aromatic)"", ""N(aromatic)"", ""N(aromatic)"", ""N(aromatic)"", ""N(aromatic)"", ""N(aromatic)"", ""N(aromatic)"", ""N(aromatic)""]",8,9,1,nitrate,nitrate,1,/nfs/home/nshank3/lanthanide_dataset_builder/data/geometries/Pr/Pr_Z59_ox3_CN9_nlig1_nitrate_b23446691216.xyz,/nfs/home/nshank3/lanthanide_dataset_builder/data/geometries/Pr/Pr_Z59_ox3_CN9_nlig1_nitrate_b23446691216.mol2,,-3559.684335964736,ok,built (standard attempt 1),accepted,CCCCCc1nnc(-c2cccc(-c3cccc(-c4nnc(CCCCC)c(CCCCC)n4)n3)n2)nc1CCCCC,CCCCCc1nnc(-c2cccc(-c3cccc(-c4nnc(CCCCC)c(CCCCC)n4)n3)n2)nc1CCCCC,False,True,True,5,"N4,O1","36:N:2.54,37:N:2.56,95:O:2.74,35:N:2.76,38:N:2.86",2.8629306267040042,2.5442254468182597,False,ok
a25c92c2c3c2,,67,Ho,3,CCCc1nnc(-c2cccc(-c3nnc(CCC)c(CCC)n3)n2)nc1CCC,"[4, 5, 13, 14, 23, 24, 25]","[""N(aromatic)"", ""N(aromatic)"", ""N(aromatic)"", ""N(aromatic)"", ""N(aromatic)"", ""N(aromatic)"", ""N(aromatic)""]",7,8,1,nitrate,nitrate,1,/nfs/home/nshank3/lanthanide_dataset_builder/data/geometries/Ho/Ho_Z67_ox3_CN8_nlig1_nitrate_a25c92c2c3c2.xyz,/nfs/home/nshank3/lanthanide_dataset_builder/data/geometries/Ho/Ho_Z67_ox3_CN8_nlig1_nitrate_a25c92c2c3c2.mol2,,-2452.625047688668,ok,built (standard attempt 1),accepted,CCCc1nnc(-c2cccc(-c3nnc(CCC)c(CCC)n3)n2)nc1CCC,CCCc1nnc(-c2cccc(-c3nnc(CCC)c(CCC)n3)n2)nc1CCC,False,True,True,8,"N7,O1","14:N:2.27,26:N:2.27,25:N:2.30,15:N:2.42,62:O:2.44,6:N:2.84,24:N:3.03,5:N:3.13",3.1283514608525076,2.2684289054564415,True,ok
65b25391293d,,63,Eu,3,CCCCCCN(CCCCCC)C(=O)COCC(=O)N1CCOCC1,"[14, 16, 19, 23]","[""O(amide_carbonyl)"", ""O(ether)"", ""O(amide_carbonyl)"", ""O(ether)""]",4,9,2,nitrate,nitrate,1,/nfs/home/nshank3/lanthanide_dataset_builder/data/geometries/Eu/Eu_Z63_ox3_CN9_nlig2_nitrate_65b25391293d.xyz,/nfs/home/nshank3/lanthanide_dataset_builder/data/geometries/Eu/Eu_Z63_ox3_CN9_nlig2_nitrate_65b25391293d.mol2,,-4729.542497254381,ok,built (standard attempt 1),accepted,CCCCCCN(CCCCCC)C(=O)COCC(=O)N1CCOCC1,CCCCCCN(CCCCCC)C(=O)COCC(=O)N1CCOCC1,False,True,True,9,O9,"79:O:2.20,84:O:2.20,20:O:2.21,15:O:2.32,129:O:2.46,24:O:2.68,81:O:2.72,17:O:2.81,88:O:3.02",3.0226178560701675,2.198718397823163,True,ok
c42c62569058,,63,Eu,3,CCCCCCCCN(CC)C(=O)COCC(=O)N(CC)CCCCCCCC,"[12, 14, 17]","[""O(amide_carbonyl)"", ""O(ether)"", ""O(amide_carbonyl)""]",3,9,3,water,water,0,/nfs/home/nshank3/lanthanide_dataset_builder/data/geometries/Eu/Eu_Z63_ox3_CN9_nlig3_water_c42c62569058.xyz,/nfs/home/nshank3/lanthanide_dataset_builder/data/geometries/Eu/Eu_Z63_ox3_CN9_nlig3_water_c42c62569058.mol2,,-7674.648133690838,ok,built (standard attempt 1),accepted,CCCCCCCCN(CC)C(=O)COCC(=O)N(CC)CCCCCCCC,CCCCCCCCN(CC)C(=O)COCC(=O)N(CC)CCCCCCCC,False,True,True,9,O9,"172:O:2.17,18:O:2.17,95:O:2.20,90:O:2.57,15:O:2.60,13:O:2.62,169:O:2.63,92:O:2.64,167:O:2.69",2.6929989481454983,2.1683497055381267,True,ok
b1bab48b743d,,63,Eu,3,CCCCCCCCN(CCCCCCCC)C(=O)COCC(=O)NCc1cccc(CNC(=O)COCC(=O)N(CCCCCCCC)CCCCCCCC)c1,"[18, 20, 23]","[""O(amide_carbonyl)"", ""O(ether)"", ""O(amide_carbonyl)""]",3,9,3,water,water,0,/nfs/home/nshank3/lanthanide_dataset_builder/data/geometries/Eu/Eu_Z63_ox3_CN9_nlig3_water_b1bab48b743d.xyz,/nfs/home/nshank3/lanthanide_dataset_builder/data/geometries/Eu/Eu_Z63_ox3_CN9_nlig3_water_b1bab48b743d.mol2,,-14927.57009317388,ok,built (standard attempt 1),accepted,CCCCCCCCN(CCCCCCCC)C(=O)COCC(=O)NCc1cccc(CNC(=O)COCC(=O)N(CCCCCCCC)CCCCCCCC)c1,CCCCCCCCN(CCCCCCCC)C(=O)COCC(=O)NCc1cccc(CNC(=O)COCC(=O)N(CCCCCCCC)CCCCCCCC)c1,False,True,True,8,O8,"24:O:2.19,312:O:2.21,165:O:2.25,168:O:2.29,309:O:2.49,21:O:2.67,163:O:2.69,307:O:2.87",2.86554356261007,2.1940804873079487,False,ok
fdb14b12fa26,,63,Eu,3,CCCCCCCCN(CCCCCCCC)C(=O)CCOCCC(=O)N(CCCCCCCC)CCCCCCCC,"[18, 21, 25]","[""O(amide_carbonyl)"", ""O(ether)"", ""O(amide_carbonyl)""]",3,9,3,water,water,0,/nfs/home/nshank3/lanthanide_dataset_builder/data/geometries/Eu/Eu_Z63_ox3_CN9_nlig3_water_fdb14b12fa26.xyz,/nfs/home/nshank3/lanthanide_dataset_builder/data/geometries/Eu/Eu_Z63_ox3_CN9_nlig3_water_fdb14b12fa26.mol2,,-11291.629203499726,ok,built (standard attempt 1),accepted,CCCCCCCCN(CCCCCCCC)C(=O)CCOCCC(=O)N(CCCCCCCC)CCCCCCCC,CCCCCCCCN(CCCCCCCC)C(=O)CCOCCC(=O)N(CCCCCCCC)CCCCCCCC,False,True,True,8,O8,"19:O:2.29,138:O:2.38,257:O:2.46,141:O:2.60,260:O:2.72,22:O:2.78,145:O:2.89,264:O:3.12",3.1199972329500185,2.289428698173359,False,ok
b42eadd4a6e5,,63,Eu,3,CC1(C)CCC(C)(C)c2nc(-c3cccc(-c4cccc(-c5ccccn5)n4)n3)nnc21,"[9, 26, 27, 28, 29, 30]","[""N(aromatic)"", ""N(aromatic)"", ""N(aromatic)"", ""N(aromatic)"", ""N(aromatic)"", ""N(aromatic)""]",6,9,1,water,water,3,/nfs/home/nshank3/lanthanide_dataset_builder/data/geometries/Eu/Eu_Z63_ox3_CN9_nlig1_water_b42eadd4a6e5.xyz,/nfs/home/nshank3/lanthanide_dataset_builder/data/geometries/Eu/Eu_Z63_ox3_CN9_nlig1_water_b42eadd4a6e5.mol2,,-2764.047579301084,ok,built (standard attempt 1),accepted,CC1(C)CCC(C)(C)c2nc(-c3cccc(-c4cccc(-c5ccccn5)n4)n3)nnc21,CC1(C)CCC(C)(C)c2nc(-c3cccc(-c4cccc(-c5ccccn5)n4)n3)nnc21,False,True,True,8,"N5,O3","30:N:2.37,27:N:2.50,62:O:2.52,59:O:2.53,31:N:2.55,28:N:2.56,29:N:2.60,65:O:2.61",2.6128896910229042,2.3686689984359965,False,ok
382cd9e53432,,63,Eu,3,CCCCOP(=S)(CP(=S)(OCCCC)OCCCC)OCCCC,"[4, 6, 9, 10, 15, 20]","[""O(ether)"", ""S(donor)"", ""S(donor)"", ""O(ether)"", ""O(ether)"", ""O(ether)""]",6,9,1,water,water,3,/nfs/home/nshank3/lanthanide_dataset_builder/data/geometries/Eu/Eu_Z63_ox3_CN9_nlig1_water_382cd9e53432.xyz,/nfs/home/nshank3/lanthanide_dataset_builder/data/geometries/Eu/Eu_Z63_ox3_CN9_nlig1_water_382cd9e53432.mol2,,-2687.902437242777,ok,built (standard attempt 2),accepted,CCCCOP(=S)(CP(=S)(OCCCC)OCCCC)OCCCC,CCCCOP(=S)(CP(=S)(OCCCC)OCCCC)OCCCC,False,True,True,9,"O7,S2","70:O:2.55,21:O:2.61,67:O:2.65,64:O:2.66,5:O:2.69,10:S:2.75,16:O:2.85,7:S:2.87,11:O:3.11",3.111376718262015,2.5476463490277683,True,ok
e144203cfc4e,,63,Eu,3,CCCCCCCCN(CCCCCCCC)C(=O)COCP(=O)(CCCC)CCCC,"[18, 20, 23]","[""O(amide_carbonyl)"", ""O(ether)"", ""O(ether)""]",3,9,3,water,water,0,/nfs/home/nshank3/lanthanide_dataset_builder/data/geometries/Eu/Eu_Z63_ox3_CN9_nlig3_water_e144203cfc4e.xyz,/nfs/home/nshank3/lanthanide_dataset_builder/data/geometries/Eu/Eu_Z63_ox3_CN9_nlig3_water_e144203cfc4e.mol2,,-8503.636246405942,ok,built (standard attempt 1),accepted,CCCCCCCCN(CCCCCCCC)C(=O)COCP(=O)(CCCC)CCCC,CCCCCCCCN(CCCCCCCC)C(=O)COCP(=O)(CCCC)CCCC,False,True,True,9,O9,"200:O:2.19,24:O:2.20,112:O:2.21,19:O:2.57,107:O:2.58,195:O:2.68,21:O:2.72,197:O:2.75,109:O:2.79",2.792476190422202,2.1917041305500864,True,ok
fbeb4feade31,,63,Eu,3,CCCCCCn1c(-c2ccccc2)c(-c2ccccc2)c2cc3ccc4cc5c(-c6ccccc6)c(-c6ccccc6)n(CCCCCC)c(=O)c5nc4c3nc2c1=O,"[6, 43, 51, 53, 56, 59]","[""N(aromatic)"", ""N(aromatic)"", ""O(amide_carbonyl)"", ""N(aromatic)"", ""N(aromatic)"", ""O(amide_carbonyl)""]",6,9,1,water,water,3,/nfs/home/nshank3/lanthanide_dataset_builder/data/geometries/Eu/Eu_Z63_ox3_CN9_nlig1_water_fbeb4feade31.xyz,/nfs/home/nshank3/lanthanide_dataset_builder/data/geometries/Eu/Eu_Z63_ox3_CN9_nlig1_water_fbeb4feade31.mol2,,-4793.241242990583,ok,built (standard attempt 1),accepted,CCCCCCn1c(-c2ccccc2)c(-c2ccccc2)c2cc3ccc4cc5c(-c6ccccc6)c(-c6ccccc6)n(CCCCCC)c(=O)c5nc4c3nc2c1=O,CCCCCCn1c(-c2ccccc2)c(-c2ccccc2)c2cc3ccc4cc5c(-c6ccccc6)c(-c6ccccc6)n(CCCCCC)c(=O)c5nc4c3nc2c1=O,False,True,True,7,"N2,O5","60:O:2.28,52:O:2.29,57:N:2.44,54:N:2.52,117:O:2.52,114:O:2.57,111:O:2.80",2.8021635113413623,2.279287719947845,False,ok
c9c94892868c,,64,Gd,3,CCCCCCCCN(C)C(=O)COCC(=O)N(C)CCCCCCCC,"[11, 13, 16]","[""O(amide_carbonyl)"", ""O(ether)"", ""O(amide_carbonyl)""]",3,9,3,water,water,0,/nfs/home/nshank3/lanthanide_dataset_builder/data/geometries/Gd/Gd_Z64_ox3_CN9_nlig3_water_c9c94892868c.xyz,/nfs/home/nshank3/lanthanide_dataset_builder/data/geometries/Gd/Gd_Z64_ox3_CN9_nlig3_water_c9c94892868c.mol2,,-7156.884866490162,ok,built (standard attempt 1),accepted,CCCCCCCCN(C)C(=O)COCC(=O)N(C)CCCCCCCC,CCCCCCCCN(C)C(=O)COCC(=O)N(C)CCCCCCCC,False,True,True,9,O9,"12:O:2.17,159:O:2.23,88:O:2.27,156:O:2.34,83:O:2.39,17:O:2.39,154:O:2.47,14:O:2.74,85:O:2.93",2.9313530998388515,2.1747513768853786,True,ok
16c770c06fe9,,67,Ho,3,CN(C(=O)COCC(=O)N(C)c1ccccc1)c1ccccc1,"[3, 5, 8]","[""O(amide_carbonyl)"", ""O(ether)"", ""O(amide_carbonyl)""]",3,8,2,nitrate,nitrate,2,/nfs/home/nshank3/lanthanide_dataset_builder/data/geometries/Ho/Ho_Z67_ox3_CN8_nlig2_nitrate_16c770c06fe9.xyz,/nfs/home/nshank3/lanthanide_dataset_builder/data/geometries/Ho/Ho_Z67_ox3_CN8_nlig2_nitrate_16c770c06fe9.mol2,,-4057.607926707206,ok,built (standard attempt 1),accepted,CN(C(=O)COCC(=O)N(C)c1ccccc1)c1ccccc1,CN(C(=O)COCC(=O)N(C)c1ccccc1)c1ccccc1,False,True,True,9,"N1,O8","90:O:2.08,47:O:2.18,9:O:2.19,89:O:2.23,4:O:2.29,52:O:2.46,49:O:2.46,87:N:2.53,6:O:2.66",2.662946318931441,2.0756683788051586,False,ok
9b88ecdb5d6a,,67,Ho,3,CCCCCCn1c(-c2ccccc2)c(-c2ccccc2)c2cc3ccc4cc5c(-c6ccccc6)c(-c6ccccc6)n(CCCCCC)c(=O)c5nc4c3nc2c1=O,"[6, 43, 51, 53, 56, 59]","[""N(aromatic)"", ""N(aromatic)"", ""O(amide_carbonyl)"", ""N(aromatic)"", ""N(aromatic)"", ""O(amide_carbonyl)""]",6,8,1,nitrate,nitrate,2,/nfs/home/nshank3/lanthanide_dataset_builder/data/geometries/Ho/Ho_Z67_ox3_CN8_nlig1_nitrate_9b88ecdb5d6a.xyz,/nfs/home/nshank3/lanthanide_dataset_builder/data/geometries/Ho/Ho_Z67_ox3_CN8_nlig1_nitrate_9b88ecdb5d6a.mol2,,-4799.964893925479,ok,built (standard attempt 1),accepted,CCCCCCn1c(-c2ccccc2)c(-c2ccccc2)c2cc3ccc4cc5c(-c6ccccc6)c(-c6ccccc6)n(CCCCCC)c(=O)c5nc4c3nc2c1=O,CCCCCCn1c(-c2ccccc2)c(-c2ccccc2)c2cc3ccc4cc5c(-c6ccccc6)c(-c6ccccc6)n(CCCCCC)c(=O)c5nc4c3nc2c1=O,False,True,True,8,"N3,O5","113:O:2.06,114:O:2.09,52:O:2.10,60:O:2.17,111:N:2.24,57:N:2.44,54:N:2.51,112:O:3.20",3.195223748321705,2.062530566541432,True,ok
b958fc57e336,,57,La,3,CCCCCCCCN(C)C(=O)COCC(=O)N(CCCCCCCC)CCCCCCCC,"[11, 13, 16]","[""O(amide_carbonyl)"", ""O(ether)"", ""O(amide_carbonyl)""]",3,9,3,water,water,0,/nfs/home/nshank3/lanthanide_dataset_builder/data/geometries/La/La_Z57_ox3_CN9_nlig3_water_b958fc57e336.xyz,/nfs/home/nshank3/lanthanide_dataset_builder/data/geometries/La/La_Z57_ox3_CN9_nlig3_water_b958fc57e336.mol2,,-8968.896841996646,ok,built (standard attempt 1),accepted,CCCCCCCCN(C)C(=O)COCC(=O)N(CCCCCCCC)CCCCCCCC,CCCCCCCCN(C)C(=O)COCC(=O)N(CCCCCCCC)CCCCCCCC,False,True,True,9,O9,"104:O:2.20,109:O:2.33,12:O:2.38,196:O:2.46,17:O:2.48,201:O:2.56,106:O:2.70,198:O:2.72,14:O:2.76",2.7645925257154285,2.1966394271699143,True,ok
302a1a766fc4,,71,Lu,3,CCCCCCN(CCCCCC)C(=O)COCC(=O)N(CCCCCC)CCCCCC,"[14, 16, 19]","[""O(amide_carbonyl)"", ""O(ether)"", ""O(amide_carbonyl)""]",3,8,2,nitrate,nitrate,2,/nfs/home/nshank3/lanthanide_dataset_builder/data/geometries/Lu/Lu_Z71_ox3_CN8_nlig2_nitrate_302a1a766fc4.xyz,/nfs/home/nshank3/lanthanide_dataset_builder/data/geometries/Lu/Lu_Z71_ox3_CN8_nlig2_nitrate_302a1a766fc4.mol2,,-6227.173454177928,ok,built (standard attempt 1),accepted,CCCCCCN(CCCCCC)C(=O)COCC(=O)N(CCCCCC)CCCCCC,CCCCCCN(CCCCCC)C(=O)COCC(=O)N(CCCCCC)CCCCCC,False,True,True,9,"N1,O8","181:O:2.04,182:O:2.06,104:O:2.12,109:O:2.16,15:O:2.23,20:O:2.30,179:N:2.39,17:O:2.46,106:O:2.52",2.523168349927049,2.0365623309868925,False,ok
479733750bb5,,71,Lu,3,CCCCCCCCN(CC(C)C)C(=O)COCC(=O)N(CCCCCCCC)CC(C)C,"[14, 16, 19]","[""O(amide_carbonyl)"", ""O(ether)"", ""O(amide_carbonyl)""]",3,8,2,nitrate,nitrate,2,/nfs/home/nshank3/lanthanide_dataset_builder/data/geometries/Lu/Lu_Z71_ox3_CN8_nlig2_nitrate_479733750bb5.xyz,/nfs/home/nshank3/lanthanide_dataset_builder/data/geometries/Lu/Lu_Z71_ox3_CN8_nlig2_nitrate_479733750bb5.mol2,,-6226.71922946496,ok,built (standard attempt 1),accepted,CCCCCCCCN(CC(C)C)C(=O)COCC(=O)N(CCCCCCCC)CC(C)C,CCCCCCCCN(CC(C)C)C(=O)COCC(=O)N(CCCCCCCC)CC(C)C,False,True,True,9,"N1,O8","182:O:2.05,181:O:2.09,104:O:2.14,20:O:2.18,109:O:2.25,179:N:2.32,15:O:2.43,17:O:2.59,106:O:2.72",2.723759412682516,2.054078029583547,False,ok
422eaccbf51e,,71,Lu,3,COCCN(CCOC)C(=O)COCC(=O)N(CCOC)CCOC,"[1, 7, 10, 12, 15, 19, 23]","[""O(ether)"", ""O(ether)"", ""O(amide_carbonyl)"", ""O(ether)"", ""O(amide_carbonyl)"", ""O(ether)"", ""O(ether)""]",7,8,1,water,water,1,/nfs/home/nshank3/lanthanide_dataset_builder/data/geometries/Lu/Lu_Z71_ox3_CN8_nlig1_water_422eaccbf51e.xyz,/nfs/home/nshank3/lanthanide_dataset_builder/data/geometries/Lu/Lu_Z71_ox3_CN8_nlig1_water_422eaccbf51e.mol2,,-2441.445897586551,ok,built (standard attempt 1),accepted,COCCN(CCOC)C(=O)COCC(=O)N(CCOC)CCOC,COCCN(CCOC)C(=O)COCC(=O)N(CCOC)CCOC,False,True,True,8,"N1,O7","11:O:2.08,16:O:2.15,13:O:2.36,2:O:2.42,20:O:2.45,24:O:2.48,8:O:2.59,17:N:3.12",3.1193299786701774,2.0810739548493453,True,ok
5432c76725a1,,60,Nd,3,CCCCCCCCN(CCC)C(=O)COCC(=O)N(CCC)CCCCCCCC,"[13, 15, 18]","[""O(amide_carbonyl)"", ""O(ether)"", ""O(amide_carbonyl)""]",3,9,3,water,water,0,/nfs/home/nshank3/lanthanide_dataset_builder/data/geometries/Nd/Nd_Z60_ox3_CN9_nlig3_water_5432c76725a1.xyz,/nfs/home/nshank3/lanthanide_dataset_builder/data/geometries/Nd/Nd_Z60_ox3_CN9_nlig3_water_5432c76725a1.mol2,,-8193.340800061258,ok,built (standard attempt 1),accepted,CCCCCCCCN(CCC)C(=O)COCC(=O)N(CCC)CCCCCCCC,CCCCCCCCN(CCC)C(=O)COCC(=O)N(CCC)CCCCCCCC,False,True,True,9,O9,"102:O:2.22,185:O:2.34,180:O:2.35,19:O:2.36,97:O:2.38,14:O:2.42,99:O:2.57,182:O:2.58,16:O:2.74",2.73781742321873,2.2243018548965585,True,ok
eee22ec9a6e4,,70,Yb,3,CCN(C(=O)c1cccc(-c2cccc(C(=O)N(CC)c3cc(C)cc(C)c3)n2)n1)c1cc(C)cc(C)c1,"[4, 16, 28, 29]","[""O(amide_carbonyl)"", ""O(amide_carbonyl)"", ""N(aromatic)"", ""N(aromatic)""]",4,8,2,nitrate,nitrate,0,/nfs/home/nshank3/lanthanide_dataset_builder/data/geometries/Yb/Yb_Z70_ox3_CN8_nlig2_nitrate_eee22ec9a6e4.xyz,/nfs/home/nshank3/lanthanide_dataset_builder/data/geometries/Yb/Yb_Z70_ox3_CN8_nlig2_nitrate_eee22ec9a6e4.mol2,,-5754.463372238589,ok,built (standard attempt 1),accepted,CCN(C(=O)c1cccc(-c2cccc(C(=O)N(CC)c3cc(C)cc(C)c3)n2)n1)c1cc(C)cc(C)c1,CCN(C(=O)c1cccc(-c2cccc(C(=O)N(CC)c3cc(C)cc(C)c3)n2)n1)c1cc(C)cc(C)c1,False,True,True,8,"N4,O4","77:O:2.10,89:O:2.11,102:N:2.23,101:N:2.23,29:N:2.26,30:N:2.26,5:O:2.31,17:O:2.35",2.3496207318276436,2.101667388932831,True,ok
6857f8009f97,,63,Eu,3,CCCCCCCCCCCCN(CCCCCCCCCCCC)C(=O)COCCOCC(=O)N(CCCCCCCCCCCC)CCCCCCCCCCCC,"[26, 28, 31, 34]","[""O(amide_carbonyl)"", ""O(ether)"", ""O(ether)"", ""O(amide_carbonyl)""]",4,9,2,nitrate,nitrate,1,/nfs/home/nshank3/lanthanide_dataset_builder/data/geometries/Eu/Eu_Z63_ox3_CN9_nlig2_nitrate_6857f8009f97.xyz,/nfs/home/nshank3/lanthanide_dataset_builder/data/geometries/Eu/Eu_Z63_ox3_CN9_nlig2_nitrate_6857f8009f97.mol2,,-3063.664781430032,ok_simplified_ligand,original_ligtype_failed_simplified_success,accepted,CCCCCCCCCCCCN(CCCCCCCCCCCC)C(=O)COCCOCC(=O)N(CCCCCCCCCCCC)CCCCCCCCCCCC,CN(C)C(=O)COCCOCC(=O)N(C)C,True,True,True,9,O9,"13:O:2.30,46:O:2.34,41:O:2.36,5:O:2.36,49:O:2.43,10:O:2.48,7:O:2.49,73:O:2.55,43:O:2.57",2.5687831768793927,2.299554204306982,True,ok
8f6217e6a4f8,,57,La,3,CCCCCCCCCCN(CCCCCCCCCC)C(=O)[C@H](CCC)O[C@H](CCC)C(=O)N(CCCCCCCCCC)CCCCCCCCCC,"[22, 27, 33]","[""O(amide_carbonyl)"", ""O(ether)"", ""O(amide_carbonyl)""]",3,9,3,nitrate,nitrate,0,/nfs/home/nshank3/lanthanide_dataset_builder/data/geometries/La/La_Z57_ox3_CN9_nlig3_nitrate_8f6217e6a4f8.xyz,/nfs/home/nshank3/lanthanide_dataset_builder/data/geometries/La/La_Z57_ox3_CN9_nlig3_nitrate_8f6217e6a4f8.mol2,,-14393.13347609541,ok,built (large_ligand_fast attempt 1),accepted,CCCCCCCCCCN(CCCCCCCCCC)C(=O)[C@H](CCC)O[C@H](CCC)C(=O)N(CCCCCCCCCC)CCCCCCCCCC,CCCCCCCCCCN(CCCCCCCCCC)C(=O)[C@H](CCC)O[C@H](CCC)C(=O)N(CCCCCCCCCC)CCCCCCCCCC,False,True,True,9,O9,"34:O:2.43,344:O:2.56,189:O:2.61,178:O:2.80,333:O:2.85,183:O:2.86,338:O:2.92,28:O:2.94,23:O:2.94",2.9404796563471685,2.4254141117408357,True,ok
1f1106359435,,63,Eu,3,CC(C)(C)c1ccc(NC(=O)c2cc(=O)cc(C(=O)Nc3ccc(C(C)(C)C)cc3)o2)cc1,"[10, 14, 18, 30]","[""O(amide_carbonyl)"", ""O(carbonyl)"", ""O(amide_carbonyl)"", ""O(ether)""]",4,9,2,nitrate,nitrate,1,/nfs/home/nshank3/lanthanide_dataset_builder/data/geometries/Eu/Eu_Z63_ox3_CN9_nlig2_nitrate_1f1106359435.xyz,/nfs/home/nshank3/lanthanide_dataset_builder/data/geometries/Eu/Eu_Z63_ox3_CN9_nlig2_nitrate_1f1106359435.mol2,,-5314.614441409266,ok,built (standard attempt 3),accepted,CC(C)(C)c1ccc(NC(=O)c2cc(=O)cc(C(=O)Nc3ccc(C(C)(C)C)cc3)o2)cc1,CC(C)(C)c1ccc(NC(=O)c2cc(=O)cc(C(=O)Nc3ccc(C(C)(C)C)cc3)o2)cc1,False,True,True,7,O7,"11:O:2.40,74:O:2.42,78:O:2.44,127:O:2.45,19:O:2.59,82:O:2.59,15:O:2.79",2.791124873934332,2.400330998474234,False,ok
5aa4cf743db2,,58,Ce,3,CN(C(=O)c1cccc(C(=O)N(C)c2ccccc2)n1)c1ccccc1,"[3, 10, 19]","[""O(amide_carbonyl)"", ""O(amide_carbonyl)"", ""N(aromatic)""]",3,9,3,nitrate,nitrate,0,/nfs/home/nshank3/lanthanide_dataset_builder/data/geometries/Ce/Ce_Z58_ox3_CN9_nlig3_nitrate_5aa4cf743db2.xyz,/nfs/home/nshank3/lanthanide_dataset_builder/data/geometries/Ce/Ce_Z58_ox3_CN9_nlig3_nitrate_5aa4cf743db2.mol2,,-5845.756965385083,ok,built (standard attempt 1),accepted,CN(C(=O)c1cccc(C(=O)N(C)c2ccccc2)n1)c1ccccc1,CN(C(=O)c1cccc(C(=O)N(C)c2ccccc2)n1)c1ccccc1,False,True,True,9,"N3,O6","4:O:2.22,101:O:2.29,11:O:2.34,49:O:2.43,56:O:2.45,110:N:2.52,20:N:2.54,94:O:2.55,65:N:2.81",2.814673536386401,2.221431682248555,True,ok
3cd5bc4527c0,,69,Tm,3,CCCCCCCCN(CCCCCCCC)C(=O)c1ccc2ccc3ccc(C(=O)N(CCCCCCCC)CCCCCCCC)nc3c2n1,"[18, 30, 48, 51]","[""O(amide_carbonyl)"", ""O(amide_carbonyl)"", ""N(aromatic)"", ""N(aromatic)""]",4,8,2,water,water,0,/nfs/home/nshank3/lanthanide_dataset_builder/data/geometries/Tm/Tm_Z69_ox3_CN8_nlig2_water_3cd5bc4527c0.xyz,/nfs/home/nshank3/lanthanide_dataset_builder/data/geometries/Tm/Tm_Z69_ox3_CN8_nlig2_water_3cd5bc4527c0.mol2,,-8501.121975620068,ok,built (standard attempt 2),accepted,CCCCCCCCN(CCCCCCCC)C(=O)c1ccc2ccc3ccc(C(=O)N(CCCCCCCC)CCCCCCCC)nc3c2n1,CCCCCCCCN(CCCCCCCC)C(=O)c1ccc2ccc3ccc(C(=O)N(CCCCCCCC)CCCCCCCC)nc3c2n1,False,True,True,8,"N4,O4","157:O:2.22,19:O:2.22,31:O:2.33,145:O:2.37,175:N:2.39,49:N:2.41,52:N:2.41,178:N:2.53",2.5320323432746306,2.2183515972369725,True,ok
9e16a74d1a8a,,66,Dy,3,CCCCCCCCN(CCCCCCCC)C(=O)C(C)OC(C)C(=O)N(CCCCCCCC)CCCCCCCC,"[18, 21, 25]","[""O(amide_carbonyl)"", ""O(ether)"", ""O(amide_carbonyl)""]",3,8,2,nitrate,nitrate,2,/nfs/home/nshank3/lanthanide_dataset_builder/data/geometries/Dy/Dy_Z66_ox3_CN8_nlig2_nitrate_9e16a74d1a8a.xyz,/nfs/home/nshank3/lanthanide_dataset_builder/data/geometries/Dy/Dy_Z66_ox3_CN8_nlig2_nitrate_9e16a74d1a8a.mol2,,-7950.869377669284,ok,built (standard attempt 1),accepted,CCCCCCCCN(CCCCCCCC)C(=O)C(C)OC(C)C(=O)N(CCCCCCCC)CCCCCCCC,CCCCCCCCN(CCCCCCCC)C(=O)C(C)OC(C)C(=O)N(CCCCCCCC)CCCCCCCC,False,True,True,9,"N1,O8","242:O:2.07,241:O:2.13,19:O:2.26,145:O:2.30,138:O:2.33,239:N:2.33,26:O:2.41,141:O:2.46,22:O:2.54",2.5398014753734275,2.074377741215462,False,ok
f96ab850a665,,66,Dy,3,CN(C(=O)CC(=O)N(C)c1ccccc1)c1ccccc1,"[3, 6]","[""O(amide_carbonyl)"", ""O(amide_carbonyl)""]",2,8,4,nitrate,nitrate,0,/nfs/home/nshank3/lanthanide_dataset_builder/data/geometries/Dy/Dy_Z66_ox3_CN8_nlig4_nitrate_f96ab850a665.xyz,/nfs/home/nshank3/lanthanide_dataset_builder/data/geometries/Dy/Dy_Z66_ox3_CN8_nlig4_nitrate_f96ab850a665.mol2,,-6487.254936320571,ok,built (standard attempt 1),accepted,CN(C(=O)CC(=O)N(C)c1ccccc1)c1ccccc1,CN(C(=O)CC(=O)N(C)c1ccccc1)c1ccccc1,False,True,True,8,O8,"4:O:2.24,82:O:2.30,85:O:2.33,7:O:2.34,124:O:2.42,46:O:2.47,121:O:2.47,43:O:2.54",2.5396255634961085,2.2377416233585588,True,ok
b41c48dbd129,,69,Tm,3,CCCCCCCCN(C)C(=O)C(CCOCCCCCC)C(=O)N(C)CCCCCCCC,"[11, 15, 23]","[""O(amide_carbonyl)"", ""O(ether)"", ""O(amide_carbonyl)""]",3,8,2,nitrate,nitrate,2,/nfs/home/nshank3/lanthanide_dataset_builder/data/geometries/Tm/Tm_Z69_ox3_CN8_nlig2_nitrate_b41c48dbd129.xyz,/nfs/home/nshank3/lanthanide_dataset_builder/data/geometries/Tm/Tm_Z69_ox3_CN8_nlig2_nitrate_b41c48dbd129.mol2,,-6399.038407516901,ok,built (standard attempt 1),accepted,CCCCCCCCN(C)C(=O)C(CCOCCCCCC)C(=O)N(C)CCCCCCCC,CCCCCCCCN(C)C(=O)C(CCOCCCCCC)C(=O)N(C)CCCCCCCC,False,True,True,9,"N1,O8","188:O:2.06,187:O:2.09,104:O:2.22,12:O:2.23,116:O:2.33,24:O:2.38,185:N:2.43,108:O:2.59,16:O:2.64",2.643280414007147,2.0595676979553863,False,ok
4a5715743e89,,64,Gd,3,CCN(C(=O)c1cccc(-c2cccc(C(=O)N(CC)c3ccc(C)cc3C)n2)n1)c1ccc(C)cc1C,"[4, 16, 28, 29]","[""O(amide_carbonyl)"", ""O(amide_carbonyl)"", ""N(aromatic)"", ""N(aromatic)""]",4,9,2,nitrate,nitrate,1,/nfs/home/nshank3/lanthanide_dataset_builder/data/geometries/Gd/Gd_Z64_ox3_CN9_nlig2_nitrate_4a5715743e89.xyz,/nfs/home/nshank3/lanthanide_dataset_builder/data/geometries/Gd/Gd_Z64_ox3_CN9_nlig2_nitrate_4a5715743e89.mol2,,-5895.0558076391335,ok,built (standard attempt 1),accepted,CCN(C(=O)c1cccc(-c2cccc(C(=O)N(CC)c3ccc(C)cc3C)n2)n1)c1ccc(C)cc1C,CCN(C(=O)c1cccc(-c2cccc(C(=O)N(CC)c3ccc(C)cc3C)n2)n1)c1ccc(C)cc1C,False,True,True,9,"N4,O5","5:O:2.30,89:O:2.41,17:O:2.47,77:O:2.51,30:N:2.52,101:N:2.55,29:N:2.58,145:O:2.64,102:N:2.65",2.652630022053806,2.3036253799737683,True,ok
1d80e1c44f32,,57,La,3,CCN(C(=O)c1cccc(-c2cccc(C(=O)N(CC)c3cc(C)cc(C)c3)n2)n1)c1cc(C)cc(C)c1,"[4, 16, 28, 29]","[""O(amide_carbonyl)"", ""O(amide_carbonyl)"", ""N(aromatic)"", ""N(aromatic)""]",4,9,2,nitrate,nitrate,1,/nfs/home/nshank3/lanthanide_dataset_builder/data/geometries/La/La_Z57_ox3_CN9_nlig2_nitrate_1d80e1c44f32.xyz,/nfs/home/nshank3/lanthanide_dataset_builder/data/geometries/La/La_Z57_ox3_CN9_nlig2_nitrate_1d80e1c44f32.mol2,,-5897.02547640028,ok,built (standard attempt 1),accepted,CCN(C(=O)c1cccc(-c2cccc(C(=O)N(CC)c3cc(C)cc(C)c3)n2)n1)c1cc(C)cc(C)c1,CCN(C(=O)c1cccc(-c2cccc(C(=O)N(CC)c3cc(C)cc(C)c3)n2)n1)c1cc(C)cc(C)c1,False,True,True,9,"N4,O5","5:O:2.30,17:O:2.57,101:N:2.62,89:O:2.63,77:O:2.63,29:N:2.70,30:N:2.72,102:N:2.78,145:O:2.81",2.810062385879265,2.2999391867906986,True,ok
18b24c265849,,71,Lu,3,CCN(C(=O)c1cccc(-c2cccc(C(=O)N(CC)c3ccccc3)n2)n1)c1ccccc1,"[4, 16, 26, 27]","[""O(amide_carbonyl)"", ""O(amide_carbonyl)"", ""N(aromatic)"", ""N(aromatic)""]",4,8,2,nitrate,nitrate,0,/nfs/home/nshank3/lanthanide_dataset_builder/data/geometries/Lu/Lu_Z71_ox3_CN8_nlig2_nitrate_18b24c265849.xyz,/nfs/home/nshank3/lanthanide_dataset_builder/data/geometries/Lu/Lu_Z71_ox3_CN8_nlig2_nitrate_18b24c265849.mol2,,-5064.323517501559,ok,built (standard attempt 1),accepted,CCN(C(=O)c1cccc(-c2cccc(C(=O)N(CC)c3ccccc3)n2)n1)c1ccccc1,CCN(C(=O)c1cccc(-c2cccc(C(=O)N(CC)c3ccccc3)n2)n1)c1ccccc1,False,True,True,8,"N4,O4","5:O:2.07,17:O:2.12,65:O:2.13,77:O:2.13,28:N:2.43,87:N:2.44,88:N:2.46,27:N:2.47",2.474573669724986,2.068583869473983,True,ok
d6289c678324,,65,Tb,3,CCCCCCCCN(C(=O)c1ccc2ccc3cccnc3c2n1)c1ccc(C)cc1,"[10, 21, 24]","[""O(amide_carbonyl)"", ""N(aromatic)"", ""N(aromatic)""]",3,8,2,nitrate,nitrate,2,/nfs/home/nshank3/lanthanide_dataset_builder/data/geometries/Tb/Tb_Z65_ox3_CN8_nlig2_nitrate_d6289c678324.xyz,/nfs/home/nshank3/lanthanide_dataset_builder/data/geometries/Tb/Tb_Z65_ox3_CN8_nlig2_nitrate_d6289c678324.mol2,,-5248.607842897523,ok,built (standard attempt 1),accepted,CCCCCCCCN(C(=O)c1ccc2ccc3cccnc3c2n1)c1ccc(C)cc1,CCCCCCCCN(C(=O)c1ccc2ccc3cccnc3c2n1)c1ccc(C)cc1,False,True,True,10,"N5,O5","129:O:2.13,130:O:2.16,127:N:2.25,74:O:2.28,88:N:2.39,85:N:2.48,22:N:2.54,25:N:2.57,11:O:2.58,128:O:3.15",3.1462404395234156,2.1258513788963196,False,ok
5cb934b765ab,,68,Er,3,CCCCN(CCCC)C(=O)c1ccc2ccc3ccc(C(=O)N(CCCC)CCCC)nc3c2n1,"[10, 22, 32, 35]","[""O(amide_carbonyl)"", ""O(amide_carbonyl)"", ""N(aromatic)"", ""N(aromatic)""]",4,8,2,nitrate,nitrate,0,/nfs/home/nshank3/lanthanide_dataset_builder/data/geometries/Er/Er_Z68_ox3_CN8_nlig2_nitrate_5cb934b765ab.xyz,/nfs/home/nshank3/lanthanide_dataset_builder/data/geometries/Er/Er_Z68_ox3_CN8_nlig2_nitrate_5cb934b765ab.mol2,,-5746.196426102397,ok,built (standard attempt 2),accepted,CCCCN(CCCC)C(=O)c1ccc2ccc3ccc(C(=O)N(CCCC)CCCC)nc3c2n1,CCCCN(CCCC)C(=O)c1ccc2ccc3ccc(C(=O)N(CCCC)CCCC)nc3c2n1,False,True,True,8,"N4,O4","101:O:2.14,11:O:2.14,23:O:2.16,89:O:2.24,114:N:2.37,36:N:2.40,33:N:2.41,111:N:2.44",2.4394059421463843,2.1366906701422628,True,ok
98f86a1f1a95,,64,Gd,3,O=C(O)CN(CC(=O)O)C1CCCCC1N(CC(=O)O)CC(=O)O,"[0, 2, 4, 7, 8, 15, 18, 19]","[""O(ester_carbonyl)"", ""O(hydroxyl)"", ""N(amine)"", ""O(ester_carbonyl)"", ""O(hydroxyl)"", ""N(amine)"", ""O(ester_carbonyl)"", ""O(hydroxyl)""]",8,9,1,nitrate,nitrate,1,/nfs/home/nshank3/lanthanide_dataset_builder/data/geometries/Gd/Gd_Z64_ox3_CN9_nlig1_nitrate_98f86a1f1a95.xyz,/nfs/home/nshank3/lanthanide_dataset_builder/data/geometries/Gd/Gd_Z64_ox3_CN9_nlig1_nitrate_98f86a1f1a95.mol2,,-2297.520343932876,ok,built (standard attempt 1),accepted,O=C(O)CN(CC(=O)O)C1CCCCC1N(CC(=O)O)CC(=O)O,O=C(O)CN(CC(=O)O)C1CCCCC1N(CC(=O)O)CC(=O)O,False,True,True,7,"N2,O5","8:O:2.15,19:O:2.18,1:O:2.23,24:O:2.32,16:N:2.37,5:N:2.52,47:O:2.72",2.724171098552121,2.1520464003463737,False,ok
e4d73cf0cbd7,,65,Tb,3,CCN(C(=O)c1cccc(C(=O)N(CC)c2ccc(C)cc2)n1)c1ccc(C)cc1,"[4, 11, 22]","[""O(amide_carbonyl)"", ""O(amide_carbonyl)"", ""N(aromatic)""]",3,8,2,nitrate,nitrate,2,/nfs/home/nshank3/lanthanide_dataset_builder/data/geometries/Tb/Tb_Z65_ox3_CN8_nlig2_nitrate_e4d73cf0cbd7.xyz,/nfs/home/nshank3/lanthanide_dataset_builder/data/geometries/Tb/Tb_Z65_ox3_CN8_nlig2_nitrate_e4d73cf0cbd7.mol2,,-5008.568954171815,ok,built (standard attempt 1),accepted,CCN(C(=O)c1cccc(C(=O)N(CC)c2ccc(C)cc2)n1)c1ccc(C)cc1,CCN(C(=O)c1cccc(C(=O)N(CC)c2ccc(C)cc2)n1)c1ccc(C)cc1,False,True,True,9,"N3,O6","12:O:2.14,117:O:2.14,118:O:2.16,62:O:2.20,69:O:2.24,80:N:2.30,115:N:2.51,5:O:2.52,23:N:2.56",2.56196146172806,2.1360332381917737,False,ok
39a5b5aa21a0,,71,Lu,3,CCN(C(=O)c1cccc(C(=O)N(CC)c2cccc(C)c2)n1)c1cccc(C)c1,"[4, 11, 22]","[""O(amide_carbonyl)"", ""O(amide_carbonyl)"", ""N(aromatic)""]",3,8,2,nitrate,nitrate,2,/nfs/home/nshank3/lanthanide_dataset_builder/data/geometries/Lu/Lu_Z71_ox3_CN8_nlig2_nitrate_39a5b5aa21a0.xyz,/nfs/home/nshank3/lanthanide_dataset_builder/data/geometries/Lu/Lu_Z71_ox3_CN8_nlig2_nitrate_39a5b5aa21a0.mol2,,-5007.253440393141,ok,built (standard attempt 1),accepted,CCN(C(=O)c1cccc(C(=O)N(CC)c2cccc(C)c2)n1)c1cccc(C)c1,CCN(C(=O)c1cccc(C(=O)N(CC)c2cccc(C)c2)n1)c1cccc(C)c1,False,True,True,9,"N3,O6","117:O:2.09,5:O:2.09,118:O:2.11,62:O:2.12,69:O:2.23,80:N:2.25,12:O:2.43,115:N:2.47,23:N:2.47",2.47326545974156,2.089186166367702,False,ok
06c592a86509,,62,Sm,3,CCN(C(=O)c1cccc(C(=O)N(CC)c2ccccc2C)n1)c1ccccc1C,"[4, 11, 22]","[""O(amide_carbonyl)"", ""O(amide_carbonyl)"", ""N(aromatic)""]",3,9,3,nitrate,nitrate,0,/nfs/home/nshank3/lanthanide_dataset_builder/data/geometries/Sm/Sm_Z62_ox3_CN9_nlig3_nitrate_06c592a86509.xyz,/nfs/home/nshank3/lanthanide_dataset_builder/data/geometries/Sm/Sm_Z62_ox3_CN9_nlig3_nitrate_06c592a86509.mol2,,-6880.707836954747,ok,built (standard attempt 1),accepted,CCN(C(=O)c1cccc(C(=O)N(CC)c2ccccc2C)n1)c1ccccc1C,CCN(C(=O)c1cccc(C(=O)N(CC)c2ccccc2C)n1)c1ccccc1C,False,True,True,9,"N3,O6","5:O:2.21,62:O:2.22,126:O:2.27,119:O:2.27,69:O:2.28,12:O:2.31,23:N:2.54,80:N:2.58,137:N:2.58",2.5835549261679542,2.2145915474294022,True,ok
ff820f3e266f,,69,Tm,3,CCN(C(=O)c1cccc(C(=O)N(CC)c2ccccc2C)n1)c1ccccc1C,"[4, 11, 22]","[""O(amide_carbonyl)"", ""O(amide_carbonyl)"", ""N(aromatic)""]",3,8,2,nitrate,nitrate,2,/nfs/home/nshank3/lanthanide_dataset_builder/data/geometries/Tm/Tm_Z69_ox3_CN8_nlig2_nitrate_ff820f3e266f.xyz,/nfs/home/nshank3/lanthanide_dataset_builder/data/geometries/Tm/Tm_Z69_ox3_CN8_nlig2_nitrate_ff820f3e266f.mol2,,-5008.804083266838,ok,built (standard attempt 1),accepted,CCN(C(=O)c1cccc(C(=O)N(CC)c2ccccc2C)n1)c1ccccc1C,CCN(C(=O)c1cccc(C(=O)N(CC)c2ccccc2C)n1)c1ccccc1C,False,True,True,9,"N3,O6","118:O:2.11,117:O:2.13,62:O:2.13,12:O:2.22,69:O:2.26,80:N:2.37,23:N:2.40,5:O:2.45,115:N:2.48",2.4768735452806254,2.107179066203233,False,ok
df3c7afb2be0,,68,Er,3,CCCCCCCCN(C)C(=O)COCC(=O)N(C)CCCCCCCC,"[11, 13, 16]","[""O(amide_carbonyl)"", ""O(ether)"", ""O(amide_carbonyl)""]",3,8,2,nitrate,nitrate,2,/nfs/home/nshank3/lanthanide_dataset_builder/data/geometries/Er/Er_Z68_ox3_CN8_nlig2_nitrate_df3c7afb2be0.xyz,/nfs/home/nshank3/lanthanide_dataset_builder/data/geometries/Er/Er_Z68_ox3_CN8_nlig2_nitrate_df3c7afb2be0.mol2,,-5193.624842827845,ok,built (standard attempt 1),accepted,CCCCCCCCN(C)C(=O)COCC(=O)N(C)CCCCCCCC,CCCCCCCCN(C)C(=O)COCC(=O)N(C)CCCCCCCC,False,True,True,9,"N1,O8","145:O:2.10,146:O:2.11,17:O:2.22,12:O:2.25,83:O:2.28,88:O:2.29,143:N:2.43,14:O:2.83,85:O:2.84",2.8437274901618244,2.102586503425055,False,ok
e12925d7cdf4,,63,Eu,3,CCCCCCN(CCCCCC)C(=O)CC(=O)N(CCCCCC)CCCCCC,"[14, 17]","[""O(amide_carbonyl)"", ""O(amide_carbonyl)""]",2,9,4,nitrate,nitrate,1,/nfs/home/nshank3/lanthanide_dataset_builder/data/geometries/Eu/Eu_Z63_ox3_CN9_nlig4_nitrate_e12925d7cdf4.xyz,/nfs/home/nshank3/lanthanide_dataset_builder/data/geometries/Eu/Eu_Z63_ox3_CN9_nlig4_nitrate_e12925d7cdf4.mol2,,-10963.7453885023,ok,built (standard attempt 1),accepted,CCCCCCN(CCCCCC)C(=O)CC(=O)N(CCCCCC)CCCCCC,CCCCCCN(CCCCCC)C(=O)CC(=O)N(CCCCCC)CCCCCC,False,True,True,8,O8,"185:O:2.28,100:O:2.29,341:O:2.47,103:O:2.52,270:O:2.53,18:O:2.55,273:O:2.65,15:O:2.71",2.7149265200318684,2.283141598052759,False,ok
447e5cac899d,,64,Gd,3,CCCCCCN(C)C(=O)CC(=O)N(C)CCCCCC,"[9, 12]","[""O(amide_carbonyl)"", ""O(amide_carbonyl)""]",2,9,4,nitrate,nitrate,1,/nfs/home/nshank3/lanthanide_dataset_builder/data/geometries/Gd/Gd_Z64_ox3_CN9_nlig4_nitrate_447e5cac899d.xyz,/nfs/home/nshank3/lanthanide_dataset_builder/data/geometries/Gd/Gd_Z64_ox3_CN9_nlig4_nitrate_447e5cac899d.mol2,,-7520.419324398932,ok,built (standard attempt 1),accepted,CCCCCCN(C)C(=O)CC(=O)N(C)CCCCCC,CCCCCCN(C)C(=O)CC(=O)N(C)CCCCCC,False,True,True,9,O9,"13:O:2.33,178:O:2.35,175:O:2.38,65:O:2.41,120:O:2.44,68:O:2.46,123:O:2.50,10:O:2.57,221:O:2.79",2.7940403472193562,2.328794684186649,True,ok
5dd23c7b3686,,57,La,3,CCCCCCN(C)C(=O)CC(=O)N(C)CCCCCC,"[9, 12]","[""O(amide_carbonyl)"", ""O(amide_carbonyl)""]",2,9,4,nitrate,nitrate,1,/nfs/home/nshank3/lanthanide_dataset_builder/data/geometries/La/La_Z57_ox3_CN9_nlig4_nitrate_5dd23c7b3686.xyz,/nfs/home/nshank3/lanthanide_dataset_builder/data/geometries/La/La_Z57_ox3_CN9_nlig4_nitrate_5dd23c7b3686.mol2,,-7523.072885324983,ok,built (standard attempt 1),accepted,CCCCCCN(C)C(=O)CC(=O)N(C)CCCCCC,CCCCCCN(C)C(=O)CC(=O)N(C)CCCCCC,False,True,True,9,O9,"13:O:2.37,123:O:2.38,68:O:2.44,120:O:2.47,65:O:2.50,10:O:2.53,178:O:2.61,221:O:2.67,175:O:2.70",2.696133901592796,2.368463006579841,True,ok
e1ef5a6db0e5,,57,La,3,CCCCCCCCN(C)C(=O)CC(=O)N(C)CCCCCCCC,"[11, 14]","[""O(amide_carbonyl)"", ""O(amide_carbonyl)""]",2,9,4,nitrate,nitrate,1,/nfs/home/nshank3/lanthanide_dataset_builder/data/geometries/La/La_Z57_ox3_CN9_nlig4_nitrate_e1ef5a6db0e5.xyz,/nfs/home/nshank3/lanthanide_dataset_builder/data/geometries/La/La_Z57_ox3_CN9_nlig4_nitrate_e1ef5a6db0e5.mol2,,-8900.41603295282,ok,built (standard attempt 1),accepted,CCCCCCCCN(C)C(=O)CC(=O)N(C)CCCCCCCC,CCCCCCCCN(C)C(=O)CC(=O)N(C)CCCCCCCC,False,True,True,8,O8,"82:O:2.32,12:O:2.49,216:O:2.50,79:O:2.57,15:O:2.69,149:O:2.73,146:O:2.88,213:O:2.97",2.9725039264079403,2.316050529654261,False,ok
fa1405552d8e,,57,La,3,CC1(C)CCC(C)(C)c2nc(-c3cccc(-c4cccc(-c5nnc6c(n5)C(C)(C)CCC6(C)C)n4)n3)nnc21,"[9, 22, 23, 26, 35, 36, 37, 38]","[""N(aromatic)"", ""N(aromatic)"", ""N(aromatic)"", ""N(aromatic)"", ""N(aromatic)"", ""N(aromatic)"", ""N(aromatic)"", ""N(aromatic)""]",8,9,1,nitrate,nitrate,1,/nfs/home/nshank3/lanthanide_dataset_builder/data/geometries/La/La_Z57_ox3_CN9_nlig1_nitrate_fa1405552d8e.xyz,/nfs/home/nshank3/lanthanide_dataset_builder/data/geometries/La/La_Z57_ox3_CN9_nlig1_nitrate_fa1405552d8e.mol2,,-3164.517321822956,ok,built (standard attempt 1),accepted,CC1(C)CCC(C)(C)c2nc(-c3cccc(-c4cccc(-c5nnc6c(n5)C(C)(C)CCC6(C)C)n4)n3)nnc21,CC1(C)CCC(C)(C)c2nc(-c3cccc(-c4cccc(-c5nnc6c(n5)C(C)(C)CCC6(C)C)n4)n3)nnc21,False,True,True,7,"N6,O1","23:N:2.21,38:N:2.24,39:N:2.48,37:N:2.57,36:N:2.60,79:O:2.71,24:N:2.95",2.950634048302001,2.209078305126729,False,ok
9279ad596860,,70,Yb,3,CCN(C(=O)c1ccc2ccc3ccc(C(=O)N(CC)c4ccc(C)cc4)nc3c2n1)c1ccc(C)cc1,"[4, 16, 27, 30]","[""O(amide_carbonyl)"", ""O(amide_carbonyl)"", ""N(aromatic)"", ""N(aromatic)""]",4,8,2,nitrate,nitrate,0,/nfs/home/nshank3/lanthanide_dataset_builder/data/geometries/Yb/Yb_Z70_ox3_CN8_nlig2_nitrate_9279ad596860.xyz,/nfs/home/nshank3/lanthanide_dataset_builder/data/geometries/Yb/Yb_Z70_ox3_CN8_nlig2_nitrate_9279ad596860.mol2,,-5644.982264331409,ok,built (standard attempt 1),accepted,CCN(C(=O)c1ccc2ccc3ccc(C(=O)N(CC)c4ccc(C)cc4)nc3c2n1)c1ccc(C)cc1,CCN(C(=O)c1ccc2ccc3ccc(C(=O)N(CC)c4ccc(C)cc4)nc3c2n1)c1ccc(C)cc1,False,True,True,8,"N4,O4","73:O:2.23,17:O:2.23,85:O:2.26,5:O:2.26,96:N:2.34,28:N:2.34,99:N:2.40,31:N:2.40",2.4028893110928444,2.228036688190198,True,ok
d917c0c26159,,57,La,3,CCCCCCCCCCCCN(CCCCCCCCCCCC)C(=O)COC1CCCN(CCCCCC)C1=O,"[26, 28, 41]","[""O(amide_carbonyl)"", ""O(ether)"", ""O(amide_carbonyl)""]",3,9,3,nitrate,nitrate,0,/nfs/home/nshank3/lanthanide_dataset_builder/data/geometries/La/La_Z57_ox3_CN9_nlig3_nitrate_d917c0c26159.xyz,/nfs/home/nshank3/lanthanide_dataset_builder/data/geometries/La/La_Z57_ox3_CN9_nlig3_nitrate_d917c0c26159.mol2,,-10953.576041743352,ok,built (standard attempt 1),accepted,CCCCCCCCCCCCN(CCCCCCCCCCCC)C(=O)COC1CCCN(CCCCCC)C1=O,CCCCCCCCCCCCN(CCCCCCCCCCCC)C(=O)COC1CCCN(CCCCCC)C1=O,False,True,True,9,O9,"27:O:2.44,42:O:2.50,156:O:2.52,255:O:2.58,141:O:2.62,270:O:2.84,29:O:3.08,143:O:3.09,257:O:3.09",3.092496614028301,2.4390311304862027,True,ok
4a46d09e5596,,57,La,3,CCCCCCN(CCC(C)CCCC(C)C)C(=O)COCC(=O)N(CCCCCC)CCC(C)CCCC(C)C,"[18, 20, 23]","[""O(amide_carbonyl)"", ""O(ether)"", ""O(amide_carbonyl)""]",3,9,3,water,water,0,/nfs/home/nshank3/lanthanide_dataset_builder/data/geometries/La/La_Z57_ox3_CN9_nlig3_water_4a46d09e5596.xyz,/nfs/home/nshank3/lanthanide_dataset_builder/data/geometries/La/La_Z57_ox3_CN9_nlig3_water_4a46d09e5596.mol2,,-10778.31123660782,ok,built (standard attempt 1),accepted,CCCCCCN(CCC(C)CCCC(C)C)C(=O)COCC(=O)N(CCCCCC)CCC(C)CCCC(C)C,CCCCCCN(CCC(C)CCCC(C)C)C(=O)COCC(=O)N(CCCCCC)CCC(C)CCCC(C)C,False,True,True,9,O9,"250:O:2.35,132:O:2.38,245:O:2.47,19:O:2.49,137:O:2.57,24:O:2.61,247:O:2.67,134:O:2.68,21:O:2.84",2.839431208045442,2.3513790343273437,True,ok
5add7e7980fc,,63,Eu,3,CCCCN(CCCC)C(=O)COCC(=O)N(CCN(C(=O)COCC(=O)N(CCCC)CCCC)C(C)C)C(C)C,"[10, 12, 15]","[""O(amide_carbonyl)"", ""O(ether)"", ""O(amide_carbonyl)""]",3,9,3,nitrate,nitrate,0,/nfs/home/nshank3/lanthanide_dataset_builder/data/geometries/Eu/Eu_Z63_ox3_CN9_nlig3_nitrate_5add7e7980fc.xyz,/nfs/home/nshank3/lanthanide_dataset_builder/data/geometries/Eu/Eu_Z63_ox3_CN9_nlig3_nitrate_5add7e7980fc.mol2,,-11131.804628014244,ok,built (standard attempt 1),accepted,CCCCN(CCCC)C(=O)COCC(=O)N(CCN(C(=O)COCC(=O)N(CCCC)CCCC)C(C)C)C(C)C,CCCCN(CCCC)C(=O)COCC(=O)N(CCN(C(=O)COCC(=O)N(CCCC)CCCC)C(C)C)C(C)C,False,True,True,9,O9,"120:O:2.27,224:O:2.34,16:O:2.37,117:O:2.41,11:O:2.51,115:O:2.54,13:O:2.59,219:O:2.66,221:O:2.78",2.7775752525474644,2.271117335737517,True,ok
e7c451828720,,68,Er,3,CCCCCCCCP(=O)(CCCCCCCC)Cc1cccc(CP(=O)(CCCCCCCC)CCCCCCCC)[n+]1[O-],"[9, 26, 44]","[""O(ether)"", ""O(ether)"", ""O(ether)""]",3,8,2,nitrate,nitrate,2,/nfs/home/nshank3/lanthanide_dataset_builder/data/geometries/Er/Er_Z68_ox3_CN8_nlig2_nitrate_e7c451828720.xyz,/nfs/home/nshank3/lanthanide_dataset_builder/data/geometries/Er/Er_Z68_ox3_CN8_nlig2_nitrate_e7c451828720.mol2,,-8157.647377461987,ok,built (standard attempt 1),accepted,CCCCCCCCP(=O)(CCCCCCCC)Cc1cccc(CP(=O)(CCCCCCCC)CCCCCCCC)[n+]1[O-],CCCCCCCCP(=O)(CCCCCCCC)Cc1cccc(CP(=O)(CCCCCCCC)CCCCCCCC)[n+]1[O-],False,True,True,9,"N1,O8","243:O:2.06,244:O:2.22,10:O:2.25,27:O:2.26,130:O:2.26,147:O:2.28,241:N:2.43,165:O:2.57,45:O:2.65",2.6465354012486757,2.05985548291067,False,ok
6587dff62b60,,63,Eu,3,CCCCC(CC)CN(CC(CC)CCCC)C(=O)COCC(=O)N(CC(CC)CCCC)CC(CC)CCCC,"[18, 20, 23]","[""O(amide_carbonyl)"", ""O(ether)"", ""O(amide_carbonyl)""]",3,9,3,nitrate,nitrate,0,/nfs/home/nshank3/lanthanide_dataset_builder/data/geometries/Eu/Eu_Z63_ox3_CN9_nlig3_nitrate_6587dff62b60.xyz,/nfs/home/nshank3/lanthanide_dataset_builder/data/geometries/Eu/Eu_Z63_ox3_CN9_nlig3_nitrate_6587dff62b60.mol2,,-10773.586500127,ok,built (standard attempt 1),accepted,CCCCC(CC)CN(CC(CC)CCCC)C(=O)COCC(=O)N(CC(CC)CCCC)CC(CC)CCCC,CCCCC(CC)CN(CC(CC)CCCC)C(=O)COCC(=O)N(CC(CC)CCCC)CC(CC)CCCC,False,True,True,9,O9,"24:O:2.14,137:O:2.24,250:O:2.35,245:O:2.52,132:O:2.62,21:O:2.88,134:O:2.90,247:O:3.02,19:O:3.14",3.1414974656925096,2.1442394417626525,True,ok
61cc2c48be65,,62,Sm,3,CCCCC(CC)CN(CC(CC)CCCC)C(=O)COCC(=O)N(CC(CC)CCCC)CC(CC)CCCC,"[18, 20, 23]","[""O(amide_carbonyl)"", ""O(ether)"", ""O(amide_carbonyl)""]",3,9,3,nitrate,nitrate,0,/nfs/home/nshank3/lanthanide_dataset_builder/data/geometries/Sm/Sm_Z62_ox3_CN9_nlig3_nitrate_61cc2c48be65.xyz,/nfs/home/nshank3/lanthanide_dataset_builder/data/geometries/Sm/Sm_Z62_ox3_CN9_nlig3_nitrate_61cc2c48be65.mol2,,-10774.813082540424,ok,built (standard attempt 1),accepted,CCCCC(CC)CN(CC(CC)CCCC)C(=O)COCC(=O)N(CC(CC)CCCC)CC(CC)CCCC,CCCCC(CC)CN(CC(CC)CCCC)C(=O)COCC(=O)N(CC(CC)CCCC)CC(CC)CCCC,False,True,True,9,O9,"245:O:2.22,137:O:2.28,132:O:2.35,19:O:2.40,24:O:2.43,250:O:2.49,134:O:2.51,247:O:2.52,21:O:2.78",2.784625929364546,2.2198872358008086,True,ok
4d8d2c661a75,,63,Eu,3,CCCCCN(CCCCC)C(=O)COCC(=O)N(CCCCC)CCCCC,"[12, 14, 17]","[""O(amide_carbonyl)"", ""O(ether)"", ""O(amide_carbonyl)""]",3,9,3,nitrate,nitrate,0,/nfs/home/nshank3/lanthanide_dataset_builder/data/geometries/Eu/Eu_Z63_ox3_CN9_nlig3_nitrate_4d8d2c661a75.xyz,/nfs/home/nshank3/lanthanide_dataset_builder/data/geometries/Eu/Eu_Z63_ox3_CN9_nlig3_nitrate_4d8d2c661a75.mol2,,-7674.732567659235,ok,built (standard attempt 1),accepted,CCCCCN(CCCCC)C(=O)COCC(=O)N(CCCCC)CCCCC,CCCCCN(CCCCC)C(=O)COCC(=O)N(CCCCC)CCCCC,False,True,True,9,O9,"95:O:2.18,167:O:2.19,18:O:2.24,169:O:2.62,15:O:2.69,13:O:2.71,92:O:2.73,90:O:2.73,172:O:2.83",2.830356348190929,2.182992745474614,True,ok
83b8adbff60c,,69,Tm,3,CCCCCCCCCCN(CCCCCCCCCC)C(=O)COCC(=O)N(CCCCCC)CCCCCC,"[22, 24, 27]","[""O(amide_carbonyl)"", ""O(ether)"", ""O(amide_carbonyl)""]",3,8,2,nitrate,nitrate,2,/nfs/home/nshank3/lanthanide_dataset_builder/data/geometries/Tm/Tm_Z69_ox3_CN8_nlig2_nitrate_83b8adbff60c.xyz,/nfs/home/nshank3/lanthanide_dataset_builder/data/geometries/Tm/Tm_Z69_ox3_CN8_nlig2_nitrate_83b8adbff60c.mol2,,-7604.500903725174,ok,built (standard attempt 1),accepted,CCCCCCCCCCN(CCCCCCCCCC)C(=O)COCC(=O)N(CCCCCC)CCCCCC,CCCCCCCCCCN(CCCCCCCCCC)C(=O)COCC(=O)N(CCCCCC)CCCCCC,False,True,True,9,"N1,O8","230:O:2.03,229:O:2.08,141:O:2.13,23:O:2.16,136:O:2.25,227:N:2.38,28:O:2.42,25:O:2.52,138:O:2.75",2.747523830173589,2.026691924977069,False,ok
1c6448b96579,,63,Eu,3,CCN(CC)C(=O)COCC(=O)N(CC)CC,"[6, 8, 11]","[""O(amide_carbonyl)"", ""O(ether)"", ""O(amide_carbonyl)""]",3,9,3,nitrate,nitrate,0,/nfs/home/nshank3/lanthanide_dataset_builder/data/geometries/Eu/Eu_Z63_ox3_CN9_nlig3_nitrate_1c6448b96579.xyz,/nfs/home/nshank3/lanthanide_dataset_builder/data/geometries/Eu/Eu_Z63_ox3_CN9_nlig3_nitrate_1c6448b96579.mol2,,-4576.250220737662,ok,built (standard attempt 1),accepted,CCN(CC)C(=O)COCC(=O)N(CC)CC,CCN(CC)C(=O)COCC(=O)N(CC)CC,False,True,True,9,O9,"94:O:2.23,7:O:2.28,89:O:2.32,53:O:2.33,12:O:2.36,48:O:2.43,91:O:2.56,9:O:2.64,50:O:2.80",2.795105583151953,2.2338899196975106,True,ok
c52cf9b12c74,,63,Eu,3,CCCCCCCCN(CCCCCCCC)C(=O)C1CCC(C(=O)N(CCCCCCCC)CCCCCCCC)O1,"[18, 24, 42]","[""O(amide_carbonyl)"", ""O(amide_carbonyl)"", ""O(ether)""]",3,9,3,water,water,0,/nfs/home/nshank3/lanthanide_dataset_builder/data/geometries/Eu/Eu_Z63_ox3_CN9_nlig3_water_c52cf9b12c74.xyz,/nfs/home/nshank3/lanthanide_dataset_builder/data/geometries/Eu/Eu_Z63_ox3_CN9_nlig3_water_c52cf9b12c74.mol2,,-11209.581728456078,ok,built (standard attempt 1),accepted,CCCCCCCCN(CCCCCCCC)C(=O)C1CCC(C(=O)N(CCCCCCCC)CCCCCCCC)O1,CCCCCCCCN(CCCCCCCC)C(=O)C1CCC(C(=O)N(CCCCCCCC)CCCCCCCC)O1,False,True,True,9,O9,"25:O:2.13,19:O:2.20,136:O:2.24,259:O:2.34,253:O:2.40,160:O:2.50,43:O:2.63,277:O:2.69,142:O:2.72",2.7218936878033224,2.1275076241033513,True,ok
21044fc0e869,,62,Sm,3,CCCCCCCCN(CCCCCCCC)C(=O)COCCOCC(=O)N(CCCCCCCC)CCCCCCCC,"[18, 20, 23, 26]","[""O(amide_carbonyl)"", ""O(ether)"", ""O(ether)"", ""O(amide_carbonyl)""]",4,9,2,nitrate,nitrate,1,/nfs/home/nshank3/lanthanide_dataset_builder/data/geometries/Sm/Sm_Z62_ox3_CN9_nlig2_nitrate_21044fc0e869.xyz,/nfs/home/nshank3/lanthanide_dataset_builder/data/geometries/Sm/Sm_Z62_ox3_CN9_nlig2_nitrate_21044fc0e869.mol2,,-7885.794113303437,ok,built (standard attempt 1),accepted,CCCCCCCCN(CCCCCCCC)C(=O)COCCOCC(=O)N(CCCCCCCC)CCCCCCCC,CCCCCCCCN(CCCCCCCC)C(=O)COCCOCC(=O)N(CCCCCCCC)CCCCCCCC,False,True,True,9,O9,"139:O:2.20,19:O:2.28,147:O:2.45,21:O:2.50,24:O:2.64,144:O:2.71,27:O:2.71,241:O:2.81,141:O:2.83",2.828568484048513,2.1969854780741853,True,ok
dc8e155c1f6f,,68,Er,3,CCCCCCCCCCN(CCCCCCCCCC)C(=O)[C@H](C)O[C@H](CC)C(=O)N(CCCCCCCCCC)CCCCCCCCCC,"[22, 25, 30]","[""O(amide_carbonyl)"", ""O(ether)"", ""O(amide_carbonyl)""]",3,8,2,nitrate,nitrate,2,/nfs/home/nshank3/lanthanide_dataset_builder/data/geometries/Er/Er_Z68_ox3_CN8_nlig2_nitrate_dc8e155c1f6f.xyz,/nfs/home/nshank3/lanthanide_dataset_builder/data/geometries/Er/Er_Z68_ox3_CN8_nlig2_nitrate_dc8e155c1f6f.mol2,,-9496.83142784337,ok,built (standard attempt 1),accepted,CCCCCCCCCCN(CCCCCCCCCC)C(=O)[C@H](C)O[C@H](CC)C(=O)N(CCCCCCCCCC)CCCCCCCCCC,CCCCCCCCCCN(CCCCCCCCCC)C(=O)[C@H](C)O[C@H](CC)C(=O)N(CCCCCCCCCC)CCCCCCCCCC,False,True,True,9,"N1,O8","296:O:2.05,295:O:2.11,23:O:2.13,177:O:2.13,293:N:2.32,169:O:2.42,172:O:2.47,26:O:2.48,31:O:2.59",2.5898072821280875,2.0488091695955295,False,ok
ab5843fab94e,,70,Yb,3,CCCCCCCCN(CCCCCCCC)C(=O)[C@H](CCC)O[C@H](CCC)C(=O)N(CCCCCCCC)CCCCCCCC,"[18, 23, 29]","[""O(amide_carbonyl)"", ""O(ether)"", ""O(amide_carbonyl)""]",3,8,2,nitrate,nitrate,2,/nfs/home/nshank3/lanthanide_dataset_builder/data/geometries/Yb/Yb_Z70_ox3_CN8_nlig2_nitrate_ab5843fab94e.xyz,/nfs/home/nshank3/lanthanide_dataset_builder/data/geometries/Yb/Yb_Z70_ox3_CN8_nlig2_nitrate_ab5843fab94e.mol2,,-8636.613278781151,ok,built (standard attempt 1),accepted,CCCCCCCCN(CCCCCCCC)C(=O)[C@H](CCC)O[C@H](CCC)C(=O)N(CCCCCCCC)CCCCCCCC,CCCCCCCCN(CCCCCCCC)C(=O)[C@H](CCC)O[C@H](CCC)C(=O)N(CCCCCCCC)CCCCCCCC,False,True,True,9,"N1,O8","266:O:2.07,150:O:2.07,161:O:2.20,265:O:2.23,30:O:2.40,19:O:2.41,263:N:2.41,24:O:2.43,155:O:2.46",2.459502021020138,2.0714957197755095,False,ok
1516d237b7fa,,64,Gd,3,CC12CCC(c3nnc(-c4cccc(-c5nnc6c(n5)C5(C)CCC6C5(C)C)n4)nc31)C2(C)C,"[6, 7, 15, 16, 19, 28, 29]","[""N(aromatic)"", ""N(aromatic)"", ""N(aromatic)"", ""N(aromatic)"", ""N(aromatic)"", ""N(aromatic)"", ""N(aromatic)""]",7,9,1,nitrate,nitrate,2,/nfs/home/nshank3/lanthanide_dataset_builder/data/geometries/Gd/Gd_Z64_ox3_CN9_nlig1_nitrate_1516d237b7fa.xyz,/nfs/home/nshank3/lanthanide_dataset_builder/data/geometries/Gd/Gd_Z64_ox3_CN9_nlig1_nitrate_1516d237b7fa.mol2,,-2977.729330299723,ok,built (standard attempt 1),accepted,CC12CCC(c3nnc(-c4cccc(-c5nnc6c(n5)C5(C)CCC6C5(C)C)n4)nc31)C2(C)C,CC12CCC(c3nnc(-c4cccc(-c5nnc6c(n5)C5(C)CCC6C5(C)C)n4)nc31)C2(C)C,False,True,True,7,"N5,O2","68:O:2.04,69:O:2.05,8:N:2.32,29:N:2.41,66:N:2.43,20:N:2.84,7:N:2.87",2.873067934832186,2.0390094302062023,False,ok
7aa90e4f17c0,,66,Dy,3,O=C(c1cc(Cl)c2ccc3c(Cl)cc(C(=O)N4CCCC4)nc3c2n1)N1CCCC1,"[0, 15, 21, 24]","[""O(amide_carbonyl)"", ""O(amide_carbonyl)"", ""N(aromatic)"", ""N(aromatic)""]",4,8,2,nitrate,nitrate,0,/nfs/home/nshank3/lanthanide_dataset_builder/data/geometries/Dy/Dy_Z66_ox3_CN8_nlig2_nitrate_7aa90e4f17c0.xyz,/nfs/home/nshank3/lanthanide_dataset_builder/data/geometries/Dy/Dy_Z66_ox3_CN8_nlig2_nitrate_7aa90e4f17c0.mol2,,-4699.256754836351,ok,built (standard attempt 2),accepted,O=C(c1cc(Cl)c2ccc3c(Cl)cc(C(=O)N4CCCC4)nc3c2n1)N1CCCC1,O=C(c1cc(Cl)c2ccc3c(Cl)cc(C(=O)N4CCCC4)nc3c2n1)N1CCCC1,False,True,True,8,"N4,O4","16:O:2.13,1:O:2.14,51:O:2.15,66:O:2.21,22:N:2.44,75:N:2.45,25:N:2.45,72:N:2.48",2.4808772897845595,2.1337557826792466,True,ok
f8c51a63947a,,60,Nd,3,CC(C)CCCC(C)CCCCN(C)C(=O)COCC(=O)N(C)CCCCC(C)CCCC(C)C,"[15, 17, 20]","[""O(amide_carbonyl)"", ""O(ether)"", ""O(amide_carbonyl)""]",3,9,3,water,water,0,/nfs/home/nshank3/lanthanide_dataset_builder/data/geometries/Nd/Nd_Z60_ox3_CN9_nlig3_water_f8c51a63947a.xyz,/nfs/home/nshank3/lanthanide_dataset_builder/data/geometries/Nd/Nd_Z60_ox3_CN9_nlig3_water_f8c51a63947a.mol2,,-9223.708041823262,ok,built (standard attempt 2),accepted,CC(C)CCCC(C)CCCCN(C)C(=O)COCC(=O)N(C)CCCCC(C)CCCC(C)C,CC(C)CCCC(C)CCCCN(C)C(=O)COCC(=O)N(C)CCCCC(C)CCCC(C)C,False,True,True,7,O7,"111:O:2.16,206:O:2.21,21:O:2.22,16:O:2.23,211:O:2.26,18:O:2.37,113:O:2.96",2.9635029079400916,2.155591023493413,False,ok
13028df1064c,,58,Ce,3,CCCCCCCCN(C)C(=O)COCC(=O)N(C)CCCCCCCC,"[11, 13, 16]","[""O(amide_carbonyl)"", ""O(ether)"", ""O(amide_carbonyl)""]",3,9,3,water,water,0,/nfs/home/nshank3/lanthanide_dataset_builder/data/geometries/Ce/Ce_Z58_ox3_CN9_nlig3_water_13028df1064c.xyz,/nfs/home/nshank3/lanthanide_dataset_builder/data/geometries/Ce/Ce_Z58_ox3_CN9_nlig3_water_13028df1064c.mol2,,-7158.997462377089,ok,built (standard attempt 1),accepted,CCCCCCCCN(C)C(=O)COCC(=O)N(C)CCCCCCCC,CCCCCCCCN(C)C(=O)COCC(=O)N(C)CCCCCCCC,False,True,True,9,O9,"83:O:2.30,154:O:2.34,17:O:2.37,88:O:2.40,85:O:2.42,159:O:2.43,156:O:2.61,12:O:2.66,14:O:2.85",2.851192778806216,2.298104473939107,True,ok
a2c1ad5f9136,,58,Ce,3,CCCCC(CC)CP(=O)(CC(=O)N(CC(C)C)CC(C)C)c1ccccc1,"[9, 12]","[""O(ether)"", ""O(amide_carbonyl)""]",2,9,4,nitrate,nitrate,1,/nfs/home/nshank3/lanthanide_dataset_builder/data/geometries/Ce/Ce_Z58_ox3_CN9_nlig4_nitrate_a2c1ad5f9136.xyz,/nfs/home/nshank3/lanthanide_dataset_builder/data/geometries/Ce/Ce_Z58_ox3_CN9_nlig4_nitrate_a2c1ad5f9136.mol2,,-9558.196815846832,ok,built (standard attempt 1),accepted,CCCCC(CC)CP(=O)(CC(=O)N(CC(C)C)CC(C)C)c1ccccc1,CCCCC(CC)CP(=O)(CC(=O)N(CC(C)C)CC(C)C)c1ccccc1,False,True,True,9,O9,"150:O:2.30,220:O:2.33,10:O:2.42,80:O:2.53,13:O:2.62,153:O:2.63,281:O:2.69,223:O:2.70,83:O:2.78",2.7755493523551666,2.298256092014874,True,ok
ec0644f69d41,,66,Dy,3,CCCCCCCCN(CCCCCCCC)C(=O)[C@H](C)O[C@@H](C)C(=O)N(CCCCCCCC)CCCCCCCC,"[18, 21, 25]","[""O(amide_carbonyl)"", ""O(ether)"", ""O(amide_carbonyl)""]",3,8,2,nitrate,nitrate,2,/nfs/home/nshank3/lanthanide_dataset_builder/data/geometries/Dy/Dy_Z66_ox3_CN8_nlig2_nitrate_ec0644f69d41.xyz,/nfs/home/nshank3/lanthanide_dataset_builder/data/geometries/Dy/Dy_Z66_ox3_CN8_nlig2_nitrate_ec0644f69d41.mol2,,-7948.935571527661,ok,built (standard attempt 1),accepted,CCCCCCCCN(CCCCCCCC)C(=O)[C@H](C)O[C@@H](C)C(=O)N(CCCCCCCC)CCCCCCCC,CCCCCCCCN(CCCCCCCC)C(=O)[C@H](C)O[C@@H](C)C(=O)N(CCCCCCCC)CCCCCCCC,False,True,True,9,"N1,O8","241:O:2.10,242:O:2.12,19:O:2.19,138:O:2.23,26:O:2.24,145:O:2.32,239:N:2.36,141:O:2.44,22:O:2.61",2.6067618253067972,2.1013892157538536,False,ok
7ec9b7797bf7,,66,Dy,3,CCCCN(CCCC)C(=O)COCC(=O)N(CCCC)CCCC,"[10, 12, 15]","[""O(amide_carbonyl)"", ""O(ether)"", ""O(amide_carbonyl)""]",3,8,2,nitrate,nitrate,2,/nfs/home/nshank3/lanthanide_dataset_builder/data/geometries/Dy/Dy_Z66_ox3_CN8_nlig2_nitrate_7ec9b7797bf7.xyz,/nfs/home/nshank3/lanthanide_dataset_builder/data/geometries/Dy/Dy_Z66_ox3_CN8_nlig2_nitrate_7ec9b7797bf7.mol2,,-4850.168668127849,ok,built (standard attempt 1),accepted,CCCCN(CCCC)C(=O)COCC(=O)N(CCCC)CCCC,CCCCN(CCCC)C(=O)COCC(=O)N(CCCC)CCCC,False,True,True,9,"N1,O8","133:O:2.13,134:O:2.14,11:O:2.19,81:O:2.20,76:O:2.25,16:O:2.51,131:N:2.52,13:O:2.56,78:O:2.64",2.6400390140909034,2.13199203625291,False,ok
d2620984ee9f,,66,Dy,3,CCCCCCCCN(C)C(=O)COCC(=O)N(CCCCCCCC)CCCCCCCC,"[11, 13, 16]","[""O(amide_carbonyl)"", ""O(ether)"", ""O(amide_carbonyl)""]",3,8,2,water,water,2,/nfs/home/nshank3/lanthanide_dataset_builder/data/geometries/Dy/Dy_Z66_ox3_CN8_nlig2_water_d2620984ee9f.xyz,/nfs/home/nshank3/lanthanide_dataset_builder/data/geometries/Dy/Dy_Z66_ox3_CN8_nlig2_water_d2620984ee9f.mol2,,-6252.306725782846,ok,built (standard attempt 1),accepted,CCCCCCCCN(C)C(=O)COCC(=O)N(CCCCCCCC)CCCCCCCC,CCCCCCCCN(C)C(=O)COCC(=O)N(CCCCCCCC)CCCCCCCC,False,True,True,8,O8,"109:O:2.21,104:O:2.23,17:O:2.28,12:O:2.35,188:O:2.39,185:O:2.43,106:O:2.65,14:O:2.74",2.7395798876435857,2.213955695924201,True,ok
7f8927df857d,,68,Er,3,CCCCCCCCCCN(CCCCCCCCCC)C(=O)COCC(=O)N(CCCCCCCCCC)CCCCCCCCCC,"[22, 24, 27]","[""O(amide_carbonyl)"", ""O(ether)"", ""O(amide_carbonyl)""]",3,8,2,nitrate,nitrate,2,/nfs/home/nshank3/lanthanide_dataset_builder/data/geometries/Er/Er_Z68_ox3_CN8_nlig2_nitrate_7f8927df857d.xyz,/nfs/home/nshank3/lanthanide_dataset_builder/data/geometries/Er/Er_Z68_ox3_CN8_nlig2_nitrate_7f8927df857d.mol2,,-8982.585025051914,ok,built (standard attempt 1),accepted,CCCCCCCCCCN(CCCCCCCCCC)C(=O)COCC(=O)N(CCCCCCCCCC)CCCCCCCCCC,CCCCCCCCCCN(CCCCCCCCCC)C(=O)COCC(=O)N(CCCCCCCCCC)CCCCCCCCCC,False,True,True,9,"N1,O8","277:O:2.03,23:O:2.03,278:O:2.05,160:O:2.10,275:N:2.34,28:O:2.38,162:O:2.49,165:O:2.54,25:O:2.74",2.7358039095096682,2.032720372404119,False,ok
47aaf10896e4,,68,Er,3,CCCCC(CC)CN(C)C(=O)COCC(=O)N(C)CC(CC)CCCC,"[11, 13, 16]","[""O(amide_carbonyl)"", ""O(ether)"", ""O(amide_carbonyl)""]",3,8,2,water,water,2,/nfs/home/nshank3/lanthanide_dataset_builder/data/geometries/Er/Er_Z68_ox3_CN8_nlig2_water_47aaf10896e4.xyz,/nfs/home/nshank3/lanthanide_dataset_builder/data/geometries/Er/Er_Z68_ox3_CN8_nlig2_water_47aaf10896e4.mol2,,-5046.308868777558,ok,built (standard attempt 1),accepted,CCCCC(CC)CN(C)C(=O)COCC(=O)N(C)CC(CC)CCCC,CCCCC(CC)CN(C)C(=O)COCC(=O)N(C)CC(CC)CCCC,False,True,True,8,O8,"17:O:2.21,83:O:2.23,12:O:2.24,88:O:2.32,85:O:2.59,146:O:2.65,14:O:2.68,143:O:3.04",3.0357130309324676,2.214078365360595,True,ok
b8ecbb913546,,65,Tb,3,O=C(COCC(=O)N1CCCCC1)N1CCCCC1,"[0, 3, 6]","[""O(amide_carbonyl)"", ""O(ether)"", ""O(amide_carbonyl)""]",3,8,2,water,water,2,/nfs/home/nshank3/lanthanide_dataset_builder/data/geometries/Tb/Tb_Z65_ox3_CN8_nlig2_water_b8ecbb913546.xyz,/nfs/home/nshank3/lanthanide_dataset_builder/data/geometries/Tb/Tb_Z65_ox3_CN8_nlig2_water_b8ecbb913546.mol2,,-3559.023973234629,ok,built (standard attempt 1),accepted,O=C(COCC(=O)N1CCCCC1)N1CCCCC1,O=C(COCC(=O)N1CCCCC1)N1CCCCC1,False,True,True,8,O8,"7:O:2.18,50:O:2.20,1:O:2.22,44:O:2.27,47:O:2.33,4:O:2.41,87:O:2.52,90:O:2.92",2.9216310085096246,2.1792456633679795,True,ok
7c92b54b6344,,59,Pr,3,CCCCCCCCCCCCN(C)C(=O)COCC(=O)N(C)CCCCCCCCCCCC,"[15, 17, 20]","[""O(amide_carbonyl)"", ""O(ether)"", ""O(amide_carbonyl)""]",3,9,3,water,water,0,/nfs/home/nshank3/lanthanide_dataset_builder/data/geometries/Pr/Pr_Z59_ox3_CN9_nlig3_water_7c92b54b6344.xyz,/nfs/home/nshank3/lanthanide_dataset_builder/data/geometries/Pr/Pr_Z59_ox3_CN9_nlig3_water_7c92b54b6344.mol2,,-9224.542143549706,ok,built (standard attempt 1),accepted,CCCCCCCCCCCCN(C)C(=O)COCC(=O)N(C)CCCCCCCCCCCC,CCCCCCCCCCCCN(C)C(=O)COCC(=O)N(C)CCCCCCCCCCCC,False,True,True,9,O9,"211:O:2.21,21:O:2.32,113:O:2.46,116:O:2.47,111:O:2.47,208:O:2.57,16:O:2.63,18:O:2.64,206:O:2.81",2.8086612438986296,2.2074146798525267,True,ok
cb8e9692129f,,60,Nd,3,CCCCCc1nnc(-c2cccc(-c3cccc(-c4nnc(CCCCC)c(CCCCC)n4)n3)n2)nc1CCCCC,"[6, 7, 20, 21, 34, 35, 36, 37]","[""N(aromatic)"", ""N(aromatic)"", ""N(aromatic)"", ""N(aromatic)"", ""N(aromatic)"", ""N(aromatic)"", ""N(aromatic)"", ""N(aromatic)""]",8,9,1,nitrate,nitrate,1,/nfs/home/nshank3/lanthanide_dataset_builder/data/geometries/Nd/Nd_Z60_ox3_CN9_nlig1_nitrate_cb8e9692129f.xyz,/nfs/home/nshank3/lanthanide_dataset_builder/data/geometries/Nd/Nd_Z60_ox3_CN9_nlig1_nitrate_cb8e9692129f.mol2,,-3561.689706347371,ok,built (standard attempt 1),accepted,CCCCCc1nnc(-c2cccc(-c3cccc(-c4nnc(CCCCC)c(CCCCC)n4)n3)n2)nc1CCCCC,CCCCCc1nnc(-c2cccc(-c3cccc(-c4nnc(CCCCC)c(CCCCC)n4)n3)n2)nc1CCCCC,False,True,True,7,"N6,O1","21:N:2.32,8:N:2.33,7:N:2.37,36:N:2.56,37:N:2.58,95:O:2.63,22:N:3.06",3.062759281459017,2.315461815428408,False,ok
edd1c598b6f5,,65,Tb,3,CCCc1nnc(-c2cccc(-c3nnc(CCC)c(CCC)n3)n2)nc1CCC,"[4, 5, 13, 14, 23, 24, 25]","[""N(aromatic)"", ""N(aromatic)"", ""N(aromatic)"", ""N(aromatic)"", ""N(aromatic)"", ""N(aromatic)"", ""N(aromatic)""]",7,8,1,nitrate,nitrate,1,/nfs/home/nshank3/lanthanide_dataset_builder/data/geometries/Tb/Tb_Z65_ox3_CN8_nlig1_nitrate_edd1c598b6f5.xyz,/nfs/home/nshank3/lanthanide_dataset_builder/data/geometries/Tb/Tb_Z65_ox3_CN8_nlig1_nitrate_edd1c598b6f5.mol2,,-2453.956274483073,ok,built (standard attempt 1),accepted,CCCc1nnc(-c2cccc(-c3nnc(CCC)c(CCC)n3)n2)nc1CCC,CCCc1nnc(-c2cccc(-c3nnc(CCC)c(CCC)n3)n2)nc1CCC,False,True,True,7,"N6,O1","6:N:2.12,14:N:2.31,15:N:2.34,25:N:2.36,5:N:2.38,62:O:2.39,24:N:2.77",2.7712649120633555,2.1230061600319323,False,ok
dfc3c13eccab,,63,Eu,3,CCCCCCCCN(CCCCCCCC)C(=O)COCC(=O)N1CCCC1,"[18, 20, 23]","[""O(amide_carbonyl)"", ""O(ether)"", ""O(amide_carbonyl)""]",3,9,3,nitrate,nitrate,0,/nfs/home/nshank3/lanthanide_dataset_builder/data/geometries/Eu/Eu_Z63_ox3_CN9_nlig3_nitrate_dfc3c13eccab.xyz,/nfs/home/nshank3/lanthanide_dataset_builder/data/geometries/Eu/Eu_Z63_ox3_CN9_nlig3_nitrate_dfc3c13eccab.mol2,,-7592.457678845239,ok,built (standard attempt 1),accepted,CCCCCCCCN(CCCCCCCC)C(=O)COCC(=O)N1CCCC1,CCCCCCCCN(CCCCCCCC)C(=O)COCC(=O)N1CCCC1,False,True,True,9,O9,"169:O:2.25,19:O:2.29,174:O:2.33,99:O:2.42,171:O:2.52,94:O:2.58,96:O:2.63,21:O:2.73,24:O:2.82",2.8221117248511973,2.2488840892938695,True,ok
288717351ab4,,63,Eu,3,CCCCCCCCN(CCC)C(=O)COCC(=O)N(CCC)CCCCCCCC,"[13, 15, 18]","[""O(amide_carbonyl)"", ""O(ether)"", ""O(amide_carbonyl)""]",3,9,3,water,water,0,/nfs/home/nshank3/lanthanide_dataset_builder/data/geometries/Eu/Eu_Z63_ox3_CN9_nlig3_water_288717351ab4.xyz,/nfs/home/nshank3/lanthanide_dataset_builder/data/geometries/Eu/Eu_Z63_ox3_CN9_nlig3_water_288717351ab4.mol2,,-8191.661426004223,ok,built (standard attempt 1),accepted,CCCCCCCCN(CCC)C(=O)COCC(=O)N(CCC)CCCCCCCC,CCCCCCCCN(CCC)C(=O)COCC(=O)N(CCC)CCCCCCCC,False,True,True,9,O9,"19:O:2.16,14:O:2.32,97:O:2.32,102:O:2.37,180:O:2.37,182:O:2.40,185:O:2.40,16:O:2.56,99:O:2.97",2.97283476990421,2.1613291715347422,True,ok
51249be7a086,,63,Eu,3,CCCCCCCCN(CCCCCCCC)C(=O)CCOCCC(=O)N(CCCCCCCC)CCCCCCCC,"[18, 21, 25]","[""O(amide_carbonyl)"", ""O(ether)"", ""O(amide_carbonyl)""]",3,9,3,nitrate,nitrate,0,/nfs/home/nshank3/lanthanide_dataset_builder/data/geometries/Eu/Eu_Z63_ox3_CN9_nlig3_nitrate_51249be7a086.xyz,/nfs/home/nshank3/lanthanide_dataset_builder/data/geometries/Eu/Eu_Z63_ox3_CN9_nlig3_nitrate_51249be7a086.mol2,,-11290.40626922416,ok,built (standard attempt 1),accepted,CCCCCCCCN(CCCCCCCC)C(=O)CCOCCC(=O)N(CCCCCCCC)CCCCCCCC,CCCCCCCCN(CCCCCCCC)C(=O)CCOCCC(=O)N(CCCCCCCC)CCCCCCCC,False,True,True,9,O9,"260:O:2.32,141:O:2.38,138:O:2.40,26:O:2.44,19:O:2.46,257:O:2.47,264:O:2.49,22:O:2.56,145:O:2.85",2.8472098021907346,2.320978899405888,True,ok
55d76dbadee1,,63,Eu,3,CC1(C)CCC(C)(C)c2nc(-c3cccc(-c4cccc(-c5ccccn5)n4)n3)nnc21,"[9, 26, 27, 28, 29, 30]","[""N(aromatic)"", ""N(aromatic)"", ""N(aromatic)"", ""N(aromatic)"", ""N(aromatic)"", ""N(aromatic)""]",6,9,1,nitrate,nitrate,3,/nfs/home/nshank3/lanthanide_dataset_builder/data/geometries/Eu/Eu_Z63_ox3_CN9_nlig1_nitrate_55d76dbadee1.xyz,/nfs/home/nshank3/lanthanide_dataset_builder/data/geometries/Eu/Eu_Z63_ox3_CN9_nlig1_nitrate_55d76dbadee1.mol2,,-2911.929007734189,ok,built (standard attempt 2),accepted,CC1(C)CCC(C)(C)c2nc(-c3cccc(-c4cccc(-c5ccccn5)n4)n3)nnc21,CC1(C)CCC(C)(C)c2nc(-c3cccc(-c4cccc(-c5ccccn5)n4)n3)nnc21,False,True,True,9,"N6,O3","61:O:2.07,62:O:2.11,30:N:2.29,27:N:2.40,59:N:2.47,29:N:2.55,63:O:2.58,28:N:2.59,31:N:2.79",2.7866157474512074,2.0713049437377484,True,ok
57344db3e043,,63,Eu,3,CCCCCCCCN(CCCCCCCC)C(=O)COCP(=O)(CCCC)CCCC,"[18, 20, 23]","[""O(amide_carbonyl)"", ""O(ether)"", ""O(ether)""]",3,9,3,nitrate,nitrate,0,/nfs/home/nshank3/lanthanide_dataset_builder/data/geometries/Eu/Eu_Z63_ox3_CN9_nlig3_nitrate_57344db3e043.xyz,/nfs/home/nshank3/lanthanide_dataset_builder/data/geometries/Eu/Eu_Z63_ox3_CN9_nlig3_nitrate_57344db3e043.mol2,,-8501.625064151973,ok,built (standard attempt 1),accepted,CCCCCCCCN(CCCCCCCC)C(=O)COCP(=O)(CCCC)CCCC,CCCCCCCCN(CCCCCCCC)C(=O)COCP(=O)(CCCC)CCCC,False,True,True,8,O8,"112:O:2.20,24:O:2.20,200:O:2.26,107:O:2.53,195:O:2.60,19:O:2.71,109:O:2.74,21:O:2.74",2.7432136473163897,2.198783500650508,False,ok
a90ff76c666b,,64,Gd,3,CCCCC(CC)CN(C)C(=O)COCC(=O)N(C)CC(CC)CCCC,"[11, 13, 16]","[""O(amide_carbonyl)"", ""O(ether)"", ""O(amide_carbonyl)""]",3,9,3,water,water,0,/nfs/home/nshank3/lanthanide_dataset_builder/data/geometries/Gd/Gd_Z64_ox3_CN9_nlig3_water_a90ff76c666b.xyz,/nfs/home/nshank3/lanthanide_dataset_builder/data/geometries/Gd/Gd_Z64_ox3_CN9_nlig3_water_a90ff76c666b.mol2,,-7157.809019168785,ok,built (standard attempt 1),accepted,CCCCC(CC)CN(C)C(=O)COCC(=O)N(C)CC(CC)CCCC,CCCCC(CC)CN(C)C(=O)COCC(=O)N(C)CC(CC)CCCC,False,True,True,9,O9,"12:O:2.34,88:O:2.35,159:O:2.37,154:O:2.37,14:O:2.63,156:O:2.65,17:O:2.70,85:O:2.78,83:O:2.84",2.8393392745034185,2.335589649756553,True,ok
34d035b4dc31,,67,Ho,3,CCCCC(CC)CN(CC(CC)CCCC)C(=O)COCC(=O)N(CC(CC)CCCC)CC(CC)CCCC,"[18, 20, 23]","[""O(amide_carbonyl)"", ""O(ether)"", ""O(amide_carbonyl)""]",3,8,2,water,water,2,/nfs/home/nshank3/lanthanide_dataset_builder/data/geometries/Ho/Ho_Z67_ox3_CN8_nlig2_water_34d035b4dc31.xyz,/nfs/home/nshank3/lanthanide_dataset_builder/data/geometries/Ho/Ho_Z67_ox3_CN8_nlig2_water_34d035b4dc31.mol2,,-7456.018045509104,ok,built (standard attempt 1),accepted,CCCCC(CC)CN(CC(CC)CCCC)C(=O)COCC(=O)N(CC(CC)CCCC)CC(CC)CCCC,CCCCC(CC)CN(CC(CC)CCCC)C(=O)COCC(=O)N(CC(CC)CCCC)CC(CC)CCCC,False,True,True,8,O8,"132:O:2.15,24:O:2.20,19:O:2.28,137:O:2.32,21:O:2.34,134:O:2.44,230:O:2.54,227:O:2.83",2.8326754791438247,2.146071431382655,True,ok
62f0b304a15a,,67,Ho,3,CCCCCCn1c(-c2ccccc2)c(-c2ccccc2)c2cc3ccc4cc5c(-c6ccccc6)c(-c6ccccc6)n(CCCCCC)c(=O)c5nc4c3nc2c1=O,"[6, 43, 51, 53, 56, 59]","[""N(aromatic)"", ""N(aromatic)"", ""O(amide_carbonyl)"", ""N(aromatic)"", ""N(aromatic)"", ""O(amide_carbonyl)""]",6,8,1,water,water,2,/nfs/home/nshank3/lanthanide_dataset_builder/data/geometries/Ho/Ho_Z67_ox3_CN8_nlig1_water_62f0b304a15a.xyz,/nfs/home/nshank3/lanthanide_dataset_builder/data/geometries/Ho/Ho_Z67_ox3_CN8_nlig1_water_62f0b304a15a.mol2,,-4650.470623498365,ok,built (standard attempt 1),accepted,CCCCCCn1c(-c2ccccc2)c(-c2ccccc2)c2cc3ccc4cc5c(-c6ccccc6)c(-c6ccccc6)n(CCCCCC)c(=O)c5nc4c3nc2c1=O,CCCCCCn1c(-c2ccccc2)c(-c2ccccc2)c2cc3ccc4cc5c(-c6ccccc6)c(-c6ccccc6)n(CCCCCC)c(=O)c5nc4c3nc2c1=O,False,True,True,6,"N2,O4","52:O:2.07,60:O:2.15,57:N:2.33,54:N:2.38,111:O:2.39,114:O:2.53",2.52657715344666,2.069338995478339,False,ok
89b393ce8294,,57,La,3,CCCCCCCCC(C)(C)SCC1CN(C(=O)COCC(=O)N2CC(C)C(CSC(C)(C)CCCCCCCC)C2)CC1C,"[17, 19, 22]","[""O(amide_carbonyl)"", ""O(ether)"", ""O(amide_carbonyl)""]",3,9,3,water,water,0,/nfs/home/nshank3/lanthanide_dataset_builder/data/geometries/La/La_Z57_ox3_CN9_nlig3_water_89b393ce8294.xyz,/nfs/home/nshank3/lanthanide_dataset_builder/data/geometries/La/La_Z57_ox3_CN9_nlig3_water_89b393ce8294.mol2,,-11659.71442521955,ok,built (standard attempt 1),accepted,CCCCCCCCC(C)(C)SCC1CN(C(=O)COCC(=O)N2CC(C)C(CSC(C)(C)CCCCCCCC)C2)CC1C,CCCCCCCCC(C)(C)SCC1CN(C(=O)COCC(=O)N2CC(C)C(CSC(C)(C)CCCCCCCC)C2)CC1C,False,True,True,9,O9,"18:O:2.35,135:O:2.55,140:O:2.59,252:O:2.61,257:O:2.66,23:O:2.67,254:O:2.98,137:O:3.02,20:O:3.18",3.1790852012090935,2.345016405540736,True,ok
b3d7d325246c,,62,Sm,3,CCCCCCN(CCCCCC)C(=O)COCC(=O)N(CCCCCC)CCCCCC,"[14, 16, 19]","[""O(amide_carbonyl)"", ""O(ether)"", ""O(amide_carbonyl)""]",3,9,3,nitrate,nitrate,0,/nfs/home/nshank3/lanthanide_dataset_builder/data/geometries/Sm/Sm_Z62_ox3_CN9_nlig3_nitrate_b3d7d325246c.xyz,/nfs/home/nshank3/lanthanide_dataset_builder/data/geometries/Sm/Sm_Z62_ox3_CN9_nlig3_nitrate_b3d7d325246c.mol2,,-8709.258303911627,ok,built (standard attempt 1),accepted,CCCCCCN(CCCCCC)C(=O)COCC(=O)N(CCCCCC)CCCCCC,CCCCCCN(CCCCCC)C(=O)COCC(=O)N(CCCCCC)CCCCCC,False,True,True,9,O9,"193:O:2.15,195:O:2.32,104:O:2.35,198:O:2.37,109:O:2.37,15:O:2.39,20:O:2.39,17:O:2.41,106:O:2.65",2.646899694836309,2.1477856432516065,True,ok
64b85c270e26,,60,Nd,3,CCCCCCCCN(CC(CC)CCCC)C(=O)COCC(=O)N(CCCCCCCC)CC(CC)CCCC,"[18, 20, 23]","[""O(amide_carbonyl)"", ""O(ether)"", ""O(amide_carbonyl)""]",3,9,3,nitrate,nitrate,0,/nfs/home/nshank3/lanthanide_dataset_builder/data/geometries/Nd/Nd_Z60_ox3_CN9_nlig3_nitrate_64b85c270e26.xyz,/nfs/home/nshank3/lanthanide_dataset_builder/data/geometries/Nd/Nd_Z60_ox3_CN9_nlig3_nitrate_64b85c270e26.mol2,,-10772.035137473256,ok,built (standard attempt 1),accepted,CCCCCCCCN(CC(CC)CCCC)C(=O)COCC(=O)N(CCCCCCCC)CC(CC)CCCC,CCCCCCCCN(CC(CC)CCCC)C(=O)COCC(=O)N(CCCCCCCC)CC(CC)CCCC,False,True,True,9,O9,"250:O:2.14,132:O:2.33,137:O:2.40,19:O:2.49,21:O:2.52,247:O:2.53,134:O:2.55,245:O:2.79,24:O:3.03",3.026399185575239,2.1416338407998525,True,ok
64cc4261f02c,,71,Lu,3,CCCN(CCC)C(=O)COCC(=O)N(CCC)CCC,"[8, 10, 13]","[""O(amide_carbonyl)"", ""O(ether)"", ""O(amide_carbonyl)""]",3,8,2,nitrate,nitrate,2,/nfs/home/nshank3/lanthanide_dataset_builder/data/geometries/Lu/Lu_Z71_ox3_CN8_nlig2_nitrate_64cc4261f02c.xyz,/nfs/home/nshank3/lanthanide_dataset_builder/data/geometries/Lu/Lu_Z71_ox3_CN8_nlig2_nitrate_64cc4261f02c.mol2,,-4160.2492388886885,ok,built (standard attempt 1),accepted,CCCN(CCC)C(=O)COCC(=O)N(CCC)CCC,CCCN(CCC)C(=O)COCC(=O)N(CCC)CCC,False,True,True,9,"N1,O8","110:O:2.08,67:O:2.16,9:O:2.18,14:O:2.18,109:O:2.20,64:O:2.43,62:O:2.49,107:N:2.51,11:O:2.68",2.678923090753993,2.0794044088002144,False,ok
475b12bfbaae,,60,Nd,3,CCCCCCCCN(CCCCCCCC)C(=O)COCC(=O)N(C)C,"[18, 20, 23]","[""O(amide_carbonyl)"", ""O(ether)"", ""O(amide_carbonyl)""]",3,9,3,water,water,0,/nfs/home/nshank3/lanthanide_dataset_builder/data/geometries/Nd/Nd_Z60_ox3_CN9_nlig3_water_475b12bfbaae.xyz,/nfs/home/nshank3/lanthanide_dataset_builder/data/geometries/Nd/Nd_Z60_ox3_CN9_nlig3_water_475b12bfbaae.mol2,,-7158.602548761424,ok,built (standard attempt 1),accepted,CCCCCCCCN(CCCCCCCC)C(=O)COCC(=O)N(C)C,CCCCCCCCN(CCCCCCCC)C(=O)COCC(=O)N(C)C,False,True,True,9,O9,"90:O:2.23,95:O:2.28,24:O:2.33,166:O:2.38,19:O:2.40,92:O:2.48,161:O:2.55,21:O:2.62,163:O:2.66",2.658619568495909,2.2320203817001585,True,ok
4c69294529b9,,62,Sm,3,CCCCC(CC)CN(CC(CC)CCCC)C(=O)COCC(=O)N(CC(CC)CCCC)CC(CC)CCCC,"[18, 20, 23]","[""O(amide_carbonyl)"", ""O(ether)"", ""O(amide_carbonyl)""]",3,9,3,water,water,0,/nfs/home/nshank3/lanthanide_dataset_builder/data/geometries/Sm/Sm_Z62_ox3_CN9_nlig3_water_4c69294529b9.xyz,/nfs/home/nshank3/lanthanide_dataset_builder/data/geometries/Sm/Sm_Z62_ox3_CN9_nlig3_water_4c69294529b9.mol2,,-10775.174887052975,ok,built (standard attempt 1),accepted,CCCCC(CC)CN(CC(CC)CCCC)C(=O)COCC(=O)N(CC(CC)CCCC)CC(CC)CCCC,CCCCC(CC)CN(CC(CC)CCCC)C(=O)COCC(=O)N(CC(CC)CCCC)CC(CC)CCCC,False,True,True,9,O9,"137:O:2.40,19:O:2.43,245:O:2.43,24:O:2.44,21:O:2.57,132:O:2.58,250:O:2.58,134:O:2.58,247:O:2.66",2.6581661644851238,2.403040854616547,True,ok
7a5e099e75cf,,65,Tb,3,CCCCCCC(CCCC)CCCN(C)C(=O)COCC(=O)N(C)CCCC(CCCC)CCCCCC,"[17, 19, 22]","[""O(amide_carbonyl)"", ""O(ether)"", ""O(amide_carbonyl)""]",3,8,2,water,water,2,/nfs/home/nshank3/lanthanide_dataset_builder/data/geometries/Tb/Tb_Z65_ox3_CN8_nlig2_water_7a5e099e75cf.xyz,/nfs/home/nshank3/lanthanide_dataset_builder/data/geometries/Tb/Tb_Z65_ox3_CN8_nlig2_water_7a5e099e75cf.mol2,,-7112.358544044061,ok,built (standard attempt 1),accepted,CCCCCCC(CCCC)CCCN(C)C(=O)COCC(=O)N(C)CCCC(CCCC)CCCCCC,CCCCCCC(CCCC)CCCN(C)C(=O)COCC(=O)N(C)CCCC(CCCC)CCCCCC,False,True,True,8,O8,"125:O:2.10,23:O:2.15,18:O:2.17,130:O:2.18,20:O:2.40,127:O:2.42,218:O:2.53,215:O:2.73",2.7297170264901536,2.0957048157196305,True,ok
c3c900cb0dfb,,62,Sm,3,CCCCCCCCN(C)C(=O)COCC(=O)N(CCCCCCCC)CCCCCCCC,"[11, 13, 16]","[""O(amide_carbonyl)"", ""O(ether)"", ""O(amide_carbonyl)""]",3,9,3,water,water,0,/nfs/home/nshank3/lanthanide_dataset_builder/data/geometries/Sm/Sm_Z62_ox3_CN9_nlig3_water_c3c900cb0dfb.xyz,/nfs/home/nshank3/lanthanide_dataset_builder/data/geometries/Sm/Sm_Z62_ox3_CN9_nlig3_water_c3c900cb0dfb.mol2,,-8966.255637275286,ok,built (standard attempt 1),accepted,CCCCCCCCN(C)C(=O)COCC(=O)N(CCCCCCCC)CCCCCCCC,CCCCCCCCN(C)C(=O)COCC(=O)N(CCCCCCCC)CCCCCCCC,False,True,True,9,O9,"201:O:2.15,196:O:2.30,109:O:2.33,14:O:2.44,12:O:2.46,17:O:2.50,106:O:2.66,198:O:2.81,104:O:3.15",3.1489416243144497,2.145783986531093,True,ok
77a31bcc4546,,69,Tm,3,CCCCCCCCN(CCCC(CCCC)CCCCCC)C(=O)COCC(=O)N(CCCCCCCC)CCCC(CCCC)CCCCCC,"[24, 26, 29]","[""O(amide_carbonyl)"", ""O(ether)"", ""O(amide_carbonyl)""]",3,8,2,water,water,2,/nfs/home/nshank3/lanthanide_dataset_builder/data/geometries/Tm/Tm_Z69_ox3_CN8_nlig2_water_77a31bcc4546.xyz,/nfs/home/nshank3/lanthanide_dataset_builder/data/geometries/Tm/Tm_Z69_ox3_CN8_nlig2_water_77a31bcc4546.mol2,,-9523.54603358012,ok,built (standard attempt 1),accepted,CCCCCCCCN(CCCC(CCCC)CCCCCC)C(=O)COCC(=O)N(CCCCCCCC)CCCC(CCCC)CCCCCC,CCCCCCCCN(CCCC(CCCC)CCCCCC)C(=O)COCC(=O)N(CCCCCCCC)CCCC(CCCC)CCCCCC,False,True,True,8,O8,"30:O:2.12,179:O:2.12,174:O:2.26,25:O:2.30,176:O:2.50,299:O:2.55,302:O:2.56,27:O:2.67",2.671144095439327,2.1155711801257513,True,ok
ace58608600a,,70,Yb,3,CCCCCCCCN(CCCCCCCC)C(=O)[C@H](C)O[C@H](C)C(=O)N(CCCCCCCC)CCCCCCCC,"[18, 21, 25]","[""O(amide_carbonyl)"", ""O(ether)"", ""O(amide_carbonyl)""]",3,8,2,nitrate,nitrate,2,/nfs/home/nshank3/lanthanide_dataset_builder/data/geometries/Yb/Yb_Z70_ox3_CN8_nlig2_nitrate_ace58608600a.xyz,/nfs/home/nshank3/lanthanide_dataset_builder/data/geometries/Yb/Yb_Z70_ox3_CN8_nlig2_nitrate_ace58608600a.mol2,,-7949.065683328263,ok,built (standard attempt 1),accepted,CCCCCCCCN(CCCCCCCC)C(=O)[C@H](C)O[C@H](C)C(=O)N(CCCCCCCC)CCCCCCCC,CCCCCCCCN(CCCCCCCC)C(=O)[C@H](C)O[C@H](C)C(=O)N(CCCCCCCC)CCCCCCCC,False,True,True,9,"N1,O8","241:O:2.08,242:O:2.13,138:O:2.21,19:O:2.21,145:O:2.22,26:O:2.26,141:O:2.46,22:O:2.47,239:N:2.47",2.473130253948289,2.0824590170741346,False,ok
a0aa0701cbf7,,70,Yb,3,CCCCCCn1c(-c2ccccc2)c(-c2ccccc2)c2cc3ccc4cc5c(-c6ccccc6)c(-c6ccccc6)n(CCCCCC)c(=O)c5nc4c3nc2c1=O,"[6, 43, 51, 53, 56, 59]","[""N(aromatic)"", ""N(aromatic)"", ""O(amide_carbonyl)"", ""N(aromatic)"", ""N(aromatic)"", ""O(amide_carbonyl)""]",6,8,1,water,water,2,/nfs/home/nshank3/lanthanide_dataset_builder/data/geometries/Yb/Yb_Z70_ox3_CN8_nlig1_water_a0aa0701cbf7.xyz,/nfs/home/nshank3/lanthanide_dataset_builder/data/geometries/Yb/Yb_Z70_ox3_CN8_nlig1_water_a0aa0701cbf7.mol2,,-4651.483434618163,ok,built (standard attempt 2),accepted,CCCCCCn1c(-c2ccccc2)c(-c2ccccc2)c2cc3ccc4cc5c(-c6ccccc6)c(-c6ccccc6)n(CCCCCC)c(=O)c5nc4c3nc2c1=O,CCCCCCn1c(-c2ccccc2)c(-c2ccccc2)c2cc3ccc4cc5c(-c6ccccc6)c(-c6ccccc6)n(CCCCCC)c(=O)c5nc4c3nc2c1=O,False,True,True,6,"N2,O4","52:O:1.98,60:O:2.10,57:N:2.30,111:O:2.32,114:O:2.35,54:N:2.37",2.370908937562096,1.9835954903976056,False,ok
501e57106fbd,,63,Eu,3,CCCCCCCCN(CCCCCCCC)C(=S)c1ccc2ccc3ccc(C(=S)N(CCCCCCCC)CCCCCCCC)nc3c2n1,"[8, 18, 30, 31, 48, 51]","[""N(amine)"", ""S(donor)"", ""S(donor)"", ""N(amine)"", ""N(aromatic)"", ""N(aromatic)""]",6,9,1,nitrate,nitrate,3,/nfs/home/nshank3/lanthanide_dataset_builder/data/geometries/Eu/Eu_Z63_ox3_CN9_nlig1_nitrate_501e57106fbd.xyz,/nfs/home/nshank3/lanthanide_dataset_builder/data/geometries/Eu/Eu_Z63_ox3_CN9_nlig1_nitrate_501e57106fbd.mol2,,-4764.418594331775,ok,built (standard attempt 1),accepted,CCCCCCCCN(CCCCCCCC)C(=S)c1ccc2ccc3ccc(C(=S)N(CCCCCCCC)CCCCCCCC)nc3c2n1,CCCCCCCCN(CCCCCCCC)C(=S)c1ccc2ccc3ccc(C(=S)N(CCCCCCCC)CCCCCCCC)nc3c2n1,False,True,True,7,"N4,O3","130:O:2.06,129:O:2.11,49:N:2.42,127:N:2.47,131:O:2.49,52:N:2.51,32:N:3.06",3.0583308573688006,2.058427053108804,False,ok
8085bc618fe6,,63,Eu,3,CCCCN(CCCC)C(=O)CCC(=O)N(CCCC)CCCC,"[10, 14]","[""O(amide_carbonyl)"", ""O(amide_carbonyl)""]",2,9,4,nitrate,nitrate,1,/nfs/home/nshank3/lanthanide_dataset_builder/data/geometries/Eu/Eu_Z63_ox3_CN9_nlig4_nitrate_8085bc618fe6.xyz,/nfs/home/nshank3/lanthanide_dataset_builder/data/geometries/Eu/Eu_Z63_ox3_CN9_nlig4_nitrate_8085bc618fe6.mol2,,-8552.17048665571,ok,built (large_ligand_deep attempt 1),accepted,CCCCN(CCCC)C(=O)CCC(=O)N(CCCC)CCCC,CCCCN(CCCC)C(=O)CCC(=O)N(CCCC)CCCC,False,True,True,8,O8,"75:O:2.28,139:O:2.30,257:O:2.45,79:O:2.60,15:O:2.60,11:O:2.69,203:O:2.76,143:O:3.18",3.1773156234452204,2.2817829574391313,False,ok
4bb9a121aefd,,57,La,3,CCCCCCCCCCCCN(CCCCCCCCCCCC)C(=O)COCC(=O)N(CCCCCCCCCCCC)CCCCCCCCCCCC,"[26, 28, 31]","[""O(amide_carbonyl)"", ""O(ether)"", ""O(amide_carbonyl)""]",3,9,3,nitrate,nitrate,0,/nfs/home/nshank3/lanthanide_dataset_builder/data/geometries/La/La_Z57_ox3_CN9_nlig3_nitrate_4bb9a121aefd.xyz,/nfs/home/nshank3/lanthanide_dataset_builder/data/geometries/La/La_Z57_ox3_CN9_nlig3_nitrate_4bb9a121aefd.mol2,,-3544.4383269896334,ok_simplified_ligand,original_ligtype_failed_simplified_success,accepted,CCCCCCCCCCCCN(CCCCCCCCCCCC)C(=O)COCC(=O)N(CCCCCCCCCCCC)CCCCCCCCCCCC,CN(C)C(=O)COCC(=O)N(C)C,True,True,True,9,O9,"39:O:2.31,10:O:2.33,68:O:2.34,63:O:2.41,5:O:2.43,34:O:2.44,36:O:2.49,7:O:2.51,65:O:2.52",2.5244314015813076,2.3149333459492656,True,ok
89b02e41f264,,64,Gd,3,CCCCCCCCCCCCN(CCCCCCCCCCCC)C(=O)COCCOCC(=O)N(CCCCCCCCCCCC)CCCCCCCCCCCC,"[26, 28, 31, 34]","[""O(amide_carbonyl)"", ""O(ether)"", ""O(ether)"", ""O(amide_carbonyl)""]",4,9,2,nitrate,nitrate,1,/nfs/home/nshank3/lanthanide_dataset_builder/data/geometries/Gd/Gd_Z64_ox3_CN9_nlig2_nitrate_89b02e41f264.xyz,/nfs/home/nshank3/lanthanide_dataset_builder/data/geometries/Gd/Gd_Z64_ox3_CN9_nlig2_nitrate_89b02e41f264.mol2,,-3063.4681170238973,ok_simplified_ligand,original_ligtype_failed_simplified_success,accepted,CCCCCCCCCCCCN(CCCCCCCCCCCC)C(=O)COCCOCC(=O)N(CCCCCCCCCCCC)CCCCCCCCCCCC,CN(C)C(=O)COCCOCC(=O)N(C)C,True,True,True,9,O9,"5:O:2.22,49:O:2.22,13:O:2.30,41:O:2.36,46:O:2.44,7:O:2.44,10:O:2.56,43:O:2.61,73:O:2.64",2.6351624203213366,2.21657989187333,True,ok
f5babe805079,,58,Ce,3,CCCCCCCCCCN(CCCCCCCCCC)C(=O)[C@H](CCC)O[C@H](CCC)C(=O)N(CCCCCCCCCC)CCCCCCCCCC,"[22, 27, 33]","[""O(amide_carbonyl)"", ""O(ether)"", ""O(amide_carbonyl)""]",3,9,3,nitrate,nitrate,0,/nfs/home/nshank3/lanthanide_dataset_builder/data/geometries/Ce/Ce_Z58_ox3_CN9_nlig3_nitrate_f5babe805079.xyz,/nfs/home/nshank3/lanthanide_dataset_builder/data/geometries/Ce/Ce_Z58_ox3_CN9_nlig3_nitrate_f5babe805079.mol2,,-14388.177910117352,ok,built (large_ligand_fast attempt 1),accepted,CCCCCCCCCCN(CCCCCCCCCC)C(=O)[C@H](CCC)O[C@H](CCC)C(=O)N(CCCCCCCCCC)CCCCCCCCCC,CCCCCCCCCCN(CCCCCCCCCC)C(=O)[C@H](CCC)O[C@H](CCC)C(=O)N(CCCCCCCCCC)CCCCCCCCCC,False,True,True,9,O9,"23:O:2.18,189:O:2.19,34:O:2.22,333:O:2.25,178:O:2.25,344:O:2.41,338:O:2.87,28:O:3.03,183:O:3.19",3.1870787670819514,2.179839764510385,True,ok
115400ae3367,,57,La,3,CCCCCCOP(=O)(O)OCCCCCC,"[6, 8, 9, 10]","[""O(ether)"", ""O(ether)"", ""O(hydroxyl)"", ""O(ether)""]",4,9,2,nitrate,nitrate,1,/nfs/home/nshank3/lanthanide_dataset_builder/data/geometries/La/La_Z57_ox3_CN9_nlig2_nitrate_115400ae3367.xyz,/nfs/home/nshank3/lanthanide_dataset_builder/data/geometries/La/La_Z57_ox3_CN9_nlig2_nitrate_115400ae3367.mol2,,,existing_ok,found_valid_xyz,NITRATE_MISSING,CCCCCCOP(=O)(O)OCCCCCC,CCCCCCOP(=O)(O)OCCCCCC,False,True,True,8,"O6,P2","9:O:2.30,53:O:2.36,89:O:2.64,10:O:2.64,55:O:2.82,51:O:2.85,52:P:2.86,8:P:3.05",3.0522742971546943,2.295008593923412,False,ok
240ecd647aa0,,63,Eu,3,CCCCOP(=S)(CP(=S)(OCCCC)OCCCC)OCCCC,"[4, 6, 9, 10, 15, 20]","[""O(ether)"", ""S(donor)"", ""S(donor)"", ""O(ether)"", ""O(ether)"", ""O(ether)""]",6,9,1,nitrate,nitrate,3,/nfs/home/nshank3/lanthanide_dataset_builder/data/geometries/Eu/Eu_Z63_ox3_CN9_nlig1_nitrate_240ecd647aa0.xyz,/nfs/home/nshank3/lanthanide_dataset_builder/data/geometries/Eu/Eu_Z63_ox3_CN9_nlig1_nitrate_240ecd647aa0.mol2,,-2837.3230981283887,ok,built (standard attempt 1),accepted,CCCCOP(=S)(CP(=S)(OCCCC)OCCCC)OCCCC,CCCCOP(=S)(CP(=S)(OCCCC)OCCCC)OCCCC,False,True,True,11,"N1,O7,P2,S1","67:O:2.09,66:O:2.12,5:O:2.27,16:O:2.34,64:N:2.44,68:O:2.45,21:O:2.58,10:S:2.79,11:O:2.88,6:P:3.14,9:P:3.14",3.1449561852444403,2.086523746393014,False,ok
6657c2fbd39d,,63,Eu,3,O=c1c(O)c(-c2ccc(O)c(O)c2)oc2cc(O)cc(O)c12,"[0, 3, 9, 11, 13, 17, 20]","[""O(carbonyl)"", ""O(hydroxyl)"", ""O(hydroxyl)"", ""O(hydroxyl)"", ""O(ether)"", ""O(hydroxyl)"", ""O(hydroxyl)""]",7,9,1,nitrate,nitrate,2,/nfs/home/nshank3/lanthanide_dataset_builder/data/geometries/Eu/Eu_Z63_ox3_CN9_nlig1_nitrate_6657c2fbd39d.xyz,/nfs/home/nshank3/lanthanide_dataset_builder/data/geometries/Eu/Eu_Z63_ox3_CN9_nlig1_nitrate_6657c2fbd39d.mol2,,-2198.494288130424,ok,built (large_ligand_deep attempt 3),accepted,O=c1c(O)c(-c2ccc(O)c(O)c2)oc2cc(O)cc(O)c12,O=c1c(O)c(-c2ccc(O)c(O)c2)oc2cc(O)cc(O)c12,False,True,True,8,"N1,O7","36:O:2.04,35:O:2.04,1:O:2.16,33:N:2.42,10:O:2.60,12:O:2.61,18:O:2.62,21:O:2.78",2.7848872941781,2.035396455490815,False,ok
b5ceae618f36,,63,Eu,3,CCCCCCCCN(CCCCCCCC)C(=O)COCC(=O)N(CCCCCCCC)CCCCCCCC,"[18, 20, 23]","[""O(amide_carbonyl)"", ""O(ether)"", ""O(amide_carbonyl)""]",3,9,3,water,water,0,/nfs/home/nshank3/lanthanide_dataset_builder/data/geometries/Eu/Eu_Z63_ox3_CN9_nlig3_water_b5ceae618f36.xyz,/nfs/home/nshank3/lanthanide_dataset_builder/data/geometries/Eu/Eu_Z63_ox3_CN9_nlig3_water_b5ceae618f36.mol2,,-10773.75776794866,ok,built (standard attempt 1),accepted,CCCCCCCCN(CCCCCCCC)C(=O)COCC(=O)N(CCCCCCCC)CCCCCCCC,CCCCCCCCN(CCCCCCCC)C(=O)COCC(=O)N(CCCCCCCC)CCCCCCCC,False,True,True,9,O9,"19:O:2.20,137:O:2.31,247:O:2.49,24:O:2.49,132:O:2.50,250:O:2.55,21:O:2.56,245:O:2.62,134:O:2.62",2.6232322270854778,2.1977290656397277,True,ok
900f98641be6,,71,Lu,3,CN(C(=O)c1cccc(C(=O)N(C)c2ccccc2)n1)c1ccccc1,"[3, 10, 19]","[""O(amide_carbonyl)"", ""O(amide_carbonyl)"", ""N(aromatic)""]",3,8,2,nitrate,nitrate,2,/nfs/home/nshank3/lanthanide_dataset_builder/data/geometries/Lu/Lu_Z71_ox3_CN8_nlig2_nitrate_900f98641be6.xyz,/nfs/home/nshank3/lanthanide_dataset_builder/data/geometries/Lu/Lu_Z71_ox3_CN8_nlig2_nitrate_900f98641be6.mol2,,-4317.233804705717,ok,built (standard attempt 1),accepted,CN(C(=O)c1cccc(C(=O)N(C)c2ccccc2)n1)c1ccccc1,CN(C(=O)c1cccc(C(=O)N(C)c2ccccc2)n1)c1ccccc1,False,True,True,9,"N3,O6","94:O:2.00,93:O:2.01,11:O:2.17,49:O:2.18,4:O:2.29,91:N:2.35,56:O:2.41,20:N:2.44,65:N:2.53",2.5265160487662706,1.9979415084633665,False,ok
0a2e9bb2e54c,,71,Lu,3,CCCCCCCCN(CCCCCCCC)C(=O)c1ccc2ccc3ccc(C(=O)N(CCCCCCCC)CCCCCCCC)nc3c2n1,"[18, 30, 48, 51]","[""O(amide_carbonyl)"", ""O(amide_carbonyl)"", ""N(aromatic)"", ""N(aromatic)""]",4,8,2,nitrate,nitrate,0,/nfs/home/nshank3/lanthanide_dataset_builder/data/geometries/Lu/Lu_Z71_ox3_CN8_nlig2_nitrate_0a2e9bb2e54c.xyz,/nfs/home/nshank3/lanthanide_dataset_builder/data/geometries/Lu/Lu_Z71_ox3_CN8_nlig2_nitrate_0a2e9bb2e54c.mol2,,-8500.904844138571,ok,built (standard attempt 1),accepted,CCCCCCCCN(CCCCCCCC)C(=O)c1ccc2ccc3ccc(C(=O)N(CCCCCCCC)CCCCCCCC)nc3c2n1,CCCCCCCCN(CCCCCCCC)C(=O)c1ccc2ccc3ccc(C(=O)N(CCCCCCCC)CCCCCCCC)nc3c2n1,False,True,True,8,"N4,O4","145:O:2.07,157:O:2.17,19:O:2.22,178:N:2.31,31:O:2.31,175:N:2.34,52:N:2.36,49:N:2.37",2.3697156617294706,2.067061546317147,True,ok
a0217c67215b,,67,Ho,3,CCCCCCCCN(CCCCCCCC)C(=O)C(C)OC(C)C(=O)N(CCCCCCCC)CCCCCCCC,"[18, 21, 25]","[""O(amide_carbonyl)"", ""O(ether)"", ""O(amide_carbonyl)""]",3,8,2,nitrate,nitrate,2,/nfs/home/nshank3/lanthanide_dataset_builder/data/geometries/Ho/Ho_Z67_ox3_CN8_nlig2_nitrate_a0217c67215b.xyz,/nfs/home/nshank3/lanthanide_dataset_builder/data/geometries/Ho/Ho_Z67_ox3_CN8_nlig2_nitrate_a0217c67215b.mol2,,-7949.522740134678,ok,built (standard attempt 1),accepted,CCCCCCCCN(CCCCCCCC)C(=O)C(C)OC(C)C(=O)N(CCCCCCCC)CCCCCCCC,CCCCCCCCN(CCCCCCCC)C(=O)C(C)OC(C)C(=O)N(CCCCCCCC)CCCCCCCC,False,True,True,9,"N1,O8","242:O:2.09,138:O:2.19,241:O:2.19,19:O:2.21,26:O:2.34,239:N:2.37,145:O:2.44,22:O:2.51,141:O:2.55",2.5501623087784364,2.086615095485552,False,ok
23a7524634d5,,68,Er,3,CN(C(=O)CC(=O)N(C)c1ccccc1)c1ccccc1,"[3, 6]","[""O(amide_carbonyl)"", ""O(amide_carbonyl)""]",2,8,4,nitrate,nitrate,0,/nfs/home/nshank3/lanthanide_dataset_builder/data/geometries/Er/Er_Z68_ox3_CN8_nlig4_nitrate_23a7524634d5.xyz,/nfs/home/nshank3/lanthanide_dataset_builder/data/geometries/Er/Er_Z68_ox3_CN8_nlig4_nitrate_23a7524634d5.mol2,,-6486.972388961589,ok,built (standard attempt 1),accepted,CN(C(=O)CC(=O)N(C)c1ccccc1)c1ccccc1,CN(C(=O)CC(=O)N(C)c1ccccc1)c1ccccc1,False,True,True,8,O8,"85:O:2.35,43:O:2.47,82:O:2.48,7:O:2.48,46:O:2.49,121:O:2.51,124:O:2.52,4:O:2.55",2.554439762971071,2.3494888636135607,True,ok
9f58c2bc4257,,70,Yb,3,CCCCCCCCN(C)C(=O)C(CCOCCCCCC)C(=O)N(C)CCCCCCCC,"[11, 15, 23]","[""O(amide_carbonyl)"", ""O(ether)"", ""O(amide_carbonyl)""]",3,8,2,nitrate,nitrate,2,/nfs/home/nshank3/lanthanide_dataset_builder/data/geometries/Yb/Yb_Z70_ox3_CN8_nlig2_nitrate_9f58c2bc4257.xyz,/nfs/home/nshank3/lanthanide_dataset_builder/data/geometries/Yb/Yb_Z70_ox3_CN8_nlig2_nitrate_9f58c2bc4257.mol2,,-6400.058719591527,ok,built (standard attempt 1),accepted,CCCCCCCCN(C)C(=O)C(CCOCCCCCC)C(=O)N(C)CCCCCCCC,CCCCCCCCN(C)C(=O)C(CCOCCCCCC)C(=O)N(C)CCCCCCCC,False,True,True,9,"N1,O8","188:O:2.05,116:O:2.13,187:O:2.15,12:O:2.21,104:O:2.34,185:N:2.44,24:O:2.44,108:O:2.51,16:O:2.55",2.549249326781978,2.051565635241804,False,ok
604be91b960b,,65,Tb,3,CCN(C(=O)c1cccc(-c2cccc(C(=O)N(CC)c3ccc(C)cc3C)n2)n1)c1ccc(C)cc1C,"[4, 16, 28, 29]","[""O(amide_carbonyl)"", ""O(amide_carbonyl)"", ""N(aromatic)"", ""N(aromatic)""]",4,8,2,nitrate,nitrate,0,/nfs/home/nshank3/lanthanide_dataset_builder/data/geometries/Tb/Tb_Z65_ox3_CN8_nlig2_nitrate_604be91b960b.xyz,/nfs/home/nshank3/lanthanide_dataset_builder/data/geometries/Tb/Tb_Z65_ox3_CN8_nlig2_nitrate_604be91b960b.mol2,,-5755.698568730309,ok,built (standard attempt 1),accepted,CCN(C(=O)c1cccc(-c2cccc(C(=O)N(CC)c3ccc(C)cc3C)n2)n1)c1ccc(C)cc1C,CCN(C(=O)c1cccc(-c2cccc(C(=O)N(CC)c3ccc(C)cc3C)n2)n1)c1ccc(C)cc1C,False,True,True,8,"N4,O4","77:O:2.15,5:O:2.21,17:O:2.31,102:N:2.40,89:O:2.44,29:N:2.45,30:N:2.48,101:N:2.56",2.555649568771781,2.15240014159323,True,ok
57cabc7c3566,,70,Yb,3,CCN(C(=O)c1cccc(-c2cccc(C(=O)N(CC)c3cc(C)ccc3C)n2)n1)c1cc(C)ccc1C,"[4, 16, 28, 29]","[""O(amide_carbonyl)"", ""O(amide_carbonyl)"", ""N(aromatic)"", ""N(aromatic)""]",4,8,2,nitrate,nitrate,0,/nfs/home/nshank3/lanthanide_dataset_builder/data/geometries/Yb/Yb_Z70_ox3_CN8_nlig2_nitrate_57cabc7c3566.xyz,/nfs/home/nshank3/lanthanide_dataset_builder/data/geometries/Yb/Yb_Z70_ox3_CN8_nlig2_nitrate_57cabc7c3566.mol2,,-5753.968239011724,ok,built (standard attempt 1),accepted,CCN(C(=O)c1cccc(-c2cccc(C(=O)N(CC)c3cc(C)ccc3C)n2)n1)c1cc(C)ccc1C,CCN(C(=O)c1cccc(-c2cccc(C(=O)N(CC)c3cc(C)ccc3C)n2)n1)c1cc(C)ccc1C,False,True,True,8,"N4,O4","17:O:2.17,89:O:2.20,5:O:2.29,77:O:2.31,102:N:2.43,29:N:2.45,30:N:2.45,101:N:2.47",2.4705149238881288,2.1672533838899604,True,ok
79140c5432a1,,67,Ho,3,CCN(C(=O)c1cccc(-c2cccc(C(=O)N(CC)c3cc(C)ccc3C)n2)n1)c1cc(C)ccc1C,"[4, 16, 28, 29]","[""O(amide_carbonyl)"", ""O(amide_carbonyl)"", ""N(aromatic)"", ""N(aromatic)""]",4,8,2,nitrate,nitrate,0,/nfs/home/nshank3/lanthanide_dataset_builder/data/geometries/Ho/Ho_Z67_ox3_CN8_nlig2_nitrate_79140c5432a1.xyz,/nfs/home/nshank3/lanthanide_dataset_builder/data/geometries/Ho/Ho_Z67_ox3_CN8_nlig2_nitrate_79140c5432a1.mol2,,-5755.731742733752,ok,built (standard attempt 1),accepted,CCN(C(=O)c1cccc(-c2cccc(C(=O)N(CC)c3cc(C)ccc3C)n2)n1)c1cc(C)ccc1C,CCN(C(=O)c1cccc(-c2cccc(C(=O)N(CC)c3cc(C)ccc3C)n2)n1)c1cc(C)ccc1C,False,True,True,8,"N4,O4","5:O:2.21,77:O:2.22,102:N:2.39,17:O:2.41,89:O:2.42,30:N:2.44,29:N:2.46,101:N:2.51",2.5092344355681773,2.2062182214770356,True,ok
052f2dceaa7c,,64,Gd,3,CCCCCCCCN(C(=O)c1ccc2ccc3cccnc3c2n1)c1ccc(C)cc1,"[10, 21, 24]","[""O(amide_carbonyl)"", ""N(aromatic)"", ""N(aromatic)""]",3,9,3,nitrate,nitrate,0,/nfs/home/nshank3/lanthanide_dataset_builder/data/geometries/Gd/Gd_Z64_ox3_CN9_nlig3_nitrate_052f2dceaa7c.xyz,/nfs/home/nshank3/lanthanide_dataset_builder/data/geometries/Gd/Gd_Z64_ox3_CN9_nlig3_nitrate_052f2dceaa7c.mol2,,-7239.124169716306,ok,built (standard attempt 1),accepted,CCCCCCCCN(C(=O)c1ccc2ccc3cccnc3c2n1)c1ccc(C)cc1,CCCCCCCCN(C(=O)c1ccc2ccc3cccnc3c2n1)c1ccc(C)cc1,False,True,True,9,"N6,O3","137:O:2.21,74:O:2.30,151:N:2.45,22:N:2.52,88:N:2.65,25:N:2.65,11:O:2.67,85:N:2.71,148:N:2.81",2.8134966927979996,2.2062567842833296,True,ok
17f690b1fab1,,64,Gd,3,CCCCN(CCCC)C(=O)CCC(=O)N(CCCC)CCCC,"[10, 14]","[""O(amide_carbonyl)"", ""O(amide_carbonyl)""]",2,9,4,nitrate,nitrate,1,/nfs/home/nshank3/lanthanide_dataset_builder/data/geometries/Gd/Gd_Z64_ox3_CN9_nlig4_nitrate_17f690b1fab1.xyz,/nfs/home/nshank3/lanthanide_dataset_builder/data/geometries/Gd/Gd_Z64_ox3_CN9_nlig4_nitrate_17f690b1fab1.mol2,,-8551.502377418228,ok,built (standard attempt 2),accepted,CCCCN(CCCC)C(=O)CCC(=O)N(CCCC)CCCC,CCCCN(CCCC)C(=O)CCC(=O)N(CCCC)CCCC,False,True,True,8,O8,"143:O:2.40,11:O:2.42,15:O:2.51,79:O:2.67,75:O:2.73,139:O:2.76,257:O:2.79,207:O:2.90",2.901516607260639,2.399195061125288,False,ok
b87046729578,,67,Ho,3,CCCCN(CCCC)C(=O)c1ccc2ccc3ccc(C(=O)N(CCCC)CCCC)nc3c2n1,"[10, 22, 32, 35]","[""O(amide_carbonyl)"", ""O(amide_carbonyl)"", ""N(aromatic)"", ""N(aromatic)""]",4,8,2,nitrate,nitrate,0,/nfs/home/nshank3/lanthanide_dataset_builder/data/geometries/Ho/Ho_Z67_ox3_CN8_nlig2_nitrate_b87046729578.xyz,/nfs/home/nshank3/lanthanide_dataset_builder/data/geometries/Ho/Ho_Z67_ox3_CN8_nlig2_nitrate_b87046729578.mol2,,-5746.405742005998,ok,built (standard attempt 1),accepted,CCCCN(CCCC)C(=O)c1ccc2ccc3ccc(C(=O)N(CCCC)CCCC)nc3c2n1,CCCCN(CCCC)C(=O)c1ccc2ccc3ccc(C(=O)N(CCCC)CCCC)nc3c2n1,False,True,True,8,"N4,O4","101:O:2.14,89:O:2.17,11:O:2.17,23:O:2.20,114:N:2.43,33:N:2.45,36:N:2.46,111:N:2.47",2.4697792666307,2.142962916079697,True,ok
5eb61b1dbb69,,66,Dy,3,O=C(O)CN(CC(=O)O)C1CCCCC1N(CC(=O)O)CC(=O)O,"[0, 2, 4, 7, 8, 15, 18, 19]","[""O(ester_carbonyl)"", ""O(hydroxyl)"", ""N(amine)"", ""O(ester_carbonyl)"", ""O(hydroxyl)"", ""N(amine)"", ""O(ester_carbonyl)"", ""O(hydroxyl)""]",8,8,1,nitrate,nitrate,0,/nfs/home/nshank3/lanthanide_dataset_builder/data/geometries/Dy/Dy_Z66_ox3_CN8_nlig1_nitrate_5eb61b1dbb69.xyz,/nfs/home/nshank3/lanthanide_dataset_builder/data/geometries/Dy/Dy_Z66_ox3_CN8_nlig1_nitrate_5eb61b1dbb69.mol2,,-2154.1422835787857,ok,built (standard attempt 1),accepted,O=C(O)CN(CC(=O)O)C1CCCCC1N(CC(=O)O)CC(=O)O,O=C(O)CN(CC(=O)O)C1CCCCC1N(CC(=O)O)CC(=O)O,False,True,True,8,"N2,O6","19:O:2.02,8:O:2.04,1:O:2.05,16:N:2.31,5:N:2.59,24:O:2.87,3:O:2.92,9:O:2.95",2.9492619116187706,2.0204340753143595,True,ok
792e27489bd0,,67,Ho,3,CCN(C(=O)c1cccc(C(=O)N(CC)c2ccc(C)cc2)n1)c1ccc(C)cc1,"[4, 11, 22]","[""O(amide_carbonyl)"", ""O(amide_carbonyl)"", ""N(aromatic)""]",3,8,2,nitrate,nitrate,2,/nfs/home/nshank3/lanthanide_dataset_builder/data/geometries/Ho/Ho_Z67_ox3_CN8_nlig2_nitrate_792e27489bd0.xyz,/nfs/home/nshank3/lanthanide_dataset_builder/data/geometries/Ho/Ho_Z67_ox3_CN8_nlig2_nitrate_792e27489bd0.mol2,,-5008.07775039488,ok,built (standard attempt 1),accepted,CCN(C(=O)c1cccc(C(=O)N(CC)c2ccc(C)cc2)n1)c1ccc(C)cc1,CCN(C(=O)c1cccc(C(=O)N(CC)c2ccc(C)cc2)n1)c1ccc(C)cc1,False,True,True,9,"N3,O6","62:O:2.15,117:O:2.18,118:O:2.18,5:O:2.22,69:O:2.24,12:O:2.31,80:N:2.35,115:N:2.40,23:N:2.56",2.5590111963198425,2.1532859623631704,False,ok
478865a57681,,69,Tm,3,CCN(C(=O)c1cccc(C(=O)N(CC)c2cccc(C)c2)n1)c1cccc(C)c1,"[4, 11, 22]","[""O(amide_carbonyl)"", ""O(amide_carbonyl)"", ""N(aromatic)""]",3,8,2,nitrate,nitrate,2,/nfs/home/nshank3/lanthanide_dataset_builder/data/geometries/Tm/Tm_Z69_ox3_CN8_nlig2_nitrate_478865a57681.xyz,/nfs/home/nshank3/lanthanide_dataset_builder/data/geometries/Tm/Tm_Z69_ox3_CN8_nlig2_nitrate_478865a57681.mol2,,-5007.602483288775,ok,built (standard attempt 1),accepted,CCN(C(=O)c1cccc(C(=O)N(CC)c2cccc(C)c2)n1)c1cccc(C)c1,CCN(C(=O)c1cccc(C(=O)N(CC)c2cccc(C)c2)n1)c1cccc(C)c1,False,True,True,9,"N3,O6","117:O:2.12,118:O:2.13,12:O:2.14,69:O:2.17,62:O:2.19,80:N:2.33,115:N:2.46,23:N:2.47,5:O:2.50",2.4973581436772188,2.118550996427389,False,ok
f34cec6407eb,,58,Ce,3,CCN(C(=O)c1cccc(C(=O)N(CC)c2ccccc2C)n1)c1ccccc1C,"[4, 11, 22]","[""O(amide_carbonyl)"", ""O(amide_carbonyl)"", ""N(aromatic)""]",3,9,3,nitrate,nitrate,0,/nfs/home/nshank3/lanthanide_dataset_builder/data/geometries/Ce/Ce_Z58_ox3_CN9_nlig3_nitrate_f34cec6407eb.xyz,/nfs/home/nshank3/lanthanide_dataset_builder/data/geometries/Ce/Ce_Z58_ox3_CN9_nlig3_nitrate_f34cec6407eb.mol2,,-6881.276147442092,ok,built (standard attempt 1),accepted,CCN(C(=O)c1cccc(C(=O)N(CC)c2ccccc2C)n1)c1ccccc1C,CCN(C(=O)c1cccc(C(=O)N(CC)c2ccccc2C)n1)c1ccccc1C,False,True,True,9,"N3,O6","126:O:2.19,5:O:2.23,62:O:2.24,119:O:2.26,69:O:2.29,12:O:2.30,23:N:2.52,80:N:2.53,137:N:2.59",2.5911810406215565,2.193726961415917,True,ok
c0cc4b663d20,,62,Sm,3,CCCCCCc1ccc(N(CC)C(=O)c2cccc(-c3cccc(C(=O)N(CC)c4ccc(CCCCCC)cc4)n3)n2)cc1,"[14, 26, 42, 43]","[""O(amide_carbonyl)"", ""O(amide_carbonyl)"", ""N(aromatic)"", ""N(aromatic)""]",4,9,2,nitrate,nitrate,1,/nfs/home/nshank3/lanthanide_dataset_builder/data/geometries/Sm/Sm_Z62_ox3_CN9_nlig2_nitrate_c0cc4b663d20.xyz,/nfs/home/nshank3/lanthanide_dataset_builder/data/geometries/Sm/Sm_Z62_ox3_CN9_nlig2_nitrate_c0cc4b663d20.mol2,,-7271.87991315746,ok,built (standard attempt 1),accepted,CCCCCCc1ccc(N(CC)C(=O)c2cccc(-c3cccc(C(=O)N(CC)c4ccc(CCCCCC)cc4)n3)n2)cc1,CCCCCCc1ccc(N(CC)C(=O)c2cccc(-c3cccc(C(=O)N(CC)c4ccc(CCCCCC)cc4)n3)n2)cc1,False,True,True,9,"N4,O5","123:O:2.25,111:O:2.27,44:N:2.36,27:O:2.37,139:N:2.38,15:O:2.39,140:N:2.42,43:N:2.46,193:O:2.93",2.9305520258826836,2.249865244386606,True,ok
d0b19c04ca9c,,67,Ho,3,CCCCCCCCN(C)C(=O)COCC(=O)N(C)CCCCCCCC,"[11, 13, 16]","[""O(amide_carbonyl)"", ""O(ether)"", ""O(amide_carbonyl)""]",3,8,2,nitrate,nitrate,2,/nfs/home/nshank3/lanthanide_dataset_builder/data/geometries/Ho/Ho_Z67_ox3_CN8_nlig2_nitrate_d0b19c04ca9c.xyz,/nfs/home/nshank3/lanthanide_dataset_builder/data/geometries/Ho/Ho_Z67_ox3_CN8_nlig2_nitrate_d0b19c04ca9c.mol2,,-5194.421988870303,ok,built (standard attempt 1),accepted,CCCCCCCCN(C)C(=O)COCC(=O)N(C)CCCCCCCC,CCCCCCCCN(C)C(=O)COCC(=O)N(C)CCCCCCCC,False,True,True,9,"N1,O8","145:O:2.08,146:O:2.14,88:O:2.18,83:O:2.19,143:N:2.31,17:O:2.32,12:O:2.32,14:O:2.52,85:O:2.62",2.620510581341833,2.078517578949847,False,ok
74994befb54c,,68,Er,3,CCCCCCCCN(C)C(=O)CC(=O)N(C)CCCCCCCC,"[11, 14]","[""O(amide_carbonyl)"", ""O(amide_carbonyl)""]",2,8,4,nitrate,nitrate,0,/nfs/home/nshank3/lanthanide_dataset_builder/data/geometries/Er/Er_Z68_ox3_CN8_nlig4_nitrate_74994befb54c.xyz,/nfs/home/nshank3/lanthanide_dataset_builder/data/geometries/Er/Er_Z68_ox3_CN8_nlig4_nitrate_74994befb54c.mol2,,-8757.639257651967,ok,built (standard attempt 1),accepted,CCCCCCCCN(C)C(=O)CC(=O)N(C)CCCCCCCC,CCCCCCCCN(C)C(=O)CC(=O)N(C)CCCCCCCC,False,True,True,8,O8,"216:O:2.35,82:O:2.39,15:O:2.42,146:O:2.45,12:O:2.46,149:O:2.50,79:O:2.51,213:O:2.52",2.5232056186469465,2.354329561373809,True,ok
acbc460f3e74,,59,Pr,3,CCCCN(CCCC)C(=O)CC(=O)N(CCCC)CCCC,"[10, 13]","[""O(amide_carbonyl)"", ""O(amide_carbonyl)""]",2,9,4,nitrate,nitrate,1,/nfs/home/nshank3/lanthanide_dataset_builder/data/geometries/Pr/Pr_Z59_ox3_CN9_nlig4_nitrate_acbc460f3e74.xyz,/nfs/home/nshank3/lanthanide_dataset_builder/data/geometries/Pr/Pr_Z59_ox3_CN9_nlig4_nitrate_acbc460f3e74.mol2,,-8211.127833367293,ok,built (standard attempt 1),accepted,CCCCN(CCCC)C(=O)CC(=O)N(CCCC)CCCC,CCCCN(CCCC)C(=O)CC(=O)N(CCCC)CCCC,False,True,True,9,O9,"11:O:2.40,14:O:2.43,136:O:2.44,194:O:2.46,75:O:2.47,133:O:2.50,72:O:2.50,245:O:2.53,197:O:2.60",2.6010672797724217,2.4040275145015073,True,ok
67942a553292,,62,Sm,3,CCCCCCCCN(C)C(=O)C(CCCCCC)C(=O)N(C)CCCCCCCC,"[11, 20]","[""O(amide_carbonyl)"", ""O(amide_carbonyl)""]",2,9,4,nitrate,nitrate,1,/nfs/home/nshank3/lanthanide_dataset_builder/data/geometries/Sm/Sm_Z62_ox3_CN9_nlig4_nitrate_67942a553292.xyz,/nfs/home/nshank3/lanthanide_dataset_builder/data/geometries/Sm/Sm_Z62_ox3_CN9_nlig4_nitrate_67942a553292.mol2,,-10961.8564959505,ok,built (standard attempt 2),accepted,CCCCCCCCN(C)C(=O)C(CCCCCC)C(=O)N(C)CCCCCCCC,CCCCCCCCN(C)C(=O)C(CCCCCC)C(=O)N(C)CCCCCCCC,False,True,True,9,O9,"182:O:2.49,267:O:2.60,21:O:2.60,276:O:2.61,191:O:2.66,97:O:2.83,106:O:2.84,341:O:2.90,12:O:3.01",3.0092051773507533,2.486400418276415,True,ok
84835de65489,,68,Er,3,CCCCCCCCN(C)C(=O)C(CCCCCC)C(=O)N(C)CCCCCCCC,"[11, 20]","[""O(amide_carbonyl)"", ""O(amide_carbonyl)""]",2,8,4,nitrate,nitrate,0,/nfs/home/nshank3/lanthanide_dataset_builder/data/geometries/Er/Er_Z68_ox3_CN8_nlig4_nitrate_84835de65489.xyz,/nfs/home/nshank3/lanthanide_dataset_builder/data/geometries/Er/Er_Z68_ox3_CN8_nlig4_nitrate_84835de65489.mol2,,-10822.579528111071,ok,built (standard attempt 1),accepted,CCCCCCCCN(C)C(=O)C(CCCCCC)C(=O)N(C)CCCCCCCC,CCCCCCCCN(C)C(=O)C(CCCCCC)C(=O)N(C)CCCCCCCC,False,True,True,8,O8,"276:O:2.30,182:O:2.32,97:O:2.34,12:O:2.56,267:O:2.62,106:O:2.66,191:O:3.13,21:O:3.14",3.140207413383541,2.29602270809775,True,ok
152a7e128511,,70,Yb,3,CCCCCCCCP(=O)(CC(=O)N(CC(C)C)CC(C)C)c1ccccc1,"[9, 12]","[""O(ether)"", ""O(amide_carbonyl)""]",2,8,4,nitrate,nitrate,0,/nfs/home/nshank3/lanthanide_dataset_builder/data/geometries/Yb/Yb_Z70_ox3_CN8_nlig4_nitrate_152a7e128511.xyz,/nfs/home/nshank3/lanthanide_dataset_builder/data/geometries/Yb/Yb_Z70_ox3_CN8_nlig4_nitrate_152a7e128511.mol2,,-9415.898920912836,ok,built (standard attempt 1),accepted,CCCCCCCCP(=O)(CC(=O)N(CC(C)C)CC(C)C)c1ccccc1,CCCCCCCCP(=O)(CC(=O)N(CC(C)C)CC(C)C)c1ccccc1,False,True,True,8,O8,"220:O:2.04,10:O:2.25,80:O:2.38,83:O:2.49,153:O:2.52,13:O:2.52,223:O:2.74,150:O:3.16",3.1638045077674435,2.039052431569856,True,ok
3006bf92d707,,71,Lu,3,CCCCCCCCP(=O)(CC(=O)N(CC(C)C)CC(C)C)c1ccccc1,"[9, 12]","[""O(ether)"", ""O(amide_carbonyl)""]",2,8,4,nitrate,nitrate,0,/nfs/home/nshank3/lanthanide_dataset_builder/data/geometries/Lu/Lu_Z71_ox3_CN8_nlig4_nitrate_3006bf92d707.xyz,/nfs/home/nshank3/lanthanide_dataset_builder/data/geometries/Lu/Lu_Z71_ox3_CN8_nlig4_nitrate_3006bf92d707.mol2,,-9415.004867984895,ok,built (standard attempt 1),accepted,CCCCCCCCP(=O)(CC(=O)N(CC(C)C)CC(C)C)c1ccccc1,CCCCCCCCP(=O)(CC(=O)N(CC(C)C)CC(C)C)c1ccccc1,False,True,True,8,O8,"10:O:2.34,150:O:2.43,153:O:2.46,80:O:2.51,13:O:2.51,223:O:2.66,220:O:2.83,83:O:2.88",2.8831513200944556,2.343079720113588,True,ok
1f868e7f9752,,58,Ce,3,CCCCCCCCCCCCN(CCCCCCCCCCCC)C(=O)COC1CCCN(CCCCCC)C1=O,"[26, 28, 41]","[""O(amide_carbonyl)"", ""O(ether)"", ""O(amide_carbonyl)""]",3,9,3,nitrate,nitrate,0,/nfs/home/nshank3/lanthanide_dataset_builder/data/geometries/Ce/Ce_Z58_ox3_CN9_nlig3_nitrate_1f868e7f9752.xyz,/nfs/home/nshank3/lanthanide_dataset_builder/data/geometries/Ce/Ce_Z58_ox3_CN9_nlig3_nitrate_1f868e7f9752.mol2,,-10951.335233364303,ok,built (standard attempt 1),accepted,CCCCCCCCCCCCN(CCCCCCCCCCCC)C(=O)COC1CCCN(CCCCCC)C1=O,CCCCCCCCCCCCN(CCCCCCCCCCCC)C(=O)COC1CCCN(CCCCCC)C1=O,False,True,True,9,O9,"141:O:2.21,156:O:2.22,255:O:2.28,270:O:2.29,42:O:2.40,27:O:2.43,29:O:2.69,143:O:2.81,257:O:2.81",2.8096810938903176,2.211848968777425,True,ok
8ed5d86a6446,,58,Ce,3,CCCCCCN(CCC(C)CCCC(C)C)C(=O)COCC(=O)N(CCCCCC)CCC(C)CCCC(C)C,"[18, 20, 23]","[""O(amide_carbonyl)"", ""O(ether)"", ""O(amide_carbonyl)""]",3,9,3,water,water,0,/nfs/home/nshank3/lanthanide_dataset_builder/data/geometries/Ce/Ce_Z58_ox3_CN9_nlig3_water_8ed5d86a6446.xyz,/nfs/home/nshank3/lanthanide_dataset_builder/data/geometries/Ce/Ce_Z58_ox3_CN9_nlig3_water_8ed5d86a6446.mol2,,-10775.501561884892,ok,built (standard attempt 1),accepted,CCCCCCN(CCC(C)CCCC(C)C)C(=O)COCC(=O)N(CCCCCC)CCC(C)CCCC(C)C,CCCCCCN(CCC(C)CCCC(C)C)C(=O)COCC(=O)N(CCCCCC)CCC(C)CCCC(C)C,False,True,True,9,O9,"24:O:2.25,137:O:2.26,19:O:2.35,245:O:2.41,21:O:2.55,250:O:2.59,132:O:2.59,134:O:2.68,247:O:2.87",2.8708724270948545,2.253897499151317,True,ok
3df1d7358828,,64,Gd,3,CCCCCCCCP(=O)(CCCCCCCC)Cc1cccc(CP(=O)(CCCCCCCC)CCCCCCCC)[n+]1[O-],"[9, 26, 44]","[""O(ether)"", ""O(ether)"", ""O(ether)""]",3,9,3,nitrate,nitrate,0,/nfs/home/nshank3/lanthanide_dataset_builder/data/geometries/Gd/Gd_Z64_ox3_CN9_nlig3_nitrate_3df1d7358828.xyz,/nfs/home/nshank3/lanthanide_dataset_builder/data/geometries/Gd/Gd_Z64_ox3_CN9_nlig3_nitrate_3df1d7358828.mol2,,-11602.151342130031,ok,built (standard attempt 1),accepted,CCCCCCCCP(=O)(CCCCCCCC)Cc1cccc(CP(=O)(CCCCCCCC)CCCCCCCC)[n+]1[O-],CCCCCCCCP(=O)(CCCCCCCC)Cc1cccc(CP(=O)(CCCCCCCC)CCCCCCCC)[n+]1[O-],False,True,True,8,O8,"45:O:2.30,250:O:2.39,147:O:2.41,165:O:2.42,267:O:2.50,285:O:2.53,27:O:2.57,10:O:2.59",2.59021563833291,2.301724651538251,False,ok
e6b34f7dfc54,,65,Tb,3,CCCCCCCCP(=O)(CCCCCCCC)Cc1cccc(CP(=O)(CCCCCCCC)CCCCCCCC)[n+]1[O-],"[9, 26, 44]","[""O(ether)"", ""O(ether)"", ""O(ether)""]",3,8,2,water,water,2,/nfs/home/nshank3/lanthanide_dataset_builder/data/geometries/Tb/Tb_Z65_ox3_CN8_nlig2_water_e6b34f7dfc54.xyz,/nfs/home/nshank3/lanthanide_dataset_builder/data/geometries/Tb/Tb_Z65_ox3_CN8_nlig2_water_e6b34f7dfc54.mol2,,-8009.113796890013,ok,built (standard attempt 1),accepted,CCCCCCCCP(=O)(CCCCCCCC)Cc1cccc(CP(=O)(CCCCCCCC)CCCCCCCC)[n+]1[O-],CCCCCCCCP(=O)(CCCCCCCC)Cc1cccc(CP(=O)(CCCCCCCC)CCCCCCCC)[n+]1[O-],False,True,True,8,O8,"27:O:2.15,10:O:2.35,244:O:2.43,241:O:2.44,147:O:2.52,165:O:2.53,130:O:2.55,45:O:2.62",2.6175213797512082,2.1517526567324983,True,ok
5de6ab30ffee,,60,Nd,3,CCCCC(CC)CN(CC(CC)CCCC)C(=O)COCC(=O)N(CC(CC)CCCC)CC(CC)CCCC,"[18, 20, 23]","[""O(amide_carbonyl)"", ""O(ether)"", ""O(amide_carbonyl)""]",3,9,3,nitrate,nitrate,0,/nfs/home/nshank3/lanthanide_dataset_builder/data/geometries/Nd/Nd_Z60_ox3_CN9_nlig3_nitrate_5de6ab30ffee.xyz,/nfs/home/nshank3/lanthanide_dataset_builder/data/geometries/Nd/Nd_Z60_ox3_CN9_nlig3_nitrate_5de6ab30ffee.mol2,,-10774.36417703447,ok,built (standard attempt 1),accepted,CCCCC(CC)CN(CC(CC)CCCC)C(=O)COCC(=O)N(CC(CC)CCCC)CC(CC)CCCC,CCCCC(CC)CN(CC(CC)CCCC)C(=O)COCC(=O)N(CC(CC)CCCC)CC(CC)CCCC,False,True,True,9,O9,"250:O:2.43,19:O:2.43,24:O:2.46,132:O:2.47,245:O:2.48,247:O:2.55,21:O:2.78,137:O:2.83,134:O:2.94",2.9434248380863215,2.4310248913004373,True,ok
98ef331a5303,,66,Dy,3,CCCCC(CC)CN(CC(CC)CCCC)C(=O)COCC(=O)N(CC(CC)CCCC)CC(CC)CCCC,"[18, 20, 23]","[""O(amide_carbonyl)"", ""O(ether)"", ""O(amide_carbonyl)""]",3,8,2,nitrate,nitrate,2,/nfs/home/nshank3/lanthanide_dataset_builder/data/geometries/Dy/Dy_Z66_ox3_CN8_nlig2_nitrate_98ef331a5303.xyz,/nfs/home/nshank3/lanthanide_dataset_builder/data/geometries/Dy/Dy_Z66_ox3_CN8_nlig2_nitrate_98ef331a5303.mol2,,-7604.137845298173,ok,built (standard attempt 1),accepted,CCCCC(CC)CN(CC(CC)CCCC)C(=O)COCC(=O)N(CC(CC)CCCC)CC(CC)CCCC,CCCCC(CC)CN(CC(CC)CCCC)C(=O)COCC(=O)N(CC(CC)CCCC)CC(CC)CCCC,False,True,True,9,"N1,O8","230:O:2.04,229:O:2.15,132:O:2.25,227:N:2.41,19:O:2.41,137:O:2.42,134:O:2.45,21:O:2.48,24:O:2.55",2.5520899571495783,2.0423475908156745,False,ok
56c925ac0a96,,63,Eu,3,CCCCCCN(CCCCCC)C(=O)COCC(=O)N(CCCCCC)CCCCCC,"[14, 16, 19]","[""O(amide_carbonyl)"", ""O(ether)"", ""O(amide_carbonyl)""]",3,9,3,nitrate,nitrate,0,/nfs/home/nshank3/lanthanide_dataset_builder/data/geometries/Eu/Eu_Z63_ox3_CN9_nlig3_nitrate_56c925ac0a96.xyz,/nfs/home/nshank3/lanthanide_dataset_builder/data/geometries/Eu/Eu_Z63_ox3_CN9_nlig3_nitrate_56c925ac0a96.mol2,,-8707.917467527006,ok,built (standard attempt 1),accepted,CCCCCCN(CCCCCC)C(=O)COCC(=O)N(CCCCCC)CCCCCC,CCCCCCN(CCCCCC)C(=O)COCC(=O)N(CCCCCC)CCCCCC,False,True,True,9,O9,"198:O:2.19,20:O:2.26,104:O:2.34,15:O:2.59,17:O:2.67,109:O:2.71,106:O:2.75,195:O:2.78,193:O:3.09",3.086840869931578,2.190952884836659,True,ok
214faaf3ceec,,70,Yb,3,CCCCCCCCCCN(CCCCCCCCCC)C(=O)COCC(=O)N(CCCCCC)CCCCCC,"[22, 24, 27]","[""O(amide_carbonyl)"", ""O(ether)"", ""O(amide_carbonyl)""]",3,8,2,nitrate,nitrate,2,/nfs/home/nshank3/lanthanide_dataset_builder/data/geometries/Yb/Yb_Z70_ox3_CN8_nlig2_nitrate_214faaf3ceec.xyz,/nfs/home/nshank3/lanthanide_dataset_builder/data/geometries/Yb/Yb_Z70_ox3_CN8_nlig2_nitrate_214faaf3ceec.mol2,,-7592.885301430507,ok,built (standard attempt 1),accepted,CCCCCCCCCCN(CCCCCCCCCC)C(=O)COCC(=O)N(CCCCCC)CCCCCC,CCCCCCCCCCN(CCCCCCCCCC)C(=O)COCC(=O)N(CCCCCC)CCCCCC,False,True,True,9,"N1,O8","230:O:2.01,229:O:2.09,141:O:2.17,28:O:2.35,227:N:2.40,23:O:2.60,138:O:2.62,25:O:2.64,136:O:2.94",2.9403105607875397,2.013385612827442,False,ok
8016e2df9486,,64,Gd,3,CCN(CC)C(=O)COCC(=O)N(CC)CC,"[6, 8, 11]","[""O(amide_carbonyl)"", ""O(ether)"", ""O(amide_carbonyl)""]",3,9,3,nitrate,nitrate,0,/nfs/home/nshank3/lanthanide_dataset_builder/data/geometries/Gd/Gd_Z64_ox3_CN9_nlig3_nitrate_8016e2df9486.xyz,/nfs/home/nshank3/lanthanide_dataset_builder/data/geometries/Gd/Gd_Z64_ox3_CN9_nlig3_nitrate_8016e2df9486.mol2,,-4575.865508482804,ok,built (standard attempt 1),accepted,CCN(CC)C(=O)COCC(=O)N(CC)CC,CCN(CC)C(=O)COCC(=O)N(CC)CC,False,True,True,9,O9,"94:O:2.18,7:O:2.27,53:O:2.34,89:O:2.34,12:O:2.39,91:O:2.43,48:O:2.43,9:O:2.53,50:O:2.65",2.6546990279699765,2.1827788891415603,True,ok
5239bc4153d8,,63,Eu,3,CCCCCCCCN(CCCCCCCC)C(=O)C1CCC(C(=O)N(CCCCCCCC)CCCCCCCC)O1,"[18, 24, 42]","[""O(amide_carbonyl)"", ""O(amide_carbonyl)"", ""O(ether)""]",3,9,3,nitrate,nitrate,0,/nfs/home/nshank3/lanthanide_dataset_builder/data/geometries/Eu/Eu_Z63_ox3_CN9_nlig3_nitrate_5239bc4153d8.xyz,/nfs/home/nshank3/lanthanide_dataset_builder/data/geometries/Eu/Eu_Z63_ox3_CN9_nlig3_nitrate_5239bc4153d8.mol2,,-11209.3137797459,ok,built (standard attempt 1),accepted,CCCCCCCCN(CCCCCCCC)C(=O)C1CCC(C(=O)N(CCCCCCCC)CCCCCCCC)O1,CCCCCCCCN(CCCCCCCC)C(=O)C1CCC(C(=O)N(CCCCCCCC)CCCCCCCC)O1,False,True,True,9,O9,"136:O:2.24,43:O:2.31,25:O:2.31,259:O:2.40,142:O:2.41,160:O:2.46,253:O:2.52,19:O:2.60,277:O:2.80",2.7960799939871763,2.2358346748898827,True,ok
3569f0ba49db,,63,Eu,3,CCCCCCCCN(CCCCCCCC)C(=O)COCCOCC(=O)N(CCCCCCCC)CCCCCCCC,"[18, 20, 23, 26]","[""O(amide_carbonyl)"", ""O(ether)"", ""O(ether)"", ""O(amide_carbonyl)""]",4,9,2,nitrate,nitrate,1,/nfs/home/nshank3/lanthanide_dataset_builder/data/geometries/Eu/Eu_Z63_ox3_CN9_nlig2_nitrate_3569f0ba49db.xyz,/nfs/home/nshank3/lanthanide_dataset_builder/data/geometries/Eu/Eu_Z63_ox3_CN9_nlig2_nitrate_3569f0ba49db.mol2,,-7885.789322956874,ok,built (standard attempt 1),accepted,CCCCCCCCN(CCCCCCCC)C(=O)COCCOCC(=O)N(CCCCCCCC)CCCCCCCC,CCCCCCCCN(CCCCCCCC)C(=O)COCCOCC(=O)N(CCCCCCCC)CCCCCCCC,False,True,True,9,O9,"139:O:2.26,19:O:2.33,141:O:2.41,147:O:2.43,27:O:2.47,24:O:2.52,241:O:2.55,21:O:2.64,144:O:2.97",2.9712330578342874,2.2561848081467377,True,ok
48ffc9681d72,,69,Tm,3,CCCCCCCCCCN(CCCCCCCCCC)C(=O)[C@H](C)O[C@H](CC)C(=O)N(CCCCCCCCCC)CCCCCCCCCC,"[22, 25, 30]","[""O(amide_carbonyl)"", ""O(ether)"", ""O(amide_carbonyl)""]",3,8,2,nitrate,nitrate,2,/nfs/home/nshank3/lanthanide_dataset_builder/data/geometries/Tm/Tm_Z69_ox3_CN8_nlig2_nitrate_48ffc9681d72.xyz,/nfs/home/nshank3/lanthanide_dataset_builder/data/geometries/Tm/Tm_Z69_ox3_CN8_nlig2_nitrate_48ffc9681d72.mol2,,-9498.637680902582,ok,built (standard attempt 1),accepted,CCCCCCCCCCN(CCCCCCCCCC)C(=O)[C@H](C)O[C@H](CC)C(=O)N(CCCCCCCCCC)CCCCCCCCCC,CCCCCCCCCCN(CCCCCCCCCC)C(=O)[C@H](C)O[C@H](CC)C(=O)N(CCCCCCCCCC)CCCCCCCCCC,False,True,True,9,"N1,O8","295:O:2.09,296:O:2.17,31:O:2.26,169:O:2.34,177:O:2.39,293:N:2.48,26:O:2.57,23:O:2.61,172:O:2.75",2.748627383972013,2.0939822804613812,False,ok
17304295db25,,71,Lu,3,CCCCCCCCN(CCCCCCCC)C(=O)[C@H](CCC)O[C@H](CCC)C(=O)N(CCCCCCCC)CCCCCCCC,"[18, 23, 29]","[""O(amide_carbonyl)"", ""O(ether)"", ""O(amide_carbonyl)""]",3,8,2,nitrate,nitrate,2,/nfs/home/nshank3/lanthanide_dataset_builder/data/geometries/Lu/Lu_Z71_ox3_CN8_nlig2_nitrate_17304295db25.xyz,/nfs/home/nshank3/lanthanide_dataset_builder/data/geometries/Lu/Lu_Z71_ox3_CN8_nlig2_nitrate_17304295db25.mol2,,-8636.282761084824,ok,built (standard attempt 1),accepted,CCCCCCCCN(CCCCCCCC)C(=O)[C@H](CCC)O[C@H](CCC)C(=O)N(CCCCCCCC)CCCCCCCC,CCCCCCCCN(CCCCCCCC)C(=O)[C@H](CCC)O[C@H](CCC)C(=O)N(CCCCCCCC)CCCCCCCC,False,True,True,9,"N1,O8","266:O:2.06,265:O:2.08,30:O:2.19,150:O:2.24,19:O:2.27,161:O:2.38,263:N:2.40,155:O:2.54,24:O:2.63",2.633756339906027,2.058861895970158,False,ok
46ce34695899,,68,Er,3,CC12CCC(c3nnc(-c4cccc(-c5nnc6c(n5)C5(C)CCC6C5(C)C)n4)nc31)C2(C)C,"[6, 7, 15, 16, 19, 28, 29]","[""N(aromatic)"", ""N(aromatic)"", ""N(aromatic)"", ""N(aromatic)"", ""N(aromatic)"", ""N(aromatic)"", ""N(aromatic)""]",7,8,1,nitrate,nitrate,1,/nfs/home/nshank3/lanthanide_dataset_builder/data/geometries/Er/Er_Z68_ox3_CN8_nlig1_nitrate_46ce34695899.xyz,/nfs/home/nshank3/lanthanide_dataset_builder/data/geometries/Er/Er_Z68_ox3_CN8_nlig1_nitrate_46ce34695899.mol2,,-2688.509227801036,ok,built (standard attempt 1),accepted,CC12CCC(c3nnc(-c4cccc(-c5nnc6c(n5)C5(C)CCC6C5(C)C)n4)nc31)C2(C)C,CC12CCC(c3nnc(-c4cccc(-c5nnc6c(n5)C5(C)CCC6C5(C)C)n4)nc31)C2(C)C,False,True,True,6,"N5,O1","29:N:2.29,20:N:2.45,66:O:2.51,30:N:2.54,8:N:2.88,7:N:3.00",3.0045343889212157,2.288467045807931,False,ok
c0af6f10dc57,,67,Ho,3,O=C(c1cc(Cl)c2ccc3c(Cl)cc(C(=O)N4CCCC4)nc3c2n1)N1CCCC1,"[0, 15, 21, 24]","[""O(amide_carbonyl)"", ""O(amide_carbonyl)"", ""N(aromatic)"", ""N(aromatic)""]",4,8,2,nitrate,nitrate,0,/nfs/home/nshank3/lanthanide_dataset_builder/data/geometries/Ho/Ho_Z67_ox3_CN8_nlig2_nitrate_c0af6f10dc57.xyz,/nfs/home/nshank3/lanthanide_dataset_builder/data/geometries/Ho/Ho_Z67_ox3_CN8_nlig2_nitrate_c0af6f10dc57.mol2,,-4699.140949457396,ok,built (standard attempt 1),accepted,O=C(c1cc(Cl)c2ccc3c(Cl)cc(C(=O)N4CCCC4)nc3c2n1)N1CCCC1,O=C(c1cc(Cl)c2ccc3c(Cl)cc(C(=O)N4CCCC4)nc3c2n1)N1CCCC1,False,True,True,8,"N4,O4","16:O:2.14,1:O:2.14,51:O:2.16,66:O:2.16,22:N:2.45,25:N:2.45,75:N:2.47,72:N:2.47",2.4703659477416076,2.136463119909861,True,ok
43a07be1eb37,,62,Sm,3,CC(C)CCCC(C)CCCCN(C)C(=O)COCC(=O)N(C)CCCCC(C)CCCC(C)C,"[15, 17, 20]","[""O(amide_carbonyl)"", ""O(ether)"", ""O(amide_carbonyl)""]",3,9,3,water,water,0,/nfs/home/nshank3/lanthanide_dataset_builder/data/geometries/Sm/Sm_Z62_ox3_CN9_nlig3_water_43a07be1eb37.xyz,/nfs/home/nshank3/lanthanide_dataset_builder/data/geometries/Sm/Sm_Z62_ox3_CN9_nlig3_water_43a07be1eb37.mol2,,-9222.127751173217,ok,built (standard attempt 1),accepted,CC(C)CCCC(C)CCCCN(C)C(=O)COCC(=O)N(C)CCCCC(C)CCCC(C)C,CC(C)CCCC(C)CCCCN(C)C(=O)COCC(=O)N(C)CCCCC(C)CCCC(C)C,False,True,True,8,O8,"116:O:2.14,211:O:2.35,16:O:2.47,113:O:2.50,206:O:2.60,208:O:2.83,111:O:2.85,21:O:2.93",2.9294854937458568,2.135327547032984,False,ok
d3fa6c984bee,,58,Ce,3,CCCCC(CC)CN(C)C(=O)COCC(=O)N(C)CC(CC)CCCC,"[11, 13, 16]","[""O(amide_carbonyl)"", ""O(ether)"", ""O(amide_carbonyl)""]",3,9,3,water,water,0,/nfs/home/nshank3/lanthanide_dataset_builder/data/geometries/Ce/Ce_Z58_ox3_CN9_nlig3_water_d3fa6c984bee.xyz,/nfs/home/nshank3/lanthanide_dataset_builder/data/geometries/Ce/Ce_Z58_ox3_CN9_nlig3_water_d3fa6c984bee.mol2,,-7158.981424301708,ok,built (standard attempt 1),accepted,CCCCC(CC)CN(C)C(=O)COCC(=O)N(C)CC(CC)CCCC,CCCCC(CC)CN(C)C(=O)COCC(=O)N(C)CC(CC)CCCC,False,True,True,9,O9,"83:O:2.38,159:O:2.41,17:O:2.44,154:O:2.48,156:O:2.50,14:O:2.51,12:O:2.51,88:O:2.66,85:O:2.93",2.9323827869116825,2.3805395413142625,True,ok
a54f39d3a113,,58,Ce,3,CC(C)CCCCCP(=O)(CC(=O)N(CC(C)C)CC(C)C)c1ccccc1,"[9, 12]","[""O(ether)"", ""O(amide_carbonyl)""]",2,9,4,nitrate,nitrate,1,/nfs/home/nshank3/lanthanide_dataset_builder/data/geometries/Ce/Ce_Z58_ox3_CN9_nlig4_nitrate_a54f39d3a113.xyz,/nfs/home/nshank3/lanthanide_dataset_builder/data/geometries/Ce/Ce_Z58_ox3_CN9_nlig4_nitrate_a54f39d3a113.mol2,,-9558.065490462037,ok,built (standard attempt 1),accepted,CC(C)CCCCCP(=O)(CC(=O)N(CC(C)C)CC(C)C)c1ccccc1,CC(C)CCCCCP(=O)(CC(=O)N(CC(C)C)CC(C)C)c1ccccc1,False,True,True,9,O9,"220:O:2.31,80:O:2.37,150:O:2.38,10:O:2.41,13:O:2.56,153:O:2.66,223:O:2.72,83:O:2.76,281:O:2.85",2.8513677845051055,2.3077779805906578,True,ok
9f301c33744c,,67,Ho,3,CCCCCCCCN(CCCCCCCC)C(=O)[C@H](C)O[C@@H](C)C(=O)N(CCCCCCCC)CCCCCCCC,"[18, 21, 25]","[""O(amide_carbonyl)"", ""O(ether)"", ""O(amide_carbonyl)""]",3,8,2,nitrate,nitrate,2,/nfs/home/nshank3/lanthanide_dataset_builder/data/geometries/Ho/Ho_Z67_ox3_CN8_nlig2_nitrate_9f301c33744c.xyz,/nfs/home/nshank3/lanthanide_dataset_builder/data/geometries/Ho/Ho_Z67_ox3_CN8_nlig2_nitrate_9f301c33744c.mol2,,-7951.346855278558,ok,built (standard attempt 1),accepted,CCCCCCCCN(CCCCCCCC)C(=O)[C@H](C)O[C@@H](C)C(=O)N(CCCCCCCC)CCCCCCCC,CCCCCCCCN(CCCCCCCC)C(=O)[C@H](C)O[C@@H](C)C(=O)N(CCCCCCCC)CCCCCCCC,False,True,True,9,"N1,O8","242:O:2.07,241:O:2.10,145:O:2.21,26:O:2.25,19:O:2.30,138:O:2.35,239:N:2.36,22:O:2.54,141:O:2.58",2.58166938570204,2.0688356547666333,False,ok
776e28284952,,66,Dy,3,CCCCCCCCCCN(CCCCCCCCCC)C(=O)COCC(=O)N(CCCCCCCCCC)CCCCCCCCCC,"[22, 24, 27]","[""O(amide_carbonyl)"", ""O(ether)"", ""O(amide_carbonyl)""]",3,8,2,nitrate,nitrate,2,/nfs/home/nshank3/lanthanide_dataset_builder/data/geometries/Dy/Dy_Z66_ox3_CN8_nlig2_nitrate_776e28284952.xyz,/nfs/home/nshank3/lanthanide_dataset_builder/data/geometries/Dy/Dy_Z66_ox3_CN8_nlig2_nitrate_776e28284952.mol2,,-8982.687060349806,ok,built (standard attempt 1),accepted,CCCCCCCCCCN(CCCCCCCCCC)C(=O)COCC(=O)N(CCCCCCCCCC)CCCCCCCCCC,CCCCCCCCCCN(CCCCCCCCCC)C(=O)COCC(=O)N(CCCCCCCCCC)CCCCCCCCCC,False,True,True,9,"N1,O8","277:O:2.07,278:O:2.12,23:O:2.23,160:O:2.28,28:O:2.31,165:O:2.34,275:N:2.43,162:O:2.80,25:O:2.88",2.876184440153432,2.067497163985973,False,ok
c2e2fa5b2f13,,66,Dy,3,CCCCCCCCC(C)(C)SCC1CN(C(=O)COCC(=O)N2CC(C)C(CSC(C)(C)CCCCCCCC)C2)CC1C,"[17, 19, 22]","[""O(amide_carbonyl)"", ""O(ether)"", ""O(amide_carbonyl)""]",3,8,2,water,water,2,/nfs/home/nshank3/lanthanide_dataset_builder/data/geometries/Dy/Dy_Z66_ox3_CN8_nlig2_water_c2e2fa5b2f13.xyz,/nfs/home/nshank3/lanthanide_dataset_builder/data/geometries/Dy/Dy_Z66_ox3_CN8_nlig2_water_c2e2fa5b2f13.mol2,,-8044.831908167747,ok,built (standard attempt 1),accepted,CCCCCCCCC(C)(C)SCC1CN(C(=O)COCC(=O)N2CC(C)C(CSC(C)(C)CCCCCCCC)C2)CC1C,CCCCCCCCC(C)(C)SCC1CN(C(=O)COCC(=O)N2CC(C)C(CSC(C)(C)CCCCCCCC)C2)CC1C,False,True,True,8,O8,"135:O:2.24,18:O:2.26,23:O:2.37,140:O:2.37,137:O:2.44,235:O:2.47,20:O:2.58,238:O:2.66",2.6580964300562373,2.2370249047599624,True,ok
b06f8748e35b,,68,Er,3,CCCCC(CC)CN(CC(CC)CCCC)C(=O)COCC(=O)N(CC(CC)CCCC)CC(CC)CCCC,"[18, 20, 23]","[""O(amide_carbonyl)"", ""O(ether)"", ""O(amide_carbonyl)""]",3,8,2,nitrate,nitrate,2,/nfs/home/nshank3/lanthanide_dataset_builder/data/geometries/Er/Er_Z68_ox3_CN8_nlig2_nitrate_b06f8748e35b.xyz,/nfs/home/nshank3/lanthanide_dataset_builder/data/geometries/Er/Er_Z68_ox3_CN8_nlig2_nitrate_b06f8748e35b.mol2,,-7603.789114337526,ok,built (standard attempt 1),accepted,CCCCC(CC)CN(CC(CC)CCCC)C(=O)COCC(=O)N(CC(CC)CCCC)CC(CC)CCCC,CCCCC(CC)CN(CC(CC)CCCC)C(=O)COCC(=O)N(CC(CC)CCCC)CC(CC)CCCC,False,True,True,9,"N1,O8","230:O:2.10,229:O:2.16,132:O:2.16,24:O:2.16,137:O:2.21,134:O:2.34,21:O:2.39,227:N:2.50,19:O:2.50",2.49976657704912,2.097859906695731,False,ok
536594e3fe2c,,68,Er,3,CCCCCCC(CCCC)CCCN(C)C(=O)COCC(=O)N(C)CCCC(CCCC)CCCCCC,"[17, 19, 22]","[""O(amide_carbonyl)"", ""O(ether)"", ""O(amide_carbonyl)""]",3,8,2,water,water,2,/nfs/home/nshank3/lanthanide_dataset_builder/data/geometries/Er/Er_Z68_ox3_CN8_nlig2_water_536594e3fe2c.xyz,/nfs/home/nshank3/lanthanide_dataset_builder/data/geometries/Er/Er_Z68_ox3_CN8_nlig2_water_536594e3fe2c.mol2,,-7112.914805912758,ok,built (standard attempt 1),accepted,CCCCCCC(CCCC)CCCN(C)C(=O)COCC(=O)N(C)CCCC(CCCC)CCCCCC,CCCCCCC(CCCC)CCCN(C)C(=O)COCC(=O)N(C)CCCC(CCCC)CCCCCC,False,True,True,8,O8,"23:O:2.14,125:O:2.18,130:O:2.20,18:O:2.21,127:O:2.33,20:O:2.54,218:O:2.59,215:O:2.65",2.653597919493128,2.138226920037807,True,ok
decb7af4dfa8,,67,Ho,3,O=C(COCC(=O)N1CCCCC1)N1CCCCC1,"[0, 3, 6]","[""O(amide_carbonyl)"", ""O(ether)"", ""O(amide_carbonyl)""]",3,8,2,water,water,2,/nfs/home/nshank3/lanthanide_dataset_builder/data/geometries/Ho/Ho_Z67_ox3_CN8_nlig2_water_decb7af4dfa8.xyz,/nfs/home/nshank3/lanthanide_dataset_builder/data/geometries/Ho/Ho_Z67_ox3_CN8_nlig2_water_decb7af4dfa8.mol2,,-3558.9768990032485,ok,built (standard attempt 1),accepted,O=C(COCC(=O)N1CCCCC1)N1CCCCC1,O=C(COCC(=O)N1CCCCC1)N1CCCCC1,False,True,True,8,O8,"50:O:2.11,1:O:2.15,7:O:2.17,44:O:2.25,87:O:2.49,4:O:2.58,47:O:2.60,90:O:2.74",2.743149073848636,2.112203357375212,True,ok
0052ca91f101,,59,Pr,3,CCCCCCCCCCCCN(CC)C(=O)COCC(=O)N(CC)CCCCCCCCCCCC,"[16, 18, 21]","[""O(amide_carbonyl)"", ""O(ether)"", ""O(amide_carbonyl)""]",3,9,3,water,water,0,/nfs/home/nshank3/lanthanide_dataset_builder/data/geometries/Pr/Pr_Z59_ox3_CN9_nlig3_water_0052ca91f101.xyz,/nfs/home/nshank3/lanthanide_dataset_builder/data/geometries/Pr/Pr_Z59_ox3_CN9_nlig3_water_0052ca91f101.mol2,,-9742.507230054009,ok,built (standard attempt 1),accepted,CCCCCCCCCCCCN(CC)C(=O)COCC(=O)N(CC)CCCCCCCCCCCC,CCCCCCCCCCCCN(CC)C(=O)COCC(=O)N(CC)CCCCCCCCCCCC,False,True,True,9,O9,"219:O:2.29,118:O:2.36,22:O:2.38,17:O:2.40,224:O:2.45,123:O:2.52,221:O:2.55,19:O:2.64,120:O:2.94",2.94368560435498,2.2860132222183176,True,ok
b9cb0fd3aa1f,,62,Sm,3,CCCCCc1nnc(-c2cccc(-c3cccc(-c4nnc(CCCCC)c(CCCCC)n4)n3)n2)nc1CCCCC,"[6, 7, 20, 21, 34, 35, 36, 37]","[""N(aromatic)"", ""N(aromatic)"", ""N(aromatic)"", ""N(aromatic)"", ""N(aromatic)"", ""N(aromatic)"", ""N(aromatic)"", ""N(aromatic)""]",8,9,1,nitrate,nitrate,1,/nfs/home/nshank3/lanthanide_dataset_builder/data/geometries/Sm/Sm_Z62_ox3_CN9_nlig1_nitrate_b9cb0fd3aa1f.xyz,/nfs/home/nshank3/lanthanide_dataset_builder/data/geometries/Sm/Sm_Z62_ox3_CN9_nlig1_nitrate_b9cb0fd3aa1f.mol2,,-3559.907572270096,ok,built (standard attempt 1),accepted,CCCCCc1nnc(-c2cccc(-c3cccc(-c4nnc(CCCCC)c(CCCCC)n4)n3)n2)nc1CCCCC,CCCCCc1nnc(-c2cccc(-c3cccc(-c4nnc(CCCCC)c(CCCCC)n4)n3)n2)nc1CCCCC,False,True,True,6,"N5,O1","21:N:2.17,38:N:2.36,37:N:2.37,95:O:2.52,36:N:2.53,22:N:2.87",2.872809928180306,2.1657672362716456,False,ok
fc5e058253f6,,64,Gd,3,CCCc1nnc(-c2cccc(-c3nnc(CCC)c(CCC)n3)n2)nc1CCC,"[4, 5, 13, 14, 23, 24, 25]","[""N(aromatic)"", ""N(aromatic)"", ""N(aromatic)"", ""N(aromatic)"", ""N(aromatic)"", ""N(aromatic)"", ""N(aromatic)""]",7,9,1,nitrate,nitrate,2,/nfs/home/nshank3/lanthanide_dataset_builder/data/geometries/Gd/Gd_Z64_ox3_CN9_nlig1_nitrate_fc5e058253f6.xyz,/nfs/home/nshank3/lanthanide_dataset_builder/data/geometries/Gd/Gd_Z64_ox3_CN9_nlig1_nitrate_fc5e058253f6.mol2,,-2744.498010693688,ok,built (standard attempt 1),accepted,CCCc1nnc(-c2cccc(-c3nnc(CCC)c(CCC)n3)n2)nc1CCC,CCCc1nnc(-c2cccc(-c3nnc(CCC)c(CCC)n3)n2)nc1CCC,False,True,True,9,"N6,O3","65:O:2.04,64:O:2.11,62:N:2.24,5:N:2.26,14:N:2.27,15:N:2.30,6:N:2.37,25:N:2.57,63:O:3.17",3.1725093715138324,2.0402678157731327,True,ok
6956f042cf41,,63,Eu,3,CCCCCCCCN(CCCCCCCC)C(=O)COCC(=O)N1CCCCC1,"[18, 20, 23]","[""O(amide_carbonyl)"", ""O(ether)"", ""O(amide_carbonyl)""]",3,9,3,nitrate,nitrate,0,/nfs/home/nshank3/lanthanide_dataset_builder/data/geometries/Eu/Eu_Z63_ox3_CN9_nlig3_nitrate_6956f042cf41.xyz,/nfs/home/nshank3/lanthanide_dataset_builder/data/geometries/Eu/Eu_Z63_ox3_CN9_nlig3_nitrate_6956f042cf41.mol2,,-7851.476497440994,ok,built (standard attempt 1),accepted,CCCCCCCCN(CCCCCCCC)C(=O)COCC(=O)N1CCCCC1,CCCCCCCCN(CCCCCCCC)C(=O)COCC(=O)N1CCCCC1,False,True,True,9,O9,"97:O:2.31,102:O:2.38,180:O:2.40,175:O:2.41,24:O:2.51,19:O:2.52,99:O:2.52,177:O:2.64,21:O:2.89",2.8855446056939433,2.3126184411676127,True,ok
11b5c5aa9ae3,,63,Eu,3,CCCCCCCCN(CCCCCCCC)C(=O)COCC(=O)N(C)C,"[18, 20, 23]","[""O(amide_carbonyl)"", ""O(ether)"", ""O(amide_carbonyl)""]",3,9,3,water,water,0,/nfs/home/nshank3/lanthanide_dataset_builder/data/geometries/Eu/Eu_Z63_ox3_CN9_nlig3_water_11b5c5aa9ae3.xyz,/nfs/home/nshank3/lanthanide_dataset_builder/data/geometries/Eu/Eu_Z63_ox3_CN9_nlig3_water_11b5c5aa9ae3.mol2,,-7158.4844403038105,ok,built (standard attempt 1),accepted,CCCCCCCCN(CCCCCCCC)C(=O)COCC(=O)N(C)C,CCCCCCCCN(CCCCCCCC)C(=O)COCC(=O)N(C)C,False,True,True,9,O9,"95:O:2.26,19:O:2.29,90:O:2.33,166:O:2.34,24:O:2.39,161:O:2.47,21:O:2.53,92:O:2.74,163:O:2.76",2.7628854068155144,2.264736999498373,True,ok
bea7c107a7cb,,63,Eu,3,CCCCC(CC)CN(CC(CC)CCCC)C(=O)CCOCCC(=O)N(CC(CC)CCCC)CC(CC)CCCC,"[18, 21, 25]","[""O(amide_carbonyl)"", ""O(ether)"", ""O(amide_carbonyl)""]",3,9,3,water,water,0,/nfs/home/nshank3/lanthanide_dataset_builder/data/geometries/Eu/Eu_Z63_ox3_CN9_nlig3_water_bea7c107a7cb.xyz,/nfs/home/nshank3/lanthanide_dataset_builder/data/geometries/Eu/Eu_Z63_ox3_CN9_nlig3_water_bea7c107a7cb.mol2,,-11291.907100290102,ok,built (standard attempt 2),accepted,CCCCC(CC)CN(CC(CC)CCCC)C(=O)CCOCCC(=O)N(CC(CC)CCCC)CC(CC)CCCC,CCCCC(CC)CN(CC(CC)CCCC)C(=O)CCOCCC(=O)N(CC(CC)CCCC)CC(CC)CCCC,False,True,True,9,O9,"264:O:2.43,19:O:2.45,138:O:2.47,22:O:2.61,141:O:2.69,257:O:2.71,26:O:2.71,260:O:2.74,145:O:2.84",2.8376418973711632,2.4311544005414194,True,ok
33c10b1775e6,,63,Eu,3,CCCCCCCCN(CCCCCCCC)C(=O)c1ccc2ccccc2n1,"[18, 28]","[""O(amide_carbonyl)"", ""N(aromatic)""]",2,9,4,nitrate,nitrate,1,/nfs/home/nshank3/lanthanide_dataset_builder/data/geometries/Eu/Eu_Z63_ox3_CN9_nlig4_nitrate_33c10b1775e6.xyz,/nfs/home/nshank3/lanthanide_dataset_builder/data/geometries/Eu/Eu_Z63_ox3_CN9_nlig4_nitrate_33c10b1775e6.mol2,,-9504.768203316078,ok,built (standard attempt 1),accepted,CCCCCCCCN(CCCCCCCC)C(=O)c1ccc2ccccc2n1,CCCCCCCCN(CCCCCCCC)C(=O)c1ccc2ccccc2n1,False,True,True,8,"N3,O5","157:O:2.38,19:O:2.38,226:O:2.41,277:O:2.59,88:O:2.64,236:N:2.85,98:N:2.98,29:N:3.02",3.0245404065806043,2.3792763420923553,False,ok
ee1036964dae,,63,Eu,3,CCCCP(=S)(CCCC)COCP(=S)(CCCC)CCCC,"[5, 11, 14]","[""S(donor)"", ""O(ether)"", ""S(donor)""]",3,9,3,water,water,0,/nfs/home/nshank3/lanthanide_dataset_builder/data/geometries/Eu/Eu_Z63_ox3_CN9_nlig3_water_ee1036964dae.xyz,/nfs/home/nshank3/lanthanide_dataset_builder/data/geometries/Eu/Eu_Z63_ox3_CN9_nlig3_water_ee1036964dae.mol2,,-6092.229115034916,ok,built (standard attempt 1),accepted,CCCCP(=S)(CCCC)COCP(=S)(CCCC)CCCC,CCCCP(=S)(CCCC)COCP(=S)(CCCC)CCCC,False,True,True,9,"O3,S6","75:O:2.81,132:S:2.85,138:O:2.87,78:S:2.91,69:S:2.92,6:S:2.92,141:S:2.94,15:S:3.02,12:O:3.11",3.1145758759077204,2.812661889955937,True,ok
c0236f78b8f1,,63,Eu,3,CCCCCCCCN(CCCCCCCC)C(=O)CNCP(=O)(OCCCC)OCCCC,"[18, 20, 23, 24, 29]","[""O(amide_carbonyl)"", ""N(amine)"", ""O(ether)"", ""O(ether)"", ""O(ether)""]",5,9,1,water,water,4,/nfs/home/nshank3/lanthanide_dataset_builder/data/geometries/Eu/Eu_Z63_ox3_CN9_nlig1_water_c0236f78b8f1.xyz,/nfs/home/nshank3/lanthanide_dataset_builder/data/geometries/Eu/Eu_Z63_ox3_CN9_nlig1_water_c0236f78b8f1.mol2,,-3590.2518163567697,ok,built (standard attempt 1),accepted,CCCCCCCCN(CCCCCCCC)C(=O)CNCP(=O)(OCCCC)OCCCC,CCCCCCCCN(CCCCCCCC)C(=O)CNCP(=O)(OCCCC)OCCCC,False,True,True,10,"N1,O8,P1","19:O:2.14,24:O:2.36,25:O:2.39,98:O:2.44,95:O:2.44,92:O:2.46,30:O:2.46,101:O:2.54,23:P:2.89,21:N:3.11",3.105276577615026,2.1363588615580125,False,ok
31f52aef156c,,63,Eu,3,c1cc2nc(c1)COc1ccccc1OCCOCCOc1ccccc1OC2,"[3, 7, 14, 17, 20, 27]","[""N(aromatic)"", ""O(ether)"", ""O(ether)"", ""O(ether)"", ""O(ether)"", ""O(ether)""]",6,9,1,nitrate,nitrate,3,/nfs/home/nshank3/lanthanide_dataset_builder/data/geometries/Eu/Eu_Z63_ox3_CN9_nlig1_nitrate_31f52aef156c.xyz,/nfs/home/nshank3/lanthanide_dataset_builder/data/geometries/Eu/Eu_Z63_ox3_CN9_nlig1_nitrate_31f52aef156c.mol2,,-2852.3169185006795,ok,built (standard attempt 1),accepted,c1cc2nc(c1)COc1ccccc1OCCOCCOc1ccccc1OC2,c1cc2nc(c1)COc1ccccc1OCCOCCOc1ccccc1OC2,False,True,True,10,"N2,O8","55:O:2.17,56:O:2.19,21:O:2.36,4:N:2.41,28:O:2.46,18:O:2.49,53:N:2.57,8:O:2.61,57:O:2.63,15:O:2.64",2.635210340685812,2.167584670321856,False,ok
d54d08ed7fd7,,64,Gd,3,CCCCCCC(CCCC)CCCN(C)C(=O)COCC(=O)N(C)CCCC(CCCC)CCCCCC,"[17, 19, 22]","[""O(amide_carbonyl)"", ""O(ether)"", ""O(amide_carbonyl)""]",3,9,3,water,water,0,/nfs/home/nshank3/lanthanide_dataset_builder/data/geometries/Gd/Gd_Z64_ox3_CN9_nlig3_water_d54d08ed7fd7.xyz,/nfs/home/nshank3/lanthanide_dataset_builder/data/geometries/Gd/Gd_Z64_ox3_CN9_nlig3_water_d54d08ed7fd7.mol2,,-10258.245087332994,ok,built (standard attempt 1),accepted,CCCCCCC(CCCC)CCCN(C)C(=O)COCC(=O)N(C)CCCC(CCCC)CCCCCC,CCCCCCC(CCCC)CCCN(C)C(=O)COCC(=O)N(C)CCCC(CCCC)CCCCCC,False,True,True,9,O9,"237:O:2.18,125:O:2.20,232:O:2.22,130:O:2.23,23:O:2.25,18:O:2.38,234:O:2.61,127:O:2.64,20:O:2.69",2.685431692448147,2.1769963962935064,True,ok
f0f0675f65cf,,67,Ho,3,CCCCCCCCN(C)C(=O)COCC(=O)N(C)CCCCCCCC,"[11, 13, 16]","[""O(amide_carbonyl)"", ""O(ether)"", ""O(amide_carbonyl)""]",3,8,2,water,water,2,/nfs/home/nshank3/lanthanide_dataset_builder/data/geometries/Ho/Ho_Z67_ox3_CN8_nlig2_water_f0f0675f65cf.xyz,/nfs/home/nshank3/lanthanide_dataset_builder/data/geometries/Ho/Ho_Z67_ox3_CN8_nlig2_water_f0f0675f65cf.mol2,,-5046.150703434309,ok,built (standard attempt 1),accepted,CCCCCCCCN(C)C(=O)COCC(=O)N(C)CCCCCCCC,CCCCCCCCN(C)C(=O)COCC(=O)N(C)CCCCCCCC,False,True,True,8,O8,"12:O:2.21,83:O:2.24,88:O:2.27,17:O:2.28,14:O:2.43,146:O:2.46,85:O:2.53,143:O:2.72",2.7235085775617733,2.2063871388714276,True,ok
cd94e829f2f9,,57,La,3,CCCCN(CCCC)C(=O)COCC(=O)N(CCCC)CCCC,"[10, 12, 15]","[""O(amide_carbonyl)"", ""O(ether)"", ""O(amide_carbonyl)""]",3,9,3,nitrate,nitrate,0,/nfs/home/nshank3/lanthanide_dataset_builder/data/geometries/La/La_Z57_ox3_CN9_nlig3_nitrate_cd94e829f2f9.xyz,/nfs/home/nshank3/lanthanide_dataset_builder/data/geometries/La/La_Z57_ox3_CN9_nlig3_nitrate_cd94e829f2f9.mol2,,-6645.512422615134,ok,built (standard attempt 1),accepted,CCCCN(CCCC)C(=O)COCC(=O)N(CCCC)CCCC,CCCCN(CCCC)C(=O)COCC(=O)N(CCCC)CCCC,False,True,True,9,O9,"11:O:2.30,76:O:2.38,141:O:2.38,146:O:2.40,81:O:2.41,16:O:2.42,78:O:2.67,13:O:2.68,143:O:2.82",2.8154477348475377,2.2989864679843444,True,ok
7fd9c2ac0165,,71,Lu,3,CCCCCCCCCCN(CCCCCCCCCC)C(=O)COCC(=O)N(CCCCCCCCCC)CCCCCCCCCC,"[22, 24, 27]","[""O(amide_carbonyl)"", ""O(ether)"", ""O(amide_carbonyl)""]",3,8,2,nitrate,nitrate,2,/nfs/home/nshank3/lanthanide_dataset_builder/data/geometries/Lu/Lu_Z71_ox3_CN8_nlig2_nitrate_7fd9c2ac0165.xyz,/nfs/home/nshank3/lanthanide_dataset_builder/data/geometries/Lu/Lu_Z71_ox3_CN8_nlig2_nitrate_7fd9c2ac0165.mol2,,-8981.338080018653,ok,built (standard attempt 1),accepted,CCCCCCCCCCN(CCCCCCCCCC)C(=O)COCC(=O)N(CCCCCCCCCC)CCCCCCCCCC,CCCCCCCCCCN(CCCCCCCCCC)C(=O)COCC(=O)N(CCCCCCCCCC)CCCCCCCCCC,False,True,True,9,"N1,O8","277:O:2.03,278:O:2.14,28:O:2.17,165:O:2.17,23:O:2.24,160:O:2.32,275:N:2.35,162:O:2.54,25:O:2.54",2.539301170599728,2.028657888827956,False,ok
225f02af74b6,,62,Sm,3,CCCCCCCCN(CC(CC)CCCC)C(=O)COCC(=O)N(CCCCCCCC)CC(CC)CCCC,"[18, 20, 23]","[""O(amide_carbonyl)"", ""O(ether)"", ""O(amide_carbonyl)""]",3,9,3,nitrate,nitrate,0,/nfs/home/nshank3/lanthanide_dataset_builder/data/geometries/Sm/Sm_Z62_ox3_CN9_nlig3_nitrate_225f02af74b6.xyz,/nfs/home/nshank3/lanthanide_dataset_builder/data/geometries/Sm/Sm_Z62_ox3_CN9_nlig3_nitrate_225f02af74b6.mol2,,-10774.569939540415,ok,built (standard attempt 1),accepted,CCCCCCCCN(CC(CC)CCCC)C(=O)COCC(=O)N(CCCCCCCC)CC(CC)CCCC,CCCCCCCCN(CC(CC)CCCC)C(=O)COCC(=O)N(CCCCCCCC)CC(CC)CCCC,False,True,True,9,O9,"19:O:2.33,132:O:2.36,250:O:2.47,24:O:2.49,137:O:2.49,134:O:2.50,21:O:2.54,245:O:2.54,247:O:2.90",2.9007795242511984,2.3334325497586295,True,ok
4604ed2e646b,,59,Pr,3,CCCN(CCC)C(=O)COCC(=O)N(CCC)CCC,"[8, 10, 13]","[""O(amide_carbonyl)"", ""O(ether)"", ""O(amide_carbonyl)""]",3,9,3,nitrate,nitrate,0,/nfs/home/nshank3/lanthanide_dataset_builder/data/geometries/Pr/Pr_Z59_ox3_CN9_nlig3_nitrate_4604ed2e646b.xyz,/nfs/home/nshank3/lanthanide_dataset_builder/data/geometries/Pr/Pr_Z59_ox3_CN9_nlig3_nitrate_4604ed2e646b.mol2,,-5610.168446507841,ok,built (standard attempt 1),accepted,CCCN(CCC)C(=O)COCC(=O)N(CCC)CCC,CCCN(CCC)C(=O)COCC(=O)N(CCC)CCC,False,True,True,9,O9,"14:O:2.32,9:O:2.36,67:O:2.36,62:O:2.38,115:O:2.50,120:O:2.50,117:O:2.61,64:O:2.61,11:O:2.62",2.6163507446674155,2.320647406267295,True,ok
2840f6c3bac7,,60,Nd,3,CCCCCCCCN(C)C(=O)COCC(=O)N(CCCCCCCC)CCCCCCCC,"[11, 13, 16]","[""O(amide_carbonyl)"", ""O(ether)"", ""O(amide_carbonyl)""]",3,9,3,water,water,0,/nfs/home/nshank3/lanthanide_dataset_builder/data/geometries/Nd/Nd_Z60_ox3_CN9_nlig3_water_2840f6c3bac7.xyz,/nfs/home/nshank3/lanthanide_dataset_builder/data/geometries/Nd/Nd_Z60_ox3_CN9_nlig3_water_2840f6c3bac7.mol2,,-8966.760278167327,ok,built (standard attempt 1),accepted,CCCCCCCCN(C)C(=O)COCC(=O)N(CCCCCCCC)CCCCCCCC,CCCCCCCCN(C)C(=O)COCC(=O)N(CCCCCCCC)CCCCCCCC,False,True,True,9,O9,"17:O:2.18,104:O:2.35,109:O:2.36,12:O:2.42,196:O:2.47,201:O:2.50,106:O:2.51,14:O:2.56,198:O:2.71",2.7101945157111293,2.1783113049368272,True,ok
bad92aaac89e,,65,Tb,3,CCCCC(CC)CN(CC(CC)CCCC)C(=O)COCC(=O)N(CC(CC)CCCC)CC(CC)CCCC,"[18, 20, 23]","[""O(amide_carbonyl)"", ""O(ether)"", ""O(amide_carbonyl)""]",3,8,2,water,water,2,/nfs/home/nshank3/lanthanide_dataset_builder/data/geometries/Tb/Tb_Z65_ox3_CN8_nlig2_water_bad92aaac89e.xyz,/nfs/home/nshank3/lanthanide_dataset_builder/data/geometries/Tb/Tb_Z65_ox3_CN8_nlig2_water_bad92aaac89e.mol2,,-7456.288934169709,ok,built (standard attempt 1),accepted,CCCCC(CC)CN(CC(CC)CCCC)C(=O)COCC(=O)N(CC(CC)CCCC)CC(CC)CCCC,CCCCC(CC)CN(CC(CC)CCCC)C(=O)COCC(=O)N(CC(CC)CCCC)CC(CC)CCCC,False,True,True,8,O8,"24:O:2.13,19:O:2.22,132:O:2.29,137:O:2.29,21:O:2.31,134:O:2.35,227:O:2.64,230:O:2.65",2.654245961562924,2.131561101749989,True,ok
59eb2c8e16fe,,58,Ce,3,CCCCCCCCCCCCN(CCCCCCCCCCCC)C(=O)COCC(=O)N(CCCCCCCCCCCC)CCCCCCCCCCCC,"[26, 28, 31]","[""O(amide_carbonyl)"", ""O(ether)"", ""O(amide_carbonyl)""]",3,9,3,nitrate,nitrate,0,/nfs/home/nshank3/lanthanide_dataset_builder/data/geometries/Ce/Ce_Z58_ox3_CN9_nlig3_nitrate_59eb2c8e16fe.xyz,/nfs/home/nshank3/lanthanide_dataset_builder/data/geometries/Ce/Ce_Z58_ox3_CN9_nlig3_nitrate_59eb2c8e16fe.mol2,,-3542.39414843423,ok_simplified_ligand,original_ligtype_failed_simplified_success,accepted,CCCCCCCCCCCCN(CCCCCCCCCCCC)C(=O)COCC(=O)N(CCCCCCCCCCCC)CCCCCCCCCCCC,CN(C)C(=O)COCC(=O)N(C)C,True,True,True,9,O9,"5:O:2.19,39:O:2.27,34:O:2.28,10:O:2.33,68:O:2.40,63:O:2.45,7:O:2.53,36:O:2.55,65:O:2.70",2.696543399197658,2.187201705423611,True,ok
88156a705de7,,65,Tb,3,CCCCCCCCCCCCN(CCCCCCCCCCCC)C(=O)COCCOCC(=O)N(CCCCCCCCCCCC)CCCCCCCCCCCC,"[26, 28, 31, 34]","[""O(amide_carbonyl)"", ""O(ether)"", ""O(ether)"", ""O(amide_carbonyl)""]",4,8,2,nitrate,nitrate,0,/nfs/home/nshank3/lanthanide_dataset_builder/data/geometries/Tb/Tb_Z65_ox3_CN8_nlig2_nitrate_88156a705de7.xyz,/nfs/home/nshank3/lanthanide_dataset_builder/data/geometries/Tb/Tb_Z65_ox3_CN8_nlig2_nitrate_88156a705de7.mol2,,-2924.118817985671,ok_simplified_ligand,original_ligtype_failed_simplified_success,accepted,CCCCCCCCCCCCN(CCCCCCCCCCCC)C(=O)COCCOCC(=O)N(CCCCCCCCCCCC)CCCCCCCCCCCC,CN(C)C(=O)COCCOCC(=O)N(C)C,True,True,True,8,O8,"41:O:2.18,5:O:2.19,49:O:2.28,13:O:2.30,7:O:2.37,43:O:2.42,46:O:2.48,10:O:2.54",2.538403508074852,2.1769477404306876,True,ok
b32a7a896194,,59,Pr,3,CCCCCCCCCCN(CCCCCCCCCC)C(=O)[C@H](CCC)O[C@H](CCC)C(=O)N(CCCCCCCCCC)CCCCCCCCCC,"[22, 27, 33]","[""O(amide_carbonyl)"", ""O(ether)"", ""O(amide_carbonyl)""]",3,9,3,nitrate,nitrate,0,/nfs/home/nshank3/lanthanide_dataset_builder/data/geometries/Pr/Pr_Z59_ox3_CN9_nlig3_nitrate_b32a7a896194.xyz,/nfs/home/nshank3/lanthanide_dataset_builder/data/geometries/Pr/Pr_Z59_ox3_CN9_nlig3_nitrate_b32a7a896194.mol2,,-5092.928895793316,ok_simplified_ligand,original_ligtype_failed_simplified_success,accepted,CCCCCCCCCCN(CCCCCCCCCC)C(=O)[C@H](CCC)O[C@H](CCC)C(=O)N(CCCCCCCCCC)CCCCCCCCCC,CCC[C@H](O[C@H](CCC)C(=O)N(C)C)C(=O)N(C)C,True,True,True,8,O8,"110:O:2.35,63:O:2.40,16:O:2.47,105:O:2.49,11:O:2.50,58:O:2.57,5:O:2.95,52:O:3.10",3.097069242675574,2.3482919422291166,False,ok
82d3d05875a8,,63,Eu,3,CCCCN(CCCC)C(=O)COCC(=O)NCc1cccc(CNC(=O)COCC(=O)N(CCCC)CCCC)c1,"[10, 12, 15]","[""O(amide_carbonyl)"", ""O(ether)"", ""O(amide_carbonyl)""]",3,9,3,nitrate,nitrate,0,/nfs/home/nshank3/lanthanide_dataset_builder/data/geometries/Eu/Eu_Z63_ox3_CN9_nlig3_nitrate_82d3d05875a8.xyz,/nfs/home/nshank3/lanthanide_dataset_builder/data/geometries/Eu/Eu_Z63_ox3_CN9_nlig3_nitrate_82d3d05875a8.mol2,,-10797.234189999966,ok,built (standard attempt 1),accepted,CCCCN(CCCC)C(=O)COCC(=O)NCc1cccc(CNC(=O)COCC(=O)N(CCCC)CCCC)c1,CCCCN(CCCC)C(=O)COCC(=O)NCc1cccc(CNC(=O)COCC(=O)N(CCCC)CCCC)c1,False,True,True,9,O9,"112:O:2.11,107:O:2.21,11:O:2.26,208:O:2.44,205:O:2.62,109:O:2.64,203:O:2.72,13:O:2.75,16:O:2.87",2.8671361734554814,2.1052539105096364,True,ok
2d0e04539acd,,57,La,3,CCCCCCCCCCCCN(CCCCCCCC)C(=O)COCC(=O)N(CCCCCCCC)CCCCCCCCCCCC,"[22, 24, 27]","[""O(amide_carbonyl)"", ""O(ether)"", ""O(amide_carbonyl)""]",3,9,3,water,water,0,/nfs/home/nshank3/lanthanide_dataset_builder/data/geometries/La/La_Z57_ox3_CN9_nlig3_water_2d0e04539acd.xyz,/nfs/home/nshank3/lanthanide_dataset_builder/data/geometries/La/La_Z57_ox3_CN9_nlig3_water_2d0e04539acd.mol2,,-12822.358905792104,ok,built (standard attempt 1),accepted,CCCCCCCCCCCCN(CCCCCCCC)C(=O)COCC(=O)N(CCCCCCCC)CCCCCCCCCCCC,CCCCCCCCCCCCN(CCCCCCCC)C(=O)COCC(=O)N(CCCCCCCC)CCCCCCCCCCCC,False,True,True,9,O9,"160:O:2.26,297:O:2.27,23:O:2.27,299:O:2.79,25:O:2.79,162:O:2.81,165:O:2.86,302:O:2.98,28:O:3.07",3.074752271883028,2.263941762709171,True,ok
3f1e9baa527a,,63,Eu,3,CCCCCCCCN(CCCCCCCC)C(=O)COCC(=O)N(CCCCCCCC)CCCCCCCC,"[18, 20, 23]","[""O(amide_carbonyl)"", ""O(ether)"", ""O(amide_carbonyl)""]",3,9,3,nitrate,nitrate,0,/nfs/home/nshank3/lanthanide_dataset_builder/data/geometries/Eu/Eu_Z63_ox3_CN9_nlig3_nitrate_3f1e9baa527a.xyz,/nfs/home/nshank3/lanthanide_dataset_builder/data/geometries/Eu/Eu_Z63_ox3_CN9_nlig3_nitrate_3f1e9baa527a.mol2,,-10772.961622270244,ok,built (standard attempt 1),accepted,CCCCCCCCN(CCCCCCCC)C(=O)COCC(=O)N(CCCCCCCC)CCCCCCCC,CCCCCCCCN(CCCCCCCC)C(=O)COCC(=O)N(CCCCCCCC)CCCCCCCC,False,True,True,9,O9,"245:O:2.32,247:O:2.34,250:O:2.39,24:O:2.48,19:O:2.53,134:O:2.54,137:O:2.57,132:O:2.65,21:O:2.67",2.669212232004305,2.316134777850664,True,ok
3196db46a239,,62,Sm,3,CN(C(=O)c1cccc(C(=O)N(C)c2ccccc2)n1)c1ccccc1,"[3, 10, 19]","[""O(amide_carbonyl)"", ""O(amide_carbonyl)"", ""N(aromatic)""]",3,9,3,nitrate,nitrate,0,/nfs/home/nshank3/lanthanide_dataset_builder/data/geometries/Sm/Sm_Z62_ox3_CN9_nlig3_nitrate_3196db46a239.xyz,/nfs/home/nshank3/lanthanide_dataset_builder/data/geometries/Sm/Sm_Z62_ox3_CN9_nlig3_nitrate_3196db46a239.mol2,,-5844.513540359534,ok,built (standard attempt 1),accepted,CN(C(=O)c1cccc(C(=O)N(C)c2ccccc2)n1)c1ccccc1,CN(C(=O)c1cccc(C(=O)N(C)c2ccccc2)n1)c1ccccc1,False,True,True,9,"N3,O6","4:O:2.25,49:O:2.29,94:O:2.34,56:O:2.35,65:N:2.49,11:O:2.52,101:O:2.52,20:N:2.59,110:N:2.79",2.794907537862968,2.245492609692059,True,ok
3b23537feca7,,68,Er,3,CCCCCCCCN(CCCCCCCC)C(=O)c1ccc2ccc3ccc(C(=O)N(CCCCCCCC)CCCCCCCC)nc3c2n1,"[18, 30, 48, 51]","[""O(amide_carbonyl)"", ""O(amide_carbonyl)"", ""N(aromatic)"", ""N(aromatic)""]",4,8,2,water,water,0,/nfs/home/nshank3/lanthanide_dataset_builder/data/geometries/Er/Er_Z68_ox3_CN8_nlig2_water_3b23537feca7.xyz,/nfs/home/nshank3/lanthanide_dataset_builder/data/geometries/Er/Er_Z68_ox3_CN8_nlig2_water_3b23537feca7.mol2,,-8500.196432062492,ok,built (standard attempt 1),accepted,CCCCCCCCN(CCCCCCCC)C(=O)c1ccc2ccc3ccc(C(=O)N(CCCCCCCC)CCCCCCCC)nc3c2n1,CCCCCCCCN(CCCCCCCC)C(=O)c1ccc2ccc3ccc(C(=O)N(CCCCCCCC)CCCCCCCC)nc3c2n1,False,True,True,8,"N4,O4","145:O:2.16,178:N:2.31,52:N:2.32,19:O:2.32,31:O:2.38,49:N:2.41,175:N:2.45,157:O:2.50",2.49585549432866,2.1647364331452335,True,ok
4506e8fc1a6f,,69,Tm,3,CCCCCCCCN(CCCCCCCC)C(=O)C(C)OC(C)C(=O)N(CCCCCCCC)CCCCCCCC,"[18, 21, 25]","[""O(amide_carbonyl)"", ""O(ether)"", ""O(amide_carbonyl)""]",3,8,2,nitrate,nitrate,2,/nfs/home/nshank3/lanthanide_dataset_builder/data/geometries/Tm/Tm_Z69_ox3_CN8_nlig2_nitrate_4506e8fc1a6f.xyz,/nfs/home/nshank3/lanthanide_dataset_builder/data/geometries/Tm/Tm_Z69_ox3_CN8_nlig2_nitrate_4506e8fc1a6f.mol2,,-7950.450850360683,ok,built (standard attempt 1),accepted,CCCCCCCCN(CCCCCCCC)C(=O)C(C)OC(C)C(=O)N(CCCCCCCC)CCCCCCCC,CCCCCCCCN(CCCCCCCC)C(=O)C(C)OC(C)C(=O)N(CCCCCCCC)CCCCCCCC,False,True,True,9,"N1,O8","241:O:2.11,242:O:2.13,145:O:2.16,19:O:2.19,138:O:2.28,26:O:2.41,22:O:2.49,239:N:2.49,141:O:2.71",2.711901007314101,2.110841604823139,False,ok
e8416a774195,,69,Tm,3,CN(C(=O)CC(=O)N(C)c1ccccc1)c1ccccc1,"[3, 6]","[""O(amide_carbonyl)"", ""O(amide_carbonyl)""]",2,8,4,nitrate,nitrate,0,/nfs/home/nshank3/lanthanide_dataset_builder/data/geometries/Tm/Tm_Z69_ox3_CN8_nlig4_nitrate_e8416a774195.xyz,/nfs/home/nshank3/lanthanide_dataset_builder/data/geometries/Tm/Tm_Z69_ox3_CN8_nlig4_nitrate_e8416a774195.mol2,,-6486.892303182631,ok,built (standard attempt 1),accepted,CN(C(=O)CC(=O)N(C)c1ccccc1)c1ccccc1,CN(C(=O)CC(=O)N(C)c1ccccc1)c1ccccc1,False,True,True,8,O8,"82:O:2.30,46:O:2.32,121:O:2.34,85:O:2.39,4:O:2.44,7:O:2.48,43:O:2.54,124:O:2.58",2.5814460461696633,2.3035098904279585,True,ok
30403ce9c40d,,71,Lu,3,CCCCCCCCN(C)C(=O)C(CCOCCCCCC)C(=O)N(C)CCCCCCCC,"[11, 15, 23]","[""O(amide_carbonyl)"", ""O(ether)"", ""O(amide_carbonyl)""]",3,8,2,nitrate,nitrate,2,/nfs/home/nshank3/lanthanide_dataset_builder/data/geometries/Lu/Lu_Z71_ox3_CN8_nlig2_nitrate_30403ce9c40d.xyz,/nfs/home/nshank3/lanthanide_dataset_builder/data/geometries/Lu/Lu_Z71_ox3_CN8_nlig2_nitrate_30403ce9c40d.mol2,,-6398.136038186685,ok,built (standard attempt 1),accepted,CCCCCCCCN(C)C(=O)C(CCOCCCCCC)C(=O)N(C)CCCCCCCC,CCCCCCCCN(C)C(=O)C(CCOCCCCCC)C(=O)N(C)CCCCCCCC,False,True,True,8,"N1,O7","116:O:2.08,12:O:2.14,24:O:2.14,187:O:2.15,188:O:2.18,108:O:2.44,185:N:2.54,16:O:2.73",2.7279145325357628,2.078748285133814,True,ok
be5e74a1f67e,,66,Dy,3,CCN(C(=O)c1cccc(-c2cccc(C(=O)N(CC)c3ccc(C)cc3C)n2)n1)c1ccc(C)cc1C,"[4, 16, 28, 29]","[""O(amide_carbonyl)"", ""O(amide_carbonyl)"", ""N(aromatic)"", ""N(aromatic)""]",4,8,2,nitrate,nitrate,0,/nfs/home/nshank3/lanthanide_dataset_builder/data/geometries/Dy/Dy_Z66_ox3_CN8_nlig2_nitrate_be5e74a1f67e.xyz,/nfs/home/nshank3/lanthanide_dataset_builder/data/geometries/Dy/Dy_Z66_ox3_CN8_nlig2_nitrate_be5e74a1f67e.mol2,,-5756.292608064155,ok,built (standard attempt 2),accepted,CCN(C(=O)c1cccc(-c2cccc(C(=O)N(CC)c3ccc(C)cc3C)n2)n1)c1ccc(C)cc1C,CCN(C(=O)c1cccc(-c2cccc(C(=O)N(CC)c3ccc(C)cc3C)n2)n1)c1ccc(C)cc1C,False,True,True,8,"N4,O4","77:O:2.23,5:O:2.24,89:O:2.35,17:O:2.36,102:N:2.42,30:N:2.46,29:N:2.51,101:N:2.52",2.5196108291876205,2.2339023198629495,True,ok
ad294a8deaea,,60,Nd,3,CCN(C(=O)c1cccc(-c2cccc(C(=O)N(CC)c3ccc(C)cc3C)n2)n1)c1ccc(C)cc1C,"[4, 16, 28, 29]","[""O(amide_carbonyl)"", ""O(amide_carbonyl)"", ""N(aromatic)"", ""N(aromatic)""]",4,9,2,nitrate,nitrate,1,/nfs/home/nshank3/lanthanide_dataset_builder/data/geometries/Nd/Nd_Z60_ox3_CN9_nlig2_nitrate_ad294a8deaea.xyz,/nfs/home/nshank3/lanthanide_dataset_builder/data/geometries/Nd/Nd_Z60_ox3_CN9_nlig2_nitrate_ad294a8deaea.mol2,,-5895.805233458143,ok,built (standard attempt 1),accepted,CCN(C(=O)c1cccc(-c2cccc(C(=O)N(CC)c3ccc(C)cc3C)n2)n1)c1ccc(C)cc1C,CCN(C(=O)c1cccc(-c2cccc(C(=O)N(CC)c3ccc(C)cc3C)n2)n1)c1ccc(C)cc1C,False,True,True,9,"N4,O5","17:O:2.26,89:O:2.28,5:O:2.35,101:N:2.37,29:N:2.39,30:N:2.40,102:N:2.42,77:O:2.43,145:O:2.82",2.817199040020784,2.2631756503469096,True,ok
4beea503351e,,66,Dy,3,CCN(C(=O)c1cccc(-c2cccc(C(=O)N(CC)c3cc(C)ccc3C)n2)n1)c1cc(C)ccc1C,"[4, 16, 28, 29]","[""O(amide_carbonyl)"", ""O(amide_carbonyl)"", ""N(aromatic)"", ""N(aromatic)""]",4,8,2,nitrate,nitrate,0,/nfs/home/nshank3/lanthanide_dataset_builder/data/geometries/Dy/Dy_Z66_ox3_CN8_nlig2_nitrate_4beea503351e.xyz,/nfs/home/nshank3/lanthanide_dataset_builder/data/geometries/Dy/Dy_Z66_ox3_CN8_nlig2_nitrate_4beea503351e.mol2,,-5755.781046588992,ok,built (standard attempt 1),accepted,CCN(C(=O)c1cccc(-c2cccc(C(=O)N(CC)c3cc(C)ccc3C)n2)n1)c1cc(C)ccc1C,CCN(C(=O)c1cccc(-c2cccc(C(=O)N(CC)c3cc(C)ccc3C)n2)n1)c1cc(C)ccc1C,False,True,True,8,"N4,O4","17:O:2.19,89:O:2.25,5:O:2.31,77:O:2.36,101:N:2.41,29:N:2.41,30:N:2.47,102:N:2.48",2.482312396550571,2.1948027338346137,True,ok
c3a75dd9fb48,,63,Eu,3,CCCCCCCCN(C(=O)c1ccc2ccc3cccnc3c2n1)c1ccc(C)cc1,"[10, 21, 24]","[""O(amide_carbonyl)"", ""N(aromatic)"", ""N(aromatic)""]",3,9,3,nitrate,nitrate,0,/nfs/home/nshank3/lanthanide_dataset_builder/data/geometries/Eu/Eu_Z63_ox3_CN9_nlig3_nitrate_c3a75dd9fb48.xyz,/nfs/home/nshank3/lanthanide_dataset_builder/data/geometries/Eu/Eu_Z63_ox3_CN9_nlig3_nitrate_c3a75dd9fb48.mol2,,-7239.2553948687555,ok,built (standard attempt 1),accepted,CCCCCCCCN(C(=O)c1ccc2ccc3cccnc3c2n1)c1ccc(C)cc1,CCCCCCCCN(C(=O)c1ccc2ccc3cccnc3c2n1)c1ccc(C)cc1,False,True,True,9,"N6,O3","137:O:2.21,74:O:2.30,11:O:2.31,88:N:2.42,25:N:2.43,151:N:2.45,85:N:2.45,22:N:2.58,148:N:2.64",2.6435322278887083,2.2113629753283677,True,ok
654a7abbfe0a,,60,Nd,3,CCc1ccc(N(CC)C(=O)c2ccc3ccc4ccc(C(=O)N(CC)c5ccc(CC)cc5)nc4c3n2)cc1,"[10, 22, 34, 37]","[""O(amide_carbonyl)"", ""O(amide_carbonyl)"", ""N(aromatic)"", ""N(aromatic)""]",4,9,2,nitrate,nitrate,1,/nfs/home/nshank3/lanthanide_dataset_builder/data/geometries/Nd/Nd_Z60_ox3_CN9_nlig2_nitrate_654a7abbfe0a.xyz,/nfs/home/nshank3/lanthanide_dataset_builder/data/geometries/Nd/Nd_Z60_ox3_CN9_nlig2_nitrate_654a7abbfe0a.mol2,,-6129.818308621871,ok,built (standard attempt 1),accepted,CCc1ccc(N(CC)C(=O)c2ccc3ccc4ccc(C(=O)N(CC)c5ccc(CC)cc5)nc4c3n2)cc1,CCc1ccc(N(CC)C(=O)c2ccc3ccc4ccc(C(=O)N(CC)c5ccc(CC)cc5)nc4c3n2)cc1,False,True,True,9,"N4,O5","85:O:2.30,97:O:2.32,23:O:2.33,11:O:2.36,112:N:2.37,35:N:2.40,38:N:2.41,109:N:2.42,149:O:2.74",2.738742867075572,2.2989039995223233,True,ok
71c5db64de9f,,66,Dy,3,CCCCN(CCCC)C(=O)c1ccc2ccc3ccc(C(=O)N(CCCC)CCCC)nc3c2n1,"[10, 22, 32, 35]","[""O(amide_carbonyl)"", ""O(amide_carbonyl)"", ""N(aromatic)"", ""N(aromatic)""]",4,8,2,nitrate,nitrate,0,/nfs/home/nshank3/lanthanide_dataset_builder/data/geometries/Dy/Dy_Z66_ox3_CN8_nlig2_nitrate_71c5db64de9f.xyz,/nfs/home/nshank3/lanthanide_dataset_builder/data/geometries/Dy/Dy_Z66_ox3_CN8_nlig2_nitrate_71c5db64de9f.mol2,,-5746.185439455966,ok,built (standard attempt 2),accepted,CCCCN(CCCC)C(=O)c1ccc2ccc3ccc(C(=O)N(CCCC)CCCC)nc3c2n1,CCCCN(CCCC)C(=O)c1ccc2ccc3ccc(C(=O)N(CCCC)CCCC)nc3c2n1,False,True,True,8,"N4,O4","89:O:2.14,23:O:2.15,11:O:2.20,101:O:2.20,114:N:2.31,33:N:2.33,36:N:2.34,111:N:2.34",2.3445924830563314,2.1390249517102884,True,ok
95358dc8e1c2,,63,Eu,3,O=C(O)CN(CC(=O)O)C1CCCCC1N(CC(=O)O)CC(=O)O,"[0, 2, 4, 7, 8, 15, 18, 19]","[""O(ester_carbonyl)"", ""O(hydroxyl)"", ""N(amine)"", ""O(ester_carbonyl)"", ""O(hydroxyl)"", ""N(amine)"", ""O(ester_carbonyl)"", ""O(hydroxyl)""]",8,9,1,nitrate,nitrate,1,/nfs/home/nshank3/lanthanide_dataset_builder/data/geometries/Eu/Eu_Z63_ox3_CN9_nlig1_nitrate_95358dc8e1c2.xyz,/nfs/home/nshank3/lanthanide_dataset_builder/data/geometries/Eu/Eu_Z63_ox3_CN9_nlig1_nitrate_95358dc8e1c2.mol2,,-2299.4050109524737,ok,built (standard attempt 1),accepted,O=C(O)CN(CC(=O)O)C1CCCCC1N(CC(=O)O)CC(=O)O,O=C(O)CN(CC(=O)O)C1CCCCC1N(CC(=O)O)CC(=O)O,False,True,True,7,"N2,O5","19:O:2.22,23:O:2.22,8:O:2.22,1:O:2.27,47:O:2.35,16:N:2.64,5:N:2.65",2.6455701599622374,2.2201263423676014,False,ok
7c8f4755d2ca,,68,Er,3,CCN(C(=O)c1cccc(C(=O)N(CC)c2ccc(C)cc2)n1)c1ccc(C)cc1,"[4, 11, 22]","[""O(amide_carbonyl)"", ""O(amide_carbonyl)"", ""N(aromatic)""]",3,8,2,nitrate,nitrate,2,/nfs/home/nshank3/lanthanide_dataset_builder/data/geometries/Er/Er_Z68_ox3_CN8_nlig2_nitrate_7c8f4755d2ca.xyz,/nfs/home/nshank3/lanthanide_dataset_builder/data/geometries/Er/Er_Z68_ox3_CN8_nlig2_nitrate_7c8f4755d2ca.mol2,,-5007.191277936296,ok,built (standard attempt 1),accepted,CCN(C(=O)c1cccc(C(=O)N(CC)c2ccc(C)cc2)n1)c1ccc(C)cc1,CCN(C(=O)c1cccc(C(=O)N(CC)c2ccc(C)cc2)n1)c1ccc(C)cc1,False,True,True,9,"N3,O6","69:O:2.10,117:O:2.14,118:O:2.15,5:O:2.25,23:N:2.30,12:O:2.31,80:N:2.38,62:O:2.39,115:N:2.51",2.5071978631563367,2.097227279287779,False,ok
af6762e04ade,,68,Er,3,CCN(C(=O)c1cccc(C(=O)N(CC)c2cccc(C)c2)n1)c1cccc(C)c1,"[4, 11, 22]","[""O(amide_carbonyl)"", ""O(amide_carbonyl)"", ""N(aromatic)""]",3,8,2,nitrate,nitrate,2,/nfs/home/nshank3/lanthanide_dataset_builder/data/geometries/Er/Er_Z68_ox3_CN8_nlig2_nitrate_af6762e04ade.xyz,/nfs/home/nshank3/lanthanide_dataset_builder/data/geometries/Er/Er_Z68_ox3_CN8_nlig2_nitrate_af6762e04ade.mol2,,-5008.412198720752,ok,built (standard attempt 1),accepted,CCN(C(=O)c1cccc(C(=O)N(CC)c2cccc(C)c2)n1)c1cccc(C)c1,CCN(C(=O)c1cccc(C(=O)N(CC)c2cccc(C)c2)n1)c1cccc(C)c1,False,True,True,9,"N3,O6","117:O:2.12,118:O:2.14,69:O:2.23,115:N:2.27,12:O:2.27,62:O:2.30,5:O:2.34,80:N:2.45,23:N:2.47",2.4650589240337033,2.1178378215425555,False,ok
404ade356415,,70,Yb,3,CCN(C(=O)c1cccc(C(=O)N(CC)c2cccc(C)c2)n1)c1cccc(C)c1,"[4, 11, 22]","[""O(amide_carbonyl)"", ""O(amide_carbonyl)"", ""N(aromatic)""]",3,8,2,nitrate,nitrate,2,/nfs/home/nshank3/lanthanide_dataset_builder/data/geometries/Yb/Yb_Z70_ox3_CN8_nlig2_nitrate_404ade356415.xyz,/nfs/home/nshank3/lanthanide_dataset_builder/data/geometries/Yb/Yb_Z70_ox3_CN8_nlig2_nitrate_404ade356415.mol2,,-5008.176496221089,ok,built (standard attempt 1),accepted,CCN(C(=O)c1cccc(C(=O)N(CC)c2cccc(C)c2)n1)c1cccc(C)c1,CCN(C(=O)c1cccc(C(=O)N(CC)c2cccc(C)c2)n1)c1cccc(C)c1,False,True,True,9,"N3,O6","62:O:2.06,117:O:2.11,118:O:2.13,69:O:2.14,5:O:2.20,23:N:2.36,80:N:2.37,12:O:2.42,115:N:2.49",2.486062236040538,2.0595579797573738,False,ok
dde20ae789d3,,63,Eu,3,CCCCCCc1ccc(N(CC)C(=O)c2cccc(-c3cccc(C(=O)N(CC)c4ccc(CCCCCC)cc4)n3)n2)cc1,"[14, 26, 42, 43]","[""O(amide_carbonyl)"", ""O(amide_carbonyl)"", ""N(aromatic)"", ""N(aromatic)""]",4,9,2,nitrate,nitrate,1,/nfs/home/nshank3/lanthanide_dataset_builder/data/geometries/Eu/Eu_Z63_ox3_CN9_nlig2_nitrate_dde20ae789d3.xyz,/nfs/home/nshank3/lanthanide_dataset_builder/data/geometries/Eu/Eu_Z63_ox3_CN9_nlig2_nitrate_dde20ae789d3.mol2,,-7271.757978625895,ok,built (standard attempt 1),accepted,CCCCCCc1ccc(N(CC)C(=O)c2cccc(-c3cccc(C(=O)N(CC)c4ccc(CCCCCC)cc4)n3)n2)cc1,CCCCCCc1ccc(N(CC)C(=O)c2cccc(-c3cccc(C(=O)N(CC)c4ccc(CCCCCC)cc4)n3)n2)cc1,False,True,True,9,"N4,O5","15:O:2.23,111:O:2.38,44:N:2.41,139:N:2.44,140:N:2.46,27:O:2.47,123:O:2.51,43:N:2.53,193:O:2.91",2.9101346355624327,2.2324087987358854,True,ok
5902593ca024,,65,Tb,3,CCCCCCCCN(C)C(=O)COCC(=O)N(C)CCCCCCCC,"[11, 13, 16]","[""O(amide_carbonyl)"", ""O(ether)"", ""O(amide_carbonyl)""]",3,8,2,nitrate,nitrate,2,/nfs/home/nshank3/lanthanide_dataset_builder/data/geometries/Tb/Tb_Z65_ox3_CN8_nlig2_nitrate_5902593ca024.xyz,/nfs/home/nshank3/lanthanide_dataset_builder/data/geometries/Tb/Tb_Z65_ox3_CN8_nlig2_nitrate_5902593ca024.mol2,,-5194.244413067007,ok,built (standard attempt 1),accepted,CCCCCCCCN(C)C(=O)COCC(=O)N(C)CCCCCCCC,CCCCCCCCN(C)C(=O)COCC(=O)N(C)CCCCCCCC,False,True,True,9,"N1,O8","146:O:2.05,145:O:2.10,88:O:2.22,17:O:2.24,83:O:2.30,12:O:2.34,143:N:2.43,14:O:2.46,85:O:2.63",2.628739803041073,2.0481915007073077,False,ok
b280ab6a44f9,,59,Pr,3,CCCCCCN(CCCCCC)C(=O)CC(=O)N(CCCCCC)CCCCCC,"[14, 17]","[""O(amide_carbonyl)"", ""O(amide_carbonyl)""]",2,9,4,nitrate,nitrate,1,/nfs/home/nshank3/lanthanide_dataset_builder/data/geometries/Pr/Pr_Z59_ox3_CN9_nlig4_nitrate_b280ab6a44f9.xyz,/nfs/home/nshank3/lanthanide_dataset_builder/data/geometries/Pr/Pr_Z59_ox3_CN9_nlig4_nitrate_b280ab6a44f9.mol2,,-10964.941680744098,ok,built (standard attempt 1),accepted,CCCCCCN(CCCCCC)C(=O)CC(=O)N(CCCCCC)CCCCCC,CCCCCCN(CCCCCC)C(=O)CC(=O)N(CCCCCC)CCCCCC,False,True,True,9,O9,"185:O:2.32,100:O:2.33,270:O:2.37,15:O:2.39,341:O:2.58,18:O:2.64,273:O:2.67,103:O:2.73,188:O:2.82",2.8208667310425914,2.319873493269927,True,ok
ab9583a086df,,60,Nd,3,CCCCN(CCCC)C(=O)CC(=O)N(CCCC)CCCC,"[10, 13]","[""O(amide_carbonyl)"", ""O(amide_carbonyl)""]",2,9,4,nitrate,nitrate,1,/nfs/home/nshank3/lanthanide_dataset_builder/data/geometries/Nd/Nd_Z60_ox3_CN9_nlig4_nitrate_ab9583a086df.xyz,/nfs/home/nshank3/lanthanide_dataset_builder/data/geometries/Nd/Nd_Z60_ox3_CN9_nlig4_nitrate_ab9583a086df.mol2,,-8211.208741567903,ok,built (standard attempt 1),accepted,CCCCN(CCCC)C(=O)CC(=O)N(CCCC)CCCC,CCCCN(CCCC)C(=O)CC(=O)N(CCCC)CCCC,False,True,True,9,O9,"72:O:2.46,11:O:2.48,75:O:2.50,245:O:2.52,14:O:2.58,194:O:2.59,197:O:2.61,133:O:2.65,136:O:2.70",2.7042194220060867,2.4569407418886153,True,ok
26475200f159,,57,La,3,CCCCCCCCN(C)C(=O)C(CCCCCC)C(=O)N(C)CCCCCCCC,"[11, 20]","[""O(amide_carbonyl)"", ""O(amide_carbonyl)""]",2,9,4,nitrate,nitrate,1,/nfs/home/nshank3/lanthanide_dataset_builder/data/geometries/La/La_Z57_ox3_CN9_nlig4_nitrate_26475200f159.xyz,/nfs/home/nshank3/lanthanide_dataset_builder/data/geometries/La/La_Z57_ox3_CN9_nlig4_nitrate_26475200f159.mol2,,-10965.838905815486,ok,built (standard attempt 1),accepted,CCCCCCCCN(C)C(=O)C(CCCCCC)C(=O)N(C)CCCCCCCC,CCCCCCCCN(C)C(=O)C(CCCCCC)C(=O)N(C)CCCCCCCC,False,True,True,8,O8,"12:O:2.21,182:O:2.41,341:O:2.60,97:O:2.67,276:O:2.77,106:O:2.81,191:O:3.02,21:O:3.10",3.102809720399956,2.205224976704915,False,ok
73947a2946b0,,62,Sm,3,CCCCCCCCN(C)C(=O)CC(=O)N(C)CCCCCCCC,"[11, 14]","[""O(amide_carbonyl)"", ""O(amide_carbonyl)""]",2,9,4,nitrate,nitrate,1,/nfs/home/nshank3/lanthanide_dataset_builder/data/geometries/Sm/Sm_Z62_ox3_CN9_nlig4_nitrate_73947a2946b0.xyz,/nfs/home/nshank3/lanthanide_dataset_builder/data/geometries/Sm/Sm_Z62_ox3_CN9_nlig4_nitrate_73947a2946b0.mol2,,-8896.780486639036,ok,built (standard attempt 1),accepted,CCCCCCCCN(C)C(=O)CC(=O)N(C)CCCCCCCC,CCCCCCCCN(C)C(=O)CC(=O)N(C)CCCCCCCC,False,True,True,8,O8,"146:O:2.08,82:O:2.27,79:O:2.29,12:O:2.30,149:O:2.48,216:O:2.53,269:O:2.56,213:O:2.57",2.567905425672566,2.0844632956070113,False,ok
199a952d6faf,,68,Er,3,CCCCCCCCP(=O)(CC(=O)N(CC(C)C)CC(C)C)c1ccccc1,"[9, 12]","[""O(ether)"", ""O(amide_carbonyl)""]",2,8,4,nitrate,nitrate,0,/nfs/home/nshank3/lanthanide_dataset_builder/data/geometries/Er/Er_Z68_ox3_CN8_nlig4_nitrate_199a952d6faf.xyz,/nfs/home/nshank3/lanthanide_dataset_builder/data/geometries/Er/Er_Z68_ox3_CN8_nlig4_nitrate_199a952d6faf.mol2,,-9416.303259663047,ok,built (standard attempt 1),accepted,CCCCCCCCP(=O)(CC(=O)N(CC(C)C)CC(C)C)c1ccccc1,CCCCCCCCP(=O)(CC(=O)N(CC(C)C)CC(C)C)c1ccccc1,False,True,True,7,O7,"10:O:2.15,220:O:2.36,80:O:2.38,150:O:2.41,13:O:2.49,153:O:2.52,83:O:2.58",2.5750493745695238,2.1473551230756964,False,ok
03dd780e91d8,,57,La,3,CCCCCCCCN(CCCC(CCCC)CCCCCC)C(=O)COCC(=O)N(CCCCCCCC)CCCC(CCCC)CCCCCC,"[24, 26, 29]","[""O(amide_carbonyl)"", ""O(ether)"", ""O(amide_carbonyl)""]",3,9,3,water,water,0,/nfs/home/nshank3/lanthanide_dataset_builder/data/geometries/La/La_Z57_ox3_CN9_nlig3_water_03dd780e91d8.xyz,/nfs/home/nshank3/lanthanide_dataset_builder/data/geometries/La/La_Z57_ox3_CN9_nlig3_water_03dd780e91d8.mol2,,-13875.685643587469,ok,built (standard attempt 1),accepted,CCCCCCCCN(CCCC(CCCC)CCCCCC)C(=O)COCC(=O)N(CCCCCCCC)CCCC(CCCC)CCCCCC,CCCCCCCCN(CCCC(CCCC)CCCCCC)C(=O)COCC(=O)N(CCCCCCCC)CCCC(CCCC)CCCCCC,False,True,True,9,O9,"30:O:2.46,328:O:2.47,179:O:2.48,25:O:2.63,323:O:2.69,174:O:2.75,176:O:2.93,325:O:2.94,27:O:3.01",3.009234672246828,2.460098798493276,True,ok
dffea6f8c61d,,59,Pr,3,CCCCCCCCCCCCN(CCCCCCCCCCCC)C(=O)COC1CCCN(CCCCCC)C1=O,"[26, 28, 41]","[""O(amide_carbonyl)"", ""O(ether)"", ""O(amide_carbonyl)""]",3,9,3,nitrate,nitrate,0,/nfs/home/nshank3/lanthanide_dataset_builder/data/geometries/Pr/Pr_Z59_ox3_CN9_nlig3_nitrate_dffea6f8c61d.xyz,/nfs/home/nshank3/lanthanide_dataset_builder/data/geometries/Pr/Pr_Z59_ox3_CN9_nlig3_nitrate_dffea6f8c61d.mol2,,-10951.464631450352,ok,built (standard attempt 1),accepted,CCCCCCCCCCCCN(CCCCCCCCCCCC)C(=O)COC1CCCN(CCCCCC)C1=O,CCCCCCCCCCCCN(CCCCCCCCCCCC)C(=O)COC1CCCN(CCCCCC)C1=O,False,True,True,8,O8,"255:O:2.24,156:O:2.24,27:O:2.26,270:O:2.29,42:O:2.34,141:O:2.52,143:O:2.61,29:O:2.82",2.8155834680135645,2.242221437700675,False,ok
60f03d2c67cc,,59,Pr,3,CCCCCCN(CCC(C)CCCC(C)C)C(=O)COCC(=O)N(CCCCCC)CCC(C)CCCC(C)C,"[18, 20, 23]","[""O(amide_carbonyl)"", ""O(ether)"", ""O(amide_carbonyl)""]",3,9,3,water,water,0,/nfs/home/nshank3/lanthanide_dataset_builder/data/geometries/Pr/Pr_Z59_ox3_CN9_nlig3_water_60f03d2c67cc.xyz,/nfs/home/nshank3/lanthanide_dataset_builder/data/geometries/Pr/Pr_Z59_ox3_CN9_nlig3_water_60f03d2c67cc.mol2,,-10775.034963288756,ok,built (standard attempt 1),accepted,CCCCCCN(CCC(C)CCCC(C)C)C(=O)COCC(=O)N(CCCCCC)CCC(C)CCCC(C)C,CCCCCCN(CCC(C)CCCC(C)C)C(=O)COCC(=O)N(CCCCCC)CCC(C)CCCC(C)C,False,True,True,9,O9,"250:O:2.24,24:O:2.32,132:O:2.49,137:O:2.51,134:O:2.77,245:O:2.80,247:O:2.81,19:O:2.85,21:O:3.09",3.085190620166658,2.2429181985050093,True,ok
a51968909434,,63,Eu,3,CCCCCCCCP(=O)(CCCCCCCC)Cc1cccc(CP(=O)(CCCCCCCC)CCCCCCCC)[n+]1[O-],"[9, 26, 44]","[""O(ether)"", ""O(ether)"", ""O(ether)""]",3,9,3,nitrate,nitrate,0,/nfs/home/nshank3/lanthanide_dataset_builder/data/geometries/Eu/Eu_Z63_ox3_CN9_nlig3_nitrate_a51968909434.xyz,/nfs/home/nshank3/lanthanide_dataset_builder/data/geometries/Eu/Eu_Z63_ox3_CN9_nlig3_nitrate_a51968909434.mol2,,-11602.791400888096,ok,built (standard attempt 2),accepted,CCCCCCCCP(=O)(CCCCCCCC)Cc1cccc(CP(=O)(CCCCCCCC)CCCCCCCC)[n+]1[O-],CCCCCCCCP(=O)(CCCCCCCC)Cc1cccc(CP(=O)(CCCCCCCC)CCCCCCCC)[n+]1[O-],False,True,True,8,O8,"130:O:2.28,267:O:2.32,27:O:2.36,147:O:2.37,10:O:2.49,250:O:2.66,45:O:2.71,285:O:2.71",2.7113711501102093,2.2828777194391767,False,ok
a29d42869fc8,,64,Gd,3,CCCCCCCCP(=O)(CCCCCCCC)Cc1cccc(CP(=O)(CCCCCCCC)CCCCCCCC)[n+]1[O-],"[9, 26, 44]","[""O(ether)"", ""O(ether)"", ""O(ether)""]",3,9,3,water,water,0,/nfs/home/nshank3/lanthanide_dataset_builder/data/geometries/Gd/Gd_Z64_ox3_CN9_nlig3_water_a29d42869fc8.xyz,/nfs/home/nshank3/lanthanide_dataset_builder/data/geometries/Gd/Gd_Z64_ox3_CN9_nlig3_water_a29d42869fc8.mol2,,-11603.271807712672,ok,built (standard attempt 1),accepted,CCCCCCCCP(=O)(CCCCCCCC)Cc1cccc(CP(=O)(CCCCCCCC)CCCCCCCC)[n+]1[O-],CCCCCCCCP(=O)(CCCCCCCC)Cc1cccc(CP(=O)(CCCCCCCC)CCCCCCCC)[n+]1[O-],False,True,True,9,O9,"267:O:2.27,27:O:2.31,285:O:2.38,45:O:2.45,147:O:2.48,250:O:2.53,165:O:2.54,130:O:2.54,10:O:2.71",2.710093018375208,2.2685747213952316,True,ok
e90baf173312,,57,La,3,CCCCC(CC)CN(CC(CC)CCCC)C(=O)COCC(=O)N(CC(CC)CCCC)CC(CC)CCCC,"[18, 20, 23]","[""O(amide_carbonyl)"", ""O(ether)"", ""O(amide_carbonyl)""]",3,9,3,nitrate,nitrate,0,/nfs/home/nshank3/lanthanide_dataset_builder/data/geometries/La/La_Z57_ox3_CN9_nlig3_nitrate_e90baf173312.xyz,/nfs/home/nshank3/lanthanide_dataset_builder/data/geometries/La/La_Z57_ox3_CN9_nlig3_nitrate_e90baf173312.mol2,,-10776.647948202277,ok,built (standard attempt 1),accepted,CCCCC(CC)CN(CC(CC)CCCC)C(=O)COCC(=O)N(CC(CC)CCCC)CC(CC)CCCC,CCCCC(CC)CN(CC(CC)CCCC)C(=O)COCC(=O)N(CC(CC)CCCC)CC(CC)CCCC,False,True,True,9,O9,"24:O:2.45,132:O:2.49,250:O:2.53,137:O:2.55,245:O:2.59,19:O:2.84,247:O:2.85,134:O:2.96,21:O:3.01",3.011717474375967,2.452589668535299,True,ok
69820f6ef382,,71,Lu,3,CCCCCCCCCCN(CCCCCCCCCC)C(=O)COCC(=O)N(CCCCCC)CCCCCC,"[22, 24, 27]","[""O(amide_carbonyl)"", ""O(ether)"", ""O(amide_carbonyl)""]",3,8,2,nitrate,nitrate,2,/nfs/home/nshank3/lanthanide_dataset_builder/data/geometries/Lu/Lu_Z71_ox3_CN8_nlig2_nitrate_69820f6ef382.xyz,/nfs/home/nshank3/lanthanide_dataset_builder/data/geometries/Lu/Lu_Z71_ox3_CN8_nlig2_nitrate_69820f6ef382.mol2,,-7605.059852276322,ok,built (standard attempt 1),accepted,CCCCCCCCCCN(CCCCCCCCCC)C(=O)COCC(=O)N(CCCCCC)CCCCCC,CCCCCCCCCCN(CCCCCCCCCC)C(=O)COCC(=O)N(CCCCCC)CCCCCC,False,True,True,9,"N1,O8","229:O:2.02,230:O:2.07,136:O:2.10,28:O:2.11,23:O:2.33,141:O:2.34,227:N:2.39,138:O:2.53,25:O:2.66",2.6561621477998516,2.0235148021729525,False,ok
120b149e6b53,,65,Tb,3,CCN(CC)C(=O)COCC(=O)N(CC)CC,"[6, 8, 11]","[""O(amide_carbonyl)"", ""O(ether)"", ""O(amide_carbonyl)""]",3,8,2,nitrate,nitrate,2,/nfs/home/nshank3/lanthanide_dataset_builder/data/geometries/Tb/Tb_Z65_ox3_CN8_nlig2_nitrate_120b149e6b53.xyz,/nfs/home/nshank3/lanthanide_dataset_builder/data/geometries/Tb/Tb_Z65_ox3_CN8_nlig2_nitrate_120b149e6b53.mol2,,-3472.8123834279286,ok,built (standard attempt 1),accepted,CCN(CC)C(=O)COCC(=O)N(CC)CC,CCN(CC)C(=O)COCC(=O)N(CC)CC,False,True,True,9,"N1,O8","85:O:2.06,86:O:2.07,53:O:2.19,7:O:2.22,12:O:2.22,48:O:2.27,83:N:2.37,50:O:2.57,9:O:2.64",2.6375596877308536,2.056301259990058,False,ok
b50df1b297d6,,63,Eu,3,CCCCC(CC)CN(CC(CC)CCCC)C(=O)CN(CC(=O)N(CC(CC)CCCC)CC(CC)CCCC)CC(=O)N(CC(CC)CCCC)CC(CC)CCCC,"[18, 20, 23, 43]","[""O(amide_carbonyl)"", ""N(amine)"", ""O(amide_carbonyl)"", ""O(amide_carbonyl)""]",4,9,2,water,water,1,/nfs/home/nshank3/lanthanide_dataset_builder/data/geometries/Eu/Eu_Z63_ox3_CN9_nlig2_water_b50df1b297d6.xyz,/nfs/home/nshank3/lanthanide_dataset_builder/data/geometries/Eu/Eu_Z63_ox3_CN9_nlig2_water_b50df1b297d6.mol2,,-10740.83666206831,ok,built (large_ligand_deep attempt 1),accepted,CCCCC(CC)CN(CC(CC)CCCC)C(=O)CN(CC(=O)N(CC(CC)CCCC)CC(CC)CCCC)CC(=O)N(CC(CC)CCCC)CC(CC)CCCC,CCCCC(CC)CN(CC(CC)CCCC)C(=O)CN(CC(=O)N(CC(CC)CCCC)CC(CC)CCCC)CC(=O)N(CC(CC)CCCC)CC(CC)CCCC,False,True,True,9,"N2,O7","188:O:2.14,24:O:2.14,193:O:2.26,213:O:2.30,44:O:2.39,19:O:2.53,339:O:2.71,21:N:2.83,190:N:2.96",2.960345332723916,2.13697924776474,True,ok
2b6df3205d87,,64,Gd,3,CCCCCCCCN(CCCCCCCC)C(=O)COCCOCC(=O)N(CCCCCCCC)CCCCCCCC,"[18, 20, 23, 26]","[""O(amide_carbonyl)"", ""O(ether)"", ""O(ether)"", ""O(amide_carbonyl)""]",4,9,2,nitrate,nitrate,1,/nfs/home/nshank3/lanthanide_dataset_builder/data/geometries/Gd/Gd_Z64_ox3_CN9_nlig2_nitrate_2b6df3205d87.xyz,/nfs/home/nshank3/lanthanide_dataset_builder/data/geometries/Gd/Gd_Z64_ox3_CN9_nlig2_nitrate_2b6df3205d87.mol2,,-7885.292508871455,ok,built (standard attempt 1),accepted,CCCCCCCCN(CCCCCCCC)C(=O)COCCOCC(=O)N(CCCCCCCC)CCCCCCCC,CCCCCCCCN(CCCCCCCC)C(=O)COCCOCC(=O)N(CCCCCCCC)CCCCCCCC,False,True,True,9,O9,"27:O:2.20,24:O:2.26,144:O:2.26,19:O:2.33,139:O:2.33,141:O:2.36,21:O:2.38,241:O:2.38,147:O:2.52",2.5167618954232283,2.2002161345265194,True,ok
1d85f3ac9e11,,70,Yb,3,CCCCCCCCCCN(CCCCCCCCCC)C(=O)[C@H](C)O[C@H](CC)C(=O)N(CCCCCCCCCC)CCCCCCCCCC,"[22, 25, 30]","[""O(amide_carbonyl)"", ""O(ether)"", ""O(amide_carbonyl)""]",3,8,2,nitrate,nitrate,2,/nfs/home/nshank3/lanthanide_dataset_builder/data/geometries/Yb/Yb_Z70_ox3_CN8_nlig2_nitrate_1d85f3ac9e11.xyz,/nfs/home/nshank3/lanthanide_dataset_builder/data/geometries/Yb/Yb_Z70_ox3_CN8_nlig2_nitrate_1d85f3ac9e11.mol2,,-9499.705741488877,ok,built (standard attempt 1),accepted,CCCCCCCCCCN(CCCCCCCCCC)C(=O)[C@H](C)O[C@H](CC)C(=O)N(CCCCCCCCCC)CCCCCCCCCC,CCCCCCCCCCN(CCCCCCCCCC)C(=O)[C@H](C)O[C@H](CC)C(=O)N(CCCCCCCCCC)CCCCCCCCCC,False,True,True,9,"N1,O8","296:O:2.02,31:O:2.11,23:O:2.12,177:O:2.14,295:O:2.15,169:O:2.17,293:N:2.39,172:O:2.44,26:O:2.52",2.5231300629883453,2.023356662230756,False,ok
38bcdcf8e36e,,57,La,3,CCCCCCCCN(CCCCCCCC)C(=O)[C@H](C)O[C@@H](CC)C(=O)N(CCCCCCCC)CCCCCCCC,"[18, 21, 26]","[""O(amide_carbonyl)"", ""O(ether)"", ""O(amide_carbonyl)""]",3,9,3,nitrate,nitrate,0,/nfs/home/nshank3/lanthanide_dataset_builder/data/geometries/La/La_Z57_ox3_CN9_nlig3_nitrate_38bcdcf8e36e.xyz,/nfs/home/nshank3/lanthanide_dataset_builder/data/geometries/La/La_Z57_ox3_CN9_nlig3_nitrate_38bcdcf8e36e.mol2,,-11553.047772264006,ok,built (standard attempt 1),accepted,CCCCCCCCN(CCCCCCCC)C(=O)[C@H](C)O[C@@H](CC)C(=O)N(CCCCCCCC)CCCCCCCC,CCCCCCCCN(CCCCCCCC)C(=O)[C@H](C)O[C@@H](CC)C(=O)N(CCCCCCCC)CCCCCCCC,False,True,True,9,O9,"149:O:2.41,27:O:2.41,263:O:2.45,141:O:2.47,19:O:2.53,271:O:2.64,22:O:2.65,144:O:2.80,266:O:2.99",2.988439998437553,2.4124260205701624,True,ok
7b3aca9f455b,,69,Tm,3,CC12CCC(c3nnc(-c4cccc(-c5nnc6c(n5)C5(C)CCC6C5(C)C)n4)nc31)C2(C)C,"[6, 7, 15, 16, 19, 28, 29]","[""N(aromatic)"", ""N(aromatic)"", ""N(aromatic)"", ""N(aromatic)"", ""N(aromatic)"", ""N(aromatic)"", ""N(aromatic)""]",7,8,1,nitrate,nitrate,1,/nfs/home/nshank3/lanthanide_dataset_builder/data/geometries/Tm/Tm_Z69_ox3_CN8_nlig1_nitrate_7b3aca9f455b.xyz,/nfs/home/nshank3/lanthanide_dataset_builder/data/geometries/Tm/Tm_Z69_ox3_CN8_nlig1_nitrate_7b3aca9f455b.mol2,,-2688.9840434520024,ok,built (standard attempt 1),accepted,CC12CCC(c3nnc(-c4cccc(-c5nnc6c(n5)C5(C)CCC6C5(C)C)n4)nc31)C2(C)C,CC12CCC(c3nnc(-c4cccc(-c5nnc6c(n5)C5(C)CCC6C5(C)C)n4)nc31)C2(C)C,False,True,True,4,"N3,O1","30:N:2.29,20:N:2.31,29:N:2.33,66:O:2.63",2.628706793186755,2.2947562664757606,False,ok
129af7e0e0bc,,68,Er,3,O=C(c1cc(Cl)c2ccc3c(Cl)cc(C(=O)N4CCCC4)nc3c2n1)N1CCCC1,"[0, 15, 21, 24]","[""O(amide_carbonyl)"", ""O(amide_carbonyl)"", ""N(aromatic)"", ""N(aromatic)""]",4,8,2,nitrate,nitrate,0,/nfs/home/nshank3/lanthanide_dataset_builder/data/geometries/Er/Er_Z68_ox3_CN8_nlig2_nitrate_129af7e0e0bc.xyz,/nfs/home/nshank3/lanthanide_dataset_builder/data/geometries/Er/Er_Z68_ox3_CN8_nlig2_nitrate_129af7e0e0bc.mol2,,-4699.177084337761,ok,built (standard attempt 1),accepted,O=C(c1cc(Cl)c2ccc3c(Cl)cc(C(=O)N4CCCC4)nc3c2n1)N1CCCC1,O=C(c1cc(Cl)c2ccc3c(Cl)cc(C(=O)N4CCCC4)nc3c2n1)N1CCCC1,False,True,True,8,"N4,O4","1:O:2.18,16:O:2.18,66:O:2.18,51:O:2.21,72:N:2.51,22:N:2.52,25:N:2.53,75:N:2.55",2.5544540882342766,2.1832009704887776,True,ok
f5a4d693ef5a,,63,Eu,3,CC(C)CCCC(C)CCCCN(C)C(=O)COCC(=O)N(C)CCCCC(C)CCCC(C)C,"[15, 17, 20]","[""O(amide_carbonyl)"", ""O(ether)"", ""O(amide_carbonyl)""]",3,9,3,water,water,0,/nfs/home/nshank3/lanthanide_dataset_builder/data/geometries/Eu/Eu_Z63_ox3_CN9_nlig3_water_f5a4d693ef5a.xyz,/nfs/home/nshank3/lanthanide_dataset_builder/data/geometries/Eu/Eu_Z63_ox3_CN9_nlig3_water_f5a4d693ef5a.mol2,,-9224.10774030793,ok,built (standard attempt 1),accepted,CC(C)CCCC(C)CCCCN(C)C(=O)COCC(=O)N(C)CCCCC(C)CCCC(C)C,CC(C)CCCC(C)CCCCN(C)C(=O)COCC(=O)N(C)CCCCC(C)CCCC(C)C,False,True,True,9,O9,"16:O:2.13,116:O:2.44,113:O:2.53,206:O:2.58,111:O:2.62,208:O:2.72,211:O:2.73,21:O:2.74,18:O:3.11",3.112547740580775,2.130322628603973,True,ok
816fdab6b6d4,,58,Ce,3,CCCCCCC(CCCC)CCCN(C)C(=O)COCC(=O)N(C)CCCC(CCCC)CCCCCC,"[17, 19, 22]","[""O(amide_carbonyl)"", ""O(ether)"", ""O(amide_carbonyl)""]",3,9,3,water,water,0,/nfs/home/nshank3/lanthanide_dataset_builder/data/geometries/Ce/Ce_Z58_ox3_CN9_nlig3_water_816fdab6b6d4.xyz,/nfs/home/nshank3/lanthanide_dataset_builder/data/geometries/Ce/Ce_Z58_ox3_CN9_nlig3_water_816fdab6b6d4.mol2,,-10257.88870978646,ok,built (standard attempt 1),accepted,CCCCCCC(CCCC)CCCN(C)C(=O)COCC(=O)N(C)CCCC(CCCC)CCCCCC,CCCCCCC(CCCC)CCCN(C)C(=O)COCC(=O)N(C)CCCC(CCCC)CCCCCC,False,True,True,9,O9,"125:O:2.26,18:O:2.26,232:O:2.32,237:O:2.43,23:O:2.52,130:O:2.56,127:O:2.65,20:O:3.03,234:O:3.08",3.07990814910825,2.262029172430079,True,ok
70e091c4e6a2,,58,Ce,3,CCCCCc1nnc(-c2cccc(-c3cccc(-c4nnc(CCCCC)c(CCCCC)n4)n3)n2)nc1CCCCC,"[6, 7, 20, 21, 34, 35, 36, 37]","[""N(aromatic)"", ""N(aromatic)"", ""N(aromatic)"", ""N(aromatic)"", ""N(aromatic)"", ""N(aromatic)"", ""N(aromatic)"", ""N(aromatic)""]",8,9,1,nitrate,nitrate,1,/nfs/home/nshank3/lanthanide_dataset_builder/data/geometries/Ce/Ce_Z58_ox3_CN9_nlig1_nitrate_70e091c4e6a2.xyz,/nfs/home/nshank3/lanthanide_dataset_builder/data/geometries/Ce/Ce_Z58_ox3_CN9_nlig1_nitrate_70e091c4e6a2.mol2,,-3561.176868600098,ok,built (standard attempt 1),accepted,CCCCCc1nnc(-c2cccc(-c3cccc(-c4nnc(CCCCC)c(CCCCC)n4)n3)n2)nc1CCCCC,CCCCCc1nnc(-c2cccc(-c3cccc(-c4nnc(CCCCC)c(CCCCC)n4)n3)n2)nc1CCCCC,False,True,True,7,"N6,O1","21:N:2.41,37:N:2.47,95:O:2.68,38:N:2.70,36:N:2.75,8:N:2.78,22:N:2.97",2.9730835581485104,2.4072083876423425,False,ok
e2e7b8542799,,68,Er,3,CCCCCCCCN(CCCCCCCC)C(=O)[C@H](C)O[C@@H](C)C(=O)N(CCCCCCCC)CCCCCCCC,"[18, 21, 25]","[""O(amide_carbonyl)"", ""O(ether)"", ""O(amide_carbonyl)""]",3,8,2,nitrate,nitrate,2,/nfs/home/nshank3/lanthanide_dataset_builder/data/geometries/Er/Er_Z68_ox3_CN8_nlig2_nitrate_e2e7b8542799.xyz,/nfs/home/nshank3/lanthanide_dataset_builder/data/geometries/Er/Er_Z68_ox3_CN8_nlig2_nitrate_e2e7b8542799.mol2,,-7949.840308468208,ok,built (standard attempt 1),accepted,CCCCCCCCN(CCCCCCCC)C(=O)[C@H](C)O[C@@H](C)C(=O)N(CCCCCCCC)CCCCCCCC,CCCCCCCCN(CCCCCCCC)C(=O)[C@H](C)O[C@@H](C)C(=O)N(CCCCCCCC)CCCCCCCC,False,True,True,9,"N1,O8","242:O:2.07,241:O:2.08,26:O:2.19,19:O:2.27,145:O:2.32,138:O:2.34,239:N:2.42,141:O:2.49,22:O:2.72",2.7231270205439317,2.073529594995353,False,ok
910e5c06c523,,66,Dy,3,CCCCCCN(CCCCCC)C(=O)COCC(=O)N(CCCCCC)CCCCCC,"[14, 16, 19]","[""O(amide_carbonyl)"", ""O(ether)"", ""O(amide_carbonyl)""]",3,8,2,nitrate,nitrate,2,/nfs/home/nshank3/lanthanide_dataset_builder/data/geometries/Dy/Dy_Z66_ox3_CN8_nlig2_nitrate_910e5c06c523.xyz,/nfs/home/nshank3/lanthanide_dataset_builder/data/geometries/Dy/Dy_Z66_ox3_CN8_nlig2_nitrate_910e5c06c523.mol2,,-6227.3900038503525,ok,built (standard attempt 1),accepted,CCCCCCN(CCCCCC)C(=O)COCC(=O)N(CCCCCC)CCCCCC,CCCCCCN(CCCCCC)C(=O)COCC(=O)N(CCCCCC)CCCCCC,False,True,True,9,"N1,O8","182:O:2.05,109:O:2.19,104:O:2.23,181:O:2.24,15:O:2.24,179:N:2.41,106:O:2.43,20:O:2.47,17:O:2.60",2.600336590347058,2.05143609837639,False,ok
d81cc3a82d7c,,66,Dy,3,CCCCCCCCCCCCN(CCCCCCCC)C(=O)COCC(=O)N(CCCCCCCC)CCCCCCCCCCCC,"[22, 24, 27]","[""O(amide_carbonyl)"", ""O(ether)"", ""O(amide_carbonyl)""]",3,8,2,water,water,2,/nfs/home/nshank3/lanthanide_dataset_builder/data/geometries/Dy/Dy_Z66_ox3_CN8_nlig2_water_d81cc3a82d7c.xyz,/nfs/home/nshank3/lanthanide_dataset_builder/data/geometries/Dy/Dy_Z66_ox3_CN8_nlig2_water_d81cc3a82d7c.mol2,,-8834.453056130042,ok,built (standard attempt 1),accepted,CCCCCCCCCCCCN(CCCCCCCC)C(=O)COCC(=O)N(CCCCCCCC)CCCCCCCCCCCC,CCCCCCCCCCCCN(CCCCCCCC)C(=O)COCC(=O)N(CCCCCCCC)CCCCCCCCCCCC,False,True,True,8,O8,"28:O:2.15,23:O:2.16,160:O:2.16,165:O:2.18,162:O:2.29,25:O:2.32,278:O:2.51,275:O:2.59",2.588190235360322,2.1482646586347554,True,ok
fede56dffefa,,68,Er,3,CCCCN(CCCC)C(=O)COCC(=O)N(CCCC)CCCC,"[10, 12, 15]","[""O(amide_carbonyl)"", ""O(ether)"", ""O(amide_carbonyl)""]",3,8,2,water,water,2,/nfs/home/nshank3/lanthanide_dataset_builder/data/geometries/Er/Er_Z68_ox3_CN8_nlig2_water_fede56dffefa.xyz,/nfs/home/nshank3/lanthanide_dataset_builder/data/geometries/Er/Er_Z68_ox3_CN8_nlig2_water_fede56dffefa.mol2,,-4701.706665640675,ok,built (standard attempt 1),accepted,CCCCN(CCCC)C(=O)COCC(=O)N(CCCC)CCCC,CCCCN(CCCC)C(=O)COCC(=O)N(CCCC)CCCC,False,True,True,8,O8,"16:O:2.14,81:O:2.15,76:O:2.22,11:O:2.33,13:O:2.50,78:O:2.50,134:O:2.50,131:O:2.77",2.7702462909786103,2.138494620807593,True,ok
06422e6981c2,,68,Er,3,CCCCCCCCN(CC)C(=O)COCC(=O)N(CC)CCCCCCCC,"[12, 14, 17]","[""O(amide_carbonyl)"", ""O(ether)"", ""O(amide_carbonyl)""]",3,8,2,water,water,2,/nfs/home/nshank3/lanthanide_dataset_builder/data/geometries/Er/Er_Z68_ox3_CN8_nlig2_water_06422e6981c2.xyz,/nfs/home/nshank3/lanthanide_dataset_builder/data/geometries/Er/Er_Z68_ox3_CN8_nlig2_water_06422e6981c2.mol2,,-5390.429110399604,ok,built (standard attempt 1),accepted,CCCCCCCCN(CC)C(=O)COCC(=O)N(CC)CCCCCCCC,CCCCCCCCN(CC)C(=O)COCC(=O)N(CC)CCCCCCCC,False,True,True,8,O8,"95:O:2.15,13:O:2.16,18:O:2.18,90:O:2.26,158:O:2.58,92:O:2.58,15:O:2.59,155:O:2.81",2.805448824077342,2.1510277172105616,True,ok
f4ceaeffb0e0,,68,Er,3,O=C(COCC(=O)N1CCCCC1)N1CCCCC1,"[0, 3, 6]","[""O(amide_carbonyl)"", ""O(ether)"", ""O(amide_carbonyl)""]",3,8,2,water,water,2,/nfs/home/nshank3/lanthanide_dataset_builder/data/geometries/Er/Er_Z68_ox3_CN8_nlig2_water_f4ceaeffb0e0.xyz,/nfs/home/nshank3/lanthanide_dataset_builder/data/geometries/Er/Er_Z68_ox3_CN8_nlig2_water_f4ceaeffb0e0.mol2,,-3558.6500250455674,ok,built (standard attempt 1),accepted,O=C(COCC(=O)N1CCCCC1)N1CCCCC1,O=C(COCC(=O)N1CCCCC1)N1CCCCC1,False,True,True,8,O8,"7:O:2.13,50:O:2.13,1:O:2.14,44:O:2.25,87:O:2.44,4:O:2.52,47:O:2.59,90:O:2.82",2.8153642587182635,2.131180655057183,True,ok
9aa39b04fcb1,,59,Pr,3,CCCCCCCCCCCCN(CCC)C(=O)COCC(=O)N(CCC)CCCCCCCCCCCC,"[17, 19, 22]","[""O(amide_carbonyl)"", ""O(ether)"", ""O(amide_carbonyl)""]",3,9,3,water,water,0,/nfs/home/nshank3/lanthanide_dataset_builder/data/geometries/Pr/Pr_Z59_ox3_CN9_nlig3_water_9aa39b04fcb1.xyz,/nfs/home/nshank3/lanthanide_dataset_builder/data/geometries/Pr/Pr_Z59_ox3_CN9_nlig3_water_9aa39b04fcb1.mol2,,-10258.782320629669,ok,built (standard attempt 1),accepted,CCCCCCCCCCCCN(CCC)C(=O)COCC(=O)N(CCC)CCCCCCCCCCCC,CCCCCCCCCCCCN(CCC)C(=O)COCC(=O)N(CCC)CCCCCCCCCCCC,False,True,True,9,O9,"125:O:2.27,18:O:2.30,232:O:2.37,234:O:2.43,237:O:2.43,23:O:2.53,130:O:2.58,127:O:2.62,20:O:2.84",2.8373823341702655,2.265711661527316,True,ok
d85063f2c2c1,,63,Eu,3,CCCCCc1nnc(-c2cccc(-c3cccc(-c4nnc(CCCCC)c(CCCCC)n4)n3)n2)nc1CCCCC,"[6, 7, 20, 21, 34, 35, 36, 37]","[""N(aromatic)"", ""N(aromatic)"", ""N(aromatic)"", ""N(aromatic)"", ""N(aromatic)"", ""N(aromatic)"", ""N(aromatic)"", ""N(aromatic)""]",8,9,1,nitrate,nitrate,1,/nfs/home/nshank3/lanthanide_dataset_builder/data/geometries/Eu/Eu_Z63_ox3_CN9_nlig1_nitrate_d85063f2c2c1.xyz,/nfs/home/nshank3/lanthanide_dataset_builder/data/geometries/Eu/Eu_Z63_ox3_CN9_nlig1_nitrate_d85063f2c2c1.mol2,,-3559.47390491118,ok,built (standard attempt 2),accepted,CCCCCc1nnc(-c2cccc(-c3cccc(-c4nnc(CCCCC)c(CCCCC)n4)n3)n2)nc1CCCCC,CCCCCc1nnc(-c2cccc(-c3cccc(-c4nnc(CCCCC)c(CCCCC)n4)n3)n2)nc1CCCCC,False,True,True,8,"N7,O1","8:N:2.17,22:N:2.32,21:N:2.33,36:N:2.40,7:N:2.51,37:N:2.55,95:O:2.59,35:N:2.88",2.8787722565166036,2.169351941480066,False,ok
ca5af664bc2a,,62,Sm,3,CCCc1nnc(-c2cccc(-c3nnc(CCC)c(CCC)n3)n2)nc1CCC,"[4, 5, 13, 14, 23, 24, 25]","[""N(aromatic)"", ""N(aromatic)"", ""N(aromatic)"", ""N(aromatic)"", ""N(aromatic)"", ""N(aromatic)"", ""N(aromatic)""]",7,9,1,nitrate,nitrate,2,/nfs/home/nshank3/lanthanide_dataset_builder/data/geometries/Sm/Sm_Z62_ox3_CN9_nlig1_nitrate_ca5af664bc2a.xyz,/nfs/home/nshank3/lanthanide_dataset_builder/data/geometries/Sm/Sm_Z62_ox3_CN9_nlig1_nitrate_ca5af664bc2a.mol2,,-2743.126530918876,ok,built (standard attempt 1),accepted,CCCc1nnc(-c2cccc(-c3nnc(CCC)c(CCC)n3)n2)nc1CCC,CCCc1nnc(-c2cccc(-c3nnc(CCC)c(CCC)n3)n2)nc1CCC,False,True,True,8,"N6,O2","65:O:2.07,64:O:2.12,25:N:2.37,62:N:2.44,24:N:2.77,5:N:2.84,6:N:3.07,26:N:3.17",3.169739368048179,2.07050199376227,False,ok
973e13880b10,,63,Eu,3,CCCCCCCCN(CCCCCCCC)C(=O)COCC(=O)N1CCOCC1,"[18, 20, 23, 27]","[""O(amide_carbonyl)"", ""O(ether)"", ""O(amide_carbonyl)"", ""O(ether)""]",4,9,2,nitrate,nitrate,1,/nfs/home/nshank3/lanthanide_dataset_builder/data/geometries/Eu/Eu_Z63_ox3_CN9_nlig2_nitrate_973e13880b10.xyz,/nfs/home/nshank3/lanthanide_dataset_builder/data/geometries/Eu/Eu_Z63_ox3_CN9_nlig2_nitrate_973e13880b10.mol2,,-5417.5180888131845,ok,built (standard attempt 1),accepted,CCCCCCCCN(CCCCCCCC)C(=O)COCC(=O)N1CCOCC1,CCCCCCCCN(CCCCCCCC)C(=O)COCC(=O)N1CCOCC1,False,True,True,9,O9,"95:O:2.10,24:O:2.30,153:O:2.54,19:O:2.63,100:O:2.68,104:O:2.69,21:O:2.72,28:O:2.85,97:O:3.11",3.1097545729994946,2.1021156636243234,True,ok
fcc8b7852054,,63,Eu,3,CCCCCCCCN(C)C(=O)COCC(=O)N(CCCCCCCC)CCCCCCCC,"[11, 13, 16]","[""O(amide_carbonyl)"", ""O(ether)"", ""O(amide_carbonyl)""]",3,9,3,water,water,0,/nfs/home/nshank3/lanthanide_dataset_builder/data/geometries/Eu/Eu_Z63_ox3_CN9_nlig3_water_fcc8b7852054.xyz,/nfs/home/nshank3/lanthanide_dataset_builder/data/geometries/Eu/Eu_Z63_ox3_CN9_nlig3_water_fcc8b7852054.mol2,,-8967.403356550576,ok,built (standard attempt 1),accepted,CCCCCCCCN(C)C(=O)COCC(=O)N(CCCCCCCC)CCCCCCCC,CCCCCCCCN(C)C(=O)COCC(=O)N(CCCCCCCC)CCCCCCCC,False,True,True,9,O9,"109:O:2.18,17:O:2.25,196:O:2.26,201:O:2.31,12:O:2.33,104:O:2.48,198:O:2.76,106:O:2.81,14:O:3.18",3.1817866838389333,2.18247712210492,True,ok
ec36e99efff5,,63,Eu,3,CCCCCCCCN(C)C(=O)COCC(=O)NCc1cccc(CNC(=O)COCC(=O)N(C)CCCCCCCC)c1,"[11, 13, 16]","[""O(amide_carbonyl)"", ""O(ether)"", ""O(amide_carbonyl)""]",3,9,3,nitrate,nitrate,0,/nfs/home/nshank3/lanthanide_dataset_builder/data/geometries/Eu/Eu_Z63_ox3_CN9_nlig3_nitrate_ec36e99efff5.xyz,/nfs/home/nshank3/lanthanide_dataset_builder/data/geometries/Eu/Eu_Z63_ox3_CN9_nlig3_nitrate_ec36e99efff5.mol2,,-11314.086833849891,ok,built (standard attempt 2),accepted,CCCCCCCCN(C)C(=O)COCC(=O)NCc1cccc(CNC(=O)COCC(=O)N(C)CCCCCCCC)c1,CCCCCCCCN(C)C(=O)COCC(=O)NCc1cccc(CNC(=O)COCC(=O)N(C)CCCCCCCC)c1,False,True,True,9,O9,"17:O:2.18,119:O:2.19,221:O:2.29,216:O:2.31,114:O:2.50,12:O:2.50,218:O:2.54,116:O:2.65,14:O:2.78",2.7755103264676673,2.1803284857589142,True,ok
fce2cd1d1147,,63,Eu,3,CCCCC(CC)CN(CC(CC)CCCC)C(=O)CCOCCC(=O)N(CC(CC)CCCC)CC(CC)CCCC,"[18, 21, 25]","[""O(amide_carbonyl)"", ""O(ether)"", ""O(amide_carbonyl)""]",3,9,3,nitrate,nitrate,0,/nfs/home/nshank3/lanthanide_dataset_builder/data/geometries/Eu/Eu_Z63_ox3_CN9_nlig3_nitrate_fce2cd1d1147.xyz,/nfs/home/nshank3/lanthanide_dataset_builder/data/geometries/Eu/Eu_Z63_ox3_CN9_nlig3_nitrate_fce2cd1d1147.mol2,,-11290.95151975161,ok,built (standard attempt 1),accepted,CCCCC(CC)CN(CC(CC)CCCC)C(=O)CCOCCC(=O)N(CC(CC)CCCC)CC(CC)CCCC,CCCCC(CC)CN(CC(CC)CCCC)C(=O)CCOCCC(=O)N(CC(CC)CCCC)CC(CC)CCCC,False,True,True,9,O9,"141:O:2.23,257:O:2.29,19:O:2.32,145:O:2.49,138:O:2.50,22:O:2.67,260:O:2.68,26:O:2.71,264:O:2.73",2.7298143171384774,2.2341899375469625,True,ok
f32387e7edd6,,63,Eu,3,CCCCP(=S)(CCCC)COCP(=S)(CCCC)CCCC,"[5, 11, 14]","[""S(donor)"", ""O(ether)"", ""S(donor)""]",3,9,3,nitrate,nitrate,0,/nfs/home/nshank3/lanthanide_dataset_builder/data/geometries/Eu/Eu_Z63_ox3_CN9_nlig3_nitrate_f32387e7edd6.xyz,/nfs/home/nshank3/lanthanide_dataset_builder/data/geometries/Eu/Eu_Z63_ox3_CN9_nlig3_nitrate_f32387e7edd6.mol2,,-6089.935966371183,ok,built (standard attempt 1),accepted,CCCCP(=S)(CCCC)COCP(=S)(CCCC)CCCC,CCCCP(=S)(CCCC)COCP(=S)(CCCC)CCCC,False,True,True,7,"O1,S6","141:S:2.78,78:S:2.80,6:S:2.85,15:S:2.90,69:S:2.96,12:O:3.06,132:S:3.09",3.0874676230861637,2.780004989856847,False,ok
870627e86abc,,63,Eu,3,CCCCCCCCN(CCCCCCCC)C(=O)CNCP(=O)(OCCCC)OCCCC,"[18, 20, 23, 24, 29]","[""O(amide_carbonyl)"", ""N(amine)"", ""O(ether)"", ""O(ether)"", ""O(ether)""]",5,9,1,nitrate,nitrate,4,/nfs/home/nshank3/lanthanide_dataset_builder/data/geometries/Eu/Eu_Z63_ox3_CN9_nlig1_nitrate_870627e86abc.xyz,/nfs/home/nshank3/lanthanide_dataset_builder/data/geometries/Eu/Eu_Z63_ox3_CN9_nlig1_nitrate_870627e86abc.mol2,,-3884.0399028409392,ok,built (standard attempt 1),accepted,CCCCCCCCN(CCCCCCCC)C(=O)CNCP(=O)(OCCCC)OCCCC,CCCCCCCCN(CCCCCCCC)C(=O)CNCP(=O)(OCCCC)OCCCC,False,True,True,10,"N3,O7","95:O:2.10,98:O:2.11,94:O:2.14,99:O:2.20,19:O:2.27,24:O:2.42,92:N:2.49,96:N:2.52,25:O:2.61,21:N:2.88",2.8808822549027213,2.1029418358175214,False,ok
4b48ab5095c7,,64,Gd,3,CCCCCCCCN(CC)C(=O)COCC(=O)N(CC)CCCCCCCC,"[12, 14, 17]","[""O(amide_carbonyl)"", ""O(ether)"", ""O(amide_carbonyl)""]",3,9,3,water,water,0,/nfs/home/nshank3/lanthanide_dataset_builder/data/geometries/Gd/Gd_Z64_ox3_CN9_nlig3_water_4b48ab5095c7.xyz,/nfs/home/nshank3/lanthanide_dataset_builder/data/geometries/Gd/Gd_Z64_ox3_CN9_nlig3_water_4b48ab5095c7.mol2,,-7675.191907353331,ok,built (standard attempt 1),accepted,CCCCCCCCN(CC)C(=O)COCC(=O)N(CC)CCCCCCCC,CCCCCCCCN(CC)C(=O)COCC(=O)N(CC)CCCCCCCC,False,True,True,9,O9,"95:O:2.17,172:O:2.26,167:O:2.30,18:O:2.36,90:O:2.44,13:O:2.46,169:O:2.52,92:O:2.55,15:O:2.77",2.7680020389246613,2.1747098841242223,True,ok
9484194a0100,,67,Ho,3,CCCCC(CC)CN(C)C(=O)COCC(=O)N(C)CC(CC)CCCC,"[11, 13, 16]","[""O(amide_carbonyl)"", ""O(ether)"", ""O(amide_carbonyl)""]",3,8,2,water,water,2,/nfs/home/nshank3/lanthanide_dataset_builder/data/geometries/Ho/Ho_Z67_ox3_CN8_nlig2_water_9484194a0100.xyz,/nfs/home/nshank3/lanthanide_dataset_builder/data/geometries/Ho/Ho_Z67_ox3_CN8_nlig2_water_9484194a0100.mol2,,-5046.63299574438,ok,built (standard attempt 1),accepted,CCCCC(CC)CN(C)C(=O)COCC(=O)N(C)CC(CC)CCCC,CCCCC(CC)CN(C)C(=O)COCC(=O)N(C)CC(CC)CCCC,False,True,True,8,O8,"12:O:2.16,83:O:2.20,88:O:2.31,17:O:2.37,85:O:2.60,14:O:2.62,143:O:2.65,146:O:2.65",2.6460152022067036,2.155540527410123,True,ok
a4a68747ac9e,,57,La,3,CCCCCCCCN(CCC(C)CC(C)(C)C)C(=O)COCC(=O)N(CCCCCCCC)CCC(C)CC(C)(C)C,"[19, 21, 24]","[""O(amide_carbonyl)"", ""O(ether)"", ""O(amide_carbonyl)""]",3,9,3,water,water,0,/nfs/home/nshank3/lanthanide_dataset_builder/data/geometries/La/La_Z57_ox3_CN9_nlig3_water_a4a68747ac9e.xyz,/nfs/home/nshank3/lanthanide_dataset_builder/data/geometries/La/La_Z57_ox3_CN9_nlig3_water_a4a68747ac9e.mol2,,-11293.134026604836,ok,built (standard attempt 1),accepted,CCCCCCCCN(CCC(C)CC(C)(C)C)C(=O)COCC(=O)N(CCCCCCCC)CCC(C)CC(C)(C)C,CCCCCCCCN(CCC(C)CC(C)(C)C)C(=O)COCC(=O)N(CCCCCCCC)CCC(C)CC(C)(C)C,False,True,True,9,O9,"20:O:2.46,139:O:2.52,258:O:2.52,260:O:2.54,25:O:2.63,263:O:2.68,22:O:2.75,144:O:2.97,141:O:2.98",2.9783495369261277,2.460714814565877,True,ok
79943a359182,,71,Lu,3,CCCCC(CC)CN(CC(CC)CCCC)C(=O)COCC(=O)N(CC(CC)CCCC)CC(CC)CCCC,"[18, 20, 23]","[""O(amide_carbonyl)"", ""O(ether)"", ""O(amide_carbonyl)""]",3,8,2,nitrate,nitrate,2,/nfs/home/nshank3/lanthanide_dataset_builder/data/geometries/Lu/Lu_Z71_ox3_CN8_nlig2_nitrate_79943a359182.xyz,/nfs/home/nshank3/lanthanide_dataset_builder/data/geometries/Lu/Lu_Z71_ox3_CN8_nlig2_nitrate_79943a359182.mol2,,-7603.831922119425,ok,built (standard attempt 1),accepted,CCCCC(CC)CN(CC(CC)CCCC)C(=O)COCC(=O)N(CC(CC)CCCC)CC(CC)CCCC,CCCCC(CC)CN(CC(CC)CCCC)C(=O)COCC(=O)N(CC(CC)CCCC)CC(CC)CCCC,False,True,True,9,"N1,O8","230:O:2.02,229:O:2.06,19:O:2.20,137:O:2.34,227:N:2.36,24:O:2.37,132:O:2.38,21:O:2.56,134:O:2.66",2.6597954106052404,2.0170004794050675,False,ok
c25c829ddcb6,,71,Lu,3,CCCCCCCCN(CC(CC)CCCC)C(=O)COCC(=O)N(CCCCCCCC)CC(CC)CCCC,"[18, 20, 23]","[""O(amide_carbonyl)"", ""O(ether)"", ""O(amide_carbonyl)""]",3,8,2,nitrate,nitrate,2,/nfs/home/nshank3/lanthanide_dataset_builder/data/geometries/Lu/Lu_Z71_ox3_CN8_nlig2_nitrate_c25c829ddcb6.xyz,/nfs/home/nshank3/lanthanide_dataset_builder/data/geometries/Lu/Lu_Z71_ox3_CN8_nlig2_nitrate_c25c829ddcb6.mol2,,-7604.319919959011,ok,built (standard attempt 1),accepted,CCCCCCCCN(CC(CC)CCCC)C(=O)COCC(=O)N(CCCCCCCC)CC(CC)CCCC,CCCCCCCCN(CC(CC)CCCC)C(=O)COCC(=O)N(CCCCCCCC)CC(CC)CCCC,False,True,True,9,"N1,O8","230:O:2.03,229:O:2.13,137:O:2.15,19:O:2.20,24:O:2.25,132:O:2.29,227:N:2.37,134:O:2.48,21:O:2.55",2.548852561878929,2.0348826864293525,False,ok
9843e72ac7d1,,60,Nd,3,CCCN(CCC)C(=O)COCC(=O)N(CCC)CCC,"[8, 10, 13]","[""O(amide_carbonyl)"", ""O(ether)"", ""O(amide_carbonyl)""]",3,9,3,nitrate,nitrate,0,/nfs/home/nshank3/lanthanide_dataset_builder/data/geometries/Nd/Nd_Z60_ox3_CN9_nlig3_nitrate_9843e72ac7d1.xyz,/nfs/home/nshank3/lanthanide_dataset_builder/data/geometries/Nd/Nd_Z60_ox3_CN9_nlig3_nitrate_9843e72ac7d1.mol2,,-5609.12116354812,ok,built (standard attempt 1),accepted,CCCN(CCC)C(=O)COCC(=O)N(CCC)CCC,CCCN(CCC)C(=O)COCC(=O)N(CCC)CCC,False,True,True,9,O9,"62:O:2.30,9:O:2.35,115:O:2.46,120:O:2.48,14:O:2.53,67:O:2.59,11:O:2.66,117:O:2.70,64:O:2.73",2.7252285001705334,2.297781378139046,True,ok
ce16ce22e076,,59,Pr,3,CCCCCCCCC(C)(C)SCC1CN(C(=O)COCC(=O)N2CC(C)C(CSC(C)(C)CCCCCCCC)C2)CC1C,"[17, 19, 22]","[""O(amide_carbonyl)"", ""O(ether)"", ""O(amide_carbonyl)""]",3,9,3,water,water,0,/nfs/home/nshank3/lanthanide_dataset_builder/data/geometries/Pr/Pr_Z59_ox3_CN9_nlig3_water_ce16ce22e076.xyz,/nfs/home/nshank3/lanthanide_dataset_builder/data/geometries/Pr/Pr_Z59_ox3_CN9_nlig3_water_ce16ce22e076.mol2,,-11658.053930543369,ok,built (standard attempt 1),accepted,CCCCCCCCC(C)(C)SCC1CN(C(=O)COCC(=O)N2CC(C)C(CSC(C)(C)CCCCCCCC)C2)CC1C,CCCCCCCCC(C)(C)SCC1CN(C(=O)COCC(=O)N2CC(C)C(CSC(C)(C)CCCCCCCC)C2)CC1C,False,True,True,9,O9,"257:O:2.27,140:O:2.31,18:O:2.44,254:O:2.46,20:O:2.48,23:O:2.55,137:O:2.64,135:O:2.74,252:O:2.80",2.7956132015482575,2.2699385225536424,True,ok
fc17b4020e9e,,69,Tm,3,CCCCC(CC)CN(CC(CC)CCCC)C(=O)COCC(=O)N(CC(CC)CCCC)CC(CC)CCCC,"[18, 20, 23]","[""O(amide_carbonyl)"", ""O(ether)"", ""O(amide_carbonyl)""]",3,8,2,water,water,2,/nfs/home/nshank3/lanthanide_dataset_builder/data/geometries/Tm/Tm_Z69_ox3_CN8_nlig2_water_fc17b4020e9e.xyz,/nfs/home/nshank3/lanthanide_dataset_builder/data/geometries/Tm/Tm_Z69_ox3_CN8_nlig2_water_fc17b4020e9e.mol2,,-7456.85186614148,ok,built (standard attempt 1),accepted,CCCCC(CC)CN(CC(CC)CCCC)C(=O)COCC(=O)N(CC(CC)CCCC)CC(CC)CCCC,CCCCC(CC)CN(CC(CC)CCCC)C(=O)COCC(=O)N(CC(CC)CCCC)CC(CC)CCCC,False,True,True,8,O8,"24:O:2.23,137:O:2.29,132:O:2.32,19:O:2.37,21:O:2.45,230:O:2.48,134:O:2.52,227:O:2.61",2.606680481549303,2.2257924755780185,True,ok
801645556b15,,70,Yb,3,CCCCCCC(CCCC)CCCN(C)C(=O)COCC(=O)N(C)CCCC(CCCC)CCCCCC,"[17, 19, 22]","[""O(amide_carbonyl)"", ""O(ether)"", ""O(amide_carbonyl)""]",3,8,2,water,water,2,/nfs/home/nshank3/lanthanide_dataset_builder/data/geometries/Yb/Yb_Z70_ox3_CN8_nlig2_water_801645556b15.xyz,/nfs/home/nshank3/lanthanide_dataset_builder/data/geometries/Yb/Yb_Z70_ox3_CN8_nlig2_water_801645556b15.mol2,,-7112.3141289554815,ok,built (standard attempt 1),accepted,CCCCCCC(CCCC)CCCN(C)C(=O)COCC(=O)N(C)CCCC(CCCC)CCCCCC,CCCCCCC(CCCC)CCCN(C)C(=O)COCC(=O)N(C)CCCC(CCCC)CCCCCC,False,True,True,8,O8,"18:O:2.12,23:O:2.22,130:O:2.29,125:O:2.35,127:O:2.38,215:O:2.50,20:O:2.60,218:O:2.62",2.619898986877223,2.116100041093271,True,ok
842fa08145bb,,60,Nd,3,CCCCCCCCCCN(CCCCCCCCCC)C(=O)COCC(=O)N(CCCCCCCCCC)CCCCCCCCCC,"[22, 24, 27]","[""O(amide_carbonyl)"", ""O(ether)"", ""O(amide_carbonyl)""]",3,9,3,nitrate,nitrate,0,/nfs/home/nshank3/lanthanide_dataset_builder/data/geometries/Nd/Nd_Z60_ox3_CN9_nlig3_nitrate_842fa08145bb.xyz,/nfs/home/nshank3/lanthanide_dataset_builder/data/geometries/Nd/Nd_Z60_ox3_CN9_nlig3_nitrate_842fa08145bb.mol2,,-12840.865376508733,ok,built (large_ligand_fast attempt 1),accepted,CCCCCCCCCCN(CCCCCCCCCC)C(=O)COCC(=O)N(CCCCCCCCCC)CCCCCCCCCC,CCCCCCCCCCN(CCCCCCCCCC)C(=O)COCC(=O)N(CCCCCCCCCC)CCCCCCCCCC,False,True,True,9,O9,"302:O:2.17,28:O:2.36,165:O:2.38,23:O:2.43,299:O:2.50,297:O:2.55,25:O:2.57,162:O:2.61,160:O:3.02",3.02050577902578,2.172761166250712,True,ok
9bc1c5b0634b,,63,Eu,3,CCCCCCCCCCCCN(CCCCCCCCCCCC)C(=O)COCC(=O)N(CCCCCCCCCCCC)CCCCCCCCCCCC,"[26, 28, 31]","[""O(amide_carbonyl)"", ""O(ether)"", ""O(amide_carbonyl)""]",3,9,3,nitrate,nitrate,0,/nfs/home/nshank3/lanthanide_dataset_builder/data/geometries/Eu/Eu_Z63_ox3_CN9_nlig3_nitrate_9bc1c5b0634b.xyz,/nfs/home/nshank3/lanthanide_dataset_builder/data/geometries/Eu/Eu_Z63_ox3_CN9_nlig3_nitrate_9bc1c5b0634b.mol2,,-3541.682067736865,ok_simplified_ligand,original_ligtype_failed_simplified_success,accepted,CCCCCCCCCCCCN(CCCCCCCCCCCC)C(=O)COCC(=O)N(CCCCCCCCCCCC)CCCCCCCCCCCC,CN(C)C(=O)COCC(=O)N(C)C,True,True,True,9,O9,"39:O:2.26,5:O:2.28,10:O:2.34,34:O:2.35,63:O:2.40,68:O:2.43,36:O:2.52,7:O:2.63,65:O:2.82",2.824210063228122,2.2563492929449334,True,ok
f500c12758c4,,66,Dy,3,CCCCCCCCCCCCN(CCCCCCCCCCCC)C(=O)COCCOCC(=O)N(CCCCCCCCCCCC)CCCCCCCCCCCC,"[26, 28, 31, 34]","[""O(amide_carbonyl)"", ""O(ether)"", ""O(ether)"", ""O(amide_carbonyl)""]",4,8,2,nitrate,nitrate,0,/nfs/home/nshank3/lanthanide_dataset_builder/data/geometries/Dy/Dy_Z66_ox3_CN8_nlig2_nitrate_f500c12758c4.xyz,/nfs/home/nshank3/lanthanide_dataset_builder/data/geometries/Dy/Dy_Z66_ox3_CN8_nlig2_nitrate_f500c12758c4.mol2,,-2923.5089137688,ok_simplified_ligand,original_ligtype_failed_simplified_success,accepted,CCCCCCCCCCCCN(CCCCCCCCCCCC)C(=O)COCCOCC(=O)N(CCCCCCCCCCCC)CCCCCCCCCCCC,CN(C)C(=O)COCCOCC(=O)N(C)C,True,True,True,8,O8,"5:O:2.22,13:O:2.24,41:O:2.27,10:O:2.34,49:O:2.34,46:O:2.40,43:O:2.42,7:O:2.48",2.4805780827604402,2.2157658830052807,True,ok
e5884e16a6fa,,60,Nd,3,CCCCCCCCCCN(CCCCCCCCCC)C(=O)[C@H](CCC)O[C@H](CCC)C(=O)N(CCCCCCCCCC)CCCCCCCCCC,"[22, 27, 33]","[""O(amide_carbonyl)"", ""O(ether)"", ""O(amide_carbonyl)""]",3,9,3,nitrate,nitrate,0,/nfs/home/nshank3/lanthanide_dataset_builder/data/geometries/Nd/Nd_Z60_ox3_CN9_nlig3_nitrate_e5884e16a6fa.xyz,/nfs/home/nshank3/lanthanide_dataset_builder/data/geometries/Nd/Nd_Z60_ox3_CN9_nlig3_nitrate_e5884e16a6fa.mol2,,-14389.21770487769,ok,built (large_ligand_deep attempt 1),accepted,CCCCCCCCCCN(CCCCCCCCCC)C(=O)[C@H](CCC)O[C@H](CCC)C(=O)N(CCCCCCCCCC)CCCCCCCCCC,CCCCCCCCCCN(CCCCCCCCCC)C(=O)[C@H](CCC)O[C@H](CCC)C(=O)N(CCCCCCCCCC)CCCCCCCCCC,False,True,True,8,O8,"34:O:2.32,178:O:2.32,23:O:2.44,189:O:2.47,333:O:2.48,344:O:2.49,183:O:2.55,338:O:2.67",2.672885720563536,2.3203286903112437,False,ok
ecdd71aa88de,,63,Eu,3,CCCCCCCCOc1cc(C(=O)Nc2ccc(C(C)(C)C)cc2)nc(C(=O)Nc2ccc(C(C)(C)C)cc2)c1,"[8, 13, 25, 28]","[""O(ether)"", ""O(amide_carbonyl)"", ""N(aromatic)"", ""O(amide_carbonyl)""]",4,9,2,nitrate,nitrate,1,/nfs/home/nshank3/lanthanide_dataset_builder/data/geometries/Eu/Eu_Z63_ox3_CN9_nlig2_nitrate_ecdd71aa88de.xyz,/nfs/home/nshank3/lanthanide_dataset_builder/data/geometries/Eu/Eu_Z63_ox3_CN9_nlig2_nitrate_ecdd71aa88de.mol2,,-6664.446377182762,ok,built (standard attempt 3),accepted,CCCCCCCCOc1cc(C(=O)Nc2ccc(C(C)(C)C)cc2)nc(C(=O)Nc2ccc(C(C)(C)C)cc2)c1,CCCCCCCCOc1cc(C(=O)Nc2ccc(C(C)(C)C)cc2)nc(C(=O)Nc2ccc(C(C)(C)C)cc2)c1,False,True,True,7,"N2,O5","29:O:2.35,102:O:2.44,14:O:2.45,117:O:2.49,177:O:2.54,26:N:2.62,114:N:2.62",2.6236095983511807,2.3480136293512484,False,ok
fe5652c1478d,,63,Eu,3,c1ccc2c(c1)OCCOCCOc1ccccc1OCCOCCO2,"[6, 9, 12, 19, 22, 25]","[""O(ether)"", ""O(ether)"", ""O(ether)"", ""O(ether)"", ""O(ether)"", ""O(ether)""]",6,9,1,nitrate,nitrate,3,/nfs/home/nshank3/lanthanide_dataset_builder/data/geometries/Eu/Eu_Z63_ox3_CN9_nlig1_nitrate_fe5652c1478d.xyz,/nfs/home/nshank3/lanthanide_dataset_builder/data/geometries/Eu/Eu_Z63_ox3_CN9_nlig1_nitrate_fe5652c1478d.mol2,,-2721.849382408174,ok,built (large_ligand_deep attempt 3),accepted,c1ccc2c(c1)OCCOCCOc1ccccc1OCCOCCO2,c1ccc2c(c1)OCCOCCOc1ccccc1OCCOCCO2,False,True,True,10,"N1,O9","54:O:2.12,53:O:2.16,20:O:2.36,26:O:2.38,13:O:2.42,7:O:2.45,51:N:2.53,55:O:2.58,23:O:2.61,10:O:2.79",2.787841893327745,2.120988633142958,False,ok
b2e4636b1074,,67,Ho,3,CCCCCCCCN(CCCCCCCC)C(=O)c1ccc2ccc3ccc(C(=O)N(CCCCCCCC)CCCCCCCC)nc3c2n1,"[18, 30, 48, 51]","[""O(amide_carbonyl)"", ""O(amide_carbonyl)"", ""N(aromatic)"", ""N(aromatic)""]",4,8,2,nitrate,nitrate,0,/nfs/home/nshank3/lanthanide_dataset_builder/data/geometries/Ho/Ho_Z67_ox3_CN8_nlig2_nitrate_b2e4636b1074.xyz,/nfs/home/nshank3/lanthanide_dataset_builder/data/geometries/Ho/Ho_Z67_ox3_CN8_nlig2_nitrate_b2e4636b1074.mol2,,-8498.161069301712,ok,built (standard attempt 2),accepted,CCCCCCCCN(CCCCCCCC)C(=O)c1ccc2ccc3ccc(C(=O)N(CCCCCCCC)CCCCCCCC)nc3c2n1,CCCCCCCCN(CCCCCCCC)C(=O)c1ccc2ccc3ccc(C(=O)N(CCCCCCCC)CCCCCCCC)nc3c2n1,False,True,True,8,"N4,O4","145:O:2.20,19:O:2.22,157:O:2.55,52:N:2.57,178:N:2.64,175:N:2.82,49:N:2.82,31:O:2.91",2.9124671964750273,2.1972610678797757,True,ok
49191ed2a440,,66,Dy,3,CCCCCCCCN(CCCCCCCC)C(=O)c1ccc2ccc3ccc(C(=O)N(CCCCCCCC)CCCCCCCC)nc3c2n1,"[18, 30, 48, 51]","[""O(amide_carbonyl)"", ""O(amide_carbonyl)"", ""N(aromatic)"", ""N(aromatic)""]",4,8,2,water,water,0,/nfs/home/nshank3/lanthanide_dataset_builder/data/geometries/Dy/Dy_Z66_ox3_CN8_nlig2_water_49191ed2a440.xyz,/nfs/home/nshank3/lanthanide_dataset_builder/data/geometries/Dy/Dy_Z66_ox3_CN8_nlig2_water_49191ed2a440.mol2,,-8500.18567358661,ok,built (standard attempt 1),accepted,CCCCCCCCN(CCCCCCCC)C(=O)c1ccc2ccc3ccc(C(=O)N(CCCCCCCC)CCCCCCCC)nc3c2n1,CCCCCCCCN(CCCCCCCC)C(=O)c1ccc2ccc3ccc(C(=O)N(CCCCCCCC)CCCCCCCC)nc3c2n1,False,True,True,8,"N4,O4","157:O:2.16,19:O:2.21,145:O:2.23,31:O:2.30,178:N:2.38,175:N:2.38,52:N:2.40,49:N:2.41",2.4109926097882246,2.160668107108877,True,ok
feb7945ef3a0,,70,Yb,3,CCCCCCCCN(CCCCCCCC)C(=O)C(C)OC(C)C(=O)N(CCCCCCCC)CCCCCCCC,"[18, 21, 25]","[""O(amide_carbonyl)"", ""O(ether)"", ""O(amide_carbonyl)""]",3,8,2,nitrate,nitrate,2,/nfs/home/nshank3/lanthanide_dataset_builder/data/geometries/Yb/Yb_Z70_ox3_CN8_nlig2_nitrate_feb7945ef3a0.xyz,/nfs/home/nshank3/lanthanide_dataset_builder/data/geometries/Yb/Yb_Z70_ox3_CN8_nlig2_nitrate_feb7945ef3a0.mol2,,-7949.557055164632,ok,built (standard attempt 1),accepted,CCCCCCCCN(CCCCCCCC)C(=O)C(C)OC(C)C(=O)N(CCCCCCCC)CCCCCCCC,CCCCCCCCN(CCCCCCCC)C(=O)C(C)OC(C)C(=O)N(CCCCCCCC)CCCCCCCC,False,True,True,9,"N1,O8","241:O:2.13,242:O:2.14,145:O:2.17,26:O:2.18,138:O:2.33,19:O:2.36,239:N:2.50,22:O:2.59,141:O:2.60",2.6018858691919498,2.129451011321353,False,ok
5ab0d6f82e9f,,70,Yb,3,CN(C(=O)CC(=O)N(C)c1ccccc1)c1ccccc1,"[3, 6]","[""O(amide_carbonyl)"", ""O(amide_carbonyl)""]",2,8,4,nitrate,nitrate,0,/nfs/home/nshank3/lanthanide_dataset_builder/data/geometries/Yb/Yb_Z70_ox3_CN8_nlig4_nitrate_5ab0d6f82e9f.xyz,/nfs/home/nshank3/lanthanide_dataset_builder/data/geometries/Yb/Yb_Z70_ox3_CN8_nlig4_nitrate_5ab0d6f82e9f.mol2,,-6487.442071026447,ok,built (standard attempt 1),accepted,CN(C(=O)CC(=O)N(C)c1ccccc1)c1ccccc1,CN(C(=O)CC(=O)N(C)c1ccccc1)c1ccccc1,False,True,True,8,O8,"4:O:2.30,82:O:2.39,85:O:2.41,121:O:2.41,43:O:2.42,7:O:2.42,124:O:2.50,46:O:2.66",2.6576906981213515,2.298896785441366,True,ok
d7d9c9a71786,,59,Pr,3,CCN(C(=O)c1cccc(-c2cccc(C(=O)N(CC)c3ccccc3)n2)n1)c1ccccc1,"[4, 16, 26, 27]","[""O(amide_carbonyl)"", ""O(amide_carbonyl)"", ""N(aromatic)"", ""N(aromatic)""]",4,9,2,nitrate,nitrate,1,/nfs/home/nshank3/lanthanide_dataset_builder/data/geometries/Pr/Pr_Z59_ox3_CN9_nlig2_nitrate_d7d9c9a71786.xyz,/nfs/home/nshank3/lanthanide_dataset_builder/data/geometries/Pr/Pr_Z59_ox3_CN9_nlig2_nitrate_d7d9c9a71786.mol2,,-5204.528574966129,ok,built (standard attempt 1),accepted,CCN(C(=O)c1cccc(-c2cccc(C(=O)N(CC)c3ccccc3)n2)n1)c1ccccc1,CCN(C(=O)c1cccc(-c2cccc(C(=O)N(CC)c3ccccc3)n2)n1)c1ccccc1,False,True,True,9,"N4,O5","5:O:2.27,87:N:2.43,28:N:2.43,77:O:2.44,65:O:2.48,88:N:2.54,17:O:2.58,27:N:2.59,121:O:2.73",2.7275029796210277,2.2699304658175636,True,ok
05d35b9fbea8,,67,Ho,3,CCN(C(=O)c1cccc(-c2cccc(C(=O)N(CC)c3ccc(C)cc3C)n2)n1)c1ccc(C)cc1C,"[4, 16, 28, 29]","[""O(amide_carbonyl)"", ""O(amide_carbonyl)"", ""N(aromatic)"", ""N(aromatic)""]",4,8,2,nitrate,nitrate,0,/nfs/home/nshank3/lanthanide_dataset_builder/data/geometries/Ho/Ho_Z67_ox3_CN8_nlig2_nitrate_05d35b9fbea8.xyz,/nfs/home/nshank3/lanthanide_dataset_builder/data/geometries/Ho/Ho_Z67_ox3_CN8_nlig2_nitrate_05d35b9fbea8.mol2,,-5755.470660187385,ok,built (standard attempt 1),accepted,CCN(C(=O)c1cccc(-c2cccc(C(=O)N(CC)c3ccc(C)cc3C)n2)n1)c1ccc(C)cc1C,CCN(C(=O)c1cccc(-c2cccc(C(=O)N(CC)c3ccc(C)cc3C)n2)n1)c1ccc(C)cc1C,False,True,True,8,"N4,O4","5:O:2.17,77:O:2.17,17:O:2.30,89:O:2.35,102:N:2.47,30:N:2.47,29:N:2.54,101:N:2.59",2.590957538607145,2.167149948233569,True,ok
39307714ab2a,,68,Er,3,CCN(C(=O)c1cccc(-c2cccc(C(=O)N(CC)c3cc(C)ccc3C)n2)n1)c1cc(C)ccc1C,"[4, 16, 28, 29]","[""O(amide_carbonyl)"", ""O(amide_carbonyl)"", ""N(aromatic)"", ""N(aromatic)""]",4,8,2,nitrate,nitrate,0,/nfs/home/nshank3/lanthanide_dataset_builder/data/geometries/Er/Er_Z68_ox3_CN8_nlig2_nitrate_39307714ab2a.xyz,/nfs/home/nshank3/lanthanide_dataset_builder/data/geometries/Er/Er_Z68_ox3_CN8_nlig2_nitrate_39307714ab2a.mol2,,-5754.554876742879,ok,built (standard attempt 1),accepted,CCN(C(=O)c1cccc(-c2cccc(C(=O)N(CC)c3cc(C)ccc3C)n2)n1)c1cc(C)ccc1C,CCN(C(=O)c1cccc(-c2cccc(C(=O)N(CC)c3cc(C)ccc3C)n2)n1)c1cc(C)ccc1C,False,True,True,8,"N4,O4","89:O:2.18,17:O:2.24,29:N:2.29,101:N:2.31,5:O:2.42,30:N:2.45,77:O:2.49,102:N:2.53",2.5282973568456235,2.179415302374801,True,ok
9346b8592baf,,65,Tb,3,CCN(C(=O)c1cccc(-c2cccc(C(=O)N(CC)c3cc(C)ccc3C)n2)n1)c1cc(C)ccc1C,"[4, 16, 28, 29]","[""O(amide_carbonyl)"", ""O(amide_carbonyl)"", ""N(aromatic)"", ""N(aromatic)""]",4,8,2,nitrate,nitrate,0,/nfs/home/nshank3/lanthanide_dataset_builder/data/geometries/Tb/Tb_Z65_ox3_CN8_nlig2_nitrate_9346b8592baf.xyz,/nfs/home/nshank3/lanthanide_dataset_builder/data/geometries/Tb/Tb_Z65_ox3_CN8_nlig2_nitrate_9346b8592baf.mol2,,-5755.808439188777,ok,built (standard attempt 1),accepted,CCN(C(=O)c1cccc(-c2cccc(C(=O)N(CC)c3cc(C)ccc3C)n2)n1)c1cc(C)ccc1C,CCN(C(=O)c1cccc(-c2cccc(C(=O)N(CC)c3cc(C)ccc3C)n2)n1)c1cc(C)ccc1C,False,True,True,8,"N4,O4","17:O:2.25,77:O:2.27,89:O:2.28,102:N:2.39,29:N:2.40,101:N:2.43,5:O:2.47,30:N:2.51",2.5060872353846695,2.248044982148745,True,ok
41449be55884,,62,Sm,3,CCCCCCCCN(C(=O)c1ccc2ccc3cccnc3c2n1)c1ccc(C)cc1,"[10, 21, 24]","[""O(amide_carbonyl)"", ""N(aromatic)"", ""N(aromatic)""]",3,9,3,nitrate,nitrate,0,/nfs/home/nshank3/lanthanide_dataset_builder/data/geometries/Sm/Sm_Z62_ox3_CN9_nlig3_nitrate_41449be55884.xyz,/nfs/home/nshank3/lanthanide_dataset_builder/data/geometries/Sm/Sm_Z62_ox3_CN9_nlig3_nitrate_41449be55884.mol2,,-7239.986989992645,ok,built (standard attempt 1),accepted,CCCCCCCCN(C(=O)c1ccc2ccc3cccnc3c2n1)c1ccc(C)cc1,CCCCCCCCN(C(=O)c1ccc2ccc3cccnc3c2n1)c1ccc(C)cc1,False,True,True,9,"N6,O3","74:O:2.42,137:O:2.43,25:N:2.50,22:N:2.50,85:N:2.50,88:N:2.52,11:O:2.53,151:N:2.63,148:N:2.67",2.6678338660713212,2.417403764155469,True,ok
619f4e86023e,,59,Pr,3,CCc1ccc(N(CC)C(=O)c2ccc3ccc4ccc(C(=O)N(CC)c5ccc(CC)cc5)nc4c3n2)cc1,"[10, 22, 34, 37]","[""O(amide_carbonyl)"", ""O(amide_carbonyl)"", ""N(aromatic)"", ""N(aromatic)""]",4,9,2,nitrate,nitrate,1,/nfs/home/nshank3/lanthanide_dataset_builder/data/geometries/Pr/Pr_Z59_ox3_CN9_nlig2_nitrate_619f4e86023e.xyz,/nfs/home/nshank3/lanthanide_dataset_builder/data/geometries/Pr/Pr_Z59_ox3_CN9_nlig2_nitrate_619f4e86023e.mol2,,-6130.158437005927,ok,built (standard attempt 1),accepted,CCc1ccc(N(CC)C(=O)c2ccc3ccc4ccc(C(=O)N(CC)c5ccc(CC)cc5)nc4c3n2)cc1,CCc1ccc(N(CC)C(=O)c2ccc3ccc4ccc(C(=O)N(CC)c5ccc(CC)cc5)nc4c3n2)cc1,False,True,True,9,"N4,O5","23:O:2.24,97:O:2.30,109:N:2.43,35:N:2.44,85:O:2.45,112:N:2.46,11:O:2.48,38:N:2.48,149:O:2.92",2.9239336895192816,2.2355579343202185,True,ok
efcff4e23a7a,,64,Gd,3,CCc1ccc(N(CC)C(=O)c2ccc3ccc4ccc(C(=O)N(CC)c5ccc(CC)cc5)nc4c3n2)cc1,"[10, 22, 34, 37]","[""O(amide_carbonyl)"", ""O(amide_carbonyl)"", ""N(aromatic)"", ""N(aromatic)""]",4,9,2,nitrate,nitrate,1,/nfs/home/nshank3/lanthanide_dataset_builder/data/geometries/Gd/Gd_Z64_ox3_CN9_nlig2_nitrate_efcff4e23a7a.xyz,/nfs/home/nshank3/lanthanide_dataset_builder/data/geometries/Gd/Gd_Z64_ox3_CN9_nlig2_nitrate_efcff4e23a7a.mol2,,-6128.877525725875,ok,built (standard attempt 1),accepted,CCc1ccc(N(CC)C(=O)c2ccc3ccc4ccc(C(=O)N(CC)c5ccc(CC)cc5)nc4c3n2)cc1,CCc1ccc(N(CC)C(=O)c2ccc3ccc4ccc(C(=O)N(CC)c5ccc(CC)cc5)nc4c3n2)cc1,False,True,True,9,"N4,O5","97:O:2.27,11:O:2.28,23:O:2.29,109:N:2.32,38:N:2.33,85:O:2.38,112:N:2.38,35:N:2.41,149:O:2.91",2.9128076979060133,2.2741317513615957,True,ok
f495ab846c8b,,62,Sm,3,O=C(O)CN(CC(=O)O)C1CCCCC1N(CC(=O)O)CC(=O)O,"[0, 2, 4, 7, 8, 15, 18, 19]","[""O(ester_carbonyl)"", ""O(hydroxyl)"", ""N(amine)"", ""O(ester_carbonyl)"", ""O(hydroxyl)"", ""N(amine)"", ""O(ester_carbonyl)"", ""O(hydroxyl)""]",8,9,1,nitrate,nitrate,1,/nfs/home/nshank3/lanthanide_dataset_builder/data/geometries/Sm/Sm_Z62_ox3_CN9_nlig1_nitrate_f495ab846c8b.xyz,/nfs/home/nshank3/lanthanide_dataset_builder/data/geometries/Sm/Sm_Z62_ox3_CN9_nlig1_nitrate_f495ab846c8b.mol2,,-2299.838762087071,ok,built (standard attempt 1),accepted,O=C(O)CN(CC(=O)O)C1CCCCC1N(CC(=O)O)CC(=O)O,O=C(O)CN(CC(=O)O)C1CCCCC1N(CC(=O)O)CC(=O)O,False,True,True,7,"N2,O5","8:O:2.18,23:O:2.23,1:O:2.27,19:O:2.27,47:O:2.38,5:N:2.64,16:N:2.71",2.7103045529088035,2.1759998711228845,False,ok
099e39a31842,,70,Yb,3,CCN(C(=O)c1cccc(C(=O)N(CC)c2ccc(C)cc2)n1)c1ccc(C)cc1,"[4, 11, 22]","[""O(amide_carbonyl)"", ""O(amide_carbonyl)"", ""N(aromatic)""]",3,8,2,nitrate,nitrate,2,/nfs/home/nshank3/lanthanide_dataset_builder/data/geometries/Yb/Yb_Z70_ox3_CN8_nlig2_nitrate_099e39a31842.xyz,/nfs/home/nshank3/lanthanide_dataset_builder/data/geometries/Yb/Yb_Z70_ox3_CN8_nlig2_nitrate_099e39a31842.mol2,,-5008.1517553247295,ok,built (standard attempt 1),accepted,CCN(C(=O)c1cccc(C(=O)N(CC)c2ccc(C)cc2)n1)c1ccc(C)cc1,CCN(C(=O)c1cccc(C(=O)N(CC)c2ccc(C)cc2)n1)c1ccc(C)cc1,False,True,True,9,"N3,O6","118:O:2.09,117:O:2.10,62:O:2.13,69:O:2.15,5:O:2.22,12:O:2.30,80:N:2.35,23:N:2.42,115:N:2.45",2.4531939986993265,2.0886285203575796,False,ok
ea4d5ab02e38,,64,Gd,3,CCN(C(=O)c1cccc(C(=O)N(CC)c2ccccc2C)n1)c1ccccc1C,"[4, 11, 22]","[""O(amide_carbonyl)"", ""O(amide_carbonyl)"", ""N(aromatic)""]",3,9,3,nitrate,nitrate,0,/nfs/home/nshank3/lanthanide_dataset_builder/data/geometries/Gd/Gd_Z64_ox3_CN9_nlig3_nitrate_ea4d5ab02e38.xyz,/nfs/home/nshank3/lanthanide_dataset_builder/data/geometries/Gd/Gd_Z64_ox3_CN9_nlig3_nitrate_ea4d5ab02e38.mol2,,-6880.455064877954,ok,built (standard attempt 1),accepted,CCN(C(=O)c1cccc(C(=O)N(CC)c2ccccc2C)n1)c1ccccc1C,CCN(C(=O)c1cccc(C(=O)N(CC)c2ccccc2C)n1)c1ccccc1C,False,True,True,9,"N3,O6","12:O:2.17,62:O:2.18,5:O:2.22,119:O:2.25,69:O:2.26,126:O:2.40,23:N:2.47,80:N:2.53,137:N:2.54",2.5392198523848015,2.1735331225014702,True,ok
8668c435029f,,67,Ho,3,CCN(C(=O)c1cccc(C(=O)N(CC)c2cccc(C)c2)n1)c1cccc(C)c1,"[4, 11, 22]","[""O(amide_carbonyl)"", ""O(amide_carbonyl)"", ""N(aromatic)""]",3,8,2,nitrate,nitrate,2,/nfs/home/nshank3/lanthanide_dataset_builder/data/geometries/Ho/Ho_Z67_ox3_CN8_nlig2_nitrate_8668c435029f.xyz,/nfs/home/nshank3/lanthanide_dataset_builder/data/geometries/Ho/Ho_Z67_ox3_CN8_nlig2_nitrate_8668c435029f.mol2,,-5007.568537227307,ok,built (standard attempt 1),accepted,CCN(C(=O)c1cccc(C(=O)N(CC)c2cccc(C)c2)n1)c1cccc(C)c1,CCN(C(=O)c1cccc(C(=O)N(CC)c2cccc(C)c2)n1)c1cccc(C)c1,False,True,True,9,"N3,O6","62:O:2.11,117:O:2.13,5:O:2.14,69:O:2.15,118:O:2.22,80:N:2.38,12:O:2.40,115:N:2.49,23:N:2.54",2.543908463013435,2.1112237555134095,False,ok
362436cb1022,,64,Gd,3,CCCCCCc1ccc(N(CC)C(=O)c2cccc(-c3cccc(C(=O)N(CC)c4ccc(CCCCCC)cc4)n3)n2)cc1,"[14, 26, 42, 43]","[""O(amide_carbonyl)"", ""O(amide_carbonyl)"", ""N(aromatic)"", ""N(aromatic)""]",4,9,2,nitrate,nitrate,1,/nfs/home/nshank3/lanthanide_dataset_builder/data/geometries/Gd/Gd_Z64_ox3_CN9_nlig2_nitrate_362436cb1022.xyz,/nfs/home/nshank3/lanthanide_dataset_builder/data/geometries/Gd/Gd_Z64_ox3_CN9_nlig2_nitrate_362436cb1022.mol2,,-7271.654031709353,ok,built (standard attempt 1),accepted,CCCCCCc1ccc(N(CC)C(=O)c2cccc(-c3cccc(C(=O)N(CC)c4ccc(CCCCCC)cc4)n3)n2)cc1,CCCCCCc1ccc(N(CC)C(=O)c2cccc(-c3cccc(C(=O)N(CC)c4ccc(CCCCCC)cc4)n3)n2)cc1,False,True,True,9,"N4,O5","27:O:2.28,15:O:2.29,123:O:2.32,111:O:2.33,43:N:2.35,139:N:2.36,44:N:2.37,140:N:2.41,193:O:2.88",2.8829764969390426,2.278036097589626,True,ok
d0e83cebbf21,,63,Eu,3,CCCCCCCCN(C)C(=O)COCC(=O)N(C)CCCCCCCC,"[11, 13, 16]","[""O(amide_carbonyl)"", ""O(ether)"", ""O(amide_carbonyl)""]",3,9,3,nitrate,nitrate,0,/nfs/home/nshank3/lanthanide_dataset_builder/data/geometries/Eu/Eu_Z63_ox3_CN9_nlig3_nitrate_d0e83cebbf21.xyz,/nfs/home/nshank3/lanthanide_dataset_builder/data/geometries/Eu/Eu_Z63_ox3_CN9_nlig3_nitrate_d0e83cebbf21.mol2,,-7157.860171429375,ok,built (standard attempt 1),accepted,CCCCCCCCN(C)C(=O)COCC(=O)N(C)CCCCCCCC,CCCCCCCCN(C)C(=O)COCC(=O)N(C)CCCCCCCC,False,True,True,9,O9,"17:O:2.31,159:O:2.35,154:O:2.36,83:O:2.42,12:O:2.60,88:O:2.61,156:O:2.66,14:O:2.66,85:O:2.68",2.6821617583632045,2.3147771974757245,True,ok
565df3b892a1,,57,La,3,CCCCCCN(CCCCCC)C(=O)CC(=O)N(CCCCCC)CCCCCC,"[14, 17]","[""O(amide_carbonyl)"", ""O(amide_carbonyl)""]",2,9,4,nitrate,nitrate,1,/nfs/home/nshank3/lanthanide_dataset_builder/data/geometries/La/La_Z57_ox3_CN9_nlig4_nitrate_565df3b892a1.xyz,/nfs/home/nshank3/lanthanide_dataset_builder/data/geometries/La/La_Z57_ox3_CN9_nlig4_nitrate_565df3b892a1.mol2,,-10967.20862770261,ok,built (standard attempt 1),accepted,CCCCCCN(CCCCCC)C(=O)CC(=O)N(CCCCCC)CCCCCC,CCCCCCN(CCCCCC)C(=O)CC(=O)N(CCCCCC)CCCCCC,False,True,True,9,O9,"15:O:2.36,188:O:2.43,270:O:2.50,185:O:2.58,100:O:2.64,273:O:2.66,103:O:2.70,18:O:2.72,341:O:2.77",2.767707808065395,2.360568468104697,True,ok
9727f98dd0ad,,62,Sm,3,CCCCN(CCCC)C(=O)CC(=O)N(CCCC)CCCC,"[10, 13]","[""O(amide_carbonyl)"", ""O(amide_carbonyl)""]",2,9,4,nitrate,nitrate,1,/nfs/home/nshank3/lanthanide_dataset_builder/data/geometries/Sm/Sm_Z62_ox3_CN9_nlig4_nitrate_9727f98dd0ad.xyz,/nfs/home/nshank3/lanthanide_dataset_builder/data/geometries/Sm/Sm_Z62_ox3_CN9_nlig4_nitrate_9727f98dd0ad.mol2,,-8210.2547207376,ok,built (standard attempt 1),accepted,CCCCN(CCCC)C(=O)CC(=O)N(CCCC)CCCC,CCCCN(CCCC)C(=O)CC(=O)N(CCCC)CCCC,False,True,True,9,O9,"197:O:2.27,136:O:2.36,133:O:2.41,75:O:2.42,11:O:2.47,194:O:2.52,14:O:2.53,72:O:2.54,245:O:2.78",2.7831655868361147,2.270769005857583,True,ok
46b6a5023c7f,,62,Sm,3,CCCCCCN(C)C(=O)CC(=O)N(C)CCCCCC,"[9, 12]","[""O(amide_carbonyl)"", ""O(amide_carbonyl)""]",2,9,4,nitrate,nitrate,1,/nfs/home/nshank3/lanthanide_dataset_builder/data/geometries/Sm/Sm_Z62_ox3_CN9_nlig4_nitrate_46b6a5023c7f.xyz,/nfs/home/nshank3/lanthanide_dataset_builder/data/geometries/Sm/Sm_Z62_ox3_CN9_nlig4_nitrate_46b6a5023c7f.mol2,,-7520.562065097297,ok,built (standard attempt 1),accepted,CCCCCCN(C)C(=O)CC(=O)N(C)CCCCCC,CCCCCCN(C)C(=O)CC(=O)N(C)CCCCCC,False,True,True,9,O9,"120:O:2.27,175:O:2.32,10:O:2.34,178:O:2.43,68:O:2.45,13:O:2.52,123:O:2.58,221:O:2.62,65:O:2.66",2.659843156464585,2.274226586845808,True,ok
a79e7ea6e06f,,68,Er,3,CC1(C)CCC(C)(C)c2nc(-c3cccc(-c4cccc(-c5nnc6c(n5)C(C)(C)CCC6(C)C)n4)n3)nnc21,"[9, 22, 23, 26, 35, 36, 37, 38]","[""N(aromatic)"", ""N(aromatic)"", ""N(aromatic)"", ""N(aromatic)"", ""N(aromatic)"", ""N(aromatic)"", ""N(aromatic)"", ""N(aromatic)""]",8,8,1,nitrate,nitrate,0,/nfs/home/nshank3/lanthanide_dataset_builder/data/geometries/Er/Er_Z68_ox3_CN8_nlig1_nitrate_a79e7ea6e06f.xyz,/nfs/home/nshank3/lanthanide_dataset_builder/data/geometries/Er/Er_Z68_ox3_CN8_nlig1_nitrate_a79e7ea6e06f.mol2,,-3019.592630912167,ok,built (standard attempt 1),accepted,CC1(C)CCC(C)(C)c2nc(-c3cccc(-c4cccc(-c5nnc6c(n5)C(C)(C)CCC6(C)C)n4)n3)nnc21,CC1(C)CCC(C)(C)c2nc(-c3cccc(-c4cccc(-c5nnc6c(n5)C(C)(C)CCC6(C)C)n4)n3)nnc21,False,True,True,5,N5,"23:N:2.17,10:N:2.37,37:N:2.52,24:N:2.59,36:N:2.66",2.6597088760988776,2.165135581042806,False,ok
dcd4a91070b4,,67,Ho,3,CCCCCCCCP(=O)(CC(=O)N(CC(C)C)CC(C)C)c1ccccc1,"[9, 12]","[""O(ether)"", ""O(amide_carbonyl)""]",2,8,4,nitrate,nitrate,0,/nfs/home/nshank3/lanthanide_dataset_builder/data/geometries/Ho/Ho_Z67_ox3_CN8_nlig4_nitrate_dcd4a91070b4.xyz,/nfs/home/nshank3/lanthanide_dataset_builder/data/geometries/Ho/Ho_Z67_ox3_CN8_nlig4_nitrate_dcd4a91070b4.mol2,,-9415.549262838713,ok,built (standard attempt 1),accepted,CCCCCCCCP(=O)(CC(=O)N(CC(C)C)CC(C)C)c1ccccc1,CCCCCCCCP(=O)(CC(=O)N(CC(C)C)CC(C)C)c1ccccc1,False,True,True,6,O6,"223:O:2.18,220:O:2.28,80:O:2.29,10:O:2.37,153:O:2.49,83:O:2.52",2.5178198591746885,2.1821973470130356,False,ok
5fbd1c742eef,,69,Tm,3,CCCCCCN(CCC(C)CCC=C(C)C)C(=O)COCC(=O)N(CCCCCC)CCC(C)CCC=C(C)C,"[18, 20, 23]","[""O(amide_carbonyl)"", ""O(ether)"", ""O(amide_carbonyl)""]",3,8,2,water,water,2,/nfs/home/nshank3/lanthanide_dataset_builder/data/geometries/Tm/Tm_Z69_ox3_CN8_nlig2_water_5fbd1c742eef.xyz,/nfs/home/nshank3/lanthanide_dataset_builder/data/geometries/Tm/Tm_Z69_ox3_CN8_nlig2_water_5fbd1c742eef.mol2,,-7343.327634284342,ok,built (standard attempt 1),accepted,CCCCCCN(CCC(C)CCC=C(C)C)C(=O)COCC(=O)N(CCCCCC)CCC(C)CCC=C(C)C,CCCCCCN(CCC(C)CCC=C(C)C)C(=O)COCC(=O)N(CCCCCC)CCC(C)CCC=C(C)C,False,True,True,8,O8,"128:O:2.10,133:O:2.14,24:O:2.16,19:O:2.20,130:O:2.32,21:O:2.44,219:O:2.53,222:O:2.97",2.9735826161225996,2.097686439148462,True,ok
b43f7786b547,,60,Nd,3,CCCCCCCCCCCCN(CCCCCCCCCCCC)C(=O)COC1CCCN(CCCCCC)C1=O,"[26, 28, 41]","[""O(amide_carbonyl)"", ""O(ether)"", ""O(amide_carbonyl)""]",3,9,3,nitrate,nitrate,0,/nfs/home/nshank3/lanthanide_dataset_builder/data/geometries/Nd/Nd_Z60_ox3_CN9_nlig3_nitrate_b43f7786b547.xyz,/nfs/home/nshank3/lanthanide_dataset_builder/data/geometries/Nd/Nd_Z60_ox3_CN9_nlig3_nitrate_b43f7786b547.mol2,,-10950.545756869958,ok,built (standard attempt 1),accepted,CCCCCCCCCCCCN(CCCCCCCCCCCC)C(=O)COC1CCCN(CCCCCC)C1=O,CCCCCCCCCCCCN(CCCCCCCCCCCC)C(=O)COC1CCCN(CCCCCC)C1=O,False,True,True,8,O8,"156:O:2.18,27:O:2.21,141:O:2.22,255:O:2.37,270:O:2.49,143:O:2.72,29:O:2.84,257:O:2.88",2.8831423034606978,2.1835616841000465,False,ok
730ccd1931fb,,60,Nd,3,CCCCCCN(CCC(C)CCCC(C)C)C(=O)COCC(=O)N(CCCCCC)CCC(C)CCCC(C)C,"[18, 20, 23]","[""O(amide_carbonyl)"", ""O(ether)"", ""O(amide_carbonyl)""]",3,9,3,water,water,0,/nfs/home/nshank3/lanthanide_dataset_builder/data/geometries/Nd/Nd_Z60_ox3_CN9_nlig3_water_730ccd1931fb.xyz,/nfs/home/nshank3/lanthanide_dataset_builder/data/geometries/Nd/Nd_Z60_ox3_CN9_nlig3_water_730ccd1931fb.mol2,,-10773.926873809822,ok,built (standard attempt 1),accepted,CCCCCCN(CCC(C)CCCC(C)C)C(=O)COCC(=O)N(CCCCCC)CCC(C)CCCC(C)C,CCCCCCN(CCC(C)CCCC(C)C)C(=O)COCC(=O)N(CCCCCC)CCC(C)CCCC(C)C,False,True,True,9,O9,"132:O:2.24,24:O:2.28,245:O:2.29,19:O:2.42,247:O:2.47,250:O:2.61,21:O:2.81,134:O:2.88,137:O:2.93",2.9322610766473174,2.2391467730794683,True,ok
2fa73f2a7520,,68,Er,3,CCCCCCCCP(=O)(CCCCCCCC)Cc1cccc(CP(=O)(CCCCCCCC)CCCCCCCC)[n+]1[O-],"[9, 26, 44]","[""O(ether)"", ""O(ether)"", ""O(ether)""]",3,8,2,water,water,2,/nfs/home/nshank3/lanthanide_dataset_builder/data/geometries/Er/Er_Z68_ox3_CN8_nlig2_water_2fa73f2a7520.xyz,/nfs/home/nshank3/lanthanide_dataset_builder/data/geometries/Er/Er_Z68_ox3_CN8_nlig2_water_2fa73f2a7520.mol2,,-8009.455067016624,ok,built (standard attempt 1),accepted,CCCCCCCCP(=O)(CCCCCCCC)Cc1cccc(CP(=O)(CCCCCCCC)CCCCCCCC)[n+]1[O-],CCCCCCCCP(=O)(CCCCCCCC)Cc1cccc(CP(=O)(CCCCCCCC)CCCCCCCC)[n+]1[O-],False,True,True,8,O8,"27:O:2.24,147:O:2.25,165:O:2.35,244:O:2.40,10:O:2.41,45:O:2.41,241:O:2.55,130:O:2.70",2.704309883171021,2.2392585601065935,True,ok
e53e8fa1150f,,63,Eu,3,CCCCCCCCP(=O)(CCCCCCCC)Cc1cccc(CP(=O)(CCCCCCCC)CCCCCCCC)[n+]1[O-],"[9, 26, 44]","[""O(ether)"", ""O(ether)"", ""O(ether)""]",3,9,3,water,water,0,/nfs/home/nshank3/lanthanide_dataset_builder/data/geometries/Eu/Eu_Z63_ox3_CN9_nlig3_water_e53e8fa1150f.xyz,/nfs/home/nshank3/lanthanide_dataset_builder/data/geometries/Eu/Eu_Z63_ox3_CN9_nlig3_water_e53e8fa1150f.mol2,,-11600.93878510784,ok,built (standard attempt 1),accepted,CCCCCCCCP(=O)(CCCCCCCC)Cc1cccc(CP(=O)(CCCCCCCC)CCCCCCCC)[n+]1[O-],CCCCCCCCP(=O)(CCCCCCCC)Cc1cccc(CP(=O)(CCCCCCCC)CCCCCCCC)[n+]1[O-],False,True,True,8,O8,"285:O:2.30,165:O:2.31,45:O:2.36,147:O:2.47,27:O:2.52,267:O:2.54,250:O:2.71,130:O:2.89",2.890419194558339,2.296823453406375,False,ok
c833e23c281d,,58,Ce,3,CCCCC(CC)CN(CC(CC)CCCC)C(=O)COCC(=O)N(CC(CC)CCCC)CC(CC)CCCC,"[18, 20, 23]","[""O(amide_carbonyl)"", ""O(ether)"", ""O(amide_carbonyl)""]",3,9,3,nitrate,nitrate,0,/nfs/home/nshank3/lanthanide_dataset_builder/data/geometries/Ce/Ce_Z58_ox3_CN9_nlig3_nitrate_c833e23c281d.xyz,/nfs/home/nshank3/lanthanide_dataset_builder/data/geometries/Ce/Ce_Z58_ox3_CN9_nlig3_nitrate_c833e23c281d.mol2,,-10775.345191408744,ok,built (standard attempt 1),accepted,CCCCC(CC)CN(CC(CC)CCCC)C(=O)COCC(=O)N(CC(CC)CCCC)CC(CC)CCCC,CCCCC(CC)CN(CC(CC)CCCC)C(=O)COCC(=O)N(CC(CC)CCCC)CC(CC)CCCC,False,True,True,9,O9,"132:O:2.26,24:O:2.27,137:O:2.31,250:O:2.36,134:O:2.37,19:O:2.41,21:O:2.41,245:O:2.54,247:O:2.73",2.7341236290938666,2.2622007781561035,True,ok
baede0a95237,,60,Nd,3,CCCCCCCCCCN(CCCCCCCCCC)C(=O)COCC(=O)N(CCCCCC)CCCCCC,"[22, 24, 27]","[""O(amide_carbonyl)"", ""O(ether)"", ""O(amide_carbonyl)""]",3,9,3,water,water,0,/nfs/home/nshank3/lanthanide_dataset_builder/data/geometries/Nd/Nd_Z60_ox3_CN9_nlig3_water_baede0a95237.xyz,/nfs/home/nshank3/lanthanide_dataset_builder/data/geometries/Nd/Nd_Z60_ox3_CN9_nlig3_water_baede0a95237.mol2,,-10772.381058873612,ok,built (standard attempt 2),accepted,CCCCCCCCCCN(CCCCCCCCCC)C(=O)COCC(=O)N(CCCCCC)CCCCCC,CCCCCCCCCCN(CCCCCCCCCC)C(=O)COCC(=O)N(CCCCCC)CCCCCC,False,True,True,8,O8,"136:O:2.10,254:O:2.18,28:O:2.41,23:O:2.44,25:O:2.52,141:O:2.61,138:O:2.85,251:O:2.97",2.972081269198698,2.1003197317470654,False,ok
5cb8d5f242e0,,66,Dy,3,CCN(CC)C(=O)COCC(=O)N(CC)CC,"[6, 8, 11]","[""O(amide_carbonyl)"", ""O(ether)"", ""O(amide_carbonyl)""]",3,8,2,nitrate,nitrate,2,/nfs/home/nshank3/lanthanide_dataset_builder/data/geometries/Dy/Dy_Z66_ox3_CN8_nlig2_nitrate_5cb8d5f242e0.xyz,/nfs/home/nshank3/lanthanide_dataset_builder/data/geometries/Dy/Dy_Z66_ox3_CN8_nlig2_nitrate_5cb8d5f242e0.mol2,,-3471.9624273029312,ok,built (standard attempt 1),accepted,CCN(CC)C(=O)COCC(=O)N(CC)CC,CCN(CC)C(=O)COCC(=O)N(CC)CC,False,True,True,9,"N1,O8","86:O:2.13,48:O:2.14,12:O:2.15,85:O:2.18,53:O:2.31,9:O:2.40,83:N:2.52,7:O:2.54,50:O:2.62",2.6184051079066593,2.1264938832114066,False,ok
bf9e03e12455,,63,Eu,3,CCCCC(CC)CN(CC(CC)CCCC)C(=O)CN(CC(=O)N(CC(CC)CCCC)CC(CC)CCCC)CC(=O)N(CC(CC)CCCC)CC(CC)CCCC,"[18, 20, 23, 43]","[""O(amide_carbonyl)"", ""N(amine)"", ""O(amide_carbonyl)"", ""O(amide_carbonyl)""]",4,9,2,nitrate,nitrate,1,/nfs/home/nshank3/lanthanide_dataset_builder/data/geometries/Eu/Eu_Z63_ox3_CN9_nlig2_nitrate_bf9e03e12455.xyz,/nfs/home/nshank3/lanthanide_dataset_builder/data/geometries/Eu/Eu_Z63_ox3_CN9_nlig2_nitrate_bf9e03e12455.mol2,,-10739.85545362768,ok,built (standard attempt 1),accepted,CCCCC(CC)CN(CC(CC)CCCC)C(=O)CN(CC(=O)N(CC(CC)CCCC)CC(CC)CCCC)CC(=O)N(CC(CC)CCCC)CC(CC)CCCC,CCCCC(CC)CN(CC(CC)CCCC)C(=O)CN(CC(=O)N(CC(CC)CCCC)CC(CC)CCCC)CC(=O)N(CC(CC)CCCC)CC(CC)CCCC,False,True,True,8,"N1,O7","24:O:2.17,188:O:2.25,44:O:2.27,213:O:2.46,339:O:2.48,193:O:2.66,190:N:2.73,19:O:3.06",3.0551968886940433,2.1666169151800383,False,ok
76675dfa63d5,,65,Tb,3,CCCCCCCCN(CCCCCCCC)C(=O)COCCOCC(=O)N(CCCCCCCC)CCCCCCCC,"[18, 20, 23, 26]","[""O(amide_carbonyl)"", ""O(ether)"", ""O(ether)"", ""O(amide_carbonyl)""]",4,8,2,nitrate,nitrate,0,/nfs/home/nshank3/lanthanide_dataset_builder/data/geometries/Tb/Tb_Z65_ox3_CN8_nlig2_nitrate_76675dfa63d5.xyz,/nfs/home/nshank3/lanthanide_dataset_builder/data/geometries/Tb/Tb_Z65_ox3_CN8_nlig2_nitrate_76675dfa63d5.mol2,,-7745.70243284834,ok,built (standard attempt 1),accepted,CCCCCCCCN(CCCCCCCC)C(=O)COCCOCC(=O)N(CCCCCCCC)CCCCCCCC,CCCCCCCCN(CCCCCCCC)C(=O)COCCOCC(=O)N(CCCCCCCC)CCCCCCCC,False,True,True,8,O8,"147:O:2.11,27:O:2.20,139:O:2.50,19:O:2.55,24:O:2.58,144:O:2.59,21:O:2.71,141:O:2.75",2.7468514942923705,2.1074499155848794,True,ok
c845df018794,,58,Ce,3,CCCCCCCCN(CCCCCCCC)C(=O)[C@H](C)O[C@@H](CC)C(=O)N(CCCCCCCC)CCCCCCCC,"[18, 21, 26]","[""O(amide_carbonyl)"", ""O(ether)"", ""O(amide_carbonyl)""]",3,9,3,nitrate,nitrate,0,/nfs/home/nshank3/lanthanide_dataset_builder/data/geometries/Ce/Ce_Z58_ox3_CN9_nlig3_nitrate_c845df018794.xyz,/nfs/home/nshank3/lanthanide_dataset_builder/data/geometries/Ce/Ce_Z58_ox3_CN9_nlig3_nitrate_c845df018794.mol2,,-11550.697079641355,ok,built (standard attempt 1),accepted,CCCCCCCCN(CCCCCCCC)C(=O)[C@H](C)O[C@@H](CC)C(=O)N(CCCCCCCC)CCCCCCCC,CCCCCCCCN(CCCCCCCC)C(=O)[C@H](C)O[C@@H](CC)C(=O)N(CCCCCCCC)CCCCCCCC,False,True,True,9,O9,"27:O:2.22,271:O:2.26,141:O:2.27,19:O:2.29,149:O:2.35,263:O:2.39,144:O:2.53,266:O:2.54,22:O:2.56",2.5555117638069373,2.220193722197559,True,ok
a56492569304,,70,Yb,3,CC12CCC(c3nnc(-c4cccc(-c5nnc6c(n5)C5(C)CCC6C5(C)C)n4)nc31)C2(C)C,"[6, 7, 15, 16, 19, 28, 29]","[""N(aromatic)"", ""N(aromatic)"", ""N(aromatic)"", ""N(aromatic)"", ""N(aromatic)"", ""N(aromatic)"", ""N(aromatic)""]",7,8,1,nitrate,nitrate,1,/nfs/home/nshank3/lanthanide_dataset_builder/data/geometries/Yb/Yb_Z70_ox3_CN8_nlig1_nitrate_a56492569304.xyz,/nfs/home/nshank3/lanthanide_dataset_builder/data/geometries/Yb/Yb_Z70_ox3_CN8_nlig1_nitrate_a56492569304.mol2,,-2687.591521135668,ok,built (standard attempt 1),accepted,CC12CCC(c3nnc(-c4cccc(-c5nnc6c(n5)C5(C)CCC6C5(C)C)n4)nc31)C2(C)C,CC12CCC(c3nnc(-c4cccc(-c5nnc6c(n5)C5(C)CCC6C5(C)C)n4)nc31)C2(C)C,False,True,True,7,"N6,O1","8:N:2.20,29:N:2.26,7:N:2.35,16:N:2.39,66:O:2.53,17:N:2.56,20:N:2.69",2.688811518900007,2.2005777597663774,False,ok
1850c628e914,,69,Tm,3,O=C(c1cc(Cl)c2ccc3c(Cl)cc(C(=O)N4CCCC4)nc3c2n1)N1CCCC1,"[0, 15, 21, 24]","[""O(amide_carbonyl)"", ""O(amide_carbonyl)"", ""N(aromatic)"", ""N(aromatic)""]",4,8,2,nitrate,nitrate,0,/nfs/home/nshank3/lanthanide_dataset_builder/data/geometries/Tm/Tm_Z69_ox3_CN8_nlig2_nitrate_1850c628e914.xyz,/nfs/home/nshank3/lanthanide_dataset_builder/data/geometries/Tm/Tm_Z69_ox3_CN8_nlig2_nitrate_1850c628e914.mol2,,-4698.685042090072,ok,built (standard attempt 1),accepted,O=C(c1cc(Cl)c2ccc3c(Cl)cc(C(=O)N4CCCC4)nc3c2n1)N1CCCC1,O=C(c1cc(Cl)c2ccc3c(Cl)cc(C(=O)N4CCCC4)nc3c2n1)N1CCCC1,False,True,True,8,"N4,O4","1:O:2.10,66:O:2.11,16:O:2.12,51:O:2.19,72:N:2.43,22:N:2.44,25:N:2.45,75:N:2.47",2.4744774220159513,2.0994010707845305,True,ok
4b8ebeec8a69,,64,Gd,3,CC(C)CCCC(C)CCCCN(C)C(=O)COCC(=O)N(C)CCCCC(C)CCCC(C)C,"[15, 17, 20]","[""O(amide_carbonyl)"", ""O(ether)"", ""O(amide_carbonyl)""]",3,9,3,water,water,0,/nfs/home/nshank3/lanthanide_dataset_builder/data/geometries/Gd/Gd_Z64_ox3_CN9_nlig3_water_4b8ebeec8a69.xyz,/nfs/home/nshank3/lanthanide_dataset_builder/data/geometries/Gd/Gd_Z64_ox3_CN9_nlig3_water_4b8ebeec8a69.mol2,,-9223.911827398762,ok,built (standard attempt 1),accepted,CC(C)CCCC(C)CCCCN(C)C(=O)COCC(=O)N(C)CCCCC(C)CCCC(C)C,CC(C)CCCC(C)CCCCN(C)C(=O)COCC(=O)N(C)CCCCC(C)CCCC(C)C,False,True,True,9,O9,"116:O:2.15,211:O:2.28,206:O:2.37,113:O:2.44,111:O:2.46,21:O:2.50,208:O:2.53,16:O:2.55,18:O:2.58",2.576230846619971,2.149282077557753,True,ok
b9647f2772c3,,58,Ce,3,CCCCCCCCN(CC)C(=O)COCC(=O)N(CC)CCCCCCCC,"[12, 14, 17]","[""O(amide_carbonyl)"", ""O(ether)"", ""O(amide_carbonyl)""]",3,9,3,water,water,0,/nfs/home/nshank3/lanthanide_dataset_builder/data/geometries/Ce/Ce_Z58_ox3_CN9_nlig3_water_b9647f2772c3.xyz,/nfs/home/nshank3/lanthanide_dataset_builder/data/geometries/Ce/Ce_Z58_ox3_CN9_nlig3_water_b9647f2772c3.mol2,,-7675.79877334046,ok,built (standard attempt 1),accepted,CCCCCCCCN(CC)C(=O)COCC(=O)N(CC)CCCCCCCC,CCCCCCCCN(CC)C(=O)COCC(=O)N(CC)CCCCCCCC,False,True,True,9,O9,"18:O:2.26,172:O:2.29,90:O:2.32,92:O:2.62,169:O:2.64,13:O:2.73,15:O:2.79,167:O:2.83,95:O:2.85",2.8491154100919704,2.2568851447269607,True,ok
1e103e29e69e,,58,Ce,3,CCCCCCn1c(-c2ccccc2)c(-c2ccccc2)c2cc3ccc4cc5c(-c6ccccc6)c(-c6ccccc6)n(CCCCCC)c(=O)c5nc4c3nc2c1=O,"[6, 43, 51, 53, 56, 59]","[""N(aromatic)"", ""N(aromatic)"", ""O(amide_carbonyl)"", ""N(aromatic)"", ""N(aromatic)"", ""O(amide_carbonyl)""]",6,9,1,water,water,3,/nfs/home/nshank3/lanthanide_dataset_builder/data/geometries/Ce/Ce_Z58_ox3_CN9_nlig1_water_1e103e29e69e.xyz,/nfs/home/nshank3/lanthanide_dataset_builder/data/geometries/Ce/Ce_Z58_ox3_CN9_nlig1_water_1e103e29e69e.mol2,,-4793.240371660085,ok,built (standard attempt 1),accepted,CCCCCCn1c(-c2ccccc2)c(-c2ccccc2)c2cc3ccc4cc5c(-c6ccccc6)c(-c6ccccc6)n(CCCCCC)c(=O)c5nc4c3nc2c1=O,CCCCCCn1c(-c2ccccc2)c(-c2ccccc2)c2cc3ccc4cc5c(-c6ccccc6)c(-c6ccccc6)n(CCCCCC)c(=O)c5nc4c3nc2c1=O,False,True,True,7,"N2,O5","60:O:2.21,52:O:2.29,117:O:2.50,54:N:2.57,114:O:2.58,57:N:2.58,111:O:2.68",2.6751099129179177,2.208922071489275,False,ok
da839f1b8723,,69,Tm,3,CCCCCCCCN(CCCCCCCC)C(=O)[C@H](C)O[C@@H](C)C(=O)N(CCCCCCCC)CCCCCCCC,"[18, 21, 25]","[""O(amide_carbonyl)"", ""O(ether)"", ""O(amide_carbonyl)""]",3,8,2,nitrate,nitrate,2,/nfs/home/nshank3/lanthanide_dataset_builder/data/geometries/Tm/Tm_Z69_ox3_CN8_nlig2_nitrate_da839f1b8723.xyz,/nfs/home/nshank3/lanthanide_dataset_builder/data/geometries/Tm/Tm_Z69_ox3_CN8_nlig2_nitrate_da839f1b8723.mol2,,-7949.541443652538,ok,built (standard attempt 1),accepted,CCCCCCCCN(CCCCCCCC)C(=O)[C@H](C)O[C@@H](C)C(=O)N(CCCCCCCC)CCCCCCCC,CCCCCCCCN(CCCCCCCC)C(=O)[C@H](C)O[C@@H](C)C(=O)N(CCCCCCCC)CCCCCCCC,False,True,True,9,"N1,O8","241:O:2.06,242:O:2.11,138:O:2.18,19:O:2.21,26:O:2.42,145:O:2.43,239:N:2.44,22:O:2.67,141:O:2.71",2.7058765267259037,2.059426414014565,False,ok
b34391760a14,,66,Dy,3,CCCCN(CCCC)C(=O)COCC(=O)N(CCCC)CCCC,"[10, 12, 15]","[""O(amide_carbonyl)"", ""O(ether)"", ""O(amide_carbonyl)""]",3,8,2,water,water,2,/nfs/home/nshank3/lanthanide_dataset_builder/data/geometries/Dy/Dy_Z66_ox3_CN8_nlig2_water_b34391760a14.xyz,/nfs/home/nshank3/lanthanide_dataset_builder/data/geometries/Dy/Dy_Z66_ox3_CN8_nlig2_water_b34391760a14.mol2,,-4702.158441951866,ok,built (standard attempt 1),accepted,CCCCN(CCCC)C(=O)COCC(=O)N(CCCC)CCCC,CCCCN(CCCC)C(=O)COCC(=O)N(CCCC)CCCC,False,True,True,8,O8,"16:O:2.17,81:O:2.18,11:O:2.23,76:O:2.26,134:O:2.47,13:O:2.62,78:O:2.65,131:O:2.80",2.796351426632423,2.168764968504894,True,ok
5c220c9f12b3,,66,Dy,3,CCCCCCCCN(CCC(C)CC(C)(C)C)C(=O)COCC(=O)N(CCCCCCCC)CCC(C)CC(C)(C)C,"[19, 21, 24]","[""O(amide_carbonyl)"", ""O(ether)"", ""O(amide_carbonyl)""]",3,8,2,water,water,2,/nfs/home/nshank3/lanthanide_dataset_builder/data/geometries/Dy/Dy_Z66_ox3_CN8_nlig2_water_5c220c9f12b3.xyz,/nfs/home/nshank3/lanthanide_dataset_builder/data/geometries/Dy/Dy_Z66_ox3_CN8_nlig2_water_5c220c9f12b3.mol2,,-7802.089786396105,ok,built (standard attempt 1),accepted,CCCCCCCCN(CCC(C)CC(C)(C)C)C(=O)COCC(=O)N(CCCCCCCC)CCC(C)CC(C)(C)C,CCCCCCCCN(CCC(C)CC(C)(C)C)C(=O)COCC(=O)N(CCCCCCCC)CCC(C)CC(C)(C)C,False,True,True,8,O8,"20:O:2.29,139:O:2.35,25:O:2.38,144:O:2.43,242:O:2.55,22:O:2.63,141:O:2.66,239:O:2.89",2.8944859690818427,2.2912998531832103,True,ok
c3ea73c61984,,68,Er,3,CCCCCCCCN(CCCCCCCC)C(=O)[C@H](C)O[C@H](C)C(=O)N(CCCCCCCC)CCCCCCCC,"[18, 21, 25]","[""O(amide_carbonyl)"", ""O(ether)"", ""O(amide_carbonyl)""]",3,8,2,nitrate,nitrate,2,/nfs/home/nshank3/lanthanide_dataset_builder/data/geometries/Er/Er_Z68_ox3_CN8_nlig2_nitrate_c3ea73c61984.xyz,/nfs/home/nshank3/lanthanide_dataset_builder/data/geometries/Er/Er_Z68_ox3_CN8_nlig2_nitrate_c3ea73c61984.mol2,,-7949.998980749005,ok,built (standard attempt 1),accepted,CCCCCCCCN(CCCCCCCC)C(=O)[C@H](C)O[C@H](C)C(=O)N(CCCCCCCC)CCCCCCCC,CCCCCCCCN(CCCCCCCC)C(=O)[C@H](C)O[C@H](C)C(=O)N(CCCCCCCC)CCCCCCCC,False,True,True,9,"N1,O8","242:O:2.07,241:O:2.12,145:O:2.21,19:O:2.24,26:O:2.25,138:O:2.40,239:N:2.45,141:O:2.58,22:O:2.59",2.5884676355730463,2.0711621156484252,False,ok
c38dd131bf1c,,68,Er,3,CCCCCCCCN(CCC)C(=O)COCC(=O)N(CCC)CCCCCCCC,"[13, 15, 18]","[""O(amide_carbonyl)"", ""O(ether)"", ""O(amide_carbonyl)""]",3,8,2,water,water,2,/nfs/home/nshank3/lanthanide_dataset_builder/data/geometries/Er/Er_Z68_ox3_CN8_nlig2_water_c38dd131bf1c.xyz,/nfs/home/nshank3/lanthanide_dataset_builder/data/geometries/Er/Er_Z68_ox3_CN8_nlig2_water_c38dd131bf1c.mol2,,-5735.854551833209,ok,built (standard attempt 1),accepted,CCCCCCCCN(CCC)C(=O)COCC(=O)N(CCC)CCCCCCCC,CCCCCCCCN(CCC)C(=O)COCC(=O)N(CCC)CCCCCCCC,False,True,True,8,O8,"14:O:2.19,19:O:2.21,97:O:2.25,102:O:2.31,167:O:2.55,99:O:2.58,170:O:2.70,16:O:2.71",2.7107280596003203,2.1914850811689277,True,ok
de74e96ab1ac,,69,Tm,3,O=C(COCC(=O)N1CCCCC1)N1CCCCC1,"[0, 3, 6]","[""O(amide_carbonyl)"", ""O(ether)"", ""O(amide_carbonyl)""]",3,8,2,water,water,2,/nfs/home/nshank3/lanthanide_dataset_builder/data/geometries/Tm/Tm_Z69_ox3_CN8_nlig2_water_de74e96ab1ac.xyz,/nfs/home/nshank3/lanthanide_dataset_builder/data/geometries/Tm/Tm_Z69_ox3_CN8_nlig2_water_de74e96ab1ac.mol2,,-3558.5358840231875,ok,built (standard attempt 1),accepted,O=C(COCC(=O)N1CCCCC1)N1CCCCC1,O=C(COCC(=O)N1CCCCC1)N1CCCCC1,False,True,True,8,O8,"50:O:2.11,1:O:2.13,7:O:2.13,44:O:2.24,87:O:2.42,4:O:2.55,47:O:2.58,90:O:2.80",2.803734937470862,2.1123475578633424,True,ok
5e8a65472485,,59,Pr,3,CCCCCCCCCCCCN(CCCC)C(=O)COCC(=O)N(CCCC)CCCCCCCCCCCC,"[18, 20, 23]","[""O(amide_carbonyl)"", ""O(ether)"", ""O(amide_carbonyl)""]",3,9,3,water,water,0,/nfs/home/nshank3/lanthanide_dataset_builder/data/geometries/Pr/Pr_Z59_ox3_CN9_nlig3_water_5e8a65472485.xyz,/nfs/home/nshank3/lanthanide_dataset_builder/data/geometries/Pr/Pr_Z59_ox3_CN9_nlig3_water_5e8a65472485.mol2,,-10774.725321548323,ok,built (standard attempt 1),accepted,CCCCCCCCCCCCN(CCCC)C(=O)COCC(=O)N(CCCC)CCCCCCCCCCCC,CCCCCCCCCCCCN(CCCC)C(=O)COCC(=O)N(CCCC)CCCCCCCCCCCC,False,True,True,9,O9,"137:O:2.24,24:O:2.30,19:O:2.35,250:O:2.35,245:O:2.42,132:O:2.46,134:O:2.54,21:O:2.58,247:O:2.82",2.823030630483484,2.242103111833052,True,ok
8fc663eda6f3,,64,Gd,3,CCCCCc1nnc(-c2cccc(-c3cccc(-c4nnc(CCCCC)c(CCCCC)n4)n3)n2)nc1CCCCC,"[6, 7, 20, 21, 34, 35, 36, 37]","[""N(aromatic)"", ""N(aromatic)"", ""N(aromatic)"", ""N(aromatic)"", ""N(aromatic)"", ""N(aromatic)"", ""N(aromatic)"", ""N(aromatic)""]",8,9,1,nitrate,nitrate,1,/nfs/home/nshank3/lanthanide_dataset_builder/data/geometries/Gd/Gd_Z64_ox3_CN9_nlig1_nitrate_8fc663eda6f3.xyz,/nfs/home/nshank3/lanthanide_dataset_builder/data/geometries/Gd/Gd_Z64_ox3_CN9_nlig1_nitrate_8fc663eda6f3.mol2,,-3559.6009204804245,ok,built (standard attempt 1),accepted,CCCCCc1nnc(-c2cccc(-c3cccc(-c4nnc(CCCCC)c(CCCCC)n4)n3)n2)nc1CCCCC,CCCCCc1nnc(-c2cccc(-c3cccc(-c4nnc(CCCCC)c(CCCCC)n4)n3)n2)nc1CCCCC,False,True,True,8,"N7,O1","8:N:2.19,36:N:2.35,22:N:2.36,21:N:2.45,37:N:2.53,7:N:2.54,95:O:2.59,35:N:2.72",2.715222754404314,2.1915969662251427,False,ok
4f3be724a7f9,,59,Pr,3,CCCc1nnc(-c2cccc(-c3nnc(CCC)c(CCC)n3)n2)nc1CCC,"[4, 5, 13, 14, 23, 24, 25]","[""N(aromatic)"", ""N(aromatic)"", ""N(aromatic)"", ""N(aromatic)"", ""N(aromatic)"", ""N(aromatic)"", ""N(aromatic)""]",7,9,1,nitrate,nitrate,2,/nfs/home/nshank3/lanthanide_dataset_builder/data/geometries/Pr/Pr_Z59_ox3_CN9_nlig1_nitrate_4f3be724a7f9.xyz,/nfs/home/nshank3/lanthanide_dataset_builder/data/geometries/Pr/Pr_Z59_ox3_CN9_nlig1_nitrate_4f3be724a7f9.mol2,,-2745.543914731302,ok,built (standard attempt 1),accepted,CCCc1nnc(-c2cccc(-c3nnc(CCC)c(CCC)n3)n2)nc1CCC,CCCc1nnc(-c2cccc(-c3nnc(CCC)c(CCC)n3)n2)nc1CCC,False,True,True,8,"N6,O2","64:O:2.08,65:O:2.15,62:N:2.31,5:N:2.32,14:N:2.35,15:N:2.36,6:N:2.50,25:N:2.55",2.547782921232286,2.076200994346718,False,ok
89a0bef80c28,,63,Eu,3,CCCCCCCCN(CCCCCCCC)C(=O)COCC(=O)N1CCCC1,"[18, 20, 23]","[""O(amide_carbonyl)"", ""O(ether)"", ""O(amide_carbonyl)""]",3,9,3,water,water,0,/nfs/home/nshank3/lanthanide_dataset_builder/data/geometries/Eu/Eu_Z63_ox3_CN9_nlig3_water_89a0bef80c28.xyz,/nfs/home/nshank3/lanthanide_dataset_builder/data/geometries/Eu/Eu_Z63_ox3_CN9_nlig3_water_89a0bef80c28.mol2,,-7591.952098861429,ok,built (standard attempt 1),accepted,CCCCCCCCN(CCCCCCCC)C(=O)COCC(=O)N1CCCC1,CCCCCCCCN(CCCCCCCC)C(=O)COCC(=O)N1CCCC1,False,True,True,9,O9,"94:O:2.08,24:O:2.11,99:O:2.20,96:O:2.26,174:O:2.34,169:O:2.49,19:O:2.78,171:O:2.80,21:O:3.12",3.1232870282265783,2.081298628740075,True,ok
b2eb8a1e67a0,,63,Eu,3,CCCCCCCCC(C)(C)SCC1CN(C(=O)COCC(=O)N2CC(C)C(CSC(C)(C)CCCCCCCC)C2)CC1C,"[17, 19, 22]","[""O(amide_carbonyl)"", ""O(ether)"", ""O(amide_carbonyl)""]",3,9,3,water,water,0,/nfs/home/nshank3/lanthanide_dataset_builder/data/geometries/Eu/Eu_Z63_ox3_CN9_nlig3_water_b2eb8a1e67a0.xyz,/nfs/home/nshank3/lanthanide_dataset_builder/data/geometries/Eu/Eu_Z63_ox3_CN9_nlig3_water_b2eb8a1e67a0.mol2,,-11656.874834347,ok,built (standard attempt 1),accepted,CCCCCCCCC(C)(C)SCC1CN(C(=O)COCC(=O)N2CC(C)C(CSC(C)(C)CCCCCCCC)C2)CC1C,CCCCCCCCC(C)(C)SCC1CN(C(=O)COCC(=O)N2CC(C)C(CSC(C)(C)CCCCCCCC)C2)CC1C,False,True,True,9,O9,"252:O:2.32,135:O:2.37,257:O:2.37,23:O:2.43,140:O:2.44,18:O:2.47,20:O:2.64,254:O:2.75,137:O:2.85",2.8486124220226774,2.3227956973689903,True,ok
f6f2a2b1f613,,63,Eu,3,CC(C)CCN(CCC(C)C)C(=O)COCC(=O)NCc1cccc(CNC(=O)COCC(=O)N(CCC(C)C)CCC(C)C)c1,"[12, 14, 17]","[""O(amide_carbonyl)"", ""O(ether)"", ""O(amide_carbonyl)""]",3,9,3,nitrate,nitrate,0,/nfs/home/nshank3/lanthanide_dataset_builder/data/geometries/Eu/Eu_Z63_ox3_CN9_nlig3_nitrate_f6f2a2b1f613.xyz,/nfs/home/nshank3/lanthanide_dataset_builder/data/geometries/Eu/Eu_Z63_ox3_CN9_nlig3_nitrate_f6f2a2b1f613.mol2,,-11830.588150383126,ok,built (standard attempt 1),accepted,CC(C)CCN(CCC(C)C)C(=O)COCC(=O)NCc1cccc(CNC(=O)COCC(=O)N(CCC(C)C)CCC(C)C)c1,CC(C)CCN(CCC(C)C)C(=O)COCC(=O)NCc1cccc(CNC(=O)COCC(=O)N(CCC(C)C)CCC(C)C)c1,False,True,True,9,O9,"229:O:2.32,18:O:2.43,121:O:2.43,250:O:2.61,126:O:2.62,13:O:2.68,123:O:2.74,231:O:2.84,234:O:2.87",2.874855026698364,2.319986591148405,True,ok
2061d93f0660,,63,Eu,3,CCCCCCCCN(CCCCCCCC)C(=O)CNCC(=O)N(CCCCCCCC)CCCCCCCC,"[18, 20, 23]","[""O(amide_carbonyl)"", ""N(amine)"", ""O(amide_carbonyl)""]",3,9,3,water,water,0,/nfs/home/nshank3/lanthanide_dataset_builder/data/geometries/Eu/Eu_Z63_ox3_CN9_nlig3_water_2061d93f0660.xyz,/nfs/home/nshank3/lanthanide_dataset_builder/data/geometries/Eu/Eu_Z63_ox3_CN9_nlig3_water_2061d93f0660.mol2,,-10724.752291338384,ok,built (standard attempt 1),accepted,CCCCCCCCN(CCCCCCCC)C(=O)CNCC(=O)N(CCCCCCCC)CCCCCCCC,CCCCCCCCN(CCCCCCCC)C(=O)CNCC(=O)N(CCCCCCCC)CCCCCCCC,False,True,True,9,"N3,O6","138:O:2.29,252:O:2.34,24:O:2.43,19:O:2.54,247:O:2.54,133:O:2.58,21:N:2.78,249:N:2.91,135:N:2.91",2.909042191339641,2.287287234101653,True,ok
3522f6225878,,63,Eu,3,CCCCCCCCCCCCNCC(=O)c1cccc(C(=O)CNCCCCCCCCCCCC)n1,"[12, 15, 22, 24, 37]","[""N(amine)"", ""O(carbonyl)"", ""O(carbonyl)"", ""N(amine)"", ""N(aromatic)""]",5,9,1,nitrate,nitrate,4,/nfs/home/nshank3/lanthanide_dataset_builder/data/geometries/Eu/Eu_Z63_ox3_CN9_nlig1_nitrate_3522f6225878.xyz,/nfs/home/nshank3/lanthanide_dataset_builder/data/geometries/Eu/Eu_Z63_ox3_CN9_nlig1_nitrate_3522f6225878.mol2,,-4045.527524200212,ok,built (standard attempt 1),accepted,CCCCCCCCCCCCNCC(=O)c1cccc(C(=O)CNCCCCCCCCCCCC)n1,CCCCCCCCCCCCNCC(=O)c1cccc(C(=O)CNCCCCCCCCCCCC)n1,False,True,True,10,"N5,O5","104:O:2.06,100:O:2.08,105:O:2.10,101:O:2.16,102:N:2.42,98:N:2.43,38:N:2.56,13:N:2.71,16:O:2.77,25:N:2.99",2.9857260110092088,2.058753522178573,False,ok
23a2b97a5a9a,,63,Eu,3,CCOP(=S)(COCP(=S)(OCC)OCC)OCC,"[2, 4, 6, 9, 10, 13, 16]","[""O(ether)"", ""S(donor)"", ""O(ether)"", ""S(donor)"", ""O(ether)"", ""O(ether)"", ""O(ether)""]",7,9,1,water,water,2,/nfs/home/nshank3/lanthanide_dataset_builder/data/geometries/Eu/Eu_Z63_ox3_CN9_nlig1_water_23a2b97a5a9a.xyz,/nfs/home/nshank3/lanthanide_dataset_builder/data/geometries/Eu/Eu_Z63_ox3_CN9_nlig1_water_23a2b97a5a9a.mol2,,-2058.520964343987,ok,built (standard attempt 1),accepted,CCOP(=S)(COCP(=S)(OCC)OCC)OCC,CCOP(=S)(COCP(=S)(OCC)OCC)OCC,False,True,True,11,"O7,P2,S2","11:O:2.34,3:O:2.40,47:O:2.47,17:O:2.50,44:O:2.52,14:O:2.56,5:S:2.81,10:S:2.83,7:O:2.93,4:P:3.00,9:P:3.01",3.0148058668944575,2.3444596231221047,False,ok
8f2b8f746d4d,,63,Eu,3,CCCCCCCCN(CCCCCCCC)C(=O)CNCP(=O)(CCCC)CCCC,"[18, 20, 23]","[""O(amide_carbonyl)"", ""N(amine)"", ""O(ether)""]",3,9,3,water,water,0,/nfs/home/nshank3/lanthanide_dataset_builder/data/geometries/Eu/Eu_Z63_ox3_CN9_nlig3_water_8f2b8f746d4d.xyz,/nfs/home/nshank3/lanthanide_dataset_builder/data/geometries/Eu/Eu_Z63_ox3_CN9_nlig3_water_8f2b8f746d4d.mol2,,-8450.569001562595,ok,built (standard attempt 1),accepted,CCCCCCCCN(CCCCCCCC)C(=O)CNCP(=O)(CCCC)CCCC,CCCCCCCCN(CCCCCCCC)C(=O)CNCP(=O)(CCCC)CCCC,False,True,True,8,"N2,O6","24:O:2.24,197:O:2.27,202:O:2.47,113:O:2.61,199:N:2.66,21:N:2.72,19:O:2.85,108:O:2.98",2.9799618332991167,2.2400737201938132,False,ok
a6c0fadcfd26,,63,Eu,3,C1CCC2OCCOCCOC3CCCCC3OCCOCCOC2C1,"[4, 7, 10, 17, 20, 23]","[""O(ether)"", ""O(ether)"", ""O(ether)"", ""O(ether)"", ""O(ether)"", ""O(ether)""]",6,9,1,nitrate,nitrate,3,/nfs/home/nshank3/lanthanide_dataset_builder/data/geometries/Eu/Eu_Z63_ox3_CN9_nlig1_nitrate_a6c0fadcfd26.xyz,/nfs/home/nshank3/lanthanide_dataset_builder/data/geometries/Eu/Eu_Z63_ox3_CN9_nlig1_nitrate_a6c0fadcfd26.mol2,,-2889.7179109686413,ok,built (standard attempt 1),accepted,C1CCC2OCCOCCOC3CCCCC3OCCOCCOC2C1,C1CCC2OCCOCCOC3CCCCC3OCCOCCOC2C1,False,True,True,10,"N1,O9","66:O:2.12,65:O:2.17,8:O:2.35,24:O:2.42,5:O:2.43,11:O:2.46,63:N:2.54,21:O:2.58,67:O:2.58,18:O:2.80",2.7983634519956135,2.124071138753033,False,ok
fb5eeebd7f29,,64,Gd,3,CCCCCCCCN(CCC)C(=O)COCC(=O)N(CCC)CCCCCCCC,"[13, 15, 18]","[""O(amide_carbonyl)"", ""O(ether)"", ""O(amide_carbonyl)""]",3,9,3,water,water,0,/nfs/home/nshank3/lanthanide_dataset_builder/data/geometries/Gd/Gd_Z64_ox3_CN9_nlig3_water_fb5eeebd7f29.xyz,/nfs/home/nshank3/lanthanide_dataset_builder/data/geometries/Gd/Gd_Z64_ox3_CN9_nlig3_water_fb5eeebd7f29.mol2,,-8191.757916231777,ok,built (standard attempt 1),accepted,CCCCCCCCN(CCC)C(=O)COCC(=O)N(CCC)CCCCCCCC,CCCCCCCCN(CCC)C(=O)COCC(=O)N(CCC)CCCCCCCC,False,True,True,9,O9,"102:O:2.21,180:O:2.22,19:O:2.26,14:O:2.36,97:O:2.54,99:O:2.55,185:O:2.76,182:O:2.81,16:O:3.00",2.9999957248608284,2.211621107737063,True,ok
54fb82f0d444,,67,Ho,3,CCCCCCC(CCCC)CCCN(C)C(=O)COCC(=O)N(C)CCCC(CCCC)CCCCCC,"[17, 19, 22]","[""O(amide_carbonyl)"", ""O(ether)"", ""O(amide_carbonyl)""]",3,8,2,water,water,2,/nfs/home/nshank3/lanthanide_dataset_builder/data/geometries/Ho/Ho_Z67_ox3_CN8_nlig2_water_54fb82f0d444.xyz,/nfs/home/nshank3/lanthanide_dataset_builder/data/geometries/Ho/Ho_Z67_ox3_CN8_nlig2_water_54fb82f0d444.mol2,,-7111.292557153662,ok,built (standard attempt 1),accepted,CCCCCCC(CCCC)CCCN(C)C(=O)COCC(=O)N(C)CCCC(CCCC)CCCCCC,CCCCCCC(CCCC)CCCN(C)C(=O)COCC(=O)N(C)CCCC(CCCC)CCCCCC,False,True,True,8,O8,"130:O:2.13,23:O:2.13,127:O:2.18,125:O:2.29,20:O:2.33,18:O:2.45,215:O:2.60,218:O:2.79",2.791609499240667,2.125088737337049,True,ok
252cfb0c7415,,57,La,3,CCCCCCCCN(CCCCCCCC)C(=O)[C@H](C)O[C@H](C)C(=O)N(CCCCCCCC)CCCCCCCC,"[18, 21, 25]","[""O(amide_carbonyl)"", ""O(ether)"", ""O(amide_carbonyl)""]",3,9,3,nitrate,nitrate,0,/nfs/home/nshank3/lanthanide_dataset_builder/data/geometries/La/La_Z57_ox3_CN9_nlig3_nitrate_252cfb0c7415.xyz,/nfs/home/nshank3/lanthanide_dataset_builder/data/geometries/La/La_Z57_ox3_CN9_nlig3_nitrate_252cfb0c7415.mol2,,-11294.771312074618,ok,built (standard attempt 1),accepted,CCCCCCCCN(CCCCCCCC)C(=O)[C@H](C)O[C@H](C)C(=O)N(CCCCCCCC)CCCCCCCC,CCCCCCCCN(CCCCCCCC)C(=O)[C@H](C)O[C@H](C)C(=O)N(CCCCCCCC)CCCCCCCC,False,True,True,9,O9,"264:O:2.39,26:O:2.42,145:O:2.45,260:O:2.50,19:O:2.59,141:O:2.71,22:O:2.73,257:O:2.82,138:O:2.91",2.913524792333403,2.3913191895893764,True,ok
3e0312555ae1,,57,La,3,CCCCCCCCN(CCCCC(C)CCCC(C)C)C(=O)COCC(=O)N(CCCCCCCC)CCCCC(C)CCCC(C)C,"[22, 24, 27]","[""O(amide_carbonyl)"", ""O(ether)"", ""O(amide_carbonyl)""]",3,9,3,water,water,0,/nfs/home/nshank3/lanthanide_dataset_builder/data/geometries/La/La_Z57_ox3_CN9_nlig3_water_3e0312555ae1.xyz,/nfs/home/nshank3/lanthanide_dataset_builder/data/geometries/La/La_Z57_ox3_CN9_nlig3_water_3e0312555ae1.mol2,,-12842.987662117948,ok,built (standard attempt 1),accepted,CCCCCCCCN(CCCCC(C)CCCC(C)C)C(=O)COCC(=O)N(CCCCCCCC)CCCCC(C)CCCC(C)C,CCCCCCCCN(CCCCC(C)CCCC(C)C)C(=O)COCC(=O)N(CCCCCCCC)CCCCC(C)CCCC(C)C,False,True,True,9,O9,"23:O:2.24,302:O:2.24,28:O:2.29,165:O:2.34,160:O:2.37,25:O:2.54,299:O:2.58,297:O:2.62,162:O:2.72",2.7238949920794635,2.239907098123493,True,ok
2db135aa133a,,70,Yb,3,CCCCN(CCCC)C(=O)COCC(=O)N(CCCC)CCCC,"[10, 12, 15]","[""O(amide_carbonyl)"", ""O(ether)"", ""O(amide_carbonyl)""]",3,8,2,water,water,2,/nfs/home/nshank3/lanthanide_dataset_builder/data/geometries/Yb/Yb_Z70_ox3_CN8_nlig2_water_2db135aa133a.xyz,/nfs/home/nshank3/lanthanide_dataset_builder/data/geometries/Yb/Yb_Z70_ox3_CN8_nlig2_water_2db135aa133a.mol2,,-4701.967257379685,ok,built (standard attempt 1),accepted,CCCCN(CCCC)C(=O)COCC(=O)N(CCCC)CCCC,CCCCN(CCCC)C(=O)COCC(=O)N(CCCC)CCCC,False,True,True,8,O8,"16:O:2.12,11:O:2.13,81:O:2.15,76:O:2.16,134:O:2.45,13:O:2.56,78:O:2.64,131:O:2.77",2.765115371958703,2.1170295625437974,True,ok
686dc5817a7b,,71,Lu,3,CCCCC(CC)CN(CC(CC)CCCC)C(=O)COCC(=O)N(CC(CC)CCCC)CC(CC)CCCC,"[18, 20, 23]","[""O(amide_carbonyl)"", ""O(ether)"", ""O(amide_carbonyl)""]",3,8,2,water,water,2,/nfs/home/nshank3/lanthanide_dataset_builder/data/geometries/Lu/Lu_Z71_ox3_CN8_nlig2_water_686dc5817a7b.xyz,/nfs/home/nshank3/lanthanide_dataset_builder/data/geometries/Lu/Lu_Z71_ox3_CN8_nlig2_water_686dc5817a7b.mol2,,-7456.559514622746,ok,built (standard attempt 1),accepted,CCCCC(CC)CN(CC(CC)CCCC)C(=O)COCC(=O)N(CC(CC)CCCC)CC(CC)CCCC,CCCCC(CC)CN(CC(CC)CCCC)C(=O)COCC(=O)N(CC(CC)CCCC)CC(CC)CCCC,False,True,True,8,O8,"24:O:2.11,132:O:2.16,137:O:2.16,19:O:2.32,230:O:2.43,21:O:2.49,227:O:2.53,134:O:2.56",2.5600203394354346,2.111125332298027,True,ok
03005868e3be,,59,Pr,3,CN(C(=O)COCC(=O)N(C)c1ccccc1)c1ccccc1,"[3, 5, 8]","[""O(amide_carbonyl)"", ""O(ether)"", ""O(amide_carbonyl)""]",3,9,3,nitrate,nitrate,0,/nfs/home/nshank3/lanthanide_dataset_builder/data/geometries/Pr/Pr_Z59_ox3_CN9_nlig3_nitrate_03005868e3be.xyz,/nfs/home/nshank3/lanthanide_dataset_builder/data/geometries/Pr/Pr_Z59_ox3_CN9_nlig3_nitrate_03005868e3be.mol2,,-5455.716001833044,ok,built (standard attempt 1),accepted,CN(C(=O)COCC(=O)N(C)c1ccccc1)c1ccccc1,CN(C(=O)COCC(=O)N(C)c1ccccc1)c1ccccc1,False,True,True,9,O9,"95:O:2.23,4:O:2.33,90:O:2.39,47:O:2.46,52:O:2.49,9:O:2.50,92:O:2.57,6:O:2.67,49:O:2.72",2.7155914259901155,2.233262463256053,True,ok
1de9b7816a1a,,60,Nd,3,CCCCCCCCC(C)(C)SCC1CN(C(=O)COCC(=O)N2CC(C)C(CSC(C)(C)CCCCCCCC)C2)CC1C,"[17, 19, 22]","[""O(amide_carbonyl)"", ""O(ether)"", ""O(amide_carbonyl)""]",3,9,3,water,water,0,/nfs/home/nshank3/lanthanide_dataset_builder/data/geometries/Nd/Nd_Z60_ox3_CN9_nlig3_water_1de9b7816a1a.xyz,/nfs/home/nshank3/lanthanide_dataset_builder/data/geometries/Nd/Nd_Z60_ox3_CN9_nlig3_water_1de9b7816a1a.mol2,,-11656.723898702565,ok,built (standard attempt 1),accepted,CCCCCCCCC(C)(C)SCC1CN(C(=O)COCC(=O)N2CC(C)C(CSC(C)(C)CCCCCCCC)C2)CC1C,CCCCCCCCC(C)(C)SCC1CN(C(=O)COCC(=O)N2CC(C)C(CSC(C)(C)CCCCCCCC)C2)CC1C,False,True,True,9,O9,"252:O:2.33,140:O:2.34,23:O:2.34,135:O:2.38,18:O:2.56,137:O:2.58,257:O:2.61,20:O:2.69,254:O:2.76",2.7629895160177664,2.333455358738879,True,ok
3ef926d9b89b,,70,Yb,3,CCCCC(CC)CN(CC(CC)CCCC)C(=O)COCC(=O)N(CC(CC)CCCC)CC(CC)CCCC,"[18, 20, 23]","[""O(amide_carbonyl)"", ""O(ether)"", ""O(amide_carbonyl)""]",3,8,2,water,water,2,/nfs/home/nshank3/lanthanide_dataset_builder/data/geometries/Yb/Yb_Z70_ox3_CN8_nlig2_water_3ef926d9b89b.xyz,/nfs/home/nshank3/lanthanide_dataset_builder/data/geometries/Yb/Yb_Z70_ox3_CN8_nlig2_water_3ef926d9b89b.mol2,,-7457.241203513835,ok,built (standard attempt 1),accepted,CCCCC(CC)CN(CC(CC)CCCC)C(=O)COCC(=O)N(CC(CC)CCCC)CC(CC)CCCC,CCCCC(CC)CN(CC(CC)CCCC)C(=O)COCC(=O)N(CC(CC)CCCC)CC(CC)CCCC,False,True,True,8,O8,"19:O:2.11,137:O:2.17,24:O:2.27,132:O:2.28,21:O:2.40,134:O:2.51,230:O:2.59,227:O:2.69",2.6902469330043646,2.110349891360249,True,ok
c055709f2b44,,59,Pr,3,CCCCCCCCN(CC)C(=O)COCC(=O)N(CC)CCCCCCCC,"[12, 14, 17]","[""O(amide_carbonyl)"", ""O(ether)"", ""O(amide_carbonyl)""]",3,9,3,water,water,0,/nfs/home/nshank3/lanthanide_dataset_builder/data/geometries/Pr/Pr_Z59_ox3_CN9_nlig3_water_c055709f2b44.xyz,/nfs/home/nshank3/lanthanide_dataset_builder/data/geometries/Pr/Pr_Z59_ox3_CN9_nlig3_water_c055709f2b44.mol2,,-7676.801718915935,ok,built (standard attempt 1),accepted,CCCCCCCCN(CC)C(=O)COCC(=O)N(CC)CCCCCCCC,CCCCCCCCN(CC)C(=O)COCC(=O)N(CC)CCCCCCCC,False,True,True,9,O9,"95:O:2.27,167:O:2.31,18:O:2.34,172:O:2.35,90:O:2.40,13:O:2.48,92:O:2.51,169:O:2.60,15:O:2.79",2.792640848740432,2.2726984987821948,True,ok
d13c29df7ec2,,70,Yb,3,CCCCCCCCN(C)C(=O)COCC(=O)N(CCCCCCCC)CCCCCCCC,"[11, 13, 16]","[""O(amide_carbonyl)"", ""O(ether)"", ""O(amide_carbonyl)""]",3,8,2,water,water,2,/nfs/home/nshank3/lanthanide_dataset_builder/data/geometries/Yb/Yb_Z70_ox3_CN8_nlig2_water_d13c29df7ec2.xyz,/nfs/home/nshank3/lanthanide_dataset_builder/data/geometries/Yb/Yb_Z70_ox3_CN8_nlig2_water_d13c29df7ec2.mol2,,-6251.47060483627,ok,built (standard attempt 1),accepted,CCCCCCCCN(C)C(=O)COCC(=O)N(CCCCCCCC)CCCCCCCC,CCCCCCCCN(C)C(=O)COCC(=O)N(CCCCCCCC)CCCCCCCC,False,True,True,8,O8,"104:O:2.19,17:O:2.33,12:O:2.33,106:O:2.40,188:O:2.41,109:O:2.44,14:O:2.52,185:O:2.68",2.67582117539094,2.189871110084583,True,ok
df9be565e13b,,62,Sm,3,CCCCCCCCN(CCCCC(C)CCCC(C)C)C(=O)COCC(=O)N(CCCCCCCC)CCCCC(C)CCCC(C)C,"[22, 24, 27]","[""O(amide_carbonyl)"", ""O(ether)"", ""O(amide_carbonyl)""]",3,9,3,water,water,0,/nfs/home/nshank3/lanthanide_dataset_builder/data/geometries/Sm/Sm_Z62_ox3_CN9_nlig3_water_df9be565e13b.xyz,/nfs/home/nshank3/lanthanide_dataset_builder/data/geometries/Sm/Sm_Z62_ox3_CN9_nlig3_water_df9be565e13b.mol2,,-12832.808539139967,ok,built (standard attempt 1),accepted,CCCCCCCCN(CCCCC(C)CCCC(C)C)C(=O)COCC(=O)N(CCCCCCCC)CCCCC(C)CCCC(C)C,CCCCCCCCN(CCCCC(C)CCCC(C)C)C(=O)COCC(=O)N(CCCCCCCC)CCCCC(C)CCCC(C)C,False,True,True,9,O9,"297:O:2.28,23:O:2.29,160:O:2.30,302:O:2.34,165:O:2.37,28:O:2.40,299:O:2.55,162:O:2.61,25:O:2.61",2.613618584859905,2.2757897822251243,True,ok
0c9244186a0f,,69,Tm,3,CCCN(CCC)C(=O)COCC(=O)N(CCC)CCC,"[8, 10, 13]","[""O(amide_carbonyl)"", ""O(ether)"", ""O(amide_carbonyl)""]",3,8,2,nitrate,nitrate,2,/nfs/home/nshank3/lanthanide_dataset_builder/data/geometries/Tm/Tm_Z69_ox3_CN8_nlig2_nitrate_0c9244186a0f.xyz,/nfs/home/nshank3/lanthanide_dataset_builder/data/geometries/Tm/Tm_Z69_ox3_CN8_nlig2_nitrate_0c9244186a0f.mol2,,-4160.577376711041,ok,built (standard attempt 1),accepted,CCCN(CCC)C(=O)COCC(=O)N(CCC)CCC,CCCN(CCC)C(=O)COCC(=O)N(CCC)CCC,False,True,True,9,"N1,O8","109:O:2.11,110:O:2.17,67:O:2.18,9:O:2.18,14:O:2.19,62:O:2.38,64:O:2.45,107:N:2.50,11:O:2.79",2.7886754415459096,2.1054879201042933,False,ok
1a2c675a4d6b,,63,Eu,3,CCCCC(CC)CN(CC(=O)N(CC(CC)CCCC)CC(CC)CCCC)CC(=O)N(CC(CC)CCCC)CC(CC)CCCC,"[8, 11, 31]","[""N(amine)"", ""O(amide_carbonyl)"", ""O(amide_carbonyl)""]",3,9,3,nitrate,nitrate,0,/nfs/home/nshank3/lanthanide_dataset_builder/data/geometries/Eu/Eu_Z63_ox3_CN9_nlig3_nitrate_1a2c675a4d6b.xyz,/nfs/home/nshank3/lanthanide_dataset_builder/data/geometries/Eu/Eu_Z63_ox3_CN9_nlig3_nitrate_1a2c675a4d6b.mol2,,-12787.83518396379,ok,built (standard attempt 3),accepted,CCCCC(CC)CN(CC(=O)N(CC(CC)CCCC)CC(CC)CCCC)CC(=O)N(CC(CC)CCCC)CC(CC)CCCC,CCCCC(CC)CN(CC(=O)N(CC(CC)CCCC)CC(CC)CCCC)CC(=O)N(CC(CC)CCCC)CC(CC)CCCC,False,True,True,8,"N2,O6","150:O:2.37,170:O:2.44,12:O:2.44,288:O:2.63,32:O:2.69,308:O:2.73,9:N:2.93,147:N:2.95",2.9498805736941405,2.366570678967708,False,ok
fffb75876769,,60,Nd,3,CCCCCCCCCCCCN(CCCCCCCCCCCC)C(=O)COCC(=O)N(CCCCCCCCCCCC)CCCCCCCCCCCC,"[26, 28, 31]","[""O(amide_carbonyl)"", ""O(ether)"", ""O(amide_carbonyl)""]",3,9,3,nitrate,nitrate,0,/nfs/home/nshank3/lanthanide_dataset_builder/data/geometries/Nd/Nd_Z60_ox3_CN9_nlig3_nitrate_fffb75876769.xyz,/nfs/home/nshank3/lanthanide_dataset_builder/data/geometries/Nd/Nd_Z60_ox3_CN9_nlig3_nitrate_fffb75876769.mol2,,-3542.327942990275,ok_simplified_ligand,original_ligtype_failed_simplified_success,accepted,CCCCCCCCCCCCN(CCCCCCCCCCCC)C(=O)COCC(=O)N(CCCCCCCCCCCC)CCCCCCCCCCCC,CN(C)C(=O)COCC(=O)N(C)C,True,True,True,9,O9,"63:O:2.24,10:O:2.29,68:O:2.32,5:O:2.35,34:O:2.40,39:O:2.47,65:O:2.55,7:O:2.59,36:O:2.70",2.703850982349031,2.242384013998159,True,ok
42e8b0326a3a,,63,Eu,3,CCCCCCCCN(CCCCCCCC)C(=O)COCC(=O)NCCc1c(CC)c(CCNC(=O)COCC(=O)N(CCCCCCCC)CCCCCCCC)c(CC)c(CCNC(=O)COCC(=O)N(CCCCCCCC)CCCCCCCC)c1CC,"[18, 20, 23]","[""O(amide_carbonyl)"", ""O(ether)"", ""O(amide_carbonyl)""]",3,9,3,nitrate,nitrate,0,/nfs/home/nshank3/lanthanide_dataset_builder/data/geometries/Eu/Eu_Z63_ox3_CN9_nlig3_nitrate_42e8b0326a3a.xyz,/nfs/home/nshank3/lanthanide_dataset_builder/data/geometries/Eu/Eu_Z63_ox3_CN9_nlig3_nitrate_42e8b0326a3a.mol2,,-13221.80809387754,ok_simplified_ligand,original_ligtype_failed_simplified_success,accepted,CCCCCCCCN(CCCCCCCC)C(=O)COCC(=O)NCCc1c(CC)c(CCNC(=O)COCC(=O)N(CCCCCCCC)CCCCCCCC)c(CC)c(CCNC(=O)COCC(=O)N(CCCCCCCC)CCCCCCCC)c1CC,CCc1c(CCNC(=O)COCC(=O)N(C)C)c(CC)c(CCNC(=O)COCC(=O)N(C)C)c(CC)c1CCNC(=O)COCC(=O)N(C)C,True,True,True,9,O9,"120:O:2.22,14:O:2.22,231:O:2.31,9:O:2.36,125:O:2.36,236:O:2.49,11:O:2.56,233:O:2.63,122:O:2.81",2.8142546397859545,2.223217628862741,True,ok
e564b3438f58,,67,Ho,3,CCCCCCCCCCCCN(CCCCCCCCCCCC)C(=O)COCCOCC(=O)N(CCCCCCCCCCCC)CCCCCCCCCCCC,"[26, 28, 31, 34]","[""O(amide_carbonyl)"", ""O(ether)"", ""O(ether)"", ""O(amide_carbonyl)""]",4,8,2,nitrate,nitrate,0,/nfs/home/nshank3/lanthanide_dataset_builder/data/geometries/Ho/Ho_Z67_ox3_CN8_nlig2_nitrate_e564b3438f58.xyz,/nfs/home/nshank3/lanthanide_dataset_builder/data/geometries/Ho/Ho_Z67_ox3_CN8_nlig2_nitrate_e564b3438f58.mol2,,-2923.807518350237,ok_simplified_ligand,original_ligtype_failed_simplified_success,accepted,CCCCCCCCCCCCN(CCCCCCCCCCCC)C(=O)COCCOCC(=O)N(CCCCCCCCCCCC)CCCCCCCCCCCC,CN(C)C(=O)COCCOCC(=O)N(C)C,True,True,True,8,O8,"41:O:2.19,5:O:2.22,13:O:2.27,49:O:2.27,7:O:2.43,46:O:2.50,43:O:2.56,10:O:2.56",2.564026922507616,2.1930697965106303,True,ok
64800e3c0b9b,,71,Lu,3,CCCCCCCCCCN(CCCCCCCCCC)C(=O)[C@H](C)O[C@H](CC)C(=O)N(CCCCCCCCCC)CCCCCCCCCC,"[22, 25, 30]","[""O(amide_carbonyl)"", ""O(ether)"", ""O(amide_carbonyl)""]",3,8,2,nitrate,nitrate,2,/nfs/home/nshank3/lanthanide_dataset_builder/data/geometries/Lu/Lu_Z71_ox3_CN8_nlig2_nitrate_64800e3c0b9b.xyz,/nfs/home/nshank3/lanthanide_dataset_builder/data/geometries/Lu/Lu_Z71_ox3_CN8_nlig2_nitrate_64800e3c0b9b.mol2,,-9497.956749757172,ok,built (standard attempt 1),accepted,CCCCCCCCCCN(CCCCCCCCCC)C(=O)[C@H](C)O[C@H](CC)C(=O)N(CCCCCCCCCC)CCCCCCCCCC,CCCCCCCCCCN(CCCCCCCCCC)C(=O)[C@H](C)O[C@H](CC)C(=O)N(CCCCCCCCCC)CCCCCCCCCC,False,True,True,9,"N1,O8","296:O:2.11,169:O:2.18,177:O:2.22,295:O:2.23,23:O:2.33,31:O:2.37,172:O:2.46,293:N:2.55,26:O:2.68",2.6826119757786433,2.11268211969561,False,ok
774b9b571613,,62,Sm,3,CCCCCCCCCCN(CCCCCCCCCC)C(=O)[C@H](CCC)O[C@H](CCC)C(=O)N(CCCCCCCCCC)CCCCCCCCCC,"[22, 27, 33]","[""O(amide_carbonyl)"", ""O(ether)"", ""O(amide_carbonyl)""]",3,9,3,nitrate,nitrate,0,/nfs/home/nshank3/lanthanide_dataset_builder/data/geometries/Sm/Sm_Z62_ox3_CN9_nlig3_nitrate_774b9b571613.xyz,/nfs/home/nshank3/lanthanide_dataset_builder/data/geometries/Sm/Sm_Z62_ox3_CN9_nlig3_nitrate_774b9b571613.mol2,,-5092.509057477263,ok_simplified_ligand,original_ligtype_failed_simplified_success,accepted,CCCCCCCCCCN(CCCCCCCCCC)C(=O)[C@H](CCC)O[C@H](CCC)C(=O)N(CCCCCCCCCC)CCCCCCCCCC,CCC[C@H](O[C@H](CCC)C(=O)N(C)C)C(=O)N(C)C,True,True,True,9,O9,"63:O:2.27,16:O:2.31,110:O:2.37,105:O:2.48,11:O:2.55,58:O:2.67,99:O:2.79,5:O:3.01,52:O:3.03",3.0262429625155423,2.2748495473720745,True,ok
