queue_index,build_id,metal_symbol,Atomic Number_metal,metal_ox,smiles_for_architector_used,COORDLIST,DENTATE,coreCN,n_ligs,inner_sphere_anion,geometry_key,source_xyz_path,attempt,profile,seed,n_symmetries,n_conformers,xtb_max_iterations,returncode,attempt_status,accepted_for_clean_3d_features,ligtype_override,generated_xyz_path,generated_mol2_path,energy_eV,note,qc_class,qc_note,nearest_coreCN_sig,coreCN_max_dist,next_donor_dist,gap_after_coreCN,all_nearest
245,b4b96a003a01,Tb,65,3,CCCCCCCCN(C)C(=O)C(CCCCCC)C(=O)N(C)CCCCCCCC,"[11, 20]",2,8,4,nitrate,65|CCCCCCCCN(C)C(=O)C(CCCCCC)C(=O)N(C)CCCCCCCC|nitrate,/nfs/home/nshank3/lanthanide_dataset_builder/data/geometries/Tb/Tb_Z65_ox3_CN8_nlig4_nitrate_b4b96a003a01.xyz,1,standard,994074236,40,5,250,0,accepted,True,,/nfs/home/nshank3/lanthanide_dataset_builder/data/processed/geometries_regenerated_fail_long_bond/accepted/Tb/Tb_Z65_ox3_CN8_nlig4_nitrate_b4b96a003a01_attempt01_standard.xyz,/nfs/home/nshank3/lanthanide_dataset_builder/data/processed/geometries_regenerated_fail_long_bond/accepted/Tb/Tb_Z65_ox3_CN8_nlig4_nitrate_b4b96a003a01_attempt01_standard.mol2,-10824.221041738332,,OK,nearest_coreCN_qc_ok,O12:2.269;O97:2.480;O106:2.523;O267:2.592;O276:2.662;O21:2.672;O191:2.783;O182:2.870,2.8701,4.4649,1.5948,O12:2.269;O97:2.480;O106:2.523;O267:2.592;O276:2.662;O21:2.672;O191:2.783;O182:2.870;N9:4.465;N94:4.619;N107:4.705;N264:4.835;N22:4.891;N277:4.908;N192:5.044;N179:5.096
186,8ec3e5cffd20,Nd,60,3,CCCCCCCCP(=O)(CCCCCCCC)Cc1cccc(CP(=O)(CCCCCCCC)CCCCCCCC)[n+]1[O-],"[9, 26, 44]",3,9,3,nitrate,60|CCCCCCCCP(=O)(CCCCCCCC)Cc1cccc(CP(=O)(CCCCCCCC)CCCCCCCC)[n+]1[O-]|nitrate,/nfs/home/nshank3/lanthanide_dataset_builder/data/geometries/Nd/Nd_Z60_ox3_CN9_nlig3_nitrate_8ec3e5cffd20.xyz,1,standard,1697555183,40,5,250,0,accepted,True,,/nfs/home/nshank3/lanthanide_dataset_builder/data/processed/geometries_regenerated_fail_long_bond/accepted/Nd/Nd_Z60_ox3_CN9_nlig3_nitrate_8ec3e5cffd20_attempt01_standard.xyz,/nfs/home/nshank3/lanthanide_dataset_builder/data/processed/geometries_regenerated_fail_long_bond/accepted/Nd/Nd_Z60_ox3_CN9_nlig3_nitrate_8ec3e5cffd20_attempt01_standard.mol2,-11602.17394403272,,OK,nearest_coreCN_qc_ok,O27:2.289;O147:2.395;O10:2.408;O165:2.410;O267:2.411;O285:2.456;O250:2.491;O130:2.501;O45:2.569,2.5691,3.6773,1.1082,O27:2.289;O147:2.395;O10:2.408;O165:2.410;O267:2.411;O285:2.456;O250:2.491;O130:2.501;O45:2.569;P26:3.677;N164:3.687;P146:3.725;N284:3.729;P266:3.731;P9:3.737;N44:3.796;P249:3.827;P129:3.839
190,f08b024abf27,Nd,60,3,CCCCCCCCCCN(CCCCCCCCCC)C(=O)C(C)OC(C)C(=O)N(CCCCCCCCCC)CCCCCCCCCC,"[22, 25, 29]",3,9,3,nitrate,60|CCCCCCCCCCN(CCCCCCCCCC)C(=O)C(C)OC(C)C(=O)N(CCCCCCCCCC)CCCCCCCCCC|nitrate,/nfs/home/nshank3/lanthanide_dataset_builder/data/geometries/Nd/Nd_Z60_ox3_CN9_nlig3_nitrate_f08b024abf27.xyz,1,standard,755613743,40,5,250,0,accepted,True,tri_mer_bent,/nfs/home/nshank3/lanthanide_dataset_builder/data/processed/geometries_regenerated_fail_long_bond/accepted/Nd/Nd_Z60_ox3_CN9_nlig3_nitrate_f08b024abf27_attempt01_standard.xyz,/nfs/home/nshank3/lanthanide_dataset_builder/data/processed/geometries_regenerated_fail_long_bond/accepted/Nd/Nd_Z60_ox3_CN9_nlig3_nitrate_f08b024abf27_attempt01_standard.mol2,-13358.96329303373,,OK,nearest_coreCN_qc_ok,O173:2.196;O166:2.323;O23:2.337;O312:2.347;O30:2.352;O169:2.483;O316:2.511;O26:2.702;O309:2.730,2.7298,4.1771,1.4473,O173:2.196;O166:2.323;O23:2.337;O312:2.347;O30:2.352;O169:2.483;O316:2.511;O26:2.702;O309:2.730;N154:4.177;N174:4.283;N31:4.545;N11:4.553;N317:4.621;N297:4.736
94,dc1c8a4299f0,Eu,63,3,CCCCCCCCN(CC(C)C)C(=O)COCC(=O)N(CCCCCCCC)CC(C)C,"[14, 16, 19]",3,9,3,nitrate,63|CCCCCCCCN(CC(C)C)C(=O)COCC(=O)N(CCCCCCCC)CC(C)C|nitrate,/nfs/home/nshank3/lanthanide_dataset_builder/data/geometries/Eu/Eu_Z63_ox3_CN9_nlig3_nitrate_dc1c8a4299f0.xyz,1,standard,997650161,40,5,250,0,accepted,True,,/nfs/home/nshank3/lanthanide_dataset_builder/data/processed/geometries_regenerated_fail_long_bond/accepted/Eu/Eu_Z63_ox3_CN9_nlig3_nitrate_dc1c8a4299f0_attempt01_standard.xyz,/nfs/home/nshank3/lanthanide_dataset_builder/data/processed/geometries_regenerated_fail_long_bond/accepted/Eu/Eu_Z63_ox3_CN9_nlig3_nitrate_dc1c8a4299f0_attempt01_standard.mol2,-8708.841049596489,,OK,nearest_coreCN_qc_ok,O20:2.280;O193:2.309;O104:2.341;O15:2.386;O198:2.488;O109:2.517;O195:2.638;O17:2.663;O106:2.727,2.7271,4.3426,1.6155,O20:2.280;O193:2.309;O104:2.341;O15:2.386;O198:2.488;O109:2.517;O195:2.638;O17:2.663;O106:2.727;N21:4.343;N98:4.512;N187:4.524;N9:4.559;N110:4.599;N199:4.679
79,32f3a20cc804,Eu,63,3,CCCCCCCCN(CCCCCCCC)C(=O)CN(CC(=O)N(CCCCCCCC)CCCCCCCC)c1ccccc1,"[18, 20, 23]",3,9,3,nitrate,63|CCCCCCCCN(CCCCCCCC)C(=O)CN(CC(=O)N(CCCCCCCC)CCCCCCCC)c1ccccc1|nitrate,/nfs/home/nshank3/lanthanide_dataset_builder/data/geometries/Eu/Eu_Z63_ox3_CN9_nlig3_nitrate_32f3a20cc804.xyz,2,standard,136751454,50,6,250,0,rejected_by_nearest_coreCN_qc,False,,/nfs/home/nshank3/lanthanide_dataset_builder/data/processed/geometries_regenerated_fail_long_bond/rejected/Eu/Eu_Z63_ox3_CN9_nlig3_nitrate_32f3a20cc804_attempt02_standard.xyz,/nfs/home/nshank3/lanthanide_dataset_builder/data/processed/geometries_regenerated_fail_long_bond/rejected/Eu/Eu_Z63_ox3_CN9_nlig3_nitrate_32f3a20cc804_attempt02_standard.mol2,-11939.591452983645,,FAIL_LONG_BOND,coreCN_max_dist>3.10,O272:2.215;O148:2.261;O143:2.271;O267:2.323;O19:2.416;O24:2.482;N269:2.912;N145:3.077;N21:3.139,3.1394,4.4216,1.2823,O272:2.215;O148:2.261;O143:2.271;O267:2.323;O19:2.416;O24:2.482;N269:2.912;N145:3.077;N21:3.139;N273:4.422;N149:4.465;N133:4.488;N257:4.525;N9:4.633;N25:4.690
208,854acace1b9b,Pr,59,3,CCCCCCCCCCCCN(CCCCCCCCCCCC)C(=O)COCCOCC(=O)N(CCCCCCCCCCCC)CCCCCCCCCCCC,"[26, 28, 31, 34]",4,9,2,water,59|CCCCCCCCCCCCN(CCCCCCCCCCCC)C(=O)COCCOCC(=O)N(CCCCCCCCCCCC)CCCCCCCCCCCC|water,/nfs/home/nshank3/lanthanide_dataset_builder/data/geometries/Pr/Pr_Z59_ox3_CN9_nlig2_water_854acace1b9b.xyz,1,standard,1834708276,40,5,250,0,accepted,True,tetra_planar_bent,/nfs/home/nshank3/lanthanide_dataset_builder/data/processed/geometries_regenerated_fail_long_bond/accepted/Pr/Pr_Z59_ox3_CN9_nlig2_water_854acace1b9b_attempt01_standard.xyz,/nfs/home/nshank3/lanthanide_dataset_builder/data/processed/geometries_regenerated_fail_long_bond/accepted/Pr/Pr_Z59_ox3_CN9_nlig2_water_854acace1b9b_attempt01_standard.mol2,-10640.36170662782,,OK,nearest_coreCN_qc_ok,O27:2.255;O203:2.386;O337:2.473;O197:2.576;O29:2.641;O35:2.681;O200:2.690;O32:2.742;O195:2.757,2.7569,3.6808,0.924,O27:2.255;O203:2.386;O337:2.473;O197:2.576;O29:2.641;O35:2.681;O200:2.690;O32:2.742;O195:2.757;N181:3.681;N13:4.431;N204:4.533;N36:4.766
212,67b06e1b77e3,Pr,59,3,CCCCCCCCN(CCCCCCCC)C(=O)[C@H](C)O[C@@H](CC)C(=O)N(CCCCCCCC)CCCCCCCC,"[18, 21, 26]",3,9,3,nitrate,59|CCCCCCCCN(CCCCCCCC)C(=O)[C@H](C)O[C@@H](CC)C(=O)N(CCCCCCCC)CCCCCCCC|nitrate,/nfs/home/nshank3/lanthanide_dataset_builder/data/geometries/Pr/Pr_Z59_ox3_CN9_nlig3_nitrate_67b06e1b77e3.xyz,1,standard,862752449,40,5,250,0,accepted,True,,/nfs/home/nshank3/lanthanide_dataset_builder/data/processed/geometries_regenerated_fail_long_bond/accepted/Pr/Pr_Z59_ox3_CN9_nlig3_nitrate_67b06e1b77e3_attempt01_standard.xyz,/nfs/home/nshank3/lanthanide_dataset_builder/data/processed/geometries_regenerated_fail_long_bond/accepted/Pr/Pr_Z59_ox3_CN9_nlig3_nitrate_67b06e1b77e3_attempt01_standard.mol2,-11550.138787867752,,OK,nearest_coreCN_qc_ok,O19:2.290;O149:2.333;O141:2.337;O27:2.344;O271:2.356;O263:2.376;O144:2.594;O266:2.604;O22:2.626,2.6258,4.3899,1.7641,O19:2.290;O149:2.333;O141:2.337;O27:2.344;O271:2.356;O263:2.376;O144:2.594;O266:2.604;O22:2.626;N9:4.390;N131:4.467;N150:4.504;N28:4.510;N272:4.528;N253:4.555
86,6d919d6af533,Eu,63,3,CCCCCCCCN(CCCCCCCC)C(=O)CNCC(=O)N(CCCCCCCC)CCCCCCCC,"[18, 20, 23]",3,9,3,nitrate,63|CCCCCCCCN(CCCCCCCC)C(=O)CNCC(=O)N(CCCCCCCC)CCCCCCCC|nitrate,/nfs/home/nshank3/lanthanide_dataset_builder/data/geometries/Eu/Eu_Z63_ox3_CN9_nlig3_nitrate_6d919d6af533.xyz,2,standard,395125076,50,6,250,0,rejected_by_nearest_coreCN_qc,False,,/nfs/home/nshank3/lanthanide_dataset_builder/data/processed/geometries_regenerated_fail_long_bond/rejected/Eu/Eu_Z63_ox3_CN9_nlig3_nitrate_6d919d6af533_attempt02_standard.xyz,/nfs/home/nshank3/lanthanide_dataset_builder/data/processed/geometries_regenerated_fail_long_bond/rejected/Eu/Eu_Z63_ox3_CN9_nlig3_nitrate_6d919d6af533_attempt02_standard.mol2,-10721.894054004204,,BORDERLINE_LONGISH,coreCN_max_dist>2.95,O24:2.212;O138:2.258;O133:2.296;O252:2.393;N249:2.453;O19:2.694;N21:2.909;O247:2.913;N135:3.040,3.0396,3.9311,0.8914,O24:2.212;O138:2.258;O133:2.296;O252:2.393;N249:2.453;O19:2.694;N21:2.909;O247:2.913;N135:3.040;N253:3.931;N139:3.980;N25:4.176;N123:4.331;N9:4.922;N237:5.002
85,6be1220425fa,Eu,63,3,CCCCCCCCCCN(CCCCCCCCCC)C(=O)COCC(=O)N(CCCCCCCCCC)CCCCCCCCCC,"[22, 24, 27]",3,9,3,nitrate,63|CCCCCCCCCCN(CCCCCCCCCC)C(=O)COCC(=O)N(CCCCCCCCCC)CCCCCCCCCC|nitrate,/nfs/home/nshank3/lanthanide_dataset_builder/data/geometries/Eu/Eu_Z63_ox3_CN9_nlig3_nitrate_6be1220425fa.xyz,1,standard,1604637305,40,5,250,0,accepted,True,tri_mer_bent,/nfs/home/nshank3/lanthanide_dataset_builder/data/processed/geometries_regenerated_fail_long_bond/accepted/Eu/Eu_Z63_ox3_CN9_nlig3_nitrate_6be1220425fa_attempt01_standard.xyz,/nfs/home/nshank3/lanthanide_dataset_builder/data/processed/geometries_regenerated_fail_long_bond/accepted/Eu/Eu_Z63_ox3_CN9_nlig3_nitrate_6be1220425fa_attempt01_standard.mol2,-12839.40493744108,,OK,nearest_coreCN_qc_ok,O165:2.258;O302:2.328;O23:2.400;O28:2.441;O297:2.518;O160:2.603;O299:2.691;O162:2.696;O25:2.815,2.815,4.4863,1.6713,O165:2.258;O302:2.328;O23:2.400;O28:2.441;O297:2.518;O160:2.603;O299:2.691;O162:2.696;O25:2.815;N166:4.486;N303:4.512;N11:4.557;N29:4.611;N285:4.683;N148:4.791
159,8dec8fe1a8d7,La,57,3,CCCCCCCCN(CCCCCCCC)C(=O)C(C)OC(C)C(=O)N(CCCCCCCC)CCCCCCCC,"[18, 21, 25]",3,9,3,nitrate,57|CCCCCCCCN(CCCCCCCC)C(=O)C(C)OC(C)C(=O)N(CCCCCCCC)CCCCCCCC|nitrate,/nfs/home/nshank3/lanthanide_dataset_builder/data/geometries/La/La_Z57_ox3_CN9_nlig3_nitrate_8dec8fe1a8d7.xyz,1,standard,1989721948,40,5,250,0,accepted,True,,/nfs/home/nshank3/lanthanide_dataset_builder/data/processed/geometries_regenerated_fail_long_bond/accepted/La/La_Z57_ox3_CN9_nlig3_nitrate_8dec8fe1a8d7_attempt01_standard.xyz,/nfs/home/nshank3/lanthanide_dataset_builder/data/processed/geometries_regenerated_fail_long_bond/accepted/La/La_Z57_ox3_CN9_nlig3_nitrate_8dec8fe1a8d7_attempt01_standard.mol2,-11294.747930036572,,OK,nearest_coreCN_qc_ok,O138:2.344;O264:2.399;O19:2.450;O257:2.496;O260:2.501;O145:2.509;O26:2.513;O141:2.514;O22:2.823,2.8229,4.4522,1.6293,O138:2.344;O264:2.399;O19:2.450;O257:2.496;O260:2.501;O145:2.509;O26:2.513;O141:2.514;O22:2.823;N128:4.452;N265:4.519;N247:4.568;N9:4.610;N146:4.666;N27:4.722
137,5f7899a8a6a7,Gd,64,3,CCCCCCCCP(=O)(CC(=O)N(CC(C)C)CC(C)C)c1ccccc1,"[9, 12]",2,9,4,nitrate,64|CCCCCCCCP(=O)(CC(=O)N(CC(C)C)CC(C)C)c1ccccc1|nitrate,/nfs/home/nshank3/lanthanide_dataset_builder/data/geometries/Gd/Gd_Z64_ox3_CN9_nlig4_nitrate_5f7899a8a6a7.xyz,1,standard,2007513041,40,5,250,0,accepted,True,,/nfs/home/nshank3/lanthanide_dataset_builder/data/processed/geometries_regenerated_fail_long_bond/accepted/Gd/Gd_Z64_ox3_CN9_nlig4_nitrate_5f7899a8a6a7_attempt01_standard.xyz,/nfs/home/nshank3/lanthanide_dataset_builder/data/processed/geometries_regenerated_fail_long_bond/accepted/Gd/Gd_Z64_ox3_CN9_nlig4_nitrate_5f7899a8a6a7_attempt01_standard.mol2,-9556.1044146094,,OK,nearest_coreCN_qc_ok,O150:2.373;O220:2.432;O10:2.461;O80:2.471;O281:2.522;O223:2.537;O83:2.607;O153:2.727;O13:2.840,2.8404,3.6464,0.806,O150:2.373;O220:2.432;O10:2.461;O80:2.471;O281:2.522;O223:2.537;O83:2.607;O153:2.727;O13:2.840;P219:3.646;P9:3.679;P149:3.688;P79:3.760;N224:4.751;N84:4.869;N154:4.916;N14:5.064
100,2ba2430d45f9,Eu,63,3,CCCCCCN(CCC(C)CCCC(C)C)C(=O)COCC(=O)N(CCCCCC)CCC(C)CCCC(C)C,"[18, 20, 23]",3,9,3,water,63|CCCCCCN(CCC(C)CCCC(C)C)C(=O)COCC(=O)N(CCCCCC)CCC(C)CCCC(C)C|water,/nfs/home/nshank3/lanthanide_dataset_builder/data/geometries/Eu/Eu_Z63_ox3_CN9_nlig3_water_2ba2430d45f9.xyz,1,standard,106341948,40,5,250,0,accepted,True,,/nfs/home/nshank3/lanthanide_dataset_builder/data/processed/geometries_regenerated_fail_long_bond/accepted/Eu/Eu_Z63_ox3_CN9_nlig3_water_2ba2430d45f9_attempt01_standard.xyz,/nfs/home/nshank3/lanthanide_dataset_builder/data/processed/geometries_regenerated_fail_long_bond/accepted/Eu/Eu_Z63_ox3_CN9_nlig3_water_2ba2430d45f9_attempt01_standard.mol2,-10774.790199816847,,OK,nearest_coreCN_qc_ok,O250:2.217;O19:2.302;O245:2.405;O21:2.422;O24:2.449;O132:2.519;O247:2.604;O137:2.731;O134:2.764,2.7642,4.2633,1.4991,O250:2.217;O19:2.302;O245:2.405;O21:2.422;O24:2.449;O132:2.519;O247:2.604;O137:2.731;O134:2.764;N251:4.263;N233:4.410;N7:4.469;N25:4.530;N120:4.758;N138:4.913
12,71027d67add4,Ce,58,3,CCCCCCCCN(CCCCCCCC)C(=O)[C@H](CCC)O[C@H](CCC)C(=O)N(CCCCCCCC)CCCCCCCC,"[18, 23, 29]",3,9,3,nitrate,58|CCCCCCCCN(CCCCCCCC)C(=O)[C@H](CCC)O[C@H](CCC)C(=O)N(CCCCCCCC)CCCCCCCC|nitrate,/nfs/home/nshank3/lanthanide_dataset_builder/data/geometries/Ce/Ce_Z58_ox3_CN9_nlig3_nitrate_71027d67add4.xyz,1,standard,218170642,40,5,250,124,failed_timeout,False,,,,,exceeded 2400s,BUILD_FAILED,timeout,,,,,
12,71027d67add4,Ce,58,3,CCCCCCCCN(CCCCCCCC)C(=O)[C@H](CCC)O[C@H](CCC)C(=O)N(CCCCCCCC)CCCCCCCC,"[18, 23, 29]",3,9,3,nitrate,58|CCCCCCCCN(CCCCCCCC)C(=O)[C@H](CCC)O[C@H](CCC)C(=O)N(CCCCCCCC)CCCCCCCC|nitrate,/nfs/home/nshank3/lanthanide_dataset_builder/data/geometries/Ce/Ce_Z58_ox3_CN9_nlig3_nitrate_71027d67add4.xyz,2,standard,218178561,50,6,250,0,accepted,True,,/nfs/home/nshank3/lanthanide_dataset_builder/data/processed/geometries_regenerated_fail_long_bond/accepted/Ce/Ce_Z58_ox3_CN9_nlig3_nitrate_71027d67add4_attempt02_standard.xyz,/nfs/home/nshank3/lanthanide_dataset_builder/data/processed/geometries_regenerated_fail_long_bond/accepted/Ce/Ce_Z58_ox3_CN9_nlig3_nitrate_71027d67add4_attempt02_standard.mol2,-12326.074902701212,,OK,nearest_coreCN_qc_ok,O19:2.268;O150:2.389;O281:2.411;O161:2.426;O292:2.608;O155:2.639;O30:2.808;O24:2.840;O286:2.872,2.8715,4.466,1.5945,O19:2.268;O150:2.389;O281:2.411;O161:2.426;O292:2.608;O155:2.639;O30:2.808;O24:2.840;O286:2.872;N162:4.466;N140:4.467;N9:4.484;N271:4.504;N293:4.836;N31:4.948
128,616c00e0345b,Gd,64,3,CCCCCCCCCCN(CCCCCCCCCC)C(=O)[C@H](CCC)O[C@H](CCC)C(=O)N(CCCCCCCCCC)CCCCCCCCCC,"[22, 27, 33]",3,9,3,nitrate,64|CCCCCCCCCCN(CCCCCCCCCC)C(=O)[C@H](CCC)O[C@H](CCC)C(=O)N(CCCCCCCCCC)CCCCCCCCCC|nitrate,/nfs/home/nshank3/lanthanide_dataset_builder/data/geometries/Gd/Gd_Z64_ox3_CN9_nlig3_nitrate_616c00e0345b.xyz,1,standard,1432565772,40,5,250,0,accepted,True,tri_mer_bent,/nfs/home/nshank3/lanthanide_dataset_builder/data/processed/geometries_regenerated_fail_long_bond/accepted/Gd/Gd_Z64_ox3_CN9_nlig3_nitrate_616c00e0345b_attempt01_standard.xyz,/nfs/home/nshank3/lanthanide_dataset_builder/data/processed/geometries_regenerated_fail_long_bond/accepted/Gd/Gd_Z64_ox3_CN9_nlig3_nitrate_616c00e0345b_attempt01_standard.mol2,-14389.705614589722,,OK,nearest_coreCN_qc_ok,O189:2.165;O34:2.302;O344:2.339;O23:2.496;O333:2.499;O338:2.624;O183:2.736;O178:2.747;O28:2.810,2.81,4.2061,1.3961,O189:2.165;O34:2.302;O344:2.339;O23:2.496;O333:2.499;O338:2.624;O183:2.736;O178:2.747;O28:2.810;N190:4.206;N35:4.378;N345:4.406;N321:4.602;N11:4.704;N166:4.881
138,9be4eee26d31,Gd,64,3,CCCCCCCCN(C)C(=O)C(CCCCCC)C(=O)N(C)CCCCCCCC,"[11, 20]",2,9,4,nitrate,64|CCCCCCCCN(C)C(=O)C(CCCCCC)C(=O)N(C)CCCCCCCC|nitrate,/nfs/home/nshank3/lanthanide_dataset_builder/data/geometries/Gd/Gd_Z64_ox3_CN9_nlig4_nitrate_9be4eee26d31.xyz,1,standard,881585990,40,5,250,0,rejected_by_nearest_coreCN_qc,False,,/nfs/home/nshank3/lanthanide_dataset_builder/data/processed/geometries_regenerated_fail_long_bond/rejected/Gd/Gd_Z64_ox3_CN9_nlig4_nitrate_9be4eee26d31_attempt01_standard.xyz,/nfs/home/nshank3/lanthanide_dataset_builder/data/processed/geometries_regenerated_fail_long_bond/rejected/Gd/Gd_Z64_ox3_CN9_nlig4_nitrate_9be4eee26d31_attempt01_standard.mol2,-10961.524859436618,,FAIL_LONG_BOND,coreCN_max_dist>3.10,O106:2.201;O21:2.426;O12:2.544;O182:2.548;O341:2.590;O276:2.619;O267:2.778;O191:2.830;O97:3.213,3.2131,4.3237,1.1106,O106:2.201;O21:2.426;O12:2.544;O182:2.548;O341:2.590;O276:2.619;O267:2.778;O191:2.830;O97:3.213;N107:4.324;N22:4.651;N9:4.736;N179:4.758;N277:4.844;N264:4.978;N192:5.069;N94:5.369
138,9be4eee26d31,Gd,64,3,CCCCCCCCN(C)C(=O)C(CCCCCC)C(=O)N(C)CCCCCCCC,"[11, 20]",2,9,4,nitrate,64|CCCCCCCCN(C)C(=O)C(CCCCCC)C(=O)N(C)CCCCCCCC|nitrate,/nfs/home/nshank3/lanthanide_dataset_builder/data/geometries/Gd/Gd_Z64_ox3_CN9_nlig4_nitrate_9be4eee26d31.xyz,2,standard,881593909,50,6,250,0,accepted,True,,/nfs/home/nshank3/lanthanide_dataset_builder/data/processed/geometries_regenerated_fail_long_bond/accepted/Gd/Gd_Z64_ox3_CN9_nlig4_nitrate_9be4eee26d31_attempt02_standard.xyz,/nfs/home/nshank3/lanthanide_dataset_builder/data/processed/geometries_regenerated_fail_long_bond/accepted/Gd/Gd_Z64_ox3_CN9_nlig4_nitrate_9be4eee26d31_attempt02_standard.mol2,-10961.613826964782,,OK,nearest_coreCN_qc_ok,O341:2.329;O182:2.425;O21:2.528;O276:2.551;O12:2.622;O267:2.652;O191:2.658;O97:2.795;O106:2.836,2.8357,4.6273,1.7916,O341:2.329;O182:2.425;O21:2.528;O276:2.551;O12:2.622;O267:2.652;O191:2.658;O97:2.795;O106:2.836;N179:4.627;N192:4.719;N277:4.761;N22:4.771;N264:4.791;N9:4.801;N94:4.882;N107:5.096
213,6b34bf7e6a1e,Pr,59,3,CCCCCCCCP(=O)(CCCCCCCC)Cc1cccc(CP(=O)(CCCCCCCC)CCCCCCCC)[n+]1[O-],"[9, 26, 44]",3,9,3,nitrate,59|CCCCCCCCP(=O)(CCCCCCCC)Cc1cccc(CP(=O)(CCCCCCCC)CCCCCCCC)[n+]1[O-]|nitrate,/nfs/home/nshank3/lanthanide_dataset_builder/data/geometries/Pr/Pr_Z59_ox3_CN9_nlig3_nitrate_6b34bf7e6a1e.xyz,2,standard,1036693727,50,6,250,-6,build_failed,False,,,,,double free or corruption (out),BUILD_FAILED,double free or corruption (out),,,,,
160,ef67e719ab98,La,57,3,CCCCCCCCN(CC(C)C)C(=O)COCC(=O)N(CCCCCCCC)CC(C)C,"[14, 16, 19]",3,9,3,nitrate,57|CCCCCCCCN(CC(C)C)C(=O)COCC(=O)N(CCCCCCCC)CC(C)C|nitrate,/nfs/home/nshank3/lanthanide_dataset_builder/data/geometries/La/La_Z57_ox3_CN9_nlig3_nitrate_ef67e719ab98.xyz,1,standard,623645773,40,5,250,0,rejected_by_nearest_coreCN_qc,False,,/nfs/home/nshank3/lanthanide_dataset_builder/data/processed/geometries_regenerated_fail_long_bond/rejected/La/La_Z57_ox3_CN9_nlig3_nitrate_ef67e719ab98_attempt01_standard.xyz,/nfs/home/nshank3/lanthanide_dataset_builder/data/processed/geometries_regenerated_fail_long_bond/rejected/La/La_Z57_ox3_CN9_nlig3_nitrate_ef67e719ab98_attempt01_standard.mol2,-8711.856671542553,,BORDERLINE_LONGISH,coreCN_max_dist>2.95,O198:2.281;O15:2.366;O193:2.421;O20:2.437;O109:2.519;O104:2.571;O106:2.578;O195:2.770;O17:3.053,3.053,4.4834,1.4303,O198:2.281;O15:2.366;O193:2.421;O20:2.437;O109:2.519;O104:2.571;O106:2.578;O195:2.770;O17:3.053;N199:4.483;N9:4.589;N187:4.618;N21:4.684;N110:4.690;N98:4.731
160,ef67e719ab98,La,57,3,CCCCCCCCN(CC(C)C)C(=O)COCC(=O)N(CCCCCCCC)CC(C)C,"[14, 16, 19]",3,9,3,nitrate,57|CCCCCCCCN(CC(C)C)C(=O)COCC(=O)N(CCCCCCCC)CC(C)C|nitrate,/nfs/home/nshank3/lanthanide_dataset_builder/data/geometries/La/La_Z57_ox3_CN9_nlig3_nitrate_ef67e719ab98.xyz,2,standard,623653692,50,6,250,0,accepted,True,,/nfs/home/nshank3/lanthanide_dataset_builder/data/processed/geometries_regenerated_fail_long_bond/accepted/La/La_Z57_ox3_CN9_nlig3_nitrate_ef67e719ab98_attempt02_standard.xyz,/nfs/home/nshank3/lanthanide_dataset_builder/data/processed/geometries_regenerated_fail_long_bond/accepted/La/La_Z57_ox3_CN9_nlig3_nitrate_ef67e719ab98_attempt02_standard.mol2,-8711.426083100856,,OK,nearest_coreCN_qc_ok,O15:2.326;O193:2.384;O104:2.499;O106:2.554;O195:2.584;O109:2.585;O17:2.623;O198:2.633;O20:2.734,2.734,4.4754,1.7414,O15:2.326;O193:2.384;O104:2.499;O106:2.554;O195:2.584;O109:2.585;O17:2.623;O198:2.633;O20:2.734;N9:4.475;N187:4.520;N98:4.575;N110:4.672;N199:4.745;N21:4.820
158,35604f886abb,La,57,3,CCCCCCCCCCN(CCCCCCCCCC)C(=O)[C@H](C)O[C@H](CC)C(=O)N(CCCCCCCCCC)CCCCCCCCCC,"[22, 25, 30]",3,9,3,nitrate,57|CCCCCCCCCCN(CCCCCCCCCC)C(=O)[C@H](C)O[C@H](CC)C(=O)N(CCCCCCCCCC)CCCCCCCCCC|nitrate,/nfs/home/nshank3/lanthanide_dataset_builder/data/geometries/La/La_Z57_ox3_CN9_nlig3_nitrate_35604f886abb.xyz,2,standard,1939402985,50,6,250,0,rejected_by_nearest_coreCN_qc,False,tri_mer_bent,/nfs/home/nshank3/lanthanide_dataset_builder/data/processed/geometries_regenerated_fail_long_bond/rejected/La/La_Z57_ox3_CN9_nlig3_nitrate_35604f886abb_attempt02_standard.xyz,/nfs/home/nshank3/lanthanide_dataset_builder/data/processed/geometries_regenerated_fail_long_bond/rejected/La/La_Z57_ox3_CN9_nlig3_nitrate_35604f886abb_attempt02_standard.mol2,-13618.835090801987,,FAIL_LONG_BOND,coreCN_max_dist>3.10,O315:2.401;O169:2.496;O23:2.588;O323:2.619;O318:2.681;O177:2.711;O31:2.749;O26:2.907;O172:3.248,3.2483,4.5959,1.3476,O315:2.401;O169:2.496;O23:2.588;O323:2.619;O318:2.681;O177:2.711;O31:2.749;O26:2.907;O172:3.248;N303:4.596;N11:4.676;N157:4.752;N324:4.790;N32:4.954;N178:4.956
156,cae25950ae7e,La,57,3,CCCCCCCCN(CCCCCCCC)C(=O)c1ccc2ccc3ccc(C(=O)N(CCCCCCCC)CCCCCCCC)nc3c2n1,"[18, 30, 48, 51]",4,9,2,nitrate,57|CCCCCCCCN(CCCCCCCC)C(=O)c1ccc2ccc3ccc(C(=O)N(CCCCCCCC)CCCCCCCC)nc3c2n1|nitrate,/nfs/home/nshank3/lanthanide_dataset_builder/data/geometries/La/La_Z57_ox3_CN9_nlig2_nitrate_cae25950ae7e.xyz,1,standard,1924032568,40,5,250,0,accepted,True,,/nfs/home/nshank3/lanthanide_dataset_builder/data/processed/geometries_regenerated_fail_long_bond/accepted/La/La_Z57_ox3_CN9_nlig2_nitrate_cae25950ae7e_attempt01_standard.xyz,/nfs/home/nshank3/lanthanide_dataset_builder/data/processed/geometries_regenerated_fail_long_bond/accepted/La/La_Z57_ox3_CN9_nlig2_nitrate_cae25950ae7e_attempt01_standard.mol2,-8642.920318686887,,OK,nearest_coreCN_qc_ok,O157:2.335;O31:2.354;O19:2.425;O145:2.480;N49:2.481;N175:2.517;N178:2.531;N52:2.541;O253:2.910,2.9097,4.4878,1.5781,O157:2.335;O31:2.354;O19:2.425;O145:2.480;N49:2.481;N175:2.517;N178:2.531;N52:2.541;O253:2.910;N158:4.488;N32:4.500;N9:4.584;N135:4.617
165,4a8982e90a94,La,57,3,CCCCCCCCN(CCCCCCCC)C(=O)CC(=O)N(CCCCCCCC)CCCCCCCC,"[18, 21]",2,9,4,nitrate,57|CCCCCCCCN(CCCCCCCC)C(=O)CC(=O)N(CCCCCCCC)CCCCCCCC|nitrate,/nfs/home/nshank3/lanthanide_dataset_builder/data/geometries/La/La_Z57_ox3_CN9_nlig4_nitrate_4a8982e90a94.xyz,1,standard,1143143269,40,5,250,0,accepted,True,,/nfs/home/nshank3/lanthanide_dataset_builder/data/processed/geometries_regenerated_fail_long_bond/accepted/La/La_Z57_ox3_CN9_nlig4_nitrate_4a8982e90a94_attempt01_standard.xyz,/nfs/home/nshank3/lanthanide_dataset_builder/data/processed/geometries_regenerated_fail_long_bond/accepted/La/La_Z57_ox3_CN9_nlig4_nitrate_4a8982e90a94_attempt01_standard.mol2,-13722.422809419566,,OK,nearest_coreCN_qc_ok,O128:2.415;O237:2.447;O22:2.458;O346:2.509;O240:2.525;O349:2.525;O131:2.717;O19:2.721;O437:2.780,2.7799,4.571,1.7911,O128:2.415;O237:2.447;O22:2.458;O346:2.509;O240:2.525;O349:2.525;O131:2.717;O19:2.721;O437:2.780;N118:4.571;N23:4.634;N227:4.682;N336:4.737;N350:4.751;N241:4.758;N132:4.915;N9:4.964
198,9f9884fbdcc6,Nd,60,3,CCCCCCCCN(CCCCCCCC)C(=O)CC(=O)N(CCCCCCCC)CCCCCCCC,"[18, 21]",2,9,4,nitrate,60|CCCCCCCCN(CCCCCCCC)C(=O)CC(=O)N(CCCCCCCC)CCCCCCCC|nitrate,/nfs/home/nshank3/lanthanide_dataset_builder/data/geometries/Nd/Nd_Z60_ox3_CN9_nlig4_nitrate_9f9884fbdcc6.xyz,1,standard,1603684838,40,5,250,0,accepted,True,,/nfs/home/nshank3/lanthanide_dataset_builder/data/processed/geometries_regenerated_fail_long_bond/accepted/Nd/Nd_Z60_ox3_CN9_nlig4_nitrate_9f9884fbdcc6_attempt01_standard.xyz,/nfs/home/nshank3/lanthanide_dataset_builder/data/processed/geometries_regenerated_fail_long_bond/accepted/Nd/Nd_Z60_ox3_CN9_nlig4_nitrate_9f9884fbdcc6_attempt01_standard.mol2,-13720.40385368336,,OK,nearest_coreCN_qc_ok,O237:2.255;O349:2.264;O22:2.352;O128:2.448;O346:2.453;O240:2.454;O131:2.463;O437:2.724;O19:2.817,2.8169,4.3954,1.5785,O237:2.255;O349:2.264;O22:2.352;O128:2.448;O346:2.453;O240:2.454;O131:2.463;O437:2.724;O19:2.817;N350:4.395;N227:4.469;N23:4.475;N132:4.486;N336:4.510;N241:4.582;N118:4.675;N9:4.985
17,88362553f959,Ce,58,3,CCCCCCCCP(=O)(CCCCCCCC)Cc1cccc(CP(=O)(CCCCCCCC)CCCCCCCC)[n+]1[O-],"[9, 26, 44]",3,9,3,water,58|CCCCCCCCP(=O)(CCCCCCCC)Cc1cccc(CP(=O)(CCCCCCCC)CCCCCCCC)[n+]1[O-]|water,/nfs/home/nshank3/lanthanide_dataset_builder/data/geometries/Ce/Ce_Z58_ox3_CN9_nlig3_water_88362553f959.xyz,2,standard,1632649594,50,6,250,0,rejected_by_nearest_coreCN_qc,False,,/nfs/home/nshank3/lanthanide_dataset_builder/data/processed/geometries_regenerated_fail_long_bond/rejected/Ce/Ce_Z58_ox3_CN9_nlig3_water_88362553f959_attempt02_standard.xyz,/nfs/home/nshank3/lanthanide_dataset_builder/data/processed/geometries_regenerated_fail_long_bond/rejected/Ce/Ce_Z58_ox3_CN9_nlig3_water_88362553f959_attempt02_standard.mol2,-11600.23726345679,,BORDERLINE_LONGISH,coreCN_max_dist>2.95,O165:2.233;O45:2.334;O285:2.340;O250:2.429;O147:2.510;O10:2.558;O130:2.572;O267:2.648;O27:3.081,3.0807,3.4322,0.3516,O165:2.233;O45:2.334;O285:2.340;O250:2.429;O147:2.510;O10:2.558;O130:2.572;O267:2.648;O27:3.081;N284:3.432;N44:3.481;N164:3.492;P249:3.679;P9:3.746;P129:3.796;P266:3.800;P146:3.813;P26:4.360
161,f8ea0c6a57d9,La,57,3,CCCCCCCCCCN(CCCCCCCCCC)C(=O)C(C)OC(C)C(=O)N(CCCCCCCCCC)CCCCCCCCCC,"[22, 25, 29]",3,9,3,nitrate,57|CCCCCCCCCCN(CCCCCCCCCC)C(=O)C(C)OC(C)C(=O)N(CCCCCCCCCC)CCCCCCCCCC|nitrate,/nfs/home/nshank3/lanthanide_dataset_builder/data/geometries/La/La_Z57_ox3_CN9_nlig3_nitrate_f8ea0c6a57d9.xyz,1,standard,375489388,40,5,250,0,accepted,True,tri_mer_bent,/nfs/home/nshank3/lanthanide_dataset_builder/data/processed/geometries_regenerated_fail_long_bond/accepted/La/La_Z57_ox3_CN9_nlig3_nitrate_f8ea0c6a57d9_attempt01_standard.xyz,/nfs/home/nshank3/lanthanide_dataset_builder/data/processed/geometries_regenerated_fail_long_bond/accepted/La/La_Z57_ox3_CN9_nlig3_nitrate_f8ea0c6a57d9_attempt01_standard.mol2,-13362.023520953844,,OK,nearest_coreCN_qc_ok,O30:2.375;O166:2.504;O23:2.512;O173:2.527;O316:2.585;O309:2.604;O26:2.740;O312:2.757;O169:2.767,2.7666,4.5696,1.803,O30:2.375;O166:2.504;O23:2.512;O173:2.527;O316:2.585;O309:2.604;O26:2.740;O312:2.757;O169:2.767;N31:4.570;N174:4.657;N11:4.662;N154:4.698;N317:4.761;N297:4.801
10,432d228e95b0,Ce,58,3,CCCCCCCCN(C)C(=O)C(CCOCCCCCC)C(=O)N(C)CCCCCCCC,"[11, 15, 23]",3,9,3,nitrate,58|CCCCCCCCN(C)C(=O)C(CCOCCCCCC)C(=O)N(C)CCCCCCCC|nitrate,/nfs/home/nshank3/lanthanide_dataset_builder/data/geometries/Ce/Ce_Z58_ox3_CN9_nlig3_nitrate_432d228e95b0.xyz,1,standard,948057348,40,5,250,0,rejected_by_nearest_coreCN_qc,False,,/nfs/home/nshank3/lanthanide_dataset_builder/data/processed/geometries_regenerated_fail_long_bond/rejected/Ce/Ce_Z58_ox3_CN9_nlig3_nitrate_432d228e95b0_attempt01_standard.xyz,/nfs/home/nshank3/lanthanide_dataset_builder/data/processed/geometries_regenerated_fail_long_bond/rejected/Ce/Ce_Z58_ox3_CN9_nlig3_nitrate_432d228e95b0_attempt01_standard.mol2,-8966.093558317716,,FAIL_LONG_BOND,coreCN_max_dist>3.10,O116:2.210;O200:2.312;O24:2.346;O108:2.399;O208:2.450;O104:2.714;O196:2.784;O12:3.122;O16:3.481,3.4808,4.4461,0.9653,O116:2.210;O200:2.312;O24:2.346;O108:2.399;O208:2.450;O104:2.714;O196:2.784;O12:3.122;O16:3.481;N117:4.446;N25:4.566;N209:4.685;N101:4.911;N193:4.939;N9:5.277
10,432d228e95b0,Ce,58,3,CCCCCCCCN(C)C(=O)C(CCOCCCCCC)C(=O)N(C)CCCCCCCC,"[11, 15, 23]",3,9,3,nitrate,58|CCCCCCCCN(C)C(=O)C(CCOCCCCCC)C(=O)N(C)CCCCCCCC|nitrate,/nfs/home/nshank3/lanthanide_dataset_builder/data/geometries/Ce/Ce_Z58_ox3_CN9_nlig3_nitrate_432d228e95b0.xyz,2,standard,948065267,50,6,250,0,accepted,True,,/nfs/home/nshank3/lanthanide_dataset_builder/data/processed/geometries_regenerated_fail_long_bond/accepted/Ce/Ce_Z58_ox3_CN9_nlig3_nitrate_432d228e95b0_attempt02_standard.xyz,/nfs/home/nshank3/lanthanide_dataset_builder/data/processed/geometries_regenerated_fail_long_bond/accepted/Ce/Ce_Z58_ox3_CN9_nlig3_nitrate_432d228e95b0_attempt02_standard.mol2,-8966.715627964542,,OK,nearest_coreCN_qc_ok,O196:2.330;O116:2.396;O24:2.400;O104:2.425;O12:2.477;O200:2.689;O108:2.697;O208:2.788;O16:2.899,2.8986,4.5653,1.6667,O196:2.330;O116:2.396;O24:2.400;O104:2.425;O12:2.477;O200:2.689;O108:2.697;O208:2.788;O16:2.899;N9:4.565;N193:4.577;N117:4.627;N25:4.642;N101:4.657;N209:4.954
182,fb0185b0aa14,Nd,60,3,CCN(C(=O)c1cccc(-c2cccc(C(=O)N(CC)c3cc(C)cc(C)c3)n2)n1)c1cc(C)cc(C)c1,"[4, 16, 28, 29]",4,9,2,nitrate,60|CCN(C(=O)c1cccc(-c2cccc(C(=O)N(CC)c3cc(C)cc(C)c3)n2)n1)c1cc(C)cc(C)c1|nitrate,/nfs/home/nshank3/lanthanide_dataset_builder/data/geometries/Nd/Nd_Z60_ox3_CN9_nlig2_nitrate_fb0185b0aa14.xyz,1,standard,985005106,40,5,250,0,accepted,True,,/nfs/home/nshank3/lanthanide_dataset_builder/data/processed/geometries_regenerated_fail_long_bond/accepted/Nd/Nd_Z60_ox3_CN9_nlig2_nitrate_fb0185b0aa14_attempt01_standard.xyz,/nfs/home/nshank3/lanthanide_dataset_builder/data/processed/geometries_regenerated_fail_long_bond/accepted/Nd/Nd_Z60_ox3_CN9_nlig2_nitrate_fb0185b0aa14_attempt01_standard.mol2,-5895.057843549811,,OK,nearest_coreCN_qc_ok,O5:2.255;O89:2.337;N30:2.356;N101:2.391;N29:2.509;N102:2.580;O17:2.630;O77:2.691;O145:2.853,2.8529,4.1039,1.251,O5:2.255;O89:2.337;N30:2.356;N101:2.391;N29:2.509;N102:2.580;O17:2.630;O77:2.691;O145:2.853;N90:4.104;N3:4.415;N18:4.650;N75:4.778
114,96914ff1df96,Eu,63,3,CCCCCCCCP(=O)(CC(=O)N(CC(C)C)CC(C)C)c1ccccc1,"[9, 12]",2,9,4,nitrate,63|CCCCCCCCP(=O)(CC(=O)N(CC(C)C)CC(C)C)c1ccccc1|nitrate,/nfs/home/nshank3/lanthanide_dataset_builder/data/geometries/Eu/Eu_Z63_ox3_CN9_nlig4_nitrate_96914ff1df96.xyz,1,standard,422785950,40,5,250,0,rejected_by_nearest_coreCN_qc,False,,/nfs/home/nshank3/lanthanide_dataset_builder/data/processed/geometries_regenerated_fail_long_bond/rejected/Eu/Eu_Z63_ox3_CN9_nlig4_nitrate_96914ff1df96_attempt01_standard.xyz,/nfs/home/nshank3/lanthanide_dataset_builder/data/processed/geometries_regenerated_fail_long_bond/rejected/Eu/Eu_Z63_ox3_CN9_nlig4_nitrate_96914ff1df96_attempt01_standard.mol2,-9555.616770800869,,BORDERLINE_LONGISH,coreCN_max_dist>2.95,O281:2.300;O220:2.373;O150:2.495;O80:2.613;O223:2.626;O13:2.661;O153:2.701;O10:2.705;O83:2.996,2.9958,3.6876,0.6918,O281:2.300;O220:2.373;O150:2.495;O80:2.613;O223:2.626;O13:2.661;O153:2.701;O10:2.705;O83:2.996;P219:3.688;P149:3.855;P79:3.870;P9:3.897;N154:4.852;N224:4.892;N14:4.904;N84:5.212
114,96914ff1df96,Eu,63,3,CCCCCCCCP(=O)(CC(=O)N(CC(C)C)CC(C)C)c1ccccc1,"[9, 12]",2,9,4,nitrate,63|CCCCCCCCP(=O)(CC(=O)N(CC(C)C)CC(C)C)c1ccccc1|nitrate,/nfs/home/nshank3/lanthanide_dataset_builder/data/geometries/Eu/Eu_Z63_ox3_CN9_nlig4_nitrate_96914ff1df96.xyz,2,standard,422793869,50,6,250,0,accepted,True,,/nfs/home/nshank3/lanthanide_dataset_builder/data/processed/geometries_regenerated_fail_long_bond/accepted/Eu/Eu_Z63_ox3_CN9_nlig4_nitrate_96914ff1df96_attempt02_standard.xyz,/nfs/home/nshank3/lanthanide_dataset_builder/data/processed/geometries_regenerated_fail_long_bond/accepted/Eu/Eu_Z63_ox3_CN9_nlig4_nitrate_96914ff1df96_attempt02_standard.mol2,-9556.647617789777,,OK,nearest_coreCN_qc_ok,O220:2.300;O150:2.383;O10:2.404;O13:2.506;O153:2.510;O281:2.555;O83:2.615;O223:2.617;O80:2.625,2.625,3.6236,0.9985,O220:2.300;O150:2.383;O10:2.404;O13:2.506;O153:2.510;O281:2.555;O83:2.615;O223:2.617;O80:2.625;P219:3.624;P9:3.662;P149:3.662;P79:3.835;N154:4.652;N14:4.751;N224:4.865;N84:4.874
29,7218af7f73e0,Dy,66,3,CCCCCCCCN(C)C(=O)C(CCCCCC)C(=O)N(C)CCCCCCCC,"[11, 20]",2,8,4,nitrate,66|CCCCCCCCN(C)C(=O)C(CCCCCC)C(=O)N(C)CCCCCCCC|nitrate,/nfs/home/nshank3/lanthanide_dataset_builder/data/geometries/Dy/Dy_Z66_ox3_CN8_nlig4_nitrate_7218af7f73e0.xyz,1,standard,404819737,40,5,250,0,rejected_by_nearest_coreCN_qc,False,,/nfs/home/nshank3/lanthanide_dataset_builder/data/processed/geometries_regenerated_fail_long_bond/rejected/Dy/Dy_Z66_ox3_CN8_nlig4_nitrate_7218af7f73e0_attempt01_standard.xyz,/nfs/home/nshank3/lanthanide_dataset_builder/data/processed/geometries_regenerated_fail_long_bond/rejected/Dy/Dy_Z66_ox3_CN8_nlig4_nitrate_7218af7f73e0_attempt01_standard.mol2,-10823.457335308553,,FAIL_LONG_BOND,coreCN_max_dist>3.10,O97:2.128;O191:2.194;O21:2.415;O182:2.500;O12:2.541;O106:2.745;O276:3.650;O267:3.858,3.858,3.9484,0.0903,O97:2.128;O191:2.194;O21:2.415;O182:2.500;O12:2.541;O106:2.745;O276:3.650;O267:3.858;N94:3.948;N192:4.276;N22:4.575;N179:4.653;N9:4.730;N107:4.861;N277:5.913;N264:5.979
29,7218af7f73e0,Dy,66,3,CCCCCCCCN(C)C(=O)C(CCCCCC)C(=O)N(C)CCCCCCCC,"[11, 20]",2,8,4,nitrate,66|CCCCCCCCN(C)C(=O)C(CCCCCC)C(=O)N(C)CCCCCCCC|nitrate,/nfs/home/nshank3/lanthanide_dataset_builder/data/geometries/Dy/Dy_Z66_ox3_CN8_nlig4_nitrate_7218af7f73e0.xyz,2,standard,404827656,50,6,250,0,accepted,True,,/nfs/home/nshank3/lanthanide_dataset_builder/data/processed/geometries_regenerated_fail_long_bond/accepted/Dy/Dy_Z66_ox3_CN8_nlig4_nitrate_7218af7f73e0_attempt02_standard.xyz,/nfs/home/nshank3/lanthanide_dataset_builder/data/processed/geometries_regenerated_fail_long_bond/accepted/Dy/Dy_Z66_ox3_CN8_nlig4_nitrate_7218af7f73e0_attempt02_standard.mol2,-10825.037384162182,,OK,nearest_coreCN_qc_ok,O106:2.359;O12:2.362;O182:2.406;O97:2.435;O191:2.494;O267:2.538;O276:2.560;O21:2.577,2.5771,4.527,1.9499,O106:2.359;O12:2.362;O182:2.406;O97:2.435;O191:2.494;O267:2.538;O276:2.560;O21:2.577;N107:4.527;N9:4.556;N179:4.610;N94:4.633;N192:4.729;N22:4.768;N264:4.785;N277:4.812
162,7f50bafcf653,La,57,3,CCCCCCCCP(=O)(CCCCCCCC)Cc1cccc(CP(=O)(CCCCCCCC)CCCCCCCC)[n+]1[O-],"[9, 26, 44]",3,9,3,water,57|CCCCCCCCP(=O)(CCCCCCCC)Cc1cccc(CP(=O)(CCCCCCCC)CCCCCCCC)[n+]1[O-]|water,/nfs/home/nshank3/lanthanide_dataset_builder/data/geometries/La/La_Z57_ox3_CN9_nlig3_water_7f50bafcf653.xyz,1,standard,130995066,40,5,250,0,rejected_by_nearest_coreCN_qc,False,,/nfs/home/nshank3/lanthanide_dataset_builder/data/processed/geometries_regenerated_fail_long_bond/rejected/La/La_Z57_ox3_CN9_nlig3_water_7f50bafcf653_attempt01_standard.xyz,/nfs/home/nshank3/lanthanide_dataset_builder/data/processed/geometries_regenerated_fail_long_bond/rejected/La/La_Z57_ox3_CN9_nlig3_water_7f50bafcf653_attempt01_standard.mol2,-11603.993489346834,,BORDERLINE_LONGISH,coreCN_max_dist>2.95,O285:2.249;O165:2.292;O130:2.300;O267:2.409;O45:2.621;O147:2.669;O10:2.753;O250:2.774;O27:3.032,3.0318,3.3353,0.3035,O285:2.249;O165:2.292;O130:2.300;O267:2.409;O45:2.621;O147:2.669;O10:2.753;O250:2.774;O27:3.032;N164:3.335;N284:3.455;P129:3.546;P266:3.661;N44:3.689;P9:3.811;P146:3.817;P249:3.893;P26:4.330
162,7f50bafcf653,La,57,3,CCCCCCCCP(=O)(CCCCCCCC)Cc1cccc(CP(=O)(CCCCCCCC)CCCCCCCC)[n+]1[O-],"[9, 26, 44]",3,9,3,water,57|CCCCCCCCP(=O)(CCCCCCCC)Cc1cccc(CP(=O)(CCCCCCCC)CCCCCCCC)[n+]1[O-]|water,/nfs/home/nshank3/lanthanide_dataset_builder/data/geometries/La/La_Z57_ox3_CN9_nlig3_water_7f50bafcf653.xyz,2,standard,131002985,50,6,250,0,accepted,True,,/nfs/home/nshank3/lanthanide_dataset_builder/data/processed/geometries_regenerated_fail_long_bond/accepted/La/La_Z57_ox3_CN9_nlig3_water_7f50bafcf653_attempt02_standard.xyz,/nfs/home/nshank3/lanthanide_dataset_builder/data/processed/geometries_regenerated_fail_long_bond/accepted/La/La_Z57_ox3_CN9_nlig3_water_7f50bafcf653_attempt02_standard.mol2,-11604.867218605556,,OK,nearest_coreCN_qc_ok,O285:2.398;O165:2.467;O130:2.516;O147:2.544;O250:2.580;O45:2.585;O267:2.625;O27:2.679;O10:2.768,2.768,3.3793,0.6112,O285:2.398;O165:2.467;O130:2.516;O147:2.544;O250:2.580;O45:2.585;O267:2.625;O27:2.679;O10:2.768;N164:3.379;N284:3.460;P129:3.624;P146:3.659;P26:3.700;N44:3.721;P249:3.861;P266:3.945;P9:4.162
135,9060a51020d0,Gd,64,3,CCCCCCCCN(CCCCCCCC)C(=O)COCC(=O)N(CCCCCCCC)CCCCCCCC,"[18, 20, 23]",3,9,3,water,64|CCCCCCCCN(CCCCCCCC)C(=O)COCC(=O)N(CCCCCCCC)CCCCCCCC|water,/nfs/home/nshank3/lanthanide_dataset_builder/data/geometries/Gd/Gd_Z64_ox3_CN9_nlig3_water_9060a51020d0.xyz,1,standard,1522676724,40,5,250,0,accepted,True,,/nfs/home/nshank3/lanthanide_dataset_builder/data/processed/geometries_regenerated_fail_long_bond/accepted/Gd/Gd_Z64_ox3_CN9_nlig3_water_9060a51020d0_attempt01_standard.xyz,/nfs/home/nshank3/lanthanide_dataset_builder/data/processed/geometries_regenerated_fail_long_bond/accepted/Gd/Gd_Z64_ox3_CN9_nlig3_water_9060a51020d0_attempt01_standard.mol2,-10774.339824774534,,OK,nearest_coreCN_qc_ok,O137:2.269;O19:2.387;O24:2.406;O132:2.450;O250:2.496;O134:2.632;O245:2.632;O21:2.756;O247:2.798,2.7981,4.268,1.4699,O137:2.269;O19:2.387;O24:2.406;O132:2.450;O250:2.496;O134:2.632;O245:2.632;O21:2.756;O247:2.798;N138:4.268;N251:4.556;N122:4.582;N25:4.585;N9:4.615;N235:4.860
72,d5f18b7632f0,Eu,63,3,CCCCCCCCCCCCN(C)C(=O)C1CC(OC)CC(C(=O)N(C)CCCCCCCCCCCC)O1,"[15, 19, 24, 39]",4,9,2,nitrate,63|CCCCCCCCCCCCN(C)C(=O)C1CC(OC)CC(C(=O)N(C)CCCCCCCCCCCC)O1|nitrate,/nfs/home/nshank3/lanthanide_dataset_builder/data/geometries/Eu/Eu_Z63_ox3_CN9_nlig2_nitrate_d5f18b7632f0.xyz,1,standard,1867411363,40,5,250,0,rejected_by_nearest_coreCN_qc,False,,/nfs/home/nshank3/lanthanide_dataset_builder/data/processed/geometries_regenerated_fail_long_bond/rejected/Eu/Eu_Z63_ox3_CN9_nlig2_nitrate_d5f18b7632f0_attempt01_standard.xyz,/nfs/home/nshank3/lanthanide_dataset_builder/data/processed/geometries_regenerated_fail_long_bond/rejected/Eu/Eu_Z63_ox3_CN9_nlig2_nitrate_d5f18b7632f0_attempt01_standard.mol2,-7141.899664704085,,FAIL_LONG_BOND,coreCN_max_dist>3.10,O131:2.162;O16:2.196;O146:2.360;O122:2.382;O40:2.409;O25:2.426;O20:2.611;O126:2.648;O213:3.258,3.2581,4.2993,1.0412,O131:2.162;O16:2.196;O146:2.360;O122:2.382;O40:2.409;O25:2.426;O20:2.611;O126:2.648;O213:3.258;N13:4.299;N132:4.301;N119:4.485;N26:4.577
72,d5f18b7632f0,Eu,63,3,CCCCCCCCCCCCN(C)C(=O)C1CC(OC)CC(C(=O)N(C)CCCCCCCCCCCC)O1,"[15, 19, 24, 39]",4,9,2,nitrate,63|CCCCCCCCCCCCN(C)C(=O)C1CC(OC)CC(C(=O)N(C)CCCCCCCCCCCC)O1|nitrate,/nfs/home/nshank3/lanthanide_dataset_builder/data/geometries/Eu/Eu_Z63_ox3_CN9_nlig2_nitrate_d5f18b7632f0.xyz,2,standard,1867419282,50,6,250,0,accepted,True,,/nfs/home/nshank3/lanthanide_dataset_builder/data/processed/geometries_regenerated_fail_long_bond/accepted/Eu/Eu_Z63_ox3_CN9_nlig2_nitrate_d5f18b7632f0_attempt02_standard.xyz,/nfs/home/nshank3/lanthanide_dataset_builder/data/processed/geometries_regenerated_fail_long_bond/accepted/Eu/Eu_Z63_ox3_CN9_nlig2_nitrate_d5f18b7632f0_attempt02_standard.mol2,-7142.529554698865,,OK,nearest_coreCN_qc_ok,O16:2.213;O131:2.272;O122:2.344;O25:2.364;O40:2.492;O146:2.529;O20:2.571;O126:2.609;O213:2.934,2.9344,4.3293,1.3949,O16:2.213;O131:2.272;O122:2.344;O25:2.364;O40:2.492;O146:2.529;O20:2.571;O126:2.609;O213:2.934;N13:4.329;N132:4.419;N26:4.435;N119:4.518
127,40369a910258,Gd,64,3,CCCCCCCCN(CCCCCCCC)C(=O)[C@H](C)O[C@H](C)C(=O)N(CCCCCCCC)CCCCCCCC,"[18, 21, 25]",3,9,3,nitrate,64|CCCCCCCCN(CCCCCCCC)C(=O)[C@H](C)O[C@H](C)C(=O)N(CCCCCCCC)CCCCCCCC|nitrate,/nfs/home/nshank3/lanthanide_dataset_builder/data/geometries/Gd/Gd_Z64_ox3_CN9_nlig3_nitrate_40369a910258.xyz,1,standard,313323003,40,5,250,0,accepted,True,,/nfs/home/nshank3/lanthanide_dataset_builder/data/processed/geometries_regenerated_fail_long_bond/accepted/Gd/Gd_Z64_ox3_CN9_nlig3_nitrate_40369a910258_attempt01_standard.xyz,/nfs/home/nshank3/lanthanide_dataset_builder/data/processed/geometries_regenerated_fail_long_bond/accepted/Gd/Gd_Z64_ox3_CN9_nlig3_nitrate_40369a910258_attempt01_standard.mol2,-11291.922170568196,,OK,nearest_coreCN_qc_ok,O264:2.312;O145:2.350;O26:2.387;O138:2.453;O22:2.627;O257:2.693;O19:2.706;O141:2.843;O260:2.850,2.8502,4.5196,1.6694,O264:2.312;O145:2.350;O26:2.387;O138:2.453;O22:2.627;O257:2.693;O19:2.706;O141:2.843;O260:2.850;N146:4.520;N265:4.522;N27:4.583;N128:4.684;N9:4.835;N247:4.893
133,0d198a0a6ef3,Gd,64,3,CCCCCCCCN(CCCC(CCCC)CCCCCC)C(=O)COCC(=O)N(CCCCCCCC)CCCC(CCCC)CCCCCC,"[24, 26, 29]",3,9,3,water,64|CCCCCCCCN(CCCC(CCCC)CCCCCC)C(=O)COCC(=O)N(CCCCCCCC)CCCC(CCCC)CCCCCC|water,/nfs/home/nshank3/lanthanide_dataset_builder/data/geometries/Gd/Gd_Z64_ox3_CN9_nlig3_water_0d198a0a6ef3.xyz,1,standard,50613741,40,5,250,0,accepted,True,,/nfs/home/nshank3/lanthanide_dataset_builder/data/processed/geometries_regenerated_fail_long_bond/accepted/Gd/Gd_Z64_ox3_CN9_nlig3_water_0d198a0a6ef3_attempt01_standard.xyz,/nfs/home/nshank3/lanthanide_dataset_builder/data/processed/geometries_regenerated_fail_long_bond/accepted/Gd/Gd_Z64_ox3_CN9_nlig3_water_0d198a0a6ef3_attempt01_standard.mol2,-13873.421132085105,,OK,nearest_coreCN_qc_ok,O328:2.134;O30:2.222;O323:2.292;O174:2.310;O179:2.531;O27:2.554;O325:2.607;O25:2.636;O176:2.800,2.8001,4.2673,1.4672,O328:2.134;O30:2.222;O323:2.292;O174:2.310;O179:2.531;O27:2.554;O325:2.607;O25:2.636;O176:2.800;N31:4.267;N329:4.299;N307:4.379;N158:4.432;N9:4.730;N180:4.753
215,7671ea468d74,Pr,59,3,CCCCCCCCCCN(CCCCCCCCCC)C(=O)[C@H](C)O[C@H](CC)C(=O)N(CCCCCCCCCC)CCCCCCCCCC,"[22, 25, 30]",3,9,3,nitrate,59|CCCCCCCCCCN(CCCCCCCCCC)C(=O)[C@H](C)O[C@H](CC)C(=O)N(CCCCCCCCCC)CCCCCCCCCC|nitrate,/nfs/home/nshank3/lanthanide_dataset_builder/data/geometries/Pr/Pr_Z59_ox3_CN9_nlig3_nitrate_7671ea468d74.xyz,1,standard,1585639726,40,5,250,0,accepted,True,tri_mer_bent,/nfs/home/nshank3/lanthanide_dataset_builder/data/processed/geometries_regenerated_fail_long_bond/accepted/Pr/Pr_Z59_ox3_CN9_nlig3_nitrate_7671ea468d74_attempt01_standard.xyz,/nfs/home/nshank3/lanthanide_dataset_builder/data/processed/geometries_regenerated_fail_long_bond/accepted/Pr/Pr_Z59_ox3_CN9_nlig3_nitrate_7671ea468d74_attempt01_standard.mol2,-13613.98438852562,,OK,nearest_coreCN_qc_ok,O323:2.429;O315:2.433;O177:2.483;O169:2.488;O23:2.508;O31:2.529;O26:2.532;O172:2.562;O318:2.620,2.62,4.3738,1.7539,O323:2.429;O315:2.433;O177:2.483;O169:2.488;O23:2.508;O31:2.529;O26:2.532;O172:2.562;O318:2.620;N324:4.374;N178:4.402;N32:4.545;N157:4.547;N303:4.582;N11:4.624
11,6c4c4b9f9946,Ce,58,3,CCCCCCCCN(CCCCCCCC)C(=O)C(C)OC(C)C(=O)N(CCCCCCCC)CCCCCCCC,"[18, 21, 25]",3,9,3,nitrate,58|CCCCCCCCN(CCCCCCCC)C(=O)C(C)OC(C)C(=O)N(CCCCCCCC)CCCCCCCC|nitrate,/nfs/home/nshank3/lanthanide_dataset_builder/data/geometries/Ce/Ce_Z58_ox3_CN9_nlig3_nitrate_6c4c4b9f9946.xyz,1,standard,701702288,40,5,250,124,failed_timeout,False,,,,,exceeded 2400s,BUILD_FAILED,timeout,,,,,
11,6c4c4b9f9946,Ce,58,3,CCCCCCCCN(CCCCCCCC)C(=O)C(C)OC(C)C(=O)N(CCCCCCCC)CCCCCCCC,"[18, 21, 25]",3,9,3,nitrate,58|CCCCCCCCN(CCCCCCCC)C(=O)C(C)OC(C)C(=O)N(CCCCCCCC)CCCCCCCC|nitrate,/nfs/home/nshank3/lanthanide_dataset_builder/data/geometries/Ce/Ce_Z58_ox3_CN9_nlig3_nitrate_6c4c4b9f9946.xyz,2,standard,701710207,50,6,250,0,accepted,True,,/nfs/home/nshank3/lanthanide_dataset_builder/data/processed/geometries_regenerated_fail_long_bond/accepted/Ce/Ce_Z58_ox3_CN9_nlig3_nitrate_6c4c4b9f9946_attempt02_standard.xyz,/nfs/home/nshank3/lanthanide_dataset_builder/data/processed/geometries_regenerated_fail_long_bond/accepted/Ce/Ce_Z58_ox3_CN9_nlig3_nitrate_6c4c4b9f9946_attempt02_standard.mol2,-11290.00880553906,,OK,nearest_coreCN_qc_ok,O264:2.285;O145:2.330;O26:2.444;O141:2.729;O22:2.735;O260:2.738;O138:2.751;O19:2.816;O257:2.884,2.8843,4.4173,1.533,O264:2.285;O145:2.330;O26:2.444;O141:2.729;O22:2.735;O260:2.738;O138:2.751;O19:2.816;O257:2.884;N265:4.417;N146:4.512;N27:4.603;N128:4.796;N9:4.925;N247:4.997
232,bf70acef9bd9,Sm,62,3,CCN(C(=O)c1cccc(-c2cccc(C(=O)N(CC)c3cc(C)cc(C)c3)n2)n1)c1cc(C)cc(C)c1,"[4, 16, 28, 29]",4,9,2,nitrate,62|CCN(C(=O)c1cccc(-c2cccc(C(=O)N(CC)c3cc(C)cc(C)c3)n2)n1)c1cc(C)cc(C)c1|nitrate,/nfs/home/nshank3/lanthanide_dataset_builder/data/geometries/Sm/Sm_Z62_ox3_CN9_nlig2_nitrate_bf70acef9bd9.xyz,1,standard,878703930,40,5,250,0,accepted,True,,/nfs/home/nshank3/lanthanide_dataset_builder/data/processed/geometries_regenerated_fail_long_bond/accepted/Sm/Sm_Z62_ox3_CN9_nlig2_nitrate_bf70acef9bd9_attempt01_standard.xyz,/nfs/home/nshank3/lanthanide_dataset_builder/data/processed/geometries_regenerated_fail_long_bond/accepted/Sm/Sm_Z62_ox3_CN9_nlig2_nitrate_bf70acef9bd9_attempt01_standard.mol2,-5895.512898046881,,OK,nearest_coreCN_qc_ok,O5:2.323;O77:2.365;O17:2.404;O89:2.416;N102:2.417;N30:2.417;N29:2.421;N101:2.435;O145:2.744,2.7442,4.4121,1.668,O5:2.323;O77:2.365;O17:2.404;O89:2.416;N102:2.417;N30:2.417;N29:2.421;N101:2.435;O145:2.744;N75:4.412;N3:4.500;N18:4.509;N90:4.541
19,35a401f1b743,Ce,58,3,CCCCCCCCP(=O)(CC(=O)N(CC(C)C)CC(C)C)c1ccccc1,"[9, 12]",2,9,4,nitrate,58|CCCCCCCCP(=O)(CC(=O)N(CC(C)C)CC(C)C)c1ccccc1|nitrate,/nfs/home/nshank3/lanthanide_dataset_builder/data/geometries/Ce/Ce_Z58_ox3_CN9_nlig4_nitrate_35a401f1b743.xyz,1,standard,810280184,40,5,250,0,accepted,True,,/nfs/home/nshank3/lanthanide_dataset_builder/data/processed/geometries_regenerated_fail_long_bond/accepted/Ce/Ce_Z58_ox3_CN9_nlig4_nitrate_35a401f1b743_attempt01_standard.xyz,/nfs/home/nshank3/lanthanide_dataset_builder/data/processed/geometries_regenerated_fail_long_bond/accepted/Ce/Ce_Z58_ox3_CN9_nlig4_nitrate_35a401f1b743_attempt01_standard.mol2,-9557.88808933669,,OK,nearest_coreCN_qc_ok,O150:2.361;O80:2.372;O153:2.429;O220:2.451;O10:2.480;O223:2.511;O13:2.585;O281:2.649;O83:2.674,2.6739,3.5271,0.8532,O150:2.361;O80:2.372;O153:2.429;O220:2.451;O10:2.480;O223:2.511;O13:2.585;O281:2.649;O83:2.674;P149:3.527;P219:3.578;P79:3.654;P9:3.710;N154:4.557;N224:4.703;N14:4.808;N84:4.907
16,3789eabe5f06,Ce,58,3,CCCCCCCCN(CCC(C)CC(C)(C)C)C(=O)COCC(=O)N(CCCCCCCC)CCC(C)CC(C)(C)C,"[19, 21, 24]",3,9,3,water,58|CCCCCCCCN(CCC(C)CC(C)(C)C)C(=O)COCC(=O)N(CCCCCCCC)CCC(C)CC(C)(C)C|water,/nfs/home/nshank3/lanthanide_dataset_builder/data/geometries/Ce/Ce_Z58_ox3_CN9_nlig3_water_3789eabe5f06.xyz,1,standard,601053243,40,5,250,0,accepted,True,,/nfs/home/nshank3/lanthanide_dataset_builder/data/processed/geometries_regenerated_fail_long_bond/accepted/Ce/Ce_Z58_ox3_CN9_nlig3_water_3789eabe5f06_attempt01_standard.xyz,/nfs/home/nshank3/lanthanide_dataset_builder/data/processed/geometries_regenerated_fail_long_bond/accepted/Ce/Ce_Z58_ox3_CN9_nlig3_water_3789eabe5f06_attempt01_standard.mol2,-11293.521192761136,,OK,nearest_coreCN_qc_ok,O258:2.344;O263:2.352;O20:2.385;O139:2.407;O25:2.497;O260:2.626;O141:2.637;O144:2.680;O22:2.699,2.699,4.3349,1.6358,O258:2.344;O263:2.352;O20:2.385;O139:2.407;O25:2.497;O260:2.626;O141:2.637;O144:2.680;O22:2.699;N264:4.335;N9:4.524;N247:4.534;N128:4.545;N26:4.616;N145:4.710
77,192ab9676a31,Eu,63,3,CCCCCCCCN(CCCCCCCC)C(=O)[C@H](CCC)O[C@H](CCC)C(=O)N(CCCCCCCC)CCCCCCCC,"[18, 23, 29]",3,9,3,nitrate,63|CCCCCCCCN(CCCCCCCC)C(=O)[C@H](CCC)O[C@H](CCC)C(=O)N(CCCCCCCC)CCCCCCCC|nitrate,/nfs/home/nshank3/lanthanide_dataset_builder/data/geometries/Eu/Eu_Z63_ox3_CN9_nlig3_nitrate_192ab9676a31.xyz,2,standard,811342802,50,6,250,0,rejected_by_nearest_coreCN_qc,False,,/nfs/home/nshank3/lanthanide_dataset_builder/data/processed/geometries_regenerated_fail_long_bond/rejected/Eu/Eu_Z63_ox3_CN9_nlig3_nitrate_192ab9676a31_attempt02_standard.xyz,/nfs/home/nshank3/lanthanide_dataset_builder/data/processed/geometries_regenerated_fail_long_bond/rejected/Eu/Eu_Z63_ox3_CN9_nlig3_nitrate_192ab9676a31_attempt02_standard.mol2,-12323.858792019042,,FAIL_LONG_BOND,coreCN_max_dist>3.10,O292:2.272;O30:2.323;O161:2.393;O150:2.553;O281:2.636;O19:2.644;O24:2.878;O155:2.895;O286:3.104,3.1044,4.479,1.3746,O292:2.272;O30:2.323;O161:2.393;O150:2.553;O281:2.636;O19:2.644;O24:2.878;O155:2.895;O286:3.104;N293:4.479;N31:4.554;N162:4.585;N140:4.786;N9:4.852;N271:4.885
88,92f7d2015574,Eu,63,3,CCCCCCOCCC(C(=O)N(C)CCCC)C(=O)N(C)CCCC,"[6, 11, 19]",3,9,3,nitrate,63|CCCCCCOCCC(C(=O)N(C)CCCC)C(=O)N(C)CCCC|nitrate,/nfs/home/nshank3/lanthanide_dataset_builder/data/geometries/Eu/Eu_Z63_ox3_CN9_nlig3_nitrate_92f7d2015574.xyz,2,standard,2107748508,50,6,250,0,rejected_by_nearest_coreCN_qc,False,,/nfs/home/nshank3/lanthanide_dataset_builder/data/processed/geometries_regenerated_fail_long_bond/rejected/Eu/Eu_Z63_ox3_CN9_nlig3_nitrate_92f7d2015574_attempt02_standard.xyz,/nfs/home/nshank3/lanthanide_dataset_builder/data/processed/geometries_regenerated_fail_long_bond/rejected/Eu/Eu_Z63_ox3_CN9_nlig3_nitrate_92f7d2015574_attempt02_standard.mol2,-6898.848448857626,,BORDERLINE_LONGISH,coreCN_max_dist>2.95,O80:2.370;O12:2.383;O7:2.534;O148:2.588;O88:2.605;O143:2.769;O20:2.770;O75:2.852;O156:3.088,3.0885,4.5118,1.4234,O80:2.370;O12:2.383;O7:2.534;O148:2.588;O88:2.605;O143:2.769;O20:2.770;O75:2.852;O156:3.088;N13:4.512;N81:4.593;N89:4.779;N149:4.813;N21:4.918;N157:5.226
18,bffb797bc9ad,Ce,58,3,CCCCCCCCN(CCCCC(C)CCCC(C)C)C(=O)COCC(=O)N(CCCCCCCC)CCCCC(C)CCCC(C)C,"[22, 24, 27]",3,9,3,water,58|CCCCCCCCN(CCCCC(C)CCCC(C)C)C(=O)COCC(=O)N(CCCCCCCC)CCCCC(C)CCCC(C)C|water,/nfs/home/nshank3/lanthanide_dataset_builder/data/geometries/Ce/Ce_Z58_ox3_CN9_nlig3_water_bffb797bc9ad.xyz,1,standard,2038958750,40,5,250,0,accepted,True,,/nfs/home/nshank3/lanthanide_dataset_builder/data/processed/geometries_regenerated_fail_long_bond/accepted/Ce/Ce_Z58_ox3_CN9_nlig3_water_bffb797bc9ad_attempt01_standard.xyz,/nfs/home/nshank3/lanthanide_dataset_builder/data/processed/geometries_regenerated_fail_long_bond/accepted/Ce/Ce_Z58_ox3_CN9_nlig3_water_bffb797bc9ad_attempt01_standard.mol2,-12842.63584642484,,OK,nearest_coreCN_qc_ok,O23:2.254;O165:2.273;O28:2.276;O297:2.421;O25:2.542;O302:2.568;O160:2.569;O162:2.577;O299:2.782,2.7823,4.288,1.5057,O23:2.254;O165:2.273;O28:2.276;O297:2.421;O25:2.542;O302:2.568;O160:2.569;O162:2.577;O299:2.782;N166:4.288;N9:4.364;N29:4.480;N283:4.581;N146:4.731;N303:4.736
185,721a61092186,Nd,60,3,CCCCCCCCN(CCCCCCCC)C(=O)[C@H](C)O[C@@H](C)C(=O)N(CCCCCCCC)CCCCCCCC,"[18, 21, 25]",3,9,3,nitrate,60|CCCCCCCCN(CCCCCCCC)C(=O)[C@H](C)O[C@@H](C)C(=O)N(CCCCCCCC)CCCCCCCC|nitrate,/nfs/home/nshank3/lanthanide_dataset_builder/data/geometries/Nd/Nd_Z60_ox3_CN9_nlig3_nitrate_721a61092186.xyz,1,standard,1593927168,40,5,250,0,accepted,True,,/nfs/home/nshank3/lanthanide_dataset_builder/data/processed/geometries_regenerated_fail_long_bond/accepted/Nd/Nd_Z60_ox3_CN9_nlig3_nitrate_721a61092186_attempt01_standard.xyz,/nfs/home/nshank3/lanthanide_dataset_builder/data/processed/geometries_regenerated_fail_long_bond/accepted/Nd/Nd_Z60_ox3_CN9_nlig3_nitrate_721a61092186_attempt01_standard.mol2,-11293.660155857997,,OK,nearest_coreCN_qc_ok,O257:2.288;O138:2.352;O145:2.362;O19:2.382;O264:2.383;O26:2.458;O22:2.524;O260:2.554;O141:2.616,2.6165,4.3525,1.736,O257:2.288;O138:2.352;O145:2.362;O19:2.382;O264:2.383;O26:2.458;O22:2.524;O260:2.554;O141:2.616;N247:4.353;N128:4.496;N146:4.503;N265:4.518;N9:4.523;N27:4.588
87,8cbfdc7e4dd4,Eu,63,3,CCCCCCCCN(CCCCCCCC)C(=O)COCC(=O)NCCCCCCNC(=O)COCC(=O)N(CCCCCCCC)CCCCCCCC,"[18, 20, 23]",3,9,3,nitrate,63|CCCCCCCCN(CCCCCCCC)C(=O)COCC(=O)NCCCCCCNC(=O)COCC(=O)N(CCCCCCCC)CCCCCCCC|nitrate,/nfs/home/nshank3/lanthanide_dataset_builder/data/geometries/Eu/Eu_Z63_ox3_CN9_nlig3_nitrate_8cbfdc7e4dd4.xyz,1,standard,1541377816,40,5,250,-6,build_failed,False,,,,,double free or corruption (out),BUILD_FAILED,double free or corruption (out),,,,,
87,8cbfdc7e4dd4,Eu,63,3,CCCCCCCCN(CCCCCCCC)C(=O)COCC(=O)NCCCCCCNC(=O)COCC(=O)N(CCCCCCCC)CCCCCCCC,"[18, 20, 23]",3,9,3,nitrate,63|CCCCCCCCN(CCCCCCCC)C(=O)COCC(=O)NCCCCCCNC(=O)COCC(=O)N(CCCCCCCC)CCCCCCCC|nitrate,/nfs/home/nshank3/lanthanide_dataset_builder/data/geometries/Eu/Eu_Z63_ox3_CN9_nlig3_nitrate_8cbfdc7e4dd4.xyz,2,standard,1541385735,50,6,250,-11,build_failed,False,,,,,,BUILD_FAILED,exit-11,,,,,
192,36a8d86e270c,Nd,60,3,CCCCCCCCN(C)C(=O)COCC(=O)N(C)CCCCCCCC,"[11, 13, 16]",3,9,3,water,60|CCCCCCCCN(C)C(=O)COCC(=O)N(C)CCCCCCCC|water,/nfs/home/nshank3/lanthanide_dataset_builder/data/geometries/Nd/Nd_Z60_ox3_CN9_nlig3_water_36a8d86e270c.xyz,1,standard,14393145,40,5,250,0,accepted,True,,/nfs/home/nshank3/lanthanide_dataset_builder/data/processed/geometries_regenerated_fail_long_bond/accepted/Nd/Nd_Z60_ox3_CN9_nlig3_water_36a8d86e270c_attempt01_standard.xyz,/nfs/home/nshank3/lanthanide_dataset_builder/data/processed/geometries_regenerated_fail_long_bond/accepted/Nd/Nd_Z60_ox3_CN9_nlig3_water_36a8d86e270c_attempt01_standard.mol2,-7158.064620795899,,OK,nearest_coreCN_qc_ok,O88:2.260;O17:2.303;O159:2.413;O83:2.440;O156:2.460;O85:2.483;O154:2.551;O12:2.602;O14:2.662,2.6624,4.4201,1.7577,O88:2.260;O17:2.303;O159:2.413;O83:2.440;O156:2.460;O85:2.483;O154:2.551;O12:2.602;O14:2.662;N89:4.420;N18:4.448;N160:4.467;N151:4.519;N80:4.585;N9:4.713
44,45970656f998,Eu,63,3,CCCCCCCCN(CCCCCCCC)C(=S)c1ccc(C(=S)N(CCCCCCCC)CCCCCCCC)s1,"[8, 18, 24, 25, 42]",5,9,1,nitrate,63|CCCCCCCCN(CCCCCCCC)C(=S)c1ccc(C(=S)N(CCCCCCCC)CCCCCCCC)s1|nitrate,/nfs/home/nshank3/lanthanide_dataset_builder/data/geometries/Eu/Eu_Z63_ox3_CN9_nlig1_nitrate_45970656f998.xyz,2,standard,716629556,50,6,250,8,build_failed,False,,,,,no_structures_returned,BUILD_FAILED,no_structures_returned,,,,,
214,72b20e30d213,Pr,59,3,CCCCCCCCN(C)C(=O)COCC(=O)N(C)CCCCCCCC,"[11, 13, 16]",3,9,3,nitrate,59|CCCCCCCCN(C)C(=O)COCC(=O)N(C)CCCCCCCC|nitrate,/nfs/home/nshank3/lanthanide_dataset_builder/data/geometries/Pr/Pr_Z59_ox3_CN9_nlig3_nitrate_72b20e30d213.xyz,1,standard,1980090754,40,5,250,0,accepted,True,,/nfs/home/nshank3/lanthanide_dataset_builder/data/processed/geometries_regenerated_fail_long_bond/accepted/Pr/Pr_Z59_ox3_CN9_nlig3_nitrate_72b20e30d213_attempt01_standard.xyz,/nfs/home/nshank3/lanthanide_dataset_builder/data/processed/geometries_regenerated_fail_long_bond/accepted/Pr/Pr_Z59_ox3_CN9_nlig3_nitrate_72b20e30d213_attempt01_standard.mol2,-7158.064400246128,,OK,nearest_coreCN_qc_ok,O88:2.169;O159:2.179;O83:2.412;O85:2.431;O12:2.492;O156:2.635;O17:2.656;O154:2.755;O14:2.881,2.8809,4.2129,1.332,O88:2.169;O159:2.179;O83:2.412;O85:2.431;O12:2.492;O156:2.635;O17:2.656;O154:2.755;O14:2.881;N160:4.213;N89:4.280;N80:4.508;N9:4.620;N18:4.788;N151:4.832
81,4982246f582c,Eu,63,3,CCCCCCCCCCN(CCCCCCCCCC)C(=O)C(C)OC(C)C(=O)N(CCCCCCCCCC)CCCCCCCCCC,"[22, 25, 29]",3,9,3,nitrate,63|CCCCCCCCCCN(CCCCCCCCCC)C(=O)C(C)OC(C)C(=O)N(CCCCCCCCCC)CCCCCCCCCC|nitrate,/nfs/home/nshank3/lanthanide_dataset_builder/data/geometries/Eu/Eu_Z63_ox3_CN9_nlig3_nitrate_4982246f582c.xyz,1,standard,282176135,40,5,250,0,accepted,True,tri_mer_bent,/nfs/home/nshank3/lanthanide_dataset_builder/data/processed/geometries_regenerated_fail_long_bond/accepted/Eu/Eu_Z63_ox3_CN9_nlig3_nitrate_4982246f582c_attempt01_standard.xyz,/nfs/home/nshank3/lanthanide_dataset_builder/data/processed/geometries_regenerated_fail_long_bond/accepted/Eu/Eu_Z63_ox3_CN9_nlig3_nitrate_4982246f582c_attempt01_standard.mol2,-13356.699781971298,,OK,nearest_coreCN_qc_ok,O316:2.243;O173:2.261;O30:2.282;O312:2.342;O166:2.472;O23:2.474;O26:2.495;O309:2.520;O169:2.631,2.6313,4.2282,1.5969,O316:2.243;O173:2.261;O30:2.282;O312:2.342;O166:2.472;O23:2.474;O26:2.495;O309:2.520;O169:2.631;N317:4.228;N174:4.434;N31:4.445;N11:4.471;N154:4.629;N297:4.662
13,b7ac3832cbad,Ce,58,3,CCCCCCCCCCN(CCCCCCCCCC)C(=O)COCC(=O)N(CCCCCC)CCCCCC,"[22, 24, 27]",3,9,3,nitrate,58|CCCCCCCCCCN(CCCCCCCCCC)C(=O)COCC(=O)N(CCCCCC)CCCCCC|nitrate,/nfs/home/nshank3/lanthanide_dataset_builder/data/geometries/Ce/Ce_Z58_ox3_CN9_nlig3_nitrate_b7ac3832cbad.xyz,1,standard,1089967905,40,5,250,0,accepted,True,,/nfs/home/nshank3/lanthanide_dataset_builder/data/processed/geometries_regenerated_fail_long_bond/accepted/Ce/Ce_Z58_ox3_CN9_nlig3_nitrate_b7ac3832cbad_attempt01_standard.xyz,/nfs/home/nshank3/lanthanide_dataset_builder/data/processed/geometries_regenerated_fail_long_bond/accepted/Ce/Ce_Z58_ox3_CN9_nlig3_nitrate_b7ac3832cbad_attempt01_standard.mol2,-10776.071857150251,,OK,nearest_coreCN_qc_ok,O23:2.159;O28:2.262;O249:2.270;O136:2.286;O141:2.305;O254:2.372;O251:2.476;O25:2.510;O138:2.522,2.5218,4.2397,1.7179,O23:2.159;O28:2.262;O249:2.270;O136:2.286;O141:2.305;O254:2.372;O251:2.476;O25:2.510;O138:2.522;N11:4.240;N124:4.352;N237:4.419;N29:4.435;N142:4.439;N255:4.492
169,c285dd3a90ba,Lu,71,3,CCCc1nnc(-c2cccc(-c3nnc(CCC)c(CCC)n3)n2)nc1CCC,"[4, 5, 13, 14, 23, 24, 25]",7,8,1,nitrate,71|CCCc1nnc(-c2cccc(-c3nnc(CCC)c(CCC)n3)n2)nc1CCC|nitrate,/nfs/home/nshank3/lanthanide_dataset_builder/data/geometries/Lu/Lu_Z71_ox3_CN8_nlig1_nitrate_c285dd3a90ba.xyz,1,standard,969148224,40,5,250,0,rejected_by_nearest_coreCN_qc,False,,/nfs/home/nshank3/lanthanide_dataset_builder/data/processed/geometries_regenerated_fail_long_bond/rejected/Lu/Lu_Z71_ox3_CN8_nlig1_nitrate_c285dd3a90ba_attempt01_standard.xyz,/nfs/home/nshank3/lanthanide_dataset_builder/data/processed/geometries_regenerated_fail_long_bond/rejected/Lu/Lu_Z71_ox3_CN8_nlig1_nitrate_c285dd3a90ba_attempt01_standard.mol2,-2453.3312169496635,,FAIL_LONG_BOND,coreCN_max_dist>3.10,N14:2.175;N25:2.351;N15:2.394;N5:2.396;O62:2.578;N6:2.736;N26:3.077;N24:3.954,3.9538,inf,inf,N14:2.175;N25:2.351;N15:2.394;N5:2.396;O62:2.578;N6:2.736;N26:3.077;N24:3.954
169,c285dd3a90ba,Lu,71,3,CCCc1nnc(-c2cccc(-c3nnc(CCC)c(CCC)n3)n2)nc1CCC,"[4, 5, 13, 14, 23, 24, 25]",7,8,1,nitrate,71|CCCc1nnc(-c2cccc(-c3nnc(CCC)c(CCC)n3)n2)nc1CCC|nitrate,/nfs/home/nshank3/lanthanide_dataset_builder/data/geometries/Lu/Lu_Z71_ox3_CN8_nlig1_nitrate_c285dd3a90ba.xyz,2,standard,969156143,50,6,250,0,accepted,True,,/nfs/home/nshank3/lanthanide_dataset_builder/data/processed/geometries_regenerated_fail_long_bond/accepted/Lu/Lu_Z71_ox3_CN8_nlig1_nitrate_c285dd3a90ba_attempt02_standard.xyz,/nfs/home/nshank3/lanthanide_dataset_builder/data/processed/geometries_regenerated_fail_long_bond/accepted/Lu/Lu_Z71_ox3_CN8_nlig1_nitrate_c285dd3a90ba_attempt02_standard.mol2,-2450.0596431770073,,OK,nearest_coreCN_qc_ok,N6:2.070;N14:2.073;O62:2.267;N26:2.408;N15:2.441;N5:2.470;N24:2.769;N25:2.770,2.7696,inf,inf,N6:2.070;N14:2.073;O62:2.267;N26:2.408;N15:2.441;N5:2.470;N24:2.769;N25:2.770
218,e716ee59bc93,Pr,59,3,CCCCCCCCN(CCCCCCCC)C(=O)[C@H](C)O[C@H](C)C(=O)N(CCCCCCCC)CCCCCCCC,"[18, 21, 25]",3,9,3,nitrate,59|CCCCCCCCN(CCCCCCCC)C(=O)[C@H](C)O[C@H](C)C(=O)N(CCCCCCCC)CCCCCCCC|nitrate,/nfs/home/nshank3/lanthanide_dataset_builder/data/geometries/Pr/Pr_Z59_ox3_CN9_nlig3_nitrate_e716ee59bc93.xyz,1,standard,1542998335,40,5,250,0,accepted,True,,/nfs/home/nshank3/lanthanide_dataset_builder/data/processed/geometries_regenerated_fail_long_bond/accepted/Pr/Pr_Z59_ox3_CN9_nlig3_nitrate_e716ee59bc93_attempt01_standard.xyz,/nfs/home/nshank3/lanthanide_dataset_builder/data/processed/geometries_regenerated_fail_long_bond/accepted/Pr/Pr_Z59_ox3_CN9_nlig3_nitrate_e716ee59bc93_attempt01_standard.mol2,-11292.406473365078,,OK,nearest_coreCN_qc_ok,O26:2.270;O145:2.301;O257:2.452;O22:2.467;O19:2.556;O264:2.556;O141:2.630;O138:2.631;O260:2.923,2.9234,4.3258,1.4024,O26:2.270;O145:2.301;O257:2.452;O22:2.467;O19:2.556;O264:2.556;O141:2.630;O138:2.631;O260:2.923;N27:4.326;N146:4.503;N247:4.685;N9:4.688;N128:4.769;N265:4.802
187,90ecb106b04d,Nd,60,3,CCCCCCCCN(CCCCCCCC)C(=O)C(C)OC(C)C(=O)N(CCCCCCCC)CCCCCCCC,"[18, 21, 25]",3,9,3,nitrate,60|CCCCCCCCN(CCCCCCCC)C(=O)C(C)OC(C)C(=O)N(CCCCCCCC)CCCCCCCC|nitrate,/nfs/home/nshank3/lanthanide_dataset_builder/data/geometries/Nd/Nd_Z60_ox3_CN9_nlig3_nitrate_90ecb106b04d.xyz,1,standard,2144004824,40,5,250,0,accepted,True,,/nfs/home/nshank3/lanthanide_dataset_builder/data/processed/geometries_regenerated_fail_long_bond/accepted/Nd/Nd_Z60_ox3_CN9_nlig3_nitrate_90ecb106b04d_attempt01_standard.xyz,/nfs/home/nshank3/lanthanide_dataset_builder/data/processed/geometries_regenerated_fail_long_bond/accepted/Nd/Nd_Z60_ox3_CN9_nlig3_nitrate_90ecb106b04d_attempt01_standard.mol2,-11291.690397664688,,OK,nearest_coreCN_qc_ok,O145:2.113;O264:2.258;O257:2.466;O19:2.562;O260:2.598;O141:2.616;O138:2.782;O26:2.860;O22:2.896,2.896,4.1052,1.2092,O145:2.113;O264:2.258;O257:2.466;O19:2.562;O260:2.598;O141:2.616;O138:2.782;O26:2.860;O22:2.896;N146:4.105;N265:4.396;N247:4.681;N9:4.732;N128:4.910;N27:5.022
54,9a05c75e6ef1,Eu,63,3,CC(C)(C)Cc1cc(-c2cccc(-c3cc(CC(C)(C)C)[nH]n3)n2)n[nH]1,"[21, 22, 23, 24, 25]",5,9,1,nitrate,63|CC(C)(C)Cc1cc(-c2cccc(-c3cc(CC(C)(C)C)[nH]n3)n2)n[nH]1|nitrate,/nfs/home/nshank3/lanthanide_dataset_builder/data/geometries/Eu/Eu_Z63_ox3_CN9_nlig1_nitrate_9a05c75e6ef1.xyz,1,standard,758677457,40,5,250,0,accepted,True,,/nfs/home/nshank3/lanthanide_dataset_builder/data/processed/geometries_regenerated_fail_long_bond/accepted/Eu/Eu_Z63_ox3_CN9_nlig1_nitrate_9a05c75e6ef1_attempt01_standard.xyz,/nfs/home/nshank3/lanthanide_dataset_builder/data/processed/geometries_regenerated_fail_long_bond/accepted/Eu/Eu_Z63_ox3_CN9_nlig1_nitrate_9a05c75e6ef1_attempt01_standard.mol2,-2866.991619347047,,OK,nearest_coreCN_qc_ok,O62:2.046;O63:2.081;O58:2.108;O59:2.113;N56:2.267;N23:2.387;N60:2.397;N24:2.402;N25:2.509,2.5085,3.2284,0.7199,O62:2.046;O63:2.081;O58:2.108;O59:2.113;N56:2.267;N23:2.387;N60:2.397;N24:2.402;N25:2.509;O57:3.228;N22:3.373;N26:3.378;O61:3.543
130,b5d2516206e6,Gd,64,3,CCCCCCCCN(CC(CC)CCCC)C(=O)COCC(=O)N(CCCCCCCC)CC(CC)CCCC,"[18, 20, 23]",3,9,3,nitrate,64|CCCCCCCCN(CC(CC)CCCC)C(=O)COCC(=O)N(CCCCCCCC)CC(CC)CCCC|nitrate,/nfs/home/nshank3/lanthanide_dataset_builder/data/geometries/Gd/Gd_Z64_ox3_CN9_nlig3_nitrate_b5d2516206e6.xyz,1,standard,737451916,40,5,250,0,rejected_by_nearest_coreCN_qc,False,,/nfs/home/nshank3/lanthanide_dataset_builder/data/processed/geometries_regenerated_fail_long_bond/rejected/Gd/Gd_Z64_ox3_CN9_nlig3_nitrate_b5d2516206e6_attempt01_standard.xyz,/nfs/home/nshank3/lanthanide_dataset_builder/data/processed/geometries_regenerated_fail_long_bond/rejected/Gd/Gd_Z64_ox3_CN9_nlig3_nitrate_b5d2516206e6_attempt01_standard.mol2,-10771.903774622711,,FAIL_LONG_BOND,coreCN_max_dist>3.10,O245:2.064;O132:2.167;O250:2.203;O247:2.357;O24:2.488;O21:2.505;O19:2.581;O134:3.168;O137:3.275,3.2754,4.2262,0.9509,O245:2.064;O132:2.167;O250:2.203;O247:2.357;O24:2.488;O21:2.505;O19:2.581;O134:3.168;O137:3.275;N235:4.226;N251:4.292;N122:4.347;N9:4.397;N25:4.662;N138:5.321
130,b5d2516206e6,Gd,64,3,CCCCCCCCN(CC(CC)CCCC)C(=O)COCC(=O)N(CCCCCCCC)CC(CC)CCCC,"[18, 20, 23]",3,9,3,nitrate,64|CCCCCCCCN(CC(CC)CCCC)C(=O)COCC(=O)N(CCCCCCCC)CC(CC)CCCC|nitrate,/nfs/home/nshank3/lanthanide_dataset_builder/data/geometries/Gd/Gd_Z64_ox3_CN9_nlig3_nitrate_b5d2516206e6.xyz,2,standard,737459835,50,6,250,0,accepted,True,,/nfs/home/nshank3/lanthanide_dataset_builder/data/processed/geometries_regenerated_fail_long_bond/accepted/Gd/Gd_Z64_ox3_CN9_nlig3_nitrate_b5d2516206e6_attempt02_standard.xyz,/nfs/home/nshank3/lanthanide_dataset_builder/data/processed/geometries_regenerated_fail_long_bond/accepted/Gd/Gd_Z64_ox3_CN9_nlig3_nitrate_b5d2516206e6_attempt02_standard.mol2,-10775.285957988704,,OK,nearest_coreCN_qc_ok,O250:2.250;O137:2.385;O132:2.391;O24:2.403;O245:2.518;O247:2.622;O21:2.723;O19:2.737;O134:2.872,2.8718,4.4555,1.5836,O250:2.250;O137:2.385;O132:2.391;O24:2.403;O245:2.518;O247:2.622;O21:2.723;O19:2.737;O134:2.872;N251:4.455;N122:4.580;N25:4.609;N138:4.617;N235:4.651;N9:4.874
144,4c1137e8e97b,Ho,67,3,COCCN(CCOC)C(=O)COCC(=O)N(CCOC)CCOC,"[1, 7, 10, 12, 15, 19, 23]",7,8,1,water,67|COCCN(CCOC)C(=O)COCC(=O)N(CCOC)CCOC|water,/nfs/home/nshank3/lanthanide_dataset_builder/data/geometries/Ho/Ho_Z67_ox3_CN8_nlig1_water_4c1137e8e97b.xyz,1,standard,2015754072,40,5,250,0,accepted,True,,/nfs/home/nshank3/lanthanide_dataset_builder/data/processed/geometries_regenerated_fail_long_bond/accepted/Ho/Ho_Z67_ox3_CN8_nlig1_water_4c1137e8e97b_attempt01_standard.xyz,/nfs/home/nshank3/lanthanide_dataset_builder/data/processed/geometries_regenerated_fail_long_bond/accepted/Ho/Ho_Z67_ox3_CN8_nlig1_water_4c1137e8e97b_attempt01_standard.mol2,-2443.289233709535,,OK,nearest_coreCN_qc_ok,O16:2.129;O11:2.280;O8:2.319;O24:2.373;O13:2.512;O58:2.567;O20:2.688;O2:2.713,2.7128,3.187,0.4742,O16:2.129;O11:2.280;O8:2.319;O24:2.373;O13:2.512;O58:2.567;O20:2.688;O2:2.713;N17:3.187;N5:3.316
191,3095c50fd4a6,Nd,60,3,CCCCCCC(CCCC)CCCN(C)C(=O)COCC(=O)N(C)CCCC(CCCC)CCCCCC,"[17, 19, 22]",3,9,3,water,60|CCCCCCC(CCCC)CCCN(C)C(=O)COCC(=O)N(C)CCCC(CCCC)CCCCCC|water,/nfs/home/nshank3/lanthanide_dataset_builder/data/geometries/Nd/Nd_Z60_ox3_CN9_nlig3_water_3095c50fd4a6.xyz,1,standard,84916450,40,5,250,0,accepted,True,,/nfs/home/nshank3/lanthanide_dataset_builder/data/processed/geometries_regenerated_fail_long_bond/accepted/Nd/Nd_Z60_ox3_CN9_nlig3_water_3095c50fd4a6_attempt01_standard.xyz,/nfs/home/nshank3/lanthanide_dataset_builder/data/processed/geometries_regenerated_fail_long_bond/accepted/Nd/Nd_Z60_ox3_CN9_nlig3_water_3095c50fd4a6_attempt01_standard.mol2,-10257.77588817505,,OK,nearest_coreCN_qc_ok,O232:2.252;O23:2.294;O130:2.331;O237:2.340;O18:2.342;O127:2.563;O125:2.595;O234:2.603;O20:2.799,2.799,4.0837,1.2847,O232:2.252;O23:2.294;O130:2.331;O237:2.340;O18:2.342;O127:2.563;O125:2.595;O234:2.603;O20:2.799;N238:4.084;N229:4.294;N24:4.403;N15:4.479;N131:4.486;N122:4.569
75,bd3b6d612c1f,Eu,63,3,CCCCCCCCCCCCN(CCCCCCCCCCCC)C(=O)COCCOCC(=O)N(CCCCCCCCCCCC)CCCCCCCCCCCC,"[26, 28, 31, 34]",4,9,2,water,63|CCCCCCCCCCCCN(CCCCCCCCCCCC)C(=O)COCCOCC(=O)N(CCCCCCCCCCCC)CCCCCCCCCCCC|water,/nfs/home/nshank3/lanthanide_dataset_builder/data/geometries/Eu/Eu_Z63_ox3_CN9_nlig2_water_bd3b6d612c1f.xyz,1,standard,724706931,40,5,250,8,build_failed,False,tetra_planar_bent,,,,no_structures_returned,BUILD_FAILED,no_structures_returned,,,,,
75,bd3b6d612c1f,Eu,63,3,CCCCCCCCCCCCN(CCCCCCCCCCCC)C(=O)COCCOCC(=O)N(CCCCCCCCCCCC)CCCCCCCCCCCC,"[26, 28, 31, 34]",4,9,2,water,63|CCCCCCCCCCCCN(CCCCCCCCCCCC)C(=O)COCCOCC(=O)N(CCCCCCCCCCCC)CCCCCCCCCCCC|water,/nfs/home/nshank3/lanthanide_dataset_builder/data/geometries/Eu/Eu_Z63_ox3_CN9_nlig2_water_bd3b6d612c1f.xyz,2,standard,724714850,50,6,250,0,accepted,True,tetra_planar_bent,/nfs/home/nshank3/lanthanide_dataset_builder/data/processed/geometries_regenerated_fail_long_bond/accepted/Eu/Eu_Z63_ox3_CN9_nlig2_water_bd3b6d612c1f_attempt02_standard.xyz,/nfs/home/nshank3/lanthanide_dataset_builder/data/processed/geometries_regenerated_fail_long_bond/accepted/Eu/Eu_Z63_ox3_CN9_nlig2_water_bd3b6d612c1f_attempt02_standard.mol2,-10641.72072527516,,OK,nearest_coreCN_qc_ok,O195:2.243;O27:2.276;O197:2.335;O203:2.353;O29:2.505;O35:2.507;O32:2.511;O200:2.577;O337:2.604,2.6036,4.196,1.5923,O195:2.243;O27:2.276;O197:2.335;O203:2.353;O29:2.505;O35:2.507;O32:2.511;O200:2.577;O337:2.604;N181:4.196;N204:4.399;N13:4.448;N36:4.558
219,eeaf9d72b5fd,Pr,59,3,CCCCCCCCN(CCCCCCCC)C(=O)C(C)OC(C)C(=O)N(CCCCCCCC)CCCCCCCC,"[18, 21, 25]",3,9,3,nitrate,59|CCCCCCCCN(CCCCCCCC)C(=O)C(C)OC(C)C(=O)N(CCCCCCCC)CCCCCCCC|nitrate,/nfs/home/nshank3/lanthanide_dataset_builder/data/geometries/Pr/Pr_Z59_ox3_CN9_nlig3_nitrate_eeaf9d72b5fd.xyz,2,standard,601269286,50,6,250,0,rejected_by_nearest_coreCN_qc,False,,/nfs/home/nshank3/lanthanide_dataset_builder/data/processed/geometries_regenerated_fail_long_bond/rejected/Pr/Pr_Z59_ox3_CN9_nlig3_nitrate_eeaf9d72b5fd_attempt02_standard.xyz,/nfs/home/nshank3/lanthanide_dataset_builder/data/processed/geometries_regenerated_fail_long_bond/rejected/Pr/Pr_Z59_ox3_CN9_nlig3_nitrate_eeaf9d72b5fd_attempt02_standard.mol2,-11288.773864374418,,FAIL_LONG_BOND,coreCN_max_dist>3.10,O19:2.263;O260:2.306;O22:2.308;O257:2.392;O26:2.529;O145:2.533;O264:2.753;O138:3.030;O141:3.409,3.4093,4.2954,0.8861,O19:2.263;O260:2.306;O22:2.308;O257:2.392;O26:2.529;O145:2.533;O264:2.753;O138:3.030;O141:3.409;N9:4.295;N27:4.512;N247:4.527;N265:4.677;N146:4.716;N128:4.946
197,22a9d1cb90fb,Nd,60,3,CCCCN(CCCC)C(=O)CCC(=O)N(CCCC)CCCC,"[10, 14]",2,9,4,nitrate,60|CCCCN(CCCC)C(=O)CCC(=O)N(CCCC)CCCC|nitrate,/nfs/home/nshank3/lanthanide_dataset_builder/data/geometries/Nd/Nd_Z60_ox3_CN9_nlig4_nitrate_22a9d1cb90fb.xyz,2,standard,2025998869,50,6,250,0,rejected_by_nearest_coreCN_qc,False,,/nfs/home/nshank3/lanthanide_dataset_builder/data/processed/geometries_regenerated_fail_long_bond/rejected/Nd/Nd_Z60_ox3_CN9_nlig4_nitrate_22a9d1cb90fb_attempt02_standard.xyz,/nfs/home/nshank3/lanthanide_dataset_builder/data/processed/geometries_regenerated_fail_long_bond/rejected/Nd/Nd_Z60_ox3_CN9_nlig4_nitrate_22a9d1cb90fb_attempt02_standard.mol2,-8553.167697536992,,FAIL_LONG_BOND,coreCN_max_dist>3.10,O203:2.267;O75:2.278;O139:2.320;O79:2.345;O11:2.392;O207:2.480;O15:2.625;O257:2.688;O143:3.209,3.2091,4.2484,1.0393,O203:2.267;O75:2.278;O139:2.320;O79:2.345;O11:2.392;O207:2.480;O15:2.625;O257:2.688;O143:3.209;N69:4.248;N133:4.309;N197:4.488;N80:4.534;N208:4.556;N5:4.564;N16:4.817;N144:5.428
92,ba4db0bfd97a,Eu,63,3,CCCCCCCCN(CCCCCCCC)C(=O)COC(C(=O)N(CCCCCCCC)CCCCCCCC)c1ccccc1,"[18, 20, 23]",3,9,3,nitrate,63|CCCCCCCCN(CCCCCCCC)C(=O)COC(C(=O)N(CCCCCCCC)CCCCCCCC)c1ccccc1|nitrate,/nfs/home/nshank3/lanthanide_dataset_builder/data/geometries/Eu/Eu_Z63_ox3_CN9_nlig3_nitrate_ba4db0bfd97a.xyz,2,standard,574113875,50,6,250,0,rejected_by_nearest_coreCN_qc,False,,/nfs/home/nshank3/lanthanide_dataset_builder/data/processed/geometries_regenerated_fail_long_bond/rejected/Eu/Eu_Z63_ox3_CN9_nlig3_nitrate_ba4db0bfd97a_attempt02_standard.xyz,/nfs/home/nshank3/lanthanide_dataset_builder/data/processed/geometries_regenerated_fail_long_bond/rejected/Eu/Eu_Z63_ox3_CN9_nlig3_nitrate_ba4db0bfd97a_attempt02_standard.mol2,-11987.67704578734,,FAIL_LONG_BOND,coreCN_max_dist>3.10,O265:2.148;O147:2.152;O24:2.157;O21:2.646;O270:2.815;O267:2.865;O19:2.880;O144:2.881;O142:3.175,3.1753,4.2336,1.0583,O265:2.148;O147:2.152;O24:2.157;O21:2.646;O270:2.815;O267:2.865;O19:2.880;O144:2.881;O142:3.175;N25:4.234;N255:4.246;N148:4.261;N271:4.995;N9:5.046;N132:5.330
15,03f87059d30f,Ce,58,3,CC(C)CCCC(C)CCCCN(C)C(=O)COCC(=O)N(C)CCCCC(C)CCCC(C)C,"[15, 17, 20]",3,9,3,water,58|CC(C)CCCC(C)CCCCN(C)C(=O)COCC(=O)N(C)CCCCC(C)CCCC(C)C|water,/nfs/home/nshank3/lanthanide_dataset_builder/data/geometries/Ce/Ce_Z58_ox3_CN9_nlig3_water_03f87059d30f.xyz,1,standard,2058379224,40,5,250,0,rejected_by_nearest_coreCN_qc,False,,/nfs/home/nshank3/lanthanide_dataset_builder/data/processed/geometries_regenerated_fail_long_bond/rejected/Ce/Ce_Z58_ox3_CN9_nlig3_water_03f87059d30f_attempt01_standard.xyz,/nfs/home/nshank3/lanthanide_dataset_builder/data/processed/geometries_regenerated_fail_long_bond/rejected/Ce/Ce_Z58_ox3_CN9_nlig3_water_03f87059d30f_attempt01_standard.mol2,-9225.02472498664,,FAIL_LONG_BOND,coreCN_max_dist>3.10,O16:2.371;O206:2.379;O116:2.459;O211:2.460;O111:2.745;O113:2.810;O18:2.949;O21:3.055;O208:3.145,3.1455,4.1147,0.9693,O16:2.371;O206:2.379;O116:2.459;O211:2.460;O111:2.745;O113:2.810;O18:2.949;O21:3.055;O208:3.145;N203:4.115;N13:4.513;N117:4.556;N212:4.567;N108:4.901;N22:5.190
15,03f87059d30f,Ce,58,3,CC(C)CCCC(C)CCCCN(C)C(=O)COCC(=O)N(C)CCCCC(C)CCCC(C)C,"[15, 17, 20]",3,9,3,water,58|CC(C)CCCC(C)CCCCN(C)C(=O)COCC(=O)N(C)CCCCC(C)CCCC(C)C|water,/nfs/home/nshank3/lanthanide_dataset_builder/data/geometries/Ce/Ce_Z58_ox3_CN9_nlig3_water_03f87059d30f.xyz,2,standard,2058387143,50,6,250,0,accepted,True,,/nfs/home/nshank3/lanthanide_dataset_builder/data/processed/geometries_regenerated_fail_long_bond/accepted/Ce/Ce_Z58_ox3_CN9_nlig3_water_03f87059d30f_attempt02_standard.xyz,/nfs/home/nshank3/lanthanide_dataset_builder/data/processed/geometries_regenerated_fail_long_bond/accepted/Ce/Ce_Z58_ox3_CN9_nlig3_water_03f87059d30f_attempt02_standard.mol2,-9226.39813128115,,OK,nearest_coreCN_qc_ok,O116:2.248;O206:2.268;O16:2.325;O211:2.355;O111:2.361;O113:2.455;O21:2.540;O208:2.627;O18:2.794,2.7944,4.2101,1.4156,O116:2.248;O206:2.268;O16:2.325;O211:2.355;O111:2.361;O113:2.455;O21:2.540;O208:2.627;O18:2.794;N117:4.210;N203:4.425;N212:4.459;N108:4.508;N13:4.525;N22:4.698
101,611528cad430,Eu,63,3,CCCCCCC(CCCC)CCCN(C)C(=O)COCC(=O)N(C)CCCC(CCCC)CCCCCC,"[17, 19, 22]",3,9,3,water,63|CCCCCCC(CCCC)CCCN(C)C(=O)COCC(=O)N(C)CCCC(CCCC)CCCCCC|water,/nfs/home/nshank3/lanthanide_dataset_builder/data/geometries/Eu/Eu_Z63_ox3_CN9_nlig3_water_611528cad430.xyz,1,standard,347179012,40,5,250,0,accepted,True,,/nfs/home/nshank3/lanthanide_dataset_builder/data/processed/geometries_regenerated_fail_long_bond/accepted/Eu/Eu_Z63_ox3_CN9_nlig3_water_611528cad430_attempt01_standard.xyz,/nfs/home/nshank3/lanthanide_dataset_builder/data/processed/geometries_regenerated_fail_long_bond/accepted/Eu/Eu_Z63_ox3_CN9_nlig3_water_611528cad430_attempt01_standard.mol2,-10255.167694462967,,OK,nearest_coreCN_qc_ok,O232:2.179;O130:2.210;O23:2.329;O127:2.378;O18:2.503;O20:2.558;O125:2.609;O234:2.634;O237:2.760,2.7598,4.1428,1.383,O232:2.179;O130:2.210;O23:2.329;O127:2.378;O18:2.503;O20:2.558;O125:2.609;O234:2.634;O237:2.760;N131:4.143;N229:4.327;N24:4.480;N15:4.486;N122:4.567;N238:4.661
125,b8f750590859,Gd,64,3,CCCCCCCCCCCCN(CCCCCCCCCCCC)C(=O)COCCOCC(=O)N(CCCCCCCCCCCC)CCCCCCCCCCCC,"[26, 28, 31, 34]",4,9,2,water,64|CCCCCCCCCCCCN(CCCCCCCCCCCC)C(=O)COCCOCC(=O)N(CCCCCCCCCCCC)CCCCCCCCCCCC|water,/nfs/home/nshank3/lanthanide_dataset_builder/data/geometries/Gd/Gd_Z64_ox3_CN9_nlig2_water_b8f750590859.xyz,1,standard,1191378998,40,5,250,0,rejected_by_nearest_coreCN_qc,False,tetra_planar_bent,/nfs/home/nshank3/lanthanide_dataset_builder/data/processed/geometries_regenerated_fail_long_bond/rejected/Gd/Gd_Z64_ox3_CN9_nlig2_water_b8f750590859_attempt01_standard.xyz,/nfs/home/nshank3/lanthanide_dataset_builder/data/processed/geometries_regenerated_fail_long_bond/rejected/Gd/Gd_Z64_ox3_CN9_nlig2_water_b8f750590859_attempt01_standard.mol2,-10639.413009459966,,FAIL_LONG_BOND,coreCN_max_dist>3.10,O27:2.170;O35:2.270;O203:2.283;O29:2.300;O195:2.393;O32:2.405;O197:2.449;O200:2.557;O337:3.365,3.3647,4.146,0.7813,O27:2.170;O35:2.270;O203:2.283;O29:2.300;O195:2.393;O32:2.405;O197:2.449;O200:2.557;O337:3.365;N13:4.146;N36:4.384;N181:4.468;N204:4.477
125,b8f750590859,Gd,64,3,CCCCCCCCCCCCN(CCCCCCCCCCCC)C(=O)COCCOCC(=O)N(CCCCCCCCCCCC)CCCCCCCCCCCC,"[26, 28, 31, 34]",4,9,2,water,64|CCCCCCCCCCCCN(CCCCCCCCCCCC)C(=O)COCCOCC(=O)N(CCCCCCCCCCCC)CCCCCCCCCCCC|water,/nfs/home/nshank3/lanthanide_dataset_builder/data/geometries/Gd/Gd_Z64_ox3_CN9_nlig2_water_b8f750590859.xyz,2,standard,1191386917,50,6,250,0,accepted,True,tetra_planar_bent,/nfs/home/nshank3/lanthanide_dataset_builder/data/processed/geometries_regenerated_fail_long_bond/accepted/Gd/Gd_Z64_ox3_CN9_nlig2_water_b8f750590859_attempt02_standard.xyz,/nfs/home/nshank3/lanthanide_dataset_builder/data/processed/geometries_regenerated_fail_long_bond/accepted/Gd/Gd_Z64_ox3_CN9_nlig2_water_b8f750590859_attempt02_standard.mol2,-10642.45103937178,,OK,nearest_coreCN_qc_ok,O27:2.266;O35:2.311;O203:2.359;O195:2.359;O337:2.478;O200:2.488;O29:2.690;O197:2.727;O32:2.729,2.7294,4.463,1.7336,O27:2.266;O35:2.311;O203:2.359;O195:2.359;O337:2.478;O200:2.488;O29:2.690;O197:2.727;O32:2.729;N13:4.463;N204:4.514;N36:4.525;N181:4.568
236,4e47a8aea4f6,Sm,62,3,CCCCN(CCCC)C(=O)CCC(=O)N(CCCC)CCCC,"[10, 14]",2,9,4,nitrate,62|CCCCN(CCCC)C(=O)CCC(=O)N(CCCC)CCCC|nitrate,/nfs/home/nshank3/lanthanide_dataset_builder/data/geometries/Sm/Sm_Z62_ox3_CN9_nlig4_nitrate_4e47a8aea4f6.xyz,1,standard,809053568,40,5,250,0,accepted,True,,/nfs/home/nshank3/lanthanide_dataset_builder/data/processed/geometries_regenerated_fail_long_bond/accepted/Sm/Sm_Z62_ox3_CN9_nlig4_nitrate_4e47a8aea4f6_attempt01_standard.xyz,/nfs/home/nshank3/lanthanide_dataset_builder/data/processed/geometries_regenerated_fail_long_bond/accepted/Sm/Sm_Z62_ox3_CN9_nlig4_nitrate_4e47a8aea4f6_attempt01_standard.mol2,-8553.417537190404,,OK,nearest_coreCN_qc_ok,O11:2.308;O139:2.431;O79:2.448;O203:2.498;O143:2.505;O75:2.579;O207:2.708;O15:2.767;O257:2.830,2.8298,4.3813,1.5515,O11:2.308;O139:2.431;O79:2.448;O203:2.498;O143:2.505;O75:2.579;O207:2.708;O15:2.767;O257:2.830;N5:4.381;N80:4.586;N16:4.590;N133:4.608;N144:4.715;N197:4.720;N69:4.754;N208:4.863
83,5a7b8d4059f6,Eu,63,3,CCCCCCCCN(CCCCCCCC)C(=O)C(C)OC(C(=O)N(CCCCCCCC)CCCCCCCC)c1ccccc1,"[18, 21, 24]",3,9,3,nitrate,63|CCCCCCCCN(CCCCCCCC)C(=O)C(C)OC(C(=O)N(CCCCCCCC)CCCCCCCC)c1ccccc1|nitrate,/nfs/home/nshank3/lanthanide_dataset_builder/data/geometries/Eu/Eu_Z63_ox3_CN9_nlig3_nitrate_5a7b8d4059f6.xyz,1,standard,1952650916,40,5,250,-6,build_failed,False,,,,,free(): invalid next size (normal),BUILD_FAILED,free(): invalid next size (normal),,,,,
83,5a7b8d4059f6,Eu,63,3,CCCCCCCCN(CCCCCCCC)C(=O)C(C)OC(C(=O)N(CCCCCCCC)CCCCCCCC)c1ccccc1,"[18, 21, 24]",3,9,3,nitrate,63|CCCCCCCCN(CCCCCCCC)C(=O)C(C)OC(C(=O)N(CCCCCCCC)CCCCCCCC)c1ccccc1|nitrate,/nfs/home/nshank3/lanthanide_dataset_builder/data/geometries/Eu/Eu_Z63_ox3_CN9_nlig3_nitrate_5a7b8d4059f6.xyz,2,standard,1952658835,50,6,250,124,failed_timeout,False,,,,,exceeded 2400s,BUILD_FAILED,timeout,,,,,
220,1008ab9ab6ef,Pr,59,3,CC(C)CCCC(C)CCCCN(C)C(=O)COCC(=O)N(C)CCCCC(C)CCCC(C)C,"[15, 17, 20]",3,9,3,water,59|CC(C)CCCC(C)CCCCN(C)C(=O)COCC(=O)N(C)CCCCC(C)CCCC(C)C|water,/nfs/home/nshank3/lanthanide_dataset_builder/data/geometries/Pr/Pr_Z59_ox3_CN9_nlig3_water_1008ab9ab6ef.xyz,1,standard,831679341,40,5,250,0,accepted,True,,/nfs/home/nshank3/lanthanide_dataset_builder/data/processed/geometries_regenerated_fail_long_bond/accepted/Pr/Pr_Z59_ox3_CN9_nlig3_water_1008ab9ab6ef_attempt01_standard.xyz,/nfs/home/nshank3/lanthanide_dataset_builder/data/processed/geometries_regenerated_fail_long_bond/accepted/Pr/Pr_Z59_ox3_CN9_nlig3_water_1008ab9ab6ef_attempt01_standard.mol2,-9224.974415198243,,OK,nearest_coreCN_qc_ok,O21:2.255;O116:2.359;O211:2.363;O16:2.382;O111:2.434;O208:2.557;O206:2.692;O113:2.803;O18:2.805,2.8048,4.3481,1.5432,O21:2.255;O116:2.359;O211:2.363;O16:2.382;O111:2.434;O208:2.557;O206:2.692;O113:2.803;O18:2.805;N117:4.348;N212:4.412;N22:4.458;N13:4.512;N108:4.611;N203:4.840
104,b1bab48b743d,Eu,63,3,CCCCCCCCN(CCCCCCCC)C(=O)COCC(=O)NCc1cccc(CNC(=O)COCC(=O)N(CCCCCCCC)CCCCCCCC)c1,"[18, 20, 23]",3,9,3,water,63|CCCCCCCCN(CCCCCCCC)C(=O)COCC(=O)NCc1cccc(CNC(=O)COCC(=O)N(CCCCCCCC)CCCCCCCC)c1|water,/nfs/home/nshank3/lanthanide_dataset_builder/data/geometries/Eu/Eu_Z63_ox3_CN9_nlig3_water_b1bab48b743d.xyz,1,standard,271398565,40,5,250,-6,build_failed,False,,,,,double free or corruption (!prev),BUILD_FAILED,double free or corruption (!prev),,,,,
104,b1bab48b743d,Eu,63,3,CCCCCCCCN(CCCCCCCC)C(=O)COCC(=O)NCc1cccc(CNC(=O)COCC(=O)N(CCCCCCCC)CCCCCCCC)c1,"[18, 20, 23]",3,9,3,water,63|CCCCCCCCN(CCCCCCCC)C(=O)COCC(=O)NCc1cccc(CNC(=O)COCC(=O)N(CCCCCCCC)CCCCCCCC)c1|water,/nfs/home/nshank3/lanthanide_dataset_builder/data/geometries/Eu/Eu_Z63_ox3_CN9_nlig3_water_b1bab48b743d.xyz,2,standard,271406484,50,6,250,0,accepted,True,,/nfs/home/nshank3/lanthanide_dataset_builder/data/processed/geometries_regenerated_fail_long_bond/accepted/Eu/Eu_Z63_ox3_CN9_nlig3_water_b1bab48b743d_attempt02_standard.xyz,/nfs/home/nshank3/lanthanide_dataset_builder/data/processed/geometries_regenerated_fail_long_bond/accepted/Eu/Eu_Z63_ox3_CN9_nlig3_water_b1bab48b743d_attempt02_standard.mol2,-14932.889980819546,,OK,nearest_coreCN_qc_ok,O168:2.299;O312:2.319;O19:2.391;O163:2.431;O24:2.434;O21:2.512;O309:2.520;O307:2.526;O165:2.542,2.5417,4.177,1.6353,O168:2.299;O312:2.319;O19:2.391;O163:2.431;O24:2.434;O21:2.512;O309:2.520;O307:2.526;O165:2.542;N313:4.177;N169:4.219;N25:4.336;N9:4.535;N153:4.591;N297:4.662;O179:5.850;O35:5.915;O323:5.994;O184:6.457;O181:6.474;O328:6.538;O37:6.614;O325:6.640;O40:6.937;N177:7.326;N321:7.479;N33:7.519;N185:7.774;N329:7.954;N41:8.336
110,fdb14b12fa26,Eu,63,3,CCCCCCCCN(CCCCCCCC)C(=O)CCOCCC(=O)N(CCCCCCCC)CCCCCCCC,"[18, 21, 25]",3,9,3,water,63|CCCCCCCCN(CCCCCCCC)C(=O)CCOCCC(=O)N(CCCCCCCC)CCCCCCCC|water,/nfs/home/nshank3/lanthanide_dataset_builder/data/geometries/Eu/Eu_Z63_ox3_CN9_nlig3_water_fdb14b12fa26.xyz,1,standard,1580222585,40,5,250,0,rejected_by_nearest_coreCN_qc,False,,/nfs/home/nshank3/lanthanide_dataset_builder/data/processed/geometries_regenerated_fail_long_bond/rejected/Eu/Eu_Z63_ox3_CN9_nlig3_water_fdb14b12fa26_attempt01_standard.xyz,/nfs/home/nshank3/lanthanide_dataset_builder/data/processed/geometries_regenerated_fail_long_bond/rejected/Eu/Eu_Z63_ox3_CN9_nlig3_water_fdb14b12fa26_attempt01_standard.mol2,-11292.034913681837,,FAIL_LONG_BOND,coreCN_max_dist>3.10,O264:2.346;O141:2.414;O138:2.453;O26:2.499;O22:2.530;O19:2.562;O257:2.599;O145:2.817;O260:3.130,3.1302,4.512,1.3818,O264:2.346;O141:2.414;O138:2.453;O26:2.499;O22:2.530;O19:2.562;O257:2.599;O145:2.817;O260:3.130;N265:4.512;N128:4.538;N27:4.646;N247:4.674;N9:4.736;N146:4.895
110,fdb14b12fa26,Eu,63,3,CCCCCCCCN(CCCCCCCC)C(=O)CCOCCC(=O)N(CCCCCCCC)CCCCCCCC,"[18, 21, 25]",3,9,3,water,63|CCCCCCCCN(CCCCCCCC)C(=O)CCOCCC(=O)N(CCCCCCCC)CCCCCCCC|water,/nfs/home/nshank3/lanthanide_dataset_builder/data/geometries/Eu/Eu_Z63_ox3_CN9_nlig3_water_fdb14b12fa26.xyz,2,standard,1580230504,50,6,250,0,accepted,True,,/nfs/home/nshank3/lanthanide_dataset_builder/data/processed/geometries_regenerated_fail_long_bond/accepted/Eu/Eu_Z63_ox3_CN9_nlig3_water_fdb14b12fa26_attempt02_standard.xyz,/nfs/home/nshank3/lanthanide_dataset_builder/data/processed/geometries_regenerated_fail_long_bond/accepted/Eu/Eu_Z63_ox3_CN9_nlig3_water_fdb14b12fa26_attempt02_standard.mol2,-11291.647633104736,,OK,nearest_coreCN_qc_ok,O138:2.268;O19:2.307;O257:2.318;O26:2.350;O145:2.492;O264:2.512;O141:2.662;O22:2.677;O260:2.799,2.7988,4.4726,1.6738,O138:2.268;O19:2.307;O257:2.318;O26:2.350;O145:2.492;O264:2.512;O141:2.662;O22:2.677;O260:2.799;N128:4.473;N9:4.496;N247:4.546;N27:4.608;N265:4.678;N146:4.686
115,e12925d7cdf4,Eu,63,3,CCCCCCN(CCCCCC)C(=O)CC(=O)N(CCCCCC)CCCCCC,"[14, 17]",2,9,4,nitrate,63|CCCCCCN(CCCCCC)C(=O)CC(=O)N(CCCCCC)CCCCCC|nitrate,/nfs/home/nshank3/lanthanide_dataset_builder/data/geometries/Eu/Eu_Z63_ox3_CN9_nlig4_nitrate_e12925d7cdf4.xyz,1,standard,1567274160,40,5,250,0,accepted,True,,/nfs/home/nshank3/lanthanide_dataset_builder/data/processed/geometries_regenerated_fail_long_bond/accepted/Eu/Eu_Z63_ox3_CN9_nlig4_nitrate_e12925d7cdf4_attempt01_standard.xyz,/nfs/home/nshank3/lanthanide_dataset_builder/data/processed/geometries_regenerated_fail_long_bond/accepted/Eu/Eu_Z63_ox3_CN9_nlig4_nitrate_e12925d7cdf4_attempt01_standard.mol2,-10965.361314596285,,OK,nearest_coreCN_qc_ok,O100:2.285;O273:2.328;O270:2.378;O185:2.385;O103:2.392;O188:2.418;O18:2.559;O15:2.616;O341:2.765,2.765,4.324,1.559,O100:2.285;O273:2.328;O270:2.378;O185:2.385;O103:2.392;O188:2.418;O18:2.559;O15:2.616;O341:2.765;N262:4.324;N92:4.386;N177:4.495;N274:4.546;N104:4.573;N189:4.599;N19:4.792;N7:4.815
166,e1ef5a6db0e5,La,57,3,CCCCCCCCN(C)C(=O)CC(=O)N(C)CCCCCCCC,"[11, 14]",2,9,4,nitrate,57|CCCCCCCCN(C)C(=O)CC(=O)N(C)CCCCCCCC|nitrate,/nfs/home/nshank3/lanthanide_dataset_builder/data/geometries/La/La_Z57_ox3_CN9_nlig4_nitrate_e1ef5a6db0e5.xyz,1,standard,1874195555,40,5,250,0,accepted,True,,/nfs/home/nshank3/lanthanide_dataset_builder/data/processed/geometries_regenerated_fail_long_bond/accepted/La/La_Z57_ox3_CN9_nlig4_nitrate_e1ef5a6db0e5_attempt01_standard.xyz,/nfs/home/nshank3/lanthanide_dataset_builder/data/processed/geometries_regenerated_fail_long_bond/accepted/La/La_Z57_ox3_CN9_nlig4_nitrate_e1ef5a6db0e5_attempt01_standard.mol2,-8899.803327934516,,OK,nearest_coreCN_qc_ok,O216:2.367;O149:2.424;O213:2.516;O146:2.535;O79:2.584;O82:2.643;O12:2.689;O15:2.739;O269:2.928,2.9278,4.5703,1.6425,O216:2.367;O149:2.424;O213:2.516;O146:2.535;O79:2.584;O82:2.643;O12:2.689;O15:2.739;O269:2.928;N217:4.570;N150:4.587;N143:4.705;N210:4.723;N76:4.823;N83:4.866;N9:4.905;N16:4.943
84,6587dff62b60,Eu,63,3,CCCCC(CC)CN(CC(CC)CCCC)C(=O)COCC(=O)N(CC(CC)CCCC)CC(CC)CCCC,"[18, 20, 23]",3,9,3,nitrate,63|CCCCC(CC)CN(CC(CC)CCCC)C(=O)COCC(=O)N(CC(CC)CCCC)CC(CC)CCCC|nitrate,/nfs/home/nshank3/lanthanide_dataset_builder/data/geometries/Eu/Eu_Z63_ox3_CN9_nlig3_nitrate_6587dff62b60.xyz,1,standard,849910756,40,5,250,0,accepted,True,,/nfs/home/nshank3/lanthanide_dataset_builder/data/processed/geometries_regenerated_fail_long_bond/accepted/Eu/Eu_Z63_ox3_CN9_nlig3_nitrate_6587dff62b60_attempt01_standard.xyz,/nfs/home/nshank3/lanthanide_dataset_builder/data/processed/geometries_regenerated_fail_long_bond/accepted/Eu/Eu_Z63_ox3_CN9_nlig3_nitrate_6587dff62b60_attempt01_standard.mol2,-10773.288804657244,,OK,nearest_coreCN_qc_ok,O137:2.345;O24:2.444;O245:2.462;O250:2.519;O247:2.633;O19:2.645;O134:2.647;O132:2.727;O21:2.827,2.827,4.5206,1.6936,O137:2.345;O24:2.444;O245:2.462;O250:2.519;O247:2.633;O19:2.645;O134:2.647;O132:2.727;O21:2.827;N138:4.521;N235:4.545;N25:4.572;N251:4.646;N9:4.833;N122:4.902
196,f8c51a63947a,Nd,60,3,CC(C)CCCC(C)CCCCN(C)C(=O)COCC(=O)N(C)CCCCC(C)CCCC(C)C,"[15, 17, 20]",3,9,3,water,60|CC(C)CCCC(C)CCCCN(C)C(=O)COCC(=O)N(C)CCCCC(C)CCCC(C)C|water,/nfs/home/nshank3/lanthanide_dataset_builder/data/geometries/Nd/Nd_Z60_ox3_CN9_nlig3_water_f8c51a63947a.xyz,1,standard,885572391,40,5,250,0,rejected_by_nearest_coreCN_qc,False,,/nfs/home/nshank3/lanthanide_dataset_builder/data/processed/geometries_regenerated_fail_long_bond/rejected/Nd/Nd_Z60_ox3_CN9_nlig3_water_f8c51a63947a_attempt01_standard.xyz,/nfs/home/nshank3/lanthanide_dataset_builder/data/processed/geometries_regenerated_fail_long_bond/rejected/Nd/Nd_Z60_ox3_CN9_nlig3_water_f8c51a63947a_attempt01_standard.mol2,-9224.428584145871,,FAIL_LONG_BOND,coreCN_max_dist>3.10,O21:2.257;O206:2.457;O111:2.501;O16:2.600;O113:2.719;O116:2.763;O208:2.846;O18:2.914;O211:3.359,3.3586,4.4521,1.0935,O21:2.257;O206:2.457;O111:2.501;O16:2.600;O113:2.719;O116:2.763;O208:2.846;O18:2.914;O211:3.359;N22:4.452;N13:4.566;N108:4.575;N203:4.684;N117:4.931;N212:5.210
196,f8c51a63947a,Nd,60,3,CC(C)CCCC(C)CCCCN(C)C(=O)COCC(=O)N(C)CCCCC(C)CCCC(C)C,"[15, 17, 20]",3,9,3,water,60|CC(C)CCCC(C)CCCCN(C)C(=O)COCC(=O)N(C)CCCCC(C)CCCC(C)C|water,/nfs/home/nshank3/lanthanide_dataset_builder/data/geometries/Nd/Nd_Z60_ox3_CN9_nlig3_water_f8c51a63947a.xyz,2,standard,885580310,50,6,250,0,accepted,True,,/nfs/home/nshank3/lanthanide_dataset_builder/data/processed/geometries_regenerated_fail_long_bond/accepted/Nd/Nd_Z60_ox3_CN9_nlig3_water_f8c51a63947a_attempt02_standard.xyz,/nfs/home/nshank3/lanthanide_dataset_builder/data/processed/geometries_regenerated_fail_long_bond/accepted/Nd/Nd_Z60_ox3_CN9_nlig3_water_f8c51a63947a_attempt02_standard.mol2,-9224.522371206836,,OK,nearest_coreCN_qc_ok,O211:2.163;O21:2.249;O206:2.290;O111:2.497;O116:2.552;O113:2.631;O18:2.679;O208:2.850;O16:2.917,2.9171,3.6319,0.7147,O211:2.163;O21:2.249;O206:2.290;O111:2.497;O116:2.552;O113:2.631;O18:2.679;O208:2.850;O16:2.917;N212:3.632;N22:4.414;N108:4.438;N203:4.502;N117:4.701;N13:5.029
82,57344db3e043,Eu,63,3,CCCCCCCCN(CCCCCCCC)C(=O)COCP(=O)(CCCC)CCCC,"[18, 20, 23]",3,9,3,nitrate,63|CCCCCCCCN(CCCCCCCC)C(=O)COCP(=O)(CCCC)CCCC|nitrate,/nfs/home/nshank3/lanthanide_dataset_builder/data/geometries/Eu/Eu_Z63_ox3_CN9_nlig3_nitrate_57344db3e043.xyz,1,standard,1608488977,40,5,250,0,accepted,True,,/nfs/home/nshank3/lanthanide_dataset_builder/data/processed/geometries_regenerated_fail_long_bond/accepted/Eu/Eu_Z63_ox3_CN9_nlig3_nitrate_57344db3e043_attempt01_standard.xyz,/nfs/home/nshank3/lanthanide_dataset_builder/data/processed/geometries_regenerated_fail_long_bond/accepted/Eu/Eu_Z63_ox3_CN9_nlig3_nitrate_57344db3e043_attempt01_standard.mol2,-8504.076518221427,,OK,nearest_coreCN_qc_ok,O195:2.229;O112:2.288;O200:2.332;O19:2.364;O107:2.439;O24:2.580;O21:2.713;O197:2.726;O109:2.755,2.7551,3.5168,0.7617,O195:2.229;O112:2.288;O200:2.332;O19:2.364;O107:2.439;O24:2.580;O21:2.713;O197:2.726;O109:2.755;P199:3.517;P111:3.541;P23:3.676;N185:4.367;N9:4.557;N97:4.624
163,89b393ce8294,La,57,3,CCCCCCCCC(C)(C)SCC1CN(C(=O)COCC(=O)N2CC(C)C(CSC(C)(C)CCCCCCCC)C2)CC1C,"[17, 19, 22]",3,9,3,water,57|CCCCCCCCC(C)(C)SCC1CN(C(=O)COCC(=O)N2CC(C)C(CSC(C)(C)CCCCCCCC)C2)CC1C|water,/nfs/home/nshank3/lanthanide_dataset_builder/data/geometries/La/La_Z57_ox3_CN9_nlig3_water_89b393ce8294.xyz,1,standard,2000709872,40,5,250,0,accepted,True,,/nfs/home/nshank3/lanthanide_dataset_builder/data/processed/geometries_regenerated_fail_long_bond/accepted/La/La_Z57_ox3_CN9_nlig3_water_89b393ce8294_attempt01_standard.xyz,/nfs/home/nshank3/lanthanide_dataset_builder/data/processed/geometries_regenerated_fail_long_bond/accepted/La/La_Z57_ox3_CN9_nlig3_water_89b393ce8294_attempt01_standard.mol2,-11654.270649503953,,OK,nearest_coreCN_qc_ok,O252:2.320;O18:2.334;O135:2.375;O140:2.632;O23:2.657;O254:2.667;O137:2.702;O20:2.750;O257:2.767,2.7671,4.2873,1.5202,O252:2.320;O18:2.334;O135:2.375;O140:2.632;O23:2.657;O254:2.667;O137:2.702;O20:2.750;O257:2.767;N250:4.287;N16:4.337;N133:4.376;N141:4.778;N24:4.840;N258:4.907;S12:6.604;S129:6.653;S246:6.664;S264:8.126;S147:8.209;S30:8.299
235,c3c900cb0dfb,Sm,62,3,CCCCCCCCN(C)C(=O)COCC(=O)N(CCCCCCCC)CCCCCCCC,"[11, 13, 16]",3,9,3,water,62|CCCCCCCCN(C)C(=O)COCC(=O)N(CCCCCCCC)CCCCCCCC|water,/nfs/home/nshank3/lanthanide_dataset_builder/data/geometries/Sm/Sm_Z62_ox3_CN9_nlig3_water_c3c900cb0dfb.xyz,2,standard,2108103106,50,6,250,0,rejected_by_nearest_coreCN_qc,False,,/nfs/home/nshank3/lanthanide_dataset_builder/data/processed/geometries_regenerated_fail_long_bond/rejected/Sm/Sm_Z62_ox3_CN9_nlig3_water_c3c900cb0dfb_attempt02_standard.xyz,/nfs/home/nshank3/lanthanide_dataset_builder/data/processed/geometries_regenerated_fail_long_bond/rejected/Sm/Sm_Z62_ox3_CN9_nlig3_water_c3c900cb0dfb_attempt02_standard.mol2,-8965.487595532868,,FAIL_LONG_BOND,coreCN_max_dist>3.10,O104:2.254;O198:2.289;O196:2.318;O106:2.390;O109:2.471;O17:2.482;O201:2.594;O12:3.003;O14:3.122,3.1224,4.3462,1.2238,O104:2.254;O198:2.289;O196:2.318;O106:2.390;O109:2.471;O17:2.482;O201:2.594;O12:3.003;O14:3.122;N193:4.346;N110:4.352;N101:4.397;N202:4.542;N18:4.732;N9:5.089
37,84835de65489,Er,68,3,CCCCCCCCN(C)C(=O)C(CCCCCC)C(=O)N(C)CCCCCCCC,"[11, 20]",2,8,4,nitrate,68|CCCCCCCCN(C)C(=O)C(CCCCCC)C(=O)N(C)CCCCCCCC|nitrate,/nfs/home/nshank3/lanthanide_dataset_builder/data/geometries/Er/Er_Z68_ox3_CN8_nlig4_nitrate_84835de65489.xyz,1,standard,1105050868,40,5,250,0,accepted,True,,/nfs/home/nshank3/lanthanide_dataset_builder/data/processed/geometries_regenerated_fail_long_bond/accepted/Er/Er_Z68_ox3_CN8_nlig4_nitrate_84835de65489_attempt01_standard.xyz,/nfs/home/nshank3/lanthanide_dataset_builder/data/processed/geometries_regenerated_fail_long_bond/accepted/Er/Er_Z68_ox3_CN8_nlig4_nitrate_84835de65489_attempt01_standard.mol2,-10820.606505055586,,OK,nearest_coreCN_qc_ok,O276:2.273;O21:2.569;O106:2.667;O12:2.706;O182:2.776;O191:2.789;O267:2.873;O97:2.873,2.8727,4.4882,1.6155,O276:2.273;O21:2.569;O106:2.667;O12:2.706;O182:2.776;O191:2.789;O267:2.873;O97:2.873;N277:4.488;N22:4.542;N107:4.867;N9:4.918;N179:4.921;N192:5.045;N264:5.105;N94:5.138
258,152a7e128511,Yb,70,3,CCCCCCCCP(=O)(CC(=O)N(CC(C)C)CC(C)C)c1ccccc1,"[9, 12]",2,8,4,nitrate,70|CCCCCCCCP(=O)(CC(=O)N(CC(C)C)CC(C)C)c1ccccc1|nitrate,/nfs/home/nshank3/lanthanide_dataset_builder/data/geometries/Yb/Yb_Z70_ox3_CN8_nlig4_nitrate_152a7e128511.xyz,1,standard,1600421236,40,5,250,0,accepted,True,,/nfs/home/nshank3/lanthanide_dataset_builder/data/processed/geometries_regenerated_fail_long_bond/accepted/Yb/Yb_Z70_ox3_CN8_nlig4_nitrate_152a7e128511_attempt01_standard.xyz,/nfs/home/nshank3/lanthanide_dataset_builder/data/processed/geometries_regenerated_fail_long_bond/accepted/Yb/Yb_Z70_ox3_CN8_nlig4_nitrate_152a7e128511_attempt01_standard.mol2,-9415.798838297016,,OK,nearest_coreCN_qc_ok,O220:2.298;O150:2.321;O80:2.351;O13:2.405;O83:2.465;O10:2.523;O223:2.612;O153:2.664,2.6643,3.5349,0.8706,O220:2.298;O150:2.321;O80:2.351;O13:2.405;O83:2.465;O10:2.523;O223:2.612;O153:2.664;P9:3.535;P149:3.555;P79:3.633;P219:3.658;N14:4.642;N84:4.703;N224:4.859;N154:4.927
234,43a07be1eb37,Sm,62,3,CC(C)CCCC(C)CCCCN(C)C(=O)COCC(=O)N(C)CCCCC(C)CCCC(C)C,"[15, 17, 20]",3,9,3,water,62|CC(C)CCCC(C)CCCCN(C)C(=O)COCC(=O)N(C)CCCCC(C)CCCC(C)C|water,/nfs/home/nshank3/lanthanide_dataset_builder/data/geometries/Sm/Sm_Z62_ox3_CN9_nlig3_water_43a07be1eb37.xyz,1,standard,1862662633,40,5,250,0,accepted,True,,/nfs/home/nshank3/lanthanide_dataset_builder/data/processed/geometries_regenerated_fail_long_bond/accepted/Sm/Sm_Z62_ox3_CN9_nlig3_water_43a07be1eb37_attempt01_standard.xyz,/nfs/home/nshank3/lanthanide_dataset_builder/data/processed/geometries_regenerated_fail_long_bond/accepted/Sm/Sm_Z62_ox3_CN9_nlig3_water_43a07be1eb37_attempt01_standard.mol2,-9225.837558798165,,OK,nearest_coreCN_qc_ok,O206:2.368;O21:2.370;O111:2.388;O16:2.404;O116:2.413;O113:2.485;O211:2.568;O18:2.721;O208:2.762,2.7622,4.4737,1.7115,O206:2.368;O21:2.370;O111:2.388;O16:2.404;O116:2.413;O113:2.485;O211:2.568;O18:2.721;O208:2.762;N117:4.474;N108:4.494;N203:4.550;N22:4.571;N13:4.599;N212:4.620
123,fc5e058253f6,Gd,64,3,CCCc1nnc(-c2cccc(-c3nnc(CCC)c(CCC)n3)n2)nc1CCC,"[4, 5, 13, 14, 23, 24, 25]",7,9,1,nitrate,64|CCCc1nnc(-c2cccc(-c3nnc(CCC)c(CCC)n3)n2)nc1CCC|nitrate,/nfs/home/nshank3/lanthanide_dataset_builder/data/geometries/Gd/Gd_Z64_ox3_CN9_nlig1_nitrate_fc5e058253f6.xyz,2,standard,1028781144,50,6,250,0,rejected_by_nearest_coreCN_qc,False,,/nfs/home/nshank3/lanthanide_dataset_builder/data/processed/geometries_regenerated_fail_long_bond/rejected/Gd/Gd_Z64_ox3_CN9_nlig1_nitrate_fc5e058253f6_attempt02_standard.xyz,/nfs/home/nshank3/lanthanide_dataset_builder/data/processed/geometries_regenerated_fail_long_bond/rejected/Gd/Gd_Z64_ox3_CN9_nlig1_nitrate_fc5e058253f6_attempt02_standard.mol2,-2743.3751725753064,,FAIL_LONG_BOND,coreCN_max_dist>3.10,O64:2.041;O65:2.046;N25:2.334;N62:2.395;N6:2.401;N5:2.422;N24:2.478;N26:3.094;O63:3.524,3.524,3.7404,0.2164,O64:2.041;O65:2.046;N25:2.334;N62:2.395;N6:2.401;N5:2.422;N24:2.478;N26:3.094;O63:3.524;N14:3.740;N15:3.818
164,26475200f159,La,57,3,CCCCCCCCN(C)C(=O)C(CCCCCC)C(=O)N(C)CCCCCCCC,"[11, 20]",2,9,4,nitrate,57|CCCCCCCCN(C)C(=O)C(CCCCCC)C(=O)N(C)CCCCCCCC|nitrate,/nfs/home/nshank3/lanthanide_dataset_builder/data/geometries/La/La_Z57_ox3_CN9_nlig4_nitrate_26475200f159.xyz,1,standard,1293476953,40,5,250,0,accepted,True,,/nfs/home/nshank3/lanthanide_dataset_builder/data/processed/geometries_regenerated_fail_long_bond/accepted/La/La_Z57_ox3_CN9_nlig4_nitrate_26475200f159_attempt01_standard.xyz,/nfs/home/nshank3/lanthanide_dataset_builder/data/processed/geometries_regenerated_fail_long_bond/accepted/La/La_Z57_ox3_CN9_nlig4_nitrate_26475200f159_attempt01_standard.mol2,-10963.98170987008,,OK,nearest_coreCN_qc_ok,O191:2.492;O21:2.551;O106:2.565;O97:2.618;O267:2.634;O276:2.647;O12:2.661;O341:2.755;O182:2.821,2.8206,4.6436,1.8231,O191:2.492;O21:2.551;O106:2.565;O97:2.618;O267:2.634;O276:2.647;O12:2.661;O341:2.755;O182:2.821;N107:4.644;N264:4.663;N192:4.719;N94:4.733;N22:4.802;N277:4.860;N9:4.914;N179:5.025
237,73947a2946b0,Sm,62,3,CCCCCCCCN(C)C(=O)CC(=O)N(C)CCCCCCCC,"[11, 14]",2,9,4,nitrate,62|CCCCCCCCN(C)C(=O)CC(=O)N(C)CCCCCCCC|nitrate,/nfs/home/nshank3/lanthanide_dataset_builder/data/geometries/Sm/Sm_Z62_ox3_CN9_nlig4_nitrate_73947a2946b0.xyz,1,standard,1799288827,40,5,250,0,accepted,True,,/nfs/home/nshank3/lanthanide_dataset_builder/data/processed/geometries_regenerated_fail_long_bond/accepted/Sm/Sm_Z62_ox3_CN9_nlig4_nitrate_73947a2946b0_attempt01_standard.xyz,/nfs/home/nshank3/lanthanide_dataset_builder/data/processed/geometries_regenerated_fail_long_bond/accepted/Sm/Sm_Z62_ox3_CN9_nlig4_nitrate_73947a2946b0_attempt01_standard.mol2,-8897.196954715526,,OK,nearest_coreCN_qc_ok,O216:2.346;O15:2.503;O149:2.520;O146:2.530;O79:2.580;O12:2.635;O213:2.725;O269:2.740;O82:2.793,2.793,4.3854,1.5924,O216:2.346;O15:2.503;O149:2.520;O146:2.530;O79:2.580;O12:2.635;O213:2.725;O269:2.740;O82:2.793;N83:4.385;N217:4.554;N143:4.654;N150:4.661;N16:4.708;N9:4.792;N76:4.813;N210:4.877
36,199a952d6faf,Er,68,3,CCCCCCCCP(=O)(CC(=O)N(CC(C)C)CC(C)C)c1ccccc1,"[9, 12]",2,8,4,nitrate,68|CCCCCCCCP(=O)(CC(=O)N(CC(C)C)CC(C)C)c1ccccc1|nitrate,/nfs/home/nshank3/lanthanide_dataset_builder/data/geometries/Er/Er_Z68_ox3_CN8_nlig4_nitrate_199a952d6faf.xyz,1,standard,1386080779,40,5,250,0,accepted,True,,/nfs/home/nshank3/lanthanide_dataset_builder/data/processed/geometries_regenerated_fail_long_bond/accepted/Er/Er_Z68_ox3_CN8_nlig4_nitrate_199a952d6faf_attempt01_standard.xyz,/nfs/home/nshank3/lanthanide_dataset_builder/data/processed/geometries_regenerated_fail_long_bond/accepted/Er/Er_Z68_ox3_CN8_nlig4_nitrate_199a952d6faf_attempt01_standard.mol2,-9414.950192150503,,OK,nearest_coreCN_qc_ok,O10:2.233;O13:2.279;O153:2.429;O150:2.439;O80:2.509;O83:2.589;O223:2.750;O220:2.856,2.8556,3.4439,0.5883,O10:2.233;O13:2.279;O153:2.429;O150:2.439;O80:2.509;O83:2.589;O223:2.750;O220:2.856;P9:3.444;P149:3.611;P79:3.740;P219:4.134;N14:4.519;N154:4.560;N84:4.795;N224:5.023
90,a51968909434,Eu,63,3,CCCCCCCCP(=O)(CCCCCCCC)Cc1cccc(CP(=O)(CCCCCCCC)CCCCCCCC)[n+]1[O-],"[9, 26, 44]",3,9,3,nitrate,63|CCCCCCCCP(=O)(CCCCCCCC)Cc1cccc(CP(=O)(CCCCCCCC)CCCCCCCC)[n+]1[O-]|nitrate,/nfs/home/nshank3/lanthanide_dataset_builder/data/geometries/Eu/Eu_Z63_ox3_CN9_nlig3_nitrate_a51968909434.xyz,1,standard,439978045,40,5,250,-6,build_failed,False,,,,,free(): invalid next size (normal),BUILD_FAILED,free(): invalid next size (normal),,,,,
90,a51968909434,Eu,63,3,CCCCCCCCP(=O)(CCCCCCCC)Cc1cccc(CP(=O)(CCCCCCCC)CCCCCCCC)[n+]1[O-],"[9, 26, 44]",3,9,3,nitrate,63|CCCCCCCCP(=O)(CCCCCCCC)Cc1cccc(CP(=O)(CCCCCCCC)CCCCCCCC)[n+]1[O-]|nitrate,/nfs/home/nshank3/lanthanide_dataset_builder/data/geometries/Eu/Eu_Z63_ox3_CN9_nlig3_nitrate_a51968909434.xyz,2,standard,439985964,50,6,250,0,accepted,True,,/nfs/home/nshank3/lanthanide_dataset_builder/data/processed/geometries_regenerated_fail_long_bond/accepted/Eu/Eu_Z63_ox3_CN9_nlig3_nitrate_a51968909434_attempt02_standard.xyz,/nfs/home/nshank3/lanthanide_dataset_builder/data/processed/geometries_regenerated_fail_long_bond/accepted/Eu/Eu_Z63_ox3_CN9_nlig3_nitrate_a51968909434_attempt02_standard.mol2,-11596.83709407811,,OK,nearest_coreCN_qc_ok,O165:2.287;O45:2.329;O285:2.370;O130:2.443;O27:2.473;O267:2.602;O250:2.633;O10:2.675;O147:2.727,2.7267,3.388,0.6613,O165:2.287;O45:2.329;O285:2.370;O130:2.443;O27:2.473;O267:2.602;O250:2.633;O10:2.675;O147:2.727;N284:3.388;N164:3.455;N44:3.571;P26:3.713;P129:3.786;P266:3.796;P249:3.838;P146:3.983;P9:4.003
108,f5a4d693ef5a,Eu,63,3,CC(C)CCCC(C)CCCCN(C)C(=O)COCC(=O)N(C)CCCCC(C)CCCC(C)C,"[15, 17, 20]",3,9,3,water,63|CC(C)CCCC(C)CCCCN(C)C(=O)COCC(=O)N(C)CCCCC(C)CCCC(C)C|water,/nfs/home/nshank3/lanthanide_dataset_builder/data/geometries/Eu/Eu_Z63_ox3_CN9_nlig3_water_f5a4d693ef5a.xyz,1,standard,465142881,40,5,250,0,accepted,True,,/nfs/home/nshank3/lanthanide_dataset_builder/data/processed/geometries_regenerated_fail_long_bond/accepted/Eu/Eu_Z63_ox3_CN9_nlig3_water_f5a4d693ef5a_attempt01_standard.xyz,/nfs/home/nshank3/lanthanide_dataset_builder/data/processed/geometries_regenerated_fail_long_bond/accepted/Eu/Eu_Z63_ox3_CN9_nlig3_water_f5a4d693ef5a_attempt01_standard.mol2,-9224.99328272386,,OK,nearest_coreCN_qc_ok,O116:2.141;O21:2.225;O206:2.330;O113:2.487;O211:2.550;O111:2.561;O18:2.595;O208:2.617;O16:2.660,2.6599,3.9489,1.289,O116:2.141;O21:2.225;O206:2.330;O113:2.487;O211:2.550;O111:2.561;O18:2.595;O208:2.617;O16:2.660;N22:3.949;N117:3.957;N203:4.381;N108:4.717;N212:4.728;N13:4.832
70,973e13880b10,Eu,63,3,CCCCCCCCN(CCCCCCCC)C(=O)COCC(=O)N1CCOCC1,"[18, 20, 23, 27]",4,9,2,nitrate,63|CCCCCCCCN(CCCCCCCC)C(=O)COCC(=O)N1CCOCC1|nitrate,/nfs/home/nshank3/lanthanide_dataset_builder/data/geometries/Eu/Eu_Z63_ox3_CN9_nlig2_nitrate_973e13880b10.xyz,1,standard,2111284035,40,5,250,0,accepted,True,,/nfs/home/nshank3/lanthanide_dataset_builder/data/processed/geometries_regenerated_fail_long_bond/accepted/Eu/Eu_Z63_ox3_CN9_nlig2_nitrate_973e13880b10_attempt01_standard.xyz,/nfs/home/nshank3/lanthanide_dataset_builder/data/processed/geometries_regenerated_fail_long_bond/accepted/Eu/Eu_Z63_ox3_CN9_nlig2_nitrate_973e13880b10_attempt01_standard.mol2,-5418.331915679223,,OK,nearest_coreCN_qc_ok,O24:2.256;O19:2.265;O95:2.344;O100:2.428;O97:2.508;O153:2.606;O21:2.749;O104:2.798;O28:2.816,2.8161,3.774,0.958,O24:2.256;O19:2.265;O95:2.344;O100:2.428;O97:2.508;O153:2.606;O21:2.749;O104:2.798;O28:2.816;N25:3.774;N101:3.989;N85:4.453;N9:4.495
109,fcc8b7852054,Eu,63,3,CCCCCCCCN(C)C(=O)COCC(=O)N(CCCCCCCC)CCCCCCCC,"[11, 13, 16]",3,9,3,water,63|CCCCCCCCN(C)C(=O)COCC(=O)N(CCCCCCCC)CCCCCCCC|water,/nfs/home/nshank3/lanthanide_dataset_builder/data/geometries/Eu/Eu_Z63_ox3_CN9_nlig3_water_fcc8b7852054.xyz,1,standard,175313777,40,5,250,0,accepted,True,,/nfs/home/nshank3/lanthanide_dataset_builder/data/processed/geometries_regenerated_fail_long_bond/accepted/Eu/Eu_Z63_ox3_CN9_nlig3_water_fcc8b7852054_attempt01_standard.xyz,/nfs/home/nshank3/lanthanide_dataset_builder/data/processed/geometries_regenerated_fail_long_bond/accepted/Eu/Eu_Z63_ox3_CN9_nlig3_water_fcc8b7852054_attempt01_standard.mol2,-8965.824643345391,,OK,nearest_coreCN_qc_ok,O196:2.211;O12:2.252;O17:2.277;O14:2.401;O198:2.457;O201:2.530;O104:2.564;O109:2.618;O106:2.794,2.7943,4.2558,1.4615,O196:2.211;O12:2.252;O17:2.277;O14:2.401;O198:2.457;O201:2.530;O104:2.564;O109:2.618;O106:2.794;N193:4.256;N9:4.337;N18:4.408;N202:4.543;N101:4.640;N110:4.822
189,e5884e16a6fa,Nd,60,3,CCCCCCCCCCN(CCCCCCCCCC)C(=O)[C@H](CCC)O[C@H](CCC)C(=O)N(CCCCCCCCCC)CCCCCCCCCC,"[22, 27, 33]",3,9,3,nitrate,60|CCCCCCCCCCN(CCCCCCCCCC)C(=O)[C@H](CCC)O[C@H](CCC)C(=O)N(CCCCCCCCCC)CCCCCCCCCC|nitrate,/nfs/home/nshank3/lanthanide_dataset_builder/data/geometries/Nd/Nd_Z60_ox3_CN9_nlig3_nitrate_e5884e16a6fa.xyz,2,standard,184678736,50,6,250,0,rejected_by_nearest_coreCN_qc,False,tri_mer_bent,/nfs/home/nshank3/lanthanide_dataset_builder/data/processed/geometries_regenerated_fail_long_bond/rejected/Nd/Nd_Z60_ox3_CN9_nlig3_nitrate_e5884e16a6fa_attempt02_standard.xyz,/nfs/home/nshank3/lanthanide_dataset_builder/data/processed/geometries_regenerated_fail_long_bond/rejected/Nd/Nd_Z60_ox3_CN9_nlig3_nitrate_e5884e16a6fa_attempt02_standard.mol2,-14390.217028083518,,BORDERLINE_LONGISH,coreCN_max_dist>2.95,O344:2.167;O333:2.322;O34:2.376;O178:2.618;O23:2.750;O189:2.801;O338:2.806;O28:2.839;O183:2.976,2.9756,4.3172,1.3416,O344:2.167;O333:2.322;O34:2.376;O178:2.618;O23:2.750;O189:2.801;O338:2.806;O28:2.839;O183:2.976;N345:4.317;N35:4.501;N321:4.502;N166:4.827;N11:4.922;N190:5.041
147,dcd4a91070b4,Ho,67,3,CCCCCCCCP(=O)(CC(=O)N(CC(C)C)CC(C)C)c1ccccc1,"[9, 12]",2,8,4,nitrate,67|CCCCCCCCP(=O)(CC(=O)N(CC(C)C)CC(C)C)c1ccccc1|nitrate,/nfs/home/nshank3/lanthanide_dataset_builder/data/geometries/Ho/Ho_Z67_ox3_CN8_nlig4_nitrate_dcd4a91070b4.xyz,1,standard,1571925336,40,5,250,0,accepted,True,,/nfs/home/nshank3/lanthanide_dataset_builder/data/processed/geometries_regenerated_fail_long_bond/accepted/Ho/Ho_Z67_ox3_CN8_nlig4_nitrate_dcd4a91070b4_attempt01_standard.xyz,/nfs/home/nshank3/lanthanide_dataset_builder/data/processed/geometries_regenerated_fail_long_bond/accepted/Ho/Ho_Z67_ox3_CN8_nlig4_nitrate_dcd4a91070b4_attempt01_standard.mol2,-9418.274475158358,,OK,nearest_coreCN_qc_ok,O10:2.282;O153:2.340;O80:2.353;O220:2.400;O223:2.421;O150:2.464;O13:2.480;O83:2.574,2.5744,3.4235,0.8491,O10:2.282;O153:2.340;O80:2.353;O220:2.400;O223:2.421;O150:2.464;O13:2.480;O83:2.574;P9:3.423;P79:3.571;P149:3.676;P219:3.725;N154:4.582;N224:4.631;N14:4.691;N84:4.766
188,b43f7786b547,Nd,60,3,CCCCCCCCCCCCN(CCCCCCCCCCCC)C(=O)COC1CCCN(CCCCCC)C1=O,"[26, 28, 41]",3,9,3,nitrate,60|CCCCCCCCCCCCN(CCCCCCCCCCCC)C(=O)COC1CCCN(CCCCCC)C1=O|nitrate,/nfs/home/nshank3/lanthanide_dataset_builder/data/geometries/Nd/Nd_Z60_ox3_CN9_nlig3_nitrate_b43f7786b547.xyz,1,standard,678510837,40,5,250,0,accepted,True,,/nfs/home/nshank3/lanthanide_dataset_builder/data/processed/geometries_regenerated_fail_long_bond/accepted/Nd/Nd_Z60_ox3_CN9_nlig3_nitrate_b43f7786b547_attempt01_standard.xyz,/nfs/home/nshank3/lanthanide_dataset_builder/data/processed/geometries_regenerated_fail_long_bond/accepted/Nd/Nd_Z60_ox3_CN9_nlig3_nitrate_b43f7786b547_attempt01_standard.mol2,-10950.770667998166,,OK,nearest_coreCN_qc_ok,O156:2.185;O270:2.203;O42:2.226;O255:2.320;O141:2.370;O257:2.370;O27:2.445;O29:2.460;O143:2.675,2.6748,4.22,1.5452,O156:2.185;O270:2.203;O42:2.226;O255:2.320;O141:2.370;O257:2.370;O27:2.445;O29:2.460;O143:2.675;N148:4.220;N262:4.240;N241:4.275;N34:4.328;N13:4.435;N127:4.542
105,e53e8fa1150f,Eu,63,3,CCCCCCCCP(=O)(CCCCCCCC)Cc1cccc(CP(=O)(CCCCCCCC)CCCCCCCC)[n+]1[O-],"[9, 26, 44]",3,9,3,water,63|CCCCCCCCP(=O)(CCCCCCCC)Cc1cccc(CP(=O)(CCCCCCCC)CCCCCCCC)[n+]1[O-]|water,/nfs/home/nshank3/lanthanide_dataset_builder/data/geometries/Eu/Eu_Z63_ox3_CN9_nlig3_water_e53e8fa1150f.xyz,2,standard,108801222,50,6,250,124,failed_timeout,False,,,,,exceeded 2400s,BUILD_FAILED,timeout,,,,,
195,baede0a95237,Nd,60,3,CCCCCCCCCCN(CCCCCCCCCC)C(=O)COCC(=O)N(CCCCCC)CCCCCC,"[22, 24, 27]",3,9,3,water,60|CCCCCCCCCCN(CCCCCCCCCC)C(=O)COCC(=O)N(CCCCCC)CCCCCC|water,/nfs/home/nshank3/lanthanide_dataset_builder/data/geometries/Nd/Nd_Z60_ox3_CN9_nlig3_water_baede0a95237.xyz,1,standard,1635363300,40,5,250,0,accepted,True,,/nfs/home/nshank3/lanthanide_dataset_builder/data/processed/geometries_regenerated_fail_long_bond/accepted/Nd/Nd_Z60_ox3_CN9_nlig3_water_baede0a95237_attempt01_standard.xyz,/nfs/home/nshank3/lanthanide_dataset_builder/data/processed/geometries_regenerated_fail_long_bond/accepted/Nd/Nd_Z60_ox3_CN9_nlig3_water_baede0a95237_attempt01_standard.mol2,-10775.209056172642,,OK,nearest_coreCN_qc_ok,O254:2.251;O23:2.350;O136:2.358;O251:2.511;O141:2.546;O138:2.633;O25:2.738;O249:2.739;O28:2.816,2.8157,4.3688,1.5531,O254:2.251;O23:2.350;O136:2.358;O251:2.511;O141:2.546;O138:2.633;O25:2.738;O249:2.739;O28:2.816;N255:4.369;N124:4.438;N11:4.490;N142:4.683;N237:4.809;N29:4.948
71,bf9e03e12455,Eu,63,3,CCCCC(CC)CN(CC(CC)CCCC)C(=O)CN(CC(=O)N(CC(CC)CCCC)CC(CC)CCCC)CC(=O)N(CC(CC)CCCC)CC(CC)CCCC,"[18, 20, 23, 43]",4,9,2,nitrate,63|CCCCC(CC)CN(CC(CC)CCCC)C(=O)CN(CC(=O)N(CC(CC)CCCC)CC(CC)CCCC)CC(=O)N(CC(CC)CCCC)CC(CC)CCCC|nitrate,/nfs/home/nshank3/lanthanide_dataset_builder/data/geometries/Eu/Eu_Z63_ox3_CN9_nlig2_nitrate_bf9e03e12455.xyz,1,standard,2038921524,40,5,250,7,build_failed,False,,,,,Cannot assign lig CCCCC(CC)CN(CC(CC)CCCC)C(=O)CN(CC(=O)N(CC(CC)CCCC)CC(CC)CCCC)CC(=O)N(CC(CC)CCCC)CC(CC)CCCC to any ligType!,BUILD_FAILED,Cannot assign lig CCCCC(CC)CN(CC(CC)CCCC)C(=O)CN(CC(=O)N(CC(CC)CCCC)CC(CC)CCCC)CC(=O)N(CC(CC)CCCC)CC(CC)CCCC to any ligType!,,,,,
71,bf9e03e12455,Eu,63,3,CCCCC(CC)CN(CC(CC)CCCC)C(=O)CN(CC(=O)N(CC(CC)CCCC)CC(CC)CCCC)CC(=O)N(CC(CC)CCCC)CC(CC)CCCC,"[18, 20, 23, 43]",4,9,2,nitrate,63|CCCCC(CC)CN(CC(CC)CCCC)C(=O)CN(CC(=O)N(CC(CC)CCCC)CC(CC)CCCC)CC(=O)N(CC(CC)CCCC)CC(CC)CCCC|nitrate,/nfs/home/nshank3/lanthanide_dataset_builder/data/geometries/Eu/Eu_Z63_ox3_CN9_nlig2_nitrate_bf9e03e12455.xyz,2,standard,2038929443,50,6,250,7,build_failed,False,,,,,Cannot assign lig CCCCC(CC)CN(CC(CC)CCCC)C(=O)CN(CC(=O)N(CC(CC)CCCC)CC(CC)CCCC)CC(=O)N(CC(CC)CCCC)CC(CC)CCCC to any ligType!,BUILD_FAILED,Cannot assign lig CCCCC(CC)CN(CC(CC)CCCC)C(=O)CN(CC(=O)N(CC(CC)CCCC)CC(CC)CCCC)CC(=O)N(CC(CC)CCCC)CC(CC)CCCC to any ligType!,,,,,
102,89a0bef80c28,Eu,63,3,CCCCCCCCN(CCCCCCCC)C(=O)COCC(=O)N1CCCC1,"[18, 20, 23]",3,9,3,water,63|CCCCCCCCN(CCCCCCCC)C(=O)COCC(=O)N1CCCC1|water,/nfs/home/nshank3/lanthanide_dataset_builder/data/geometries/Eu/Eu_Z63_ox3_CN9_nlig3_water_89a0bef80c28.xyz,1,standard,1697487980,40,5,250,0,accepted,True,,/nfs/home/nshank3/lanthanide_dataset_builder/data/processed/geometries_regenerated_fail_long_bond/accepted/Eu/Eu_Z63_ox3_CN9_nlig3_water_89a0bef80c28_attempt01_standard.xyz,/nfs/home/nshank3/lanthanide_dataset_builder/data/processed/geometries_regenerated_fail_long_bond/accepted/Eu/Eu_Z63_ox3_CN9_nlig3_water_89a0bef80c28_attempt01_standard.mol2,-7593.307257896136,,OK,nearest_coreCN_qc_ok,O94:2.275;O99:2.290;O169:2.367;O24:2.380;O19:2.422;O171:2.538;O96:2.603;O174:2.614;O21:2.818,2.8183,4.3196,1.5012,O94:2.275;O99:2.290;O169:2.367;O24:2.380;O19:2.422;O171:2.538;O96:2.603;O174:2.614;O21:2.818;N100:4.320;N84:4.437;N159:4.449;N25:4.504;N9:4.607;N175:4.762
103,8f2b8f746d4d,Eu,63,3,CCCCCCCCN(CCCCCCCC)C(=O)CNCP(=O)(CCCC)CCCC,"[18, 20, 23]",3,9,3,water,63|CCCCCCCCN(CCCCCCCC)C(=O)CNCP(=O)(CCCC)CCCC|water,/nfs/home/nshank3/lanthanide_dataset_builder/data/geometries/Eu/Eu_Z63_ox3_CN9_nlig3_water_8f2b8f746d4d.xyz,1,standard,1530968420,40,5,250,0,rejected_by_nearest_coreCN_qc,False,,/nfs/home/nshank3/lanthanide_dataset_builder/data/processed/geometries_regenerated_fail_long_bond/rejected/Eu/Eu_Z63_ox3_CN9_nlig3_water_8f2b8f746d4d_attempt01_standard.xyz,/nfs/home/nshank3/lanthanide_dataset_builder/data/processed/geometries_regenerated_fail_long_bond/rejected/Eu/Eu_Z63_ox3_CN9_nlig3_water_8f2b8f746d4d_attempt01_standard.mol2,-8450.647129535571,,BORDERLINE_LONGISH,coreCN_max_dist>2.95,O113:2.246;O24:2.272;O202:2.292;O197:2.428;O19:2.516;O108:2.560;N21:2.629;N110:2.736;N199:3.027,3.0271,3.3608,0.3337,O113:2.246;O24:2.272;O202:2.292;O197:2.428;O19:2.516;O108:2.560;N21:2.629;N110:2.736;N199:3.027;P112:3.361;P23:3.395;P201:3.471;N187:4.637;N9:4.678;N98:4.741
103,8f2b8f746d4d,Eu,63,3,CCCCCCCCN(CCCCCCCC)C(=O)CNCP(=O)(CCCC)CCCC,"[18, 20, 23]",3,9,3,water,63|CCCCCCCCN(CCCCCCCC)C(=O)CNCP(=O)(CCCC)CCCC|water,/nfs/home/nshank3/lanthanide_dataset_builder/data/geometries/Eu/Eu_Z63_ox3_CN9_nlig3_water_8f2b8f746d4d.xyz,2,standard,1530976339,50,6,250,0,accepted,True,,/nfs/home/nshank3/lanthanide_dataset_builder/data/processed/geometries_regenerated_fail_long_bond/accepted/Eu/Eu_Z63_ox3_CN9_nlig3_water_8f2b8f746d4d_attempt02_standard.xyz,/nfs/home/nshank3/lanthanide_dataset_builder/data/processed/geometries_regenerated_fail_long_bond/accepted/Eu/Eu_Z63_ox3_CN9_nlig3_water_8f2b8f746d4d_attempt02_standard.mol2,-8452.090829712388,,OK,nearest_coreCN_qc_ok,O197:2.220;O202:2.257;O108:2.405;O24:2.406;O113:2.421;O19:2.618;N199:2.718;N110:2.751;N21:2.874,2.8739,3.4257,0.5518,O197:2.220;O202:2.257;O108:2.405;O24:2.406;O113:2.421;O19:2.618;N199:2.718;N110:2.751;N21:2.874;P201:3.426;P112:3.533;P23:3.588;N187:4.352;N98:4.402;N9:4.803
193,854baef45df8,Nd,60,3,CCCCCCCCN(CCC(C)CC(C)(C)C)C(=O)COCC(=O)N(CCCCCCCC)CCC(C)CC(C)(C)C,"[19, 21, 24]",3,9,3,water,60|CCCCCCCCN(CCC(C)CC(C)(C)C)C(=O)COCC(=O)N(CCCCCCCC)CCC(C)CC(C)(C)C|water,/nfs/home/nshank3/lanthanide_dataset_builder/data/geometries/Nd/Nd_Z60_ox3_CN9_nlig3_water_854baef45df8.xyz,1,standard,306831118,40,5,250,0,rejected_by_nearest_coreCN_qc,False,,/nfs/home/nshank3/lanthanide_dataset_builder/data/processed/geometries_regenerated_fail_long_bond/rejected/Nd/Nd_Z60_ox3_CN9_nlig3_water_854baef45df8_attempt01_standard.xyz,/nfs/home/nshank3/lanthanide_dataset_builder/data/processed/geometries_regenerated_fail_long_bond/rejected/Nd/Nd_Z60_ox3_CN9_nlig3_water_854baef45df8_attempt01_standard.mol2,-11289.800846830243,,FAIL_LONG_BOND,coreCN_max_dist>3.10,O20:2.322;O25:2.394;O22:2.515;N145:2.673;O141:2.740;O139:2.906;O260:3.062;O263:3.080;O258:3.252,3.2518,3.395,0.1432,O20:2.322;O25:2.394;O22:2.515;N145:2.673;O141:2.740;O139:2.906;O260:3.062;O263:3.080;O258:3.252;O144:3.395;N9:4.523;N26:4.554;N128:5.035;N247:5.091;N264:5.284
193,854baef45df8,Nd,60,3,CCCCCCCCN(CCC(C)CC(C)(C)C)C(=O)COCC(=O)N(CCCCCCCC)CCC(C)CC(C)(C)C,"[19, 21, 24]",3,9,3,water,60|CCCCCCCCN(CCC(C)CC(C)(C)C)C(=O)COCC(=O)N(CCCCCCCC)CCC(C)CC(C)(C)C|water,/nfs/home/nshank3/lanthanide_dataset_builder/data/geometries/Nd/Nd_Z60_ox3_CN9_nlig3_water_854baef45df8.xyz,2,standard,306839037,50,6,250,0,accepted,True,,/nfs/home/nshank3/lanthanide_dataset_builder/data/processed/geometries_regenerated_fail_long_bond/accepted/Nd/Nd_Z60_ox3_CN9_nlig3_water_854baef45df8_attempt02_standard.xyz,/nfs/home/nshank3/lanthanide_dataset_builder/data/processed/geometries_regenerated_fail_long_bond/accepted/Nd/Nd_Z60_ox3_CN9_nlig3_water_854baef45df8_attempt02_standard.mol2,-11293.712423578758,,OK,nearest_coreCN_qc_ok,O139:2.369;O258:2.377;O25:2.396;O263:2.397;O20:2.417;O144:2.468;O260:2.802;O141:2.828;O22:2.851,2.8506,4.5647,1.7141,O139:2.369;O258:2.377;O25:2.396;O263:2.397;O20:2.417;O144:2.468;O260:2.802;O141:2.828;O22:2.851;N128:4.565;N247:4.596;N26:4.598;N264:4.601;N9:4.642;N145:4.673
76,1567f4f803ce,Eu,63,3,CCCCCCCCN(CCCCCCCC)C(=O)COCC(=O)NCCCOCCCNC(=O)COCC(=O)N(CCCCCCCC)CCCCCCCC,"[18, 20, 23]",3,9,3,nitrate,63|CCCCCCCCN(CCCCCCCC)C(=O)COCC(=O)NCCCOCCCNC(=O)COCC(=O)N(CCCCCCCC)CCCCCCCC|nitrate,/nfs/home/nshank3/lanthanide_dataset_builder/data/geometries/Eu/Eu_Z63_ox3_CN9_nlig3_nitrate_1567f4f803ce.xyz,1,standard,186962167,40,5,250,-6,build_failed,False,,,,,corrupted double-linked list,BUILD_FAILED,corrupted double-linked list,,,,,
76,1567f4f803ce,Eu,63,3,CCCCCCCCN(CCCCCCCC)C(=O)COCC(=O)NCCCOCCCNC(=O)COCC(=O)N(CCCCCCCC)CCCCCCCC,"[18, 20, 23]",3,9,3,nitrate,63|CCCCCCCCN(CCCCCCCC)C(=O)COCC(=O)NCCCOCCCNC(=O)COCC(=O)N(CCCCCCCC)CCCCCCCC|nitrate,/nfs/home/nshank3/lanthanide_dataset_builder/data/geometries/Eu/Eu_Z63_ox3_CN9_nlig3_nitrate_1567f4f803ce.xyz,2,standard,186970086,50,6,250,-6,build_failed,False,,,,,corrupted size vs. prev_size,BUILD_FAILED,corrupted size vs. prev_size,,,,,
194,ae99ecec7121,Nd,60,3,CCCCCCCCN(CC)C(=O)COCC(=O)N(CC)CCCCCCCC,"[12, 14, 17]",3,9,3,water,60|CCCCCCCCN(CC)C(=O)COCC(=O)N(CC)CCCCCCCC|water,/nfs/home/nshank3/lanthanide_dataset_builder/data/geometries/Nd/Nd_Z60_ox3_CN9_nlig3_water_ae99ecec7121.xyz,1,standard,712614379,40,5,250,0,rejected_by_nearest_coreCN_qc,False,,/nfs/home/nshank3/lanthanide_dataset_builder/data/processed/geometries_regenerated_fail_long_bond/rejected/Nd/Nd_Z60_ox3_CN9_nlig3_water_ae99ecec7121_attempt01_standard.xyz,/nfs/home/nshank3/lanthanide_dataset_builder/data/processed/geometries_regenerated_fail_long_bond/rejected/Nd/Nd_Z60_ox3_CN9_nlig3_water_ae99ecec7121_attempt01_standard.mol2,-7676.245247538602,,BORDERLINE_LONGISH,coreCN_max_dist>2.95,O172:2.308;O167:2.322;O90:2.357;O13:2.369;O18:2.439;O95:2.474;O92:2.500;O169:2.670;O15:3.055,3.0545,4.3318,1.2773,O172:2.308;O167:2.322;O90:2.357;O13:2.369;O18:2.439;O95:2.474;O92:2.500;O169:2.670;O15:3.055;N163:4.332;N173:4.423;N86:4.506;N9:4.527;N96:4.639;N19:4.667
194,ae99ecec7121,Nd,60,3,CCCCCCCCN(CC)C(=O)COCC(=O)N(CC)CCCCCCCC,"[12, 14, 17]",3,9,3,water,60|CCCCCCCCN(CC)C(=O)COCC(=O)N(CC)CCCCCCCC|water,/nfs/home/nshank3/lanthanide_dataset_builder/data/geometries/Nd/Nd_Z60_ox3_CN9_nlig3_water_ae99ecec7121.xyz,2,standard,712622298,50,6,250,0,accepted,True,,/nfs/home/nshank3/lanthanide_dataset_builder/data/processed/geometries_regenerated_fail_long_bond/accepted/Nd/Nd_Z60_ox3_CN9_nlig3_water_ae99ecec7121_attempt02_standard.xyz,/nfs/home/nshank3/lanthanide_dataset_builder/data/processed/geometries_regenerated_fail_long_bond/accepted/Nd/Nd_Z60_ox3_CN9_nlig3_water_ae99ecec7121_attempt02_standard.mol2,-7676.371090559414,,OK,nearest_coreCN_qc_ok,O167:2.322;O95:2.333;O13:2.335;O172:2.359;O18:2.368;O90:2.512;O169:2.611;O15:2.645;O92:2.708,2.7085,4.4151,1.7066,O167:2.322;O95:2.333;O13:2.335;O172:2.359;O18:2.368;O90:2.512;O169:2.611;O15:2.645;O92:2.708;N19:4.415;N9:4.439;N163:4.462;N173:4.532;N96:4.532;N86:4.629
96,edb5c2a0f205,Eu,63,3,CCCCCCCCN(CCCCCCCC)C(=O)COCC(=O)NCCCCCCCNC(=O)COCC(=O)N(CCCCCCCC)CCCCCCCC,"[18, 20, 23]",3,9,3,nitrate,63|CCCCCCCCN(CCCCCCCC)C(=O)COCC(=O)NCCCCCCCNC(=O)COCC(=O)N(CCCCCCCC)CCCCCCCC|nitrate,/nfs/home/nshank3/lanthanide_dataset_builder/data/geometries/Eu/Eu_Z63_ox3_CN9_nlig3_nitrate_edb5c2a0f205.xyz,1,standard,1499201345,40,5,250,0,accepted,True,,/nfs/home/nshank3/lanthanide_dataset_builder/data/processed/geometries_regenerated_fail_long_bond/accepted/Eu/Eu_Z63_ox3_CN9_nlig3_nitrate_edb5c2a0f205_attempt01_standard.xyz,/nfs/home/nshank3/lanthanide_dataset_builder/data/processed/geometries_regenerated_fail_long_bond/accepted/Eu/Eu_Z63_ox3_CN9_nlig3_nitrate_edb5c2a0f205_attempt01_standard.mol2,-15006.215149977028,,OK,nearest_coreCN_qc_ok,O19:2.246;O173:2.301;O317:2.363;O322:2.389;O21:2.516;O24:2.565;O168:2.663;O319:2.665;O170:2.696,2.6962,3.877,1.1808,O19:2.246;O173:2.301;O317:2.363;O322:2.389;O21:2.516;O24:2.565;O168:2.663;O319:2.665;O170:2.696;N182:3.877;N9:4.099;O186:4.412;N174:4.446;N307:4.566;N323:4.570;N25:4.608;N158:4.862;O189:5.053;O184:5.454;O35:5.865;N339:5.994;O338:6.004;O335:6.628;N190:6.631;N33:7.446;N331:7.806;O37:8.246;O333:8.617;O40:9.217;N41:10.575
222,aed05390eeae,Pr,59,3,CCCCCCCCN(CCCCC(C)CCCC(C)C)C(=O)COCC(=O)N(CCCCCCCC)CCCCC(C)CCCC(C)C,"[22, 24, 27]",3,9,3,water,59|CCCCCCCCN(CCCCC(C)CCCC(C)C)C(=O)COCC(=O)N(CCCCCCCC)CCCCC(C)CCCC(C)C|water,/nfs/home/nshank3/lanthanide_dataset_builder/data/geometries/Pr/Pr_Z59_ox3_CN9_nlig3_water_aed05390eeae.xyz,1,standard,1683392746,40,5,250,-6,build_failed,False,,,,,corrupted size vs. prev_size,BUILD_FAILED,corrupted size vs. prev_size,,,,,
222,aed05390eeae,Pr,59,3,CCCCCCCCN(CCCCC(C)CCCC(C)C)C(=O)COCC(=O)N(CCCCCCCC)CCCCC(C)CCCC(C)C,"[22, 24, 27]",3,9,3,water,59|CCCCCCCCN(CCCCC(C)CCCC(C)C)C(=O)COCC(=O)N(CCCCCCCC)CCCCC(C)CCCC(C)C|water,/nfs/home/nshank3/lanthanide_dataset_builder/data/geometries/Pr/Pr_Z59_ox3_CN9_nlig3_water_aed05390eeae.xyz,2,standard,1683400665,50,6,250,0,accepted,True,,/nfs/home/nshank3/lanthanide_dataset_builder/data/processed/geometries_regenerated_fail_long_bond/accepted/Pr/Pr_Z59_ox3_CN9_nlig3_water_aed05390eeae_attempt02_standard.xyz,/nfs/home/nshank3/lanthanide_dataset_builder/data/processed/geometries_regenerated_fail_long_bond/accepted/Pr/Pr_Z59_ox3_CN9_nlig3_water_aed05390eeae_attempt02_standard.mol2,-12841.52000169205,,OK,nearest_coreCN_qc_ok,O28:2.265;O165:2.275;O302:2.323;O297:2.444;O23:2.500;O160:2.554;O299:2.650;O162:2.788;O25:2.849,2.8491,4.354,1.5049,O28:2.265;O165:2.275;O302:2.323;O297:2.444;O23:2.500;O160:2.554;O299:2.650;O162:2.788;O25:2.849;N29:4.354;N303:4.444;N166:4.465;N283:4.640;N9:4.700;N146:4.780
1,1deb3f946bab,Ce,58,3,O=C(O)CN(CCO)CCN(CC(=O)O)CC(=O)O,"[0, 2, 4, 7, 10, 13, 14, 17]",8,9,1,nitrate,58|O=C(O)CN(CCO)CCN(CC(=O)O)CC(=O)O|nitrate,/nfs/home/nshank3/lanthanide_dataset_builder/data/geometries/Ce/Ce_Z58_ox3_CN9_nlig1_nitrate_1deb3f946bab.xyz,1,standard,690541434,40,5,250,0,rejected_by_nearest_coreCN_qc,False,,data/processed/geometries_regenerated_fail_long_bond/rejected/Ce/Ce_Z58_ox3_CN9_nlig1_nitrate_1deb3f946bab_attempt01_standard_dup2.xyz,data/processed/geometries_regenerated_fail_long_bond/rejected/Ce/Ce_Z58_ox3_CN9_nlig1_nitrate_1deb3f946bab_attempt01_standard_dup2.mol2,-1899.6579483922792,,FAIL_LONG_BOND,coreCN_max_dist>3.10,O14:2.104;O1:2.128;O18:2.249;O38:2.372;O8:2.409;N5:2.527;N11:2.864;O15:3.107;O3:3.757,3.7569,4.3588,0.6019,O14:2.104;O1:2.128;O18:2.249;O38:2.372;O8:2.409;N5:2.527;N11:2.864;O15:3.107;O3:3.757;O19:4.359
1,1deb3f946bab,Ce,58,3,O=C(O)CN(CCO)CCN(CC(=O)O)CC(=O)O,"[0, 2, 4, 7, 10, 13, 14, 17]",8,9,1,nitrate,58|O=C(O)CN(CCO)CCN(CC(=O)O)CC(=O)O|nitrate,/nfs/home/nshank3/lanthanide_dataset_builder/data/geometries/Ce/Ce_Z58_ox3_CN9_nlig1_nitrate_1deb3f946bab.xyz,2,standard,690549353,50,6,250,0,rejected_by_nearest_coreCN_qc,False,,data/processed/geometries_regenerated_fail_long_bond/rejected/Ce/Ce_Z58_ox3_CN9_nlig1_nitrate_1deb3f946bab_attempt02_standard_dup2.xyz,data/processed/geometries_regenerated_fail_long_bond/rejected/Ce/Ce_Z58_ox3_CN9_nlig1_nitrate_1deb3f946bab_attempt02_standard_dup2.mol2,-1899.0988778038432,,FAIL_LONG_BOND,coreCN_max_dist>3.10,O14:2.119;O1:2.152;O18:2.299;O8:2.320;O38:2.528;N5:2.768;N11:2.802;O3:3.029;O15:3.407,3.407,4.4106,1.0036,O14:2.119;O1:2.152;O18:2.299;O8:2.320;O38:2.528;N5:2.768;N11:2.802;O3:3.029;O15:3.407;O19:4.411
2,23bc11341179,Ce,58,3,CCCCCCn1c(-c2ccccc2)c(-c2ccccc2)c2cc3ccc4cc5c(-c6ccccc6)c(-c6ccccc6)n(CCCCCC)c(=O)c5nc4c3nc2c1=O,"[6, 43, 51, 53, 56, 59]",6,9,1,nitrate,58|CCCCCCn1c(-c2ccccc2)c(-c2ccccc2)c2cc3ccc4cc5c(-c6ccccc6)c(-c6ccccc6)n(CCCCCC)c(=O)c5nc4c3nc2c1=O|nitrate,/nfs/home/nshank3/lanthanide_dataset_builder/data/geometries/Ce/Ce_Z58_ox3_CN9_nlig1_nitrate_23bc11341179.xyz,1,standard,1204895271,40,5,250,0,rejected_by_nearest_coreCN_qc,False,,data/processed/geometries_regenerated_fail_long_bond/rejected/Ce/Ce_Z58_ox3_CN9_nlig1_nitrate_23bc11341179_attempt01_standard_dup2.xyz,data/processed/geometries_regenerated_fail_long_bond/rejected/Ce/Ce_Z58_ox3_CN9_nlig1_nitrate_23bc11341179_attempt01_standard_dup2.mol2,-4941.366780241483,,FAIL_LONG_BOND,coreCN_max_dist>3.10,O52:2.143;O60:2.170;O114:2.171;O113:2.382;N54:2.464;N57:2.465;O115:2.508;N111:2.657;N7:3.293,3.2927,3.6662,0.3734,O52:2.143;O60:2.170;O114:2.171;O113:2.382;N54:2.464;N57:2.465;O115:2.508;N111:2.657;N7:3.293;N44:3.666;O112:3.825
2,23bc11341179,Ce,58,3,CCCCCCn1c(-c2ccccc2)c(-c2ccccc2)c2cc3ccc4cc5c(-c6ccccc6)c(-c6ccccc6)n(CCCCCC)c(=O)c5nc4c3nc2c1=O,"[6, 43, 51, 53, 56, 59]",6,9,1,nitrate,58|CCCCCCn1c(-c2ccccc2)c(-c2ccccc2)c2cc3ccc4cc5c(-c6ccccc6)c(-c6ccccc6)n(CCCCCC)c(=O)c5nc4c3nc2c1=O|nitrate,/nfs/home/nshank3/lanthanide_dataset_builder/data/geometries/Ce/Ce_Z58_ox3_CN9_nlig1_nitrate_23bc11341179.xyz,2,standard,1204903190,50,6,250,8,build_failed,False,,,,,no_structures_returned,BUILD_FAILED,no_structures_returned,,,,,
3,436f63f21bbe,Ce,58,3,CC12CCC(c3nnc(-c4cccc(-c5nnc6c(n5)C5(C)CCC6C5(C)C)n4)nc31)C2(C)C,"[6, 7, 15, 16, 19, 28, 29]",7,9,1,nitrate,58|CC12CCC(c3nnc(-c4cccc(-c5nnc6c(n5)C5(C)CCC6C5(C)C)n4)nc31)C2(C)C|nitrate,/nfs/home/nshank3/lanthanide_dataset_builder/data/geometries/Ce/Ce_Z58_ox3_CN9_nlig1_nitrate_436f63f21bbe.xyz,1,standard,336513466,40,5,250,0,rejected_by_nearest_coreCN_qc,False,,data/processed/geometries_regenerated_fail_long_bond/rejected/Ce/Ce_Z58_ox3_CN9_nlig1_nitrate_436f63f21bbe_attempt01_standard_dup2.xyz,data/processed/geometries_regenerated_fail_long_bond/rejected/Ce/Ce_Z58_ox3_CN9_nlig1_nitrate_436f63f21bbe_attempt01_standard_dup2.mol2,-2978.7823485960357,,FAIL_LONG_BOND,coreCN_max_dist>3.10,O68:2.042;O69:2.068;N66:2.285;N8:2.348;N29:2.452;N20:2.784;N7:2.831;N17:3.094;N16:3.226,3.2259,3.3015,0.0757,O68:2.042;O69:2.068;N66:2.285;N8:2.348;N29:2.452;N20:2.784;N7:2.831;N17:3.094;N16:3.226;O67:3.302;N30:3.652
3,436f63f21bbe,Ce,58,3,CC12CCC(c3nnc(-c4cccc(-c5nnc6c(n5)C5(C)CCC6C5(C)C)n4)nc31)C2(C)C,"[6, 7, 15, 16, 19, 28, 29]",7,9,1,nitrate,58|CC12CCC(c3nnc(-c4cccc(-c5nnc6c(n5)C5(C)CCC6C5(C)C)n4)nc31)C2(C)C|nitrate,/nfs/home/nshank3/lanthanide_dataset_builder/data/geometries/Ce/Ce_Z58_ox3_CN9_nlig1_nitrate_436f63f21bbe.xyz,2,standard,336521385,50,6,250,0,rejected_by_nearest_coreCN_qc,False,,data/processed/geometries_regenerated_fail_long_bond/rejected/Ce/Ce_Z58_ox3_CN9_nlig1_nitrate_436f63f21bbe_attempt02_standard_dup2.xyz,data/processed/geometries_regenerated_fail_long_bond/rejected/Ce/Ce_Z58_ox3_CN9_nlig1_nitrate_436f63f21bbe_attempt02_standard_dup2.mol2,-2979.541077488875,,FAIL_LONG_BOND,coreCN_max_dist>3.10,O69:2.046;O68:2.056;N16:2.402;N8:2.421;N66:2.426;N29:2.547;N17:2.904;N7:2.953;O67:3.598,3.5982,4.1233,0.5251,O69:2.046;O68:2.056;N16:2.402;N8:2.421;N66:2.426;N29:2.547;N17:2.904;N7:2.953;O67:3.598;N30:4.123;N20:4.168
4,4de900a55128,Ce,58,3,CC1(C)CCC(C)(C)c2nc(-c3cccc(-c4cccc(-c5nnc6c(n5)C(C)(C)CCC6(C)C)n4)n3)nnc21,"[9, 22, 23, 26, 35, 36, 37, 38]",8,9,1,nitrate,58|CC1(C)CCC(C)(C)c2nc(-c3cccc(-c4cccc(-c5nnc6c(n5)C(C)(C)CCC6(C)C)n4)n3)nnc21|nitrate,/nfs/home/nshank3/lanthanide_dataset_builder/data/geometries/Ce/Ce_Z58_ox3_CN9_nlig1_nitrate_4de900a55128.xyz,1,standard,422732408,40,5,250,0,rejected_by_nearest_coreCN_qc,False,,data/processed/geometries_regenerated_fail_long_bond/rejected/Ce/Ce_Z58_ox3_CN9_nlig1_nitrate_4de900a55128_attempt01_standard_dup2.xyz,data/processed/geometries_regenerated_fail_long_bond/rejected/Ce/Ce_Z58_ox3_CN9_nlig1_nitrate_4de900a55128_attempt01_standard_dup2.mol2,-3162.6847278771093,,FAIL_LONG_BOND,coreCN_max_dist>3.10,N38:2.360;N24:2.378;N23:2.435;N37:2.569;N36:2.576;O79:2.647;N39:3.176;N27:3.785;N10:4.426,4.4264,inf,inf,N38:2.360;N24:2.378;N23:2.435;N37:2.569;N36:2.576;O79:2.647;N39:3.176;N27:3.785;N10:4.426
4,4de900a55128,Ce,58,3,CC1(C)CCC(C)(C)c2nc(-c3cccc(-c4cccc(-c5nnc6c(n5)C(C)(C)CCC6(C)C)n4)n3)nnc21,"[9, 22, 23, 26, 35, 36, 37, 38]",8,9,1,nitrate,58|CC1(C)CCC(C)(C)c2nc(-c3cccc(-c4cccc(-c5nnc6c(n5)C(C)(C)CCC6(C)C)n4)n3)nnc21|nitrate,/nfs/home/nshank3/lanthanide_dataset_builder/data/geometries/Ce/Ce_Z58_ox3_CN9_nlig1_nitrate_4de900a55128.xyz,2,standard,422740327,50,6,250,0,rejected_by_nearest_coreCN_qc,False,,data/processed/geometries_regenerated_fail_long_bond/rejected/Ce/Ce_Z58_ox3_CN9_nlig1_nitrate_4de900a55128_attempt02_standard_dup2.xyz,data/processed/geometries_regenerated_fail_long_bond/rejected/Ce/Ce_Z58_ox3_CN9_nlig1_nitrate_4de900a55128_attempt02_standard_dup2.mol2,-3162.0688734651862,,FAIL_LONG_BOND,coreCN_max_dist>3.10,N39:2.402;N23:2.411;N36:2.484;N37:2.527;O79:2.627;N38:2.744;N24:3.342;N10:3.507;N27:4.350,4.3499,inf,inf,N39:2.402;N23:2.411;N36:2.484;N37:2.527;O79:2.627;N38:2.744;N24:3.342;N10:3.507;N27:4.350
5,6774552a35e9,Ce,58,3,O=C(O)CN(CC(=O)O)C1CCCCC1N(CC(=O)O)CC(=O)O,"[0, 2, 4, 7, 8, 15, 18, 19]",8,9,1,nitrate,58|O=C(O)CN(CC(=O)O)C1CCCCC1N(CC(=O)O)CC(=O)O|nitrate,/nfs/home/nshank3/lanthanide_dataset_builder/data/geometries/Ce/Ce_Z58_ox3_CN9_nlig1_nitrate_6774552a35e9.xyz,1,standard,1119277098,40,5,250,0,rejected_by_nearest_coreCN_qc,False,,data/processed/geometries_regenerated_fail_long_bond/rejected/Ce/Ce_Z58_ox3_CN9_nlig1_nitrate_6774552a35e9_attempt01_standard_dup2.xyz,data/processed/geometries_regenerated_fail_long_bond/rejected/Ce/Ce_Z58_ox3_CN9_nlig1_nitrate_6774552a35e9_attempt01_standard_dup2.mol2,-2297.583504519066,,FAIL_LONG_BOND,coreCN_max_dist>3.10,O1:2.095;O19:2.101;O8:2.119;O47:2.345;N16:2.469;N5:2.648;O20:2.997;O3:3.646;O9:3.833,3.8333,5.1718,1.3385,O1:2.095;O19:2.101;O8:2.119;O47:2.345;N16:2.469;N5:2.648;O20:2.997;O3:3.646;O9:3.833;O23:5.172;O24:5.777
5,6774552a35e9,Ce,58,3,O=C(O)CN(CC(=O)O)C1CCCCC1N(CC(=O)O)CC(=O)O,"[0, 2, 4, 7, 8, 15, 18, 19]",8,9,1,nitrate,58|O=C(O)CN(CC(=O)O)C1CCCCC1N(CC(=O)O)CC(=O)O|nitrate,/nfs/home/nshank3/lanthanide_dataset_builder/data/geometries/Ce/Ce_Z58_ox3_CN9_nlig1_nitrate_6774552a35e9.xyz,2,standard,1119285017,50,6,250,0,rejected_by_nearest_coreCN_qc,False,,data/processed/geometries_regenerated_fail_long_bond/rejected/Ce/Ce_Z58_ox3_CN9_nlig1_nitrate_6774552a35e9_attempt02_standard_dup2.xyz,data/processed/geometries_regenerated_fail_long_bond/rejected/Ce/Ce_Z58_ox3_CN9_nlig1_nitrate_6774552a35e9_attempt02_standard_dup2.mol2,-2300.6261567461574,,FAIL_LONG_BOND,coreCN_max_dist>3.10,O23:2.136;O1:2.244;O8:2.246;O19:2.252;O47:2.336;N5:2.626;N16:2.680;O24:3.410;O9:4.212,4.2123,4.2387,0.0263,O23:2.136;O1:2.244;O8:2.246;O19:2.252;O47:2.336;N5:2.626;N16:2.680;O24:3.410;O9:4.212;O20:4.239;O3:4.366
6,70e091c4e6a2,Ce,58,3,CCCCCc1nnc(-c2cccc(-c3cccc(-c4nnc(CCCCC)c(CCCCC)n4)n3)n2)nc1CCCCC,"[6, 7, 20, 21, 34, 35, 36, 37]",8,9,1,nitrate,58|CCCCCc1nnc(-c2cccc(-c3cccc(-c4nnc(CCCCC)c(CCCCC)n4)n3)n2)nc1CCCCC|nitrate,/nfs/home/nshank3/lanthanide_dataset_builder/data/geometries/Ce/Ce_Z58_ox3_CN9_nlig1_nitrate_70e091c4e6a2.xyz,1,standard,2038997920,40,5,250,0,rejected_by_nearest_coreCN_qc,False,,data/processed/geometries_regenerated_fail_long_bond/rejected/Ce/Ce_Z58_ox3_CN9_nlig1_nitrate_70e091c4e6a2_attempt01_standard_dup2.xyz,data/processed/geometries_regenerated_fail_long_bond/rejected/Ce/Ce_Z58_ox3_CN9_nlig1_nitrate_70e091c4e6a2_attempt01_standard_dup2.mol2,-3560.3094262799814,,FAIL_LONG_BOND,coreCN_max_dist>3.10,N8:2.216;N21:2.297;N22:2.420;O95:2.441;N36:2.451;N7:2.533;N37:2.750;N35:2.869;N38:4.081,4.0812,inf,inf,N8:2.216;N21:2.297;N22:2.420;O95:2.441;N36:2.451;N7:2.533;N37:2.750;N35:2.869;N38:4.081
6,70e091c4e6a2,Ce,58,3,CCCCCc1nnc(-c2cccc(-c3cccc(-c4nnc(CCCCC)c(CCCCC)n4)n3)n2)nc1CCCCC,"[6, 7, 20, 21, 34, 35, 36, 37]",8,9,1,nitrate,58|CCCCCc1nnc(-c2cccc(-c3cccc(-c4nnc(CCCCC)c(CCCCC)n4)n3)n2)nc1CCCCC|nitrate,/nfs/home/nshank3/lanthanide_dataset_builder/data/geometries/Ce/Ce_Z58_ox3_CN9_nlig1_nitrate_70e091c4e6a2.xyz,2,standard,2039005839,50,6,250,8,build_failed,False,,,,,no_structures_returned,BUILD_FAILED,no_structures_returned,,,,,
7,9fa96db16fe2,Ce,58,3,CCCc1nnc(-c2cccc(-c3nnc(CCC)c(CCC)n3)n2)nc1CCC,"[4, 5, 13, 14, 23, 24, 25]",7,9,1,nitrate,58|CCCc1nnc(-c2cccc(-c3nnc(CCC)c(CCC)n3)n2)nc1CCC|nitrate,/nfs/home/nshank3/lanthanide_dataset_builder/data/geometries/Ce/Ce_Z58_ox3_CN9_nlig1_nitrate_9fa96db16fe2.xyz,1,standard,2122564830,40,5,250,0,rejected_by_nearest_coreCN_qc,False,,data/processed/geometries_regenerated_fail_long_bond/rejected/Ce/Ce_Z58_ox3_CN9_nlig1_nitrate_9fa96db16fe2_attempt01_standard_dup2.xyz,data/processed/geometries_regenerated_fail_long_bond/rejected/Ce/Ce_Z58_ox3_CN9_nlig1_nitrate_9fa96db16fe2_attempt01_standard_dup2.mol2,-2744.895400707466,,FAIL_LONG_BOND,coreCN_max_dist>3.10,O65:2.040;O64:2.046;N14:2.319;N25:2.337;N62:2.352;N5:2.454;N6:2.479;N26:2.958;N15:3.158,3.1585,3.4592,0.3007,O65:2.040;O64:2.046;N14:2.319;N25:2.337;N62:2.352;N5:2.454;N6:2.479;N26:2.958;N15:3.158;O63:3.459;N24:3.697
7,9fa96db16fe2,Ce,58,3,CCCc1nnc(-c2cccc(-c3nnc(CCC)c(CCC)n3)n2)nc1CCC,"[4, 5, 13, 14, 23, 24, 25]",7,9,1,nitrate,58|CCCc1nnc(-c2cccc(-c3nnc(CCC)c(CCC)n3)n2)nc1CCC|nitrate,/nfs/home/nshank3/lanthanide_dataset_builder/data/geometries/Ce/Ce_Z58_ox3_CN9_nlig1_nitrate_9fa96db16fe2.xyz,2,standard,2122572749,50,6,250,0,rejected_by_nearest_coreCN_qc,False,,data/processed/geometries_regenerated_fail_long_bond/rejected/Ce/Ce_Z58_ox3_CN9_nlig1_nitrate_9fa96db16fe2_attempt02_standard_dup2.xyz,data/processed/geometries_regenerated_fail_long_bond/rejected/Ce/Ce_Z58_ox3_CN9_nlig1_nitrate_9fa96db16fe2_attempt02_standard_dup2.mol2,-2744.34280209134,,FAIL_LONG_BOND,coreCN_max_dist>3.10,O64:2.060;O65:2.061;N6:2.389;N62:2.437;N25:2.453;N24:2.539;N5:2.654;N14:3.376;N15:3.383,3.3835,3.6012,0.2177,O64:2.060;O65:2.061;N6:2.389;N62:2.437;N25:2.453;N24:2.539;N5:2.654;N14:3.376;N15:3.383;O63:3.601;N26:3.686
8,1e103e29e69e,Ce,58,3,CCCCCCn1c(-c2ccccc2)c(-c2ccccc2)c2cc3ccc4cc5c(-c6ccccc6)c(-c6ccccc6)n(CCCCCC)c(=O)c5nc4c3nc2c1=O,"[6, 43, 51, 53, 56, 59]",6,9,1,water,58|CCCCCCn1c(-c2ccccc2)c(-c2ccccc2)c2cc3ccc4cc5c(-c6ccccc6)c(-c6ccccc6)n(CCCCCC)c(=O)c5nc4c3nc2c1=O|water,/nfs/home/nshank3/lanthanide_dataset_builder/data/geometries/Ce/Ce_Z58_ox3_CN9_nlig1_water_1e103e29e69e.xyz,1,standard,2034025319,40,5,250,0,rejected_by_nearest_coreCN_qc,False,,data/processed/geometries_regenerated_fail_long_bond/rejected/Ce/Ce_Z58_ox3_CN9_nlig1_water_1e103e29e69e_attempt01_standard_dup2.xyz,data/processed/geometries_regenerated_fail_long_bond/rejected/Ce/Ce_Z58_ox3_CN9_nlig1_water_1e103e29e69e_attempt01_standard_dup2.mol2,-4795.264056194606,,FAIL_LONG_BOND,coreCN_max_dist>3.10,O60:2.302;O52:2.340;N54:2.452;N57:2.526;O114:2.540;O111:2.626;O117:2.908;N7:4.242;N44:4.359,4.3586,inf,inf,O60:2.302;O52:2.340;N54:2.452;N57:2.526;O114:2.540;O111:2.626;O117:2.908;N7:4.242;N44:4.359
8,1e103e29e69e,Ce,58,3,CCCCCCn1c(-c2ccccc2)c(-c2ccccc2)c2cc3ccc4cc5c(-c6ccccc6)c(-c6ccccc6)n(CCCCCC)c(=O)c5nc4c3nc2c1=O,"[6, 43, 51, 53, 56, 59]",6,9,1,water,58|CCCCCCn1c(-c2ccccc2)c(-c2ccccc2)c2cc3ccc4cc5c(-c6ccccc6)c(-c6ccccc6)n(CCCCCC)c(=O)c5nc4c3nc2c1=O|water,/nfs/home/nshank3/lanthanide_dataset_builder/data/geometries/Ce/Ce_Z58_ox3_CN9_nlig1_water_1e103e29e69e.xyz,2,standard,2034033238,50,6,250,0,rejected_by_nearest_coreCN_qc,False,,data/processed/geometries_regenerated_fail_long_bond/rejected/Ce/Ce_Z58_ox3_CN9_nlig1_water_1e103e29e69e_attempt02_standard_dup2.xyz,data/processed/geometries_regenerated_fail_long_bond/rejected/Ce/Ce_Z58_ox3_CN9_nlig1_water_1e103e29e69e_attempt02_standard_dup2.mol2,-4795.625356456196,,FAIL_LONG_BOND,coreCN_max_dist>3.10,O60:2.384;O111:2.401;O52:2.429;O114:2.485;O117:2.488;N54:2.506;N57:2.538;N44:4.497;N7:4.523,4.5228,inf,inf,O60:2.384;O111:2.401;O52:2.429;O114:2.485;O117:2.488;N54:2.506;N57:2.538;N44:4.497;N7:4.523
9,8891c25d4c67,Ce,58,3,CCCCCCCCN(CCCCCCCC)C(=O)CN(CC(=O)N(CCCCCCCC)CCCCCCCC)CC(=O)N(CCCCCCCC)CCCCCCCC,"[18, 20, 23, 43]",4,9,2,nitrate,58|CCCCCCCCN(CCCCCCCC)C(=O)CN(CC(=O)N(CCCCCCCC)CCCCCCCC)CC(=O)N(CCCCCCCC)CCCCCCCC|nitrate,/nfs/home/nshank3/lanthanide_dataset_builder/data/geometries/Ce/Ce_Z58_ox3_CN9_nlig2_nitrate_8891c25d4c67.xyz,1,standard,1035065747,40,5,250,8,build_failed,False,tetra_trigonal_pyramidal,,,,no_structures_returned,BUILD_FAILED,no_structures_returned,,,,,
9,8891c25d4c67,Ce,58,3,CCCCCCCCN(CCCCCCCC)C(=O)CN(CC(=O)N(CCCCCCCC)CCCCCCCC)CC(=O)N(CCCCCCCC)CCCCCCCC,"[18, 20, 23, 43]",4,9,2,nitrate,58|CCCCCCCCN(CCCCCCCC)C(=O)CN(CC(=O)N(CCCCCCCC)CCCCCCCC)CC(=O)N(CCCCCCCC)CCCCCCCC|nitrate,/nfs/home/nshank3/lanthanide_dataset_builder/data/geometries/Ce/Ce_Z58_ox3_CN9_nlig2_nitrate_8891c25d4c67.xyz,2,standard,1035073666,50,6,250,8,build_failed,False,tetra_trigonal_pyramidal,,,,no_structures_returned,BUILD_FAILED,no_structures_returned,,,,,
14,f5babe805079,Ce,58,3,CCCCCCCCCCN(CCCCCCCCCC)C(=O)[C@H](CCC)O[C@H](CCC)C(=O)N(CCCCCCCCCC)CCCCCCCCCC,"[22, 27, 33]",3,9,3,nitrate,58|CCCCCCCCCCN(CCCCCCCCCC)C(=O)[C@H](CCC)O[C@H](CCC)C(=O)N(CCCCCCCCCC)CCCCCCCCCC|nitrate,/nfs/home/nshank3/lanthanide_dataset_builder/data/geometries/Ce/Ce_Z58_ox3_CN9_nlig3_nitrate_f5babe805079.xyz,1,standard,982002409,40,5,250,0,rejected_by_nearest_coreCN_qc,False,tri_mer_bent,data/processed/geometries_regenerated_fail_long_bond/rejected/Ce/Ce_Z58_ox3_CN9_nlig3_nitrate_f5babe805079_attempt01_standard.xyz,data/processed/geometries_regenerated_fail_long_bond/rejected/Ce/Ce_Z58_ox3_CN9_nlig3_nitrate_f5babe805079_attempt01_standard.mol2,-14389.795663003277,,FAIL_LONG_BOND,coreCN_max_dist>3.10,O178:2.199;O34:2.270;O333:2.312;O189:2.512;O23:2.539;O338:2.587;O183:2.757;O28:2.781;O344:3.517,3.5167,4.318,0.8013,O178:2.199;O34:2.270;O333:2.312;O189:2.512;O23:2.539;O338:2.587;O183:2.757;O28:2.781;O344:3.517;N166:4.318;N35:4.496;N321:4.502;N190:4.706;N11:4.746;N345:5.279
14,f5babe805079,Ce,58,3,CCCCCCCCCCN(CCCCCCCCCC)C(=O)[C@H](CCC)O[C@H](CCC)C(=O)N(CCCCCCCCCC)CCCCCCCCCC,"[22, 27, 33]",3,9,3,nitrate,58|CCCCCCCCCCN(CCCCCCCCCC)C(=O)[C@H](CCC)O[C@H](CCC)C(=O)N(CCCCCCCCCC)CCCCCCCCCC|nitrate,/nfs/home/nshank3/lanthanide_dataset_builder/data/geometries/Ce/Ce_Z58_ox3_CN9_nlig3_nitrate_f5babe805079.xyz,2,standard,982010328,50,6,250,0,accepted,True,tri_mer_bent,data/processed/geometries_regenerated_fail_long_bond/accepted/Ce/Ce_Z58_ox3_CN9_nlig3_nitrate_f5babe805079_attempt02_standard.xyz,data/processed/geometries_regenerated_fail_long_bond/accepted/Ce/Ce_Z58_ox3_CN9_nlig3_nitrate_f5babe805079_attempt02_standard.mol2,-14391.031613190586,,OK,nearest_coreCN_qc_ok,O189:2.284;O34:2.331;O344:2.413;O178:2.577;O333:2.598;O23:2.601;O338:2.716;O28:2.780;O183:2.781,2.7812,4.4979,1.7167,O189:2.284;O34:2.331;O344:2.413;O178:2.577;O333:2.598;O23:2.601;O338:2.716;O28:2.780;O183:2.781;N190:4.498;N35:4.533;N345:4.631;N166:4.799;N321:4.799;N11:4.813
17,88362553f959,Ce,58,3,CCCCCCCCP(=O)(CCCCCCCC)Cc1cccc(CP(=O)(CCCCCCCC)CCCCCCCC)[n+]1[O-],"[9, 26, 44]",3,9,3,water,58|CCCCCCCCP(=O)(CCCCCCCC)Cc1cccc(CP(=O)(CCCCCCCC)CCCCCCCC)[n+]1[O-]|water,/nfs/home/nshank3/lanthanide_dataset_builder/data/geometries/Ce/Ce_Z58_ox3_CN9_nlig3_water_88362553f959.xyz,1,standard,1632641675,40,5,250,0,accepted,True,,data/processed/geometries_regenerated_fail_long_bond/accepted/Ce/Ce_Z58_ox3_CN9_nlig3_water_88362553f959_attempt01_standard.xyz,data/processed/geometries_regenerated_fail_long_bond/accepted/Ce/Ce_Z58_ox3_CN9_nlig3_water_88362553f959_attempt01_standard.mol2,-11603.981428976762,,OK,nearest_coreCN_qc_ok,O267:2.360;O27:2.419;O250:2.419;O130:2.449;O147:2.544;O10:2.546;O45:2.606;O285:2.675;O165:2.724,2.7245,3.5587,0.8343,O267:2.360;O27:2.419;O250:2.419;O130:2.449;O147:2.544;O10:2.546;O45:2.606;O285:2.675;O165:2.724;N164:3.559;N44:3.589;N284:3.614;P26:3.630;P266:3.719;P146:3.724;P249:3.743;P129:3.863;P9:3.876
20,7fca7db38c62,Dy,66,3,CC1(C)CCC(C)(C)c2nc(-c3cccc(-c4cccc(-c5nnc6c(n5)C(C)(C)CCC6(C)C)n4)n3)nnc21,"[9, 22, 23, 26, 35, 36, 37, 38]",8,8,1,nitrate,66|CC1(C)CCC(C)(C)c2nc(-c3cccc(-c4cccc(-c5nnc6c(n5)C(C)(C)CCC6(C)C)n4)n3)nnc21|nitrate,/nfs/home/nshank3/lanthanide_dataset_builder/data/geometries/Dy/Dy_Z66_ox3_CN8_nlig1_nitrate_7fca7db38c62.xyz,1,standard,670544283,40,5,250,0,rejected_by_nearest_coreCN_qc,False,,data/processed/geometries_regenerated_fail_long_bond/rejected/Dy/Dy_Z66_ox3_CN8_nlig1_nitrate_7fca7db38c62_attempt01_standard_dup2.xyz,data/processed/geometries_regenerated_fail_long_bond/rejected/Dy/Dy_Z66_ox3_CN8_nlig1_nitrate_7fca7db38c62_attempt01_standard_dup2.mol2,-3020.4782216693725,,FAIL_LONG_BOND,coreCN_max_dist>3.10,N23:2.142;N38:2.339;N37:2.403;N10:2.541;N36:2.609;N24:2.700;N39:2.800;N27:3.989,3.9894,inf,inf,N23:2.142;N38:2.339;N37:2.403;N10:2.541;N36:2.609;N24:2.700;N39:2.800;N27:3.989
20,7fca7db38c62,Dy,66,3,CC1(C)CCC(C)(C)c2nc(-c3cccc(-c4cccc(-c5nnc6c(n5)C(C)(C)CCC6(C)C)n4)n3)nnc21,"[9, 22, 23, 26, 35, 36, 37, 38]",8,8,1,nitrate,66|CC1(C)CCC(C)(C)c2nc(-c3cccc(-c4cccc(-c5nnc6c(n5)C(C)(C)CCC6(C)C)n4)n3)nnc21|nitrate,/nfs/home/nshank3/lanthanide_dataset_builder/data/geometries/Dy/Dy_Z66_ox3_CN8_nlig1_nitrate_7fca7db38c62.xyz,2,standard,670552202,50,6,250,0,rejected_by_nearest_coreCN_qc,False,,data/processed/geometries_regenerated_fail_long_bond/rejected/Dy/Dy_Z66_ox3_CN8_nlig1_nitrate_7fca7db38c62_attempt02_standard_dup2.xyz,data/processed/geometries_regenerated_fail_long_bond/rejected/Dy/Dy_Z66_ox3_CN8_nlig1_nitrate_7fca7db38c62_attempt02_standard_dup2.mol2,-3019.886436921162,,FAIL_LONG_BOND,coreCN_max_dist>3.10,N38:2.191;N27:2.375;N39:2.459;N37:2.581;N36:2.603;N10:3.791;N24:3.883;N23:3.999,3.9993,inf,inf,N38:2.191;N27:2.375;N39:2.459;N37:2.581;N36:2.603;N10:3.791;N24:3.883;N23:3.999
21,932ef4e2c665,Dy,66,3,O=C(O)CN(CCO)CCN(CC(=O)O)CC(=O)O,"[0, 2, 4, 7, 10, 13, 14, 17]",8,8,1,nitrate,66|O=C(O)CN(CCO)CCN(CC(=O)O)CC(=O)O|nitrate,/nfs/home/nshank3/lanthanide_dataset_builder/data/geometries/Dy/Dy_Z66_ox3_CN8_nlig1_nitrate_932ef4e2c665.xyz,1,standard,341523268,40,5,250,0,rejected_by_nearest_coreCN_qc,False,,data/processed/geometries_regenerated_fail_long_bond/rejected/Dy/Dy_Z66_ox3_CN8_nlig1_nitrate_932ef4e2c665_attempt01_standard_dup2.xyz,data/processed/geometries_regenerated_fail_long_bond/rejected/Dy/Dy_Z66_ox3_CN8_nlig1_nitrate_932ef4e2c665_attempt01_standard_dup2.mol2,-1758.0282957570328,,FAIL_LONG_BOND,coreCN_max_dist>3.10,O18:2.162;O14:2.169;O1:2.226;O8:2.308;N5:2.442;N11:2.582;O15:4.103;O19:4.286,4.2862,4.3212,0.035,O18:2.162;O14:2.169;O1:2.226;O8:2.308;N5:2.442;N11:2.582;O15:4.103;O19:4.286;O3:4.321
21,932ef4e2c665,Dy,66,3,O=C(O)CN(CCO)CCN(CC(=O)O)CC(=O)O,"[0, 2, 4, 7, 10, 13, 14, 17]",8,8,1,nitrate,66|O=C(O)CN(CCO)CCN(CC(=O)O)CC(=O)O|nitrate,/nfs/home/nshank3/lanthanide_dataset_builder/data/geometries/Dy/Dy_Z66_ox3_CN8_nlig1_nitrate_932ef4e2c665.xyz,2,standard,341531187,50,6,250,0,rejected_by_nearest_coreCN_qc,False,,data/processed/geometries_regenerated_fail_long_bond/rejected/Dy/Dy_Z66_ox3_CN8_nlig1_nitrate_932ef4e2c665_attempt02_standard_dup2.xyz,data/processed/geometries_regenerated_fail_long_bond/rejected/Dy/Dy_Z66_ox3_CN8_nlig1_nitrate_932ef4e2c665_attempt02_standard_dup2.mol2,-1757.710764206575,,FAIL_LONG_BOND,coreCN_max_dist>3.10,O14:2.110;O1:2.121;O18:2.139;O8:2.331;N5:2.384;N11:2.702;O15:2.925;O3:3.893,3.893,4.2621,0.3691,O14:2.110;O1:2.121;O18:2.139;O8:2.331;N5:2.384;N11:2.702;O15:2.925;O3:3.893;O19:4.262
22,af2a56f162b8,Dy,66,3,CCCCCCn1c(-c2ccccc2)c(-c2ccccc2)c2cc3ccc4cc5c(-c6ccccc6)c(-c6ccccc6)n(CCCCCC)c(=O)c5nc4c3nc2c1=O,"[6, 43, 51, 53, 56, 59]",6,8,1,nitrate,66|CCCCCCn1c(-c2ccccc2)c(-c2ccccc2)c2cc3ccc4cc5c(-c6ccccc6)c(-c6ccccc6)n(CCCCCC)c(=O)c5nc4c3nc2c1=O|nitrate,/nfs/home/nshank3/lanthanide_dataset_builder/data/geometries/Dy/Dy_Z66_ox3_CN8_nlig1_nitrate_af2a56f162b8.xyz,1,standard,2000035761,40,5,250,0,rejected_by_nearest_coreCN_qc,False,,data/processed/geometries_regenerated_fail_long_bond/rejected/Dy/Dy_Z66_ox3_CN8_nlig1_nitrate_af2a56f162b8_attempt01_standard_dup2.xyz,data/processed/geometries_regenerated_fail_long_bond/rejected/Dy/Dy_Z66_ox3_CN8_nlig1_nitrate_af2a56f162b8_attempt01_standard_dup2.mol2,-4800.061993391769,,FAIL_LONG_BOND,coreCN_max_dist>3.10,O60:2.080;O114:2.083;O113:2.091;O52:2.185;N111:2.387;N54:2.408;N57:2.756;O112:3.488,3.4876,3.513,0.0255,O60:2.080;O114:2.083;O113:2.091;O52:2.185;N111:2.387;N54:2.408;N57:2.756;O112:3.488;N7:3.513;N44:3.769
22,af2a56f162b8,Dy,66,3,CCCCCCn1c(-c2ccccc2)c(-c2ccccc2)c2cc3ccc4cc5c(-c6ccccc6)c(-c6ccccc6)n(CCCCCC)c(=O)c5nc4c3nc2c1=O,"[6, 43, 51, 53, 56, 59]",6,8,1,nitrate,66|CCCCCCn1c(-c2ccccc2)c(-c2ccccc2)c2cc3ccc4cc5c(-c6ccccc6)c(-c6ccccc6)n(CCCCCC)c(=O)c5nc4c3nc2c1=O|nitrate,/nfs/home/nshank3/lanthanide_dataset_builder/data/geometries/Dy/Dy_Z66_ox3_CN8_nlig1_nitrate_af2a56f162b8.xyz,2,standard,2000043680,50,6,250,0,rejected_by_nearest_coreCN_qc,False,,data/processed/geometries_regenerated_fail_long_bond/rejected/Dy/Dy_Z66_ox3_CN8_nlig1_nitrate_af2a56f162b8_attempt02_standard_dup2.xyz,data/processed/geometries_regenerated_fail_long_bond/rejected/Dy/Dy_Z66_ox3_CN8_nlig1_nitrate_af2a56f162b8_attempt02_standard_dup2.mol2,-4801.711123110094,,FAIL_LONG_BOND,coreCN_max_dist>3.10,O60:2.038;O52:2.056;O114:2.129;O113:2.210;N57:2.399;N54:2.413;N111:2.545;N7:3.627,3.6268,3.717,0.0902,O60:2.038;O52:2.056;O114:2.129;O113:2.210;N57:2.399;N54:2.413;N111:2.545;N7:3.627;O112:3.717;N44:3.813
23,c155a4660cba,Dy,66,3,CC12CCC(c3nnc(-c4cccc(-c5nnc6c(n5)C5(C)CCC6C5(C)C)n4)nc31)C2(C)C,"[6, 7, 15, 16, 19, 28, 29]",7,8,1,nitrate,66|CC12CCC(c3nnc(-c4cccc(-c5nnc6c(n5)C5(C)CCC6C5(C)C)n4)nc31)C2(C)C|nitrate,/nfs/home/nshank3/lanthanide_dataset_builder/data/geometries/Dy/Dy_Z66_ox3_CN8_nlig1_nitrate_c155a4660cba.xyz,1,standard,78286801,40,5,250,0,rejected_by_nearest_coreCN_qc,False,,data/processed/geometries_regenerated_fail_long_bond/rejected/Dy/Dy_Z66_ox3_CN8_nlig1_nitrate_c155a4660cba_attempt01_standard_dup2.xyz,data/processed/geometries_regenerated_fail_long_bond/rejected/Dy/Dy_Z66_ox3_CN8_nlig1_nitrate_c155a4660cba_attempt01_standard_dup2.mol2,-2689.4156227133385,,FAIL_LONG_BOND,coreCN_max_dist>3.10,N16:2.237;N8:2.334;O66:2.354;N7:2.404;N29:2.466;N17:2.589;N30:3.213;N20:4.351,4.3509,inf,inf,N16:2.237;N8:2.334;O66:2.354;N7:2.404;N29:2.466;N17:2.589;N30:3.213;N20:4.351
23,c155a4660cba,Dy,66,3,CC12CCC(c3nnc(-c4cccc(-c5nnc6c(n5)C5(C)CCC6C5(C)C)n4)nc31)C2(C)C,"[6, 7, 15, 16, 19, 28, 29]",7,8,1,nitrate,66|CC12CCC(c3nnc(-c4cccc(-c5nnc6c(n5)C5(C)CCC6C5(C)C)n4)nc31)C2(C)C|nitrate,/nfs/home/nshank3/lanthanide_dataset_builder/data/geometries/Dy/Dy_Z66_ox3_CN8_nlig1_nitrate_c155a4660cba.xyz,2,standard,78294720,50,6,250,0,rejected_by_nearest_coreCN_qc,False,,data/processed/geometries_regenerated_fail_long_bond/rejected/Dy/Dy_Z66_ox3_CN8_nlig1_nitrate_c155a4660cba_attempt02_standard_dup2.xyz,data/processed/geometries_regenerated_fail_long_bond/rejected/Dy/Dy_Z66_ox3_CN8_nlig1_nitrate_c155a4660cba_attempt02_standard_dup2.mol2,-2689.0542346806874,,FAIL_LONG_BOND,coreCN_max_dist>3.10,N8:2.249;N20:2.389;N29:2.393;N7:2.458;O66:2.481;N16:3.097;N17:3.169;N30:3.819,3.8193,inf,inf,N8:2.249;N20:2.389;N29:2.393;N7:2.458;O66:2.481;N16:3.097;N17:3.169;N30:3.819
24,ebb31779ee01,Dy,66,3,CCCCCc1nnc(-c2cccc(-c3cccc(-c4nnc(CCCCC)c(CCCCC)n4)n3)n2)nc1CCCCC,"[6, 7, 20, 21, 34, 35, 36, 37]",8,8,1,nitrate,66|CCCCCc1nnc(-c2cccc(-c3cccc(-c4nnc(CCCCC)c(CCCCC)n4)n3)n2)nc1CCCCC|nitrate,/nfs/home/nshank3/lanthanide_dataset_builder/data/geometries/Dy/Dy_Z66_ox3_CN8_nlig1_nitrate_ebb31779ee01.xyz,1,standard,1825712153,40,5,250,0,rejected_by_nearest_coreCN_qc,False,,data/processed/geometries_regenerated_fail_long_bond/rejected/Dy/Dy_Z66_ox3_CN8_nlig1_nitrate_ebb31779ee01_attempt01_standard_dup2.xyz,data/processed/geometries_regenerated_fail_long_bond/rejected/Dy/Dy_Z66_ox3_CN8_nlig1_nitrate_ebb31779ee01_attempt01_standard_dup2.mol2,-3418.0089527319,,FAIL_LONG_BOND,coreCN_max_dist>3.10,N21:2.165;N8:2.177;N36:2.443;N37:2.489;N22:2.623;N7:2.730;N35:3.230;N38:3.754,3.7539,inf,inf,N21:2.165;N8:2.177;N36:2.443;N37:2.489;N22:2.623;N7:2.730;N35:3.230;N38:3.754
24,ebb31779ee01,Dy,66,3,CCCCCc1nnc(-c2cccc(-c3cccc(-c4nnc(CCCCC)c(CCCCC)n4)n3)n2)nc1CCCCC,"[6, 7, 20, 21, 34, 35, 36, 37]",8,8,1,nitrate,66|CCCCCc1nnc(-c2cccc(-c3cccc(-c4nnc(CCCCC)c(CCCCC)n4)n3)n2)nc1CCCCC|nitrate,/nfs/home/nshank3/lanthanide_dataset_builder/data/geometries/Dy/Dy_Z66_ox3_CN8_nlig1_nitrate_ebb31779ee01.xyz,2,standard,1825720072,50,6,250,0,rejected_by_nearest_coreCN_qc,False,,data/processed/geometries_regenerated_fail_long_bond/rejected/Dy/Dy_Z66_ox3_CN8_nlig1_nitrate_ebb31779ee01_attempt02_standard_dup2.xyz,data/processed/geometries_regenerated_fail_long_bond/rejected/Dy/Dy_Z66_ox3_CN8_nlig1_nitrate_ebb31779ee01_attempt02_standard_dup2.mol2,-3419.064234667557,,FAIL_LONG_BOND,coreCN_max_dist>3.10,N21:2.189;N38:2.441;N37:2.549;N36:2.626;N22:2.709;N7:3.694;N8:3.847;N35:4.005,4.0049,inf,inf,N21:2.189;N38:2.441;N37:2.549;N36:2.626;N22:2.709;N7:3.694;N8:3.847;N35:4.005
25,fefdc4e8deb0,Dy,66,3,CCCc1nnc(-c2cccc(-c3nnc(CCC)c(CCC)n3)n2)nc1CCC,"[4, 5, 13, 14, 23, 24, 25]",7,8,1,nitrate,66|CCCc1nnc(-c2cccc(-c3nnc(CCC)c(CCC)n3)n2)nc1CCC|nitrate,/nfs/home/nshank3/lanthanide_dataset_builder/data/geometries/Dy/Dy_Z66_ox3_CN8_nlig1_nitrate_fefdc4e8deb0.xyz,1,standard,2146099233,40,5,250,0,rejected_by_nearest_coreCN_qc,False,,data/processed/geometries_regenerated_fail_long_bond/rejected/Dy/Dy_Z66_ox3_CN8_nlig1_nitrate_fefdc4e8deb0_attempt01_standard_dup2.xyz,data/processed/geometries_regenerated_fail_long_bond/rejected/Dy/Dy_Z66_ox3_CN8_nlig1_nitrate_fefdc4e8deb0_attempt01_standard_dup2.mol2,-2455.9516472436567,,FAIL_LONG_BOND,coreCN_max_dist>3.10,N14:2.229;N6:2.257;N15:2.288;N5:2.342;N25:2.408;O62:2.562;N26:3.529;N24:3.915,3.9148,inf,inf,N14:2.229;N6:2.257;N15:2.288;N5:2.342;N25:2.408;O62:2.562;N26:3.529;N24:3.915
25,fefdc4e8deb0,Dy,66,3,CCCc1nnc(-c2cccc(-c3nnc(CCC)c(CCC)n3)n2)nc1CCC,"[4, 5, 13, 14, 23, 24, 25]",7,8,1,nitrate,66|CCCc1nnc(-c2cccc(-c3nnc(CCC)c(CCC)n3)n2)nc1CCC|nitrate,/nfs/home/nshank3/lanthanide_dataset_builder/data/geometries/Dy/Dy_Z66_ox3_CN8_nlig1_nitrate_fefdc4e8deb0.xyz,2,standard,2146107152,50,6,250,0,rejected_by_nearest_coreCN_qc,False,,data/processed/geometries_regenerated_fail_long_bond/rejected/Dy/Dy_Z66_ox3_CN8_nlig1_nitrate_fefdc4e8deb0_attempt02_standard_dup2.xyz,data/processed/geometries_regenerated_fail_long_bond/rejected/Dy/Dy_Z66_ox3_CN8_nlig1_nitrate_fefdc4e8deb0_attempt02_standard_dup2.mol2,-2453.9197003215077,,FAIL_LONG_BOND,coreCN_max_dist>3.10,N6:2.134;N14:2.236;N15:2.281;O62:2.392;N25:2.419;N5:2.504;N24:2.868;N26:4.027,4.0272,inf,inf,N6:2.134;N14:2.236;N15:2.281;O62:2.392;N25:2.419;N5:2.504;N24:2.868;N26:4.027
26,a61bb065986b,Dy,66,3,CCCCCCn1c(-c2ccccc2)c(-c2ccccc2)c2cc3ccc4cc5c(-c6ccccc6)c(-c6ccccc6)n(CCCCCC)c(=O)c5nc4c3nc2c1=O,"[6, 43, 51, 53, 56, 59]",6,8,1,water,66|CCCCCCn1c(-c2ccccc2)c(-c2ccccc2)c2cc3ccc4cc5c(-c6ccccc6)c(-c6ccccc6)n(CCCCCC)c(=O)c5nc4c3nc2c1=O|water,/nfs/home/nshank3/lanthanide_dataset_builder/data/geometries/Dy/Dy_Z66_ox3_CN8_nlig1_water_a61bb065986b.xyz,1,standard,1377229706,40,5,250,0,rejected_by_nearest_coreCN_qc,False,,data/processed/geometries_regenerated_fail_long_bond/rejected/Dy/Dy_Z66_ox3_CN8_nlig1_water_a61bb065986b_attempt01_standard_dup2.xyz,data/processed/geometries_regenerated_fail_long_bond/rejected/Dy/Dy_Z66_ox3_CN8_nlig1_water_a61bb065986b_attempt01_standard_dup2.mol2,-4652.78773203292,,FAIL_LONG_BOND,coreCN_max_dist>3.10,O60:2.269;O52:2.277;O114:2.367;N57:2.431;N54:2.492;O111:2.561;N44:4.018;N7:4.379,4.3793,inf,inf,O60:2.269;O52:2.277;O114:2.367;N57:2.431;N54:2.492;O111:2.561;N44:4.018;N7:4.379
26,a61bb065986b,Dy,66,3,CCCCCCn1c(-c2ccccc2)c(-c2ccccc2)c2cc3ccc4cc5c(-c6ccccc6)c(-c6ccccc6)n(CCCCCC)c(=O)c5nc4c3nc2c1=O,"[6, 43, 51, 53, 56, 59]",6,8,1,water,66|CCCCCCn1c(-c2ccccc2)c(-c2ccccc2)c2cc3ccc4cc5c(-c6ccccc6)c(-c6ccccc6)n(CCCCCC)c(=O)c5nc4c3nc2c1=O|water,/nfs/home/nshank3/lanthanide_dataset_builder/data/geometries/Dy/Dy_Z66_ox3_CN8_nlig1_water_a61bb065986b.xyz,2,standard,1377237625,50,6,250,0,rejected_by_nearest_coreCN_qc,False,,data/processed/geometries_regenerated_fail_long_bond/rejected/Dy/Dy_Z66_ox3_CN8_nlig1_water_a61bb065986b_attempt02_standard_dup2.xyz,data/processed/geometries_regenerated_fail_long_bond/rejected/Dy/Dy_Z66_ox3_CN8_nlig1_water_a61bb065986b_attempt02_standard_dup2.mol2,-4654.171063395162,,FAIL_LONG_BOND,coreCN_max_dist>3.10,O60:2.192;O52:2.345;O111:2.415;N54:2.422;N57:2.506;O114:2.520;N7:3.906;N44:4.422,4.4217,inf,inf,O60:2.192;O52:2.345;O111:2.415;N54:2.422;N57:2.506;O114:2.520;N7:3.906;N44:4.422
27,4ca0b6f30178,Dy,66,3,CCCCCCCCN(CCCCCCCC)C(=O)CN(CC(=O)N(CCCCCCCC)CCCCCCCC)CC(=O)N(CCCCCCCC)CCCCCCCC,"[18, 20, 23, 43]",4,8,2,nitrate,66|CCCCCCCCN(CCCCCCCC)C(=O)CN(CC(=O)N(CCCCCCCC)CCCCCCCC)CC(=O)N(CCCCCCCC)CCCCCCCC|nitrate,/nfs/home/nshank3/lanthanide_dataset_builder/data/geometries/Dy/Dy_Z66_ox3_CN8_nlig2_nitrate_4ca0b6f30178.xyz,1,standard,812545431,40,5,250,8,build_failed,False,tetra_trigonal_pyramidal,,,,no_structures_returned,BUILD_FAILED,no_structures_returned,,,,,
27,4ca0b6f30178,Dy,66,3,CCCCCCCCN(CCCCCCCC)C(=O)CN(CC(=O)N(CCCCCCCC)CCCCCCCC)CC(=O)N(CCCCCCCC)CCCCCCCC,"[18, 20, 23, 43]",4,8,2,nitrate,66|CCCCCCCCN(CCCCCCCC)C(=O)CN(CC(=O)N(CCCCCCCC)CCCCCCCC)CC(=O)N(CCCCCCCC)CCCCCCCC|nitrate,/nfs/home/nshank3/lanthanide_dataset_builder/data/geometries/Dy/Dy_Z66_ox3_CN8_nlig2_nitrate_4ca0b6f30178.xyz,2,standard,812553350,50,6,250,8,build_failed,False,tetra_trigonal_pyramidal,,,,no_structures_returned,BUILD_FAILED,no_structures_returned,,,,,
28,4143c21a233c,Dy,66,3,CCCCN(CCCC)C(=O)CCC(=O)N(CCCC)CCCC,"[10, 14]",2,8,4,nitrate,66|CCCCN(CCCC)C(=O)CCC(=O)N(CCCC)CCCC|nitrate,/nfs/home/nshank3/lanthanide_dataset_builder/data/geometries/Dy/Dy_Z66_ox3_CN8_nlig4_nitrate_4143c21a233c.xyz,1,standard,1078260184,40,5,250,-6,build_failed,False,,,,,corrupted double-linked list,BUILD_FAILED,corrupted double-linked list,,,,,
28,4143c21a233c,Dy,66,3,CCCCN(CCCC)C(=O)CCC(=O)N(CCCC)CCCC,"[10, 14]",2,8,4,nitrate,66|CCCCN(CCCC)C(=O)CCC(=O)N(CCCC)CCCC|nitrate,/nfs/home/nshank3/lanthanide_dataset_builder/data/geometries/Dy/Dy_Z66_ox3_CN8_nlig4_nitrate_4143c21a233c.xyz,2,standard,1078268103,50,6,250,0,accepted,True,,data/processed/geometries_regenerated_fail_long_bond/accepted/Dy/Dy_Z66_ox3_CN8_nlig4_nitrate_4143c21a233c_attempt02_standard.xyz,data/processed/geometries_regenerated_fail_long_bond/accepted/Dy/Dy_Z66_ox3_CN8_nlig4_nitrate_4143c21a233c_attempt02_standard.mol2,-8414.874452900796,,OK,nearest_coreCN_qc_ok,O11:2.267;O207:2.378;O143:2.415;O139:2.526;O203:2.593;O79:2.645;O75:2.824;O15:2.840,2.84,4.1065,1.2664,O11:2.267;O207:2.378;O143:2.415;O139:2.526;O203:2.593;O79:2.645;O75:2.824;O15:2.840;N5:4.106;N208:4.589;N144:4.607;N16:4.623;N133:4.703;N197:4.735;N80:4.895;N69:4.896
30,46ce34695899,Er,68,3,CC12CCC(c3nnc(-c4cccc(-c5nnc6c(n5)C5(C)CCC6C5(C)C)n4)nc31)C2(C)C,"[6, 7, 15, 16, 19, 28, 29]",7,8,1,nitrate,68|CC12CCC(c3nnc(-c4cccc(-c5nnc6c(n5)C5(C)CCC6C5(C)C)n4)nc31)C2(C)C|nitrate,/nfs/home/nshank3/lanthanide_dataset_builder/data/geometries/Er/Er_Z68_ox3_CN8_nlig1_nitrate_46ce34695899.xyz,1,standard,2086914032,40,5,250,0,rejected_by_nearest_coreCN_qc,False,,data/processed/geometries_regenerated_fail_long_bond/rejected/Er/Er_Z68_ox3_CN8_nlig1_nitrate_46ce34695899_attempt01_standard_dup2.xyz,data/processed/geometries_regenerated_fail_long_bond/rejected/Er/Er_Z68_ox3_CN8_nlig1_nitrate_46ce34695899_attempt01_standard_dup2.mol2,-2687.94007288915,,FAIL_LONG_BOND,coreCN_max_dist>3.10,N29:2.262;O66:2.459;N20:2.604;N30:2.663;N8:2.926;N7:3.147;N16:3.361;N17:3.438,3.4376,inf,inf,N29:2.262;O66:2.459;N20:2.604;N30:2.663;N8:2.926;N7:3.147;N16:3.361;N17:3.438
30,46ce34695899,Er,68,3,CC12CCC(c3nnc(-c4cccc(-c5nnc6c(n5)C5(C)CCC6C5(C)C)n4)nc31)C2(C)C,"[6, 7, 15, 16, 19, 28, 29]",7,8,1,nitrate,68|CC12CCC(c3nnc(-c4cccc(-c5nnc6c(n5)C5(C)CCC6C5(C)C)n4)nc31)C2(C)C|nitrate,/nfs/home/nshank3/lanthanide_dataset_builder/data/geometries/Er/Er_Z68_ox3_CN8_nlig1_nitrate_46ce34695899.xyz,2,standard,2086921951,50,6,250,0,rejected_by_nearest_coreCN_qc,False,,data/processed/geometries_regenerated_fail_long_bond/rejected/Er/Er_Z68_ox3_CN8_nlig1_nitrate_46ce34695899_attempt02_standard_dup2.xyz,data/processed/geometries_regenerated_fail_long_bond/rejected/Er/Er_Z68_ox3_CN8_nlig1_nitrate_46ce34695899_attempt02_standard_dup2.mol2,-2688.2861630346415,,FAIL_LONG_BOND,coreCN_max_dist>3.10,N8:2.206;N16:2.231;N17:2.345;N7:2.390;N29:2.493;O66:2.590;N20:3.519;N30:3.548,3.5476,inf,inf,N8:2.206;N16:2.231;N17:2.345;N7:2.390;N29:2.493;O66:2.590;N20:3.519;N30:3.548
31,a79e7ea6e06f,Er,68,3,CC1(C)CCC(C)(C)c2nc(-c3cccc(-c4cccc(-c5nnc6c(n5)C(C)(C)CCC6(C)C)n4)n3)nnc21,"[9, 22, 23, 26, 35, 36, 37, 38]",8,8,1,nitrate,68|CC1(C)CCC(C)(C)c2nc(-c3cccc(-c4cccc(-c5nnc6c(n5)C(C)(C)CCC6(C)C)n4)n3)nnc21|nitrate,/nfs/home/nshank3/lanthanide_dataset_builder/data/geometries/Er/Er_Z68_ox3_CN8_nlig1_nitrate_a79e7ea6e06f.xyz,1,standard,1811132979,40,5,250,0,rejected_by_nearest_coreCN_qc,False,,data/processed/geometries_regenerated_fail_long_bond/rejected/Er/Er_Z68_ox3_CN8_nlig1_nitrate_a79e7ea6e06f_attempt01_standard_dup2.xyz,data/processed/geometries_regenerated_fail_long_bond/rejected/Er/Er_Z68_ox3_CN8_nlig1_nitrate_a79e7ea6e06f_attempt01_standard_dup2.mol2,-3019.3656564026937,,FAIL_LONG_BOND,coreCN_max_dist>3.10,N38:2.201;N27:2.438;N36:2.487;N39:2.618;N37:2.625;N10:3.437;N23:3.707;N24:3.713,3.7128,inf,inf,N38:2.201;N27:2.438;N36:2.487;N39:2.618;N37:2.625;N10:3.437;N23:3.707;N24:3.713
31,a79e7ea6e06f,Er,68,3,CC1(C)CCC(C)(C)c2nc(-c3cccc(-c4cccc(-c5nnc6c(n5)C(C)(C)CCC6(C)C)n4)n3)nnc21,"[9, 22, 23, 26, 35, 36, 37, 38]",8,8,1,nitrate,68|CC1(C)CCC(C)(C)c2nc(-c3cccc(-c4cccc(-c5nnc6c(n5)C(C)(C)CCC6(C)C)n4)n3)nnc21|nitrate,/nfs/home/nshank3/lanthanide_dataset_builder/data/geometries/Er/Er_Z68_ox3_CN8_nlig1_nitrate_a79e7ea6e06f.xyz,2,standard,1811140898,50,6,250,0,rejected_by_nearest_coreCN_qc,False,,data/processed/geometries_regenerated_fail_long_bond/rejected/Er/Er_Z68_ox3_CN8_nlig1_nitrate_a79e7ea6e06f_attempt02_standard_dup2.xyz,data/processed/geometries_regenerated_fail_long_bond/rejected/Er/Er_Z68_ox3_CN8_nlig1_nitrate_a79e7ea6e06f_attempt02_standard_dup2.mol2,-3018.172990874937,,FAIL_LONG_BOND,coreCN_max_dist>3.10,N37:2.883;N36:2.949;N10:3.328;N27:3.411;N23:3.556;N24:3.592;N38:3.644;N39:3.911,3.9109,inf,inf,N37:2.883;N36:2.949;N10:3.328;N27:3.411;N23:3.556;N24:3.592;N38:3.644;N39:3.911
32,bec89700cf93,Er,68,3,CCCCCc1nnc(-c2cccc(-c3cccc(-c4nnc(CCCCC)c(CCCCC)n4)n3)n2)nc1CCCCC,"[6, 7, 20, 21, 34, 35, 36, 37]",8,8,1,nitrate,68|CCCCCc1nnc(-c2cccc(-c3cccc(-c4nnc(CCCCC)c(CCCCC)n4)n3)n2)nc1CCCCC|nitrate,/nfs/home/nshank3/lanthanide_dataset_builder/data/geometries/Er/Er_Z68_ox3_CN8_nlig1_nitrate_bec89700cf93.xyz,1,standard,1176791893,40,5,250,0,rejected_by_nearest_coreCN_qc,False,,data/processed/geometries_regenerated_fail_long_bond/rejected/Er/Er_Z68_ox3_CN8_nlig1_nitrate_bec89700cf93_attempt01_standard_dup2.xyz,data/processed/geometries_regenerated_fail_long_bond/rejected/Er/Er_Z68_ox3_CN8_nlig1_nitrate_bec89700cf93_attempt01_standard_dup2.mol2,-3419.52060445076,,FAIL_LONG_BOND,coreCN_max_dist>3.10,N21:2.335;N22:2.375;N36:2.490;N8:2.490;N37:2.665;N35:2.901;N7:3.397;N38:4.667,4.6666,inf,inf,N21:2.335;N22:2.375;N36:2.490;N8:2.490;N37:2.665;N35:2.901;N7:3.397;N38:4.667
32,bec89700cf93,Er,68,3,CCCCCc1nnc(-c2cccc(-c3cccc(-c4nnc(CCCCC)c(CCCCC)n4)n3)n2)nc1CCCCC,"[6, 7, 20, 21, 34, 35, 36, 37]",8,8,1,nitrate,68|CCCCCc1nnc(-c2cccc(-c3cccc(-c4nnc(CCCCC)c(CCCCC)n4)n3)n2)nc1CCCCC|nitrate,/nfs/home/nshank3/lanthanide_dataset_builder/data/geometries/Er/Er_Z68_ox3_CN8_nlig1_nitrate_bec89700cf93.xyz,2,standard,1176799812,50,6,250,0,rejected_by_nearest_coreCN_qc,False,,data/processed/geometries_regenerated_fail_long_bond/rejected/Er/Er_Z68_ox3_CN8_nlig1_nitrate_bec89700cf93_attempt02_standard_dup2.xyz,data/processed/geometries_regenerated_fail_long_bond/rejected/Er/Er_Z68_ox3_CN8_nlig1_nitrate_bec89700cf93_attempt02_standard_dup2.mol2,-3417.850052858801,,FAIL_LONG_BOND,coreCN_max_dist>3.10,N21:2.179;N38:2.239;N37:2.400;N36:2.548;N22:2.635;N8:3.359;N7:3.426;N35:3.557,3.5573,inf,inf,N21:2.179;N38:2.239;N37:2.400;N36:2.548;N22:2.635;N8:3.359;N7:3.426;N35:3.557
33,e95e58f27630,Er,68,3,CCCCCCn1c(-c2ccccc2)c(-c2ccccc2)c2cc3ccc4cc5c(-c6ccccc6)c(-c6ccccc6)n(CCCCCC)c(=O)c5nc4c3nc2c1=O,"[6, 43, 51, 53, 56, 59]",6,8,1,nitrate,68|CCCCCCn1c(-c2ccccc2)c(-c2ccccc2)c2cc3ccc4cc5c(-c6ccccc6)c(-c6ccccc6)n(CCCCCC)c(=O)c5nc4c3nc2c1=O|nitrate,/nfs/home/nshank3/lanthanide_dataset_builder/data/geometries/Er/Er_Z68_ox3_CN8_nlig1_nitrate_e95e58f27630.xyz,1,standard,1801332784,40,5,250,0,rejected_by_nearest_coreCN_qc,False,,data/processed/geometries_regenerated_fail_long_bond/rejected/Er/Er_Z68_ox3_CN8_nlig1_nitrate_e95e58f27630_attempt01_standard_dup2.xyz,data/processed/geometries_regenerated_fail_long_bond/rejected/Er/Er_Z68_ox3_CN8_nlig1_nitrate_e95e58f27630_attempt01_standard_dup2.mol2,-4800.678241471723,,FAIL_LONG_BOND,coreCN_max_dist>3.10,O52:2.084;O114:2.096;O113:2.100;O60:2.158;N54:2.447;N111:2.451;N57:2.503;O112:3.615,3.6154,3.7397,0.1243,O52:2.084;O114:2.096;O113:2.100;O60:2.158;N54:2.447;N111:2.451;N57:2.503;O112:3.615;N44:3.740;N7:4.204
33,e95e58f27630,Er,68,3,CCCCCCn1c(-c2ccccc2)c(-c2ccccc2)c2cc3ccc4cc5c(-c6ccccc6)c(-c6ccccc6)n(CCCCCC)c(=O)c5nc4c3nc2c1=O,"[6, 43, 51, 53, 56, 59]",6,8,1,nitrate,68|CCCCCCn1c(-c2ccccc2)c(-c2ccccc2)c2cc3ccc4cc5c(-c6ccccc6)c(-c6ccccc6)n(CCCCCC)c(=O)c5nc4c3nc2c1=O|nitrate,/nfs/home/nshank3/lanthanide_dataset_builder/data/geometries/Er/Er_Z68_ox3_CN8_nlig1_nitrate_e95e58f27630.xyz,2,standard,1801340703,50,6,250,0,rejected_by_nearest_coreCN_qc,False,,data/processed/geometries_regenerated_fail_long_bond/rejected/Er/Er_Z68_ox3_CN8_nlig1_nitrate_e95e58f27630_attempt02_standard_dup2.xyz,data/processed/geometries_regenerated_fail_long_bond/rejected/Er/Er_Z68_ox3_CN8_nlig1_nitrate_e95e58f27630_attempt02_standard_dup2.mol2,-4796.47581244679,,FAIL_LONG_BOND,coreCN_max_dist>3.10,O113:1.997;O114:2.050;O52:2.228;O60:2.241;N111:2.358;N57:2.419;N54:2.441;O112:3.509,3.5086,3.7353,0.2267,O113:1.997;O114:2.050;O52:2.228;O60:2.241;N111:2.358;N57:2.419;N54:2.441;O112:3.509;N7:3.735;N44:3.976
34,f2837669b392,Er,68,3,CCCc1nnc(-c2cccc(-c3nnc(CCC)c(CCC)n3)n2)nc1CCC,"[4, 5, 13, 14, 23, 24, 25]",7,8,1,nitrate,68|CCCc1nnc(-c2cccc(-c3nnc(CCC)c(CCC)n3)n2)nc1CCC|nitrate,/nfs/home/nshank3/lanthanide_dataset_builder/data/geometries/Er/Er_Z68_ox3_CN8_nlig1_nitrate_f2837669b392.xyz,1,standard,1112050267,40,5,250,0,rejected_by_nearest_coreCN_qc,False,,data/processed/geometries_regenerated_fail_long_bond/rejected/Er/Er_Z68_ox3_CN8_nlig1_nitrate_f2837669b392_attempt01_standard_dup2.xyz,data/processed/geometries_regenerated_fail_long_bond/rejected/Er/Er_Z68_ox3_CN8_nlig1_nitrate_f2837669b392_attempt01_standard_dup2.mol2,-2453.4252879060286,,FAIL_LONG_BOND,coreCN_max_dist>3.10,N6:2.157;N14:2.225;N15:2.271;O62:2.372;N25:2.451;N5:2.627;N24:3.162;N26:4.182,4.1821,inf,inf,N6:2.157;N14:2.225;N15:2.271;O62:2.372;N25:2.451;N5:2.627;N24:3.162;N26:4.182
34,f2837669b392,Er,68,3,CCCc1nnc(-c2cccc(-c3nnc(CCC)c(CCC)n3)n2)nc1CCC,"[4, 5, 13, 14, 23, 24, 25]",7,8,1,nitrate,68|CCCc1nnc(-c2cccc(-c3nnc(CCC)c(CCC)n3)n2)nc1CCC|nitrate,/nfs/home/nshank3/lanthanide_dataset_builder/data/geometries/Er/Er_Z68_ox3_CN8_nlig1_nitrate_f2837669b392.xyz,2,standard,1112058186,50,6,250,0,rejected_by_nearest_coreCN_qc,False,,data/processed/geometries_regenerated_fail_long_bond/rejected/Er/Er_Z68_ox3_CN8_nlig1_nitrate_f2837669b392_attempt02_standard_dup2.xyz,data/processed/geometries_regenerated_fail_long_bond/rejected/Er/Er_Z68_ox3_CN8_nlig1_nitrate_f2837669b392_attempt02_standard_dup2.mol2,-2454.0383475783756,,FAIL_LONG_BOND,coreCN_max_dist>3.10,N14:2.176;N25:2.267;N26:2.401;O62:2.409;N6:2.576;N5:2.709;N15:2.970;N24:4.363,4.3632,inf,inf,N14:2.176;N25:2.267;N26:2.401;O62:2.409;N6:2.576;N5:2.709;N15:2.970;N24:4.363
35,7672a8a7b733,Er,68,3,CCCCCCn1c(-c2ccccc2)c(-c2ccccc2)c2cc3ccc4cc5c(-c6ccccc6)c(-c6ccccc6)n(CCCCCC)c(=O)c5nc4c3nc2c1=O,"[6, 43, 51, 53, 56, 59]",6,8,1,water,68|CCCCCCn1c(-c2ccccc2)c(-c2ccccc2)c2cc3ccc4cc5c(-c6ccccc6)c(-c6ccccc6)n(CCCCCC)c(=O)c5nc4c3nc2c1=O|water,/nfs/home/nshank3/lanthanide_dataset_builder/data/geometries/Er/Er_Z68_ox3_CN8_nlig1_water_7672a8a7b733.xyz,1,standard,1806843878,40,5,250,124,failed_timeout,False,,,,,exceeded 2400s,BUILD_FAILED,timeout,,,,,
35,7672a8a7b733,Er,68,3,CCCCCCn1c(-c2ccccc2)c(-c2ccccc2)c2cc3ccc4cc5c(-c6ccccc6)c(-c6ccccc6)n(CCCCCC)c(=O)c5nc4c3nc2c1=O,"[6, 43, 51, 53, 56, 59]",6,8,1,water,68|CCCCCCn1c(-c2ccccc2)c(-c2ccccc2)c2cc3ccc4cc5c(-c6ccccc6)c(-c6ccccc6)n(CCCCCC)c(=O)c5nc4c3nc2c1=O|water,/nfs/home/nshank3/lanthanide_dataset_builder/data/geometries/Er/Er_Z68_ox3_CN8_nlig1_water_7672a8a7b733.xyz,2,standard,1806851797,50,6,250,0,rejected_by_nearest_coreCN_qc,False,,data/processed/geometries_regenerated_fail_long_bond/rejected/Er/Er_Z68_ox3_CN8_nlig1_water_7672a8a7b733_attempt02_standard_dup2.xyz,data/processed/geometries_regenerated_fail_long_bond/rejected/Er/Er_Z68_ox3_CN8_nlig1_water_7672a8a7b733_attempt02_standard_dup2.mol2,-4651.676892665343,,FAIL_LONG_BOND,coreCN_max_dist>3.10,O60:2.090;O52:2.147;N54:2.417;O111:2.431;O114:2.458;N57:2.501;N7:3.580;N44:3.721,3.7213,inf,inf,O60:2.090;O52:2.147;N54:2.417;O111:2.431;O114:2.458;N57:2.501;N7:3.580;N44:3.721
38,11c19850c8fc,Eu,63,3,CC1(C)SC(C)(C)c2nc(-c3cccc(-c4cccc(-c5nnc6c(n5)C(C)(C)SC6(C)C)n4)n3)nnc21,"[3, 8, 21, 22, 25, 29, 33, 34]",8,9,1,nitrate,63|CC1(C)SC(C)(C)c2nc(-c3cccc(-c4cccc(-c5nnc6c(n5)C(C)(C)SC6(C)C)n4)n3)nnc21|nitrate,/nfs/home/nshank3/lanthanide_dataset_builder/data/geometries/Eu/Eu_Z63_ox3_CN9_nlig1_nitrate_11c19850c8fc.xyz,1,standard,747472218,40,5,250,0,rejected_by_nearest_coreCN_qc,False,,data/processed/geometries_regenerated_fail_long_bond/rejected/Eu/Eu_Z63_ox3_CN9_nlig1_nitrate_11c19850c8fc_attempt01_standard_dup2.xyz,data/processed/geometries_regenerated_fail_long_bond/rejected/Eu/Eu_Z63_ox3_CN9_nlig1_nitrate_11c19850c8fc_attempt01_standard_dup2.mol2,-2992.0277236560164,,FAIL_LONG_BOND,coreCN_max_dist>3.10,O69:2.609;N22:2.655;N35:2.715;N34:2.721;N23:2.920;N9:2.999;S4:3.490;S30:3.597;N26:3.611,3.611,3.9942,0.3833,O69:2.609;N22:2.655;N35:2.715;N34:2.721;N23:2.920;N9:2.999;S4:3.490;S30:3.597;N26:3.611;N36:3.994;N37:4.033
38,11c19850c8fc,Eu,63,3,CC1(C)SC(C)(C)c2nc(-c3cccc(-c4cccc(-c5nnc6c(n5)C(C)(C)SC6(C)C)n4)n3)nnc21,"[3, 8, 21, 22, 25, 29, 33, 34]",8,9,1,nitrate,63|CC1(C)SC(C)(C)c2nc(-c3cccc(-c4cccc(-c5nnc6c(n5)C(C)(C)SC6(C)C)n4)n3)nnc21|nitrate,/nfs/home/nshank3/lanthanide_dataset_builder/data/geometries/Eu/Eu_Z63_ox3_CN9_nlig1_nitrate_11c19850c8fc.xyz,2,standard,747480137,50,6,250,0,rejected_by_nearest_coreCN_qc,False,,data/processed/geometries_regenerated_fail_long_bond/rejected/Eu/Eu_Z63_ox3_CN9_nlig1_nitrate_11c19850c8fc_attempt02_standard_dup2.xyz,data/processed/geometries_regenerated_fail_long_bond/rejected/Eu/Eu_Z63_ox3_CN9_nlig1_nitrate_11c19850c8fc_attempt02_standard_dup2.mol2,-2991.1746924537547,,FAIL_LONG_BOND,coreCN_max_dist>3.10,O69:2.610;N35:2.671;N34:2.700;N9:2.742;N26:3.247;S30:3.347;S4:3.806;N23:3.869;N22:4.002,4.0022,4.5982,0.596,O69:2.610;N35:2.671;N34:2.700;N9:2.742;N26:3.247;S30:3.347;S4:3.806;N23:3.869;N22:4.002;N36:4.598;N37:4.754
39,1a8a8a56f3cb,Eu,63,3,Cc1cc(-c2cc(C)cc(-c3nnc4c(n3)C(C)(C)CCC4(C)C)n2)nc(-c2nnc3c(n2)C(C)(C)CCC3(C)C)c1,"[11, 12, 15, 24, 25, 28, 29, 32]",8,9,1,nitrate,63|Cc1cc(-c2cc(C)cc(-c3nnc4c(n3)C(C)(C)CCC4(C)C)n2)nc(-c2nnc3c(n2)C(C)(C)CCC3(C)C)c1|nitrate,/nfs/home/nshank3/lanthanide_dataset_builder/data/geometries/Eu/Eu_Z63_ox3_CN9_nlig1_nitrate_1a8a8a56f3cb.xyz,1,standard,119095207,40,5,250,0,rejected_by_nearest_coreCN_qc,False,,data/processed/geometries_regenerated_fail_long_bond/rejected/Eu/Eu_Z63_ox3_CN9_nlig1_nitrate_1a8a8a56f3cb_attempt01_standard_dup2.xyz,data/processed/geometries_regenerated_fail_long_bond/rejected/Eu/Eu_Z63_ox3_CN9_nlig1_nitrate_1a8a8a56f3cb_attempt01_standard_dup2.mol2,-3333.322989111522,,FAIL_LONG_BOND,coreCN_max_dist>3.10,N25:2.417;O85:2.489;N26:2.513;N16:2.540;N33:2.572;N29:3.248;N12:3.378;N30:3.381;N13:3.747,3.7466,inf,inf,N25:2.417;O85:2.489;N26:2.513;N16:2.540;N33:2.572;N29:3.248;N12:3.378;N30:3.381;N13:3.747
39,1a8a8a56f3cb,Eu,63,3,Cc1cc(-c2cc(C)cc(-c3nnc4c(n3)C(C)(C)CCC4(C)C)n2)nc(-c2nnc3c(n2)C(C)(C)CCC3(C)C)c1,"[11, 12, 15, 24, 25, 28, 29, 32]",8,9,1,nitrate,63|Cc1cc(-c2cc(C)cc(-c3nnc4c(n3)C(C)(C)CCC4(C)C)n2)nc(-c2nnc3c(n2)C(C)(C)CCC3(C)C)c1|nitrate,/nfs/home/nshank3/lanthanide_dataset_builder/data/geometries/Eu/Eu_Z63_ox3_CN9_nlig1_nitrate_1a8a8a56f3cb.xyz,2,standard,119103126,50,6,250,0,rejected_by_nearest_coreCN_qc,False,,data/processed/geometries_regenerated_fail_long_bond/rejected/Eu/Eu_Z63_ox3_CN9_nlig1_nitrate_1a8a8a56f3cb_attempt02_standard_dup2.xyz,data/processed/geometries_regenerated_fail_long_bond/rejected/Eu/Eu_Z63_ox3_CN9_nlig1_nitrate_1a8a8a56f3cb_attempt02_standard_dup2.mol2,-3334.3386334248225,,FAIL_LONG_BOND,coreCN_max_dist>3.10,N29:2.181;N12:2.258;N25:2.482;O85:2.548;N26:2.588;N30:2.649;N13:3.002;N16:3.400;N33:3.962,3.9619,inf,inf,N29:2.181;N12:2.258;N25:2.482;O85:2.548;N26:2.588;N30:2.649;N13:3.002;N16:3.400;N33:3.962
40,1fec5a3a3c29,Eu,63,3,CC1(C)CCC(C)(C)c2nc(-c3cccc(-c4cccc(-c5nnc6c(n5)C(C)(C)CCC6(C)C)n4)n3)nnc21,"[9, 22, 23, 26, 35, 36, 37, 38]",8,9,1,nitrate,63|CC1(C)CCC(C)(C)c2nc(-c3cccc(-c4cccc(-c5nnc6c(n5)C(C)(C)CCC6(C)C)n4)n3)nnc21|nitrate,/nfs/home/nshank3/lanthanide_dataset_builder/data/geometries/Eu/Eu_Z63_ox3_CN9_nlig1_nitrate_1fec5a3a3c29.xyz,1,standard,1787036423,40,5,250,0,rejected_by_nearest_coreCN_qc,False,,data/processed/geometries_regenerated_fail_long_bond/rejected/Eu/Eu_Z63_ox3_CN9_nlig1_nitrate_1fec5a3a3c29_attempt01_standard_dup2.xyz,data/processed/geometries_regenerated_fail_long_bond/rejected/Eu/Eu_Z63_ox3_CN9_nlig1_nitrate_1fec5a3a3c29_attempt01_standard_dup2.mol2,-3160.7892013961286,,FAIL_LONG_BOND,coreCN_max_dist>3.10,N38:2.172;N23:2.275;O79:2.500;N36:2.503;N37:2.609;N39:2.690;N24:3.136;N10:4.203;N27:4.263,4.263,inf,inf,N38:2.172;N23:2.275;O79:2.500;N36:2.503;N37:2.609;N39:2.690;N24:3.136;N10:4.203;N27:4.263
40,1fec5a3a3c29,Eu,63,3,CC1(C)CCC(C)(C)c2nc(-c3cccc(-c4cccc(-c5nnc6c(n5)C(C)(C)CCC6(C)C)n4)n3)nnc21,"[9, 22, 23, 26, 35, 36, 37, 38]",8,9,1,nitrate,63|CC1(C)CCC(C)(C)c2nc(-c3cccc(-c4cccc(-c5nnc6c(n5)C(C)(C)CCC6(C)C)n4)n3)nnc21|nitrate,/nfs/home/nshank3/lanthanide_dataset_builder/data/geometries/Eu/Eu_Z63_ox3_CN9_nlig1_nitrate_1fec5a3a3c29.xyz,2,standard,1787044342,50,6,250,0,rejected_by_nearest_coreCN_qc,False,,data/processed/geometries_regenerated_fail_long_bond/rejected/Eu/Eu_Z63_ox3_CN9_nlig1_nitrate_1fec5a3a3c29_attempt02_standard_dup2.xyz,data/processed/geometries_regenerated_fail_long_bond/rejected/Eu/Eu_Z63_ox3_CN9_nlig1_nitrate_1fec5a3a3c29_attempt02_standard_dup2.mol2,-3160.6159554428687,,FAIL_LONG_BOND,coreCN_max_dist>3.10,O79:2.394;N36:2.439;N27:2.531;N37:2.552;N38:2.635;N39:2.718;N10:2.879;N23:3.630;N24:4.002,4.0016,inf,inf,O79:2.394;N36:2.439;N27:2.531;N37:2.552;N38:2.635;N39:2.718;N10:2.879;N23:3.630;N24:4.002
41,28e521f57d3b,Eu,63,3,O=C(O)CN(CCO)CCN(CC(=O)O)CC(=O)O,"[0, 2, 4, 7, 10, 13, 14, 17]",8,9,1,nitrate,63|O=C(O)CN(CCO)CCN(CC(=O)O)CC(=O)O|nitrate,/nfs/home/nshank3/lanthanide_dataset_builder/data/geometries/Eu/Eu_Z63_ox3_CN9_nlig1_nitrate_28e521f57d3b.xyz,1,standard,38409395,40,5,250,0,rejected_by_nearest_coreCN_qc,False,,data/processed/geometries_regenerated_fail_long_bond/rejected/Eu/Eu_Z63_ox3_CN9_nlig1_nitrate_28e521f57d3b_attempt01_standard_dup2.xyz,data/processed/geometries_regenerated_fail_long_bond/rejected/Eu/Eu_Z63_ox3_CN9_nlig1_nitrate_28e521f57d3b_attempt01_standard_dup2.mol2,-1898.278178108227,,FAIL_LONG_BOND,coreCN_max_dist>3.10,O1:2.221;O14:2.226;O18:2.241;O8:2.431;N5:2.477;O38:2.543;N11:2.633;O3:4.244;O15:4.301,4.3006,4.3603,0.0597,O1:2.221;O14:2.226;O18:2.241;O8:2.431;N5:2.477;O38:2.543;N11:2.633;O3:4.244;O15:4.301;O19:4.360
41,28e521f57d3b,Eu,63,3,O=C(O)CN(CCO)CCN(CC(=O)O)CC(=O)O,"[0, 2, 4, 7, 10, 13, 14, 17]",8,9,1,nitrate,63|O=C(O)CN(CCO)CCN(CC(=O)O)CC(=O)O|nitrate,/nfs/home/nshank3/lanthanide_dataset_builder/data/geometries/Eu/Eu_Z63_ox3_CN9_nlig1_nitrate_28e521f57d3b.xyz,2,standard,38417314,50,6,250,0,rejected_by_nearest_coreCN_qc,False,,data/processed/geometries_regenerated_fail_long_bond/rejected/Eu/Eu_Z63_ox3_CN9_nlig1_nitrate_28e521f57d3b_attempt02_standard_dup2.xyz,data/processed/geometries_regenerated_fail_long_bond/rejected/Eu/Eu_Z63_ox3_CN9_nlig1_nitrate_28e521f57d3b_attempt02_standard_dup2.mol2,-1899.0203195182528,,FAIL_LONG_BOND,coreCN_max_dist>3.10,O1:2.115;O18:2.118;O14:2.214;O38:2.320;O8:2.426;N5:2.488;N11:2.681;O3:3.782;O19:4.212,4.2119,4.218,0.0061,O1:2.115;O18:2.118;O14:2.214;O38:2.320;O8:2.426;N5:2.488;N11:2.681;O3:3.782;O19:4.212;O15:4.218
42,2a477ef1f0f3,Eu,63,3,CCCCCCn1c(-c2ccccc2)c(-c2ccccc2)c2cc3ccc4cc5c(-c6ccccc6)c(-c6ccccc6)n(CCCCCC)c(=O)c5nc4c3nc2c1=O,"[6, 43, 51, 53, 56, 59]",6,9,1,nitrate,63|CCCCCCn1c(-c2ccccc2)c(-c2ccccc2)c2cc3ccc4cc5c(-c6ccccc6)c(-c6ccccc6)n(CCCCCC)c(=O)c5nc4c3nc2c1=O|nitrate,/nfs/home/nshank3/lanthanide_dataset_builder/data/geometries/Eu/Eu_Z63_ox3_CN9_nlig1_nitrate_2a477ef1f0f3.xyz,1,standard,754938977,40,5,250,8,build_failed,False,,,,,no_structures_returned,BUILD_FAILED,no_structures_returned,,,,,
42,2a477ef1f0f3,Eu,63,3,CCCCCCn1c(-c2ccccc2)c(-c2ccccc2)c2cc3ccc4cc5c(-c6ccccc6)c(-c6ccccc6)n(CCCCCC)c(=O)c5nc4c3nc2c1=O,"[6, 43, 51, 53, 56, 59]",6,9,1,nitrate,63|CCCCCCn1c(-c2ccccc2)c(-c2ccccc2)c2cc3ccc4cc5c(-c6ccccc6)c(-c6ccccc6)n(CCCCCC)c(=O)c5nc4c3nc2c1=O|nitrate,/nfs/home/nshank3/lanthanide_dataset_builder/data/geometries/Eu/Eu_Z63_ox3_CN9_nlig1_nitrate_2a477ef1f0f3.xyz,2,standard,754946896,50,6,250,0,rejected_by_nearest_coreCN_qc,False,,data/processed/geometries_regenerated_fail_long_bond/rejected/Eu/Eu_Z63_ox3_CN9_nlig1_nitrate_2a477ef1f0f3_attempt02_standard.xyz,data/processed/geometries_regenerated_fail_long_bond/rejected/Eu/Eu_Z63_ox3_CN9_nlig1_nitrate_2a477ef1f0f3_attempt02_standard.mol2,-4940.696150519136,,FAIL_LONG_BOND,coreCN_max_dist>3.10,O113:2.080;O52:2.135;O114:2.197;O60:2.236;N111:2.275;N57:2.378;O115:2.471;N54:2.723;O112:3.193,3.1934,3.7872,0.5938,O113:2.080;O52:2.135;O114:2.197;O60:2.236;N111:2.275;N57:2.378;O115:2.471;N54:2.723;O112:3.193;N44:3.787;N7:4.157
43,3893f73b679f,Eu,63,3,CCCCCCCCCCCCOCc1cc(-n2ccc(C)n2)nc(-n2ccc(C)n2)c1,"[12, 17, 22, 23, 25, 30]",6,9,1,nitrate,63|CCCCCCCCCCCCOCc1cc(-n2ccc(C)n2)nc(-n2ccc(C)n2)c1|nitrate,/nfs/home/nshank3/lanthanide_dataset_builder/data/geometries/Eu/Eu_Z63_ox3_CN9_nlig1_nitrate_3893f73b679f.xyz,1,standard,1861639083,40,5,250,0,rejected_by_nearest_coreCN_qc,False,,data/processed/geometries_regenerated_fail_long_bond/rejected/Eu/Eu_Z63_ox3_CN9_nlig1_nitrate_3893f73b679f_attempt01_standard_dup2.xyz,data/processed/geometries_regenerated_fail_long_bond/rejected/Eu/Eu_Z63_ox3_CN9_nlig1_nitrate_3893f73b679f_attempt01_standard_dup2.mol2,-3121.8438111880723,,FAIL_LONG_BOND,coreCN_max_dist>3.10,O74:2.092;O75:2.100;N23:2.289;N31:2.321;N72:2.347;N24:2.532;O76:2.610;N18:3.089;N26:3.112,3.1124,3.3384,0.226,O74:2.092;O75:2.100;N23:2.289;N31:2.321;N72:2.347;N24:2.532;O76:2.610;N18:3.089;N26:3.112;O13:3.338;O73:3.383
43,3893f73b679f,Eu,63,3,CCCCCCCCCCCCOCc1cc(-n2ccc(C)n2)nc(-n2ccc(C)n2)c1,"[12, 17, 22, 23, 25, 30]",6,9,1,nitrate,63|CCCCCCCCCCCCOCc1cc(-n2ccc(C)n2)nc(-n2ccc(C)n2)c1|nitrate,/nfs/home/nshank3/lanthanide_dataset_builder/data/geometries/Eu/Eu_Z63_ox3_CN9_nlig1_nitrate_3893f73b679f.xyz,2,standard,1861647002,50,6,250,8,build_failed,False,,,,,no_structures_returned,BUILD_FAILED,no_structures_returned,,,,,
44,45970656f998,Eu,63,3,CCCCCCCCN(CCCCCCCC)C(=S)c1ccc(C(=S)N(CCCCCCCC)CCCCCCCC)s1,"[8, 18, 24, 25, 42]",5,9,1,nitrate,63|CCCCCCCCN(CCCCCCCC)C(=S)c1ccc(C(=S)N(CCCCCCCC)CCCCCCCC)s1|nitrate,/nfs/home/nshank3/lanthanide_dataset_builder/data/geometries/Eu/Eu_Z63_ox3_CN9_nlig1_nitrate_45970656f998.xyz,1,standard,716621637,40,5,250,0,accepted,True,,data/processed/geometries_regenerated_fail_long_bond/accepted/Eu/Eu_Z63_ox3_CN9_nlig1_nitrate_45970656f998_attempt01_standard.xyz,data/processed/geometries_regenerated_fail_long_bond/accepted/Eu/Eu_Z63_ox3_CN9_nlig1_nitrate_45970656f998_attempt01_standard.mol2,-4451.4353538991045,,OK,nearest_coreCN_qc_ok,O121:2.011;O117:2.039;O120:2.058;O116:2.102;N118:2.377;N114:2.382;S25:2.908;S19:2.919;S43:2.933,2.9326,3.5089,0.5763,O121:2.011;O117:2.039;O120:2.058;O116:2.102;N118:2.377;N114:2.382;S25:2.908;S19:2.919;S43:2.933;O115:3.509;O119:3.526;N9:4.053;N26:4.478
45,501e57106fbd,Eu,63,3,CCCCCCCCN(CCCCCCCC)C(=S)c1ccc2ccc3ccc(C(=S)N(CCCCCCCC)CCCCCCCC)nc3c2n1,"[8, 18, 30, 31, 48, 51]",6,9,1,nitrate,63|CCCCCCCCN(CCCCCCCC)C(=S)c1ccc2ccc3ccc(C(=S)N(CCCCCCCC)CCCCCCCC)nc3c2n1|nitrate,/nfs/home/nshank3/lanthanide_dataset_builder/data/geometries/Eu/Eu_Z63_ox3_CN9_nlig1_nitrate_501e57106fbd.xyz,1,standard,1449622471,40,5,250,0,rejected_by_nearest_coreCN_qc,False,,data/processed/geometries_regenerated_fail_long_bond/rejected/Eu/Eu_Z63_ox3_CN9_nlig1_nitrate_501e57106fbd_attempt01_standard_dup2.xyz,data/processed/geometries_regenerated_fail_long_bond/rejected/Eu/Eu_Z63_ox3_CN9_nlig1_nitrate_501e57106fbd_attempt01_standard_dup2.mol2,-4763.439519248551,,FAIL_LONG_BOND,coreCN_max_dist>3.10,O129:2.055;O130:2.069;O131:2.407;N52:2.425;N127:2.436;N49:2.480;S31:2.982;N9:3.388;S19:3.410,3.4098,3.5994,0.1895,O129:2.055;O130:2.069;O131:2.407;N52:2.425;N127:2.436;N49:2.480;S31:2.982;N9:3.388;S19:3.410;N32:3.599;O128:3.608
45,501e57106fbd,Eu,63,3,CCCCCCCCN(CCCCCCCC)C(=S)c1ccc2ccc3ccc(C(=S)N(CCCCCCCC)CCCCCCCC)nc3c2n1,"[8, 18, 30, 31, 48, 51]",6,9,1,nitrate,63|CCCCCCCCN(CCCCCCCC)C(=S)c1ccc2ccc3ccc(C(=S)N(CCCCCCCC)CCCCCCCC)nc3c2n1|nitrate,/nfs/home/nshank3/lanthanide_dataset_builder/data/geometries/Eu/Eu_Z63_ox3_CN9_nlig1_nitrate_501e57106fbd.xyz,2,standard,1449630390,50,6,250,0,rejected_by_nearest_coreCN_qc,False,,data/processed/geometries_regenerated_fail_long_bond/rejected/Eu/Eu_Z63_ox3_CN9_nlig1_nitrate_501e57106fbd_attempt02_standard_dup2.xyz,data/processed/geometries_regenerated_fail_long_bond/rejected/Eu/Eu_Z63_ox3_CN9_nlig1_nitrate_501e57106fbd_attempt02_standard_dup2.mol2,-4763.248942698552,,FAIL_LONG_BOND,coreCN_max_dist>3.10,O130:2.010;O129:2.021;N127:2.371;N52:2.515;N49:2.515;O131:2.742;S31:2.992;N32:3.425;O128:3.528,3.5277,3.7129,0.1852,O130:2.010;O129:2.021;N127:2.371;N52:2.515;N49:2.515;O131:2.742;S31:2.992;N32:3.425;O128:3.528;N9:3.713;S19:3.859
46,54b95afb1c96,Eu,63,3,CC(C)(C)c1cc(-c2cc(C(C)(C)C)cc(-c3nnc4c(n3)C(C)(C)CCC4(C)C)n2)nc(-c2nnc3c(n2)C(C)(C)CCC3(C)C)c1,"[17, 18, 21, 30, 31, 34, 35, 38]",8,9,1,nitrate,63|CC(C)(C)c1cc(-c2cc(C(C)(C)C)cc(-c3nnc4c(n3)C(C)(C)CCC4(C)C)n2)nc(-c2nnc3c(n2)C(C)(C)CCC3(C)C)c1|nitrate,/nfs/home/nshank3/lanthanide_dataset_builder/data/geometries/Eu/Eu_Z63_ox3_CN9_nlig1_nitrate_54b95afb1c96.xyz,1,standard,859917414,40,5,250,0,rejected_by_nearest_coreCN_qc,False,,data/processed/geometries_regenerated_fail_long_bond/rejected/Eu/Eu_Z63_ox3_CN9_nlig1_nitrate_54b95afb1c96_attempt01_standard_dup2.xyz,data/processed/geometries_regenerated_fail_long_bond/rejected/Eu/Eu_Z63_ox3_CN9_nlig1_nitrate_54b95afb1c96_attempt01_standard_dup2.mol2,-3851.41132488372,,FAIL_LONG_BOND,coreCN_max_dist>3.10,N35:2.186;N18:2.265;N19:2.328;N36:2.425;N31:2.514;N32:2.547;O103:2.615;N39:3.639;N22:3.680,3.68,inf,inf,N35:2.186;N18:2.265;N19:2.328;N36:2.425;N31:2.514;N32:2.547;O103:2.615;N39:3.639;N22:3.680
46,54b95afb1c96,Eu,63,3,CC(C)(C)c1cc(-c2cc(C(C)(C)C)cc(-c3nnc4c(n3)C(C)(C)CCC4(C)C)n2)nc(-c2nnc3c(n2)C(C)(C)CCC3(C)C)c1,"[17, 18, 21, 30, 31, 34, 35, 38]",8,9,1,nitrate,63|CC(C)(C)c1cc(-c2cc(C(C)(C)C)cc(-c3nnc4c(n3)C(C)(C)CCC4(C)C)n2)nc(-c2nnc3c(n2)C(C)(C)CCC3(C)C)c1|nitrate,/nfs/home/nshank3/lanthanide_dataset_builder/data/geometries/Eu/Eu_Z63_ox3_CN9_nlig1_nitrate_54b95afb1c96.xyz,2,standard,859925333,50,6,250,0,rejected_by_nearest_coreCN_qc,False,,data/processed/geometries_regenerated_fail_long_bond/rejected/Eu/Eu_Z63_ox3_CN9_nlig1_nitrate_54b95afb1c96_attempt02_standard_dup2.xyz,data/processed/geometries_regenerated_fail_long_bond/rejected/Eu/Eu_Z63_ox3_CN9_nlig1_nitrate_54b95afb1c96_attempt02_standard_dup2.mol2,-3851.077294528094,,FAIL_LONG_BOND,coreCN_max_dist>3.10,N35:2.215;N18:2.348;N31:2.452;O103:2.464;N32:2.503;N36:2.886;N19:3.299;N39:3.984;N22:4.439,4.4386,inf,inf,N35:2.215;N18:2.348;N31:2.452;O103:2.464;N32:2.503;N36:2.886;N19:3.299;N39:3.984;N22:4.439
47,5fdbc90e8042,Eu,63,3,CC1(C)CCC(C)(C)c2nc(-c3ccc4ccc5ccc(-c6nnc7c(n6)C(C)(C)CCC7(C)C)nc5c4n3)nnc21,"[9, 22, 23, 26, 35, 38, 39, 40]",8,9,1,nitrate,63|CC1(C)CCC(C)(C)c2nc(-c3ccc4ccc5ccc(-c6nnc7c(n6)C(C)(C)CCC7(C)C)nc5c4n3)nnc21|nitrate,/nfs/home/nshank3/lanthanide_dataset_builder/data/geometries/Eu/Eu_Z63_ox3_CN9_nlig1_nitrate_5fdbc90e8042.xyz,1,standard,854501302,40,5,250,0,rejected_by_nearest_coreCN_qc,False,,data/processed/geometries_regenerated_fail_long_bond/rejected/Eu/Eu_Z63_ox3_CN9_nlig1_nitrate_5fdbc90e8042_attempt01_standard_dup2.xyz,data/processed/geometries_regenerated_fail_long_bond/rejected/Eu/Eu_Z63_ox3_CN9_nlig1_nitrate_5fdbc90e8042_attempt01_standard_dup2.mol2,-3278.4663828772345,,FAIL_LONG_BOND,coreCN_max_dist>3.10,N40:2.292;N41:2.363;N23:2.385;N36:2.447;O81:2.528;N39:2.700;N24:2.933;N27:3.159;N10:4.062,4.0619,inf,inf,N40:2.292;N41:2.363;N23:2.385;N36:2.447;O81:2.528;N39:2.700;N24:2.933;N27:3.159;N10:4.062
47,5fdbc90e8042,Eu,63,3,CC1(C)CCC(C)(C)c2nc(-c3ccc4ccc5ccc(-c6nnc7c(n6)C(C)(C)CCC7(C)C)nc5c4n3)nnc21,"[9, 22, 23, 26, 35, 38, 39, 40]",8,9,1,nitrate,63|CC1(C)CCC(C)(C)c2nc(-c3ccc4ccc5ccc(-c6nnc7c(n6)C(C)(C)CCC7(C)C)nc5c4n3)nnc21|nitrate,/nfs/home/nshank3/lanthanide_dataset_builder/data/geometries/Eu/Eu_Z63_ox3_CN9_nlig1_nitrate_5fdbc90e8042.xyz,2,standard,854509221,50,6,250,0,rejected_by_nearest_coreCN_qc,False,,data/processed/geometries_regenerated_fail_long_bond/rejected/Eu/Eu_Z63_ox3_CN9_nlig1_nitrate_5fdbc90e8042_attempt02_standard_dup2.xyz,data/processed/geometries_regenerated_fail_long_bond/rejected/Eu/Eu_Z63_ox3_CN9_nlig1_nitrate_5fdbc90e8042_attempt02_standard_dup2.mol2,-3278.6972903860305,,FAIL_LONG_BOND,coreCN_max_dist>3.10,N40:2.250;N23:2.270;N24:2.371;N41:2.446;N39:2.509;O81:2.519;N36:2.615;N10:2.999;N27:3.958,3.9576,inf,inf,N40:2.250;N23:2.270;N24:2.371;N41:2.446;N39:2.509;O81:2.519;N36:2.615;N10:2.999;N27:3.958
48,623b05528a11,Eu,63,3,CCCc1nnc(-c2cccc(-c3nnc(CCC)c(CCC)n3)n2)nc1CCC,"[4, 5, 13, 14, 23, 24, 25]",7,9,1,nitrate,63|CCCc1nnc(-c2cccc(-c3nnc(CCC)c(CCC)n3)n2)nc1CCC|nitrate,/nfs/home/nshank3/lanthanide_dataset_builder/data/geometries/Eu/Eu_Z63_ox3_CN9_nlig1_nitrate_623b05528a11.xyz,1,standard,423618416,40,5,250,0,rejected_by_nearest_coreCN_qc,False,,data/processed/geometries_regenerated_fail_long_bond/rejected/Eu/Eu_Z63_ox3_CN9_nlig1_nitrate_623b05528a11_attempt01_standard_dup2.xyz,data/processed/geometries_regenerated_fail_long_bond/rejected/Eu/Eu_Z63_ox3_CN9_nlig1_nitrate_623b05528a11_attempt01_standard_dup2.mol2,-2742.891313950828,,BORDERLINE_LONGISH,coreCN_max_dist>2.95,O65:2.021;O64:2.033;N6:2.253;N25:2.383;N62:2.412;N5:2.492;N24:2.542;N15:2.888;N14:3.032,3.0323,3.5689,0.5366,O65:2.021;O64:2.033;N6:2.253;N25:2.383;N62:2.412;N5:2.492;N24:2.542;N15:2.888;N14:3.032;N26:3.569;O63:3.577
48,623b05528a11,Eu,63,3,CCCc1nnc(-c2cccc(-c3nnc(CCC)c(CCC)n3)n2)nc1CCC,"[4, 5, 13, 14, 23, 24, 25]",7,9,1,nitrate,63|CCCc1nnc(-c2cccc(-c3nnc(CCC)c(CCC)n3)n2)nc1CCC|nitrate,/nfs/home/nshank3/lanthanide_dataset_builder/data/geometries/Eu/Eu_Z63_ox3_CN9_nlig1_nitrate_623b05528a11.xyz,2,standard,423626335,50,6,250,0,rejected_by_nearest_coreCN_qc,False,,data/processed/geometries_regenerated_fail_long_bond/rejected/Eu/Eu_Z63_ox3_CN9_nlig1_nitrate_623b05528a11_attempt02_standard_dup2.xyz,data/processed/geometries_regenerated_fail_long_bond/rejected/Eu/Eu_Z63_ox3_CN9_nlig1_nitrate_623b05528a11_attempt02_standard_dup2.mol2,-2743.401729328109,,FAIL_LONG_BOND,coreCN_max_dist>3.10,O64:2.063;O65:2.080;N14:2.296;N15:2.448;N62:2.455;N25:2.534;N26:2.678;N5:2.948;N6:3.105,3.1055,3.6104,0.5049,O64:2.063;O65:2.080;N14:2.296;N15:2.448;N62:2.455;N25:2.534;N26:2.678;N5:2.948;N6:3.105;O63:3.610;N24:3.803
49,6657c2fbd39d,Eu,63,3,O=c1c(O)c(-c2ccc(O)c(O)c2)oc2cc(O)cc(O)c12,"[0, 3, 9, 11, 13, 17, 20]",7,9,1,nitrate,63|O=c1c(O)c(-c2ccc(O)c(O)c2)oc2cc(O)cc(O)c12|nitrate,/nfs/home/nshank3/lanthanide_dataset_builder/data/geometries/Eu/Eu_Z63_ox3_CN9_nlig1_nitrate_6657c2fbd39d.xyz,1,standard,1308891774,40,5,250,0,rejected_by_nearest_coreCN_qc,False,hepta_5_2,data/processed/geometries_regenerated_fail_long_bond/rejected/Eu/Eu_Z63_ox3_CN9_nlig1_nitrate_6657c2fbd39d_attempt01_standard.xyz,data/processed/geometries_regenerated_fail_long_bond/rejected/Eu/Eu_Z63_ox3_CN9_nlig1_nitrate_6657c2fbd39d_attempt01_standard.mol2,-2198.2494119124417,,FAIL_LONG_BOND,coreCN_max_dist>3.10,O35:2.031;O36:2.042;O1:2.224;N33:2.427;O12:2.587;O10:2.707;O21:2.789;O18:2.822;O4:3.374,3.3744,3.5903,0.2158,O35:2.031;O36:2.042;O1:2.224;N33:2.427;O12:2.587;O10:2.707;O21:2.789;O18:2.822;O4:3.374;O34:3.590;O14:4.176
49,6657c2fbd39d,Eu,63,3,O=c1c(O)c(-c2ccc(O)c(O)c2)oc2cc(O)cc(O)c12,"[0, 3, 9, 11, 13, 17, 20]",7,9,1,nitrate,63|O=c1c(O)c(-c2ccc(O)c(O)c2)oc2cc(O)cc(O)c12|nitrate,/nfs/home/nshank3/lanthanide_dataset_builder/data/geometries/Eu/Eu_Z63_ox3_CN9_nlig1_nitrate_6657c2fbd39d.xyz,2,standard,1308899693,50,6,250,8,build_failed,False,hepta_5_2,,,,no_structures_returned,BUILD_FAILED,no_structures_returned,,,,,
50,7cee7f336f10,Eu,63,3,CCOP(=O)(OCC)c1ccc2ccc3ccc(P(=O)(OCC)OCC)nc3c2n1,"[2, 4, 5, 19, 20, 23, 26, 29]",8,9,1,nitrate,63|CCOP(=O)(OCC)c1ccc2ccc3ccc(P(=O)(OCC)OCC)nc3c2n1|nitrate,/nfs/home/nshank3/lanthanide_dataset_builder/data/geometries/Eu/Eu_Z63_ox3_CN9_nlig1_nitrate_7cee7f336f10.xyz,1,standard,1452021581,40,5,250,0,rejected_by_nearest_coreCN_qc,False,,data/processed/geometries_regenerated_fail_long_bond/rejected/Eu/Eu_Z63_ox3_CN9_nlig1_nitrate_7cee7f336f10_attempt01_standard_dup2.xyz,data/processed/geometries_regenerated_fail_long_bond/rejected/Eu/Eu_Z63_ox3_CN9_nlig1_nitrate_7cee7f336f10_attempt01_standard_dup2.mol2,-2627.5129168630397,,FAIL_LONG_BOND,coreCN_max_dist>3.10,O6:2.262;O24:2.365;N30:2.376;N27:2.421;O21:2.438;O57:2.585;O3:2.671;P19:3.131;P4:3.152,3.1516,3.2061,0.0544,O6:2.262;O24:2.365;N30:2.376;N27:2.421;O21:2.438;O57:2.585;O3:2.671;P19:3.131;P4:3.152;O5:3.206;O20:3.383
50,7cee7f336f10,Eu,63,3,CCOP(=O)(OCC)c1ccc2ccc3ccc(P(=O)(OCC)OCC)nc3c2n1,"[2, 4, 5, 19, 20, 23, 26, 29]",8,9,1,nitrate,63|CCOP(=O)(OCC)c1ccc2ccc3ccc(P(=O)(OCC)OCC)nc3c2n1|nitrate,/nfs/home/nshank3/lanthanide_dataset_builder/data/geometries/Eu/Eu_Z63_ox3_CN9_nlig1_nitrate_7cee7f336f10.xyz,2,standard,1452029500,50,6,250,0,rejected_by_nearest_coreCN_qc,False,,data/processed/geometries_regenerated_fail_long_bond/rejected/Eu/Eu_Z63_ox3_CN9_nlig1_nitrate_7cee7f336f10_attempt02_standard_dup2.xyz,data/processed/geometries_regenerated_fail_long_bond/rejected/Eu/Eu_Z63_ox3_CN9_nlig1_nitrate_7cee7f336f10_attempt02_standard_dup2.mol2,-2627.394094041058,,FAIL_LONG_BOND,coreCN_max_dist>3.10,O21:2.315;N30:2.332;O3:2.383;N27:2.478;O57:2.599;O24:2.607;O6:2.717;O5:3.136;P4:3.193,3.1933,3.2141,0.0208,O21:2.315;N30:2.332;O3:2.383;N27:2.478;O57:2.599;O24:2.607;O6:2.717;O5:3.136;P4:3.193;P19:3.214;O20:3.415
51,8ba2ae0e67b2,Eu,63,3,CC12CCC(c3nnc(-c4cccc(-c5cccc(-c6nnc7c(n6)C6(C)CCC7C6(C)C)n5)n4)nc31)C2(C)C,"[6, 7, 20, 21, 24, 33, 34, 35]",8,9,1,nitrate,63|CC12CCC(c3nnc(-c4cccc(-c5cccc(-c6nnc7c(n6)C6(C)CCC7C6(C)C)n5)n4)nc31)C2(C)C|nitrate,/nfs/home/nshank3/lanthanide_dataset_builder/data/geometries/Eu/Eu_Z63_ox3_CN9_nlig1_nitrate_8ba2ae0e67b2.xyz,1,standard,2093962100,40,5,250,0,rejected_by_nearest_coreCN_qc,False,,data/processed/geometries_regenerated_fail_long_bond/rejected/Eu/Eu_Z63_ox3_CN9_nlig1_nitrate_8ba2ae0e67b2_attempt01_standard_dup2.xyz,data/processed/geometries_regenerated_fail_long_bond/rejected/Eu/Eu_Z63_ox3_CN9_nlig1_nitrate_8ba2ae0e67b2_attempt01_standard_dup2.mol2,-3104.6732708013974,,FAIL_LONG_BOND,coreCN_max_dist>3.10,N21:2.359;N8:2.425;N34:2.495;N35:2.528;O75:2.577;N22:3.268;N7:3.445;N25:4.217;N36:4.357,4.3568,inf,inf,N21:2.359;N8:2.425;N34:2.495;N35:2.528;O75:2.577;N22:3.268;N7:3.445;N25:4.217;N36:4.357
51,8ba2ae0e67b2,Eu,63,3,CC12CCC(c3nnc(-c4cccc(-c5cccc(-c6nnc7c(n6)C6(C)CCC7C6(C)C)n5)n4)nc31)C2(C)C,"[6, 7, 20, 21, 24, 33, 34, 35]",8,9,1,nitrate,63|CC12CCC(c3nnc(-c4cccc(-c5cccc(-c6nnc7c(n6)C6(C)CCC7C6(C)C)n5)n4)nc31)C2(C)C|nitrate,/nfs/home/nshank3/lanthanide_dataset_builder/data/geometries/Eu/Eu_Z63_ox3_CN9_nlig1_nitrate_8ba2ae0e67b2.xyz,2,standard,2093970019,50,6,250,0,rejected_by_nearest_coreCN_qc,False,,data/processed/geometries_regenerated_fail_long_bond/rejected/Eu/Eu_Z63_ox3_CN9_nlig1_nitrate_8ba2ae0e67b2_attempt02_standard_dup2.xyz,data/processed/geometries_regenerated_fail_long_bond/rejected/Eu/Eu_Z63_ox3_CN9_nlig1_nitrate_8ba2ae0e67b2_attempt02_standard_dup2.mol2,-3105.1770124121003,,FAIL_LONG_BOND,coreCN_max_dist>3.10,N21:2.229;N8:2.319;N7:2.336;N35:2.495;N34:2.503;O75:2.561;N22:2.688;N36:3.244;N25:3.727,3.7274,inf,inf,N21:2.229;N8:2.319;N7:2.336;N35:2.495;N34:2.503;O75:2.561;N22:2.688;N36:3.244;N25:3.727
52,8d3294e0ac8d,Eu,63,3,CC1(C)OC(C)(C)c2nc(-c3cccc(-c4cccc(-c5nnc6c(n5)C(C)(C)OC6(C)C)n4)n3)nnc21,"[3, 8, 21, 22, 25, 29, 33, 34]",8,9,1,nitrate,63|CC1(C)OC(C)(C)c2nc(-c3cccc(-c4cccc(-c5nnc6c(n5)C(C)(C)OC6(C)C)n4)n3)nnc21|nitrate,/nfs/home/nshank3/lanthanide_dataset_builder/data/geometries/Eu/Eu_Z63_ox3_CN9_nlig1_nitrate_8d3294e0ac8d.xyz,1,standard,1479620864,40,5,250,0,rejected_by_nearest_coreCN_qc,False,,data/processed/geometries_regenerated_fail_long_bond/rejected/Eu/Eu_Z63_ox3_CN9_nlig1_nitrate_8d3294e0ac8d_attempt01_standard.xyz,data/processed/geometries_regenerated_fail_long_bond/rejected/Eu/Eu_Z63_ox3_CN9_nlig1_nitrate_8d3294e0ac8d_attempt01_standard.mol2,-3035.818437754746,,FAIL_LONG_BOND,coreCN_max_dist>3.10,N22:2.609;O4:2.636;N34:2.676;N35:2.732;N23:2.734;O69:2.751;N9:2.879;O30:3.397;N26:3.714,3.7142,4.3201,0.6059,N22:2.609;O4:2.636;N34:2.676;N35:2.732;N23:2.734;O69:2.751;N9:2.879;O30:3.397;N26:3.714;N37:4.320;N36:4.376
52,8d3294e0ac8d,Eu,63,3,CC1(C)OC(C)(C)c2nc(-c3cccc(-c4cccc(-c5nnc6c(n5)C(C)(C)OC6(C)C)n4)n3)nnc21,"[3, 8, 21, 22, 25, 29, 33, 34]",8,9,1,nitrate,63|CC1(C)OC(C)(C)c2nc(-c3cccc(-c4cccc(-c5nnc6c(n5)C(C)(C)OC6(C)C)n4)n3)nnc21|nitrate,/nfs/home/nshank3/lanthanide_dataset_builder/data/geometries/Eu/Eu_Z63_ox3_CN9_nlig1_nitrate_8d3294e0ac8d.xyz,2,standard,1479628783,50,6,250,0,rejected_by_nearest_coreCN_qc,False,,data/processed/geometries_regenerated_fail_long_bond/rejected/Eu/Eu_Z63_ox3_CN9_nlig1_nitrate_8d3294e0ac8d_attempt02_standard.xyz,data/processed/geometries_regenerated_fail_long_bond/rejected/Eu/Eu_Z63_ox3_CN9_nlig1_nitrate_8d3294e0ac8d_attempt02_standard.mol2,-3036.035199056526,,FAIL_LONG_BOND,coreCN_max_dist>3.10,N22:2.441;O69:2.498;N9:2.546;N23:2.588;N35:2.696;N34:2.715;O4:3.216;N26:3.643;O30:3.779,3.7793,4.3786,0.5993,N22:2.441;O69:2.498;N9:2.546;N23:2.588;N35:2.696;N34:2.715;O4:3.216;N26:3.643;O30:3.779;N36:4.379;N37:4.527
53,95358dc8e1c2,Eu,63,3,O=C(O)CN(CC(=O)O)C1CCCCC1N(CC(=O)O)CC(=O)O,"[0, 2, 4, 7, 8, 15, 18, 19]",8,9,1,nitrate,63|O=C(O)CN(CC(=O)O)C1CCCCC1N(CC(=O)O)CC(=O)O|nitrate,/nfs/home/nshank3/lanthanide_dataset_builder/data/geometries/Eu/Eu_Z63_ox3_CN9_nlig1_nitrate_95358dc8e1c2.xyz,1,standard,1654850105,40,5,250,0,rejected_by_nearest_coreCN_qc,False,,data/processed/geometries_regenerated_fail_long_bond/rejected/Eu/Eu_Z63_ox3_CN9_nlig1_nitrate_95358dc8e1c2_attempt01_standard_dup2.xyz,data/processed/geometries_regenerated_fail_long_bond/rejected/Eu/Eu_Z63_ox3_CN9_nlig1_nitrate_95358dc8e1c2_attempt01_standard_dup2.mol2,-2296.948145600317,,FAIL_LONG_BOND,coreCN_max_dist>3.10,O1:2.055;O19:2.098;O8:2.176;O47:2.350;N16:2.530;O20:2.740;N5:2.763;O3:3.314;O9:3.957,3.9572,5.2036,1.2464,O1:2.055;O19:2.098;O8:2.176;O47:2.350;N16:2.530;O20:2.740;N5:2.763;O3:3.314;O9:3.957;O23:5.204;O24:5.716
53,95358dc8e1c2,Eu,63,3,O=C(O)CN(CC(=O)O)C1CCCCC1N(CC(=O)O)CC(=O)O,"[0, 2, 4, 7, 8, 15, 18, 19]",8,9,1,nitrate,63|O=C(O)CN(CC(=O)O)C1CCCCC1N(CC(=O)O)CC(=O)O|nitrate,/nfs/home/nshank3/lanthanide_dataset_builder/data/geometries/Eu/Eu_Z63_ox3_CN9_nlig1_nitrate_95358dc8e1c2.xyz,2,standard,1654858024,50,6,250,0,rejected_by_nearest_coreCN_qc,False,,data/processed/geometries_regenerated_fail_long_bond/rejected/Eu/Eu_Z63_ox3_CN9_nlig1_nitrate_95358dc8e1c2_attempt02_standard_dup2.xyz,data/processed/geometries_regenerated_fail_long_bond/rejected/Eu/Eu_Z63_ox3_CN9_nlig1_nitrate_95358dc8e1c2_attempt02_standard_dup2.mol2,-2299.1616882092367,,FAIL_LONG_BOND,coreCN_max_dist>3.10,O8:2.136;O19:2.243;O1:2.270;O47:2.338;O24:2.411;N16:2.442;N5:2.695;O9:3.684;O23:4.138,4.1384,4.2974,0.1589,O8:2.136;O19:2.243;O1:2.270;O47:2.338;O24:2.411;N16:2.442;N5:2.695;O9:3.684;O23:4.138;O20:4.297;O3:4.433
55,b327caa3b7fb,Eu,63,3,Cc1cc(C)n(-c2cncc(-n3nc(C)cc3C)n2)n1,"[5, 8, 11, 12, 18, 19]",6,9,1,nitrate,63|Cc1cc(C)n(-c2cncc(-n3nc(C)cc3C)n2)n1|nitrate,/nfs/home/nshank3/lanthanide_dataset_builder/data/geometries/Eu/Eu_Z63_ox3_CN9_nlig1_nitrate_b327caa3b7fb.xyz,1,standard,457638988,40,5,250,0,rejected_by_nearest_coreCN_qc,False,,data/processed/geometries_regenerated_fail_long_bond/rejected/Eu/Eu_Z63_ox3_CN9_nlig1_nitrate_b327caa3b7fb_attempt01_standard_dup2.xyz,data/processed/geometries_regenerated_fail_long_bond/rejected/Eu/Eu_Z63_ox3_CN9_nlig1_nitrate_b327caa3b7fb_attempt01_standard_dup2.mol2,-2071.703609884839,,FAIL_LONG_BOND,coreCN_max_dist>3.10,O39:2.068;O40:2.080;N37:2.393;N19:2.403;N13:2.529;O41:2.704;N6:2.960;N20:3.201;N12:3.301,3.301,3.4981,0.1971,O39:2.068;O40:2.080;N37:2.393;N19:2.403;N13:2.529;O41:2.704;N6:2.960;N20:3.201;N12:3.301;O38:3.498;N9:4.777
55,b327caa3b7fb,Eu,63,3,Cc1cc(C)n(-c2cncc(-n3nc(C)cc3C)n2)n1,"[5, 8, 11, 12, 18, 19]",6,9,1,nitrate,63|Cc1cc(C)n(-c2cncc(-n3nc(C)cc3C)n2)n1|nitrate,/nfs/home/nshank3/lanthanide_dataset_builder/data/geometries/Eu/Eu_Z63_ox3_CN9_nlig1_nitrate_b327caa3b7fb.xyz,2,standard,457646907,50,6,250,8,build_failed,False,,,,,no_structures_returned,BUILD_FAILED,no_structures_returned,,,,,
56,bbe930277304,Eu,63,3,CCCCCCCCn1cc(-c2cc(CC(=O)O)cc(-c3cn(CCCCCCCC)nn3)n2)nn1,"[8, 22, 31, 32, 33, 34, 35]",7,9,1,nitrate,63|CCCCCCCCn1cc(-c2cc(CC(=O)O)cc(-c3cn(CCCCCCCC)nn3)n2)nn1|nitrate,/nfs/home/nshank3/lanthanide_dataset_builder/data/geometries/Eu/Eu_Z63_ox3_CN9_nlig1_nitrate_bbe930277304.xyz,1,standard,1480608659,40,5,250,0,rejected_by_nearest_coreCN_qc,False,,data/processed/geometries_regenerated_fail_long_bond/rejected/Eu/Eu_Z63_ox3_CN9_nlig1_nitrate_bbe930277304_attempt01_standard_dup2.xyz,data/processed/geometries_regenerated_fail_long_bond/rejected/Eu/Eu_Z63_ox3_CN9_nlig1_nitrate_bbe930277304_attempt01_standard_dup2.mol2,-3340.0351607489124,,FAIL_LONG_BOND,coreCN_max_dist>3.10,O81:2.081;O80:2.095;N33:2.332;N35:2.381;N78:2.477;N32:2.810;N36:2.904;N34:2.919;O79:3.648,3.6483,3.9915,0.3432,O81:2.081;O80:2.095;N33:2.332;N35:2.381;N78:2.477;N32:2.810;N36:2.904;N34:2.919;O79:3.648;N9:3.992;N23:4.007;O17:7.972;O18:8.191
56,bbe930277304,Eu,63,3,CCCCCCCCn1cc(-c2cc(CC(=O)O)cc(-c3cn(CCCCCCCC)nn3)n2)nn1,"[8, 22, 31, 32, 33, 34, 35]",7,9,1,nitrate,63|CCCCCCCCn1cc(-c2cc(CC(=O)O)cc(-c3cn(CCCCCCCC)nn3)n2)nn1|nitrate,/nfs/home/nshank3/lanthanide_dataset_builder/data/geometries/Eu/Eu_Z63_ox3_CN9_nlig1_nitrate_bbe930277304.xyz,2,standard,1480616578,50,6,250,0,rejected_by_nearest_coreCN_qc,False,,data/processed/geometries_regenerated_fail_long_bond/rejected/Eu/Eu_Z63_ox3_CN9_nlig1_nitrate_bbe930277304_attempt02_standard_dup2.xyz,data/processed/geometries_regenerated_fail_long_bond/rejected/Eu/Eu_Z63_ox3_CN9_nlig1_nitrate_bbe930277304_attempt02_standard_dup2.mol2,-3337.6349758903852,,FAIL_LONG_BOND,coreCN_max_dist>3.10,O80:2.024;O81:2.031;N35:2.260;N33:2.281;N78:2.383;N36:2.609;N34:2.695;N32:2.816;O79:3.520,3.5204,3.6542,0.1338,O80:2.024;O81:2.031;N35:2.260;N33:2.281;N78:2.383;N36:2.609;N34:2.695;N32:2.816;O79:3.520;N9:3.654;N23:3.944;O18:7.399;O17:7.969
57,cb9b04403ae5,Eu,63,3,Cc1ccn(-c2cncc(-n3ccc(C)n3)n2)n1,"[4, 7, 10, 15, 16, 17]",6,9,1,nitrate,63|Cc1ccn(-c2cncc(-n3ccc(C)n3)n2)n1|nitrate,/nfs/home/nshank3/lanthanide_dataset_builder/data/geometries/Eu/Eu_Z63_ox3_CN9_nlig1_nitrate_cb9b04403ae5.xyz,1,standard,271977705,40,5,250,0,rejected_by_nearest_coreCN_qc,False,,data/processed/geometries_regenerated_fail_long_bond/rejected/Eu/Eu_Z63_ox3_CN9_nlig1_nitrate_cb9b04403ae5_attempt01_standard.xyz,data/processed/geometries_regenerated_fail_long_bond/rejected/Eu/Eu_Z63_ox3_CN9_nlig1_nitrate_cb9b04403ae5_attempt01_standard.mol2,-1898.6823922518663,,FAIL_LONG_BOND,coreCN_max_dist>3.10,O33:2.102;O34:2.119;N31:2.175;N17:2.366;O35:2.445;N16:2.451;N18:2.561;O32:2.973;N5:3.393,3.3935,3.4024,0.009,O33:2.102;O34:2.119;N31:2.175;N17:2.366;O35:2.445;N16:2.451;N18:2.561;O32:2.973;N5:3.393;N11:3.402;N8:4.565
57,cb9b04403ae5,Eu,63,3,Cc1ccn(-c2cncc(-n3ccc(C)n3)n2)n1,"[4, 7, 10, 15, 16, 17]",6,9,1,nitrate,63|Cc1ccn(-c2cncc(-n3ccc(C)n3)n2)n1|nitrate,/nfs/home/nshank3/lanthanide_dataset_builder/data/geometries/Eu/Eu_Z63_ox3_CN9_nlig1_nitrate_cb9b04403ae5.xyz,2,standard,271985624,50,6,250,0,rejected_by_nearest_coreCN_qc,False,,data/processed/geometries_regenerated_fail_long_bond/rejected/Eu/Eu_Z63_ox3_CN9_nlig1_nitrate_cb9b04403ae5_attempt02_standard_dup2.xyz,data/processed/geometries_regenerated_fail_long_bond/rejected/Eu/Eu_Z63_ox3_CN9_nlig1_nitrate_cb9b04403ae5_attempt02_standard_dup2.mol2,-1898.237661496544,,FAIL_LONG_BOND,coreCN_max_dist>3.10,O33:2.067;O34:2.090;N31:2.364;N17:2.368;N16:2.407;N18:2.546;O35:2.661;N11:3.313;N5:3.407,3.4071,3.4492,0.0421,O33:2.067;O34:2.090;N31:2.364;N17:2.368;N16:2.407;N18:2.546;O35:2.661;N11:3.313;N5:3.407;O32:3.449;N8:4.489
58,d85063f2c2c1,Eu,63,3,CCCCCc1nnc(-c2cccc(-c3cccc(-c4nnc(CCCCC)c(CCCCC)n4)n3)n2)nc1CCCCC,"[6, 7, 20, 21, 34, 35, 36, 37]",8,9,1,nitrate,63|CCCCCc1nnc(-c2cccc(-c3cccc(-c4nnc(CCCCC)c(CCCCC)n4)n3)n2)nc1CCCCC|nitrate,/nfs/home/nshank3/lanthanide_dataset_builder/data/geometries/Eu/Eu_Z63_ox3_CN9_nlig1_nitrate_d85063f2c2c1.xyz,1,standard,626770045,40,5,250,0,rejected_by_nearest_coreCN_qc,False,,data/processed/geometries_regenerated_fail_long_bond/rejected/Eu/Eu_Z63_ox3_CN9_nlig1_nitrate_d85063f2c2c1_attempt01_standard.xyz,data/processed/geometries_regenerated_fail_long_bond/rejected/Eu/Eu_Z63_ox3_CN9_nlig1_nitrate_d85063f2c2c1_attempt01_standard.mol2,-3559.046473899627,,FAIL_LONG_BOND,coreCN_max_dist>3.10,N8:2.184;N21:2.208;O95:2.372;N22:2.397;N36:2.460;N7:2.641;N37:2.643;N35:3.433;N38:4.080,4.0804,inf,inf,N8:2.184;N21:2.208;O95:2.372;N22:2.397;N36:2.460;N7:2.641;N37:2.643;N35:3.433;N38:4.080
58,d85063f2c2c1,Eu,63,3,CCCCCc1nnc(-c2cccc(-c3cccc(-c4nnc(CCCCC)c(CCCCC)n4)n3)n2)nc1CCCCC,"[6, 7, 20, 21, 34, 35, 36, 37]",8,9,1,nitrate,63|CCCCCc1nnc(-c2cccc(-c3cccc(-c4nnc(CCCCC)c(CCCCC)n4)n3)n2)nc1CCCCC|nitrate,/nfs/home/nshank3/lanthanide_dataset_builder/data/geometries/Eu/Eu_Z63_ox3_CN9_nlig1_nitrate_d85063f2c2c1.xyz,2,standard,626777964,50,6,250,0,rejected_by_nearest_coreCN_qc,False,,data/processed/geometries_regenerated_fail_long_bond/rejected/Eu/Eu_Z63_ox3_CN9_nlig1_nitrate_d85063f2c2c1_attempt02_standard_dup2.xyz,data/processed/geometries_regenerated_fail_long_bond/rejected/Eu/Eu_Z63_ox3_CN9_nlig1_nitrate_d85063f2c2c1_attempt02_standard_dup2.mol2,-3559.011936183907,,FAIL_LONG_BOND,coreCN_max_dist>3.10,N21:2.233;N37:2.397;N38:2.414;N22:2.505;O95:2.561;N36:2.705;N7:3.043;N8:3.078;N35:3.857,3.8573,inf,inf,N21:2.233;N37:2.397;N38:2.414;N22:2.505;O95:2.561;N36:2.705;N7:3.043;N8:3.078;N35:3.857
59,063ec39d482f,Eu,63,3,Cc1cc(-c2cc(C)cc(-c3nnc4c(n3)C(C)(C)CCC4(C)C)n2)nc(-c2nnc3c(n2)C(C)(C)CCC3(C)C)c1,"[11, 12, 15, 24, 25, 28, 29, 32]",8,9,1,water,63|Cc1cc(-c2cc(C)cc(-c3nnc4c(n3)C(C)(C)CCC4(C)C)n2)nc(-c2nnc3c(n2)C(C)(C)CCC3(C)C)c1|water,/nfs/home/nshank3/lanthanide_dataset_builder/data/geometries/Eu/Eu_Z63_ox3_CN9_nlig1_water_063ec39d482f.xyz,1,standard,756793190,40,5,250,0,rejected_by_nearest_coreCN_qc,False,,data/processed/geometries_regenerated_fail_long_bond/rejected/Eu/Eu_Z63_ox3_CN9_nlig1_water_063ec39d482f_attempt01_standard_dup2.xyz,data/processed/geometries_regenerated_fail_long_bond/rejected/Eu/Eu_Z63_ox3_CN9_nlig1_water_063ec39d482f_attempt01_standard_dup2.mol2,-3334.3525306470856,,FAIL_LONG_BOND,coreCN_max_dist>3.10,N12:2.198;N29:2.217;N30:2.328;N25:2.489;O85:2.564;N13:2.579;N26:2.646;N16:3.397;N33:4.002,4.0022,inf,inf,N12:2.198;N29:2.217;N30:2.328;N25:2.489;O85:2.564;N13:2.579;N26:2.646;N16:3.397;N33:4.002
59,063ec39d482f,Eu,63,3,Cc1cc(-c2cc(C)cc(-c3nnc4c(n3)C(C)(C)CCC4(C)C)n2)nc(-c2nnc3c(n2)C(C)(C)CCC3(C)C)c1,"[11, 12, 15, 24, 25, 28, 29, 32]",8,9,1,water,63|Cc1cc(-c2cc(C)cc(-c3nnc4c(n3)C(C)(C)CCC4(C)C)n2)nc(-c2nnc3c(n2)C(C)(C)CCC3(C)C)c1|water,/nfs/home/nshank3/lanthanide_dataset_builder/data/geometries/Eu/Eu_Z63_ox3_CN9_nlig1_water_063ec39d482f.xyz,2,standard,756801109,50,6,250,0,rejected_by_nearest_coreCN_qc,False,,data/processed/geometries_regenerated_fail_long_bond/rejected/Eu/Eu_Z63_ox3_CN9_nlig1_water_063ec39d482f_attempt02_standard_dup2.xyz,data/processed/geometries_regenerated_fail_long_bond/rejected/Eu/Eu_Z63_ox3_CN9_nlig1_water_063ec39d482f_attempt02_standard_dup2.mol2,-3334.6202467735757,,FAIL_LONG_BOND,coreCN_max_dist>3.10,N29:2.194;N12:2.223;N13:2.385;N30:2.434;N26:2.501;O85:2.514;N25:2.545;N33:3.097;N16:3.613,3.613,inf,inf,N29:2.194;N12:2.223;N13:2.385;N30:2.434;N26:2.501;O85:2.514;N25:2.545;N33:3.097;N16:3.613
60,25ade73f3220,Eu,63,3,CC1(C)CCC(C)(C)c2nc(-c3cccc(-c4cccc(-c5cccc(-c6nnc7c(n6)C(C)(C)CCC7(C)C)n5)n4)n3)nnc21,"[9, 27, 28, 31, 40, 41, 42, 43]",8,9,1,water,63|CC1(C)CCC(C)(C)c2nc(-c3cccc(-c4cccc(-c5cccc(-c6nnc7c(n6)C(C)(C)CCC7(C)C)n5)n4)n3)nnc21|water,/nfs/home/nshank3/lanthanide_dataset_builder/data/geometries/Eu/Eu_Z63_ox3_CN9_nlig1_water_25ade73f3220.xyz,1,standard,799816331,40,5,250,0,rejected_by_nearest_coreCN_qc,False,,data/processed/geometries_regenerated_fail_long_bond/rejected/Eu/Eu_Z63_ox3_CN9_nlig1_water_25ade73f3220_attempt01_standard_dup2.xyz,data/processed/geometries_regenerated_fail_long_bond/rejected/Eu/Eu_Z63_ox3_CN9_nlig1_water_25ade73f3220_attempt01_standard_dup2.mol2,-3575.256728102665,,FAIL_LONG_BOND,coreCN_max_dist>3.10,N28:2.248;N44:2.295;N43:2.416;N41:2.567;O88:2.578;N42:2.678;N29:2.686;N45:3.089;N32:3.618,3.618,3.6347,0.0167,N28:2.248;N44:2.295;N43:2.416;N41:2.567;O88:2.578;N42:2.678;N29:2.686;N45:3.089;N32:3.618;N10:3.635
60,25ade73f3220,Eu,63,3,CC1(C)CCC(C)(C)c2nc(-c3cccc(-c4cccc(-c5cccc(-c6nnc7c(n6)C(C)(C)CCC7(C)C)n5)n4)n3)nnc21,"[9, 27, 28, 31, 40, 41, 42, 43]",8,9,1,water,63|CC1(C)CCC(C)(C)c2nc(-c3cccc(-c4cccc(-c5cccc(-c6nnc7c(n6)C(C)(C)CCC7(C)C)n5)n4)n3)nnc21|water,/nfs/home/nshank3/lanthanide_dataset_builder/data/geometries/Eu/Eu_Z63_ox3_CN9_nlig1_water_25ade73f3220.xyz,2,standard,799824250,50,6,250,0,rejected_by_nearest_coreCN_qc,False,,data/processed/geometries_regenerated_fail_long_bond/rejected/Eu/Eu_Z63_ox3_CN9_nlig1_water_25ade73f3220_attempt02_standard_dup2.xyz,data/processed/geometries_regenerated_fail_long_bond/rejected/Eu/Eu_Z63_ox3_CN9_nlig1_water_25ade73f3220_attempt02_standard_dup2.mol2,-3574.953235132214,,FAIL_LONG_BOND,coreCN_max_dist>3.10,N43:2.442;N41:2.470;N44:2.504;O88:2.592;N42:2.729;N32:2.755;N29:2.951;N28:3.027;N45:3.547,3.5469,3.9204,0.3734,N43:2.442;N41:2.470;N44:2.504;O88:2.592;N42:2.729;N32:2.755;N29:2.951;N28:3.027;N45:3.547;N10:3.920
61,382cd9e53432,Eu,63,3,CCCCOP(=S)(CP(=S)(OCCCC)OCCCC)OCCCC,"[4, 6, 9, 10, 15, 20]",6,9,1,water,63|CCCCOP(=S)(CP(=S)(OCCCC)OCCCC)OCCCC|water,/nfs/home/nshank3/lanthanide_dataset_builder/data/geometries/Eu/Eu_Z63_ox3_CN9_nlig1_water_382cd9e53432.xyz,1,standard,680369493,40,5,250,0,rejected_by_nearest_coreCN_qc,False,,data/processed/geometries_regenerated_fail_long_bond/rejected/Eu/Eu_Z63_ox3_CN9_nlig1_water_382cd9e53432_attempt01_standard_dup2.xyz,data/processed/geometries_regenerated_fail_long_bond/rejected/Eu/Eu_Z63_ox3_CN9_nlig1_water_382cd9e53432_attempt01_standard_dup2.mol2,-2689.8755262073764,,FAIL_LONG_BOND,coreCN_max_dist>3.10,O64:2.515;O70:2.547;O67:2.592;O16:2.628;O21:2.652;O11:2.686;O5:2.708;S7:2.804;S10:3.104,3.1036,3.2139,0.1102,O64:2.515;O70:2.547;O67:2.592;O16:2.628;O21:2.652;O11:2.686;O5:2.708;S7:2.804;S10:3.104;P6:3.214;P9:3.303
61,382cd9e53432,Eu,63,3,CCCCOP(=S)(CP(=S)(OCCCC)OCCCC)OCCCC,"[4, 6, 9, 10, 15, 20]",6,9,1,water,63|CCCCOP(=S)(CP(=S)(OCCCC)OCCCC)OCCCC|water,/nfs/home/nshank3/lanthanide_dataset_builder/data/geometries/Eu/Eu_Z63_ox3_CN9_nlig1_water_382cd9e53432.xyz,2,standard,680377412,50,6,250,124,failed_timeout,False,,,,,exceeded 2400s,BUILD_FAILED,timeout,,,,,
62,43dcce0bcec9,Eu,63,3,CC1(C)CCC(C)(C)c2nc(-c3ccc4ccc5ccc(-c6nnc7c(n6)C(C)(C)CCC7(C)C)nc5c4n3)nnc21,"[9, 22, 23, 26, 35, 38, 39, 40]",8,9,1,water,63|CC1(C)CCC(C)(C)c2nc(-c3ccc4ccc5ccc(-c6nnc7c(n6)C(C)(C)CCC7(C)C)nc5c4n3)nnc21|water,/nfs/home/nshank3/lanthanide_dataset_builder/data/geometries/Eu/Eu_Z63_ox3_CN9_nlig1_water_43dcce0bcec9.xyz,1,standard,402074438,40,5,250,0,rejected_by_nearest_coreCN_qc,False,,data/processed/geometries_regenerated_fail_long_bond/rejected/Eu/Eu_Z63_ox3_CN9_nlig1_water_43dcce0bcec9_attempt01_standard_dup2.xyz,data/processed/geometries_regenerated_fail_long_bond/rejected/Eu/Eu_Z63_ox3_CN9_nlig1_water_43dcce0bcec9_attempt01_standard_dup2.mol2,-3278.885026592629,,FAIL_LONG_BOND,coreCN_max_dist>3.10,N41:2.397;N40:2.399;N23:2.412;O81:2.465;N36:2.555;N39:2.589;N24:3.353;N10:3.713;N27:4.458,4.458,inf,inf,N41:2.397;N40:2.399;N23:2.412;O81:2.465;N36:2.555;N39:2.589;N24:3.353;N10:3.713;N27:4.458
62,43dcce0bcec9,Eu,63,3,CC1(C)CCC(C)(C)c2nc(-c3ccc4ccc5ccc(-c6nnc7c(n6)C(C)(C)CCC7(C)C)nc5c4n3)nnc21,"[9, 22, 23, 26, 35, 38, 39, 40]",8,9,1,water,63|CC1(C)CCC(C)(C)c2nc(-c3ccc4ccc5ccc(-c6nnc7c(n6)C(C)(C)CCC7(C)C)nc5c4n3)nnc21|water,/nfs/home/nshank3/lanthanide_dataset_builder/data/geometries/Eu/Eu_Z63_ox3_CN9_nlig1_water_43dcce0bcec9.xyz,2,standard,402082357,50,6,250,0,rejected_by_nearest_coreCN_qc,False,,data/processed/geometries_regenerated_fail_long_bond/rejected/Eu/Eu_Z63_ox3_CN9_nlig1_water_43dcce0bcec9_attempt02_standard_dup2.xyz,data/processed/geometries_regenerated_fail_long_bond/rejected/Eu/Eu_Z63_ox3_CN9_nlig1_water_43dcce0bcec9_attempt02_standard_dup2.mol2,-3277.6956736758,,FAIL_LONG_BOND,coreCN_max_dist>3.10,N40:2.344;N23:2.348;N24:2.389;N39:2.474;O81:2.565;N36:2.694;N41:3.001;N10:3.779;N27:4.411,4.4114,inf,inf,N40:2.344;N23:2.348;N24:2.389;N39:2.474;O81:2.565;N36:2.694;N41:3.001;N10:3.779;N27:4.411
63,4582e319dba6,Eu,63,3,CCCCCCCCn1cc(-c2cc(CC(=O)O)cc(-c3cn(CCCCCCCC)nn3)n2)nn1,"[8, 22, 31, 32, 33, 34, 35]",7,9,1,water,63|CCCCCCCCn1cc(-c2cc(CC(=O)O)cc(-c3cn(CCCCCCCC)nn3)n2)nn1|water,/nfs/home/nshank3/lanthanide_dataset_builder/data/geometries/Eu/Eu_Z63_ox3_CN9_nlig1_water_4582e319dba6.xyz,1,standard,2063914481,40,5,250,0,rejected_by_nearest_coreCN_qc,False,,data/processed/geometries_regenerated_fail_long_bond/rejected/Eu/Eu_Z63_ox3_CN9_nlig1_water_4582e319dba6_attempt01_standard_dup2.xyz,data/processed/geometries_regenerated_fail_long_bond/rejected/Eu/Eu_Z63_ox3_CN9_nlig1_water_4582e319dba6_attempt01_standard_dup2.mol2,-3189.395675070833,,FAIL_LONG_BOND,coreCN_max_dist>3.10,N35:2.260;N33:2.278;O81:2.319;N36:2.375;O78:2.421;N34:2.614;N32:2.635;N9:3.247;N23:3.696,3.6958,7.3404,3.6446,N35:2.260;N33:2.278;O81:2.319;N36:2.375;O78:2.421;N34:2.614;N32:2.635;N9:3.247;N23:3.696;O18:7.340;O17:7.575
63,4582e319dba6,Eu,63,3,CCCCCCCCn1cc(-c2cc(CC(=O)O)cc(-c3cn(CCCCCCCC)nn3)n2)nn1,"[8, 22, 31, 32, 33, 34, 35]",7,9,1,water,63|CCCCCCCCn1cc(-c2cc(CC(=O)O)cc(-c3cn(CCCCCCCC)nn3)n2)nn1|water,/nfs/home/nshank3/lanthanide_dataset_builder/data/geometries/Eu/Eu_Z63_ox3_CN9_nlig1_water_4582e319dba6.xyz,2,standard,2063922400,50,6,250,0,rejected_by_nearest_coreCN_qc,False,,data/processed/geometries_regenerated_fail_long_bond/rejected/Eu/Eu_Z63_ox3_CN9_nlig1_water_4582e319dba6_attempt02_standard_dup2.xyz,data/processed/geometries_regenerated_fail_long_bond/rejected/Eu/Eu_Z63_ox3_CN9_nlig1_water_4582e319dba6_attempt02_standard_dup2.mol2,-3190.0924623882615,,FAIL_LONG_BOND,coreCN_max_dist>3.10,N35:2.205;N33:2.225;N32:2.352;O78:2.387;N36:2.500;O81:2.507;N34:2.535;N23:3.196;N9:3.446,3.4462,7.4783,4.032,N35:2.205;N33:2.225;N32:2.352;O78:2.387;N36:2.500;O81:2.507;N34:2.535;N23:3.196;N9:3.446;O17:7.478;O18:8.907
64,459f887bb756,Eu,63,3,CCCCCc1nnc(-c2cccc(-c3cccc(-c4nnc(CCCCC)c(CCCCC)n4)n3)n2)nc1CCCCC,"[6, 7, 20, 21, 34, 35, 36, 37]",8,9,1,water,63|CCCCCc1nnc(-c2cccc(-c3cccc(-c4nnc(CCCCC)c(CCCCC)n4)n3)n2)nc1CCCCC|water,/nfs/home/nshank3/lanthanide_dataset_builder/data/geometries/Eu/Eu_Z63_ox3_CN9_nlig1_water_459f887bb756.xyz,1,standard,927892775,40,5,250,0,rejected_by_nearest_coreCN_qc,False,,data/processed/geometries_regenerated_fail_long_bond/rejected/Eu/Eu_Z63_ox3_CN9_nlig1_water_459f887bb756_attempt01_standard_dup2.xyz,data/processed/geometries_regenerated_fail_long_bond/rejected/Eu/Eu_Z63_ox3_CN9_nlig1_water_459f887bb756_attempt01_standard_dup2.mol2,-3559.0703619634464,,FAIL_LONG_BOND,coreCN_max_dist>3.10,N21:2.243;N8:2.260;N7:2.319;N37:2.438;N36:2.441;O95:2.583;N22:3.172;N38:3.496;N35:4.208,4.2076,inf,inf,N21:2.243;N8:2.260;N7:2.319;N37:2.438;N36:2.441;O95:2.583;N22:3.172;N38:3.496;N35:4.208
64,459f887bb756,Eu,63,3,CCCCCc1nnc(-c2cccc(-c3cccc(-c4nnc(CCCCC)c(CCCCC)n4)n3)n2)nc1CCCCC,"[6, 7, 20, 21, 34, 35, 36, 37]",8,9,1,water,63|CCCCCc1nnc(-c2cccc(-c3cccc(-c4nnc(CCCCC)c(CCCCC)n4)n3)n2)nc1CCCCC|water,/nfs/home/nshank3/lanthanide_dataset_builder/data/geometries/Eu/Eu_Z63_ox3_CN9_nlig1_water_459f887bb756.xyz,2,standard,927900694,50,6,250,0,rejected_by_nearest_coreCN_qc,False,,data/processed/geometries_regenerated_fail_long_bond/rejected/Eu/Eu_Z63_ox3_CN9_nlig1_water_459f887bb756_attempt02_standard_dup2.xyz,data/processed/geometries_regenerated_fail_long_bond/rejected/Eu/Eu_Z63_ox3_CN9_nlig1_water_459f887bb756_attempt02_standard_dup2.mol2,-3558.9580429843345,,FAIL_LONG_BOND,coreCN_max_dist>3.10,N8:2.158;N21:2.174;N7:2.407;N36:2.442;N22:2.448;O95:2.499;N37:2.543;N35:3.519;N38:3.819,3.8187,inf,inf,N8:2.158;N21:2.174;N7:2.407;N36:2.442;N22:2.448;O95:2.499;N37:2.543;N35:3.519;N38:3.819
65,68c904700053,Eu,63,3,CCCCCCCCN(CCCCCCCC)C(=S)c1ccc2ccc3ccc(C(=S)N(CCCCCCCC)CCCCCCCC)nc3c2n1,"[8, 18, 30, 31, 48, 51]",6,9,1,water,63|CCCCCCCCN(CCCCCCCC)C(=S)c1ccc2ccc3ccc(C(=S)N(CCCCCCCC)CCCCCCCC)nc3c2n1|water,/nfs/home/nshank3/lanthanide_dataset_builder/data/geometries/Eu/Eu_Z63_ox3_CN9_nlig1_water_68c904700053.xyz,1,standard,2012180462,40,5,250,0,rejected_by_nearest_coreCN_qc,False,,data/processed/geometries_regenerated_fail_long_bond/rejected/Eu/Eu_Z63_ox3_CN9_nlig1_water_68c904700053_attempt01_standard_dup2.xyz,data/processed/geometries_regenerated_fail_long_bond/rejected/Eu/Eu_Z63_ox3_CN9_nlig1_water_68c904700053_attempt01_standard_dup2.mol2,-4615.421925866504,,FAIL_LONG_BOND,coreCN_max_dist>3.10,N52:2.461;N49:2.500;O127:2.535;O130:2.589;O133:2.692;S31:2.759;S19:2.830;N9:3.495;N32:3.885,3.8847,inf,inf,N52:2.461;N49:2.500;O127:2.535;O130:2.589;O133:2.692;S31:2.759;S19:2.830;N9:3.495;N32:3.885
65,68c904700053,Eu,63,3,CCCCCCCCN(CCCCCCCC)C(=S)c1ccc2ccc3ccc(C(=S)N(CCCCCCCC)CCCCCCCC)nc3c2n1,"[8, 18, 30, 31, 48, 51]",6,9,1,water,63|CCCCCCCCN(CCCCCCCC)C(=S)c1ccc2ccc3ccc(C(=S)N(CCCCCCCC)CCCCCCCC)nc3c2n1|water,/nfs/home/nshank3/lanthanide_dataset_builder/data/geometries/Eu/Eu_Z63_ox3_CN9_nlig1_water_68c904700053.xyz,2,standard,2012188381,50,6,250,0,rejected_by_nearest_coreCN_qc,False,,data/processed/geometries_regenerated_fail_long_bond/rejected/Eu/Eu_Z63_ox3_CN9_nlig1_water_68c904700053_attempt02_standard_dup2.xyz,data/processed/geometries_regenerated_fail_long_bond/rejected/Eu/Eu_Z63_ox3_CN9_nlig1_water_68c904700053_attempt02_standard_dup2.mol2,-4614.48061503907,,FAIL_LONG_BOND,coreCN_max_dist>3.10,N52:2.304;N49:2.362;O133:2.581;O127:2.684;O130:2.768;S31:2.773;N9:3.143;N32:3.340;S19:4.410,4.4103,inf,inf,N52:2.304;N49:2.362;O133:2.581;O127:2.684;O130:2.768;S31:2.773;N9:3.143;N32:3.340;S19:4.410
66,88a67671977b,Eu,63,3,CC1(C)SC(C)(C)c2nc(-c3cccc(-c4cccc(-c5nnc6c(n5)C(C)(C)SC6(C)C)n4)n3)nnc21,"[3, 8, 21, 22, 25, 29, 33, 34]",8,9,1,water,63|CC1(C)SC(C)(C)c2nc(-c3cccc(-c4cccc(-c5nnc6c(n5)C(C)(C)SC6(C)C)n4)n3)nnc21|water,/nfs/home/nshank3/lanthanide_dataset_builder/data/geometries/Eu/Eu_Z63_ox3_CN9_nlig1_water_88a67671977b.xyz,1,standard,637659941,40,5,250,0,rejected_by_nearest_coreCN_qc,False,,data/processed/geometries_regenerated_fail_long_bond/rejected/Eu/Eu_Z63_ox3_CN9_nlig1_water_88a67671977b_attempt01_standard_dup2.xyz,data/processed/geometries_regenerated_fail_long_bond/rejected/Eu/Eu_Z63_ox3_CN9_nlig1_water_88a67671977b_attempt01_standard_dup2.mol2,-2991.6835113795296,,FAIL_LONG_BOND,coreCN_max_dist>3.10,N34:2.602;O69:2.725;N35:2.745;N9:2.807;N26:3.144;S4:3.357;N22:3.379;N23:3.508;S30:3.626,3.6261,4.677,1.0509,N34:2.602;O69:2.725;N35:2.745;N9:2.807;N26:3.144;S4:3.357;N22:3.379;N23:3.508;S30:3.626;N36:4.677;N37:4.818
66,88a67671977b,Eu,63,3,CC1(C)SC(C)(C)c2nc(-c3cccc(-c4cccc(-c5nnc6c(n5)C(C)(C)SC6(C)C)n4)n3)nnc21,"[3, 8, 21, 22, 25, 29, 33, 34]",8,9,1,water,63|CC1(C)SC(C)(C)c2nc(-c3cccc(-c4cccc(-c5nnc6c(n5)C(C)(C)SC6(C)C)n4)n3)nnc21|water,/nfs/home/nshank3/lanthanide_dataset_builder/data/geometries/Eu/Eu_Z63_ox3_CN9_nlig1_water_88a67671977b.xyz,2,standard,637667860,50,6,250,0,rejected_by_nearest_coreCN_qc,False,,data/processed/geometries_regenerated_fail_long_bond/rejected/Eu/Eu_Z63_ox3_CN9_nlig1_water_88a67671977b_attempt02_standard_dup2.xyz,data/processed/geometries_regenerated_fail_long_bond/rejected/Eu/Eu_Z63_ox3_CN9_nlig1_water_88a67671977b_attempt02_standard_dup2.mol2,-2991.994724799375,,FAIL_LONG_BOND,coreCN_max_dist>3.10,O69:2.563;N34:2.657;N22:2.680;N35:2.715;N9:2.973;N23:2.980;S4:3.342;N26:3.644;S30:3.651,3.6508,4.1451,0.4943,O69:2.563;N34:2.657;N22:2.680;N35:2.715;N9:2.973;N23:2.980;S4:3.342;N26:3.644;S30:3.651;N36:4.145;N37:4.168
67,b42eadd4a6e5,Eu,63,3,CC1(C)CCC(C)(C)c2nc(-c3cccc(-c4cccc(-c5ccccn5)n4)n3)nnc21,"[9, 26, 27, 28, 29, 30]",6,9,1,water,63|CC1(C)CCC(C)(C)c2nc(-c3cccc(-c4cccc(-c5ccccn5)n4)n3)nnc21|water,/nfs/home/nshank3/lanthanide_dataset_builder/data/geometries/Eu/Eu_Z63_ox3_CN9_nlig1_water_b42eadd4a6e5.xyz,1,standard,997175645,40,5,250,0,rejected_by_nearest_coreCN_qc,False,,data/processed/geometries_regenerated_fail_long_bond/rejected/Eu/Eu_Z63_ox3_CN9_nlig1_water_b42eadd4a6e5_attempt01_standard_dup2.xyz,data/processed/geometries_regenerated_fail_long_bond/rejected/Eu/Eu_Z63_ox3_CN9_nlig1_water_b42eadd4a6e5_attempt01_standard_dup2.mol2,-2763.946194845244,,FAIL_LONG_BOND,coreCN_max_dist>3.10,N30:2.291;O59:2.453;N27:2.460;O62:2.461;N29:2.489;N28:2.563;O65:2.733;N31:2.759;N10:3.733,3.7334,inf,inf,N30:2.291;O59:2.453;N27:2.460;O62:2.461;N29:2.489;N28:2.563;O65:2.733;N31:2.759;N10:3.733
67,b42eadd4a6e5,Eu,63,3,CC1(C)CCC(C)(C)c2nc(-c3cccc(-c4cccc(-c5ccccn5)n4)n3)nnc21,"[9, 26, 27, 28, 29, 30]",6,9,1,water,63|CC1(C)CCC(C)(C)c2nc(-c3cccc(-c4cccc(-c5ccccn5)n4)n3)nnc21|water,/nfs/home/nshank3/lanthanide_dataset_builder/data/geometries/Eu/Eu_Z63_ox3_CN9_nlig1_water_b42eadd4a6e5.xyz,2,standard,997183564,50,6,250,0,rejected_by_nearest_coreCN_qc,False,,data/processed/geometries_regenerated_fail_long_bond/rejected/Eu/Eu_Z63_ox3_CN9_nlig1_water_b42eadd4a6e5_attempt02_standard_dup2.xyz,data/processed/geometries_regenerated_fail_long_bond/rejected/Eu/Eu_Z63_ox3_CN9_nlig1_water_b42eadd4a6e5_attempt02_standard_dup2.mol2,-2763.840662180959,,FAIL_LONG_BOND,coreCN_max_dist>3.10,N30:2.229;N27:2.409;O65:2.439;N29:2.494;O59:2.511;O62:2.542;N28:2.553;N31:2.624;N10:3.797,3.7966,inf,inf,N30:2.229;N27:2.409;O65:2.439;N29:2.494;O59:2.511;O62:2.542;N28:2.553;N31:2.624;N10:3.797
68,fbeb4feade31,Eu,63,3,CCCCCCn1c(-c2ccccc2)c(-c2ccccc2)c2cc3ccc4cc5c(-c6ccccc6)c(-c6ccccc6)n(CCCCCC)c(=O)c5nc4c3nc2c1=O,"[6, 43, 51, 53, 56, 59]",6,9,1,water,63|CCCCCCn1c(-c2ccccc2)c(-c2ccccc2)c2cc3ccc4cc5c(-c6ccccc6)c(-c6ccccc6)n(CCCCCC)c(=O)c5nc4c3nc2c1=O|water,/nfs/home/nshank3/lanthanide_dataset_builder/data/geometries/Eu/Eu_Z63_ox3_CN9_nlig1_water_fbeb4feade31.xyz,1,standard,1608785219,40,5,250,0,rejected_by_nearest_coreCN_qc,False,,data/processed/geometries_regenerated_fail_long_bond/rejected/Eu/Eu_Z63_ox3_CN9_nlig1_water_fbeb4feade31_attempt01_standard_dup2.xyz,data/processed/geometries_regenerated_fail_long_bond/rejected/Eu/Eu_Z63_ox3_CN9_nlig1_water_fbeb4feade31_attempt01_standard_dup2.mol2,-4793.856575707336,,FAIL_LONG_BOND,coreCN_max_dist>3.10,O60:2.241;O52:2.260;N57:2.472;O117:2.509;O114:2.627;N54:2.629;O111:2.736;N44:4.004;N7:4.261,4.2607,inf,inf,O60:2.241;O52:2.260;N57:2.472;O117:2.509;O114:2.627;N54:2.629;O111:2.736;N44:4.004;N7:4.261
68,fbeb4feade31,Eu,63,3,CCCCCCn1c(-c2ccccc2)c(-c2ccccc2)c2cc3ccc4cc5c(-c6ccccc6)c(-c6ccccc6)n(CCCCCC)c(=O)c5nc4c3nc2c1=O,"[6, 43, 51, 53, 56, 59]",6,9,1,water,63|CCCCCCn1c(-c2ccccc2)c(-c2ccccc2)c2cc3ccc4cc5c(-c6ccccc6)c(-c6ccccc6)n(CCCCCC)c(=O)c5nc4c3nc2c1=O|water,/nfs/home/nshank3/lanthanide_dataset_builder/data/geometries/Eu/Eu_Z63_ox3_CN9_nlig1_water_fbeb4feade31.xyz,2,standard,1608793138,50,6,250,8,build_failed,False,,,,,no_structures_returned,BUILD_FAILED,no_structures_returned,,,,,
69,1f1106359435,Eu,63,3,CC(C)(C)c1ccc(NC(=O)c2cc(=O)cc(C(=O)Nc3ccc(C(C)(C)C)cc3)o2)cc1,"[10, 14, 18, 30]",4,9,2,nitrate,63|CC(C)(C)c1ccc(NC(=O)c2cc(=O)cc(C(=O)Nc3ccc(C(C)(C)C)cc3)o2)cc1|nitrate,/nfs/home/nshank3/lanthanide_dataset_builder/data/geometries/Eu/Eu_Z63_ox3_CN9_nlig2_nitrate_1f1106359435.xyz,1,standard,1724577200,40,5,250,8,build_failed,False,,,,,no_structures_returned,BUILD_FAILED,no_structures_returned,,,,,
69,1f1106359435,Eu,63,3,CC(C)(C)c1ccc(NC(=O)c2cc(=O)cc(C(=O)Nc3ccc(C(C)(C)C)cc3)o2)cc1,"[10, 14, 18, 30]",4,9,2,nitrate,63|CC(C)(C)c1ccc(NC(=O)c2cc(=O)cc(C(=O)Nc3ccc(C(C)(C)C)cc3)o2)cc1|nitrate,/nfs/home/nshank3/lanthanide_dataset_builder/data/geometries/Eu/Eu_Z63_ox3_CN9_nlig2_nitrate_1f1106359435.xyz,2,standard,1724585119,50,6,250,8,build_failed,False,,,,,no_structures_returned,BUILD_FAILED,no_structures_returned,,,,,
73,dfa51784b875,Eu,63,3,CCCCCCCCOc1cc(C(=O)N(C)c2ccc(C(C)(C)C)cc2)nc(C(=O)N(C)c2ccc(C(C)(C)C)cc2)c1,"[8, 13, 26, 29]",4,9,2,nitrate,63|CCCCCCCCOc1cc(C(=O)N(C)c2ccc(C(C)(C)C)cc2)nc(C(=O)N(C)c2ccc(C(C)(C)C)cc2)c1|nitrate,/nfs/home/nshank3/lanthanide_dataset_builder/data/geometries/Eu/Eu_Z63_ox3_CN9_nlig2_nitrate_dfa51784b875.xyz,1,standard,3682570,40,5,250,0,rejected_by_nearest_coreCN_qc,False,,data/processed/geometries_regenerated_fail_long_bond/rejected/Eu/Eu_Z63_ox3_CN9_nlig2_nitrate_dfa51784b875_attempt01_standard.xyz,data/processed/geometries_regenerated_fail_long_bond/rejected/Eu/Eu_Z63_ox3_CN9_nlig2_nitrate_dfa51784b875_attempt01_standard.mol2,-7008.18091534461,,FAIL_LONG_BOND,coreCN_max_dist>3.10,O108:2.352;O124:2.372;O14:2.416;O30:2.419;O189:2.564;N121:2.642;O9:3.149;N27:3.192;N109:4.393,4.3927,4.3939,0.0011,O108:2.352;O124:2.372;O14:2.416;O30:2.419;O189:2.564;N121:2.642;O9:3.149;N27:3.192;N109:4.393;N15:4.394;N125:4.402;O103:4.445;N31:4.571
73,dfa51784b875,Eu,63,3,CCCCCCCCOc1cc(C(=O)N(C)c2ccc(C(C)(C)C)cc2)nc(C(=O)N(C)c2ccc(C(C)(C)C)cc2)c1,"[8, 13, 26, 29]",4,9,2,nitrate,63|CCCCCCCCOc1cc(C(=O)N(C)c2ccc(C(C)(C)C)cc2)nc(C(=O)N(C)c2ccc(C(C)(C)C)cc2)c1|nitrate,/nfs/home/nshank3/lanthanide_dataset_builder/data/geometries/Eu/Eu_Z63_ox3_CN9_nlig2_nitrate_dfa51784b875.xyz,2,standard,3690489,50,6,250,124,failed_timeout,False,,,,,exceeded 2400s,BUILD_FAILED,timeout,,,,,
74,ecdd71aa88de,Eu,63,3,CCCCCCCCOc1cc(C(=O)Nc2ccc(C(C)(C)C)cc2)nc(C(=O)Nc2ccc(C(C)(C)C)cc2)c1,"[8, 13, 25, 28]",4,9,2,nitrate,63|CCCCCCCCOc1cc(C(=O)Nc2ccc(C(C)(C)C)cc2)nc(C(=O)Nc2ccc(C(C)(C)C)cc2)c1|nitrate,/nfs/home/nshank3/lanthanide_dataset_builder/data/geometries/Eu/Eu_Z63_ox3_CN9_nlig2_nitrate_ecdd71aa88de.xyz,1,standard,1415186345,40,5,250,124,failed_timeout,False,,,,,exceeded 2400s,BUILD_FAILED,timeout,,,,,
74,ecdd71aa88de,Eu,63,3,CCCCCCCCOc1cc(C(=O)Nc2ccc(C(C)(C)C)cc2)nc(C(=O)Nc2ccc(C(C)(C)C)cc2)c1,"[8, 13, 25, 28]",4,9,2,nitrate,63|CCCCCCCCOc1cc(C(=O)Nc2ccc(C(C)(C)C)cc2)nc(C(=O)Nc2ccc(C(C)(C)C)cc2)c1|nitrate,/nfs/home/nshank3/lanthanide_dataset_builder/data/geometries/Eu/Eu_Z63_ox3_CN9_nlig2_nitrate_ecdd71aa88de.xyz,2,standard,1415194264,50,6,250,0,rejected_by_nearest_coreCN_qc,False,,data/processed/geometries_regenerated_fail_long_bond/rejected/Eu/Eu_Z63_ox3_CN9_nlig2_nitrate_ecdd71aa88de_attempt02_standard.xyz,data/processed/geometries_regenerated_fail_long_bond/rejected/Eu/Eu_Z63_ox3_CN9_nlig2_nitrate_ecdd71aa88de_attempt02_standard.mol2,-6663.058870541118,,FAIL_LONG_BOND,coreCN_max_dist>3.10,O102:2.302;O14:2.326;O117:2.405;N114:2.488;O29:2.549;O177:2.606;N26:2.964;O9:4.170;N15:4.211,4.2106,4.2485,0.038,O102:2.302;O14:2.326;O117:2.405;N114:2.488;O29:2.549;O177:2.606;N26:2.964;O9:4.170;N15:4.211;N103:4.249;N30:4.386;N118:4.523;O97:4.709
77,192ab9676a31,Eu,63,3,CCCCCCCCN(CCCCCCCC)C(=O)[C@H](CCC)O[C@H](CCC)C(=O)N(CCCCCCCC)CCCCCCCC,"[18, 23, 29]",3,9,3,nitrate,63|CCCCCCCCN(CCCCCCCC)C(=O)[C@H](CCC)O[C@H](CCC)C(=O)N(CCCCCCCC)CCCCCCCC|nitrate,/nfs/home/nshank3/lanthanide_dataset_builder/data/geometries/Eu/Eu_Z63_ox3_CN9_nlig3_nitrate_192ab9676a31.xyz,1,standard,811334883,40,5,250,0,accepted,True,,data/processed/geometries_regenerated_fail_long_bond/accepted/Eu/Eu_Z63_ox3_CN9_nlig3_nitrate_192ab9676a31_attempt01_standard.xyz,data/processed/geometries_regenerated_fail_long_bond/accepted/Eu/Eu_Z63_ox3_CN9_nlig3_nitrate_192ab9676a31_attempt01_standard.mol2,-12322.061123066593,,OK,nearest_coreCN_qc_ok,O281:2.281;O161:2.312;O19:2.374;O292:2.407;O150:2.438;O30:2.587;O155:2.607;O286:2.620;O24:2.860,2.8595,4.1777,1.3182,O281:2.281;O161:2.312;O19:2.374;O292:2.407;O150:2.438;O30:2.587;O155:2.607;O286:2.620;O24:2.860;N271:4.178;N162:4.343;N9:4.379;N140:4.527;N293:4.573;N31:4.786
78,1a2c675a4d6b,Eu,63,3,CCCCC(CC)CN(CC(=O)N(CC(CC)CCCC)CC(CC)CCCC)CC(=O)N(CC(CC)CCCC)CC(CC)CCCC,"[8, 11, 31]",3,9,3,nitrate,63|CCCCC(CC)CN(CC(=O)N(CC(CC)CCCC)CC(CC)CCCC)CC(=O)N(CC(CC)CCCC)CC(CC)CCCC|nitrate,/nfs/home/nshank3/lanthanide_dataset_builder/data/geometries/Eu/Eu_Z63_ox3_CN9_nlig3_nitrate_1a2c675a4d6b.xyz,1,standard,1979782758,40,5,250,124,failed_timeout,False,,,,,exceeded 2400s,BUILD_FAILED,timeout,,,,,
78,1a2c675a4d6b,Eu,63,3,CCCCC(CC)CN(CC(=O)N(CC(CC)CCCC)CC(CC)CCCC)CC(=O)N(CC(CC)CCCC)CC(CC)CCCC,"[8, 11, 31]",3,9,3,nitrate,63|CCCCC(CC)CN(CC(=O)N(CC(CC)CCCC)CC(CC)CCCC)CC(=O)N(CC(CC)CCCC)CC(CC)CCCC|nitrate,/nfs/home/nshank3/lanthanide_dataset_builder/data/geometries/Eu/Eu_Z63_ox3_CN9_nlig3_nitrate_1a2c675a4d6b.xyz,2,standard,1979790677,50,6,250,-6,build_failed,False,,,,,free(): invalid size,BUILD_FAILED,free(): invalid size,,,,,
79,32f3a20cc804,Eu,63,3,CCCCCCCCN(CCCCCCCC)C(=O)CN(CC(=O)N(CCCCCCCC)CCCCCCCC)c1ccccc1,"[18, 20, 23]",3,9,3,nitrate,63|CCCCCCCCN(CCCCCCCC)C(=O)CN(CC(=O)N(CCCCCCCC)CCCCCCCC)c1ccccc1|nitrate,/nfs/home/nshank3/lanthanide_dataset_builder/data/geometries/Eu/Eu_Z63_ox3_CN9_nlig3_nitrate_32f3a20cc804.xyz,1,standard,136743535,40,5,250,0,accepted,True,,data/processed/geometries_regenerated_fail_long_bond/accepted/Eu/Eu_Z63_ox3_CN9_nlig3_nitrate_32f3a20cc804_attempt01_standard.xyz,data/processed/geometries_regenerated_fail_long_bond/accepted/Eu/Eu_Z63_ox3_CN9_nlig3_nitrate_32f3a20cc804_attempt01_standard.mol2,-11939.314069153488,,OK,nearest_coreCN_qc_ok,O24:2.252;O267:2.261;O143:2.290;O19:2.406;O148:2.421;O272:2.529;N21:2.785;N145:2.858;N269:2.894,2.8938,4.4205,1.5267,O24:2.252;O267:2.261;O143:2.290;O19:2.406;O148:2.421;O272:2.529;N21:2.785;N145:2.858;N269:2.894;N257:4.420;N133:4.434;N25:4.440;N9:4.511;N149:4.556;N273:4.690
80,3beb4537ab26,Eu,63,3,CCCCCCCCNC(=O)c1cc(OC)ccn1,"[10, 14, 18]",3,9,3,nitrate,63|CCCCCCCCNC(=O)c1cc(OC)ccn1|nitrate,/nfs/home/nshank3/lanthanide_dataset_builder/data/geometries/Eu/Eu_Z63_ox3_CN9_nlig3_nitrate_3beb4537ab26.xyz,1,standard,2027311290,40,5,250,8,build_failed,False,,,,,no_structures_returned,BUILD_FAILED,no_structures_returned,,,,,
80,3beb4537ab26,Eu,63,3,CCCCCCCCNC(=O)c1cc(OC)ccn1,"[10, 14, 18]",3,9,3,nitrate,63|CCCCCCCCNC(=O)c1cc(OC)ccn1|nitrate,/nfs/home/nshank3/lanthanide_dataset_builder/data/geometries/Eu/Eu_Z63_ox3_CN9_nlig3_nitrate_3beb4537ab26.xyz,2,standard,2027319209,50,6,250,0,rejected_by_nearest_coreCN_qc,False,,data/processed/geometries_regenerated_fail_long_bond/rejected/Eu/Eu_Z63_ox3_CN9_nlig3_nitrate_3beb4537ab26_attempt02_standard_dup2.xyz,data/processed/geometries_regenerated_fail_long_bond/rejected/Eu/Eu_Z63_ox3_CN9_nlig3_nitrate_3beb4537ab26_attempt02_standard_dup2.mol2,-4759.815323264366,,FAIL_LONG_BOND,coreCN_max_dist>3.10,O97:2.160;O11:2.175;O54:2.250;N19:2.574;N105:3.356;N62:3.516;O101:3.681;O15:3.973;N9:4.133,4.1327,4.2179,0.0852,O97:2.160;O11:2.175;O54:2.250;N19:2.574;N105:3.356;N62:3.516;O101:3.681;O15:3.973;N9:4.133;N95:4.218;N52:4.252;O58:4.278
86,6d919d6af533,Eu,63,3,CCCCCCCCN(CCCCCCCC)C(=O)CNCC(=O)N(CCCCCCCC)CCCCCCCC,"[18, 20, 23]",3,9,3,nitrate,63|CCCCCCCCN(CCCCCCCC)C(=O)CNCC(=O)N(CCCCCCCC)CCCCCCCC|nitrate,/nfs/home/nshank3/lanthanide_dataset_builder/data/geometries/Eu/Eu_Z63_ox3_CN9_nlig3_nitrate_6d919d6af533.xyz,1,standard,395117157,40,5,250,0,accepted,True,,data/processed/geometries_regenerated_fail_long_bond/accepted/Eu/Eu_Z63_ox3_CN9_nlig3_nitrate_6d919d6af533_attempt01_standard.xyz,data/processed/geometries_regenerated_fail_long_bond/accepted/Eu/Eu_Z63_ox3_CN9_nlig3_nitrate_6d919d6af533_attempt01_standard.mol2,-10722.93977911067,,OK,nearest_coreCN_qc_ok,O19:2.237;O252:2.304;O247:2.319;O24:2.324;O133:2.371;O138:2.458;N249:2.487;N21:2.748;N135:2.930,2.93,4.3338,1.4039,O19:2.237;O252:2.304;O247:2.319;O24:2.324;O133:2.371;O138:2.458;N249:2.487;N21:2.748;N135:2.930;N25:4.334;N237:4.430;N9:4.442;N253:4.462;N123:4.533;N139:4.682
88,92f7d2015574,Eu,63,3,CCCCCCOCCC(C(=O)N(C)CCCC)C(=O)N(C)CCCC,"[6, 11, 19]",3,9,3,nitrate,63|CCCCCCOCCC(C(=O)N(C)CCCC)C(=O)N(C)CCCC|nitrate,/nfs/home/nshank3/lanthanide_dataset_builder/data/geometries/Eu/Eu_Z63_ox3_CN9_nlig3_nitrate_92f7d2015574.xyz,1,standard,2107740589,40,5,250,0,accepted,True,,data/processed/geometries_regenerated_fail_long_bond/accepted/Eu/Eu_Z63_ox3_CN9_nlig3_nitrate_92f7d2015574_attempt01_standard.xyz,data/processed/geometries_regenerated_fail_long_bond/accepted/Eu/Eu_Z63_ox3_CN9_nlig3_nitrate_92f7d2015574_attempt01_standard.mol2,-6900.874084794598,,OK,nearest_coreCN_qc_ok,O88:2.222;O156:2.255;O12:2.320;O80:2.386;O7:2.501;O143:2.517;O20:2.525;O148:2.539;O75:2.598,2.5984,4.44,1.8416,O88:2.222;O156:2.255;O12:2.320;O80:2.386;O7:2.501;O143:2.517;O20:2.525;O148:2.539;O75:2.598;N89:4.440;N157:4.478;N81:4.554;N13:4.561;N21:4.716;N149:4.728
89,9ce4f4d1c0d5,Eu,63,3,CCCCCCCCN(CCCCCCCC)C(=O)COCC(=O)NCCCCCNC(=O)COCC(=O)N(CCCCCCCC)CCCCCCCC,"[18, 20, 23]",3,9,3,nitrate,63|CCCCCCCCN(CCCCCCCC)C(=O)COCC(=O)NCCCCCNC(=O)COCC(=O)N(CCCCCCCC)CCCCCCCC|nitrate,/nfs/home/nshank3/lanthanide_dataset_builder/data/geometries/Eu/Eu_Z63_ox3_CN9_nlig3_nitrate_9ce4f4d1c0d5.xyz,1,standard,885327498,40,5,250,-6,build_failed,False,,,,,double free or corruption (!prev),BUILD_FAILED,double free or corruption (!prev),,,,,
89,9ce4f4d1c0d5,Eu,63,3,CCCCCCCCN(CCCCCCCC)C(=O)COCC(=O)NCCCCCNC(=O)COCC(=O)N(CCCCCCCC)CCCCCCCC,"[18, 20, 23]",3,9,3,nitrate,63|CCCCCCCCN(CCCCCCCC)C(=O)COCC(=O)NCCCCCNC(=O)COCC(=O)N(CCCCCCCC)CCCCCCCC|nitrate,/nfs/home/nshank3/lanthanide_dataset_builder/data/geometries/Eu/Eu_Z63_ox3_CN9_nlig3_nitrate_9ce4f4d1c0d5.xyz,2,standard,885335417,50,6,250,0,rejected_by_nearest_coreCN_qc,False,,data/processed/geometries_regenerated_fail_long_bond/rejected/Eu/Eu_Z63_ox3_CN9_nlig3_nitrate_9ce4f4d1c0d5_attempt02_standard_dup2.xyz,data/processed/geometries_regenerated_fail_long_bond/rejected/Eu/Eu_Z63_ox3_CN9_nlig3_nitrate_9ce4f4d1c0d5_attempt02_standard_dup2.mol2,-14489.294604030169,,FAIL_LONG_BOND,coreCN_max_dist>3.10,O305:2.056;O162:2.153;O167:2.251;O24:2.331;O19:2.471;O310:2.614;O164:2.810;O307:2.856;O21:3.200,3.1996,4.2021,1.0024,O305:2.056;O162:2.153;O167:2.251;O24:2.331;O19:2.471;O310:2.614;O164:2.810;O307:2.856;O21:3.200;N295:4.202;N152:4.237;N168:4.410;N25:4.505;N9:4.641;N311:4.653;O35:6.267;O38:6.388;N31:6.842;N182:7.215;O181:7.505;O178:7.600;N174:7.698;O33:8.064;N39:8.094;O319:9.409;O176:9.806;N317:10.178;O321:10.505;N325:10.793;O324:11.852
91,af7d4ce816f6,Eu,63,3,CCCCCCCCNC(=O)c1cnccn1,"[10, 13, 16]",3,9,3,nitrate,63|CCCCCCCCNC(=O)c1cnccn1|nitrate,/nfs/home/nshank3/lanthanide_dataset_builder/data/geometries/Eu/Eu_Z63_ox3_CN9_nlig3_nitrate_af7d4ce816f6.xyz,1,standard,938532620,40,5,250,0,rejected_by_nearest_coreCN_qc,False,,data/processed/geometries_regenerated_fail_long_bond/rejected/Eu/Eu_Z63_ox3_CN9_nlig3_nitrate_af7d4ce816f6_attempt01_standard.xyz,data/processed/geometries_regenerated_fail_long_bond/rejected/Eu/Eu_Z63_ox3_CN9_nlig3_nitrate_af7d4ce816f6_attempt01_standard.mol2,-4189.478876422077,,FAIL_LONG_BOND,coreCN_max_dist>3.10,O49:2.210;O87:2.211;O11:2.401;N17:2.702;N93:2.839;N90:2.999;N14:3.010;N55:3.130;N52:3.319,3.3185,4.2272,0.9087,O49:2.210;O87:2.211;O11:2.401;N17:2.702;N93:2.839;N90:2.999;N14:3.010;N55:3.130;N52:3.319;N85:4.227;N9:4.262;N47:4.278
91,af7d4ce816f6,Eu,63,3,CCCCCCCCNC(=O)c1cnccn1,"[10, 13, 16]",3,9,3,nitrate,63|CCCCCCCCNC(=O)c1cnccn1|nitrate,/nfs/home/nshank3/lanthanide_dataset_builder/data/geometries/Eu/Eu_Z63_ox3_CN9_nlig3_nitrate_af7d4ce816f6.xyz,2,standard,938540539,50,6,250,8,build_failed,False,,,,,no_structures_returned,BUILD_FAILED,no_structures_returned,,,,,
92,ba4db0bfd97a,Eu,63,3,CCCCCCCCN(CCCCCCCC)C(=O)COC(C(=O)N(CCCCCCCC)CCCCCCCC)c1ccccc1,"[18, 20, 23]",3,9,3,nitrate,63|CCCCCCCCN(CCCCCCCC)C(=O)COC(C(=O)N(CCCCCCCC)CCCCCCCC)c1ccccc1|nitrate,/nfs/home/nshank3/lanthanide_dataset_builder/data/geometries/Eu/Eu_Z63_ox3_CN9_nlig3_nitrate_ba4db0bfd97a.xyz,1,standard,574105956,40,5,250,0,accepted,True,,data/processed/geometries_regenerated_fail_long_bond/accepted/Eu/Eu_Z63_ox3_CN9_nlig3_nitrate_ba4db0bfd97a_attempt01_standard.xyz,data/processed/geometries_regenerated_fail_long_bond/accepted/Eu/Eu_Z63_ox3_CN9_nlig3_nitrate_ba4db0bfd97a_attempt01_standard.mol2,-11990.075032273202,,OK,nearest_coreCN_qc_ok,O142:2.402;O265:2.407;O24:2.497;O19:2.552;O21:2.562;O267:2.604;O147:2.654;O270:2.899;O144:2.932,2.9316,4.5744,1.6428,O142:2.402;O265:2.407;O24:2.497;O19:2.552;O21:2.562;O267:2.604;O147:2.654;O270:2.899;O144:2.932;N255:4.574;N25:4.613;N132:4.622;N9:4.712;N148:4.770;N271:4.988
93,cafe7bff72b2,Eu,63,3,CC(C)(C)c1ccc(NC(=O)c2cnccn2)cc1,"[10, 13, 16]",3,9,3,nitrate,63|CC(C)(C)c1ccc(NC(=O)c2cnccn2)cc1|nitrate,/nfs/home/nshank3/lanthanide_dataset_builder/data/geometries/Eu/Eu_Z63_ox3_CN9_nlig3_nitrate_cafe7bff72b2.xyz,1,standard,110891419,40,5,250,8,build_failed,False,,,,,no_structures_returned,BUILD_FAILED,no_structures_returned,,,,,
93,cafe7bff72b2,Eu,63,3,CC(C)(C)c1ccc(NC(=O)c2cnccn2)cc1,"[10, 13, 16]",3,9,3,nitrate,63|CC(C)(C)c1ccc(NC(=O)c2cnccn2)cc1|nitrate,/nfs/home/nshank3/lanthanide_dataset_builder/data/geometries/Eu/Eu_Z63_ox3_CN9_nlig3_nitrate_cafe7bff72b2.xyz,2,standard,110899338,50,6,250,8,build_failed,False,,,,,no_structures_returned,BUILD_FAILED,no_structures_returned,,,,,
95,ec68ed441941,Eu,63,3,CCCCCCCCCCCCNC(=O)c1cc(OC)ccn1,"[14, 18, 22]",3,9,3,nitrate,63|CCCCCCCCCCCCNC(=O)c1cc(OC)ccn1|nitrate,/nfs/home/nshank3/lanthanide_dataset_builder/data/geometries/Eu/Eu_Z63_ox3_CN9_nlig3_nitrate_ec68ed441941.xyz,1,standard,197001787,40,5,250,8,build_failed,False,,,,,no_structures_returned,BUILD_FAILED,no_structures_returned,,,,,
95,ec68ed441941,Eu,63,3,CCCCCCCCCCCCNC(=O)c1cc(OC)ccn1,"[14, 18, 22]",3,9,3,nitrate,63|CCCCCCCCCCCCNC(=O)c1cc(OC)ccn1|nitrate,/nfs/home/nshank3/lanthanide_dataset_builder/data/geometries/Eu/Eu_Z63_ox3_CN9_nlig3_nitrate_ec68ed441941.xyz,2,standard,197009706,50,6,250,8,build_failed,False,,,,,no_structures_returned,BUILD_FAILED,no_structures_returned,,,,,
97,f32387e7edd6,Eu,63,3,CCCCP(=S)(CCCC)COCP(=S)(CCCC)CCCC,"[5, 11, 14]",3,9,3,nitrate,63|CCCCP(=S)(CCCC)COCP(=S)(CCCC)CCCC|nitrate,/nfs/home/nshank3/lanthanide_dataset_builder/data/geometries/Eu/Eu_Z63_ox3_CN9_nlig3_nitrate_f32387e7edd6.xyz,1,standard,1355462724,40,5,250,0,rejected_by_nearest_coreCN_qc,False,,data/processed/geometries_regenerated_fail_long_bond/rejected/Eu/Eu_Z63_ox3_CN9_nlig3_nitrate_f32387e7edd6_attempt01_standard_dup2.xyz,data/processed/geometries_regenerated_fail_long_bond/rejected/Eu/Eu_Z63_ox3_CN9_nlig3_nitrate_f32387e7edd6_attempt01_standard_dup2.mol2,-6091.346592912486,,BORDERLINE_LONGISH,coreCN_max_dist>2.95,S132:2.801;S69:2.809;O75:2.818;O138:2.845;S141:2.861;S78:2.864;S15:2.960;S6:2.996;O12:3.097,3.0975,3.7687,0.6713,S132:2.801;S69:2.809;O75:2.818;O138:2.845;S141:2.861;S78:2.864;S15:2.960;S6:2.996;O12:3.097;P77:3.769;P140:3.776;P131:3.949;P68:3.985;P5:4.139;P14:4.146
97,f32387e7edd6,Eu,63,3,CCCCP(=S)(CCCC)COCP(=S)(CCCC)CCCC,"[5, 11, 14]",3,9,3,nitrate,63|CCCCP(=S)(CCCC)COCP(=S)(CCCC)CCCC|nitrate,/nfs/home/nshank3/lanthanide_dataset_builder/data/geometries/Eu/Eu_Z63_ox3_CN9_nlig3_nitrate_f32387e7edd6.xyz,2,standard,1355470643,50,6,250,0,rejected_by_nearest_coreCN_qc,False,,data/processed/geometries_regenerated_fail_long_bond/rejected/Eu/Eu_Z63_ox3_CN9_nlig3_nitrate_f32387e7edd6_attempt02_standard_dup2.xyz,data/processed/geometries_regenerated_fail_long_bond/rejected/Eu/Eu_Z63_ox3_CN9_nlig3_nitrate_f32387e7edd6_attempt02_standard_dup2.mol2,-6091.972818524337,,FAIL_LONG_BOND,coreCN_max_dist>3.10,O12:2.776;S69:2.779;S132:2.807;O138:2.837;S141:2.847;S6:2.907;S15:2.917;S78:2.981;O75:3.182,3.1817,3.7994,0.6177,O12:2.776;S69:2.779;S132:2.807;O138:2.837;S141:2.847;S6:2.907;S15:2.917;S78:2.981;O75:3.182;P14:3.799;P131:3.959;P5:3.983;P140:4.051;P68:4.082;P77:4.252
98,fb46283268e8,Eu,63,3,CCCCCCCCN(C)C(=O)C(CCOCCCCCC)C(=O)N(C)CCCCCCCC,"[11, 15, 23]",3,9,3,nitrate,63|CCCCCCCCN(C)C(=O)C(CCOCCCCCC)C(=O)N(C)CCCCCCCC|nitrate,/nfs/home/nshank3/lanthanide_dataset_builder/data/geometries/Eu/Eu_Z63_ox3_CN9_nlig3_nitrate_fb46283268e8.xyz,1,standard,336701665,40,5,250,0,rejected_by_nearest_coreCN_qc,False,,data/processed/geometries_regenerated_fail_long_bond/rejected/Eu/Eu_Z63_ox3_CN9_nlig3_nitrate_fb46283268e8_attempt01_standard_dup2.xyz,data/processed/geometries_regenerated_fail_long_bond/rejected/Eu/Eu_Z63_ox3_CN9_nlig3_nitrate_fb46283268e8_attempt01_standard_dup2.mol2,-8965.240003831555,,FAIL_LONG_BOND,coreCN_max_dist>3.10,O24:2.189;O12:2.426;O104:2.445;O108:2.461;O196:2.473;O208:2.560;O116:2.568;O200:3.361;O16:3.727,3.7273,4.3108,0.5836,O24:2.189;O12:2.426;O104:2.445;O108:2.461;O196:2.473;O208:2.560;O116:2.568;O200:3.361;O16:3.727;N25:4.311;N209:4.635;N9:4.654;N101:4.685;N193:4.689;N117:4.712
98,fb46283268e8,Eu,63,3,CCCCCCCCN(C)C(=O)C(CCOCCCCCC)C(=O)N(C)CCCCCCCC,"[11, 15, 23]",3,9,3,nitrate,63|CCCCCCCCN(C)C(=O)C(CCOCCCCCC)C(=O)N(C)CCCCCCCC|nitrate,/nfs/home/nshank3/lanthanide_dataset_builder/data/geometries/Eu/Eu_Z63_ox3_CN9_nlig3_nitrate_fb46283268e8.xyz,2,standard,336709584,50,6,250,0,rejected_by_nearest_coreCN_qc,False,,data/processed/geometries_regenerated_fail_long_bond/rejected/Eu/Eu_Z63_ox3_CN9_nlig3_nitrate_fb46283268e8_attempt02_standard_dup2.xyz,data/processed/geometries_regenerated_fail_long_bond/rejected/Eu/Eu_Z63_ox3_CN9_nlig3_nitrate_fb46283268e8_attempt02_standard_dup2.mol2,-8965.414059367866,,FAIL_LONG_BOND,coreCN_max_dist>3.10,O24:2.263;O196:2.311;O116:2.355;O104:2.415;O208:2.571;O16:2.777;O12:2.843;O108:2.955;O200:3.119,3.1187,4.474,1.3553,O24:2.263;O196:2.311;O116:2.355;O104:2.415;O208:2.571;O16:2.777;O12:2.843;O108:2.955;O200:3.119;N25:4.474;N193:4.520;N117:4.532;N101:4.558;N209:4.753;N9:4.956
99,1c021f009609,Eu,63,3,CCCCCCCCN(CC(=O)N(CCCCCCCC)CCCCCCCC)CC(=O)N(CCCCCCCC)CCCCCCCC,"[8, 11, 31]",3,9,3,water,63|CCCCCCCCN(CC(=O)N(CCCCCCCC)CCCCCCCC)CC(=O)N(CCCCCCCC)CCCCCCCC|water,/nfs/home/nshank3/lanthanide_dataset_builder/data/geometries/Eu/Eu_Z63_ox3_CN9_nlig3_water_1c021f009609.xyz,1,standard,1970699308,40,5,250,-6,build_failed,False,,,,,munmap_chunk(): invalid pointer,BUILD_FAILED,munmap_chunk(): invalid pointer,,,,,
99,1c021f009609,Eu,63,3,CCCCCCCCN(CC(=O)N(CCCCCCCC)CCCCCCCC)CC(=O)N(CCCCCCCC)CCCCCCCC,"[8, 11, 31]",3,9,3,water,63|CCCCCCCCN(CC(=O)N(CCCCCCCC)CCCCCCCC)CC(=O)N(CCCCCCCC)CCCCCCCC|water,/nfs/home/nshank3/lanthanide_dataset_builder/data/geometries/Eu/Eu_Z63_ox3_CN9_nlig3_water_1c021f009609.xyz,2,standard,1970707227,50,6,250,7,build_failed,False,,,,,Cannot assign lig CCCCCCCCN(CC(=O)N(CCCCCCCC)CCCCCCCC)CC(=O)N(CCCCCCCC)CCCCCCCC to any ligType!,BUILD_FAILED,Cannot assign lig CCCCCCCCN(CC(=O)N(CCCCCCCC)CCCCCCCC)CC(=O)N(CCCCCCCC)CCCCCCCC to any ligType!,,,,,
105,e53e8fa1150f,Eu,63,3,CCCCCCCCP(=O)(CCCCCCCC)Cc1cccc(CP(=O)(CCCCCCCC)CCCCCCCC)[n+]1[O-],"[9, 26, 44]",3,9,3,water,63|CCCCCCCCP(=O)(CCCCCCCC)Cc1cccc(CP(=O)(CCCCCCCC)CCCCCCCC)[n+]1[O-]|water,/nfs/home/nshank3/lanthanide_dataset_builder/data/geometries/Eu/Eu_Z63_ox3_CN9_nlig3_water_e53e8fa1150f.xyz,1,standard,108793303,40,5,250,0,accepted,True,,data/processed/geometries_regenerated_fail_long_bond/accepted/Eu/Eu_Z63_ox3_CN9_nlig3_water_e53e8fa1150f_attempt01_standard.xyz,data/processed/geometries_regenerated_fail_long_bond/accepted/Eu/Eu_Z63_ox3_CN9_nlig3_water_e53e8fa1150f_attempt01_standard.mol2,-11602.873609538266,,OK,nearest_coreCN_qc_ok,O165:2.348;O267:2.362;O10:2.397;O147:2.477;O285:2.495;O130:2.505;O250:2.535;O27:2.768;O45:2.801,2.8006,3.2811,0.4805,O165:2.348;O267:2.362;O10:2.397;O147:2.477;O285:2.495;O130:2.505;O250:2.535;O27:2.768;O45:2.801;N164:3.281;P249:3.542;P9:3.639;P146:3.684;N284:3.687;P266:3.707;P129:3.825;N44:3.848;P26:4.098
106,e9fcac340ff5,Eu,63,3,S=P(COCP(=S)(c1ccccc1)c1ccccc1)(c1ccccc1)c1ccccc1,"[0, 3, 6]",3,9,3,water,63|S=P(COCP(=S)(c1ccccc1)c1ccccc1)(c1ccccc1)c1ccccc1|water,/nfs/home/nshank3/lanthanide_dataset_builder/data/geometries/Eu/Eu_Z63_ox3_CN9_nlig3_water_e9fcac340ff5.xyz,1,standard,2146975429,40,5,250,0,rejected_by_nearest_coreCN_qc,False,,data/processed/geometries_regenerated_fail_long_bond/rejected/Eu/Eu_Z63_ox3_CN9_nlig3_water_e9fcac340ff5_attempt01_standard_dup2.xyz,data/processed/geometries_regenerated_fail_long_bond/rejected/Eu/Eu_Z63_ox3_CN9_nlig3_water_e9fcac340ff5_attempt01_standard_dup2.mol2,-6817.587533579545,,FAIL_LONG_BOND,coreCN_max_dist>3.10,O59:2.728;O4:2.757;S117:2.775;S111:2.797;S62:2.807;O114:2.836;S7:2.838;S1:3.035;S56:3.137,3.1366,3.6289,0.4923,O59:2.728;O4:2.757;S117:2.775;S111:2.797;S62:2.807;O114:2.836;S7:2.838;S1:3.035;S56:3.137;P116:3.629;P61:3.662;P6:3.807;P2:3.915;P112:3.940;P57:4.059
106,e9fcac340ff5,Eu,63,3,S=P(COCP(=S)(c1ccccc1)c1ccccc1)(c1ccccc1)c1ccccc1,"[0, 3, 6]",3,9,3,water,63|S=P(COCP(=S)(c1ccccc1)c1ccccc1)(c1ccccc1)c1ccccc1|water,/nfs/home/nshank3/lanthanide_dataset_builder/data/geometries/Eu/Eu_Z63_ox3_CN9_nlig3_water_e9fcac340ff5.xyz,2,standard,2146983348,50,6,250,0,rejected_by_nearest_coreCN_qc,False,,data/processed/geometries_regenerated_fail_long_bond/rejected/Eu/Eu_Z63_ox3_CN9_nlig3_water_e9fcac340ff5_attempt02_standard_dup2.xyz,data/processed/geometries_regenerated_fail_long_bond/rejected/Eu/Eu_Z63_ox3_CN9_nlig3_water_e9fcac340ff5_attempt02_standard_dup2.mol2,-6817.89506674503,,FAIL_LONG_BOND,coreCN_max_dist>3.10,O59:2.707;O4:2.715;S56:2.811;S7:2.835;S117:2.852;S111:2.862;S62:2.872;S1:3.013;O114:3.115,3.1152,3.794,0.6788,O59:2.707;O4:2.715;S56:2.811;S7:2.835;S117:2.852;S111:2.862;S62:2.872;S1:3.013;O114:3.115;P57:3.794;P6:3.822;P61:3.871;P116:3.945;P2:3.972;P112:4.076
107,ee1036964dae,Eu,63,3,CCCCP(=S)(CCCC)COCP(=S)(CCCC)CCCC,"[5, 11, 14]",3,9,3,water,63|CCCCP(=S)(CCCC)COCP(=S)(CCCC)CCCC|water,/nfs/home/nshank3/lanthanide_dataset_builder/data/geometries/Eu/Eu_Z63_ox3_CN9_nlig3_water_ee1036964dae.xyz,1,standard,1230146946,40,5,250,0,rejected_by_nearest_coreCN_qc,False,,data/processed/geometries_regenerated_fail_long_bond/rejected/Eu/Eu_Z63_ox3_CN9_nlig3_water_ee1036964dae_attempt01_standard_dup2.xyz,data/processed/geometries_regenerated_fail_long_bond/rejected/Eu/Eu_Z63_ox3_CN9_nlig3_water_ee1036964dae_attempt01_standard_dup2.mol2,-6090.721829068676,,FAIL_LONG_BOND,coreCN_max_dist>3.10,S78:2.791;O75:2.804;S15:2.807;S6:2.888;S141:2.930;O12:3.079;O138:3.088;S132:3.116;S69:3.609,3.6094,3.7834,0.174,S78:2.791;O75:2.804;S15:2.807;S6:2.888;S141:2.930;O12:3.079;O138:3.088;S132:3.116;S69:3.609;P77:3.783;P5:3.814;P14:3.865;P140:4.055;P131:4.378;P68:4.523
107,ee1036964dae,Eu,63,3,CCCCP(=S)(CCCC)COCP(=S)(CCCC)CCCC,"[5, 11, 14]",3,9,3,water,63|CCCCP(=S)(CCCC)COCP(=S)(CCCC)CCCC|water,/nfs/home/nshank3/lanthanide_dataset_builder/data/geometries/Eu/Eu_Z63_ox3_CN9_nlig3_water_ee1036964dae.xyz,2,standard,1230154865,50,6,250,0,rejected_by_nearest_coreCN_qc,False,,data/processed/geometries_regenerated_fail_long_bond/rejected/Eu/Eu_Z63_ox3_CN9_nlig3_water_ee1036964dae_attempt02_standard_dup2.xyz,data/processed/geometries_regenerated_fail_long_bond/rejected/Eu/Eu_Z63_ox3_CN9_nlig3_water_ee1036964dae_attempt02_standard_dup2.mol2,-6092.556172390273,,BORDERLINE_LONGISH,coreCN_max_dist>2.95,S69:2.760;S141:2.778;O12:2.842;S6:2.867;S15:2.874;O138:2.880;S78:2.900;S132:2.915;O75:2.969,2.9693,3.9208,0.9514,S69:2.760;S141:2.778;O12:2.842;S6:2.867;S15:2.874;O138:2.880;S78:2.900;S132:2.915;O75:2.969;P68:3.921;P140:3.936;P5:3.969;P14:3.981;P131:4.005;P77:4.114
111,0d10d9826758,Eu,63,3,CCCCCCCCN(C)C(=O)C(CCCCCC)C(=O)N(C)CCCCCCCC,"[11, 20]",2,9,4,nitrate,63|CCCCCCCCN(C)C(=O)C(CCCCCC)C(=O)N(C)CCCCCCCC|nitrate,/nfs/home/nshank3/lanthanide_dataset_builder/data/geometries/Eu/Eu_Z63_ox3_CN9_nlig4_nitrate_0d10d9826758.xyz,1,standard,1903224080,40,5,250,0,rejected_by_nearest_coreCN_qc,False,,data/processed/geometries_regenerated_fail_long_bond/rejected/Eu/Eu_Z63_ox3_CN9_nlig4_nitrate_0d10d9826758_attempt01_standard_dup2.xyz,data/processed/geometries_regenerated_fail_long_bond/rejected/Eu/Eu_Z63_ox3_CN9_nlig4_nitrate_0d10d9826758_attempt01_standard_dup2.mol2,-10962.968194062209,,FAIL_LONG_BOND,coreCN_max_dist>3.10,O97:2.143;O182:2.293;O341:2.376;O276:2.484;O106:2.653;O12:2.703;O267:2.759;O191:3.091;O21:3.617,3.6168,4.329,0.7122,O97:2.143;O182:2.293;O341:2.376;O276:2.484;O106:2.653;O12:2.703;O267:2.759;O191:3.091;O21:3.617;N94:4.329;N179:4.522;N277:4.662;N9:4.847;N107:4.863;N264:4.973;N192:5.279;N22:5.710
111,0d10d9826758,Eu,63,3,CCCCCCCCN(C)C(=O)C(CCCCCC)C(=O)N(C)CCCCCCCC,"[11, 20]",2,9,4,nitrate,63|CCCCCCCCN(C)C(=O)C(CCCCCC)C(=O)N(C)CCCCCCCC|nitrate,/nfs/home/nshank3/lanthanide_dataset_builder/data/geometries/Eu/Eu_Z63_ox3_CN9_nlig4_nitrate_0d10d9826758.xyz,2,standard,1903231999,50,6,250,0,accepted,True,,data/processed/geometries_regenerated_fail_long_bond/accepted/Eu/Eu_Z63_ox3_CN9_nlig4_nitrate_0d10d9826758_attempt02_standard.xyz,data/processed/geometries_regenerated_fail_long_bond/accepted/Eu/Eu_Z63_ox3_CN9_nlig4_nitrate_0d10d9826758_attempt02_standard.mol2,-10962.25745930324,,OK,nearest_coreCN_qc_ok,O191:2.297;O97:2.445;O267:2.502;O341:2.557;O182:2.570;O21:2.680;O106:2.747;O276:2.877;O12:2.903,2.9028,3.8418,0.939,O191:2.297;O97:2.445;O267:2.502;O341:2.557;O182:2.570;O21:2.680;O106:2.747;O276:2.877;O12:2.903;N192:3.842;N22:4.629;N264:4.673;N94:4.681;N179:4.753;N107:4.965;N277:4.981;N9:5.123
112,33c10b1775e6,Eu,63,3,CCCCCCCCN(CCCCCCCC)C(=O)c1ccc2ccccc2n1,"[18, 28]",2,9,4,nitrate,63|CCCCCCCCN(CCCCCCCC)C(=O)c1ccc2ccccc2n1|nitrate,/nfs/home/nshank3/lanthanide_dataset_builder/data/geometries/Eu/Eu_Z63_ox3_CN9_nlig4_nitrate_33c10b1775e6.xyz,1,standard,276999379,40,5,250,0,rejected_by_nearest_coreCN_qc,False,,data/processed/geometries_regenerated_fail_long_bond/rejected/Eu/Eu_Z63_ox3_CN9_nlig4_nitrate_33c10b1775e6_attempt01_standard_dup2.xyz,data/processed/geometries_regenerated_fail_long_bond/rejected/Eu/Eu_Z63_ox3_CN9_nlig4_nitrate_33c10b1775e6_attempt01_standard_dup2.mol2,-9504.333650823237,,BORDERLINE_LONGISH,coreCN_max_dist>2.95,O157:2.378;O277:2.381;O226:2.416;O19:2.536;N167:2.871;O88:2.910;N29:2.913;N98:2.989;N236:3.064,3.0641,4.5637,1.4996,O157:2.378;O277:2.381;O226:2.416;O19:2.536;N167:2.871;O88:2.910;N29:2.913;N98:2.989;N236:3.064;N147:4.564;N216:4.656;N9:4.735;N78:5.029
112,33c10b1775e6,Eu,63,3,CCCCCCCCN(CCCCCCCC)C(=O)c1ccc2ccccc2n1,"[18, 28]",2,9,4,nitrate,63|CCCCCCCCN(CCCCCCCC)C(=O)c1ccc2ccccc2n1|nitrate,/nfs/home/nshank3/lanthanide_dataset_builder/data/geometries/Eu/Eu_Z63_ox3_CN9_nlig4_nitrate_33c10b1775e6.xyz,2,standard,277007298,50,6,250,0,rejected_by_nearest_coreCN_qc,False,,data/processed/geometries_regenerated_fail_long_bond/rejected/Eu/Eu_Z63_ox3_CN9_nlig4_nitrate_33c10b1775e6_attempt02_standard_dup2.xyz,data/processed/geometries_regenerated_fail_long_bond/rejected/Eu/Eu_Z63_ox3_CN9_nlig4_nitrate_33c10b1775e6_attempt02_standard_dup2.mol2,-9504.534826007217,,FAIL_LONG_BOND,coreCN_max_dist>3.10,O19:2.261;O277:2.386;O88:2.398;O157:2.446;O226:2.687;N236:2.850;N167:2.897;N29:2.964;N98:3.277,3.2766,4.4298,1.1532,O19:2.261;O277:2.386;O88:2.398;O157:2.446;O226:2.687;N236:2.850;N167:2.897;N29:2.964;N98:3.277;N9:4.430;N78:4.627;N147:4.649;N216:4.893
113,8085bc618fe6,Eu,63,3,CCCCN(CCCC)C(=O)CCC(=O)N(CCCC)CCCC,"[10, 14]",2,9,4,nitrate,63|CCCCN(CCCC)C(=O)CCC(=O)N(CCCC)CCCC|nitrate,/nfs/home/nshank3/lanthanide_dataset_builder/data/geometries/Eu/Eu_Z63_ox3_CN9_nlig4_nitrate_8085bc618fe6.xyz,1,standard,2062743430,40,5,250,0,rejected_by_nearest_coreCN_qc,False,,data/processed/geometries_regenerated_fail_long_bond/rejected/Eu/Eu_Z63_ox3_CN9_nlig4_nitrate_8085bc618fe6_attempt01_standard.xyz,data/processed/geometries_regenerated_fail_long_bond/rejected/Eu/Eu_Z63_ox3_CN9_nlig4_nitrate_8085bc618fe6_attempt01_standard.mol2,-8552.61799092123,,FAIL_LONG_BOND,coreCN_max_dist>3.10,O75:2.247;O11:2.397;O203:2.484;O15:2.497;O139:2.500;O79:2.670;O257:2.837;O143:3.366;O207:3.731,3.731,4.3252,0.5941,O75:2.247;O11:2.397;O203:2.484;O15:2.497;O139:2.500;O79:2.670;O257:2.837;O143:3.366;O207:3.731;N69:4.325;N5:4.615;N197:4.663;N16:4.710;N133:4.736;N80:4.752;N144:5.632;N208:5.785
113,8085bc618fe6,Eu,63,3,CCCCN(CCCC)C(=O)CCC(=O)N(CCCC)CCCC,"[10, 14]",2,9,4,nitrate,63|CCCCN(CCCC)C(=O)CCC(=O)N(CCCC)CCCC|nitrate,/nfs/home/nshank3/lanthanide_dataset_builder/data/geometries/Eu/Eu_Z63_ox3_CN9_nlig4_nitrate_8085bc618fe6.xyz,2,standard,2062751349,50,6,250,0,rejected_by_nearest_coreCN_qc,False,,data/processed/geometries_regenerated_fail_long_bond/rejected/Eu/Eu_Z63_ox3_CN9_nlig4_nitrate_8085bc618fe6_attempt02_standard.xyz,data/processed/geometries_regenerated_fail_long_bond/rejected/Eu/Eu_Z63_ox3_CN9_nlig4_nitrate_8085bc618fe6_attempt02_standard.mol2,-8553.313491990568,,FAIL_LONG_BOND,coreCN_max_dist>3.10,O75:2.213;O143:2.319;O257:2.450;O79:2.524;O15:2.565;O207:2.647;O139:2.742;O203:2.937;O11:3.248,3.2475,4.2088,0.9613,O75:2.213;O143:2.319;O257:2.450;O79:2.524;O15:2.565;O207:2.647;O139:2.742;O203:2.937;O11:3.248;N144:4.209;N69:4.352;N80:4.691;N16:4.832;N208:4.869;N133:4.940;N197:5.159;N5:5.379
116,f877a1dc60e3,Eu,63,3,CCCCP(=S)(CCCC)CP(=S)(CCCC)CCCC,"[5, 12]",2,9,4,water,63|CCCCP(=S)(CCCC)CP(=S)(CCCC)CCCC|water,/nfs/home/nshank3/lanthanide_dataset_builder/data/geometries/Eu/Eu_Z63_ox3_CN9_nlig4_water_f877a1dc60e3.xyz,1,standard,1958781998,40,5,250,0,rejected_by_nearest_coreCN_qc,False,,data/processed/geometries_regenerated_fail_long_bond/rejected/Eu/Eu_Z63_ox3_CN9_nlig4_water_f877a1dc60e3_attempt01_standard_dup2.xyz,data/processed/geometries_regenerated_fail_long_bond/rejected/Eu/Eu_Z63_ox3_CN9_nlig4_water_f877a1dc60e3_attempt01_standard_dup2.mol2,-7476.253784845293,,FAIL_LONG_BOND,coreCN_max_dist>3.10,O237:2.606;S190:2.833;S72:2.884;S6:2.905;S124:2.923;S183:3.036;S65:3.090;S13:3.159;S131:3.350,3.3504,4.2221,0.8718,O237:2.606;S190:2.833;S72:2.884;S6:2.905;S124:2.923;S183:3.036;S65:3.090;S13:3.159;S131:3.350;P5:4.222;P189:4.334;P71:4.358;P182:4.438;P12:4.474;P123:4.537;P64:4.562;P130:4.881
116,f877a1dc60e3,Eu,63,3,CCCCP(=S)(CCCC)CP(=S)(CCCC)CCCC,"[5, 12]",2,9,4,water,63|CCCCP(=S)(CCCC)CP(=S)(CCCC)CCCC|water,/nfs/home/nshank3/lanthanide_dataset_builder/data/geometries/Eu/Eu_Z63_ox3_CN9_nlig4_water_f877a1dc60e3.xyz,2,standard,1958789917,50,6,250,0,rejected_by_nearest_coreCN_qc,False,,data/processed/geometries_regenerated_fail_long_bond/rejected/Eu/Eu_Z63_ox3_CN9_nlig4_water_f877a1dc60e3_attempt02_standard_dup2.xyz,data/processed/geometries_regenerated_fail_long_bond/rejected/Eu/Eu_Z63_ox3_CN9_nlig4_water_f877a1dc60e3_attempt02_standard_dup2.mol2,-7476.382855228834,,FAIL_LONG_BOND,coreCN_max_dist>3.10,O237:2.549;S131:2.918;S6:2.947;S190:2.947;S72:3.038;S65:3.131;S183:3.153;S124:3.270;S13:3.316,3.3156,4.2859,0.9702,O237:2.549;S131:2.918;S6:2.947;S190:2.947;S72:3.038;S65:3.131;S183:3.153;S124:3.270;S13:3.316;P130:4.286;P189:4.294;P5:4.362;P182:4.462;P64:4.508;P12:4.585;P123:4.664;P71:4.735
117,05a03a08886e,Gd,64,3,CCCCCCn1c(-c2ccccc2)c(-c2ccccc2)c2cc3ccc4cc5c(-c6ccccc6)c(-c6ccccc6)n(CCCCCC)c(=O)c5nc4c3nc2c1=O,"[6, 43, 51, 53, 56, 59]",6,9,1,nitrate,64|CCCCCCn1c(-c2ccccc2)c(-c2ccccc2)c2cc3ccc4cc5c(-c6ccccc6)c(-c6ccccc6)n(CCCCCC)c(=O)c5nc4c3nc2c1=O|nitrate,/nfs/home/nshank3/lanthanide_dataset_builder/data/geometries/Gd/Gd_Z64_ox3_CN9_nlig1_nitrate_05a03a08886e.xyz,1,standard,244835738,40,5,250,8,build_failed,False,,,,,no_structures_returned,BUILD_FAILED,no_structures_returned,,,,,
117,05a03a08886e,Gd,64,3,CCCCCCn1c(-c2ccccc2)c(-c2ccccc2)c2cc3ccc4cc5c(-c6ccccc6)c(-c6ccccc6)n(CCCCCC)c(=O)c5nc4c3nc2c1=O,"[6, 43, 51, 53, 56, 59]",6,9,1,nitrate,64|CCCCCCn1c(-c2ccccc2)c(-c2ccccc2)c2cc3ccc4cc5c(-c6ccccc6)c(-c6ccccc6)n(CCCCCC)c(=O)c5nc4c3nc2c1=O|nitrate,/nfs/home/nshank3/lanthanide_dataset_builder/data/geometries/Gd/Gd_Z64_ox3_CN9_nlig1_nitrate_05a03a08886e.xyz,2,standard,244843657,50,6,250,8,build_failed,False,,,,,no_structures_returned,BUILD_FAILED,no_structures_returned,,,,,
118,1516d237b7fa,Gd,64,3,CC12CCC(c3nnc(-c4cccc(-c5nnc6c(n5)C5(C)CCC6C5(C)C)n4)nc31)C2(C)C,"[6, 7, 15, 16, 19, 28, 29]",7,9,1,nitrate,64|CC12CCC(c3nnc(-c4cccc(-c5nnc6c(n5)C5(C)CCC6C5(C)C)n4)nc31)C2(C)C|nitrate,/nfs/home/nshank3/lanthanide_dataset_builder/data/geometries/Gd/Gd_Z64_ox3_CN9_nlig1_nitrate_1516d237b7fa.xyz,1,standard,1545897742,40,5,250,0,rejected_by_nearest_coreCN_qc,False,,data/processed/geometries_regenerated_fail_long_bond/rejected/Gd/Gd_Z64_ox3_CN9_nlig1_nitrate_1516d237b7fa_attempt01_standard_dup2.xyz,data/processed/geometries_regenerated_fail_long_bond/rejected/Gd/Gd_Z64_ox3_CN9_nlig1_nitrate_1516d237b7fa_attempt01_standard_dup2.mol2,-2978.4069799277627,,BORDERLINE_LONGISH,coreCN_max_dist>2.95,O69:2.040;O68:2.093;N16:2.277;N66:2.310;N29:2.387;N17:2.471;N8:2.471;N7:2.510;N30:3.090,3.0897,3.3224,0.2327,O69:2.040;O68:2.093;N16:2.277;N66:2.310;N29:2.387;N17:2.471;N8:2.471;N7:2.510;N30:3.090;O67:3.322;N20:3.766
118,1516d237b7fa,Gd,64,3,CC12CCC(c3nnc(-c4cccc(-c5nnc6c(n5)C5(C)CCC6C5(C)C)n4)nc31)C2(C)C,"[6, 7, 15, 16, 19, 28, 29]",7,9,1,nitrate,64|CC12CCC(c3nnc(-c4cccc(-c5nnc6c(n5)C5(C)CCC6C5(C)C)n4)nc31)C2(C)C|nitrate,/nfs/home/nshank3/lanthanide_dataset_builder/data/geometries/Gd/Gd_Z64_ox3_CN9_nlig1_nitrate_1516d237b7fa.xyz,2,standard,1545905661,50,6,250,0,rejected_by_nearest_coreCN_qc,False,,data/processed/geometries_regenerated_fail_long_bond/rejected/Gd/Gd_Z64_ox3_CN9_nlig1_nitrate_1516d237b7fa_attempt02_standard_dup2.xyz,data/processed/geometries_regenerated_fail_long_bond/rejected/Gd/Gd_Z64_ox3_CN9_nlig1_nitrate_1516d237b7fa_attempt02_standard_dup2.mol2,-2978.800909903517,,FAIL_LONG_BOND,coreCN_max_dist>3.10,O68:2.011;O69:2.079;N16:2.247;N66:2.250;N8:2.332;N7:2.347;N29:2.374;N17:3.062;O67:3.241,3.2407,3.3277,0.087,O68:2.011;O69:2.079;N16:2.247;N66:2.250;N8:2.332;N7:2.347;N29:2.374;N17:3.062;O67:3.241;N30:3.328;N20:4.412
119,797b56c554e7,Gd,64,3,O=C(O)CN(CCO)CCN(CC(=O)O)CC(=O)O,"[0, 2, 4, 7, 10, 13, 14, 17]",8,9,1,nitrate,64|O=C(O)CN(CCO)CCN(CC(=O)O)CC(=O)O|nitrate,/nfs/home/nshank3/lanthanide_dataset_builder/data/geometries/Gd/Gd_Z64_ox3_CN9_nlig1_nitrate_797b56c554e7.xyz,1,standard,1770139055,40,5,250,0,rejected_by_nearest_coreCN_qc,False,,data/processed/geometries_regenerated_fail_long_bond/rejected/Gd/Gd_Z64_ox3_CN9_nlig1_nitrate_797b56c554e7_attempt01_standard_dup2.xyz,data/processed/geometries_regenerated_fail_long_bond/rejected/Gd/Gd_Z64_ox3_CN9_nlig1_nitrate_797b56c554e7_attempt01_standard_dup2.mol2,-1898.547680168422,,FAIL_LONG_BOND,coreCN_max_dist>3.10,O14:2.092;O1:2.101;O18:2.173;O8:2.332;O38:2.419;N5:2.501;N11:2.842;O15:3.034;O3:3.764,3.7636,4.2921,0.5285,O14:2.092;O1:2.101;O18:2.173;O8:2.332;O38:2.419;N5:2.501;N11:2.842;O15:3.034;O3:3.764;O19:4.292
119,797b56c554e7,Gd,64,3,O=C(O)CN(CCO)CCN(CC(=O)O)CC(=O)O,"[0, 2, 4, 7, 10, 13, 14, 17]",8,9,1,nitrate,64|O=C(O)CN(CCO)CCN(CC(=O)O)CC(=O)O|nitrate,/nfs/home/nshank3/lanthanide_dataset_builder/data/geometries/Gd/Gd_Z64_ox3_CN9_nlig1_nitrate_797b56c554e7.xyz,2,standard,1770146974,50,6,250,0,rejected_by_nearest_coreCN_qc,False,,data/processed/geometries_regenerated_fail_long_bond/rejected/Gd/Gd_Z64_ox3_CN9_nlig1_nitrate_797b56c554e7_attempt02_standard_dup2.xyz,data/processed/geometries_regenerated_fail_long_bond/rejected/Gd/Gd_Z64_ox3_CN9_nlig1_nitrate_797b56c554e7_attempt02_standard_dup2.mol2,-1898.198546922931,,FAIL_LONG_BOND,coreCN_max_dist>3.10,O1:2.196;O14:2.220;O18:2.306;O8:2.430;N5:2.469;O38:2.525;N11:2.652;O3:4.222;O15:4.229,4.2287,4.4314,0.2027,O1:2.196;O14:2.220;O18:2.306;O8:2.430;N5:2.469;O38:2.525;N11:2.652;O3:4.222;O15:4.229;O19:4.431
120,8fc663eda6f3,Gd,64,3,CCCCCc1nnc(-c2cccc(-c3cccc(-c4nnc(CCCCC)c(CCCCC)n4)n3)n2)nc1CCCCC,"[6, 7, 20, 21, 34, 35, 36, 37]",8,9,1,nitrate,64|CCCCCc1nnc(-c2cccc(-c3cccc(-c4nnc(CCCCC)c(CCCCC)n4)n3)n2)nc1CCCCC|nitrate,/nfs/home/nshank3/lanthanide_dataset_builder/data/geometries/Gd/Gd_Z64_ox3_CN9_nlig1_nitrate_8fc663eda6f3.xyz,1,standard,173772402,40,5,250,0,rejected_by_nearest_coreCN_qc,False,,data/processed/geometries_regenerated_fail_long_bond/rejected/Gd/Gd_Z64_ox3_CN9_nlig1_nitrate_8fc663eda6f3_attempt01_standard_dup2.xyz,data/processed/geometries_regenerated_fail_long_bond/rejected/Gd/Gd_Z64_ox3_CN9_nlig1_nitrate_8fc663eda6f3_attempt01_standard_dup2.mol2,-3558.7638670937763,,FAIL_LONG_BOND,coreCN_max_dist>3.10,N8:2.185;N36:2.428;N21:2.527;O95:2.544;N37:2.558;N35:2.584;N22:2.704;N7:2.761;N38:4.089,4.0892,inf,inf,N8:2.185;N36:2.428;N21:2.527;O95:2.544;N37:2.558;N35:2.584;N22:2.704;N7:2.761;N38:4.089
120,8fc663eda6f3,Gd,64,3,CCCCCc1nnc(-c2cccc(-c3cccc(-c4nnc(CCCCC)c(CCCCC)n4)n3)n2)nc1CCCCC,"[6, 7, 20, 21, 34, 35, 36, 37]",8,9,1,nitrate,64|CCCCCc1nnc(-c2cccc(-c3cccc(-c4nnc(CCCCC)c(CCCCC)n4)n3)n2)nc1CCCCC|nitrate,/nfs/home/nshank3/lanthanide_dataset_builder/data/geometries/Gd/Gd_Z64_ox3_CN9_nlig1_nitrate_8fc663eda6f3.xyz,2,standard,173780321,50,6,250,8,build_failed,False,,,,,no_structures_returned,BUILD_FAILED,no_structures_returned,,,,,
121,95a1bbb26c49,Gd,64,3,CC1(C)CCC(C)(C)c2nc(-c3cccc(-c4cccc(-c5nnc6c(n5)C(C)(C)CCC6(C)C)n4)n3)nnc21,"[9, 22, 23, 26, 35, 36, 37, 38]",8,9,1,nitrate,64|CC1(C)CCC(C)(C)c2nc(-c3cccc(-c4cccc(-c5nnc6c(n5)C(C)(C)CCC6(C)C)n4)n3)nnc21|nitrate,/nfs/home/nshank3/lanthanide_dataset_builder/data/geometries/Gd/Gd_Z64_ox3_CN9_nlig1_nitrate_95a1bbb26c49.xyz,1,standard,1370961182,40,5,250,0,rejected_by_nearest_coreCN_qc,False,,data/processed/geometries_regenerated_fail_long_bond/rejected/Gd/Gd_Z64_ox3_CN9_nlig1_nitrate_95a1bbb26c49_attempt01_standard_dup2.xyz,data/processed/geometries_regenerated_fail_long_bond/rejected/Gd/Gd_Z64_ox3_CN9_nlig1_nitrate_95a1bbb26c49_attempt01_standard_dup2.mol2,-3159.5564605350846,,FAIL_LONG_BOND,coreCN_max_dist>3.10,N38:2.396;O79:2.479;N36:2.515;N37:2.651;N27:2.784;N39:3.118;N24:3.402;N23:3.405;N10:4.009,4.0086,inf,inf,N38:2.396;O79:2.479;N36:2.515;N37:2.651;N27:2.784;N39:3.118;N24:3.402;N23:3.405;N10:4.009
121,95a1bbb26c49,Gd,64,3,CC1(C)CCC(C)(C)c2nc(-c3cccc(-c4cccc(-c5nnc6c(n5)C(C)(C)CCC6(C)C)n4)n3)nnc21,"[9, 22, 23, 26, 35, 36, 37, 38]",8,9,1,nitrate,64|CC1(C)CCC(C)(C)c2nc(-c3cccc(-c4cccc(-c5nnc6c(n5)C(C)(C)CCC6(C)C)n4)n3)nnc21|nitrate,/nfs/home/nshank3/lanthanide_dataset_builder/data/geometries/Gd/Gd_Z64_ox3_CN9_nlig1_nitrate_95a1bbb26c49.xyz,2,standard,1370969101,50,6,250,0,rejected_by_nearest_coreCN_qc,False,,data/processed/geometries_regenerated_fail_long_bond/rejected/Gd/Gd_Z64_ox3_CN9_nlig1_nitrate_95a1bbb26c49_attempt02_standard_dup2.xyz,data/processed/geometries_regenerated_fail_long_bond/rejected/Gd/Gd_Z64_ox3_CN9_nlig1_nitrate_95a1bbb26c49_attempt02_standard_dup2.mol2,-3160.8406592383953,,FAIL_LONG_BOND,coreCN_max_dist>3.10,N23:2.246;N38:2.259;N39:2.328;N24:2.403;N36:2.486;N37:2.587;O79:2.689;N27:3.175;N10:3.995,3.995,inf,inf,N23:2.246;N38:2.259;N39:2.328;N24:2.403;N36:2.486;N37:2.587;O79:2.689;N27:3.175;N10:3.995
122,98f86a1f1a95,Gd,64,3,O=C(O)CN(CC(=O)O)C1CCCCC1N(CC(=O)O)CC(=O)O,"[0, 2, 4, 7, 8, 15, 18, 19]",8,9,1,nitrate,64|O=C(O)CN(CC(=O)O)C1CCCCC1N(CC(=O)O)CC(=O)O|nitrate,/nfs/home/nshank3/lanthanide_dataset_builder/data/geometries/Gd/Gd_Z64_ox3_CN9_nlig1_nitrate_98f86a1f1a95.xyz,1,standard,751201888,40,5,250,0,rejected_by_nearest_coreCN_qc,False,,data/processed/geometries_regenerated_fail_long_bond/rejected/Gd/Gd_Z64_ox3_CN9_nlig1_nitrate_98f86a1f1a95_attempt01_standard.xyz,data/processed/geometries_regenerated_fail_long_bond/rejected/Gd/Gd_Z64_ox3_CN9_nlig1_nitrate_98f86a1f1a95_attempt01_standard.mol2,-2296.7283264524713,,FAIL_LONG_BOND,coreCN_max_dist>3.10,O19:2.139;O1:2.145;O8:2.213;N16:2.402;O47:2.430;N5:2.521;O20:4.185;O3:4.200;O9:4.324,4.3239,5.1731,0.8491,O19:2.139;O1:2.145;O8:2.213;N16:2.402;O47:2.430;N5:2.521;O20:4.185;O3:4.200;O9:4.324;O23:5.173;O24:5.773
122,98f86a1f1a95,Gd,64,3,O=C(O)CN(CC(=O)O)C1CCCCC1N(CC(=O)O)CC(=O)O,"[0, 2, 4, 7, 8, 15, 18, 19]",8,9,1,nitrate,64|O=C(O)CN(CC(=O)O)C1CCCCC1N(CC(=O)O)CC(=O)O|nitrate,/nfs/home/nshank3/lanthanide_dataset_builder/data/geometries/Gd/Gd_Z64_ox3_CN9_nlig1_nitrate_98f86a1f1a95.xyz,2,standard,751209807,50,6,250,0,rejected_by_nearest_coreCN_qc,False,,data/processed/geometries_regenerated_fail_long_bond/rejected/Gd/Gd_Z64_ox3_CN9_nlig1_nitrate_98f86a1f1a95_attempt02_standard_dup2.xyz,data/processed/geometries_regenerated_fail_long_bond/rejected/Gd/Gd_Z64_ox3_CN9_nlig1_nitrate_98f86a1f1a95_attempt02_standard_dup2.mol2,-2298.285807697265,,FAIL_LONG_BOND,coreCN_max_dist>3.10,O1:2.067;O19:2.148;O8:2.199;O47:2.310;O24:2.408;N16:2.476;N5:2.737;O3:3.116;O23:3.431,3.4311,4.1627,0.7315,O1:2.067;O19:2.148;O8:2.199;O47:2.310;O24:2.408;N16:2.476;N5:2.737;O3:3.116;O23:3.431;O20:4.163;O9:4.269
123,fc5e058253f6,Gd,64,3,CCCc1nnc(-c2cccc(-c3nnc(CCC)c(CCC)n3)n2)nc1CCC,"[4, 5, 13, 14, 23, 24, 25]",7,9,1,nitrate,64|CCCc1nnc(-c2cccc(-c3nnc(CCC)c(CCC)n3)n2)nc1CCC|nitrate,/nfs/home/nshank3/lanthanide_dataset_builder/data/geometries/Gd/Gd_Z64_ox3_CN9_nlig1_nitrate_fc5e058253f6.xyz,1,standard,1028773225,40,5,250,0,accepted,True,,data/processed/geometries_regenerated_fail_long_bond/accepted/Gd/Gd_Z64_ox3_CN9_nlig1_nitrate_fc5e058253f6_attempt01_standard.xyz,data/processed/geometries_regenerated_fail_long_bond/accepted/Gd/Gd_Z64_ox3_CN9_nlig1_nitrate_fc5e058253f6_attempt01_standard.mol2,-2742.939660510395,,OK,nearest_coreCN_qc_ok,O65:2.025;O64:2.044;N6:2.183;N25:2.374;N62:2.415;N5:2.416;N15:2.432;N14:2.586;N24:2.730,2.7304,3.5759,0.8455,O65:2.025;O64:2.044;N6:2.183;N25:2.374;N62:2.415;N5:2.416;N15:2.432;N14:2.586;N24:2.730;O63:3.576;N26:3.872
124,2e531fb08047,Gd,64,3,CCCCCCn1c(-c2ccccc2)c(-c2ccccc2)c2cc3ccc4cc5c(-c6ccccc6)c(-c6ccccc6)n(CCCCCC)c(=O)c5nc4c3nc2c1=O,"[6, 43, 51, 53, 56, 59]",6,9,1,water,64|CCCCCCn1c(-c2ccccc2)c(-c2ccccc2)c2cc3ccc4cc5c(-c6ccccc6)c(-c6ccccc6)n(CCCCCC)c(=O)c5nc4c3nc2c1=O|water,/nfs/home/nshank3/lanthanide_dataset_builder/data/geometries/Gd/Gd_Z64_ox3_CN9_nlig1_water_2e531fb08047.xyz,1,standard,640004251,40,5,250,0,rejected_by_nearest_coreCN_qc,False,,data/processed/geometries_regenerated_fail_long_bond/rejected/Gd/Gd_Z64_ox3_CN9_nlig1_water_2e531fb08047_attempt01_standard_dup2.xyz,data/processed/geometries_regenerated_fail_long_bond/rejected/Gd/Gd_Z64_ox3_CN9_nlig1_water_2e531fb08047_attempt01_standard_dup2.mol2,-4795.211439584893,,FAIL_LONG_BOND,coreCN_max_dist>3.10,O52:2.294;O60:2.306;N57:2.424;N54:2.456;O117:2.494;O114:2.556;O111:2.566;N44:4.413;N7:4.464,4.4637,inf,inf,O52:2.294;O60:2.306;N57:2.424;N54:2.456;O117:2.494;O114:2.556;O111:2.566;N44:4.413;N7:4.464
124,2e531fb08047,Gd,64,3,CCCCCCn1c(-c2ccccc2)c(-c2ccccc2)c2cc3ccc4cc5c(-c6ccccc6)c(-c6ccccc6)n(CCCCCC)c(=O)c5nc4c3nc2c1=O,"[6, 43, 51, 53, 56, 59]",6,9,1,water,64|CCCCCCn1c(-c2ccccc2)c(-c2ccccc2)c2cc3ccc4cc5c(-c6ccccc6)c(-c6ccccc6)n(CCCCCC)c(=O)c5nc4c3nc2c1=O|water,/nfs/home/nshank3/lanthanide_dataset_builder/data/geometries/Gd/Gd_Z64_ox3_CN9_nlig1_water_2e531fb08047.xyz,2,standard,640012170,50,6,250,8,build_failed,False,,,,,no_structures_returned,BUILD_FAILED,no_structures_returned,,,,,
126,3df1d7358828,Gd,64,3,CCCCCCCCP(=O)(CCCCCCCC)Cc1cccc(CP(=O)(CCCCCCCC)CCCCCCCC)[n+]1[O-],"[9, 26, 44]",3,9,3,nitrate,64|CCCCCCCCP(=O)(CCCCCCCC)Cc1cccc(CP(=O)(CCCCCCCC)CCCCCCCC)[n+]1[O-]|nitrate,/nfs/home/nshank3/lanthanide_dataset_builder/data/geometries/Gd/Gd_Z64_ox3_CN9_nlig3_nitrate_3df1d7358828.xyz,1,standard,859397137,40,5,250,-6,build_failed,False,,,,,munmap_chunk(): invalid pointer,BUILD_FAILED,munmap_chunk(): invalid pointer,,,,,
126,3df1d7358828,Gd,64,3,CCCCCCCCP(=O)(CCCCCCCC)Cc1cccc(CP(=O)(CCCCCCCC)CCCCCCCC)[n+]1[O-],"[9, 26, 44]",3,9,3,nitrate,64|CCCCCCCCP(=O)(CCCCCCCC)Cc1cccc(CP(=O)(CCCCCCCC)CCCCCCCC)[n+]1[O-]|nitrate,/nfs/home/nshank3/lanthanide_dataset_builder/data/geometries/Gd/Gd_Z64_ox3_CN9_nlig3_nitrate_3df1d7358828.xyz,2,standard,859405056,50,6,250,0,rejected_by_nearest_coreCN_qc,False,,data/processed/geometries_regenerated_fail_long_bond/rejected/Gd/Gd_Z64_ox3_CN9_nlig3_nitrate_3df1d7358828_attempt02_standard_dup2.xyz,data/processed/geometries_regenerated_fail_long_bond/rejected/Gd/Gd_Z64_ox3_CN9_nlig3_nitrate_3df1d7358828_attempt02_standard_dup2.mol2,-11601.493388095118,,FAIL_LONG_BOND,coreCN_max_dist>3.10,O267:2.193;O45:2.357;O165:2.412;O147:2.443;O27:2.450;O285:2.510;O250:2.682;O130:2.702;O10:3.175,3.1749,3.3423,0.1674,O267:2.193;O45:2.357;O165:2.412;O147:2.443;O27:2.450;O285:2.510;O250:2.682;O130:2.702;O10:3.175;P266:3.342;N44:3.457;P26:3.545;N284:3.601;P146:3.612;N164:3.633;P249:3.760;P129:4.017;P9:4.376
129,ab223aba5c2d,Gd,64,3,CCCCCCCCN(C)C(=O)C(CCOCCCCCC)C(=O)N(C)CCCCCCCC,"[11, 15, 23]",3,9,3,nitrate,64|CCCCCCCCN(C)C(=O)C(CCOCCCCCC)C(=O)N(C)CCCCCCCC|nitrate,/nfs/home/nshank3/lanthanide_dataset_builder/data/geometries/Gd/Gd_Z64_ox3_CN9_nlig3_nitrate_ab223aba5c2d.xyz,1,standard,986854395,40,5,250,-6,build_failed,False,,,,,malloc(): invalid size (unsorted),BUILD_FAILED,malloc(): invalid size (unsorted),,,,,
129,ab223aba5c2d,Gd,64,3,CCCCCCCCN(C)C(=O)C(CCOCCCCCC)C(=O)N(C)CCCCCCCC,"[11, 15, 23]",3,9,3,nitrate,64|CCCCCCCCN(C)C(=O)C(CCOCCCCCC)C(=O)N(C)CCCCCCCC|nitrate,/nfs/home/nshank3/lanthanide_dataset_builder/data/geometries/Gd/Gd_Z64_ox3_CN9_nlig3_nitrate_ab223aba5c2d.xyz,2,standard,986862314,50,6,250,0,accepted,True,,data/processed/geometries_regenerated_fail_long_bond/accepted/Gd/Gd_Z64_ox3_CN9_nlig3_nitrate_ab223aba5c2d_attempt02_standard.xyz,data/processed/geometries_regenerated_fail_long_bond/accepted/Gd/Gd_Z64_ox3_CN9_nlig3_nitrate_ab223aba5c2d_attempt02_standard.mol2,-8966.364559691307,,OK,nearest_coreCN_qc_ok,O208:2.263;O24:2.360;O116:2.399;O104:2.530;O12:2.607;O196:2.607;O200:2.900;O108:2.910;O16:2.919,2.9188,4.4167,1.4979,O208:2.263;O24:2.360;O116:2.399;O104:2.530;O12:2.607;O196:2.607;O200:2.900;O108:2.910;O16:2.919;N209:4.417;N25:4.550;N101:4.595;N117:4.619;N9:4.757;N193:4.760
131,dc61383f4cc6,Gd,64,3,CCCCCCCCCCN(CCCCCCCCCC)C(=O)[C@H](C)O[C@H](CC)C(=O)N(CCCCCCCCCC)CCCCCCCCCC,"[22, 25, 30]",3,9,3,nitrate,64|CCCCCCCCCCN(CCCCCCCCCC)C(=O)[C@H](C)O[C@H](CC)C(=O)N(CCCCCCCCCC)CCCCCCCCCC|nitrate,/nfs/home/nshank3/lanthanide_dataset_builder/data/geometries/Gd/Gd_Z64_ox3_CN9_nlig3_nitrate_dc61383f4cc6.xyz,1,standard,61352412,40,5,250,0,rejected_by_nearest_coreCN_qc,False,tri_mer_bent,data/processed/geometries_regenerated_fail_long_bond/rejected/Gd/Gd_Z64_ox3_CN9_nlig3_nitrate_dc61383f4cc6_attempt01_standard_dup2.xyz,data/processed/geometries_regenerated_fail_long_bond/rejected/Gd/Gd_Z64_ox3_CN9_nlig3_nitrate_dc61383f4cc6_attempt01_standard_dup2.mol2,-13614.400557231977,,BORDERLINE_LONGISH,coreCN_max_dist>2.95,O315:2.210;O177:2.312;O323:2.314;O169:2.324;O23:2.389;O31:2.447;O26:2.498;O318:2.943;O172:2.963,2.9629,3.914,0.9511,O315:2.210;O177:2.312;O323:2.314;O169:2.324;O23:2.389;O31:2.447;O26:2.498;O318:2.943;O172:2.963;N157:3.914;N11:4.350;N303:4.401;N178:4.503;N324:4.568;N32:4.607
131,dc61383f4cc6,Gd,64,3,CCCCCCCCCCN(CCCCCCCCCC)C(=O)[C@H](C)O[C@H](CC)C(=O)N(CCCCCCCCCC)CCCCCCCCCC,"[22, 25, 30]",3,9,3,nitrate,64|CCCCCCCCCCN(CCCCCCCCCC)C(=O)[C@H](C)O[C@H](CC)C(=O)N(CCCCCCCCCC)CCCCCCCCCC|nitrate,/nfs/home/nshank3/lanthanide_dataset_builder/data/geometries/Gd/Gd_Z64_ox3_CN9_nlig3_nitrate_dc61383f4cc6.xyz,2,standard,61360331,50,6,250,-6,build_failed,False,tri_mer_bent,,,,double free or corruption (!prev),BUILD_FAILED,double free or corruption (!prev),,,,,
132,e9ec8b6cba4c,Gd,64,3,CCCCCCCCN(CCCCCCCC)C(=O)[C@H](CCC)O[C@H](CCC)C(=O)N(CCCCCCCC)CCCCCCCC,"[18, 23, 29]",3,9,3,nitrate,64|CCCCCCCCN(CCCCCCCC)C(=O)[C@H](CCC)O[C@H](CCC)C(=O)N(CCCCCCCC)CCCCCCCC|nitrate,/nfs/home/nshank3/lanthanide_dataset_builder/data/geometries/Gd/Gd_Z64_ox3_CN9_nlig3_nitrate_e9ec8b6cba4c.xyz,1,standard,1920631359,40,5,250,0,rejected_by_nearest_coreCN_qc,False,,data/processed/geometries_regenerated_fail_long_bond/rejected/Gd/Gd_Z64_ox3_CN9_nlig3_nitrate_e9ec8b6cba4c_attempt01_standard.xyz,data/processed/geometries_regenerated_fail_long_bond/rejected/Gd/Gd_Z64_ox3_CN9_nlig3_nitrate_e9ec8b6cba4c_attempt01_standard.mol2,-12322.007040615705,,FAIL_LONG_BOND,coreCN_max_dist>3.10,O19:2.124;O150:2.163;O161:2.415;O281:2.460;O24:2.659;O155:2.779;O292:3.179;O30:3.197;O286:3.317,3.3166,4.2121,0.8955,O19:2.124;O150:2.163;O161:2.415;O281:2.460;O24:2.659;O155:2.779;O292:3.179;O30:3.197;O286:3.317;N140:4.212;N9:4.347;N162:4.582;N271:4.700;N31:5.234;N293:5.410
132,e9ec8b6cba4c,Gd,64,3,CCCCCCCCN(CCCCCCCC)C(=O)[C@H](CCC)O[C@H](CCC)C(=O)N(CCCCCCCC)CCCCCCCC,"[18, 23, 29]",3,9,3,nitrate,64|CCCCCCCCN(CCCCCCCC)C(=O)[C@H](CCC)O[C@H](CCC)C(=O)N(CCCCCCCC)CCCCCCCC|nitrate,/nfs/home/nshank3/lanthanide_dataset_builder/data/geometries/Gd/Gd_Z64_ox3_CN9_nlig3_nitrate_e9ec8b6cba4c.xyz,2,standard,1920639278,50,6,250,0,rejected_by_nearest_coreCN_qc,False,,data/processed/geometries_regenerated_fail_long_bond/rejected/Gd/Gd_Z64_ox3_CN9_nlig3_nitrate_e9ec8b6cba4c_attempt02_standard_dup2.xyz,data/processed/geometries_regenerated_fail_long_bond/rejected/Gd/Gd_Z64_ox3_CN9_nlig3_nitrate_e9ec8b6cba4c_attempt02_standard_dup2.mol2,-12322.448171999333,,FAIL_LONG_BOND,coreCN_max_dist>3.10,O19:2.204;O281:2.342;O150:2.345;O30:2.376;O161:2.396;O292:2.508;O286:2.749;O24:2.907;O155:3.819,3.8189,4.4454,0.6266,O19:2.204;O281:2.342;O150:2.345;O30:2.376;O161:2.396;O292:2.508;O286:2.749;O24:2.907;O155:3.819;N9:4.445;N140:4.472;N271:4.544;N162:4.568;N31:4.582;N293:4.714
134,6594b7e2cb96,Gd,64,3,CCCCCCN(CCC(C)CCCC(C)C)C(=O)COCC(=O)N(CCCCCC)CCC(C)CCCC(C)C,"[18, 20, 23]",3,9,3,water,64|CCCCCCN(CCC(C)CCCC(C)C)C(=O)COCC(=O)N(CCCCCC)CCC(C)CCCC(C)C|water,/nfs/home/nshank3/lanthanide_dataset_builder/data/geometries/Gd/Gd_Z64_ox3_CN9_nlig3_water_6594b7e2cb96.xyz,1,standard,1447228197,40,5,250,0,rejected_by_nearest_coreCN_qc,False,,data/processed/geometries_regenerated_fail_long_bond/rejected/Gd/Gd_Z64_ox3_CN9_nlig3_water_6594b7e2cb96_attempt01_standard_dup2.xyz,data/processed/geometries_regenerated_fail_long_bond/rejected/Gd/Gd_Z64_ox3_CN9_nlig3_water_6594b7e2cb96_attempt01_standard_dup2.mol2,-10772.93811867159,,BORDERLINE_LONGISH,coreCN_max_dist>2.95,O132:2.157;O24:2.201;O245:2.293;O250:2.307;O134:2.517;O137:2.652;O21:2.703;O19:2.732;O247:2.963,2.9632,3.8917,0.9285,O132:2.157;O24:2.201;O245:2.293;O250:2.307;O134:2.517;O137:2.652;O21:2.703;O19:2.732;O247:2.963;N25:3.892;N120:4.171;N233:4.393;N251:4.515;N138:4.782;N7:4.935
134,6594b7e2cb96,Gd,64,3,CCCCCCN(CCC(C)CCCC(C)C)C(=O)COCC(=O)N(CCCCCC)CCC(C)CCCC(C)C,"[18, 20, 23]",3,9,3,water,64|CCCCCCN(CCC(C)CCCC(C)C)C(=O)COCC(=O)N(CCCCCC)CCC(C)CCCC(C)C|water,/nfs/home/nshank3/lanthanide_dataset_builder/data/geometries/Gd/Gd_Z64_ox3_CN9_nlig3_water_6594b7e2cb96.xyz,2,standard,1447236116,50,6,250,0,accepted,True,,data/processed/geometries_regenerated_fail_long_bond/accepted/Gd/Gd_Z64_ox3_CN9_nlig3_water_6594b7e2cb96_attempt02_standard.xyz,data/processed/geometries_regenerated_fail_long_bond/accepted/Gd/Gd_Z64_ox3_CN9_nlig3_water_6594b7e2cb96_attempt02_standard.mol2,-10775.352752902752,,OK,nearest_coreCN_qc_ok,O19:2.251;O24:2.266;O245:2.285;O137:2.409;O247:2.443;O250:2.444;O132:2.463;O21:2.629;O134:2.666,2.6655,4.3581,1.6926,O19:2.251;O24:2.266;O245:2.285;O137:2.409;O247:2.443;O250:2.444;O132:2.463;O21:2.629;O134:2.666;N233:4.358;N25:4.373;N7:4.411;N251:4.423;N138:4.548;N120:4.662
136,17f690b1fab1,Gd,64,3,CCCCN(CCCC)C(=O)CCC(=O)N(CCCC)CCCC,"[10, 14]",2,9,4,nitrate,64|CCCCN(CCCC)C(=O)CCC(=O)N(CCCC)CCCC|nitrate,/nfs/home/nshank3/lanthanide_dataset_builder/data/geometries/Gd/Gd_Z64_ox3_CN9_nlig4_nitrate_17f690b1fab1.xyz,1,standard,2035173963,40,5,250,0,rejected_by_nearest_coreCN_qc,False,,data/processed/geometries_regenerated_fail_long_bond/rejected/Gd/Gd_Z64_ox3_CN9_nlig4_nitrate_17f690b1fab1_attempt01_standard_dup2.xyz,data/processed/geometries_regenerated_fail_long_bond/rejected/Gd/Gd_Z64_ox3_CN9_nlig4_nitrate_17f690b1fab1_attempt01_standard_dup2.mol2,-8552.283727423493,,FAIL_LONG_BOND,coreCN_max_dist>3.10,O79:2.286;O11:2.328;O15:2.393;O139:2.426;O75:2.537;O143:2.548;O203:2.901;O207:3.157;O257:3.168,3.1681,4.3705,1.2024,O79:2.286;O11:2.328;O15:2.393;O139:2.426;O75:2.537;O143:2.548;O203:2.901;O207:3.157;O257:3.168;N80:4.371;N16:4.547;N5:4.551;N133:4.569;N69:4.753;N144:4.761;N208:5.056;N197:5.121
136,17f690b1fab1,Gd,64,3,CCCCN(CCCC)C(=O)CCC(=O)N(CCCC)CCCC,"[10, 14]",2,9,4,nitrate,64|CCCCN(CCCC)C(=O)CCC(=O)N(CCCC)CCCC|nitrate,/nfs/home/nshank3/lanthanide_dataset_builder/data/geometries/Gd/Gd_Z64_ox3_CN9_nlig4_nitrate_17f690b1fab1.xyz,2,standard,2035181882,50,6,250,0,rejected_by_nearest_coreCN_qc,False,,data/processed/geometries_regenerated_fail_long_bond/rejected/Gd/Gd_Z64_ox3_CN9_nlig4_nitrate_17f690b1fab1_attempt02_standard.xyz,data/processed/geometries_regenerated_fail_long_bond/rejected/Gd/Gd_Z64_ox3_CN9_nlig4_nitrate_17f690b1fab1_attempt02_standard.mol2,-8552.858637234567,,FAIL_LONG_BOND,coreCN_max_dist>3.10,O15:2.269;O79:2.312;O143:2.313;O139:2.320;O207:2.388;O11:2.481;O203:2.671;O257:2.754;O75:3.218,3.2175,4.3435,1.126,O15:2.269;O79:2.312;O143:2.313;O139:2.320;O207:2.388;O11:2.481;O203:2.671;O257:2.754;O75:3.218;N80:4.343;N5:4.401;N16:4.519;N144:4.533;N208:4.587;N133:4.593;N197:4.914;N69:5.438
139,250e4cef94d2,Ho,67,3,CCCCCc1nnc(-c2cccc(-c3cccc(-c4nnc(CCCCC)c(CCCCC)n4)n3)n2)nc1CCCCC,"[6, 7, 20, 21, 34, 35, 36, 37]",8,8,1,nitrate,67|CCCCCc1nnc(-c2cccc(-c3cccc(-c4nnc(CCCCC)c(CCCCC)n4)n3)n2)nc1CCCCC|nitrate,/nfs/home/nshank3/lanthanide_dataset_builder/data/geometries/Ho/Ho_Z67_ox3_CN8_nlig1_nitrate_250e4cef94d2.xyz,1,standard,785949605,40,5,250,0,rejected_by_nearest_coreCN_qc,False,,data/processed/geometries_regenerated_fail_long_bond/rejected/Ho/Ho_Z67_ox3_CN8_nlig1_nitrate_250e4cef94d2_attempt01_standard_dup2.xyz,data/processed/geometries_regenerated_fail_long_bond/rejected/Ho/Ho_Z67_ox3_CN8_nlig1_nitrate_250e4cef94d2_attempt01_standard_dup2.mol2,-3418.7633661118866,,FAIL_LONG_BOND,coreCN_max_dist>3.10,N21:2.186;N37:2.402;N22:2.478;N38:2.545;N36:2.679;N7:2.685;N8:2.708;N35:3.821,3.8211,inf,inf,N21:2.186;N37:2.402;N22:2.478;N38:2.545;N36:2.679;N7:2.685;N8:2.708;N35:3.821
139,250e4cef94d2,Ho,67,3,CCCCCc1nnc(-c2cccc(-c3cccc(-c4nnc(CCCCC)c(CCCCC)n4)n3)n2)nc1CCCCC,"[6, 7, 20, 21, 34, 35, 36, 37]",8,8,1,nitrate,67|CCCCCc1nnc(-c2cccc(-c3cccc(-c4nnc(CCCCC)c(CCCCC)n4)n3)n2)nc1CCCCC|nitrate,/nfs/home/nshank3/lanthanide_dataset_builder/data/geometries/Ho/Ho_Z67_ox3_CN8_nlig1_nitrate_250e4cef94d2.xyz,2,standard,785957524,50,6,250,0,rejected_by_nearest_coreCN_qc,False,,data/processed/geometries_regenerated_fail_long_bond/rejected/Ho/Ho_Z67_ox3_CN8_nlig1_nitrate_250e4cef94d2_attempt02_standard_dup2.xyz,data/processed/geometries_regenerated_fail_long_bond/rejected/Ho/Ho_Z67_ox3_CN8_nlig1_nitrate_250e4cef94d2_attempt02_standard_dup2.mol2,-3418.9863080025652,,FAIL_LONG_BOND,coreCN_max_dist>3.10,N21:2.130;N8:2.149;N7:2.407;N22:2.445;N37:2.518;N36:2.570;N38:3.372;N35:3.824,3.8241,inf,inf,N21:2.130;N8:2.149;N7:2.407;N22:2.445;N37:2.518;N36:2.570;N38:3.372;N35:3.824
140,41c879df857c,Ho,67,3,CC12CCC(c3nnc(-c4cccc(-c5nnc6c(n5)C5(C)CCC6C5(C)C)n4)nc31)C2(C)C,"[6, 7, 15, 16, 19, 28, 29]",7,8,1,nitrate,67|CC12CCC(c3nnc(-c4cccc(-c5nnc6c(n5)C5(C)CCC6C5(C)C)n4)nc31)C2(C)C|nitrate,/nfs/home/nshank3/lanthanide_dataset_builder/data/geometries/Ho/Ho_Z67_ox3_CN8_nlig1_nitrate_41c879df857c.xyz,1,standard,94099682,40,5,250,0,rejected_by_nearest_coreCN_qc,False,,data/processed/geometries_regenerated_fail_long_bond/rejected/Ho/Ho_Z67_ox3_CN8_nlig1_nitrate_41c879df857c_attempt01_standard_dup2.xyz,data/processed/geometries_regenerated_fail_long_bond/rejected/Ho/Ho_Z67_ox3_CN8_nlig1_nitrate_41c879df857c_attempt01_standard_dup2.mol2,-2688.888988491334,,FAIL_LONG_BOND,coreCN_max_dist>3.10,N16:2.291;N8:2.309;O66:2.459;N7:2.508;N29:2.555;N17:2.844;N30:3.836;N20:4.135,4.1349,inf,inf,N16:2.291;N8:2.309;O66:2.459;N7:2.508;N29:2.555;N17:2.844;N30:3.836;N20:4.135
140,41c879df857c,Ho,67,3,CC12CCC(c3nnc(-c4cccc(-c5nnc6c(n5)C5(C)CCC6C5(C)C)n4)nc31)C2(C)C,"[6, 7, 15, 16, 19, 28, 29]",7,8,1,nitrate,67|CC12CCC(c3nnc(-c4cccc(-c5nnc6c(n5)C5(C)CCC6C5(C)C)n4)nc31)C2(C)C|nitrate,/nfs/home/nshank3/lanthanide_dataset_builder/data/geometries/Ho/Ho_Z67_ox3_CN8_nlig1_nitrate_41c879df857c.xyz,2,standard,94107601,50,6,250,0,rejected_by_nearest_coreCN_qc,False,,data/processed/geometries_regenerated_fail_long_bond/rejected/Ho/Ho_Z67_ox3_CN8_nlig1_nitrate_41c879df857c_attempt02_standard_dup2.xyz,data/processed/geometries_regenerated_fail_long_bond/rejected/Ho/Ho_Z67_ox3_CN8_nlig1_nitrate_41c879df857c_attempt02_standard_dup2.mol2,-2689.0809059237376,,FAIL_LONG_BOND,coreCN_max_dist>3.10,N16:2.260;N7:2.303;N8:2.305;N29:2.365;N17:2.448;O66:2.485;N20:3.213;N30:3.472,3.4717,inf,inf,N16:2.260;N7:2.303;N8:2.305;N29:2.365;N17:2.448;O66:2.485;N20:3.213;N30:3.472
141,4cb46c21efa5,Ho,67,3,CC1(C)CCC(C)(C)c2nc(-c3cccc(-c4cccc(-c5nnc6c(n5)C(C)(C)CCC6(C)C)n4)n3)nnc21,"[9, 22, 23, 26, 35, 36, 37, 38]",8,8,1,nitrate,67|CC1(C)CCC(C)(C)c2nc(-c3cccc(-c4cccc(-c5nnc6c(n5)C(C)(C)CCC6(C)C)n4)n3)nnc21|nitrate,/nfs/home/nshank3/lanthanide_dataset_builder/data/geometries/Ho/Ho_Z67_ox3_CN8_nlig1_nitrate_4cb46c21efa5.xyz,1,standard,300212777,40,5,250,0,rejected_by_nearest_coreCN_qc,False,,data/processed/geometries_regenerated_fail_long_bond/rejected/Ho/Ho_Z67_ox3_CN8_nlig1_nitrate_4cb46c21efa5_attempt01_standard_dup2.xyz,data/processed/geometries_regenerated_fail_long_bond/rejected/Ho/Ho_Z67_ox3_CN8_nlig1_nitrate_4cb46c21efa5_attempt01_standard_dup2.mol2,-3020.3377088310745,,FAIL_LONG_BOND,coreCN_max_dist>3.10,N38:2.217;N23:2.331;N24:2.372;N36:2.484;N37:2.663;N39:3.010;N27:3.251;N10:4.375,4.3755,inf,inf,N38:2.217;N23:2.331;N24:2.372;N36:2.484;N37:2.663;N39:3.010;N27:3.251;N10:4.375
141,4cb46c21efa5,Ho,67,3,CC1(C)CCC(C)(C)c2nc(-c3cccc(-c4cccc(-c5nnc6c(n5)C(C)(C)CCC6(C)C)n4)n3)nnc21,"[9, 22, 23, 26, 35, 36, 37, 38]",8,8,1,nitrate,67|CC1(C)CCC(C)(C)c2nc(-c3cccc(-c4cccc(-c5nnc6c(n5)C(C)(C)CCC6(C)C)n4)n3)nnc21|nitrate,/nfs/home/nshank3/lanthanide_dataset_builder/data/geometries/Ho/Ho_Z67_ox3_CN8_nlig1_nitrate_4cb46c21efa5.xyz,2,standard,300220696,50,6,250,0,rejected_by_nearest_coreCN_qc,False,,data/processed/geometries_regenerated_fail_long_bond/rejected/Ho/Ho_Z67_ox3_CN8_nlig1_nitrate_4cb46c21efa5_attempt02_standard_dup2.xyz,data/processed/geometries_regenerated_fail_long_bond/rejected/Ho/Ho_Z67_ox3_CN8_nlig1_nitrate_4cb46c21efa5_attempt02_standard_dup2.mol2,-3019.570101168402,,FAIL_LONG_BOND,coreCN_max_dist>3.10,N38:2.172;N27:2.382;N36:2.475;N39:2.589;N37:2.631;N23:3.464;N10:3.637;N24:3.735,3.735,inf,inf,N38:2.172;N27:2.382;N36:2.475;N39:2.589;N37:2.631;N23:3.464;N10:3.637;N24:3.735
142,9b88ecdb5d6a,Ho,67,3,CCCCCCn1c(-c2ccccc2)c(-c2ccccc2)c2cc3ccc4cc5c(-c6ccccc6)c(-c6ccccc6)n(CCCCCC)c(=O)c5nc4c3nc2c1=O,"[6, 43, 51, 53, 56, 59]",6,8,1,nitrate,67|CCCCCCn1c(-c2ccccc2)c(-c2ccccc2)c2cc3ccc4cc5c(-c6ccccc6)c(-c6ccccc6)n(CCCCCC)c(=O)c5nc4c3nc2c1=O|nitrate,/nfs/home/nshank3/lanthanide_dataset_builder/data/geometries/Ho/Ho_Z67_ox3_CN8_nlig1_nitrate_9b88ecdb5d6a.xyz,1,standard,1730019111,40,5,250,0,rejected_by_nearest_coreCN_qc,False,,data/processed/geometries_regenerated_fail_long_bond/rejected/Ho/Ho_Z67_ox3_CN8_nlig1_nitrate_9b88ecdb5d6a_attempt01_standard_dup2.xyz,data/processed/geometries_regenerated_fail_long_bond/rejected/Ho/Ho_Z67_ox3_CN8_nlig1_nitrate_9b88ecdb5d6a_attempt01_standard_dup2.mol2,-4800.306018373122,,FAIL_LONG_BOND,coreCN_max_dist>3.10,O60:2.038;O52:2.057;O113:2.099;O114:2.307;N54:2.388;N57:2.412;N111:2.562;N7:3.288,3.2883,3.5238,0.2355,O60:2.038;O52:2.057;O113:2.099;O114:2.307;N54:2.388;N57:2.412;N111:2.562;N7:3.288;N44:3.524;O112:3.717
142,9b88ecdb5d6a,Ho,67,3,CCCCCCn1c(-c2ccccc2)c(-c2ccccc2)c2cc3ccc4cc5c(-c6ccccc6)c(-c6ccccc6)n(CCCCCC)c(=O)c5nc4c3nc2c1=O,"[6, 43, 51, 53, 56, 59]",6,8,1,nitrate,67|CCCCCCn1c(-c2ccccc2)c(-c2ccccc2)c2cc3ccc4cc5c(-c6ccccc6)c(-c6ccccc6)n(CCCCCC)c(=O)c5nc4c3nc2c1=O|nitrate,/nfs/home/nshank3/lanthanide_dataset_builder/data/geometries/Ho/Ho_Z67_ox3_CN8_nlig1_nitrate_9b88ecdb5d6a.xyz,2,standard,1730027030,50,6,250,0,rejected_by_nearest_coreCN_qc,False,,data/processed/geometries_regenerated_fail_long_bond/rejected/Ho/Ho_Z67_ox3_CN8_nlig1_nitrate_9b88ecdb5d6a_attempt02_standard.xyz,data/processed/geometries_regenerated_fail_long_bond/rejected/Ho/Ho_Z67_ox3_CN8_nlig1_nitrate_9b88ecdb5d6a_attempt02_standard.mol2,-4801.185770895444,,FAIL_LONG_BOND,coreCN_max_dist>3.10,O113:2.075;O114:2.132;O60:2.203;O52:2.336;N111:2.341;N57:2.368;N54:2.526;O112:3.368,3.368,4.2334,0.8654,O113:2.075;O114:2.132;O60:2.203;O52:2.336;N111:2.341;N57:2.368;N54:2.526;O112:3.368;N44:4.233;N7:4.309
143,a25c92c2c3c2,Ho,67,3,CCCc1nnc(-c2cccc(-c3nnc(CCC)c(CCC)n3)n2)nc1CCC,"[4, 5, 13, 14, 23, 24, 25]",7,8,1,nitrate,67|CCCc1nnc(-c2cccc(-c3nnc(CCC)c(CCC)n3)n2)nc1CCC|nitrate,/nfs/home/nshank3/lanthanide_dataset_builder/data/geometries/Ho/Ho_Z67_ox3_CN8_nlig1_nitrate_a25c92c2c3c2.xyz,1,standard,781311554,40,5,250,0,rejected_by_nearest_coreCN_qc,False,,data/processed/geometries_regenerated_fail_long_bond/rejected/Ho/Ho_Z67_ox3_CN8_nlig1_nitrate_a25c92c2c3c2_attempt01_standard_dup2.xyz,data/processed/geometries_regenerated_fail_long_bond/rejected/Ho/Ho_Z67_ox3_CN8_nlig1_nitrate_a25c92c2c3c2_attempt01_standard_dup2.mol2,-2452.1817031482924,,FAIL_LONG_BOND,coreCN_max_dist>3.10,N25:2.304;N24:2.391;O62:2.416;N14:2.432;N6:2.438;N5:2.500;N26:2.534;N15:3.413,3.4131,inf,inf,N25:2.304;N24:2.391;O62:2.416;N14:2.432;N6:2.438;N5:2.500;N26:2.534;N15:3.413
143,a25c92c2c3c2,Ho,67,3,CCCc1nnc(-c2cccc(-c3nnc(CCC)c(CCC)n3)n2)nc1CCC,"[4, 5, 13, 14, 23, 24, 25]",7,8,1,nitrate,67|CCCc1nnc(-c2cccc(-c3nnc(CCC)c(CCC)n3)n2)nc1CCC|nitrate,/nfs/home/nshank3/lanthanide_dataset_builder/data/geometries/Ho/Ho_Z67_ox3_CN8_nlig1_nitrate_a25c92c2c3c2.xyz,2,standard,781319473,50,6,250,0,rejected_by_nearest_coreCN_qc,False,,data/processed/geometries_regenerated_fail_long_bond/rejected/Ho/Ho_Z67_ox3_CN8_nlig1_nitrate_a25c92c2c3c2_attempt02_standard_dup2.xyz,data/processed/geometries_regenerated_fail_long_bond/rejected/Ho/Ho_Z67_ox3_CN8_nlig1_nitrate_a25c92c2c3c2_attempt02_standard_dup2.mol2,-2454.8803242217914,,FAIL_LONG_BOND,coreCN_max_dist>3.10,N14:2.229;N6:2.262;N5:2.321;N15:2.342;O62:2.581;N25:2.586;N24:3.924;N26:3.937,3.9371,inf,inf,N14:2.229;N6:2.262;N5:2.321;N15:2.342;O62:2.581;N25:2.586;N24:3.924;N26:3.937
145,62f0b304a15a,Ho,67,3,CCCCCCn1c(-c2ccccc2)c(-c2ccccc2)c2cc3ccc4cc5c(-c6ccccc6)c(-c6ccccc6)n(CCCCCC)c(=O)c5nc4c3nc2c1=O,"[6, 43, 51, 53, 56, 59]",6,8,1,water,67|CCCCCCn1c(-c2ccccc2)c(-c2ccccc2)c2cc3ccc4cc5c(-c6ccccc6)c(-c6ccccc6)n(CCCCCC)c(=O)c5nc4c3nc2c1=O|water,/nfs/home/nshank3/lanthanide_dataset_builder/data/geometries/Ho/Ho_Z67_ox3_CN8_nlig1_water_62f0b304a15a.xyz,1,standard,2031389973,40,5,250,0,rejected_by_nearest_coreCN_qc,False,,data/processed/geometries_regenerated_fail_long_bond/rejected/Ho/Ho_Z67_ox3_CN8_nlig1_water_62f0b304a15a_attempt01_standard_dup2.xyz,data/processed/geometries_regenerated_fail_long_bond/rejected/Ho/Ho_Z67_ox3_CN8_nlig1_water_62f0b304a15a_attempt01_standard_dup2.mol2,-4655.262708867554,,FAIL_LONG_BOND,coreCN_max_dist>3.10,O60:2.219;O52:2.249;N57:2.428;O114:2.476;N54:2.496;O111:2.581;N7:4.346;N44:4.413,4.4133,inf,inf,O60:2.219;O52:2.249;N57:2.428;O114:2.476;N54:2.496;O111:2.581;N7:4.346;N44:4.413
145,62f0b304a15a,Ho,67,3,CCCCCCn1c(-c2ccccc2)c(-c2ccccc2)c2cc3ccc4cc5c(-c6ccccc6)c(-c6ccccc6)n(CCCCCC)c(=O)c5nc4c3nc2c1=O,"[6, 43, 51, 53, 56, 59]",6,8,1,water,67|CCCCCCn1c(-c2ccccc2)c(-c2ccccc2)c2cc3ccc4cc5c(-c6ccccc6)c(-c6ccccc6)n(CCCCCC)c(=O)c5nc4c3nc2c1=O|water,/nfs/home/nshank3/lanthanide_dataset_builder/data/geometries/Ho/Ho_Z67_ox3_CN8_nlig1_water_62f0b304a15a.xyz,2,standard,2031397892,50,6,250,0,rejected_by_nearest_coreCN_qc,False,,data/processed/geometries_regenerated_fail_long_bond/rejected/Ho/Ho_Z67_ox3_CN8_nlig1_water_62f0b304a15a_attempt02_standard_dup2.xyz,data/processed/geometries_regenerated_fail_long_bond/rejected/Ho/Ho_Z67_ox3_CN8_nlig1_water_62f0b304a15a_attempt02_standard_dup2.mol2,-4648.671079189876,,FAIL_LONG_BOND,coreCN_max_dist>3.10,O52:2.125;O60:2.128;N7:2.383;O111:2.516;O114:2.541;N57:3.776;N44:3.879;N54:3.911,3.9115,inf,inf,O52:2.125;O60:2.128;N7:2.383;O111:2.516;O114:2.541;N57:3.776;N44:3.879;N54:3.911
146,59fa2fc349b4,Ho,67,3,CCCCCCOP(=O)(O)OCCCCCC,"[6, 8, 9, 10]",4,8,2,nitrate,67|CCCCCCOP(=O)(O)OCCCCCC|nitrate,/nfs/home/nshank3/lanthanide_dataset_builder/data/geometries/Ho/Ho_Z67_ox3_CN8_nlig2_nitrate_59fa2fc349b4.xyz,1,standard,559315103,40,5,250,124,failed_timeout,False,tetra_pyramidal,,,,exceeded 2400s,BUILD_FAILED,timeout,,,,,
146,59fa2fc349b4,Ho,67,3,CCCCCCOP(=O)(O)OCCCCCC,"[6, 8, 9, 10]",4,8,2,nitrate,67|CCCCCCOP(=O)(O)OCCCCCC|nitrate,/nfs/home/nshank3/lanthanide_dataset_builder/data/geometries/Ho/Ho_Z67_ox3_CN8_nlig2_nitrate_59fa2fc349b4.xyz,2,standard,559323022,50,6,250,124,failed_timeout,False,tetra_pyramidal,,,,exceeded 2400s,BUILD_FAILED,timeout,,,,,
148,20465e7ee3e2,La,57,3,CCCCCc1nnc(-c2cccc(-c3cccc(-c4nnc(CCCCC)c(CCCCC)n4)n3)n2)nc1CCCCC,"[6, 7, 20, 21, 34, 35, 36, 37]",8,9,1,nitrate,57|CCCCCc1nnc(-c2cccc(-c3cccc(-c4nnc(CCCCC)c(CCCCC)n4)n3)n2)nc1CCCCC|nitrate,/nfs/home/nshank3/lanthanide_dataset_builder/data/geometries/La/La_Z57_ox3_CN9_nlig1_nitrate_20465e7ee3e2.xyz,1,standard,755235230,40,5,250,0,rejected_by_nearest_coreCN_qc,False,,data/processed/geometries_regenerated_fail_long_bond/rejected/La/La_Z57_ox3_CN9_nlig1_nitrate_20465e7ee3e2_attempt01_standard.xyz,data/processed/geometries_regenerated_fail_long_bond/rejected/La/La_Z57_ox3_CN9_nlig1_nitrate_20465e7ee3e2_attempt01_standard.mol2,-3559.7389598190152,,FAIL_LONG_BOND,coreCN_max_dist>3.10,N21:2.548;O95:3.006;N38:3.125;N37:3.157;N22:3.227;N35:3.589;N36:3.662;N8:3.719;N7:3.867,3.8666,inf,inf,N21:2.548;O95:3.006;N38:3.125;N37:3.157;N22:3.227;N35:3.589;N36:3.662;N8:3.719;N7:3.867
148,20465e7ee3e2,La,57,3,CCCCCc1nnc(-c2cccc(-c3cccc(-c4nnc(CCCCC)c(CCCCC)n4)n3)n2)nc1CCCCC,"[6, 7, 20, 21, 34, 35, 36, 37]",8,9,1,nitrate,57|CCCCCc1nnc(-c2cccc(-c3cccc(-c4nnc(CCCCC)c(CCCCC)n4)n3)n2)nc1CCCCC|nitrate,/nfs/home/nshank3/lanthanide_dataset_builder/data/geometries/La/La_Z57_ox3_CN9_nlig1_nitrate_20465e7ee3e2.xyz,2,standard,755243149,50,6,250,0,rejected_by_nearest_coreCN_qc,False,,data/processed/geometries_regenerated_fail_long_bond/rejected/La/La_Z57_ox3_CN9_nlig1_nitrate_20465e7ee3e2_attempt02_standard_dup2.xyz,data/processed/geometries_regenerated_fail_long_bond/rejected/La/La_Z57_ox3_CN9_nlig1_nitrate_20465e7ee3e2_attempt02_standard_dup2.mol2,-3563.886944473075,,FAIL_LONG_BOND,coreCN_max_dist>3.10,N21:2.330;N8:2.396;O95:2.657;N37:2.662;N36:2.671;N22:3.029;N7:3.049;N38:4.449;N35:4.524,4.5235,inf,inf,N21:2.330;N8:2.396;O95:2.657;N37:2.662;N36:2.671;N22:3.029;N7:3.049;N38:4.449;N35:4.524
149,448f0760f6e6,La,57,3,O=C(O)CN(CC(=O)O)C1CCCCC1N(CC(=O)O)CC(=O)O,"[0, 2, 4, 7, 8, 15, 18, 19]",8,9,1,nitrate,57|O=C(O)CN(CC(=O)O)C1CCCCC1N(CC(=O)O)CC(=O)O|nitrate,/nfs/home/nshank3/lanthanide_dataset_builder/data/geometries/La/La_Z57_ox3_CN9_nlig1_nitrate_448f0760f6e6.xyz,1,standard,1548611671,40,5,250,0,rejected_by_nearest_coreCN_qc,False,,data/processed/geometries_regenerated_fail_long_bond/rejected/La/La_Z57_ox3_CN9_nlig1_nitrate_448f0760f6e6_attempt01_standard_dup2.xyz,data/processed/geometries_regenerated_fail_long_bond/rejected/La/La_Z57_ox3_CN9_nlig1_nitrate_448f0760f6e6_attempt01_standard_dup2.mol2,-2298.820413319122,,FAIL_LONG_BOND,coreCN_max_dist>3.10,O19:2.097;O8:2.128;O1:2.167;O47:2.383;N16:2.638;N5:2.770;O3:2.923;O20:3.268;O9:4.191,4.1911,5.3079,1.1168,O19:2.097;O8:2.128;O1:2.167;O47:2.383;N16:2.638;N5:2.770;O3:2.923;O20:3.268;O9:4.191;O23:5.308;O24:5.875
149,448f0760f6e6,La,57,3,O=C(O)CN(CC(=O)O)C1CCCCC1N(CC(=O)O)CC(=O)O,"[0, 2, 4, 7, 8, 15, 18, 19]",8,9,1,nitrate,57|O=C(O)CN(CC(=O)O)C1CCCCC1N(CC(=O)O)CC(=O)O|nitrate,/nfs/home/nshank3/lanthanide_dataset_builder/data/geometries/La/La_Z57_ox3_CN9_nlig1_nitrate_448f0760f6e6.xyz,2,standard,1548619590,50,6,250,0,rejected_by_nearest_coreCN_qc,False,,data/processed/geometries_regenerated_fail_long_bond/rejected/La/La_Z57_ox3_CN9_nlig1_nitrate_448f0760f6e6_attempt02_standard_dup2.xyz,data/processed/geometries_regenerated_fail_long_bond/rejected/La/La_Z57_ox3_CN9_nlig1_nitrate_448f0760f6e6_attempt02_standard_dup2.mol2,-2299.7214944531643,,FAIL_LONG_BOND,coreCN_max_dist>3.10,O1:2.122;O19:2.140;O8:2.152;O47:2.428;N16:2.475;N5:2.859;O3:3.338;O9:3.786;O20:4.213,4.2132,5.0686,0.8554,O1:2.122;O19:2.140;O8:2.152;O47:2.428;N16:2.475;N5:2.859;O3:3.338;O9:3.786;O20:4.213;O23:5.069;O24:5.453
150,86e8f93956e0,La,57,3,CC12CCC(c3nnc(-c4cccc(-c5nnc6c(n5)C5(C)CCC6C5(C)C)n4)nc31)C2(C)C,"[6, 7, 15, 16, 19, 28, 29]",7,9,1,nitrate,57|CC12CCC(c3nnc(-c4cccc(-c5nnc6c(n5)C5(C)CCC6C5(C)C)n4)nc31)C2(C)C|nitrate,/nfs/home/nshank3/lanthanide_dataset_builder/data/geometries/La/La_Z57_ox3_CN9_nlig1_nitrate_86e8f93956e0.xyz,1,standard,1330823816,40,5,250,0,rejected_by_nearest_coreCN_qc,False,,data/processed/geometries_regenerated_fail_long_bond/rejected/La/La_Z57_ox3_CN9_nlig1_nitrate_86e8f93956e0_attempt01_standard_dup2.xyz,data/processed/geometries_regenerated_fail_long_bond/rejected/La/La_Z57_ox3_CN9_nlig1_nitrate_86e8f93956e0_attempt01_standard_dup2.mol2,-2981.1433955297193,,FAIL_LONG_BOND,coreCN_max_dist>3.10,O68:2.107;O69:2.111;N29:2.339;N8:2.437;N16:2.472;N66:2.482;N7:3.243;N17:3.270;O67:3.642,3.6423,4.0669,0.4246,O68:2.107;O69:2.111;N29:2.339;N8:2.437;N16:2.472;N66:2.482;N7:3.243;N17:3.270;O67:3.642;N30:4.067;N20:4.156
150,86e8f93956e0,La,57,3,CC12CCC(c3nnc(-c4cccc(-c5nnc6c(n5)C5(C)CCC6C5(C)C)n4)nc31)C2(C)C,"[6, 7, 15, 16, 19, 28, 29]",7,9,1,nitrate,57|CC12CCC(c3nnc(-c4cccc(-c5nnc6c(n5)C5(C)CCC6C5(C)C)n4)nc31)C2(C)C|nitrate,/nfs/home/nshank3/lanthanide_dataset_builder/data/geometries/La/La_Z57_ox3_CN9_nlig1_nitrate_86e8f93956e0.xyz,2,standard,1330831735,50,6,250,0,rejected_by_nearest_coreCN_qc,False,,data/processed/geometries_regenerated_fail_long_bond/rejected/La/La_Z57_ox3_CN9_nlig1_nitrate_86e8f93956e0_attempt02_standard_dup2.xyz,data/processed/geometries_regenerated_fail_long_bond/rejected/La/La_Z57_ox3_CN9_nlig1_nitrate_86e8f93956e0_attempt02_standard_dup2.mol2,-2980.5786233983335,,FAIL_LONG_BOND,coreCN_max_dist>3.10,O68:2.113;O69:2.117;N16:2.312;N29:2.505;N66:2.521;N30:2.758;N17:2.850;N7:3.545;N8:3.661,3.6611,3.6881,0.027,O68:2.113;O69:2.117;N16:2.312;N29:2.505;N66:2.521;N30:2.758;N17:2.850;N7:3.545;N8:3.661;O67:3.688;N20:4.223
151,8895a6ee019b,La,57,3,CCCCCCn1c(-c2ccccc2)c(-c2ccccc2)c2cc3ccc4cc5c(-c6ccccc6)c(-c6ccccc6)n(CCCCCC)c(=O)c5nc4c3nc2c1=O,"[6, 43, 51, 53, 56, 59]",6,9,1,nitrate,57|CCCCCCn1c(-c2ccccc2)c(-c2ccccc2)c2cc3ccc4cc5c(-c6ccccc6)c(-c6ccccc6)n(CCCCCC)c(=O)c5nc4c3nc2c1=O|nitrate,/nfs/home/nshank3/lanthanide_dataset_builder/data/geometries/La/La_Z57_ox3_CN9_nlig1_nitrate_8895a6ee019b.xyz,1,standard,1441223575,40,5,250,0,rejected_by_nearest_coreCN_qc,False,,data/processed/geometries_regenerated_fail_long_bond/rejected/La/La_Z57_ox3_CN9_nlig1_nitrate_8895a6ee019b_attempt01_standard_dup2.xyz,data/processed/geometries_regenerated_fail_long_bond/rejected/La/La_Z57_ox3_CN9_nlig1_nitrate_8895a6ee019b_attempt01_standard_dup2.mol2,-4944.34684011103,,FAIL_LONG_BOND,coreCN_max_dist>3.10,O113:2.173;O114:2.207;O60:2.314;O52:2.350;N57:2.493;N54:2.533;N111:2.568;O115:2.905;O112:3.739,3.7391,4.1937,0.4545,O113:2.173;O114:2.207;O60:2.314;O52:2.350;N57:2.493;N54:2.533;N111:2.568;O115:2.905;O112:3.739;N7:4.194;N44:4.291
151,8895a6ee019b,La,57,3,CCCCCCn1c(-c2ccccc2)c(-c2ccccc2)c2cc3ccc4cc5c(-c6ccccc6)c(-c6ccccc6)n(CCCCCC)c(=O)c5nc4c3nc2c1=O,"[6, 43, 51, 53, 56, 59]",6,9,1,nitrate,57|CCCCCCn1c(-c2ccccc2)c(-c2ccccc2)c2cc3ccc4cc5c(-c6ccccc6)c(-c6ccccc6)n(CCCCCC)c(=O)c5nc4c3nc2c1=O|nitrate,/nfs/home/nshank3/lanthanide_dataset_builder/data/geometries/La/La_Z57_ox3_CN9_nlig1_nitrate_8895a6ee019b.xyz,2,standard,1441231494,50,6,250,0,rejected_by_nearest_coreCN_qc,False,,data/processed/geometries_regenerated_fail_long_bond/rejected/La/La_Z57_ox3_CN9_nlig1_nitrate_8895a6ee019b_attempt02_standard.xyz,data/processed/geometries_regenerated_fail_long_bond/rejected/La/La_Z57_ox3_CN9_nlig1_nitrate_8895a6ee019b_attempt02_standard.mol2,-4944.737022305389,,FAIL_LONG_BOND,coreCN_max_dist>3.10,O113:2.159;O114:2.189;O60:2.400;N111:2.424;N54:2.445;N57:2.472;O115:2.507;O52:2.534;O112:3.456,3.4562,4.5385,1.0823,O113:2.159;O114:2.189;O60:2.400;N111:2.424;N54:2.445;N57:2.472;O115:2.507;O52:2.534;O112:3.456;N7:4.539;N44:4.604
152,d4d6b8c18118,La,57,3,O=C(O)CN(CCO)CCN(CC(=O)O)CC(=O)O,"[0, 2, 4, 7, 10, 13, 14, 17]",8,9,1,nitrate,57|O=C(O)CN(CCO)CCN(CC(=O)O)CC(=O)O|nitrate,/nfs/home/nshank3/lanthanide_dataset_builder/data/geometries/La/La_Z57_ox3_CN9_nlig1_nitrate_d4d6b8c18118.xyz,1,standard,1903481520,40,5,250,0,rejected_by_nearest_coreCN_qc,False,,data/processed/geometries_regenerated_fail_long_bond/rejected/La/La_Z57_ox3_CN9_nlig1_nitrate_d4d6b8c18118_attempt01_standard_dup2.xyz,data/processed/geometries_regenerated_fail_long_bond/rejected/La/La_Z57_ox3_CN9_nlig1_nitrate_d4d6b8c18118_attempt01_standard_dup2.mol2,-1901.5008475628983,,FAIL_LONG_BOND,coreCN_max_dist>3.10,O14:2.196;O18:2.252;O1:2.263;O8:2.412;O38:2.425;N5:2.547;N11:2.853;O15:4.212;O3:4.272,4.2715,4.3964,0.1249,O14:2.196;O18:2.252;O1:2.263;O8:2.412;O38:2.425;N5:2.547;N11:2.853;O15:4.212;O3:4.272;O19:4.396
152,d4d6b8c18118,La,57,3,O=C(O)CN(CCO)CCN(CC(=O)O)CC(=O)O,"[0, 2, 4, 7, 10, 13, 14, 17]",8,9,1,nitrate,57|O=C(O)CN(CCO)CCN(CC(=O)O)CC(=O)O|nitrate,/nfs/home/nshank3/lanthanide_dataset_builder/data/geometries/La/La_Z57_ox3_CN9_nlig1_nitrate_d4d6b8c18118.xyz,2,standard,1903489439,50,6,250,0,rejected_by_nearest_coreCN_qc,False,,data/processed/geometries_regenerated_fail_long_bond/rejected/La/La_Z57_ox3_CN9_nlig1_nitrate_d4d6b8c18118_attempt02_standard_dup2.xyz,data/processed/geometries_regenerated_fail_long_bond/rejected/La/La_Z57_ox3_CN9_nlig1_nitrate_d4d6b8c18118_attempt02_standard_dup2.mol2,-1901.3902659070577,,FAIL_LONG_BOND,coreCN_max_dist>3.10,O14:2.176;O1:2.178;O18:2.279;O38:2.400;O8:2.423;N5:2.581;N11:2.767;O15:3.867;O3:4.087,4.0872,4.3845,0.2973,O14:2.176;O1:2.178;O18:2.279;O38:2.400;O8:2.423;N5:2.581;N11:2.767;O15:3.867;O3:4.087;O19:4.385
153,d7e8ec9f5e9d,La,57,3,CCCc1nnc(-c2cccc(-c3nnc(CCC)c(CCC)n3)n2)nc1CCC,"[4, 5, 13, 14, 23, 24, 25]",7,9,1,nitrate,57|CCCc1nnc(-c2cccc(-c3nnc(CCC)c(CCC)n3)n2)nc1CCC|nitrate,/nfs/home/nshank3/lanthanide_dataset_builder/data/geometries/La/La_Z57_ox3_CN9_nlig1_nitrate_d7e8ec9f5e9d.xyz,1,standard,2125630129,40,5,250,0,rejected_by_nearest_coreCN_qc,False,,data/processed/geometries_regenerated_fail_long_bond/rejected/La/La_Z57_ox3_CN9_nlig1_nitrate_d7e8ec9f5e9d_attempt01_standard_dup2.xyz,data/processed/geometries_regenerated_fail_long_bond/rejected/La/La_Z57_ox3_CN9_nlig1_nitrate_d7e8ec9f5e9d_attempt01_standard_dup2.mol2,-2747.9275592598865,,FAIL_LONG_BOND,coreCN_max_dist>3.10,O65:2.095;O64:2.144;N6:2.233;N14:2.283;N15:2.470;N5:2.491;N62:2.497;N25:2.507;O63:3.650,3.6498,3.8935,0.2436,O65:2.095;O64:2.144;N6:2.233;N14:2.283;N15:2.470;N5:2.491;N62:2.497;N25:2.507;O63:3.650;N24:3.893;N26:4.118
153,d7e8ec9f5e9d,La,57,3,CCCc1nnc(-c2cccc(-c3nnc(CCC)c(CCC)n3)n2)nc1CCC,"[4, 5, 13, 14, 23, 24, 25]",7,9,1,nitrate,57|CCCc1nnc(-c2cccc(-c3nnc(CCC)c(CCC)n3)n2)nc1CCC|nitrate,/nfs/home/nshank3/lanthanide_dataset_builder/data/geometries/La/La_Z57_ox3_CN9_nlig1_nitrate_d7e8ec9f5e9d.xyz,2,standard,2125638048,50,6,250,0,rejected_by_nearest_coreCN_qc,False,,data/processed/geometries_regenerated_fail_long_bond/rejected/La/La_Z57_ox3_CN9_nlig1_nitrate_d7e8ec9f5e9d_attempt02_standard_dup2.xyz,data/processed/geometries_regenerated_fail_long_bond/rejected/La/La_Z57_ox3_CN9_nlig1_nitrate_d7e8ec9f5e9d_attempt02_standard_dup2.mol2,-2745.654323624836,,FAIL_LONG_BOND,coreCN_max_dist>3.10,O65:2.091;O64:2.095;N6:2.341;N25:2.387;N24:2.456;N62:2.468;N5:3.172;O63:3.604;N14:4.054,4.0541,4.0978,0.0438,O65:2.091;O64:2.095;N6:2.341;N25:2.387;N24:2.456;N62:2.468;N5:3.172;O63:3.604;N14:4.054;N15:4.098;N26:4.205
154,fa1405552d8e,La,57,3,CC1(C)CCC(C)(C)c2nc(-c3cccc(-c4cccc(-c5nnc6c(n5)C(C)(C)CCC6(C)C)n4)n3)nnc21,"[9, 22, 23, 26, 35, 36, 37, 38]",8,9,1,nitrate,57|CC1(C)CCC(C)(C)c2nc(-c3cccc(-c4cccc(-c5nnc6c(n5)C(C)(C)CCC6(C)C)n4)n3)nnc21|nitrate,/nfs/home/nshank3/lanthanide_dataset_builder/data/geometries/La/La_Z57_ox3_CN9_nlig1_nitrate_fa1405552d8e.xyz,1,standard,418172306,40,5,250,0,rejected_by_nearest_coreCN_qc,False,,data/processed/geometries_regenerated_fail_long_bond/rejected/La/La_Z57_ox3_CN9_nlig1_nitrate_fa1405552d8e_attempt01_standard_dup2.xyz,data/processed/geometries_regenerated_fail_long_bond/rejected/La/La_Z57_ox3_CN9_nlig1_nitrate_fa1405552d8e_attempt01_standard_dup2.mol2,-3164.2679080370062,,FAIL_LONG_BOND,coreCN_max_dist>3.10,N38:2.203;N23:2.221;O79:2.499;N36:2.506;N37:2.559;N24:2.644;N39:2.908;N27:3.980;N10:4.202,4.2019,inf,inf,N38:2.203;N23:2.221;O79:2.499;N36:2.506;N37:2.559;N24:2.644;N39:2.908;N27:3.980;N10:4.202
154,fa1405552d8e,La,57,3,CC1(C)CCC(C)(C)c2nc(-c3cccc(-c4cccc(-c5nnc6c(n5)C(C)(C)CCC6(C)C)n4)n3)nnc21,"[9, 22, 23, 26, 35, 36, 37, 38]",8,9,1,nitrate,57|CC1(C)CCC(C)(C)c2nc(-c3cccc(-c4cccc(-c5nnc6c(n5)C(C)(C)CCC6(C)C)n4)n3)nnc21|nitrate,/nfs/home/nshank3/lanthanide_dataset_builder/data/geometries/La/La_Z57_ox3_CN9_nlig1_nitrate_fa1405552d8e.xyz,2,standard,418180225,50,6,250,0,rejected_by_nearest_coreCN_qc,False,,data/processed/geometries_regenerated_fail_long_bond/rejected/La/La_Z57_ox3_CN9_nlig1_nitrate_fa1405552d8e_attempt02_standard_dup2.xyz,data/processed/geometries_regenerated_fail_long_bond/rejected/La/La_Z57_ox3_CN9_nlig1_nitrate_fa1405552d8e_attempt02_standard_dup2.mol2,-3162.8271055062046,,FAIL_LONG_BOND,coreCN_max_dist>3.10,N38:2.225;N23:2.292;N36:2.454;N37:2.582;N39:2.590;O79:2.596;N24:2.954;N27:4.028;N10:4.386,4.3863,inf,inf,N38:2.225;N23:2.292;N36:2.454;N37:2.582;N39:2.590;O79:2.596;N24:2.954;N27:4.028;N10:4.386
155,65d6bea6dcfa,La,57,3,CCCCCCn1c(-c2ccccc2)c(-c2ccccc2)c2cc3ccc4cc5c(-c6ccccc6)c(-c6ccccc6)n(CCCCCC)c(=O)c5nc4c3nc2c1=O,"[6, 43, 51, 53, 56, 59]",6,9,1,water,57|CCCCCCn1c(-c2ccccc2)c(-c2ccccc2)c2cc3ccc4cc5c(-c6ccccc6)c(-c6ccccc6)n(CCCCCC)c(=O)c5nc4c3nc2c1=O|water,/nfs/home/nshank3/lanthanide_dataset_builder/data/geometries/La/La_Z57_ox3_CN9_nlig1_water_65d6bea6dcfa.xyz,1,standard,970659956,40,5,250,0,rejected_by_nearest_coreCN_qc,False,,data/processed/geometries_regenerated_fail_long_bond/rejected/La/La_Z57_ox3_CN9_nlig1_water_65d6bea6dcfa_attempt01_standard_dup2.xyz,data/processed/geometries_regenerated_fail_long_bond/rejected/La/La_Z57_ox3_CN9_nlig1_water_65d6bea6dcfa_attempt01_standard_dup2.mol2,-4798.019185144983,,FAIL_LONG_BOND,coreCN_max_dist>3.10,O52:2.203;O60:2.330;N54:2.542;N57:2.567;O117:2.785;O111:2.824;O114:2.838;N44:4.237;N7:4.443,4.4429,inf,inf,O52:2.203;O60:2.330;N54:2.542;N57:2.567;O117:2.785;O111:2.824;O114:2.838;N44:4.237;N7:4.443
155,65d6bea6dcfa,La,57,3,CCCCCCn1c(-c2ccccc2)c(-c2ccccc2)c2cc3ccc4cc5c(-c6ccccc6)c(-c6ccccc6)n(CCCCCC)c(=O)c5nc4c3nc2c1=O,"[6, 43, 51, 53, 56, 59]",6,9,1,water,57|CCCCCCn1c(-c2ccccc2)c(-c2ccccc2)c2cc3ccc4cc5c(-c6ccccc6)c(-c6ccccc6)n(CCCCCC)c(=O)c5nc4c3nc2c1=O|water,/nfs/home/nshank3/lanthanide_dataset_builder/data/geometries/La/La_Z57_ox3_CN9_nlig1_water_65d6bea6dcfa.xyz,2,standard,970667875,50,6,250,0,rejected_by_nearest_coreCN_qc,False,,data/processed/geometries_regenerated_fail_long_bond/rejected/La/La_Z57_ox3_CN9_nlig1_water_65d6bea6dcfa_attempt02_standard_dup2.xyz,data/processed/geometries_regenerated_fail_long_bond/rejected/La/La_Z57_ox3_CN9_nlig1_water_65d6bea6dcfa_attempt02_standard_dup2.mol2,-4794.094980736968,,FAIL_LONG_BOND,coreCN_max_dist>3.10,O52:2.210;O60:2.363;N54:2.460;O117:2.626;N57:2.649;O111:2.673;O114:2.693;N7:4.160;N44:4.360,4.3599,inf,inf,O52:2.210;O60:2.363;N54:2.460;O117:2.626;N57:2.649;O111:2.673;O114:2.693;N7:4.160;N44:4.360
157,30f5b0a8fc33,La,57,3,CCCCCCOCCC(C(=O)N(C)CCCC)C(=O)N(C)CCCC,"[6, 11, 19]",3,9,3,nitrate,57|CCCCCCOCCC(C(=O)N(C)CCCC)C(=O)N(C)CCCC|nitrate,/nfs/home/nshank3/lanthanide_dataset_builder/data/geometries/La/La_Z57_ox3_CN9_nlig3_nitrate_30f5b0a8fc33.xyz,1,standard,886796078,40,5,250,0,rejected_by_nearest_coreCN_qc,False,,data/processed/geometries_regenerated_fail_long_bond/rejected/La/La_Z57_ox3_CN9_nlig3_nitrate_30f5b0a8fc33_attempt01_standard_dup2.xyz,data/processed/geometries_regenerated_fail_long_bond/rejected/La/La_Z57_ox3_CN9_nlig3_nitrate_30f5b0a8fc33_attempt01_standard_dup2.mol2,-6902.468740070991,,FAIL_LONG_BOND,coreCN_max_dist>3.10,O20:2.418;O88:2.457;O156:2.540;O148:2.565;O143:2.850;O80:2.854;O7:2.998;O12:3.039;O75:3.114,3.1138,4.6315,1.5177,O20:2.418;O88:2.457;O156:2.540;O148:2.565;O143:2.850;O80:2.854;O7:2.998;O12:3.039;O75:3.114;N21:4.631;N89:4.689;N149:4.736;N157:4.736;N81:5.025;N13:5.185
157,30f5b0a8fc33,La,57,3,CCCCCCOCCC(C(=O)N(C)CCCC)C(=O)N(C)CCCC,"[6, 11, 19]",3,9,3,nitrate,57|CCCCCCOCCC(C(=O)N(C)CCCC)C(=O)N(C)CCCC|nitrate,/nfs/home/nshank3/lanthanide_dataset_builder/data/geometries/La/La_Z57_ox3_CN9_nlig3_nitrate_30f5b0a8fc33.xyz,2,standard,886803997,50,6,250,0,accepted,True,,data/processed/geometries_regenerated_fail_long_bond/accepted/La/La_Z57_ox3_CN9_nlig3_nitrate_30f5b0a8fc33_attempt02_standard.xyz,data/processed/geometries_regenerated_fail_long_bond/accepted/La/La_Z57_ox3_CN9_nlig3_nitrate_30f5b0a8fc33_attempt02_standard.mol2,-6902.03043695158,,OK,nearest_coreCN_qc_ok,O156:2.412;O20:2.436;O80:2.474;O148:2.691;O143:2.761;O7:2.768;O12:2.793;O88:2.839;O75:2.922,2.9216,4.6577,1.7362,O156:2.412;O20:2.436;O80:2.474;O148:2.691;O143:2.761;O7:2.768;O12:2.793;O88:2.839;O75:2.922;N157:4.658;N21:4.673;N81:4.673;N149:4.932;N13:4.995;N89:5.074
158,35604f886abb,La,57,3,CCCCCCCCCCN(CCCCCCCCCC)C(=O)[C@H](C)O[C@H](CC)C(=O)N(CCCCCCCCCC)CCCCCCCCCC,"[22, 25, 30]",3,9,3,nitrate,57|CCCCCCCCCCN(CCCCCCCCCC)C(=O)[C@H](C)O[C@H](CC)C(=O)N(CCCCCCCCCC)CCCCCCCCCC|nitrate,/nfs/home/nshank3/lanthanide_dataset_builder/data/geometries/La/La_Z57_ox3_CN9_nlig3_nitrate_35604f886abb.xyz,1,standard,1939395066,40,5,250,0,accepted,True,tri_mer_bent,data/processed/geometries_regenerated_fail_long_bond/accepted/La/La_Z57_ox3_CN9_nlig3_nitrate_35604f886abb_attempt01_standard.xyz,data/processed/geometries_regenerated_fail_long_bond/accepted/La/La_Z57_ox3_CN9_nlig3_nitrate_35604f886abb_attempt01_standard.mol2,-13618.99418399829,,OK,nearest_coreCN_qc_ok,O31:2.335;O323:2.383;O177:2.419;O23:2.421;O315:2.540;O172:2.547;O318:2.682;O26:2.770;O169:2.854,2.8541,4.2707,1.4167,O31:2.335;O323:2.383;O177:2.419;O23:2.421;O315:2.540;O172:2.547;O318:2.682;O26:2.770;O169:2.854;N11:4.271;N178:4.279;N32:4.519;N324:4.535;N303:4.687;N157:4.907
167,3ba30f5fe8be,Lu,71,3,CC12CCC(c3nnc(-c4cccc(-c5nnc6c(n5)C5(C)CCC6C5(C)C)n4)nc31)C2(C)C,"[6, 7, 15, 16, 19, 28, 29]",7,8,1,nitrate,71|CC12CCC(c3nnc(-c4cccc(-c5nnc6c(n5)C5(C)CCC6C5(C)C)n4)nc31)C2(C)C|nitrate,/nfs/home/nshank3/lanthanide_dataset_builder/data/geometries/Lu/Lu_Z71_ox3_CN8_nlig1_nitrate_3ba30f5fe8be.xyz,1,standard,928275148,40,5,250,0,rejected_by_nearest_coreCN_qc,False,,data/processed/geometries_regenerated_fail_long_bond/rejected/Lu/Lu_Z71_ox3_CN8_nlig1_nitrate_3ba30f5fe8be_attempt01_standard_dup2.xyz,data/processed/geometries_regenerated_fail_long_bond/rejected/Lu/Lu_Z71_ox3_CN8_nlig1_nitrate_3ba30f5fe8be_attempt01_standard_dup2.mol2,-2687.3614847977205,,FAIL_LONG_BOND,coreCN_max_dist>3.10,N16:2.113;N29:2.390;O66:2.430;N17:2.441;N30:2.499;N7:2.788;N8:3.013;N20:4.016,4.0159,inf,inf,N16:2.113;N29:2.390;O66:2.430;N17:2.441;N30:2.499;N7:2.788;N8:3.013;N20:4.016
167,3ba30f5fe8be,Lu,71,3,CC12CCC(c3nnc(-c4cccc(-c5nnc6c(n5)C5(C)CCC6C5(C)C)n4)nc31)C2(C)C,"[6, 7, 15, 16, 19, 28, 29]",7,8,1,nitrate,71|CC12CCC(c3nnc(-c4cccc(-c5nnc6c(n5)C5(C)CCC6C5(C)C)n4)nc31)C2(C)C|nitrate,/nfs/home/nshank3/lanthanide_dataset_builder/data/geometries/Lu/Lu_Z71_ox3_CN8_nlig1_nitrate_3ba30f5fe8be.xyz,2,standard,928283067,50,6,250,0,rejected_by_nearest_coreCN_qc,False,,data/processed/geometries_regenerated_fail_long_bond/rejected/Lu/Lu_Z71_ox3_CN8_nlig1_nitrate_3ba30f5fe8be_attempt02_standard_dup2.xyz,data/processed/geometries_regenerated_fail_long_bond/rejected/Lu/Lu_Z71_ox3_CN8_nlig1_nitrate_3ba30f5fe8be_attempt02_standard_dup2.mol2,-2688.0558488316187,,FAIL_LONG_BOND,coreCN_max_dist>3.10,N8:2.171;N16:2.173;N7:2.332;N29:2.373;O66:2.486;N17:3.072;N30:3.562;N20:4.305,4.3051,inf,inf,N8:2.171;N16:2.173;N7:2.332;N29:2.373;O66:2.486;N17:3.072;N30:3.562;N20:4.305
168,adecfa6ff040,Lu,71,3,CC1(C)CCC(C)(C)c2nc(-c3cccc(-c4cccc(-c5nnc6c(n5)C(C)(C)CCC6(C)C)n4)n3)nnc21,"[9, 22, 23, 26, 35, 36, 37, 38]",8,8,1,nitrate,71|CC1(C)CCC(C)(C)c2nc(-c3cccc(-c4cccc(-c5nnc6c(n5)C(C)(C)CCC6(C)C)n4)n3)nnc21|nitrate,/nfs/home/nshank3/lanthanide_dataset_builder/data/geometries/Lu/Lu_Z71_ox3_CN8_nlig1_nitrate_adecfa6ff040.xyz,1,standard,589555905,40,5,250,0,rejected_by_nearest_coreCN_qc,False,,data/processed/geometries_regenerated_fail_long_bond/rejected/Lu/Lu_Z71_ox3_CN8_nlig1_nitrate_adecfa6ff040_attempt01_standard_dup2.xyz,data/processed/geometries_regenerated_fail_long_bond/rejected/Lu/Lu_Z71_ox3_CN8_nlig1_nitrate_adecfa6ff040_attempt01_standard_dup2.mol2,-3019.0070717095887,,FAIL_LONG_BOND,coreCN_max_dist>3.10,N23:2.090;N38:2.198;N39:2.294;N37:2.438;N36:2.629;N24:2.744;N10:3.057;N27:4.183,4.1834,inf,inf,N23:2.090;N38:2.198;N39:2.294;N37:2.438;N36:2.629;N24:2.744;N10:3.057;N27:4.183
168,adecfa6ff040,Lu,71,3,CC1(C)CCC(C)(C)c2nc(-c3cccc(-c4cccc(-c5nnc6c(n5)C(C)(C)CCC6(C)C)n4)n3)nnc21,"[9, 22, 23, 26, 35, 36, 37, 38]",8,8,1,nitrate,71|CC1(C)CCC(C)(C)c2nc(-c3cccc(-c4cccc(-c5nnc6c(n5)C(C)(C)CCC6(C)C)n4)n3)nnc21|nitrate,/nfs/home/nshank3/lanthanide_dataset_builder/data/geometries/Lu/Lu_Z71_ox3_CN8_nlig1_nitrate_adecfa6ff040.xyz,2,standard,589563824,50,6,250,0,rejected_by_nearest_coreCN_qc,False,,data/processed/geometries_regenerated_fail_long_bond/rejected/Lu/Lu_Z71_ox3_CN8_nlig1_nitrate_adecfa6ff040_attempt02_standard_dup2.xyz,data/processed/geometries_regenerated_fail_long_bond/rejected/Lu/Lu_Z71_ox3_CN8_nlig1_nitrate_adecfa6ff040_attempt02_standard_dup2.mol2,-3013.6358739286447,,FAIL_LONG_BOND,coreCN_max_dist>3.10,N36:2.101;N10:2.131;N23:2.167;N37:2.373;N24:2.412;N38:3.092;N39:3.531;N27:3.542,3.5417,inf,inf,N36:2.101;N10:2.131;N23:2.167;N37:2.373;N24:2.412;N38:3.092;N39:3.531;N27:3.542
170,cc05c1c73d3e,Lu,71,3,CCCCCCn1c(-c2ccccc2)c(-c2ccccc2)c2cc3ccc4cc5c(-c6ccccc6)c(-c6ccccc6)n(CCCCCC)c(=O)c5nc4c3nc2c1=O,"[6, 43, 51, 53, 56, 59]",6,8,1,nitrate,71|CCCCCCn1c(-c2ccccc2)c(-c2ccccc2)c2cc3ccc4cc5c(-c6ccccc6)c(-c6ccccc6)n(CCCCCC)c(=O)c5nc4c3nc2c1=O|nitrate,/nfs/home/nshank3/lanthanide_dataset_builder/data/geometries/Lu/Lu_Z71_ox3_CN8_nlig1_nitrate_cc05c1c73d3e.xyz,1,standard,1457693546,40,5,250,0,rejected_by_nearest_coreCN_qc,False,,data/processed/geometries_regenerated_fail_long_bond/rejected/Lu/Lu_Z71_ox3_CN8_nlig1_nitrate_cc05c1c73d3e_attempt01_standard_dup2.xyz,data/processed/geometries_regenerated_fail_long_bond/rejected/Lu/Lu_Z71_ox3_CN8_nlig1_nitrate_cc05c1c73d3e_attempt01_standard_dup2.mol2,-4795.785758847384,,FAIL_LONG_BOND,coreCN_max_dist>3.10,O114:2.005;O113:2.047;O60:2.135;O52:2.169;N57:2.365;N111:2.376;N54:2.379;O112:3.532,3.5325,3.9891,0.4566,O114:2.005;O113:2.047;O60:2.135;O52:2.169;N57:2.365;N111:2.376;N54:2.379;O112:3.532;N7:3.989;N44:4.226
170,cc05c1c73d3e,Lu,71,3,CCCCCCn1c(-c2ccccc2)c(-c2ccccc2)c2cc3ccc4cc5c(-c6ccccc6)c(-c6ccccc6)n(CCCCCC)c(=O)c5nc4c3nc2c1=O,"[6, 43, 51, 53, 56, 59]",6,8,1,nitrate,71|CCCCCCn1c(-c2ccccc2)c(-c2ccccc2)c2cc3ccc4cc5c(-c6ccccc6)c(-c6ccccc6)n(CCCCCC)c(=O)c5nc4c3nc2c1=O|nitrate,/nfs/home/nshank3/lanthanide_dataset_builder/data/geometries/Lu/Lu_Z71_ox3_CN8_nlig1_nitrate_cc05c1c73d3e.xyz,2,standard,1457701465,50,6,250,0,rejected_by_nearest_coreCN_qc,False,,data/processed/geometries_regenerated_fail_long_bond/rejected/Lu/Lu_Z71_ox3_CN8_nlig1_nitrate_cc05c1c73d3e_attempt02_standard_dup2.xyz,data/processed/geometries_regenerated_fail_long_bond/rejected/Lu/Lu_Z71_ox3_CN8_nlig1_nitrate_cc05c1c73d3e_attempt02_standard_dup2.mol2,-4801.271626857365,,FAIL_LONG_BOND,coreCN_max_dist>3.10,O114:2.089;O113:2.111;O60:2.147;O52:2.152;N57:2.291;N111:2.330;N54:2.384;O112:3.378,3.3783,3.8093,0.431,O114:2.089;O113:2.111;O60:2.147;O52:2.152;N57:2.291;N111:2.330;N54:2.384;O112:3.378;N7:3.809;N44:4.144
171,ff2323ff5a7c,Lu,71,3,CCCCCc1nnc(-c2cccc(-c3cccc(-c4nnc(CCCCC)c(CCCCC)n4)n3)n2)nc1CCCCC,"[6, 7, 20, 21, 34, 35, 36, 37]",8,8,1,nitrate,71|CCCCCc1nnc(-c2cccc(-c3cccc(-c4nnc(CCCCC)c(CCCCC)n4)n3)n2)nc1CCCCC|nitrate,/nfs/home/nshank3/lanthanide_dataset_builder/data/geometries/Lu/Lu_Z71_ox3_CN8_nlig1_nitrate_ff2323ff5a7c.xyz,1,standard,2033340998,40,5,250,0,rejected_by_nearest_coreCN_qc,False,,data/processed/geometries_regenerated_fail_long_bond/rejected/Lu/Lu_Z71_ox3_CN8_nlig1_nitrate_ff2323ff5a7c_attempt01_standard_dup2.xyz,data/processed/geometries_regenerated_fail_long_bond/rejected/Lu/Lu_Z71_ox3_CN8_nlig1_nitrate_ff2323ff5a7c_attempt01_standard_dup2.mol2,-3416.2799816019074,,FAIL_LONG_BOND,coreCN_max_dist>3.10,N8:2.918;N21:2.996;N37:3.025;N36:3.075;N22:3.412;N7:3.464;N35:4.403;N38:4.701,4.7007,inf,inf,N8:2.918;N21:2.996;N37:3.025;N36:3.075;N22:3.412;N7:3.464;N35:4.403;N38:4.701
171,ff2323ff5a7c,Lu,71,3,CCCCCc1nnc(-c2cccc(-c3cccc(-c4nnc(CCCCC)c(CCCCC)n4)n3)n2)nc1CCCCC,"[6, 7, 20, 21, 34, 35, 36, 37]",8,8,1,nitrate,71|CCCCCc1nnc(-c2cccc(-c3cccc(-c4nnc(CCCCC)c(CCCCC)n4)n3)n2)nc1CCCCC|nitrate,/nfs/home/nshank3/lanthanide_dataset_builder/data/geometries/Lu/Lu_Z71_ox3_CN8_nlig1_nitrate_ff2323ff5a7c.xyz,2,standard,2033348917,50,6,250,0,rejected_by_nearest_coreCN_qc,False,,data/processed/geometries_regenerated_fail_long_bond/rejected/Lu/Lu_Z71_ox3_CN8_nlig1_nitrate_ff2323ff5a7c_attempt02_standard_dup2.xyz,data/processed/geometries_regenerated_fail_long_bond/rejected/Lu/Lu_Z71_ox3_CN8_nlig1_nitrate_ff2323ff5a7c_attempt02_standard_dup2.mol2,-3414.740034781532,,FAIL_LONG_BOND,coreCN_max_dist>3.10,N36:2.834;N37:2.938;N8:3.246;N7:3.289;N35:3.316;N38:3.678;N22:3.698;N21:3.704,3.704,inf,inf,N36:2.834;N37:2.938;N8:3.246;N7:3.289;N35:3.316;N38:3.678;N22:3.698;N21:3.704
172,01e76e93d20f,Lu,71,3,CCCCCCn1c(-c2ccccc2)c(-c2ccccc2)c2cc3ccc4cc5c(-c6ccccc6)c(-c6ccccc6)n(CCCCCC)c(=O)c5nc4c3nc2c1=O,"[6, 43, 51, 53, 56, 59]",6,8,1,water,71|CCCCCCn1c(-c2ccccc2)c(-c2ccccc2)c2cc3ccc4cc5c(-c6ccccc6)c(-c6ccccc6)n(CCCCCC)c(=O)c5nc4c3nc2c1=O|water,/nfs/home/nshank3/lanthanide_dataset_builder/data/geometries/Lu/Lu_Z71_ox3_CN8_nlig1_water_01e76e93d20f.xyz,1,standard,318834302,40,5,250,124,failed_timeout,False,,,,,exceeded 2400s,BUILD_FAILED,timeout,,,,,
172,01e76e93d20f,Lu,71,3,CCCCCCn1c(-c2ccccc2)c(-c2ccccc2)c2cc3ccc4cc5c(-c6ccccc6)c(-c6ccccc6)n(CCCCCC)c(=O)c5nc4c3nc2c1=O,"[6, 43, 51, 53, 56, 59]",6,8,1,water,71|CCCCCCn1c(-c2ccccc2)c(-c2ccccc2)c2cc3ccc4cc5c(-c6ccccc6)c(-c6ccccc6)n(CCCCCC)c(=O)c5nc4c3nc2c1=O|water,/nfs/home/nshank3/lanthanide_dataset_builder/data/geometries/Lu/Lu_Z71_ox3_CN8_nlig1_water_01e76e93d20f.xyz,2,standard,318842221,50,6,250,0,rejected_by_nearest_coreCN_qc,False,,data/processed/geometries_regenerated_fail_long_bond/rejected/Lu/Lu_Z71_ox3_CN8_nlig1_water_01e76e93d20f_attempt02_standard.xyz,data/processed/geometries_regenerated_fail_long_bond/rejected/Lu/Lu_Z71_ox3_CN8_nlig1_water_01e76e93d20f_attempt02_standard.mol2,-4650.890220031135,,FAIL_LONG_BOND,coreCN_max_dist>3.10,O60:2.009;O52:2.122;N57:2.466;O111:2.553;N54:2.591;O114:2.859;N7:3.829;N44:3.951,3.9511,inf,inf,O60:2.009;O52:2.122;N57:2.466;O111:2.553;N54:2.591;O114:2.859;N7:3.829;N44:3.951
173,422eaccbf51e,Lu,71,3,COCCN(CCOC)C(=O)COCC(=O)N(CCOC)CCOC,"[1, 7, 10, 12, 15, 19, 23]",7,8,1,water,71|COCCN(CCOC)C(=O)COCC(=O)N(CCOC)CCOC|water,/nfs/home/nshank3/lanthanide_dataset_builder/data/geometries/Lu/Lu_Z71_ox3_CN8_nlig1_water_422eaccbf51e.xyz,1,standard,1877483095,40,5,250,0,rejected_by_nearest_coreCN_qc,False,,data/processed/geometries_regenerated_fail_long_bond/rejected/Lu/Lu_Z71_ox3_CN8_nlig1_water_422eaccbf51e_attempt01_standard_dup2.xyz,data/processed/geometries_regenerated_fail_long_bond/rejected/Lu/Lu_Z71_ox3_CN8_nlig1_water_422eaccbf51e_attempt01_standard_dup2.mol2,-2442.365827648981,,BORDERLINE_AMBIGUOUS_SHELL,gap_after_coreCN<0.10,O11:2.050;O16:2.072;O2:2.331;O20:2.435;O24:2.521;O58:2.529;O8:2.835;O13:3.020,3.0204,3.1051,0.0848,O11:2.050;O16:2.072;O2:2.331;O20:2.435;O24:2.521;O58:2.529;O8:2.835;O13:3.020;N17:3.105;N5:3.376
173,422eaccbf51e,Lu,71,3,COCCN(CCOC)C(=O)COCC(=O)N(CCOC)CCOC,"[1, 7, 10, 12, 15, 19, 23]",7,8,1,water,71|COCCN(CCOC)C(=O)COCC(=O)N(CCOC)CCOC|water,/nfs/home/nshank3/lanthanide_dataset_builder/data/geometries/Lu/Lu_Z71_ox3_CN8_nlig1_water_422eaccbf51e.xyz,2,standard,1877491014,50,6,250,0,rejected_by_nearest_coreCN_qc,False,,data/processed/geometries_regenerated_fail_long_bond/rejected/Lu/Lu_Z71_ox3_CN8_nlig1_water_422eaccbf51e_attempt02_standard_dup2.xyz,data/processed/geometries_regenerated_fail_long_bond/rejected/Lu/Lu_Z71_ox3_CN8_nlig1_water_422eaccbf51e_attempt02_standard_dup2.mol2,-2440.9196793380565,,BORDERLINE_LONGISH,coreCN_max_dist>2.95,O16:2.112;O13:2.250;O20:2.368;O8:2.383;O11:2.447;O2:2.572;O24:2.596;N17:3.079,3.0795,3.2285,0.149,O16:2.112;O13:2.250;O20:2.368;O8:2.383;O11:2.447;O2:2.572;O24:2.596;N17:3.079;N5:3.228;O58:3.657
174,08ad5b34d70c,Nd,60,3,O=C(O)CN(CCO)CCN(CC(=O)O)CC(=O)O,"[0, 2, 4, 7, 10, 13, 14, 17]",8,9,1,nitrate,60|O=C(O)CN(CCO)CCN(CC(=O)O)CC(=O)O|nitrate,/nfs/home/nshank3/lanthanide_dataset_builder/data/geometries/Nd/Nd_Z60_ox3_CN9_nlig1_nitrate_08ad5b34d70c.xyz,1,standard,2099591720,40,5,250,0,rejected_by_nearest_coreCN_qc,False,,data/processed/geometries_regenerated_fail_long_bond/rejected/Nd/Nd_Z60_ox3_CN9_nlig1_nitrate_08ad5b34d70c_attempt01_standard_dup2.xyz,data/processed/geometries_regenerated_fail_long_bond/rejected/Nd/Nd_Z60_ox3_CN9_nlig1_nitrate_08ad5b34d70c_attempt01_standard_dup2.mol2,-1899.864861133267,,FAIL_LONG_BOND,coreCN_max_dist>3.10,O14:2.135;O18:2.268;O1:2.279;O38:2.374;O8:2.377;N5:2.482;N11:2.935;O15:3.516;O3:4.333,4.3327,4.4423,0.1096,O14:2.135;O18:2.268;O1:2.279;O38:2.374;O8:2.377;N5:2.482;N11:2.935;O15:3.516;O3:4.333;O19:4.442
174,08ad5b34d70c,Nd,60,3,O=C(O)CN(CCO)CCN(CC(=O)O)CC(=O)O,"[0, 2, 4, 7, 10, 13, 14, 17]",8,9,1,nitrate,60|O=C(O)CN(CCO)CCN(CC(=O)O)CC(=O)O|nitrate,/nfs/home/nshank3/lanthanide_dataset_builder/data/geometries/Nd/Nd_Z60_ox3_CN9_nlig1_nitrate_08ad5b34d70c.xyz,2,standard,2099599639,50,6,250,0,rejected_by_nearest_coreCN_qc,False,,data/processed/geometries_regenerated_fail_long_bond/rejected/Nd/Nd_Z60_ox3_CN9_nlig1_nitrate_08ad5b34d70c_attempt02_standard_dup2.xyz,data/processed/geometries_regenerated_fail_long_bond/rejected/Nd/Nd_Z60_ox3_CN9_nlig1_nitrate_08ad5b34d70c_attempt02_standard_dup2.mol2,-1898.9550361394097,,BORDERLINE_LONGISH,coreCN_max_dist>2.95,O14:2.098;O1:2.143;O18:2.294;O38:2.345;O8:2.560;N5:2.568;N11:2.957;O15:2.991;O3:3.031,3.0311,4.4374,1.4064,O14:2.098;O1:2.143;O18:2.294;O38:2.345;O8:2.560;N5:2.568;N11:2.957;O15:2.991;O3:3.031;O19:4.437
175,11ac249f26c1,Nd,60,3,CCCCCCn1c(-c2ccccc2)c(-c2ccccc2)c2cc3ccc4cc5c(-c6ccccc6)c(-c6ccccc6)n(CCCCCC)c(=O)c5nc4c3nc2c1=O,"[6, 43, 51, 53, 56, 59]",6,9,1,nitrate,60|CCCCCCn1c(-c2ccccc2)c(-c2ccccc2)c2cc3ccc4cc5c(-c6ccccc6)c(-c6ccccc6)n(CCCCCC)c(=O)c5nc4c3nc2c1=O|nitrate,/nfs/home/nshank3/lanthanide_dataset_builder/data/geometries/Nd/Nd_Z60_ox3_CN9_nlig1_nitrate_11ac249f26c1.xyz,1,standard,1194415437,40,5,250,0,rejected_by_nearest_coreCN_qc,False,,data/processed/geometries_regenerated_fail_long_bond/rejected/Nd/Nd_Z60_ox3_CN9_nlig1_nitrate_11ac249f26c1_attempt01_standard.xyz,data/processed/geometries_regenerated_fail_long_bond/rejected/Nd/Nd_Z60_ox3_CN9_nlig1_nitrate_11ac249f26c1_attempt01_standard.mol2,-4942.592048553643,,FAIL_LONG_BOND,coreCN_max_dist>3.10,O113:2.158;O60:2.161;O114:2.170;O52:2.251;O115:2.459;N111:2.491;N54:2.551;N57:2.608;O112:3.646,3.6458,3.967,0.3212,O113:2.158;O60:2.161;O114:2.170;O52:2.251;O115:2.459;N111:2.491;N54:2.551;N57:2.608;O112:3.646;N44:3.967;N7:4.024
175,11ac249f26c1,Nd,60,3,CCCCCCn1c(-c2ccccc2)c(-c2ccccc2)c2cc3ccc4cc5c(-c6ccccc6)c(-c6ccccc6)n(CCCCCC)c(=O)c5nc4c3nc2c1=O,"[6, 43, 51, 53, 56, 59]",6,9,1,nitrate,60|CCCCCCn1c(-c2ccccc2)c(-c2ccccc2)c2cc3ccc4cc5c(-c6ccccc6)c(-c6ccccc6)n(CCCCCC)c(=O)c5nc4c3nc2c1=O|nitrate,/nfs/home/nshank3/lanthanide_dataset_builder/data/geometries/Nd/Nd_Z60_ox3_CN9_nlig1_nitrate_11ac249f26c1.xyz,2,standard,1194423356,50,6,250,8,build_failed,False,,,,,no_structures_returned,BUILD_FAILED,no_structures_returned,,,,,
176,806c58d6243c,Nd,60,3,CC1(C)CCC(C)(C)c2nc(-c3cccc(-c4cccc(-c5nnc6c(n5)C(C)(C)CCC6(C)C)n4)n3)nnc21,"[9, 22, 23, 26, 35, 36, 37, 38]",8,9,1,nitrate,60|CC1(C)CCC(C)(C)c2nc(-c3cccc(-c4cccc(-c5nnc6c(n5)C(C)(C)CCC6(C)C)n4)n3)nnc21|nitrate,/nfs/home/nshank3/lanthanide_dataset_builder/data/geometries/Nd/Nd_Z60_ox3_CN9_nlig1_nitrate_806c58d6243c.xyz,1,standard,1927210361,40,5,250,0,rejected_by_nearest_coreCN_qc,False,,data/processed/geometries_regenerated_fail_long_bond/rejected/Nd/Nd_Z60_ox3_CN9_nlig1_nitrate_806c58d6243c_attempt01_standard_dup2.xyz,data/processed/geometries_regenerated_fail_long_bond/rejected/Nd/Nd_Z60_ox3_CN9_nlig1_nitrate_806c58d6243c_attempt01_standard_dup2.mol2,-3161.298268375027,,FAIL_LONG_BOND,coreCN_max_dist>3.10,N38:2.304;N23:2.380;O79:2.453;N24:2.485;N36:2.553;N37:2.585;N39:2.620;N27:3.943;N10:4.432,4.432,inf,inf,N38:2.304;N23:2.380;O79:2.453;N24:2.485;N36:2.553;N37:2.585;N39:2.620;N27:3.943;N10:4.432
176,806c58d6243c,Nd,60,3,CC1(C)CCC(C)(C)c2nc(-c3cccc(-c4cccc(-c5nnc6c(n5)C(C)(C)CCC6(C)C)n4)n3)nnc21,"[9, 22, 23, 26, 35, 36, 37, 38]",8,9,1,nitrate,60|CC1(C)CCC(C)(C)c2nc(-c3cccc(-c4cccc(-c5nnc6c(n5)C(C)(C)CCC6(C)C)n4)n3)nnc21|nitrate,/nfs/home/nshank3/lanthanide_dataset_builder/data/geometries/Nd/Nd_Z60_ox3_CN9_nlig1_nitrate_806c58d6243c.xyz,2,standard,1927218280,50,6,250,0,rejected_by_nearest_coreCN_qc,False,,data/processed/geometries_regenerated_fail_long_bond/rejected/Nd/Nd_Z60_ox3_CN9_nlig1_nitrate_806c58d6243c_attempt02_standard_dup2.xyz,data/processed/geometries_regenerated_fail_long_bond/rejected/Nd/Nd_Z60_ox3_CN9_nlig1_nitrate_806c58d6243c_attempt02_standard_dup2.mol2,-3162.2137688771286,,FAIL_LONG_BOND,coreCN_max_dist>3.10,N23:2.235;N38:2.325;N39:2.375;N36:2.530;N24:2.619;O79:2.624;N37:2.637;N27:3.131;N10:3.649,3.6485,inf,inf,N23:2.235;N38:2.325;N39:2.375;N36:2.530;N24:2.619;O79:2.624;N37:2.637;N27:3.131;N10:3.649
177,ac16f7a06741,Nd,60,3,O=C(O)CN(CC(=O)O)C1CCCCC1N(CC(=O)O)CC(=O)O,"[0, 2, 4, 7, 8, 15, 18, 19]",8,9,1,nitrate,60|O=C(O)CN(CC(=O)O)C1CCCCC1N(CC(=O)O)CC(=O)O|nitrate,/nfs/home/nshank3/lanthanide_dataset_builder/data/geometries/Nd/Nd_Z60_ox3_CN9_nlig1_nitrate_ac16f7a06741.xyz,1,standard,944100623,40,5,250,0,rejected_by_nearest_coreCN_qc,False,,data/processed/geometries_regenerated_fail_long_bond/rejected/Nd/Nd_Z60_ox3_CN9_nlig1_nitrate_ac16f7a06741_attempt01_standard_dup2.xyz,data/processed/geometries_regenerated_fail_long_bond/rejected/Nd/Nd_Z60_ox3_CN9_nlig1_nitrate_ac16f7a06741_attempt01_standard_dup2.mol2,-2297.958510581926,,FAIL_LONG_BOND,coreCN_max_dist>3.10,O19:2.154;O1:2.166;O8:2.192;O47:2.343;N16:2.578;N5:2.620;O20:2.682;O3:4.134;O9:4.214,4.2141,5.0225,0.8084,O19:2.154;O1:2.166;O8:2.192;O47:2.343;N16:2.578;N5:2.620;O20:2.682;O3:4.134;O9:4.214;O23:5.022;O24:5.772
177,ac16f7a06741,Nd,60,3,O=C(O)CN(CC(=O)O)C1CCCCC1N(CC(=O)O)CC(=O)O,"[0, 2, 4, 7, 8, 15, 18, 19]",8,9,1,nitrate,60|O=C(O)CN(CC(=O)O)C1CCCCC1N(CC(=O)O)CC(=O)O|nitrate,/nfs/home/nshank3/lanthanide_dataset_builder/data/geometries/Nd/Nd_Z60_ox3_CN9_nlig1_nitrate_ac16f7a06741.xyz,2,standard,944108542,50,6,250,0,rejected_by_nearest_coreCN_qc,False,,data/processed/geometries_regenerated_fail_long_bond/rejected/Nd/Nd_Z60_ox3_CN9_nlig1_nitrate_ac16f7a06741_attempt02_standard_dup2.xyz,data/processed/geometries_regenerated_fail_long_bond/rejected/Nd/Nd_Z60_ox3_CN9_nlig1_nitrate_ac16f7a06741_attempt02_standard_dup2.mol2,-2298.7401791857897,,FAIL_LONG_BOND,coreCN_max_dist>3.10,O19:2.146;O1:2.187;O8:2.222;O47:2.332;O24:2.488;N5:2.606;N16:2.632;O20:2.859;O3:4.238,4.2375,4.323,0.0855,O19:2.146;O1:2.187;O8:2.222;O47:2.332;O24:2.488;N5:2.606;N16:2.632;O20:2.859;O3:4.238;O9:4.323;O23:4.489
178,c24902aaaf79,Nd,60,3,CC12CCC(c3nnc(-c4cccc(-c5nnc6c(n5)C5(C)CCC6C5(C)C)n4)nc31)C2(C)C,"[6, 7, 15, 16, 19, 28, 29]",7,9,1,nitrate,60|CC12CCC(c3nnc(-c4cccc(-c5nnc6c(n5)C5(C)CCC6C5(C)C)n4)nc31)C2(C)C|nitrate,/nfs/home/nshank3/lanthanide_dataset_builder/data/geometries/Nd/Nd_Z60_ox3_CN9_nlig1_nitrate_c24902aaaf79.xyz,1,standard,1917095603,40,5,250,0,rejected_by_nearest_coreCN_qc,False,,data/processed/geometries_regenerated_fail_long_bond/rejected/Nd/Nd_Z60_ox3_CN9_nlig1_nitrate_c24902aaaf79_attempt01_standard_dup2.xyz,data/processed/geometries_regenerated_fail_long_bond/rejected/Nd/Nd_Z60_ox3_CN9_nlig1_nitrate_c24902aaaf79_attempt01_standard_dup2.mol2,-2979.477394643383,,FAIL_LONG_BOND,coreCN_max_dist>3.10,O69:2.068;O68:2.085;N16:2.296;N8:2.314;N66:2.458;N17:2.578;N7:2.611;N29:2.698;O67:3.621,3.621,4.3758,0.7548,O69:2.068;O68:2.085;N16:2.296;N8:2.314;N66:2.458;N17:2.578;N7:2.611;N29:2.698;O67:3.621;N20:4.376;N30:4.455
178,c24902aaaf79,Nd,60,3,CC12CCC(c3nnc(-c4cccc(-c5nnc6c(n5)C5(C)CCC6C5(C)C)n4)nc31)C2(C)C,"[6, 7, 15, 16, 19, 28, 29]",7,9,1,nitrate,60|CC12CCC(c3nnc(-c4cccc(-c5nnc6c(n5)C5(C)CCC6C5(C)C)n4)nc31)C2(C)C|nitrate,/nfs/home/nshank3/lanthanide_dataset_builder/data/geometries/Nd/Nd_Z60_ox3_CN9_nlig1_nitrate_c24902aaaf79.xyz,2,standard,1917103522,50,6,250,0,rejected_by_nearest_coreCN_qc,False,,data/processed/geometries_regenerated_fail_long_bond/rejected/Nd/Nd_Z60_ox3_CN9_nlig1_nitrate_c24902aaaf79_attempt02_standard_dup2.xyz,data/processed/geometries_regenerated_fail_long_bond/rejected/Nd/Nd_Z60_ox3_CN9_nlig1_nitrate_c24902aaaf79_attempt02_standard_dup2.mol2,-2979.781198252761,,FAIL_LONG_BOND,coreCN_max_dist>3.10,O68:2.059;O69:2.110;N8:2.294;N66:2.361;N16:2.432;N17:2.433;N29:2.453;N7:2.489;O67:3.427,3.4267,3.5499,0.1233,O68:2.059;O69:2.110;N8:2.294;N66:2.361;N16:2.432;N17:2.433;N29:2.453;N7:2.489;O67:3.427;N20:3.550;N30:3.881
179,cb8e9692129f,Nd,60,3,CCCCCc1nnc(-c2cccc(-c3cccc(-c4nnc(CCCCC)c(CCCCC)n4)n3)n2)nc1CCCCC,"[6, 7, 20, 21, 34, 35, 36, 37]",8,9,1,nitrate,60|CCCCCc1nnc(-c2cccc(-c3cccc(-c4nnc(CCCCC)c(CCCCC)n4)n3)n2)nc1CCCCC|nitrate,/nfs/home/nshank3/lanthanide_dataset_builder/data/geometries/Nd/Nd_Z60_ox3_CN9_nlig1_nitrate_cb8e9692129f.xyz,1,standard,1404168908,40,5,250,0,rejected_by_nearest_coreCN_qc,False,,data/processed/geometries_regenerated_fail_long_bond/rejected/Nd/Nd_Z60_ox3_CN9_nlig1_nitrate_cb8e9692129f_attempt01_standard_dup2.xyz,data/processed/geometries_regenerated_fail_long_bond/rejected/Nd/Nd_Z60_ox3_CN9_nlig1_nitrate_cb8e9692129f_attempt01_standard_dup2.mol2,-3560.4581632616355,,FAIL_LONG_BOND,coreCN_max_dist>3.10,N21:2.238;N7:2.316;N37:2.448;N36:2.527;O95:2.623;N22:2.737;N8:2.739;N38:2.966;N35:4.145,4.1446,inf,inf,N21:2.238;N7:2.316;N37:2.448;N36:2.527;O95:2.623;N22:2.737;N8:2.739;N38:2.966;N35:4.145
179,cb8e9692129f,Nd,60,3,CCCCCc1nnc(-c2cccc(-c3cccc(-c4nnc(CCCCC)c(CCCCC)n4)n3)n2)nc1CCCCC,"[6, 7, 20, 21, 34, 35, 36, 37]",8,9,1,nitrate,60|CCCCCc1nnc(-c2cccc(-c3cccc(-c4nnc(CCCCC)c(CCCCC)n4)n3)n2)nc1CCCCC|nitrate,/nfs/home/nshank3/lanthanide_dataset_builder/data/geometries/Nd/Nd_Z60_ox3_CN9_nlig1_nitrate_cb8e9692129f.xyz,2,standard,1404176827,50,6,250,0,rejected_by_nearest_coreCN_qc,False,,data/processed/geometries_regenerated_fail_long_bond/rejected/Nd/Nd_Z60_ox3_CN9_nlig1_nitrate_cb8e9692129f_attempt02_standard_dup2.xyz,data/processed/geometries_regenerated_fail_long_bond/rejected/Nd/Nd_Z60_ox3_CN9_nlig1_nitrate_cb8e9692129f_attempt02_standard_dup2.mol2,-3560.394537573042,,FAIL_LONG_BOND,coreCN_max_dist>3.10,N21:2.223;N37:2.408;N8:2.417;O95:2.454;N38:2.482;N36:2.576;N7:2.793;N22:2.910;N35:4.346,4.3464,inf,inf,N21:2.223;N37:2.408;N8:2.417;O95:2.454;N38:2.482;N36:2.576;N7:2.793;N22:2.910;N35:4.346
180,f6d91e19679c,Nd,60,3,CCCc1nnc(-c2cccc(-c3nnc(CCC)c(CCC)n3)n2)nc1CCC,"[4, 5, 13, 14, 23, 24, 25]",7,9,1,nitrate,60|CCCc1nnc(-c2cccc(-c3nnc(CCC)c(CCC)n3)n2)nc1CCC|nitrate,/nfs/home/nshank3/lanthanide_dataset_builder/data/geometries/Nd/Nd_Z60_ox3_CN9_nlig1_nitrate_f6d91e19679c.xyz,1,standard,875880411,40,5,250,0,rejected_by_nearest_coreCN_qc,False,,data/processed/geometries_regenerated_fail_long_bond/rejected/Nd/Nd_Z60_ox3_CN9_nlig1_nitrate_f6d91e19679c_attempt01_standard_dup2.xyz,data/processed/geometries_regenerated_fail_long_bond/rejected/Nd/Nd_Z60_ox3_CN9_nlig1_nitrate_f6d91e19679c_attempt01_standard_dup2.mol2,-2744.250057454944,,FAIL_LONG_BOND,coreCN_max_dist>3.10,O64:2.061;O65:2.063;N25:2.340;N62:2.416;N24:2.569;N26:2.602;N14:2.784;N15:3.013;N5:3.253,3.2529,3.436,0.183,O64:2.061;O65:2.063;N25:2.340;N62:2.416;N24:2.569;N26:2.602;N14:2.784;N15:3.013;N5:3.253;N6:3.436;O63:3.541
180,f6d91e19679c,Nd,60,3,CCCc1nnc(-c2cccc(-c3nnc(CCC)c(CCC)n3)n2)nc1CCC,"[4, 5, 13, 14, 23, 24, 25]",7,9,1,nitrate,60|CCCc1nnc(-c2cccc(-c3nnc(CCC)c(CCC)n3)n2)nc1CCC|nitrate,/nfs/home/nshank3/lanthanide_dataset_builder/data/geometries/Nd/Nd_Z60_ox3_CN9_nlig1_nitrate_f6d91e19679c.xyz,2,standard,875888330,50,6,250,0,rejected_by_nearest_coreCN_qc,False,,data/processed/geometries_regenerated_fail_long_bond/rejected/Nd/Nd_Z60_ox3_CN9_nlig1_nitrate_f6d91e19679c_attempt02_standard_dup2.xyz,data/processed/geometries_regenerated_fail_long_bond/rejected/Nd/Nd_Z60_ox3_CN9_nlig1_nitrate_f6d91e19679c_attempt02_standard_dup2.mol2,-2744.230149157387,,FAIL_LONG_BOND,coreCN_max_dist>3.10,O64:2.069;O65:2.112;N6:2.330;N24:2.459;N62:2.466;N5:2.604;N25:2.629;O63:3.618;N26:4.030,4.03,4.062,0.032,O64:2.069;O65:2.112;N6:2.330;N24:2.459;N62:2.466;N5:2.604;N25:2.629;O63:3.618;N26:4.030;N15:4.062;N14:4.141
181,467fe4b7a7ef,Nd,60,3,CCCCCCn1c(-c2ccccc2)c(-c2ccccc2)c2cc3ccc4cc5c(-c6ccccc6)c(-c6ccccc6)n(CCCCCC)c(=O)c5nc4c3nc2c1=O,"[6, 43, 51, 53, 56, 59]",6,9,1,water,60|CCCCCCn1c(-c2ccccc2)c(-c2ccccc2)c2cc3ccc4cc5c(-c6ccccc6)c(-c6ccccc6)n(CCCCCC)c(=O)c5nc4c3nc2c1=O|water,/nfs/home/nshank3/lanthanide_dataset_builder/data/geometries/Nd/Nd_Z60_ox3_CN9_nlig1_water_467fe4b7a7ef.xyz,1,standard,106039462,40,5,250,0,rejected_by_nearest_coreCN_qc,False,,data/processed/geometries_regenerated_fail_long_bond/rejected/Nd/Nd_Z60_ox3_CN9_nlig1_water_467fe4b7a7ef_attempt01_standard.xyz,data/processed/geometries_regenerated_fail_long_bond/rejected/Nd/Nd_Z60_ox3_CN9_nlig1_water_467fe4b7a7ef_attempt01_standard.mol2,-4794.692808993325,,FAIL_LONG_BOND,coreCN_max_dist>3.10,O60:2.314;O52:2.379;O111:2.409;N54:2.485;N57:2.489;O117:2.548;O114:2.578;N7:4.467;N44:4.515,4.5148,inf,inf,O60:2.314;O52:2.379;O111:2.409;N54:2.485;N57:2.489;O117:2.548;O114:2.578;N7:4.467;N44:4.515
181,467fe4b7a7ef,Nd,60,3,CCCCCCn1c(-c2ccccc2)c(-c2ccccc2)c2cc3ccc4cc5c(-c6ccccc6)c(-c6ccccc6)n(CCCCCC)c(=O)c5nc4c3nc2c1=O,"[6, 43, 51, 53, 56, 59]",6,9,1,water,60|CCCCCCn1c(-c2ccccc2)c(-c2ccccc2)c2cc3ccc4cc5c(-c6ccccc6)c(-c6ccccc6)n(CCCCCC)c(=O)c5nc4c3nc2c1=O|water,/nfs/home/nshank3/lanthanide_dataset_builder/data/geometries/Nd/Nd_Z60_ox3_CN9_nlig1_water_467fe4b7a7ef.xyz,2,standard,106047381,50,6,250,8,build_failed,False,,,,,no_structures_returned,BUILD_FAILED,no_structures_returned,,,,,
183,64eab4384a5e,Nd,60,3,CCCCCCCCCCCCN(CCCCCCCCCCCC)C(=O)COCCOCC(=O)N(CCCCCCCCCCCC)CCCCCCCCCCCC,"[26, 28, 31, 34]",4,9,2,water,60|CCCCCCCCCCCCN(CCCCCCCCCCCC)C(=O)COCCOCC(=O)N(CCCCCCCCCCCC)CCCCCCCCCCCC|water,/nfs/home/nshank3/lanthanide_dataset_builder/data/geometries/Nd/Nd_Z60_ox3_CN9_nlig2_water_64eab4384a5e.xyz,1,standard,557173777,40,5,250,8,build_failed,False,tetra_planar_bent,,,,no_structures_returned,BUILD_FAILED,no_structures_returned,,,,,
183,64eab4384a5e,Nd,60,3,CCCCCCCCCCCCN(CCCCCCCCCCCC)C(=O)COCCOCC(=O)N(CCCCCCCCCCCC)CCCCCCCCCCCC,"[26, 28, 31, 34]",4,9,2,water,60|CCCCCCCCCCCCN(CCCCCCCCCCCC)C(=O)COCCOCC(=O)N(CCCCCCCCCCCC)CCCCCCCCCCCC|water,/nfs/home/nshank3/lanthanide_dataset_builder/data/geometries/Nd/Nd_Z60_ox3_CN9_nlig2_water_64eab4384a5e.xyz,2,standard,557181696,50,6,250,0,rejected_by_nearest_coreCN_qc,False,tetra_planar_bent,data/processed/geometries_regenerated_fail_long_bond/rejected/Nd/Nd_Z60_ox3_CN9_nlig2_water_64eab4384a5e_attempt02_standard.xyz,data/processed/geometries_regenerated_fail_long_bond/rejected/Nd/Nd_Z60_ox3_CN9_nlig2_water_64eab4384a5e_attempt02_standard.mol2,-10634.676324599848,,BORDERLINE_LONGISH,coreCN_max_dist>2.95,O197:2.043;O29:2.058;O27:2.140;O32:2.181;O200:2.219;O195:2.219;O203:2.529;O35:2.743;O337:2.968,2.9677,3.9046,0.9369,O197:2.043;O29:2.058;O27:2.140;O32:2.181;O200:2.219;O195:2.219;O203:2.529;O35:2.743;O337:2.968;N13:3.905;N181:4.032;N204:4.650;N36:4.804
184,4daf401699d8,Nd,60,3,CCCCC(CC)CN(CC(=O)N(CC(CC)CCCC)CC(CC)CCCC)CC(=O)N(CC(CC)CCCC)CC(CC)CCCC,"[8, 11, 31]",3,9,3,nitrate,60|CCCCC(CC)CN(CC(=O)N(CC(CC)CCCC)CC(CC)CCCC)CC(=O)N(CC(CC)CCCC)CC(CC)CCCC|nitrate,/nfs/home/nshank3/lanthanide_dataset_builder/data/geometries/Nd/Nd_Z60_ox3_CN9_nlig3_nitrate_4daf401699d8.xyz,1,standard,935531371,40,5,250,124,failed_timeout,False,,,,,exceeded 2400s,BUILD_FAILED,timeout,,,,,
184,4daf401699d8,Nd,60,3,CCCCC(CC)CN(CC(=O)N(CC(CC)CCCC)CC(CC)CCCC)CC(=O)N(CC(CC)CCCC)CC(CC)CCCC,"[8, 11, 31]",3,9,3,nitrate,60|CCCCC(CC)CN(CC(=O)N(CC(CC)CCCC)CC(CC)CCCC)CC(=O)N(CC(CC)CCCC)CC(CC)CCCC|nitrate,/nfs/home/nshank3/lanthanide_dataset_builder/data/geometries/Nd/Nd_Z60_ox3_CN9_nlig3_nitrate_4daf401699d8.xyz,2,standard,935539290,50,6,250,0,rejected_by_nearest_coreCN_qc,False,,data/processed/geometries_regenerated_fail_long_bond/rejected/Nd/Nd_Z60_ox3_CN9_nlig3_nitrate_4daf401699d8_attempt02_standard.xyz,data/processed/geometries_regenerated_fail_long_bond/rejected/Nd/Nd_Z60_ox3_CN9_nlig3_nitrate_4daf401699d8_attempt02_standard.mol2,-12788.206295368387,,FAIL_LONG_BOND,coreCN_max_dist>3.10,O32:2.205;O12:2.295;O308:2.372;O170:2.465;O288:2.481;O150:2.569;N285:2.971;N9:3.053;N147:3.695,3.6953,4.4471,0.7518,O32:2.205;O12:2.295;O308:2.372;O170:2.465;O288:2.481;O150:2.569;N285:2.971;N9:3.053;N147:3.695;N33:4.447;N13:4.475;N309:4.588;N289:4.614;N171:4.722;N151:4.757
189,e5884e16a6fa,Nd,60,3,CCCCCCCCCCN(CCCCCCCCCC)C(=O)[C@H](CCC)O[C@H](CCC)C(=O)N(CCCCCCCCCC)CCCCCCCCCC,"[22, 27, 33]",3,9,3,nitrate,60|CCCCCCCCCCN(CCCCCCCCCC)C(=O)[C@H](CCC)O[C@H](CCC)C(=O)N(CCCCCCCCCC)CCCCCCCCCC|nitrate,/nfs/home/nshank3/lanthanide_dataset_builder/data/geometries/Nd/Nd_Z60_ox3_CN9_nlig3_nitrate_e5884e16a6fa.xyz,1,standard,184670817,40,5,250,0,accepted,True,tri_mer_bent,data/processed/geometries_regenerated_fail_long_bond/accepted/Nd/Nd_Z60_ox3_CN9_nlig3_nitrate_e5884e16a6fa_attempt01_standard.xyz,data/processed/geometries_regenerated_fail_long_bond/accepted/Nd/Nd_Z60_ox3_CN9_nlig3_nitrate_e5884e16a6fa_attempt01_standard.mol2,-14390.156930081264,,OK,nearest_coreCN_qc_ok,O178:2.296;O189:2.343;O333:2.481;O23:2.511;O34:2.538;O183:2.593;O344:2.594;O28:2.653;O338:2.655,2.6547,4.3912,1.7365,O178:2.296;O189:2.343;O333:2.481;O23:2.511;O34:2.538;O183:2.593;O344:2.594;O28:2.653;O338:2.655;N190:4.391;N166:4.480;N321:4.695;N35:4.704;N345:4.709;N11:4.722
197,22a9d1cb90fb,Nd,60,3,CCCCN(CCCC)C(=O)CCC(=O)N(CCCC)CCCC,"[10, 14]",2,9,4,nitrate,60|CCCCN(CCCC)C(=O)CCC(=O)N(CCCC)CCCC|nitrate,/nfs/home/nshank3/lanthanide_dataset_builder/data/geometries/Nd/Nd_Z60_ox3_CN9_nlig4_nitrate_22a9d1cb90fb.xyz,1,standard,2025990950,40,5,250,0,accepted,True,,data/processed/geometries_regenerated_fail_long_bond/accepted/Nd/Nd_Z60_ox3_CN9_nlig4_nitrate_22a9d1cb90fb_attempt01_standard.xyz,data/processed/geometries_regenerated_fail_long_bond/accepted/Nd/Nd_Z60_ox3_CN9_nlig4_nitrate_22a9d1cb90fb_attempt01_standard.mol2,-8554.079636874476,,OK,nearest_coreCN_qc_ok,O139:2.278;O79:2.374;O75:2.489;O11:2.503;O143:2.561;O207:2.624;O203:2.629;O15:2.765;O257:2.835,2.8353,4.3813,1.546,O139:2.278;O79:2.374;O75:2.489;O11:2.503;O143:2.561;O207:2.624;O203:2.629;O15:2.765;O257:2.835;N133:4.381;N69:4.422;N80:4.601;N144:4.692;N5:4.704;N197:4.854;N208:4.890;N16:5.050
199,fb8eb6781614,Nd,60,3,CCCCCCCCN(C)C(=O)C(CCCCCC)C(=O)N(C)CCCCCCCC,"[11, 20]",2,9,4,nitrate,60|CCCCCCCCN(C)C(=O)C(CCCCCC)C(=O)N(C)CCCCCCCC|nitrate,/nfs/home/nshank3/lanthanide_dataset_builder/data/geometries/Nd/Nd_Z60_ox3_CN9_nlig4_nitrate_fb8eb6781614.xyz,1,standard,603430131,40,5,250,0,rejected_by_nearest_coreCN_qc,False,,data/processed/geometries_regenerated_fail_long_bond/rejected/Nd/Nd_Z60_ox3_CN9_nlig4_nitrate_fb8eb6781614_attempt01_standard.xyz,data/processed/geometries_regenerated_fail_long_bond/rejected/Nd/Nd_Z60_ox3_CN9_nlig4_nitrate_fb8eb6781614_attempt01_standard.mol2,-10962.850746097292,,FAIL_LONG_BOND,coreCN_max_dist>3.10,O341:2.169;O191:2.275;O21:2.340;O276:2.346;O12:2.403;O267:2.711;O182:2.777;O106:3.069;O97:3.222,3.2218,4.4593,1.2375,O341:2.169;O191:2.275;O21:2.340;O276:2.346;O12:2.403;O267:2.711;O182:2.777;O106:3.069;O97:3.222;N192:4.459;N22:4.551;N277:4.553;N9:4.616;N264:4.744;N179:4.939;N107:5.278;N94:5.466
199,fb8eb6781614,Nd,60,3,CCCCCCCCN(C)C(=O)C(CCCCCC)C(=O)N(C)CCCCCCCC,"[11, 20]",2,9,4,nitrate,60|CCCCCCCCN(C)C(=O)C(CCCCCC)C(=O)N(C)CCCCCCCC|nitrate,/nfs/home/nshank3/lanthanide_dataset_builder/data/geometries/Nd/Nd_Z60_ox3_CN9_nlig4_nitrate_fb8eb6781614.xyz,2,standard,603438050,50,6,250,0,rejected_by_nearest_coreCN_qc,False,,data/processed/geometries_regenerated_fail_long_bond/rejected/Nd/Nd_Z60_ox3_CN9_nlig4_nitrate_fb8eb6781614_attempt02_standard_dup2.xyz,data/processed/geometries_regenerated_fail_long_bond/rejected/Nd/Nd_Z60_ox3_CN9_nlig4_nitrate_fb8eb6781614_attempt02_standard_dup2.mol2,-10961.674788390135,,FAIL_LONG_BOND,coreCN_max_dist>3.10,O97:2.340;O341:2.372;O191:2.395;O267:2.453;O12:2.564;O106:3.480;O276:3.534;O182:3.674;O21:3.742,3.7419,4.5523,0.8104,O97:2.340;O341:2.372;O191:2.395;O267:2.453;O12:2.564;O106:3.480;O276:3.534;O182:3.674;O21:3.742;N94:4.552;N192:4.564;N264:4.595;N9:4.717;N107:5.604;N277:5.693;N179:5.769;N22:5.895
200,1bd312352a39,Pr,59,3,O=C(O)CN(CC(=O)O)C1CCCCC1N(CC(=O)O)CC(=O)O,"[0, 2, 4, 7, 8, 15, 18, 19]",8,9,1,nitrate,59|O=C(O)CN(CC(=O)O)C1CCCCC1N(CC(=O)O)CC(=O)O|nitrate,/nfs/home/nshank3/lanthanide_dataset_builder/data/geometries/Pr/Pr_Z59_ox3_CN9_nlig1_nitrate_1bd312352a39.xyz,1,standard,189192447,40,5,250,0,rejected_by_nearest_coreCN_qc,False,,data/processed/geometries_regenerated_fail_long_bond/rejected/Pr/Pr_Z59_ox3_CN9_nlig1_nitrate_1bd312352a39_attempt01_standard_dup2.xyz,data/processed/geometries_regenerated_fail_long_bond/rejected/Pr/Pr_Z59_ox3_CN9_nlig1_nitrate_1bd312352a39_attempt01_standard_dup2.mol2,-2300.4508759549662,,FAIL_LONG_BOND,coreCN_max_dist>3.10,O8:2.187;O19:2.207;O1:2.245;O23:2.258;O47:2.358;N5:2.606;N16:2.740;O9:4.104;O20:4.314,4.3144,4.3416,0.0272,O8:2.187;O19:2.207;O1:2.245;O23:2.258;O47:2.358;N5:2.606;N16:2.740;O9:4.104;O20:4.314;O3:4.342;O24:4.378
200,1bd312352a39,Pr,59,3,O=C(O)CN(CC(=O)O)C1CCCCC1N(CC(=O)O)CC(=O)O,"[0, 2, 4, 7, 8, 15, 18, 19]",8,9,1,nitrate,59|O=C(O)CN(CC(=O)O)C1CCCCC1N(CC(=O)O)CC(=O)O|nitrate,/nfs/home/nshank3/lanthanide_dataset_builder/data/geometries/Pr/Pr_Z59_ox3_CN9_nlig1_nitrate_1bd312352a39.xyz,2,standard,189200366,50,6,250,0,rejected_by_nearest_coreCN_qc,False,,data/processed/geometries_regenerated_fail_long_bond/rejected/Pr/Pr_Z59_ox3_CN9_nlig1_nitrate_1bd312352a39_attempt02_standard_dup2.xyz,data/processed/geometries_regenerated_fail_long_bond/rejected/Pr/Pr_Z59_ox3_CN9_nlig1_nitrate_1bd312352a39_attempt02_standard_dup2.mol2,-2299.8110273539096,,FAIL_LONG_BOND,coreCN_max_dist>3.10,O1:2.124;O8:2.158;O19:2.161;O23:2.241;O47:2.330;N16:2.638;N5:2.665;O3:3.681;O9:3.744,3.7436,3.8056,0.062,O1:2.124;O8:2.158;O19:2.161;O23:2.241;O47:2.330;N16:2.638;N5:2.665;O3:3.681;O9:3.744;O20:3.806;O24:4.313
201,36570cc1ffa3,Pr,59,3,CC1(C)CCC(C)(C)c2nc(-c3cccc(-c4cccc(-c5nnc6c(n5)C(C)(C)CCC6(C)C)n4)n3)nnc21,"[9, 22, 23, 26, 35, 36, 37, 38]",8,9,1,nitrate,59|CC1(C)CCC(C)(C)c2nc(-c3cccc(-c4cccc(-c5nnc6c(n5)C(C)(C)CCC6(C)C)n4)n3)nnc21|nitrate,/nfs/home/nshank3/lanthanide_dataset_builder/data/geometries/Pr/Pr_Z59_ox3_CN9_nlig1_nitrate_36570cc1ffa3.xyz,1,standard,1661861294,40,5,250,0,rejected_by_nearest_coreCN_qc,False,,data/processed/geometries_regenerated_fail_long_bond/rejected/Pr/Pr_Z59_ox3_CN9_nlig1_nitrate_36570cc1ffa3_attempt01_standard_dup2.xyz,data/processed/geometries_regenerated_fail_long_bond/rejected/Pr/Pr_Z59_ox3_CN9_nlig1_nitrate_36570cc1ffa3_attempt01_standard_dup2.mol2,-3162.710710150961,,FAIL_LONG_BOND,coreCN_max_dist>3.10,N23:2.277;N10:2.437;O79:2.513;N37:2.530;N36:2.582;N24:2.690;N27:3.546;N38:4.513;N39:5.071,5.0711,inf,inf,N23:2.277;N10:2.437;O79:2.513;N37:2.530;N36:2.582;N24:2.690;N27:3.546;N38:4.513;N39:5.071
201,36570cc1ffa3,Pr,59,3,CC1(C)CCC(C)(C)c2nc(-c3cccc(-c4cccc(-c5nnc6c(n5)C(C)(C)CCC6(C)C)n4)n3)nnc21,"[9, 22, 23, 26, 35, 36, 37, 38]",8,9,1,nitrate,59|CC1(C)CCC(C)(C)c2nc(-c3cccc(-c4cccc(-c5nnc6c(n5)C(C)(C)CCC6(C)C)n4)n3)nnc21|nitrate,/nfs/home/nshank3/lanthanide_dataset_builder/data/geometries/Pr/Pr_Z59_ox3_CN9_nlig1_nitrate_36570cc1ffa3.xyz,2,standard,1661869213,50,6,250,0,rejected_by_nearest_coreCN_qc,False,,data/processed/geometries_regenerated_fail_long_bond/rejected/Pr/Pr_Z59_ox3_CN9_nlig1_nitrate_36570cc1ffa3_attempt02_standard_dup2.xyz,data/processed/geometries_regenerated_fail_long_bond/rejected/Pr/Pr_Z59_ox3_CN9_nlig1_nitrate_36570cc1ffa3_attempt02_standard_dup2.mol2,-3162.352622645973,,FAIL_LONG_BOND,coreCN_max_dist>3.10,N38:2.217;N23:2.223;N39:2.416;N24:2.453;N36:2.674;O79:2.685;N37:2.758;N27:3.674;N10:4.040,4.0402,inf,inf,N38:2.217;N23:2.223;N39:2.416;N24:2.453;N36:2.674;O79:2.685;N37:2.758;N27:3.674;N10:4.040
202,4f3be724a7f9,Pr,59,3,CCCc1nnc(-c2cccc(-c3nnc(CCC)c(CCC)n3)n2)nc1CCC,"[4, 5, 13, 14, 23, 24, 25]",7,9,1,nitrate,59|CCCc1nnc(-c2cccc(-c3nnc(CCC)c(CCC)n3)n2)nc1CCC|nitrate,/nfs/home/nshank3/lanthanide_dataset_builder/data/geometries/Pr/Pr_Z59_ox3_CN9_nlig1_nitrate_4f3be724a7f9.xyz,1,standard,1417974466,40,5,250,0,rejected_by_nearest_coreCN_qc,False,,data/processed/geometries_regenerated_fail_long_bond/rejected/Pr/Pr_Z59_ox3_CN9_nlig1_nitrate_4f3be724a7f9_attempt01_standard_dup2.xyz,data/processed/geometries_regenerated_fail_long_bond/rejected/Pr/Pr_Z59_ox3_CN9_nlig1_nitrate_4f3be724a7f9_attempt01_standard_dup2.mol2,-2744.3096737250257,,FAIL_LONG_BOND,coreCN_max_dist>3.10,O65:2.070;O64:2.070;N14:2.309;N15:2.434;N25:2.443;N62:2.444;N26:2.630;N5:2.933;N6:3.135,3.1354,3.5953,0.4599,O65:2.070;O64:2.070;N14:2.309;N15:2.434;N25:2.443;N62:2.444;N26:2.630;N5:2.933;N6:3.135;O63:3.595;N24:3.977
202,4f3be724a7f9,Pr,59,3,CCCc1nnc(-c2cccc(-c3nnc(CCC)c(CCC)n3)n2)nc1CCC,"[4, 5, 13, 14, 23, 24, 25]",7,9,1,nitrate,59|CCCc1nnc(-c2cccc(-c3nnc(CCC)c(CCC)n3)n2)nc1CCC|nitrate,/nfs/home/nshank3/lanthanide_dataset_builder/data/geometries/Pr/Pr_Z59_ox3_CN9_nlig1_nitrate_4f3be724a7f9.xyz,2,standard,1417982385,50,6,250,0,rejected_by_nearest_coreCN_qc,False,,data/processed/geometries_regenerated_fail_long_bond/rejected/Pr/Pr_Z59_ox3_CN9_nlig1_nitrate_4f3be724a7f9_attempt02_standard_dup2.xyz,data/processed/geometries_regenerated_fail_long_bond/rejected/Pr/Pr_Z59_ox3_CN9_nlig1_nitrate_4f3be724a7f9_attempt02_standard_dup2.mol2,-2746.2846649329795,,FAIL_LONG_BOND,coreCN_max_dist>3.10,O64:2.066;O65:2.109;N14:2.273;N62:2.370;N5:2.386;N6:2.408;N15:2.534;N25:2.581;O63:3.447,3.4472,3.5876,0.1404,O64:2.066;O65:2.109;N14:2.273;N62:2.370;N5:2.386;N6:2.408;N15:2.534;N25:2.581;O63:3.447;N26:3.588;N24:4.007
203,a000d0fe0bcb,Pr,59,3,CC12CCC(c3nnc(-c4cccc(-c5nnc6c(n5)C5(C)CCC6C5(C)C)n4)nc31)C2(C)C,"[6, 7, 15, 16, 19, 28, 29]",7,9,1,nitrate,59|CC12CCC(c3nnc(-c4cccc(-c5nnc6c(n5)C5(C)CCC6C5(C)C)n4)nc31)C2(C)C|nitrate,/nfs/home/nshank3/lanthanide_dataset_builder/data/geometries/Pr/Pr_Z59_ox3_CN9_nlig1_nitrate_a000d0fe0bcb.xyz,1,standard,1260389885,40,5,250,0,rejected_by_nearest_coreCN_qc,False,,data/processed/geometries_regenerated_fail_long_bond/rejected/Pr/Pr_Z59_ox3_CN9_nlig1_nitrate_a000d0fe0bcb_attempt01_standard_dup2.xyz,data/processed/geometries_regenerated_fail_long_bond/rejected/Pr/Pr_Z59_ox3_CN9_nlig1_nitrate_a000d0fe0bcb_attempt01_standard_dup2.mol2,-2979.0824973013378,,FAIL_LONG_BOND,coreCN_max_dist>3.10,O68:2.069;O69:2.086;N8:2.367;N66:2.420;N29:2.518;N20:2.815;N7:2.966;O67:3.547;N17:3.588,3.5882,3.7425,0.1543,O68:2.069;O69:2.086;N8:2.367;N66:2.420;N29:2.518;N20:2.815;N7:2.966;O67:3.547;N17:3.588;N16:3.742;N30:4.074
203,a000d0fe0bcb,Pr,59,3,CC12CCC(c3nnc(-c4cccc(-c5nnc6c(n5)C5(C)CCC6C5(C)C)n4)nc31)C2(C)C,"[6, 7, 15, 16, 19, 28, 29]",7,9,1,nitrate,59|CC12CCC(c3nnc(-c4cccc(-c5nnc6c(n5)C5(C)CCC6C5(C)C)n4)nc31)C2(C)C|nitrate,/nfs/home/nshank3/lanthanide_dataset_builder/data/geometries/Pr/Pr_Z59_ox3_CN9_nlig1_nitrate_a000d0fe0bcb.xyz,2,standard,1260397804,50,6,250,0,rejected_by_nearest_coreCN_qc,False,,data/processed/geometries_regenerated_fail_long_bond/rejected/Pr/Pr_Z59_ox3_CN9_nlig1_nitrate_a000d0fe0bcb_attempt02_standard_dup2.xyz,data/processed/geometries_regenerated_fail_long_bond/rejected/Pr/Pr_Z59_ox3_CN9_nlig1_nitrate_a000d0fe0bcb_attempt02_standard_dup2.mol2,-2980.0922894452674,,FAIL_LONG_BOND,coreCN_max_dist>3.10,O69:2.075;O68:2.127;N8:2.325;N66:2.445;N16:2.448;N29:2.507;N17:2.552;N7:2.575;N20:3.530,3.5297,3.5742,0.0445,O69:2.075;O68:2.127;N8:2.325;N66:2.445;N16:2.448;N29:2.507;N17:2.552;N7:2.575;N20:3.530;O67:3.574;N30:4.134
204,a0d3025a66af,Pr,59,3,CCCCCCn1c(-c2ccccc2)c(-c2ccccc2)c2cc3ccc4cc5c(-c6ccccc6)c(-c6ccccc6)n(CCCCCC)c(=O)c5nc4c3nc2c1=O,"[6, 43, 51, 53, 56, 59]",6,9,1,nitrate,59|CCCCCCn1c(-c2ccccc2)c(-c2ccccc2)c2cc3ccc4cc5c(-c6ccccc6)c(-c6ccccc6)n(CCCCCC)c(=O)c5nc4c3nc2c1=O|nitrate,/nfs/home/nshank3/lanthanide_dataset_builder/data/geometries/Pr/Pr_Z59_ox3_CN9_nlig1_nitrate_a0d3025a66af.xyz,1,standard,1940619539,40,5,250,0,rejected_by_nearest_coreCN_qc,False,,data/processed/geometries_regenerated_fail_long_bond/rejected/Pr/Pr_Z59_ox3_CN9_nlig1_nitrate_a0d3025a66af_attempt01_standard_dup2.xyz,data/processed/geometries_regenerated_fail_long_bond/rejected/Pr/Pr_Z59_ox3_CN9_nlig1_nitrate_a0d3025a66af_attempt01_standard_dup2.mol2,-4940.7886298895455,,FAIL_LONG_BOND,coreCN_max_dist>3.10,O113:2.070;O114:2.124;O60:2.282;O52:2.298;N111:2.355;O115:2.433;N54:2.487;N57:2.512;O112:3.423,3.4228,3.7886,0.3658,O113:2.070;O114:2.124;O60:2.282;O52:2.298;N111:2.355;O115:2.433;N54:2.487;N57:2.512;O112:3.423;N44:3.789;N7:4.152
204,a0d3025a66af,Pr,59,3,CCCCCCn1c(-c2ccccc2)c(-c2ccccc2)c2cc3ccc4cc5c(-c6ccccc6)c(-c6ccccc6)n(CCCCCC)c(=O)c5nc4c3nc2c1=O,"[6, 43, 51, 53, 56, 59]",6,9,1,nitrate,59|CCCCCCn1c(-c2ccccc2)c(-c2ccccc2)c2cc3ccc4cc5c(-c6ccccc6)c(-c6ccccc6)n(CCCCCC)c(=O)c5nc4c3nc2c1=O|nitrate,/nfs/home/nshank3/lanthanide_dataset_builder/data/geometries/Pr/Pr_Z59_ox3_CN9_nlig1_nitrate_a0d3025a66af.xyz,2,standard,1940627458,50,6,250,8,build_failed,False,,,,,no_structures_returned,BUILD_FAILED,no_structures_returned,,,,,
205,b23446691216,Pr,59,3,CCCCCc1nnc(-c2cccc(-c3cccc(-c4nnc(CCCCC)c(CCCCC)n4)n3)n2)nc1CCCCC,"[6, 7, 20, 21, 34, 35, 36, 37]",8,9,1,nitrate,59|CCCCCc1nnc(-c2cccc(-c3cccc(-c4nnc(CCCCC)c(CCCCC)n4)n3)n2)nc1CCCCC|nitrate,/nfs/home/nshank3/lanthanide_dataset_builder/data/geometries/Pr/Pr_Z59_ox3_CN9_nlig1_nitrate_b23446691216.xyz,1,standard,344883681,40,5,250,0,rejected_by_nearest_coreCN_qc,False,,data/processed/geometries_regenerated_fail_long_bond/rejected/Pr/Pr_Z59_ox3_CN9_nlig1_nitrate_b23446691216_attempt01_standard_dup2.xyz,data/processed/geometries_regenerated_fail_long_bond/rejected/Pr/Pr_Z59_ox3_CN9_nlig1_nitrate_b23446691216_attempt01_standard_dup2.mol2,-3560.8169619447026,,FAIL_LONG_BOND,coreCN_max_dist>3.10,N21:2.292;N8:2.361;O95:2.446;N37:2.535;N7:2.549;N36:2.569;N22:2.841;N38:3.946;N35:4.452,4.4524,inf,inf,N21:2.292;N8:2.361;O95:2.446;N37:2.535;N7:2.549;N36:2.569;N22:2.841;N38:3.946;N35:4.452
205,b23446691216,Pr,59,3,CCCCCc1nnc(-c2cccc(-c3cccc(-c4nnc(CCCCC)c(CCCCC)n4)n3)n2)nc1CCCCC,"[6, 7, 20, 21, 34, 35, 36, 37]",8,9,1,nitrate,59|CCCCCc1nnc(-c2cccc(-c3cccc(-c4nnc(CCCCC)c(CCCCC)n4)n3)n2)nc1CCCCC|nitrate,/nfs/home/nshank3/lanthanide_dataset_builder/data/geometries/Pr/Pr_Z59_ox3_CN9_nlig1_nitrate_b23446691216.xyz,2,standard,344891600,50,6,250,0,rejected_by_nearest_coreCN_qc,False,,data/processed/geometries_regenerated_fail_long_bond/rejected/Pr/Pr_Z59_ox3_CN9_nlig1_nitrate_b23446691216_attempt02_standard_dup2.xyz,data/processed/geometries_regenerated_fail_long_bond/rejected/Pr/Pr_Z59_ox3_CN9_nlig1_nitrate_b23446691216_attempt02_standard_dup2.mol2,-3560.0492310175937,,FAIL_LONG_BOND,coreCN_max_dist>3.10,N21:2.256;N8:2.365;N37:2.465;N22:2.501;O95:2.548;N36:2.674;N7:2.677;N38:2.823;N35:3.833,3.8325,inf,inf,N21:2.256;N8:2.365;N37:2.465;N22:2.501;O95:2.548;N36:2.674;N7:2.677;N38:2.823;N35:3.833
206,ee16c94c1ba9,Pr,59,3,O=C(O)CN(CCO)CCN(CC(=O)O)CC(=O)O,"[0, 2, 4, 7, 10, 13, 14, 17]",8,9,1,nitrate,59|O=C(O)CN(CCO)CCN(CC(=O)O)CC(=O)O|nitrate,/nfs/home/nshank3/lanthanide_dataset_builder/data/geometries/Pr/Pr_Z59_ox3_CN9_nlig1_nitrate_ee16c94c1ba9.xyz,1,standard,1083870696,40,5,250,0,rejected_by_nearest_coreCN_qc,False,,data/processed/geometries_regenerated_fail_long_bond/rejected/Pr/Pr_Z59_ox3_CN9_nlig1_nitrate_ee16c94c1ba9_attempt01_standard_dup2.xyz,data/processed/geometries_regenerated_fail_long_bond/rejected/Pr/Pr_Z59_ox3_CN9_nlig1_nitrate_ee16c94c1ba9_attempt01_standard_dup2.mol2,-1900.2873449772176,,FAIL_LONG_BOND,coreCN_max_dist>3.10,O18:2.252;O14:2.254;O1:2.309;O38:2.382;O8:2.450;N5:2.530;N11:2.836;O15:4.403;O19:4.411,4.4112,4.4186,0.0074,O18:2.252;O14:2.254;O1:2.309;O38:2.382;O8:2.450;N5:2.530;N11:2.836;O15:4.403;O19:4.411;O3:4.419
206,ee16c94c1ba9,Pr,59,3,O=C(O)CN(CCO)CCN(CC(=O)O)CC(=O)O,"[0, 2, 4, 7, 10, 13, 14, 17]",8,9,1,nitrate,59|O=C(O)CN(CCO)CCN(CC(=O)O)CC(=O)O|nitrate,/nfs/home/nshank3/lanthanide_dataset_builder/data/geometries/Pr/Pr_Z59_ox3_CN9_nlig1_nitrate_ee16c94c1ba9.xyz,2,standard,1083878615,50,6,250,0,rejected_by_nearest_coreCN_qc,False,,data/processed/geometries_regenerated_fail_long_bond/rejected/Pr/Pr_Z59_ox3_CN9_nlig1_nitrate_ee16c94c1ba9_attempt02_standard_dup2.xyz,data/processed/geometries_regenerated_fail_long_bond/rejected/Pr/Pr_Z59_ox3_CN9_nlig1_nitrate_ee16c94c1ba9_attempt02_standard_dup2.mol2,-1900.3500786406055,,FAIL_LONG_BOND,coreCN_max_dist>3.10,O18:2.226;O1:2.239;O38:2.323;O14:2.325;O8:2.435;N5:2.603;N11:2.680;O19:4.352;O3:4.365,4.3645,4.4283,0.0638,O18:2.226;O1:2.239;O38:2.323;O14:2.325;O8:2.435;N5:2.603;N11:2.680;O19:4.352;O3:4.365;O15:4.428
207,ed83b77205f9,Pr,59,3,CCCCCCn1c(-c2ccccc2)c(-c2ccccc2)c2cc3ccc4cc5c(-c6ccccc6)c(-c6ccccc6)n(CCCCCC)c(=O)c5nc4c3nc2c1=O,"[6, 43, 51, 53, 56, 59]",6,9,1,water,59|CCCCCCn1c(-c2ccccc2)c(-c2ccccc2)c2cc3ccc4cc5c(-c6ccccc6)c(-c6ccccc6)n(CCCCCC)c(=O)c5nc4c3nc2c1=O|water,/nfs/home/nshank3/lanthanide_dataset_builder/data/geometries/Pr/Pr_Z59_ox3_CN9_nlig1_water_ed83b77205f9.xyz,1,standard,1823109890,40,5,250,0,rejected_by_nearest_coreCN_qc,False,,data/processed/geometries_regenerated_fail_long_bond/rejected/Pr/Pr_Z59_ox3_CN9_nlig1_water_ed83b77205f9_attempt01_standard_dup2.xyz,data/processed/geometries_regenerated_fail_long_bond/rejected/Pr/Pr_Z59_ox3_CN9_nlig1_water_ed83b77205f9_attempt01_standard_dup2.mol2,-4795.297655115452,,FAIL_LONG_BOND,coreCN_max_dist>3.10,O60:2.300;O52:2.316;O111:2.508;N57:2.652;O117:2.660;N54:2.794;O114:3.255;N44:4.325;N7:4.388,4.3877,inf,inf,O60:2.300;O52:2.316;O111:2.508;N57:2.652;O117:2.660;N54:2.794;O114:3.255;N44:4.325;N7:4.388
207,ed83b77205f9,Pr,59,3,CCCCCCn1c(-c2ccccc2)c(-c2ccccc2)c2cc3ccc4cc5c(-c6ccccc6)c(-c6ccccc6)n(CCCCCC)c(=O)c5nc4c3nc2c1=O,"[6, 43, 51, 53, 56, 59]",6,9,1,water,59|CCCCCCn1c(-c2ccccc2)c(-c2ccccc2)c2cc3ccc4cc5c(-c6ccccc6)c(-c6ccccc6)n(CCCCCC)c(=O)c5nc4c3nc2c1=O|water,/nfs/home/nshank3/lanthanide_dataset_builder/data/geometries/Pr/Pr_Z59_ox3_CN9_nlig1_water_ed83b77205f9.xyz,2,standard,1823117809,50,6,250,0,rejected_by_nearest_coreCN_qc,False,,data/processed/geometries_regenerated_fail_long_bond/rejected/Pr/Pr_Z59_ox3_CN9_nlig1_water_ed83b77205f9_attempt02_standard.xyz,data/processed/geometries_regenerated_fail_long_bond/rejected/Pr/Pr_Z59_ox3_CN9_nlig1_water_ed83b77205f9_attempt02_standard.mol2,-4794.2892226402555,,FAIL_LONG_BOND,coreCN_max_dist>3.10,O52:2.164;O60:2.172;N57:2.540;N54:2.549;O117:2.601;O114:2.630;O111:3.490;N7:3.767;N44:4.123,4.1234,inf,inf,O52:2.164;O60:2.172;N57:2.540;N54:2.549;O117:2.601;O114:2.630;O111:3.490;N7:3.767;N44:4.123
209,c30d549b27cf,Pr,59,3,CCCCCCCCN(CCCCCCCC)C(=O)c1ccc2ccc3ccc(C(=O)N(CCCCCCCC)CCCCCCCC)nc3c2n1,"[18, 30, 48, 51]",4,9,2,water,59|CCCCCCCCN(CCCCCCCC)C(=O)c1ccc2ccc3ccc(C(=O)N(CCCCCCCC)CCCCCCCC)nc3c2n1|water,/nfs/home/nshank3/lanthanide_dataset_builder/data/geometries/Pr/Pr_Z59_ox3_CN9_nlig2_water_c30d549b27cf.xyz,1,standard,1631534706,40,5,250,0,rejected_by_nearest_coreCN_qc,False,,data/processed/geometries_regenerated_fail_long_bond/rejected/Pr/Pr_Z59_ox3_CN9_nlig2_water_c30d549b27cf_attempt01_standard_dup2.xyz,data/processed/geometries_regenerated_fail_long_bond/rejected/Pr/Pr_Z59_ox3_CN9_nlig2_water_c30d549b27cf_attempt01_standard_dup2.mol2,-8641.538556091293,,BORDERLINE_LONGISH,coreCN_max_dist>2.95,O145:2.418;N52:2.452;N175:2.470;N49:2.473;O19:2.523;N178:2.541;O157:2.558;O31:2.636;O253:3.015,3.0151,4.337,1.3219,O145:2.418;N52:2.452;N175:2.470;N49:2.473;O19:2.523;N178:2.541;O157:2.558;O31:2.636;O253:3.015;N9:4.337;N32:4.433;N158:4.434;N135:4.586
209,c30d549b27cf,Pr,59,3,CCCCCCCCN(CCCCCCCC)C(=O)c1ccc2ccc3ccc(C(=O)N(CCCCCCCC)CCCCCCCC)nc3c2n1,"[18, 30, 48, 51]",4,9,2,water,59|CCCCCCCCN(CCCCCCCC)C(=O)c1ccc2ccc3ccc(C(=O)N(CCCCCCCC)CCCCCCCC)nc3c2n1|water,/nfs/home/nshank3/lanthanide_dataset_builder/data/geometries/Pr/Pr_Z59_ox3_CN9_nlig2_water_c30d549b27cf.xyz,2,standard,1631542625,50,6,250,0,rejected_by_nearest_coreCN_qc,False,,data/processed/geometries_regenerated_fail_long_bond/rejected/Pr/Pr_Z59_ox3_CN9_nlig2_water_c30d549b27cf_attempt02_standard_dup2.xyz,data/processed/geometries_regenerated_fail_long_bond/rejected/Pr/Pr_Z59_ox3_CN9_nlig2_water_c30d549b27cf_attempt02_standard_dup2.mol2,-8641.344533445921,,BORDERLINE_LONGISH,coreCN_max_dist>2.95,O157:2.240;O145:2.390;O31:2.496;O19:2.529;N49:2.667;N52:2.736;N175:2.783;N178:2.789;O253:3.096,3.096,4.3678,1.2717,O157:2.240;O145:2.390;O31:2.496;O19:2.529;N49:2.667;N52:2.736;N175:2.783;N178:2.789;O253:3.096;N158:4.368;N135:4.511;N32:4.544;N9:4.734
210,002121ae5677,Pr,59,3,CCCCCCCCCCN(CCCCCCCCCC)C(=O)C(C)OC(C)C(=O)N(CCCCCCCCCC)CCCCCCCCCC,"[22, 25, 29]",3,9,3,nitrate,59|CCCCCCCCCCN(CCCCCCCCCC)C(=O)C(C)OC(C)C(=O)N(CCCCCCCCCC)CCCCCCCCCC|nitrate,/nfs/home/nshank3/lanthanide_dataset_builder/data/geometries/Pr/Pr_Z59_ox3_CN9_nlig3_nitrate_002121ae5677.xyz,1,standard,530427514,40,5,250,124,failed_timeout,False,tri_mer_bent,,,,exceeded 2400s,BUILD_FAILED,timeout,,,,,
210,002121ae5677,Pr,59,3,CCCCCCCCCCN(CCCCCCCCCC)C(=O)C(C)OC(C)C(=O)N(CCCCCCCCCC)CCCCCCCCCC,"[22, 25, 29]",3,9,3,nitrate,59|CCCCCCCCCCN(CCCCCCCCCC)C(=O)C(C)OC(C)C(=O)N(CCCCCCCCCC)CCCCCCCCCC|nitrate,/nfs/home/nshank3/lanthanide_dataset_builder/data/geometries/Pr/Pr_Z59_ox3_CN9_nlig3_nitrate_002121ae5677.xyz,2,standard,530435433,50,6,250,0,rejected_by_nearest_coreCN_qc,False,tri_mer_bent,data/processed/geometries_regenerated_fail_long_bond/rejected/Pr/Pr_Z59_ox3_CN9_nlig3_nitrate_002121ae5677_attempt02_standard_dup2.xyz,data/processed/geometries_regenerated_fail_long_bond/rejected/Pr/Pr_Z59_ox3_CN9_nlig3_nitrate_002121ae5677_attempt02_standard_dup2.mol2,-13357.550501539115,,FAIL_LONG_BOND,coreCN_max_dist>3.10,O309:2.231;O316:2.413;O30:2.437;O23:2.482;O166:2.510;O26:2.676;O169:2.826;O173:2.855;O312:3.468,3.468,4.1182,0.6502,O309:2.231;O316:2.413;O30:2.437;O23:2.482;O166:2.510;O26:2.676;O169:2.826;O173:2.855;O312:3.468;N297:4.118;N317:4.456;N154:4.570;N31:4.649;N11:4.671;N174:5.043
211,62889dab346c,Pr,59,3,CCCCCCCCN(CCCCCCCC)C(=O)[C@H](CCC)O[C@H](CCC)C(=O)N(CCCCCCCC)CCCCCCCC,"[18, 23, 29]",3,9,3,nitrate,59|CCCCCCCCN(CCCCCCCC)C(=O)[C@H](CCC)O[C@H](CCC)C(=O)N(CCCCCCCC)CCCCCCCC|nitrate,/nfs/home/nshank3/lanthanide_dataset_builder/data/geometries/Pr/Pr_Z59_ox3_CN9_nlig3_nitrate_62889dab346c.xyz,1,standard,567654610,40,5,250,0,rejected_by_nearest_coreCN_qc,False,,data/processed/geometries_regenerated_fail_long_bond/rejected/Pr/Pr_Z59_ox3_CN9_nlig3_nitrate_62889dab346c_attempt01_standard_dup2.xyz,data/processed/geometries_regenerated_fail_long_bond/rejected/Pr/Pr_Z59_ox3_CN9_nlig3_nitrate_62889dab346c_attempt01_standard_dup2.mol2,-12323.627855199202,,FAIL_LONG_BOND,coreCN_max_dist>3.10,O281:2.122;O292:2.212;O19:2.237;O150:2.504;O155:2.521;O30:2.645;O161:2.718;O24:2.911;O286:3.642,3.6416,4.0243,0.3827,O281:2.122;O292:2.212;O19:2.237;O150:2.504;O155:2.521;O30:2.645;O161:2.718;O24:2.911;O286:3.642;N293:4.024;N271:4.151;N9:4.337;N140:4.570;N31:4.830;N162:4.888
211,62889dab346c,Pr,59,3,CCCCCCCCN(CCCCCCCC)C(=O)[C@H](CCC)O[C@H](CCC)C(=O)N(CCCCCCCC)CCCCCCCC,"[18, 23, 29]",3,9,3,nitrate,59|CCCCCCCCN(CCCCCCCC)C(=O)[C@H](CCC)O[C@H](CCC)C(=O)N(CCCCCCCC)CCCCCCCC|nitrate,/nfs/home/nshank3/lanthanide_dataset_builder/data/geometries/Pr/Pr_Z59_ox3_CN9_nlig3_nitrate_62889dab346c.xyz,2,standard,567662529,50,6,250,0,rejected_by_nearest_coreCN_qc,False,,data/processed/geometries_regenerated_fail_long_bond/rejected/Pr/Pr_Z59_ox3_CN9_nlig3_nitrate_62889dab346c_attempt02_standard_dup2.xyz,data/processed/geometries_regenerated_fail_long_bond/rejected/Pr/Pr_Z59_ox3_CN9_nlig3_nitrate_62889dab346c_attempt02_standard_dup2.mol2,-12323.91181596343,,FAIL_LONG_BOND,coreCN_max_dist>3.10,O30:2.284;O150:2.399;O292:2.611;O281:2.763;O155:2.805;O286:2.856;O161:2.885;O24:3.054;O19:3.217,3.2174,4.43,1.2127,O30:2.284;O150:2.399;O292:2.611;O281:2.763;O155:2.805;O286:2.856;O161:2.885;O24:3.054;O19:3.217;N31:4.430;N140:4.539;N293:4.805;N271:4.974;N162:5.068;N9:5.396
213,6b34bf7e6a1e,Pr,59,3,CCCCCCCCP(=O)(CCCCCCCC)Cc1cccc(CP(=O)(CCCCCCCC)CCCCCCCC)[n+]1[O-],"[9, 26, 44]",3,9,3,nitrate,59|CCCCCCCCP(=O)(CCCCCCCC)Cc1cccc(CP(=O)(CCCCCCCC)CCCCCCCC)[n+]1[O-]|nitrate,/nfs/home/nshank3/lanthanide_dataset_builder/data/geometries/Pr/Pr_Z59_ox3_CN9_nlig3_nitrate_6b34bf7e6a1e.xyz,1,standard,1036685808,40,5,250,0,accepted,True,,data/processed/geometries_regenerated_fail_long_bond/accepted/Pr/Pr_Z59_ox3_CN9_nlig3_nitrate_6b34bf7e6a1e_attempt01_standard.xyz,data/processed/geometries_regenerated_fail_long_bond/accepted/Pr/Pr_Z59_ox3_CN9_nlig3_nitrate_6b34bf7e6a1e_attempt01_standard.mol2,-11600.4348967374,,OK,nearest_coreCN_qc_ok,O10:2.253;O45:2.257;O165:2.277;O147:2.427;O285:2.437;O27:2.608;O130:2.633;O267:2.777;O250:2.875,2.8753,3.1232,0.248,O10:2.253;O45:2.257;O165:2.277;O147:2.427;O285:2.437;O27:2.608;O130:2.633;O267:2.777;O250:2.875;N164:3.123;N44:3.334;P9:3.400;P129:3.577;N284:3.583;P146:3.683;P26:3.887;P249:4.057;P266:4.166
216,a9a7588bfc02,Pr,59,3,CCCCCCCCN(C)C(=O)C(CCOCCCCCC)C(=O)N(C)CCCCCCCC,"[11, 15, 23]",3,9,3,nitrate,59|CCCCCCCCN(C)C(=O)C(CCOCCCCCC)C(=O)N(C)CCCCCCCC|nitrate,/nfs/home/nshank3/lanthanide_dataset_builder/data/geometries/Pr/Pr_Z59_ox3_CN9_nlig3_nitrate_a9a7588bfc02.xyz,1,standard,2062836327,40,5,250,0,rejected_by_nearest_coreCN_qc,False,,data/processed/geometries_regenerated_fail_long_bond/rejected/Pr/Pr_Z59_ox3_CN9_nlig3_nitrate_a9a7588bfc02_attempt01_standard_dup2.xyz,data/processed/geometries_regenerated_fail_long_bond/rejected/Pr/Pr_Z59_ox3_CN9_nlig3_nitrate_a9a7588bfc02_attempt01_standard_dup2.mol2,-8967.670782204397,,BORDERLINE_LONGISH,coreCN_max_dist>2.95,O104:2.293;O208:2.472;O116:2.508;O24:2.509;O196:2.594;O12:2.659;O108:2.724;O200:2.730;O16:3.009,3.0092,4.4923,1.4831,O104:2.293;O208:2.472;O116:2.508;O24:2.509;O196:2.594;O12:2.659;O108:2.724;O200:2.730;O16:3.009;N101:4.492;N117:4.661;N209:4.718;N25:4.749;N193:4.793;N9:4.885
216,a9a7588bfc02,Pr,59,3,CCCCCCCCN(C)C(=O)C(CCOCCCCCC)C(=O)N(C)CCCCCCCC,"[11, 15, 23]",3,9,3,nitrate,59|CCCCCCCCN(C)C(=O)C(CCOCCCCCC)C(=O)N(C)CCCCCCCC|nitrate,/nfs/home/nshank3/lanthanide_dataset_builder/data/geometries/Pr/Pr_Z59_ox3_CN9_nlig3_nitrate_a9a7588bfc02.xyz,2,standard,2062844246,50,6,250,0,rejected_by_nearest_coreCN_qc,False,,data/processed/geometries_regenerated_fail_long_bond/rejected/Pr/Pr_Z59_ox3_CN9_nlig3_nitrate_a9a7588bfc02_attempt02_standard.xyz,data/processed/geometries_regenerated_fail_long_bond/rejected/Pr/Pr_Z59_ox3_CN9_nlig3_nitrate_a9a7588bfc02_attempt02_standard.mol2,-8967.191625929205,,FAIL_LONG_BOND,coreCN_max_dist>3.10,O208:2.225;O24:2.284;O116:2.335;O104:2.510;O16:2.553;O12:2.661;O200:2.700;O196:2.744;O108:3.309,3.3089,4.403,1.0941,O208:2.225;O24:2.284;O116:2.335;O104:2.510;O16:2.553;O12:2.661;O200:2.700;O196:2.744;O108:3.309;N209:4.403;N117:4.460;N25:4.505;N101:4.746;N9:4.802;N193:4.955
217,dffea6f8c61d,Pr,59,3,CCCCCCCCCCCCN(CCCCCCCCCCCC)C(=O)COC1CCCN(CCCCCC)C1=O,"[26, 28, 41]",3,9,3,nitrate,59|CCCCCCCCCCCCN(CCCCCCCCCCCC)C(=O)COC1CCCN(CCCCCC)C1=O|nitrate,/nfs/home/nshank3/lanthanide_dataset_builder/data/geometries/Pr/Pr_Z59_ox3_CN9_nlig3_nitrate_dffea6f8c61d.xyz,1,standard,1679290574,40,5,250,-6,build_failed,False,,,,,munmap_chunk(): invalid pointer,BUILD_FAILED,munmap_chunk(): invalid pointer,,,,,
217,dffea6f8c61d,Pr,59,3,CCCCCCCCCCCCN(CCCCCCCCCCCC)C(=O)COC1CCCN(CCCCCC)C1=O,"[26, 28, 41]",3,9,3,nitrate,59|CCCCCCCCCCCCN(CCCCCCCCCCCC)C(=O)COC1CCCN(CCCCCC)C1=O|nitrate,/nfs/home/nshank3/lanthanide_dataset_builder/data/geometries/Pr/Pr_Z59_ox3_CN9_nlig3_nitrate_dffea6f8c61d.xyz,2,standard,1679298493,50,6,250,-6,build_failed,False,,,,,munmap_chunk(): invalid pointer,BUILD_FAILED,munmap_chunk(): invalid pointer,,,,,
219,eeaf9d72b5fd,Pr,59,3,CCCCCCCCN(CCCCCCCC)C(=O)C(C)OC(C)C(=O)N(CCCCCCCC)CCCCCCCC,"[18, 21, 25]",3,9,3,nitrate,59|CCCCCCCCN(CCCCCCCC)C(=O)C(C)OC(C)C(=O)N(CCCCCCCC)CCCCCCCC|nitrate,/nfs/home/nshank3/lanthanide_dataset_builder/data/geometries/Pr/Pr_Z59_ox3_CN9_nlig3_nitrate_eeaf9d72b5fd.xyz,1,standard,601261367,40,5,250,0,accepted,True,,data/processed/geometries_regenerated_fail_long_bond/accepted/Pr/Pr_Z59_ox3_CN9_nlig3_nitrate_eeaf9d72b5fd_attempt01_standard.xyz,data/processed/geometries_regenerated_fail_long_bond/accepted/Pr/Pr_Z59_ox3_CN9_nlig3_nitrate_eeaf9d72b5fd_attempt01_standard.mol2,-11291.536399261482,,OK,nearest_coreCN_qc_ok,O257:2.183;O138:2.212;O26:2.239;O22:2.657;O264:2.673;O19:2.679;O260:2.707;O141:2.795;O145:2.931,2.9307,4.2371,1.3064,O257:2.183;O138:2.212;O26:2.239;O22:2.657;O264:2.673;O19:2.679;O260:2.707;O141:2.795;O145:2.931;N128:4.237;N247:4.327;N27:4.367;N9:4.653;N265:4.707;N146:4.971
221,57d63caa8449,Pr,59,3,CCCCCCC(CCCC)CCCN(C)C(=O)COCC(=O)N(C)CCCC(CCCC)CCCCCC,"[17, 19, 22]",3,9,3,water,59|CCCCCCC(CCCC)CCCN(C)C(=O)COCC(=O)N(C)CCCC(CCCC)CCCCCC|water,/nfs/home/nshank3/lanthanide_dataset_builder/data/geometries/Pr/Pr_Z59_ox3_CN9_nlig3_water_57d63caa8449.xyz,1,standard,64819654,40,5,250,0,rejected_by_nearest_coreCN_qc,False,,data/processed/geometries_regenerated_fail_long_bond/rejected/Pr/Pr_Z59_ox3_CN9_nlig3_water_57d63caa8449_attempt01_standard_dup2.xyz,data/processed/geometries_regenerated_fail_long_bond/rejected/Pr/Pr_Z59_ox3_CN9_nlig3_water_57d63caa8449_attempt01_standard_dup2.mol2,-10256.421773977618,,FAIL_LONG_BOND,coreCN_max_dist>3.10,O18:2.152;O237:2.207;O130:2.318;O125:2.495;O127:2.524;O232:2.671;O234:2.672;O20:3.457;O23:3.918,3.9177,4.1286,0.2109,O18:2.152;O237:2.207;O130:2.318;O125:2.495;O127:2.524;O232:2.671;O234:2.672;O20:3.457;O23:3.918;N238:4.129;N15:4.165;N122:4.446;N131:4.489;N229:4.801;N24:6.066
221,57d63caa8449,Pr,59,3,CCCCCCC(CCCC)CCCN(C)C(=O)COCC(=O)N(C)CCCC(CCCC)CCCCCC,"[17, 19, 22]",3,9,3,water,59|CCCCCCC(CCCC)CCCN(C)C(=O)COCC(=O)N(C)CCCC(CCCC)CCCCCC|water,/nfs/home/nshank3/lanthanide_dataset_builder/data/geometries/Pr/Pr_Z59_ox3_CN9_nlig3_water_57d63caa8449.xyz,2,standard,64827573,50,6,250,0,rejected_by_nearest_coreCN_qc,False,,data/processed/geometries_regenerated_fail_long_bond/rejected/Pr/Pr_Z59_ox3_CN9_nlig3_water_57d63caa8449_attempt02_standard_dup2.xyz,data/processed/geometries_regenerated_fail_long_bond/rejected/Pr/Pr_Z59_ox3_CN9_nlig3_water_57d63caa8449_attempt02_standard_dup2.mol2,-10257.778388704564,,FAIL_LONG_BOND,coreCN_max_dist>3.10,O237:2.327;O232:2.339;O125:2.644;O18:2.647;O23:2.744;O130:2.801;O20:2.802;O127:2.940;O234:3.169,3.1693,4.5137,1.3444,O237:2.327;O232:2.339;O125:2.644;O18:2.647;O23:2.744;O130:2.801;O20:2.802;O127:2.940;O234:3.169;N238:4.514;N229:4.532;N122:4.724;N15:4.735;N24:4.931;N131:5.004
223,e4103e24a2d3,Pr,59,3,CCCCCCCCN(CCCCCCCC)C(=O)COCC(=O)N(CCCCCCCC)CCCCCCCC,"[18, 20, 23]",3,9,3,water,59|CCCCCCCCN(CCCCCCCC)C(=O)COCC(=O)N(CCCCCCCC)CCCCCCCC|water,/nfs/home/nshank3/lanthanide_dataset_builder/data/geometries/Pr/Pr_Z59_ox3_CN9_nlig3_water_e4103e24a2d3.xyz,1,standard,1195959224,40,5,250,0,rejected_by_nearest_coreCN_qc,False,,data/processed/geometries_regenerated_fail_long_bond/rejected/Pr/Pr_Z59_ox3_CN9_nlig3_water_e4103e24a2d3_attempt01_standard_dup2.xyz,data/processed/geometries_regenerated_fail_long_bond/rejected/Pr/Pr_Z59_ox3_CN9_nlig3_water_e4103e24a2d3_attempt01_standard_dup2.mol2,-10774.576348419556,,FAIL_LONG_BOND,coreCN_max_dist>3.10,O250:2.273;O24:2.429;O132:2.437;O19:2.507;O21:2.598;O137:2.604;O134:2.926;O247:3.085;O245:3.636,3.636,4.4338,0.7977,O250:2.273;O24:2.429;O132:2.437;O19:2.507;O21:2.598;O137:2.604;O134:2.926;O247:3.085;O245:3.636;N251:4.434;N25:4.519;N122:4.604;N9:4.693;N138:4.802;N235:5.637
223,e4103e24a2d3,Pr,59,3,CCCCCCCCN(CCCCCCCC)C(=O)COCC(=O)N(CCCCCCCC)CCCCCCCC,"[18, 20, 23]",3,9,3,water,59|CCCCCCCCN(CCCCCCCC)C(=O)COCC(=O)N(CCCCCCCC)CCCCCCCC|water,/nfs/home/nshank3/lanthanide_dataset_builder/data/geometries/Pr/Pr_Z59_ox3_CN9_nlig3_water_e4103e24a2d3.xyz,2,standard,1195967143,50,6,250,0,accepted,True,,data/processed/geometries_regenerated_fail_long_bond/accepted/Pr/Pr_Z59_ox3_CN9_nlig3_water_e4103e24a2d3_attempt02_standard.xyz,data/processed/geometries_regenerated_fail_long_bond/accepted/Pr/Pr_Z59_ox3_CN9_nlig3_water_e4103e24a2d3_attempt02_standard.mol2,-10772.808359653449,,OK,nearest_coreCN_qc_ok,O137:2.386;O19:2.390;O250:2.401;O245:2.410;O24:2.426;O132:2.461;O247:2.544;O134:2.559;O21:2.593,2.5927,4.4318,1.8392,O137:2.386;O19:2.390;O250:2.401;O245:2.410;O24:2.426;O132:2.461;O247:2.544;O134:2.559;O21:2.593;N251:4.432;N25:4.507;N138:4.522;N9:4.560;N235:4.577;N122:4.614
224,6ddb7853aa70,Sm,62,3,CCCCCCn1c(-c2ccccc2)c(-c2ccccc2)c2cc3ccc4cc5c(-c6ccccc6)c(-c6ccccc6)n(CCCCCC)c(=O)c5nc4c3nc2c1=O,"[6, 43, 51, 53, 56, 59]",6,9,1,nitrate,62|CCCCCCn1c(-c2ccccc2)c(-c2ccccc2)c2cc3ccc4cc5c(-c6ccccc6)c(-c6ccccc6)n(CCCCCC)c(=O)c5nc4c3nc2c1=O|nitrate,/nfs/home/nshank3/lanthanide_dataset_builder/data/geometries/Sm/Sm_Z62_ox3_CN9_nlig1_nitrate_6ddb7853aa70.xyz,1,standard,340721620,40,5,250,8,build_failed,False,,,,,no_structures_returned,BUILD_FAILED,no_structures_returned,,,,,
224,6ddb7853aa70,Sm,62,3,CCCCCCn1c(-c2ccccc2)c(-c2ccccc2)c2cc3ccc4cc5c(-c6ccccc6)c(-c6ccccc6)n(CCCCCC)c(=O)c5nc4c3nc2c1=O,"[6, 43, 51, 53, 56, 59]",6,9,1,nitrate,62|CCCCCCn1c(-c2ccccc2)c(-c2ccccc2)c2cc3ccc4cc5c(-c6ccccc6)c(-c6ccccc6)n(CCCCCC)c(=O)c5nc4c3nc2c1=O|nitrate,/nfs/home/nshank3/lanthanide_dataset_builder/data/geometries/Sm/Sm_Z62_ox3_CN9_nlig1_nitrate_6ddb7853aa70.xyz,2,standard,340729539,50,6,250,0,rejected_by_nearest_coreCN_qc,False,,data/processed/geometries_regenerated_fail_long_bond/rejected/Sm/Sm_Z62_ox3_CN9_nlig1_nitrate_6ddb7853aa70_attempt02_standard_dup2.xyz,data/processed/geometries_regenerated_fail_long_bond/rejected/Sm/Sm_Z62_ox3_CN9_nlig1_nitrate_6ddb7853aa70_attempt02_standard_dup2.mol2,-4939.356238682402,,FAIL_LONG_BOND,coreCN_max_dist>3.10,O114:2.091;O113:2.104;N54:2.329;N111:2.395;O60:2.410;O52:2.422;N57:2.444;O115:2.607;O112:3.503,3.5035,4.3374,0.8339,O114:2.091;O113:2.104;N54:2.329;N111:2.395;O60:2.410;O52:2.422;N57:2.444;O115:2.607;O112:3.503;N44:4.337;N7:4.536
225,a2a36cd7a4f4,Sm,62,3,CC12CCC(c3nnc(-c4cccc(-c5nnc6c(n5)C5(C)CCC6C5(C)C)n4)nc31)C2(C)C,"[6, 7, 15, 16, 19, 28, 29]",7,9,1,nitrate,62|CC12CCC(c3nnc(-c4cccc(-c5nnc6c(n5)C5(C)CCC6C5(C)C)n4)nc31)C2(C)C|nitrate,/nfs/home/nshank3/lanthanide_dataset_builder/data/geometries/Sm/Sm_Z62_ox3_CN9_nlig1_nitrate_a2a36cd7a4f4.xyz,1,standard,1485092949,40,5,250,0,rejected_by_nearest_coreCN_qc,False,,data/processed/geometries_regenerated_fail_long_bond/rejected/Sm/Sm_Z62_ox3_CN9_nlig1_nitrate_a2a36cd7a4f4_attempt01_standard_dup2.xyz,data/processed/geometries_regenerated_fail_long_bond/rejected/Sm/Sm_Z62_ox3_CN9_nlig1_nitrate_a2a36cd7a4f4_attempt01_standard_dup2.mol2,-2979.0552278532514,,FAIL_LONG_BOND,coreCN_max_dist>3.10,O69:2.073;O68:2.124;N16:2.287;N66:2.368;N30:2.407;N29:2.417;N17:2.483;O67:3.414;N20:3.691,3.6907,3.8927,0.202,O69:2.073;O68:2.124;N16:2.287;N66:2.368;N30:2.407;N29:2.417;N17:2.483;O67:3.414;N20:3.691;N8:3.893;N7:4.068
225,a2a36cd7a4f4,Sm,62,3,CC12CCC(c3nnc(-c4cccc(-c5nnc6c(n5)C5(C)CCC6C5(C)C)n4)nc31)C2(C)C,"[6, 7, 15, 16, 19, 28, 29]",7,9,1,nitrate,62|CC12CCC(c3nnc(-c4cccc(-c5nnc6c(n5)C5(C)CCC6C5(C)C)n4)nc31)C2(C)C|nitrate,/nfs/home/nshank3/lanthanide_dataset_builder/data/geometries/Sm/Sm_Z62_ox3_CN9_nlig1_nitrate_a2a36cd7a4f4.xyz,2,standard,1485100868,50,6,250,0,rejected_by_nearest_coreCN_qc,False,,data/processed/geometries_regenerated_fail_long_bond/rejected/Sm/Sm_Z62_ox3_CN9_nlig1_nitrate_a2a36cd7a4f4_attempt02_standard_dup2.xyz,data/processed/geometries_regenerated_fail_long_bond/rejected/Sm/Sm_Z62_ox3_CN9_nlig1_nitrate_a2a36cd7a4f4_attempt02_standard_dup2.mol2,-2979.0012779675676,,FAIL_LONG_BOND,coreCN_max_dist>3.10,O68:2.053;O69:2.090;N29:2.306;N16:2.315;N8:2.391;N66:2.451;N7:2.548;N17:2.592;N30:3.185,3.1851,3.6132,0.4282,O68:2.053;O69:2.090;N29:2.306;N16:2.315;N8:2.391;N66:2.451;N7:2.548;N17:2.592;N30:3.185;O67:3.613;N20:3.768
226,b236b6f60311,Sm,62,3,O=C(O)CN(CCO)CCN(CC(=O)O)CC(=O)O,"[0, 2, 4, 7, 10, 13, 14, 17]",8,9,1,nitrate,62|O=C(O)CN(CCO)CCN(CC(=O)O)CC(=O)O|nitrate,/nfs/home/nshank3/lanthanide_dataset_builder/data/geometries/Sm/Sm_Z62_ox3_CN9_nlig1_nitrate_b236b6f60311.xyz,1,standard,1471158707,40,5,250,0,rejected_by_nearest_coreCN_qc,False,,data/processed/geometries_regenerated_fail_long_bond/rejected/Sm/Sm_Z62_ox3_CN9_nlig1_nitrate_b236b6f60311_attempt01_standard_dup2.xyz,data/processed/geometries_regenerated_fail_long_bond/rejected/Sm/Sm_Z62_ox3_CN9_nlig1_nitrate_b236b6f60311_attempt01_standard_dup2.mol2,-1899.2048240886263,,FAIL_LONG_BOND,coreCN_max_dist>3.10,O14:2.095;O18:2.179;O1:2.187;O38:2.352;O8:2.352;N5:2.494;N11:2.822;O15:3.328;O3:3.911,3.9108,4.2607,0.3499,O14:2.095;O18:2.179;O1:2.187;O38:2.352;O8:2.352;N5:2.494;N11:2.822;O15:3.328;O3:3.911;O19:4.261
226,b236b6f60311,Sm,62,3,O=C(O)CN(CCO)CCN(CC(=O)O)CC(=O)O,"[0, 2, 4, 7, 10, 13, 14, 17]",8,9,1,nitrate,62|O=C(O)CN(CCO)CCN(CC(=O)O)CC(=O)O|nitrate,/nfs/home/nshank3/lanthanide_dataset_builder/data/geometries/Sm/Sm_Z62_ox3_CN9_nlig1_nitrate_b236b6f60311.xyz,2,standard,1471166626,50,6,250,0,accepted,True,,data/processed/geometries_regenerated_fail_long_bond/accepted/Sm/Sm_Z62_ox3_CN9_nlig1_nitrate_b236b6f60311_attempt02_standard.xyz,data/processed/geometries_regenerated_fail_long_bond/accepted/Sm/Sm_Z62_ox3_CN9_nlig1_nitrate_b236b6f60311_attempt02_standard.mol2,-1898.1023081193605,,OK,nearest_coreCN_qc_ok,O18:2.199;O1:2.224;O38:2.310;N11:2.549;O8:2.588;O3:2.593;O14:2.668;N5:2.695;O15:2.819,2.8193,4.3281,1.5088,O18:2.199;O1:2.224;O38:2.310;N11:2.549;O8:2.588;O3:2.593;O14:2.668;N5:2.695;O15:2.819;O19:4.328
227,b9cb0fd3aa1f,Sm,62,3,CCCCCc1nnc(-c2cccc(-c3cccc(-c4nnc(CCCCC)c(CCCCC)n4)n3)n2)nc1CCCCC,"[6, 7, 20, 21, 34, 35, 36, 37]",8,9,1,nitrate,62|CCCCCc1nnc(-c2cccc(-c3cccc(-c4nnc(CCCCC)c(CCCCC)n4)n3)n2)nc1CCCCC|nitrate,/nfs/home/nshank3/lanthanide_dataset_builder/data/geometries/Sm/Sm_Z62_ox3_CN9_nlig1_nitrate_b9cb0fd3aa1f.xyz,1,standard,673681400,40,5,250,0,rejected_by_nearest_coreCN_qc,False,,data/processed/geometries_regenerated_fail_long_bond/rejected/Sm/Sm_Z62_ox3_CN9_nlig1_nitrate_b9cb0fd3aa1f_attempt01_standard_dup2.xyz,data/processed/geometries_regenerated_fail_long_bond/rejected/Sm/Sm_Z62_ox3_CN9_nlig1_nitrate_b9cb0fd3aa1f_attempt01_standard_dup2.mol2,-3559.5245676214886,,FAIL_LONG_BOND,coreCN_max_dist>3.10,N21:2.257;N37:2.530;O95:2.546;N38:2.656;N8:2.662;N22:2.703;N7:2.856;N36:2.875;N35:4.004,4.0044,inf,inf,N21:2.257;N37:2.530;O95:2.546;N38:2.656;N8:2.662;N22:2.703;N7:2.856;N36:2.875;N35:4.004
227,b9cb0fd3aa1f,Sm,62,3,CCCCCc1nnc(-c2cccc(-c3cccc(-c4nnc(CCCCC)c(CCCCC)n4)n3)n2)nc1CCCCC,"[6, 7, 20, 21, 34, 35, 36, 37]",8,9,1,nitrate,62|CCCCCc1nnc(-c2cccc(-c3cccc(-c4nnc(CCCCC)c(CCCCC)n4)n3)n2)nc1CCCCC|nitrate,/nfs/home/nshank3/lanthanide_dataset_builder/data/geometries/Sm/Sm_Z62_ox3_CN9_nlig1_nitrate_b9cb0fd3aa1f.xyz,2,standard,673689319,50,6,250,0,rejected_by_nearest_coreCN_qc,False,,data/processed/geometries_regenerated_fail_long_bond/rejected/Sm/Sm_Z62_ox3_CN9_nlig1_nitrate_b9cb0fd3aa1f_attempt02_standard_dup2.xyz,data/processed/geometries_regenerated_fail_long_bond/rejected/Sm/Sm_Z62_ox3_CN9_nlig1_nitrate_b9cb0fd3aa1f_attempt02_standard_dup2.mol2,-3558.879856080962,,FAIL_LONG_BOND,coreCN_max_dist>3.10,N8:2.298;N35:2.355;N37:2.374;N36:2.409;O95:2.412;N7:3.352;N38:3.672;N21:3.817;N22:4.270,4.2705,inf,inf,N8:2.298;N35:2.355;N37:2.374;N36:2.409;O95:2.412;N7:3.352;N38:3.672;N21:3.817;N22:4.270
228,ca5af664bc2a,Sm,62,3,CCCc1nnc(-c2cccc(-c3nnc(CCC)c(CCC)n3)n2)nc1CCC,"[4, 5, 13, 14, 23, 24, 25]",7,9,1,nitrate,62|CCCc1nnc(-c2cccc(-c3nnc(CCC)c(CCC)n3)n2)nc1CCC|nitrate,/nfs/home/nshank3/lanthanide_dataset_builder/data/geometries/Sm/Sm_Z62_ox3_CN9_nlig1_nitrate_ca5af664bc2a.xyz,1,standard,1397933694,40,5,250,0,rejected_by_nearest_coreCN_qc,False,,data/processed/geometries_regenerated_fail_long_bond/rejected/Sm/Sm_Z62_ox3_CN9_nlig1_nitrate_ca5af664bc2a_attempt01_standard_dup2.xyz,data/processed/geometries_regenerated_fail_long_bond/rejected/Sm/Sm_Z62_ox3_CN9_nlig1_nitrate_ca5af664bc2a_attempt01_standard_dup2.mol2,-2745.2640225760497,,FAIL_LONG_BOND,coreCN_max_dist>3.10,O65:2.033;O64:2.072;N6:2.255;N14:2.331;N15:2.370;N62:2.409;N5:2.440;N25:2.506;O63:3.552,3.5521,3.8204,0.2683,O65:2.033;O64:2.072;N6:2.255;N14:2.331;N15:2.370;N62:2.409;N5:2.440;N25:2.506;O63:3.552;N26:3.820;N24:3.853
228,ca5af664bc2a,Sm,62,3,CCCc1nnc(-c2cccc(-c3nnc(CCC)c(CCC)n3)n2)nc1CCC,"[4, 5, 13, 14, 23, 24, 25]",7,9,1,nitrate,62|CCCc1nnc(-c2cccc(-c3nnc(CCC)c(CCC)n3)n2)nc1CCC|nitrate,/nfs/home/nshank3/lanthanide_dataset_builder/data/geometries/Sm/Sm_Z62_ox3_CN9_nlig1_nitrate_ca5af664bc2a.xyz,2,standard,1397941613,50,6,250,0,rejected_by_nearest_coreCN_qc,False,,data/processed/geometries_regenerated_fail_long_bond/rejected/Sm/Sm_Z62_ox3_CN9_nlig1_nitrate_ca5af664bc2a_attempt02_standard_dup2.xyz,data/processed/geometries_regenerated_fail_long_bond/rejected/Sm/Sm_Z62_ox3_CN9_nlig1_nitrate_ca5af664bc2a_attempt02_standard_dup2.mol2,-2743.5640805133903,,FAIL_LONG_BOND,coreCN_max_dist>3.10,O64:2.041;O65:2.060;N14:2.271;N25:2.405;N62:2.440;N15:2.502;N26:2.519;N5:3.009;N6:3.201,3.2015,3.6085,0.407,O64:2.041;O65:2.060;N14:2.271;N25:2.405;N62:2.440;N15:2.502;N26:2.519;N5:3.009;N6:3.201;O63:3.609;N24:3.748
229,f2ea53fb007e,Sm,62,3,CC1(C)CCC(C)(C)c2nc(-c3cccc(-c4cccc(-c5nnc6c(n5)C(C)(C)CCC6(C)C)n4)n3)nnc21,"[9, 22, 23, 26, 35, 36, 37, 38]",8,9,1,nitrate,62|CC1(C)CCC(C)(C)c2nc(-c3cccc(-c4cccc(-c5nnc6c(n5)C(C)(C)CCC6(C)C)n4)n3)nnc21|nitrate,/nfs/home/nshank3/lanthanide_dataset_builder/data/geometries/Sm/Sm_Z62_ox3_CN9_nlig1_nitrate_f2ea53fb007e.xyz,1,standard,421600094,40,5,250,0,rejected_by_nearest_coreCN_qc,False,,data/processed/geometries_regenerated_fail_long_bond/rejected/Sm/Sm_Z62_ox3_CN9_nlig1_nitrate_f2ea53fb007e_attempt01_standard_dup2.xyz,data/processed/geometries_regenerated_fail_long_bond/rejected/Sm/Sm_Z62_ox3_CN9_nlig1_nitrate_f2ea53fb007e_attempt01_standard_dup2.mol2,-3162.0278294263644,,FAIL_LONG_BOND,coreCN_max_dist>3.10,N38:2.243;N23:2.276;N39:2.403;N36:2.502;O79:2.519;N24:2.607;N37:2.708;N27:2.878;N10:4.224,4.2238,inf,inf,N38:2.243;N23:2.276;N39:2.403;N36:2.502;O79:2.519;N24:2.607;N37:2.708;N27:2.878;N10:4.224
229,f2ea53fb007e,Sm,62,3,CC1(C)CCC(C)(C)c2nc(-c3cccc(-c4cccc(-c5nnc6c(n5)C(C)(C)CCC6(C)C)n4)n3)nnc21,"[9, 22, 23, 26, 35, 36, 37, 38]",8,9,1,nitrate,62|CC1(C)CCC(C)(C)c2nc(-c3cccc(-c4cccc(-c5nnc6c(n5)C(C)(C)CCC6(C)C)n4)n3)nnc21|nitrate,/nfs/home/nshank3/lanthanide_dataset_builder/data/geometries/Sm/Sm_Z62_ox3_CN9_nlig1_nitrate_f2ea53fb007e.xyz,2,standard,421608013,50,6,250,0,rejected_by_nearest_coreCN_qc,False,,data/processed/geometries_regenerated_fail_long_bond/rejected/Sm/Sm_Z62_ox3_CN9_nlig1_nitrate_f2ea53fb007e_attempt02_standard_dup2.xyz,data/processed/geometries_regenerated_fail_long_bond/rejected/Sm/Sm_Z62_ox3_CN9_nlig1_nitrate_f2ea53fb007e_attempt02_standard_dup2.mol2,-3161.616223226528,,FAIL_LONG_BOND,coreCN_max_dist>3.10,N38:2.212;N27:2.340;N36:2.536;N37:2.591;N39:2.599;O79:2.655;N24:4.006;N23:4.021;N10:4.056,4.056,inf,inf,N38:2.212;N27:2.340;N36:2.536;N37:2.591;N39:2.599;O79:2.655;N24:4.006;N23:4.021;N10:4.056
230,f495ab846c8b,Sm,62,3,O=C(O)CN(CC(=O)O)C1CCCCC1N(CC(=O)O)CC(=O)O,"[0, 2, 4, 7, 8, 15, 18, 19]",8,9,1,nitrate,62|O=C(O)CN(CC(=O)O)C1CCCCC1N(CC(=O)O)CC(=O)O|nitrate,/nfs/home/nshank3/lanthanide_dataset_builder/data/geometries/Sm/Sm_Z62_ox3_CN9_nlig1_nitrate_f495ab846c8b.xyz,1,standard,1577631046,40,5,250,0,rejected_by_nearest_coreCN_qc,False,,data/processed/geometries_regenerated_fail_long_bond/rejected/Sm/Sm_Z62_ox3_CN9_nlig1_nitrate_f495ab846c8b_attempt01_standard_dup2.xyz,data/processed/geometries_regenerated_fail_long_bond/rejected/Sm/Sm_Z62_ox3_CN9_nlig1_nitrate_f495ab846c8b_attempt01_standard_dup2.mol2,-2297.808473709952,,FAIL_LONG_BOND,coreCN_max_dist>3.10,O19:2.130;O1:2.153;O8:2.208;O47:2.351;N16:2.407;N5:2.662;O3:4.059;O20:4.063;O9:4.317,4.3171,5.2,0.8828,O19:2.130;O1:2.153;O8:2.208;O47:2.351;N16:2.407;N5:2.662;O3:4.059;O20:4.063;O9:4.317;O23:5.200;O24:5.700
230,f495ab846c8b,Sm,62,3,O=C(O)CN(CC(=O)O)C1CCCCC1N(CC(=O)O)CC(=O)O,"[0, 2, 4, 7, 8, 15, 18, 19]",8,9,1,nitrate,62|O=C(O)CN(CC(=O)O)C1CCCCC1N(CC(=O)O)CC(=O)O|nitrate,/nfs/home/nshank3/lanthanide_dataset_builder/data/geometries/Sm/Sm_Z62_ox3_CN9_nlig1_nitrate_f495ab846c8b.xyz,2,standard,1577638965,50,6,250,0,rejected_by_nearest_coreCN_qc,False,,data/processed/geometries_regenerated_fail_long_bond/rejected/Sm/Sm_Z62_ox3_CN9_nlig1_nitrate_f495ab846c8b_attempt02_standard_dup2.xyz,data/processed/geometries_regenerated_fail_long_bond/rejected/Sm/Sm_Z62_ox3_CN9_nlig1_nitrate_f495ab846c8b_attempt02_standard_dup2.mol2,-2295.890510763655,,FAIL_LONG_BOND,coreCN_max_dist>3.10,O19:2.135;O1:2.184;O8:2.191;O47:2.325;N5:2.648;N16:2.652;O9:2.657;O20:2.809;O3:3.917,3.9166,5.27,1.3534,O19:2.135;O1:2.184;O8:2.191;O47:2.325;N5:2.648;N16:2.652;O9:2.657;O20:2.809;O3:3.917;O24:5.270;O23:5.509
231,b4c75f037006,Sm,62,3,CCCCCCn1c(-c2ccccc2)c(-c2ccccc2)c2cc3ccc4cc5c(-c6ccccc6)c(-c6ccccc6)n(CCCCCC)c(=O)c5nc4c3nc2c1=O,"[6, 43, 51, 53, 56, 59]",6,9,1,water,62|CCCCCCn1c(-c2ccccc2)c(-c2ccccc2)c2cc3ccc4cc5c(-c6ccccc6)c(-c6ccccc6)n(CCCCCC)c(=O)c5nc4c3nc2c1=O|water,/nfs/home/nshank3/lanthanide_dataset_builder/data/geometries/Sm/Sm_Z62_ox3_CN9_nlig1_water_b4c75f037006.xyz,1,standard,719590587,40,5,250,0,rejected_by_nearest_coreCN_qc,False,,data/processed/geometries_regenerated_fail_long_bond/rejected/Sm/Sm_Z62_ox3_CN9_nlig1_water_b4c75f037006_attempt01_standard_dup2.xyz,data/processed/geometries_regenerated_fail_long_bond/rejected/Sm/Sm_Z62_ox3_CN9_nlig1_water_b4c75f037006_attempt01_standard_dup2.mol2,-4791.120661003569,,FAIL_LONG_BOND,coreCN_max_dist>3.10,O60:2.254;O52:2.278;O117:2.543;N57:2.643;O111:2.799;O114:2.812;N54:2.870;N7:3.658;N44:4.011,4.0113,inf,inf,O60:2.254;O52:2.278;O117:2.543;N57:2.643;O111:2.799;O114:2.812;N54:2.870;N7:3.658;N44:4.011
231,b4c75f037006,Sm,62,3,CCCCCCn1c(-c2ccccc2)c(-c2ccccc2)c2cc3ccc4cc5c(-c6ccccc6)c(-c6ccccc6)n(CCCCCC)c(=O)c5nc4c3nc2c1=O,"[6, 43, 51, 53, 56, 59]",6,9,1,water,62|CCCCCCn1c(-c2ccccc2)c(-c2ccccc2)c2cc3ccc4cc5c(-c6ccccc6)c(-c6ccccc6)n(CCCCCC)c(=O)c5nc4c3nc2c1=O|water,/nfs/home/nshank3/lanthanide_dataset_builder/data/geometries/Sm/Sm_Z62_ox3_CN9_nlig1_water_b4c75f037006.xyz,2,standard,719598506,50,6,250,0,rejected_by_nearest_coreCN_qc,False,,data/processed/geometries_regenerated_fail_long_bond/rejected/Sm/Sm_Z62_ox3_CN9_nlig1_water_b4c75f037006_attempt02_standard_dup2.xyz,data/processed/geometries_regenerated_fail_long_bond/rejected/Sm/Sm_Z62_ox3_CN9_nlig1_water_b4c75f037006_attempt02_standard_dup2.mol2,-4792.6547634302415,,FAIL_LONG_BOND,coreCN_max_dist>3.10,O60:2.233;O52:2.272;O114:2.416;N54:2.475;N57:2.509;O111:2.540;O117:2.551;N44:4.051;N7:4.074,4.074,inf,inf,O60:2.233;O52:2.272;O114:2.416;N54:2.475;N57:2.509;O111:2.540;O117:2.551;N44:4.051;N7:4.074
233,7fb42c46d354,Sm,62,3,CCCCCCCCN(CCCCCCCC)C(=O)[C@H](C)O[C@H](C)C(=O)N(CCCCCCCC)CCCCCCCC,"[18, 21, 25]",3,9,3,nitrate,62|CCCCCCCCN(CCCCCCCC)C(=O)[C@H](C)O[C@H](C)C(=O)N(CCCCCCCC)CCCCCCCC|nitrate,/nfs/home/nshank3/lanthanide_dataset_builder/data/geometries/Sm/Sm_Z62_ox3_CN9_nlig3_nitrate_7fb42c46d354.xyz,1,standard,339040192,40,5,250,0,rejected_by_nearest_coreCN_qc,False,,data/processed/geometries_regenerated_fail_long_bond/rejected/Sm/Sm_Z62_ox3_CN9_nlig3_nitrate_7fb42c46d354_attempt01_standard_dup2.xyz,data/processed/geometries_regenerated_fail_long_bond/rejected/Sm/Sm_Z62_ox3_CN9_nlig3_nitrate_7fb42c46d354_attempt01_standard_dup2.mol2,-11289.72596089692,,FAIL_LONG_BOND,coreCN_max_dist>3.10,O19:2.132;O138:2.148;O264:2.469;O22:2.479;O26:2.532;O141:2.629;O145:2.749;O257:2.775;O260:3.149,3.1495,4.1069,0.9574,O19:2.132;O138:2.148;O264:2.469;O22:2.479;O26:2.532;O141:2.629;O145:2.749;O257:2.775;O260:3.149;N128:4.107;N9:4.261;N27:4.613;N265:4.693;N247:4.758;N146:4.870
233,7fb42c46d354,Sm,62,3,CCCCCCCCN(CCCCCCCC)C(=O)[C@H](C)O[C@H](C)C(=O)N(CCCCCCCC)CCCCCCCC,"[18, 21, 25]",3,9,3,nitrate,62|CCCCCCCCN(CCCCCCCC)C(=O)[C@H](C)O[C@H](C)C(=O)N(CCCCCCCC)CCCCCCCC|nitrate,/nfs/home/nshank3/lanthanide_dataset_builder/data/geometries/Sm/Sm_Z62_ox3_CN9_nlig3_nitrate_7fb42c46d354.xyz,2,standard,339048111,50,6,250,0,rejected_by_nearest_coreCN_qc,False,,data/processed/geometries_regenerated_fail_long_bond/rejected/Sm/Sm_Z62_ox3_CN9_nlig3_nitrate_7fb42c46d354_attempt02_standard_dup2.xyz,data/processed/geometries_regenerated_fail_long_bond/rejected/Sm/Sm_Z62_ox3_CN9_nlig3_nitrate_7fb42c46d354_attempt02_standard_dup2.mol2,-11289.914375670429,,FAIL_LONG_BOND,coreCN_max_dist>3.10,O138:2.134;O19:2.184;O26:2.520;O257:2.569;O141:2.691;O22:2.868;O260:3.037;O264:3.269;O145:3.498,3.4978,3.8492,0.3514,O138:2.134;O19:2.184;O26:2.520;O257:2.569;O141:2.691;O22:2.868;O260:3.037;O264:3.269;O145:3.498;N9:3.849;N128:3.952;N247:4.673;N27:4.722;N146:5.329;N265:5.492
235,c3c900cb0dfb,Sm,62,3,CCCCCCCCN(C)C(=O)COCC(=O)N(CCCCCCCC)CCCCCCCC,"[11, 13, 16]",3,9,3,water,62|CCCCCCCCN(C)C(=O)COCC(=O)N(CCCCCCCC)CCCCCCCC|water,/nfs/home/nshank3/lanthanide_dataset_builder/data/geometries/Sm/Sm_Z62_ox3_CN9_nlig3_water_c3c900cb0dfb.xyz,1,standard,2108095187,40,5,250,0,accepted,True,,data/processed/geometries_regenerated_fail_long_bond/accepted/Sm/Sm_Z62_ox3_CN9_nlig3_water_c3c900cb0dfb_attempt01_standard.xyz,data/processed/geometries_regenerated_fail_long_bond/accepted/Sm/Sm_Z62_ox3_CN9_nlig3_water_c3c900cb0dfb_attempt01_standard.mol2,-8966.750750385609,,OK,nearest_coreCN_qc_ok,O201:2.239;O17:2.350;O12:2.363;O196:2.374;O109:2.454;O106:2.592;O198:2.597;O104:2.606;O14:2.640,2.6398,4.42,1.7802,O201:2.239;O17:2.350;O12:2.363;O196:2.374;O109:2.454;O106:2.592;O198:2.597;O104:2.606;O14:2.640;N202:4.420;N18:4.434;N9:4.446;N193:4.550;N110:4.602;N101:4.730
238,507be9f6716c,Tb,65,3,CCCCCc1nnc(-c2cccc(-c3cccc(-c4nnc(CCCCC)c(CCCCC)n4)n3)n2)nc1CCCCC,"[6, 7, 20, 21, 34, 35, 36, 37]",8,8,1,nitrate,65|CCCCCc1nnc(-c2cccc(-c3cccc(-c4nnc(CCCCC)c(CCCCC)n4)n3)n2)nc1CCCCC|nitrate,/nfs/home/nshank3/lanthanide_dataset_builder/data/geometries/Tb/Tb_Z65_ox3_CN8_nlig1_nitrate_507be9f6716c.xyz,1,standard,1234913848,40,5,250,0,rejected_by_nearest_coreCN_qc,False,,data/processed/geometries_regenerated_fail_long_bond/rejected/Tb/Tb_Z65_ox3_CN8_nlig1_nitrate_507be9f6716c_attempt01_standard_dup2.xyz,data/processed/geometries_regenerated_fail_long_bond/rejected/Tb/Tb_Z65_ox3_CN8_nlig1_nitrate_507be9f6716c_attempt01_standard_dup2.mol2,-3419.197128457351,,FAIL_LONG_BOND,coreCN_max_dist>3.10,N21:2.189;N8:2.212;N7:2.322;N22:2.345;N36:2.449;N37:2.578;N35:3.038;N38:3.768,3.7676,inf,inf,N21:2.189;N8:2.212;N7:2.322;N22:2.345;N36:2.449;N37:2.578;N35:3.038;N38:3.768
238,507be9f6716c,Tb,65,3,CCCCCc1nnc(-c2cccc(-c3cccc(-c4nnc(CCCCC)c(CCCCC)n4)n3)n2)nc1CCCCC,"[6, 7, 20, 21, 34, 35, 36, 37]",8,8,1,nitrate,65|CCCCCc1nnc(-c2cccc(-c3cccc(-c4nnc(CCCCC)c(CCCCC)n4)n3)n2)nc1CCCCC|nitrate,/nfs/home/nshank3/lanthanide_dataset_builder/data/geometries/Tb/Tb_Z65_ox3_CN8_nlig1_nitrate_507be9f6716c.xyz,2,standard,1234921767,50,6,250,0,rejected_by_nearest_coreCN_qc,False,,data/processed/geometries_regenerated_fail_long_bond/rejected/Tb/Tb_Z65_ox3_CN8_nlig1_nitrate_507be9f6716c_attempt02_standard_dup2.xyz,data/processed/geometries_regenerated_fail_long_bond/rejected/Tb/Tb_Z65_ox3_CN8_nlig1_nitrate_507be9f6716c_attempt02_standard_dup2.mol2,-3420.1561656207086,,FAIL_LONG_BOND,coreCN_max_dist>3.10,N7:2.215;N8:2.286;N21:2.294;N36:2.382;N37:2.530;N22:3.220;N38:3.988;N35:4.410,4.4096,inf,inf,N7:2.215;N8:2.286;N21:2.294;N36:2.382;N37:2.530;N22:3.220;N38:3.988;N35:4.410
239,94022ba2aba3,Tb,65,3,CC12CCC(c3nnc(-c4cccc(-c5nnc6c(n5)C5(C)CCC6C5(C)C)n4)nc31)C2(C)C,"[6, 7, 15, 16, 19, 28, 29]",7,8,1,nitrate,65|CC12CCC(c3nnc(-c4cccc(-c5nnc6c(n5)C5(C)CCC6C5(C)C)n4)nc31)C2(C)C|nitrate,/nfs/home/nshank3/lanthanide_dataset_builder/data/geometries/Tb/Tb_Z65_ox3_CN8_nlig1_nitrate_94022ba2aba3.xyz,1,standard,536238715,40,5,250,0,rejected_by_nearest_coreCN_qc,False,,data/processed/geometries_regenerated_fail_long_bond/rejected/Tb/Tb_Z65_ox3_CN8_nlig1_nitrate_94022ba2aba3_attempt01_standard_dup2.xyz,data/processed/geometries_regenerated_fail_long_bond/rejected/Tb/Tb_Z65_ox3_CN8_nlig1_nitrate_94022ba2aba3_attempt01_standard_dup2.mol2,-2689.8390827057315,,FAIL_LONG_BOND,coreCN_max_dist>3.10,N16:2.176;N30:2.252;N29:2.413;N17:2.415;O66:2.637;N8:3.635;N20:3.811;N7:3.858,3.8584,inf,inf,N16:2.176;N30:2.252;N29:2.413;N17:2.415;O66:2.637;N8:3.635;N20:3.811;N7:3.858
239,94022ba2aba3,Tb,65,3,CC12CCC(c3nnc(-c4cccc(-c5nnc6c(n5)C5(C)CCC6C5(C)C)n4)nc31)C2(C)C,"[6, 7, 15, 16, 19, 28, 29]",7,8,1,nitrate,65|CC12CCC(c3nnc(-c4cccc(-c5nnc6c(n5)C5(C)CCC6C5(C)C)n4)nc31)C2(C)C|nitrate,/nfs/home/nshank3/lanthanide_dataset_builder/data/geometries/Tb/Tb_Z65_ox3_CN8_nlig1_nitrate_94022ba2aba3.xyz,2,standard,536246634,50,6,250,0,rejected_by_nearest_coreCN_qc,False,,data/processed/geometries_regenerated_fail_long_bond/rejected/Tb/Tb_Z65_ox3_CN8_nlig1_nitrate_94022ba2aba3_attempt02_standard_dup2.xyz,data/processed/geometries_regenerated_fail_long_bond/rejected/Tb/Tb_Z65_ox3_CN8_nlig1_nitrate_94022ba2aba3_attempt02_standard_dup2.mol2,-2689.1498040111055,,FAIL_LONG_BOND,coreCN_max_dist>3.10,N8:2.185;N16:2.301;N17:2.326;N7:2.382;N29:2.390;O66:2.703;N20:3.334;N30:3.686,3.686,inf,inf,N8:2.185;N16:2.301;N17:2.326;N7:2.382;N29:2.390;O66:2.703;N20:3.334;N30:3.686
240,b9dbd9b023ab,Tb,65,3,CC1(C)CCC(C)(C)c2nc(-c3cccc(-c4cccc(-c5nnc6c(n5)C(C)(C)CCC6(C)C)n4)n3)nnc21,"[9, 22, 23, 26, 35, 36, 37, 38]",8,8,1,nitrate,65|CC1(C)CCC(C)(C)c2nc(-c3cccc(-c4cccc(-c5nnc6c(n5)C(C)(C)CCC6(C)C)n4)n3)nnc21|nitrate,/nfs/home/nshank3/lanthanide_dataset_builder/data/geometries/Tb/Tb_Z65_ox3_CN8_nlig1_nitrate_b9dbd9b023ab.xyz,1,standard,1233522669,40,5,250,0,rejected_by_nearest_coreCN_qc,False,,data/processed/geometries_regenerated_fail_long_bond/rejected/Tb/Tb_Z65_ox3_CN8_nlig1_nitrate_b9dbd9b023ab_attempt01_standard_dup2.xyz,data/processed/geometries_regenerated_fail_long_bond/rejected/Tb/Tb_Z65_ox3_CN8_nlig1_nitrate_b9dbd9b023ab_attempt01_standard_dup2.mol2,-3017.5077210959557,,FAIL_LONG_BOND,coreCN_max_dist>3.10,N38:2.832;N39:3.089;N36:3.150;N23:3.349;N27:3.613;N37:3.753;N24:3.781;N10:4.406,4.4064,inf,inf,N38:2.832;N39:3.089;N36:3.150;N23:3.349;N27:3.613;N37:3.753;N24:3.781;N10:4.406
240,b9dbd9b023ab,Tb,65,3,CC1(C)CCC(C)(C)c2nc(-c3cccc(-c4cccc(-c5nnc6c(n5)C(C)(C)CCC6(C)C)n4)n3)nnc21,"[9, 22, 23, 26, 35, 36, 37, 38]",8,8,1,nitrate,65|CC1(C)CCC(C)(C)c2nc(-c3cccc(-c4cccc(-c5nnc6c(n5)C(C)(C)CCC6(C)C)n4)n3)nnc21|nitrate,/nfs/home/nshank3/lanthanide_dataset_builder/data/geometries/Tb/Tb_Z65_ox3_CN8_nlig1_nitrate_b9dbd9b023ab.xyz,2,standard,1233530588,50,6,250,0,rejected_by_nearest_coreCN_qc,False,,data/processed/geometries_regenerated_fail_long_bond/rejected/Tb/Tb_Z65_ox3_CN8_nlig1_nitrate_b9dbd9b023ab_attempt02_standard_dup2.xyz,data/processed/geometries_regenerated_fail_long_bond/rejected/Tb/Tb_Z65_ox3_CN8_nlig1_nitrate_b9dbd9b023ab_attempt02_standard_dup2.mol2,-3019.671982142436,,FAIL_LONG_BOND,coreCN_max_dist>3.10,N23:2.147;N38:2.294;N37:2.428;N24:2.473;N39:2.555;N10:2.590;N36:2.637;N27:3.724,3.7243,inf,inf,N23:2.147;N38:2.294;N37:2.428;N24:2.473;N39:2.555;N10:2.590;N36:2.637;N27:3.724
241,edd1c598b6f5,Tb,65,3,CCCc1nnc(-c2cccc(-c3nnc(CCC)c(CCC)n3)n2)nc1CCC,"[4, 5, 13, 14, 23, 24, 25]",7,8,1,nitrate,65|CCCc1nnc(-c2cccc(-c3nnc(CCC)c(CCC)n3)n2)nc1CCC|nitrate,/nfs/home/nshank3/lanthanide_dataset_builder/data/geometries/Tb/Tb_Z65_ox3_CN8_nlig1_nitrate_edd1c598b6f5.xyz,1,standard,614848705,40,5,250,0,rejected_by_nearest_coreCN_qc,False,,data/processed/geometries_regenerated_fail_long_bond/rejected/Tb/Tb_Z65_ox3_CN8_nlig1_nitrate_edd1c598b6f5_attempt01_standard_dup2.xyz,data/processed/geometries_regenerated_fail_long_bond/rejected/Tb/Tb_Z65_ox3_CN8_nlig1_nitrate_edd1c598b6f5_attempt01_standard_dup2.mol2,-2454.977911310327,,FAIL_LONG_BOND,coreCN_max_dist>3.10,N6:2.211;N25:2.377;N5:2.407;N24:2.463;O62:2.532;N14:3.257;N15:3.408;N26:3.710,3.7102,inf,inf,N6:2.211;N25:2.377;N5:2.407;N24:2.463;O62:2.532;N14:3.257;N15:3.408;N26:3.710
241,edd1c598b6f5,Tb,65,3,CCCc1nnc(-c2cccc(-c3nnc(CCC)c(CCC)n3)n2)nc1CCC,"[4, 5, 13, 14, 23, 24, 25]",7,8,1,nitrate,65|CCCc1nnc(-c2cccc(-c3nnc(CCC)c(CCC)n3)n2)nc1CCC|nitrate,/nfs/home/nshank3/lanthanide_dataset_builder/data/geometries/Tb/Tb_Z65_ox3_CN8_nlig1_nitrate_edd1c598b6f5.xyz,2,standard,614856624,50,6,250,0,rejected_by_nearest_coreCN_qc,False,,data/processed/geometries_regenerated_fail_long_bond/rejected/Tb/Tb_Z65_ox3_CN8_nlig1_nitrate_edd1c598b6f5_attempt02_standard_dup2.xyz,data/processed/geometries_regenerated_fail_long_bond/rejected/Tb/Tb_Z65_ox3_CN8_nlig1_nitrate_edd1c598b6f5_attempt02_standard_dup2.mol2,-2456.008628411113,,FAIL_LONG_BOND,coreCN_max_dist>3.10,N14:2.148;N5:2.358;N25:2.363;N6:2.447;O62:2.466;N15:2.836;N26:2.904;N24:4.294,4.2935,inf,inf,N14:2.148;N5:2.358;N25:2.363;N6:2.447;O62:2.466;N15:2.836;N26:2.904;N24:4.294
242,f6e1351abbb0,Tb,65,3,CCCCCCn1c(-c2ccccc2)c(-c2ccccc2)c2cc3ccc4cc5c(-c6ccccc6)c(-c6ccccc6)n(CCCCCC)c(=O)c5nc4c3nc2c1=O,"[6, 43, 51, 53, 56, 59]",6,8,1,nitrate,65|CCCCCCn1c(-c2ccccc2)c(-c2ccccc2)c2cc3ccc4cc5c(-c6ccccc6)c(-c6ccccc6)n(CCCCCC)c(=O)c5nc4c3nc2c1=O|nitrate,/nfs/home/nshank3/lanthanide_dataset_builder/data/geometries/Tb/Tb_Z65_ox3_CN8_nlig1_nitrate_f6e1351abbb0.xyz,1,standard,1556190532,40,5,250,8,build_failed,False,,,,,no_structures_returned,BUILD_FAILED,no_structures_returned,,,,,
242,f6e1351abbb0,Tb,65,3,CCCCCCn1c(-c2ccccc2)c(-c2ccccc2)c2cc3ccc4cc5c(-c6ccccc6)c(-c6ccccc6)n(CCCCCC)c(=O)c5nc4c3nc2c1=O,"[6, 43, 51, 53, 56, 59]",6,8,1,nitrate,65|CCCCCCn1c(-c2ccccc2)c(-c2ccccc2)c2cc3ccc4cc5c(-c6ccccc6)c(-c6ccccc6)n(CCCCCC)c(=O)c5nc4c3nc2c1=O|nitrate,/nfs/home/nshank3/lanthanide_dataset_builder/data/geometries/Tb/Tb_Z65_ox3_CN8_nlig1_nitrate_f6e1351abbb0.xyz,2,standard,1556198451,50,6,250,0,rejected_by_nearest_coreCN_qc,False,,data/processed/geometries_regenerated_fail_long_bond/rejected/Tb/Tb_Z65_ox3_CN8_nlig1_nitrate_f6e1351abbb0_attempt02_standard_dup2.xyz,data/processed/geometries_regenerated_fail_long_bond/rejected/Tb/Tb_Z65_ox3_CN8_nlig1_nitrate_f6e1351abbb0_attempt02_standard_dup2.mol2,-4799.5933232284915,,FAIL_LONG_BOND,coreCN_max_dist>3.10,O114:2.051;O113:2.072;O52:2.194;O60:2.197;N111:2.367;N57:2.517;N54:2.634;N7:3.128,3.1275,3.5002,0.3727,O114:2.051;O113:2.072;O52:2.194;O60:2.197;N111:2.367;N57:2.517;N54:2.634;N7:3.128;O112:3.500;N44:4.196
243,a6e2f5bc31e8,Tb,65,3,CCCCCCn1c(-c2ccccc2)c(-c2ccccc2)c2cc3ccc4cc5c(-c6ccccc6)c(-c6ccccc6)n(CCCCCC)c(=O)c5nc4c3nc2c1=O,"[6, 43, 51, 53, 56, 59]",6,8,1,water,65|CCCCCCn1c(-c2ccccc2)c(-c2ccccc2)c2cc3ccc4cc5c(-c6ccccc6)c(-c6ccccc6)n(CCCCCC)c(=O)c5nc4c3nc2c1=O|water,/nfs/home/nshank3/lanthanide_dataset_builder/data/geometries/Tb/Tb_Z65_ox3_CN8_nlig1_water_a6e2f5bc31e8.xyz,1,standard,1329048271,40,5,250,0,rejected_by_nearest_coreCN_qc,False,,data/processed/geometries_regenerated_fail_long_bond/rejected/Tb/Tb_Z65_ox3_CN8_nlig1_water_a6e2f5bc31e8_attempt01_standard_dup2.xyz,data/processed/geometries_regenerated_fail_long_bond/rejected/Tb/Tb_Z65_ox3_CN8_nlig1_water_a6e2f5bc31e8_attempt01_standard_dup2.mol2,-4653.997587418547,,FAIL_LONG_BOND,coreCN_max_dist>3.10,O52:2.111;O60:2.333;N57:2.543;N54:2.549;O111:2.645;O114:2.705;N44:3.895;N7:4.422,4.4218,inf,inf,O52:2.111;O60:2.333;N57:2.543;N54:2.549;O111:2.645;O114:2.705;N44:3.895;N7:4.422
243,a6e2f5bc31e8,Tb,65,3,CCCCCCn1c(-c2ccccc2)c(-c2ccccc2)c2cc3ccc4cc5c(-c6ccccc6)c(-c6ccccc6)n(CCCCCC)c(=O)c5nc4c3nc2c1=O,"[6, 43, 51, 53, 56, 59]",6,8,1,water,65|CCCCCCn1c(-c2ccccc2)c(-c2ccccc2)c2cc3ccc4cc5c(-c6ccccc6)c(-c6ccccc6)n(CCCCCC)c(=O)c5nc4c3nc2c1=O|water,/nfs/home/nshank3/lanthanide_dataset_builder/data/geometries/Tb/Tb_Z65_ox3_CN8_nlig1_water_a6e2f5bc31e8.xyz,2,standard,1329056190,50,6,250,0,rejected_by_nearest_coreCN_qc,False,,data/processed/geometries_regenerated_fail_long_bond/rejected/Tb/Tb_Z65_ox3_CN8_nlig1_water_a6e2f5bc31e8_attempt02_standard_dup2.xyz,data/processed/geometries_regenerated_fail_long_bond/rejected/Tb/Tb_Z65_ox3_CN8_nlig1_water_a6e2f5bc31e8_attempt02_standard_dup2.mol2,-4650.774869680796,,FAIL_LONG_BOND,coreCN_max_dist>3.10,O60:2.144;O52:2.238;N54:2.306;N57:2.393;O111:2.512;O114:2.542;N44:3.789;N7:3.886,3.8859,inf,inf,O60:2.144;O52:2.238;N54:2.306;N57:2.393;O111:2.512;O114:2.542;N44:3.789;N7:3.886
244,5cfc95c5b8bd,Tb,65,3,CCCCCCOP(=O)(O)OCCCCCC,"[6, 8, 9, 10]",4,8,2,nitrate,65|CCCCCCOP(=O)(O)OCCCCCC|nitrate,/nfs/home/nshank3/lanthanide_dataset_builder/data/geometries/Tb/Tb_Z65_ox3_CN8_nlig2_nitrate_5cfc95c5b8bd.xyz,1,standard,1070587842,40,5,250,124,failed_timeout,False,tetra_pyramidal,,,,exceeded 2400s,BUILD_FAILED,timeout,,,,,
244,5cfc95c5b8bd,Tb,65,3,CCCCCCOP(=O)(O)OCCCCCC,"[6, 8, 9, 10]",4,8,2,nitrate,65|CCCCCCOP(=O)(O)OCCCCCC|nitrate,/nfs/home/nshank3/lanthanide_dataset_builder/data/geometries/Tb/Tb_Z65_ox3_CN8_nlig2_nitrate_5cfc95c5b8bd.xyz,2,standard,1070595761,50,6,250,124,failed_timeout,False,tetra_pyramidal,,,,exceeded 2400s,BUILD_FAILED,timeout,,,,,
246,d5355fd47e33,Tb,65,3,CCCCCCN(CCCCCC)C(=O)CC(=O)N(CCCCCC)CCCCCC,"[14, 17]",2,8,4,nitrate,65|CCCCCCN(CCCCCC)C(=O)CC(=O)N(CCCCCC)CCCCCC|nitrate,/nfs/home/nshank3/lanthanide_dataset_builder/data/geometries/Tb/Tb_Z65_ox3_CN8_nlig4_nitrate_d5355fd47e33.xyz,1,standard,1246591802,40,5,250,-6,build_failed,False,,,,,malloc(): smallbin double linked list corrupted,BUILD_FAILED,malloc(): smallbin double linked list corrupted,,,,,
246,d5355fd47e33,Tb,65,3,CCCCCCN(CCCCCC)C(=O)CC(=O)N(CCCCCC)CCCCCC,"[14, 17]",2,8,4,nitrate,65|CCCCCCN(CCCCCC)C(=O)CC(=O)N(CCCCCC)CCCCCC|nitrate,/nfs/home/nshank3/lanthanide_dataset_builder/data/geometries/Tb/Tb_Z65_ox3_CN8_nlig4_nitrate_d5355fd47e33.xyz,2,standard,1246599721,50,6,250,0,accepted,True,,data/processed/geometries_regenerated_fail_long_bond/accepted/Tb/Tb_Z65_ox3_CN8_nlig4_nitrate_d5355fd47e33_attempt02_standard.xyz,data/processed/geometries_regenerated_fail_long_bond/accepted/Tb/Tb_Z65_ox3_CN8_nlig4_nitrate_d5355fd47e33_attempt02_standard.mol2,-10826.003100844986,,OK,nearest_coreCN_qc_ok,O273:2.273;O270:2.291;O103:2.304;O18:2.309;O15:2.367;O185:2.373;O188:2.397;O100:2.642,2.6417,4.4583,1.8166,O273:2.273;O270:2.291;O103:2.304;O18:2.309;O15:2.367;O185:2.373;O188:2.397;O100:2.642;N262:4.458;N274:4.479;N104:4.516;N19:4.530;N177:4.555;N189:4.562;N7:4.602;N92:4.864
247,47584ae7b3f1,Tm,69,3,CC1(C)CCC(C)(C)c2nc(-c3cccc(-c4cccc(-c5nnc6c(n5)C(C)(C)CCC6(C)C)n4)n3)nnc21,"[9, 22, 23, 26, 35, 36, 37, 38]",8,8,1,nitrate,69|CC1(C)CCC(C)(C)c2nc(-c3cccc(-c4cccc(-c5nnc6c(n5)C(C)(C)CCC6(C)C)n4)n3)nnc21|nitrate,/nfs/home/nshank3/lanthanide_dataset_builder/data/geometries/Tm/Tm_Z69_ox3_CN8_nlig1_nitrate_47584ae7b3f1.xyz,1,standard,1161227096,40,5,250,0,rejected_by_nearest_coreCN_qc,False,,data/processed/geometries_regenerated_fail_long_bond/rejected/Tm/Tm_Z69_ox3_CN8_nlig1_nitrate_47584ae7b3f1_attempt01_standard_dup2.xyz,data/processed/geometries_regenerated_fail_long_bond/rejected/Tm/Tm_Z69_ox3_CN8_nlig1_nitrate_47584ae7b3f1_attempt01_standard_dup2.mol2,-3018.916375998052,,FAIL_LONG_BOND,coreCN_max_dist>3.10,N38:2.085;N23:2.131;N39:2.358;N36:2.412;N37:2.677;N24:2.711;N27:2.992;N10:3.922,3.922,inf,inf,N38:2.085;N23:2.131;N39:2.358;N36:2.412;N37:2.677;N24:2.711;N27:2.992;N10:3.922
247,47584ae7b3f1,Tm,69,3,CC1(C)CCC(C)(C)c2nc(-c3cccc(-c4cccc(-c5nnc6c(n5)C(C)(C)CCC6(C)C)n4)n3)nnc21,"[9, 22, 23, 26, 35, 36, 37, 38]",8,8,1,nitrate,69|CC1(C)CCC(C)(C)c2nc(-c3cccc(-c4cccc(-c5nnc6c(n5)C(C)(C)CCC6(C)C)n4)n3)nnc21|nitrate,/nfs/home/nshank3/lanthanide_dataset_builder/data/geometries/Tm/Tm_Z69_ox3_CN8_nlig1_nitrate_47584ae7b3f1.xyz,2,standard,1161235015,50,6,250,0,rejected_by_nearest_coreCN_qc,False,,data/processed/geometries_regenerated_fail_long_bond/rejected/Tm/Tm_Z69_ox3_CN8_nlig1_nitrate_47584ae7b3f1_attempt02_standard_dup2.xyz,data/processed/geometries_regenerated_fail_long_bond/rejected/Tm/Tm_Z69_ox3_CN8_nlig1_nitrate_47584ae7b3f1_attempt02_standard_dup2.mol2,-3020.3984485558717,,FAIL_LONG_BOND,coreCN_max_dist>3.10,N38:2.141;N23:2.175;N24:2.259;N37:2.442;N36:2.484;N39:2.761;N27:4.150;N10:4.287,4.2874,inf,inf,N38:2.141;N23:2.175;N24:2.259;N37:2.442;N36:2.484;N39:2.761;N27:4.150;N10:4.287
248,7b3aca9f455b,Tm,69,3,CC12CCC(c3nnc(-c4cccc(-c5nnc6c(n5)C5(C)CCC6C5(C)C)n4)nc31)C2(C)C,"[6, 7, 15, 16, 19, 28, 29]",7,8,1,nitrate,69|CC12CCC(c3nnc(-c4cccc(-c5nnc6c(n5)C5(C)CCC6C5(C)C)n4)nc31)C2(C)C|nitrate,/nfs/home/nshank3/lanthanide_dataset_builder/data/geometries/Tm/Tm_Z69_ox3_CN8_nlig1_nitrate_7b3aca9f455b.xyz,1,standard,469979068,40,5,250,0,rejected_by_nearest_coreCN_qc,False,,data/processed/geometries_regenerated_fail_long_bond/rejected/Tm/Tm_Z69_ox3_CN8_nlig1_nitrate_7b3aca9f455b_attempt01_standard_dup2.xyz,data/processed/geometries_regenerated_fail_long_bond/rejected/Tm/Tm_Z69_ox3_CN8_nlig1_nitrate_7b3aca9f455b_attempt01_standard_dup2.mol2,-2688.3946869926167,,FAIL_LONG_BOND,coreCN_max_dist>3.10,N16:2.268;N8:2.269;N7:2.279;N29:2.349;O66:2.439;N17:2.552;N20:2.843;N30:3.763,3.7631,inf,inf,N16:2.268;N8:2.269;N7:2.279;N29:2.349;O66:2.439;N17:2.552;N20:2.843;N30:3.763
248,7b3aca9f455b,Tm,69,3,CC12CCC(c3nnc(-c4cccc(-c5nnc6c(n5)C5(C)CCC6C5(C)C)n4)nc31)C2(C)C,"[6, 7, 15, 16, 19, 28, 29]",7,8,1,nitrate,69|CC12CCC(c3nnc(-c4cccc(-c5nnc6c(n5)C5(C)CCC6C5(C)C)n4)nc31)C2(C)C|nitrate,/nfs/home/nshank3/lanthanide_dataset_builder/data/geometries/Tm/Tm_Z69_ox3_CN8_nlig1_nitrate_7b3aca9f455b.xyz,2,standard,469986987,50,6,250,0,rejected_by_nearest_coreCN_qc,False,,data/processed/geometries_regenerated_fail_long_bond/rejected/Tm/Tm_Z69_ox3_CN8_nlig1_nitrate_7b3aca9f455b_attempt02_standard_dup2.xyz,data/processed/geometries_regenerated_fail_long_bond/rejected/Tm/Tm_Z69_ox3_CN8_nlig1_nitrate_7b3aca9f455b_attempt02_standard_dup2.mol2,-2688.698995387562,,FAIL_LONG_BOND,coreCN_max_dist>3.10,N8:2.184;N16:2.237;N17:2.390;N29:2.412;N7:2.425;O66:2.459;N20:3.606;N30:3.749,3.7487,inf,inf,N8:2.184;N16:2.237;N17:2.390;N29:2.412;N7:2.425;O66:2.459;N20:3.606;N30:3.749
249,9fc207440e89,Tm,69,3,CCCCCCn1c(-c2ccccc2)c(-c2ccccc2)c2cc3ccc4cc5c(-c6ccccc6)c(-c6ccccc6)n(CCCCCC)c(=O)c5nc4c3nc2c1=O,"[6, 43, 51, 53, 56, 59]",6,8,1,nitrate,69|CCCCCCn1c(-c2ccccc2)c(-c2ccccc2)c2cc3ccc4cc5c(-c6ccccc6)c(-c6ccccc6)n(CCCCCC)c(=O)c5nc4c3nc2c1=O|nitrate,/nfs/home/nshank3/lanthanide_dataset_builder/data/geometries/Tm/Tm_Z69_ox3_CN8_nlig1_nitrate_9fc207440e89.xyz,1,standard,127104188,40,5,250,0,rejected_by_nearest_coreCN_qc,False,,data/processed/geometries_regenerated_fail_long_bond/rejected/Tm/Tm_Z69_ox3_CN8_nlig1_nitrate_9fc207440e89_attempt01_standard.xyz,data/processed/geometries_regenerated_fail_long_bond/rejected/Tm/Tm_Z69_ox3_CN8_nlig1_nitrate_9fc207440e89_attempt01_standard.mol2,-4796.836071294167,,FAIL_LONG_BOND,coreCN_max_dist>3.10,O114:2.018;O113:2.066;O52:2.120;O60:2.162;N111:2.406;N54:2.559;N57:2.625;O112:3.583,3.5827,3.8253,0.2425,O114:2.018;O113:2.066;O52:2.120;O60:2.162;N111:2.406;N54:2.559;N57:2.625;O112:3.583;N7:3.825;N44:3.943
249,9fc207440e89,Tm,69,3,CCCCCCn1c(-c2ccccc2)c(-c2ccccc2)c2cc3ccc4cc5c(-c6ccccc6)c(-c6ccccc6)n(CCCCCC)c(=O)c5nc4c3nc2c1=O,"[6, 43, 51, 53, 56, 59]",6,8,1,nitrate,69|CCCCCCn1c(-c2ccccc2)c(-c2ccccc2)c2cc3ccc4cc5c(-c6ccccc6)c(-c6ccccc6)n(CCCCCC)c(=O)c5nc4c3nc2c1=O|nitrate,/nfs/home/nshank3/lanthanide_dataset_builder/data/geometries/Tm/Tm_Z69_ox3_CN8_nlig1_nitrate_9fc207440e89.xyz,2,standard,127112107,50,6,250,0,rejected_by_nearest_coreCN_qc,False,,data/processed/geometries_regenerated_fail_long_bond/rejected/Tm/Tm_Z69_ox3_CN8_nlig1_nitrate_9fc207440e89_attempt02_standard.xyz,data/processed/geometries_regenerated_fail_long_bond/rejected/Tm/Tm_Z69_ox3_CN8_nlig1_nitrate_9fc207440e89_attempt02_standard.mol2,-4800.482328154955,,FAIL_LONG_BOND,coreCN_max_dist>3.10,O60:2.033;O114:2.051;O52:2.104;O113:2.239;N111:2.340;N54:2.352;N57:2.452;O112:3.341,3.3408,3.5269,0.1861,O60:2.033;O114:2.051;O52:2.104;O113:2.239;N111:2.340;N54:2.352;N57:2.452;O112:3.341;N7:3.527;N44:3.886
250,d686408b6267,Tm,69,3,CCCc1nnc(-c2cccc(-c3nnc(CCC)c(CCC)n3)n2)nc1CCC,"[4, 5, 13, 14, 23, 24, 25]",7,8,1,nitrate,69|CCCc1nnc(-c2cccc(-c3nnc(CCC)c(CCC)n3)n2)nc1CCC|nitrate,/nfs/home/nshank3/lanthanide_dataset_builder/data/geometries/Tm/Tm_Z69_ox3_CN8_nlig1_nitrate_d686408b6267.xyz,1,standard,1971094861,40,5,250,0,rejected_by_nearest_coreCN_qc,False,,data/processed/geometries_regenerated_fail_long_bond/rejected/Tm/Tm_Z69_ox3_CN8_nlig1_nitrate_d686408b6267_attempt01_standard_dup2.xyz,data/processed/geometries_regenerated_fail_long_bond/rejected/Tm/Tm_Z69_ox3_CN8_nlig1_nitrate_d686408b6267_attempt01_standard_dup2.mol2,-2453.4916584807784,,FAIL_LONG_BOND,coreCN_max_dist>3.10,N6:2.131;N15:2.156;N14:2.254;N5:2.282;N25:2.297;O62:2.378;N24:3.042;N26:3.878,3.8781,inf,inf,N6:2.131;N15:2.156;N14:2.254;N5:2.282;N25:2.297;O62:2.378;N24:3.042;N26:3.878
250,d686408b6267,Tm,69,3,CCCc1nnc(-c2cccc(-c3nnc(CCC)c(CCC)n3)n2)nc1CCC,"[4, 5, 13, 14, 23, 24, 25]",7,8,1,nitrate,69|CCCc1nnc(-c2cccc(-c3nnc(CCC)c(CCC)n3)n2)nc1CCC|nitrate,/nfs/home/nshank3/lanthanide_dataset_builder/data/geometries/Tm/Tm_Z69_ox3_CN8_nlig1_nitrate_d686408b6267.xyz,2,standard,1971102780,50,6,250,0,rejected_by_nearest_coreCN_qc,False,,data/processed/geometries_regenerated_fail_long_bond/rejected/Tm/Tm_Z69_ox3_CN8_nlig1_nitrate_d686408b6267_attempt02_standard_dup2.xyz,data/processed/geometries_regenerated_fail_long_bond/rejected/Tm/Tm_Z69_ox3_CN8_nlig1_nitrate_d686408b6267_attempt02_standard_dup2.mol2,-2454.8365562158724,,FAIL_LONG_BOND,coreCN_max_dist>3.10,N6:2.258;N14:2.260;N15:2.261;N5:2.302;O62:2.465;N25:2.490;N26:3.658;N24:3.979,3.9786,inf,inf,N6:2.258;N14:2.260;N15:2.261;N5:2.302;O62:2.465;N25:2.490;N26:3.658;N24:3.979
251,b6783a4dd86e,Tm,69,3,CCCCCCn1c(-c2ccccc2)c(-c2ccccc2)c2cc3ccc4cc5c(-c6ccccc6)c(-c6ccccc6)n(CCCCCC)c(=O)c5nc4c3nc2c1=O,"[6, 43, 51, 53, 56, 59]",6,8,1,water,69|CCCCCCn1c(-c2ccccc2)c(-c2ccccc2)c2cc3ccc4cc5c(-c6ccccc6)c(-c6ccccc6)n(CCCCCC)c(=O)c5nc4c3nc2c1=O|water,/nfs/home/nshank3/lanthanide_dataset_builder/data/geometries/Tm/Tm_Z69_ox3_CN8_nlig1_water_b6783a4dd86e.xyz,1,standard,1259267892,40,5,250,0,rejected_by_nearest_coreCN_qc,False,,data/processed/geometries_regenerated_fail_long_bond/rejected/Tm/Tm_Z69_ox3_CN8_nlig1_water_b6783a4dd86e_attempt01_standard_dup2.xyz,data/processed/geometries_regenerated_fail_long_bond/rejected/Tm/Tm_Z69_ox3_CN8_nlig1_water_b6783a4dd86e_attempt01_standard_dup2.mol2,-4653.614653161783,,FAIL_LONG_BOND,coreCN_max_dist>3.10,O52:2.191;O60:2.200;O114:2.368;N57:2.439;O111:2.497;N54:2.535;N44:3.954;N7:4.308,4.3083,inf,inf,O52:2.191;O60:2.200;O114:2.368;N57:2.439;O111:2.497;N54:2.535;N44:3.954;N7:4.308
251,b6783a4dd86e,Tm,69,3,CCCCCCn1c(-c2ccccc2)c(-c2ccccc2)c2cc3ccc4cc5c(-c6ccccc6)c(-c6ccccc6)n(CCCCCC)c(=O)c5nc4c3nc2c1=O,"[6, 43, 51, 53, 56, 59]",6,8,1,water,69|CCCCCCn1c(-c2ccccc2)c(-c2ccccc2)c2cc3ccc4cc5c(-c6ccccc6)c(-c6ccccc6)n(CCCCCC)c(=O)c5nc4c3nc2c1=O|water,/nfs/home/nshank3/lanthanide_dataset_builder/data/geometries/Tm/Tm_Z69_ox3_CN8_nlig1_water_b6783a4dd86e.xyz,2,standard,1259275811,50,6,250,0,rejected_by_nearest_coreCN_qc,False,,data/processed/geometries_regenerated_fail_long_bond/rejected/Tm/Tm_Z69_ox3_CN8_nlig1_water_b6783a4dd86e_attempt02_standard_dup2.xyz,data/processed/geometries_regenerated_fail_long_bond/rejected/Tm/Tm_Z69_ox3_CN8_nlig1_water_b6783a4dd86e_attempt02_standard_dup2.mol2,-4652.780159644182,,FAIL_LONG_BOND,coreCN_max_dist>3.10,O52:2.055;O60:2.222;O111:2.383;N57:2.433;O114:2.540;N54:2.574;N44:4.017;N7:4.361,4.3607,inf,inf,O52:2.055;O60:2.222;O111:2.383;N57:2.433;O114:2.540;N54:2.574;N44:4.017;N7:4.361
252,06eed66cb810,Yb,70,3,CC1(C)CCC(C)(C)c2nc(-c3cccc(-c4cccc(-c5nnc6c(n5)C(C)(C)CCC6(C)C)n4)n3)nnc21,"[9, 22, 23, 26, 35, 36, 37, 38]",8,8,1,nitrate,70|CC1(C)CCC(C)(C)c2nc(-c3cccc(-c4cccc(-c5nnc6c(n5)C(C)(C)CCC6(C)C)n4)n3)nnc21|nitrate,/nfs/home/nshank3/lanthanide_dataset_builder/data/geometries/Yb/Yb_Z70_ox3_CN8_nlig1_nitrate_06eed66cb810.xyz,1,standard,1472467595,40,5,250,0,rejected_by_nearest_coreCN_qc,False,,data/processed/geometries_regenerated_fail_long_bond/rejected/Yb/Yb_Z70_ox3_CN8_nlig1_nitrate_06eed66cb810_attempt01_standard_dup2.xyz,data/processed/geometries_regenerated_fail_long_bond/rejected/Yb/Yb_Z70_ox3_CN8_nlig1_nitrate_06eed66cb810_attempt01_standard_dup2.mol2,-3019.469793606035,,FAIL_LONG_BOND,coreCN_max_dist>3.10,N23:2.107;N38:2.203;N39:2.368;N24:2.475;N37:2.529;N36:2.662;N10:2.896;N27:4.071,4.0714,inf,inf,N23:2.107;N38:2.203;N39:2.368;N24:2.475;N37:2.529;N36:2.662;N10:2.896;N27:4.071
252,06eed66cb810,Yb,70,3,CC1(C)CCC(C)(C)c2nc(-c3cccc(-c4cccc(-c5nnc6c(n5)C(C)(C)CCC6(C)C)n4)n3)nnc21,"[9, 22, 23, 26, 35, 36, 37, 38]",8,8,1,nitrate,70|CC1(C)CCC(C)(C)c2nc(-c3cccc(-c4cccc(-c5nnc6c(n5)C(C)(C)CCC6(C)C)n4)n3)nnc21|nitrate,/nfs/home/nshank3/lanthanide_dataset_builder/data/geometries/Yb/Yb_Z70_ox3_CN8_nlig1_nitrate_06eed66cb810.xyz,2,standard,1472475514,50,6,250,0,rejected_by_nearest_coreCN_qc,False,,data/processed/geometries_regenerated_fail_long_bond/rejected/Yb/Yb_Z70_ox3_CN8_nlig1_nitrate_06eed66cb810_attempt02_standard_dup2.xyz,data/processed/geometries_regenerated_fail_long_bond/rejected/Yb/Yb_Z70_ox3_CN8_nlig1_nitrate_06eed66cb810_attempt02_standard_dup2.mol2,-3018.9698651413996,,FAIL_LONG_BOND,coreCN_max_dist>3.10,N38:2.128;N27:2.314;N36:2.508;N37:2.523;N39:2.548;N10:3.642;N24:3.861;N23:3.905,3.9047,inf,inf,N38:2.128;N27:2.314;N36:2.508;N37:2.523;N39:2.548;N10:3.642;N24:3.861;N23:3.905
253,2bda29f72b55,Yb,70,3,CCCCCc1nnc(-c2cccc(-c3cccc(-c4nnc(CCCCC)c(CCCCC)n4)n3)n2)nc1CCCCC,"[6, 7, 20, 21, 34, 35, 36, 37]",8,8,1,nitrate,70|CCCCCc1nnc(-c2cccc(-c3cccc(-c4nnc(CCCCC)c(CCCCC)n4)n3)n2)nc1CCCCC|nitrate,/nfs/home/nshank3/lanthanide_dataset_builder/data/geometries/Yb/Yb_Z70_ox3_CN8_nlig1_nitrate_2bda29f72b55.xyz,1,standard,1517643095,40,5,250,0,rejected_by_nearest_coreCN_qc,False,,data/processed/geometries_regenerated_fail_long_bond/rejected/Yb/Yb_Z70_ox3_CN8_nlig1_nitrate_2bda29f72b55_attempt01_standard_dup2.xyz,data/processed/geometries_regenerated_fail_long_bond/rejected/Yb/Yb_Z70_ox3_CN8_nlig1_nitrate_2bda29f72b55_attempt01_standard_dup2.mol2,-3415.589199397064,,FAIL_LONG_BOND,coreCN_max_dist>3.10,N21:2.896;N37:3.092;N36:3.185;N8:3.356;N22:3.440;N7:3.469;N38:3.818;N35:4.517,4.5165,inf,inf,N21:2.896;N37:3.092;N36:3.185;N8:3.356;N22:3.440;N7:3.469;N38:3.818;N35:4.517
253,2bda29f72b55,Yb,70,3,CCCCCc1nnc(-c2cccc(-c3cccc(-c4nnc(CCCCC)c(CCCCC)n4)n3)n2)nc1CCCCC,"[6, 7, 20, 21, 34, 35, 36, 37]",8,8,1,nitrate,70|CCCCCc1nnc(-c2cccc(-c3cccc(-c4nnc(CCCCC)c(CCCCC)n4)n3)n2)nc1CCCCC|nitrate,/nfs/home/nshank3/lanthanide_dataset_builder/data/geometries/Yb/Yb_Z70_ox3_CN8_nlig1_nitrate_2bda29f72b55.xyz,2,standard,1517651014,50,6,250,0,rejected_by_nearest_coreCN_qc,False,,data/processed/geometries_regenerated_fail_long_bond/rejected/Yb/Yb_Z70_ox3_CN8_nlig1_nitrate_2bda29f72b55_attempt02_standard_dup2.xyz,data/processed/geometries_regenerated_fail_long_bond/rejected/Yb/Yb_Z70_ox3_CN8_nlig1_nitrate_2bda29f72b55_attempt02_standard_dup2.mol2,-3416.964666023634,,FAIL_LONG_BOND,coreCN_max_dist>3.10,N37:2.438;N36:2.516;N35:2.570;N38:2.686;N7:4.291;N8:4.298;N21:4.614;N22:4.943,4.9426,inf,inf,N37:2.438;N36:2.516;N35:2.570;N38:2.686;N7:4.291;N8:4.298;N21:4.614;N22:4.943
254,3721b0fce820,Yb,70,3,CCCc1nnc(-c2cccc(-c3nnc(CCC)c(CCC)n3)n2)nc1CCC,"[4, 5, 13, 14, 23, 24, 25]",7,8,1,nitrate,70|CCCc1nnc(-c2cccc(-c3nnc(CCC)c(CCC)n3)n2)nc1CCC|nitrate,/nfs/home/nshank3/lanthanide_dataset_builder/data/geometries/Yb/Yb_Z70_ox3_CN8_nlig1_nitrate_3721b0fce820.xyz,1,standard,779299696,40,5,250,0,rejected_by_nearest_coreCN_qc,False,,data/processed/geometries_regenerated_fail_long_bond/rejected/Yb/Yb_Z70_ox3_CN8_nlig1_nitrate_3721b0fce820_attempt01_standard_dup2.xyz,data/processed/geometries_regenerated_fail_long_bond/rejected/Yb/Yb_Z70_ox3_CN8_nlig1_nitrate_3721b0fce820_attempt01_standard_dup2.mol2,-2454.5559068645484,,FAIL_LONG_BOND,coreCN_max_dist>3.10,N14:2.177;N6:2.184;N15:2.283;N5:2.296;N25:2.413;O62:2.556;N26:3.620;N24:3.658,3.6584,inf,inf,N14:2.177;N6:2.184;N15:2.283;N5:2.296;N25:2.413;O62:2.556;N26:3.620;N24:3.658
254,3721b0fce820,Yb,70,3,CCCc1nnc(-c2cccc(-c3nnc(CCC)c(CCC)n3)n2)nc1CCC,"[4, 5, 13, 14, 23, 24, 25]",7,8,1,nitrate,70|CCCc1nnc(-c2cccc(-c3nnc(CCC)c(CCC)n3)n2)nc1CCC|nitrate,/nfs/home/nshank3/lanthanide_dataset_builder/data/geometries/Yb/Yb_Z70_ox3_CN8_nlig1_nitrate_3721b0fce820.xyz,2,standard,779307615,50,6,250,0,rejected_by_nearest_coreCN_qc,False,,data/processed/geometries_regenerated_fail_long_bond/rejected/Yb/Yb_Z70_ox3_CN8_nlig1_nitrate_3721b0fce820_attempt02_standard_dup2.xyz,data/processed/geometries_regenerated_fail_long_bond/rejected/Yb/Yb_Z70_ox3_CN8_nlig1_nitrate_3721b0fce820_attempt02_standard_dup2.mol2,-2454.7919162828666,,FAIL_LONG_BOND,coreCN_max_dist>3.10,N14:2.146;N6:2.167;N5:2.301;N15:2.320;N25:2.351;O62:2.432;N26:3.644;N24:3.880,3.88,inf,inf,N14:2.146;N6:2.167;N5:2.301;N15:2.320;N25:2.351;O62:2.432;N26:3.644;N24:3.880
255,a56492569304,Yb,70,3,CC12CCC(c3nnc(-c4cccc(-c5nnc6c(n5)C5(C)CCC6C5(C)C)n4)nc31)C2(C)C,"[6, 7, 15, 16, 19, 28, 29]",7,8,1,nitrate,70|CC12CCC(c3nnc(-c4cccc(-c5nnc6c(n5)C5(C)CCC6C5(C)C)n4)nc31)C2(C)C|nitrate,/nfs/home/nshank3/lanthanide_dataset_builder/data/geometries/Yb/Yb_Z70_ox3_CN8_nlig1_nitrate_a56492569304.xyz,1,standard,220522977,40,5,250,0,rejected_by_nearest_coreCN_qc,False,,data/processed/geometries_regenerated_fail_long_bond/rejected/Yb/Yb_Z70_ox3_CN8_nlig1_nitrate_a56492569304_attempt01_standard_dup2.xyz,data/processed/geometries_regenerated_fail_long_bond/rejected/Yb/Yb_Z70_ox3_CN8_nlig1_nitrate_a56492569304_attempt01_standard_dup2.mol2,-2687.956152674068,,FAIL_LONG_BOND,coreCN_max_dist>3.10,N16:2.271;N8:2.319;O66:2.426;N29:2.429;N17:2.725;N7:3.127;N20:3.569;N30:4.188,4.1883,inf,inf,N16:2.271;N8:2.319;O66:2.426;N29:2.429;N17:2.725;N7:3.127;N20:3.569;N30:4.188
255,a56492569304,Yb,70,3,CC12CCC(c3nnc(-c4cccc(-c5nnc6c(n5)C5(C)CCC6C5(C)C)n4)nc31)C2(C)C,"[6, 7, 15, 16, 19, 28, 29]",7,8,1,nitrate,70|CC12CCC(c3nnc(-c4cccc(-c5nnc6c(n5)C5(C)CCC6C5(C)C)n4)nc31)C2(C)C|nitrate,/nfs/home/nshank3/lanthanide_dataset_builder/data/geometries/Yb/Yb_Z70_ox3_CN8_nlig1_nitrate_a56492569304.xyz,2,standard,220530896,50,6,250,0,rejected_by_nearest_coreCN_qc,False,,data/processed/geometries_regenerated_fail_long_bond/rejected/Yb/Yb_Z70_ox3_CN8_nlig1_nitrate_a56492569304_attempt02_standard_dup2.xyz,data/processed/geometries_regenerated_fail_long_bond/rejected/Yb/Yb_Z70_ox3_CN8_nlig1_nitrate_a56492569304_attempt02_standard_dup2.mol2,-2687.863481933355,,FAIL_LONG_BOND,coreCN_max_dist>3.10,N8:2.147;N29:2.284;N20:2.333;N7:2.442;O66:2.612;N16:3.382;N30:3.395;N17:3.503,3.5028,inf,inf,N8:2.147;N29:2.284;N20:2.333;N7:2.442;O66:2.612;N16:3.382;N30:3.395;N17:3.503
256,b6234ce57a75,Yb,70,3,CCCCCCn1c(-c2ccccc2)c(-c2ccccc2)c2cc3ccc4cc5c(-c6ccccc6)c(-c6ccccc6)n(CCCCCC)c(=O)c5nc4c3nc2c1=O,"[6, 43, 51, 53, 56, 59]",6,8,1,nitrate,70|CCCCCCn1c(-c2ccccc2)c(-c2ccccc2)c2cc3ccc4cc5c(-c6ccccc6)c(-c6ccccc6)n(CCCCCC)c(=O)c5nc4c3nc2c1=O|nitrate,/nfs/home/nshank3/lanthanide_dataset_builder/data/geometries/Yb/Yb_Z70_ox3_CN8_nlig1_nitrate_b6234ce57a75.xyz,1,standard,1190187911,40,5,250,0,rejected_by_nearest_coreCN_qc,False,,data/processed/geometries_regenerated_fail_long_bond/rejected/Yb/Yb_Z70_ox3_CN8_nlig1_nitrate_b6234ce57a75_attempt01_standard.xyz,data/processed/geometries_regenerated_fail_long_bond/rejected/Yb/Yb_Z70_ox3_CN8_nlig1_nitrate_b6234ce57a75_attempt01_standard.mol2,-4799.857585534236,,FAIL_LONG_BOND,coreCN_max_dist>3.10,O113:2.050;O114:2.094;O60:2.115;O52:2.149;N54:2.362;N57:2.409;N111:2.425;O112:3.606,3.6062,3.8345,0.2283,O113:2.050;O114:2.094;O60:2.115;O52:2.149;N54:2.362;N57:2.409;N111:2.425;O112:3.606;N7:3.834;N44:3.842
256,b6234ce57a75,Yb,70,3,CCCCCCn1c(-c2ccccc2)c(-c2ccccc2)c2cc3ccc4cc5c(-c6ccccc6)c(-c6ccccc6)n(CCCCCC)c(=O)c5nc4c3nc2c1=O,"[6, 43, 51, 53, 56, 59]",6,8,1,nitrate,70|CCCCCCn1c(-c2ccccc2)c(-c2ccccc2)c2cc3ccc4cc5c(-c6ccccc6)c(-c6ccccc6)n(CCCCCC)c(=O)c5nc4c3nc2c1=O|nitrate,/nfs/home/nshank3/lanthanide_dataset_builder/data/geometries/Yb/Yb_Z70_ox3_CN8_nlig1_nitrate_b6234ce57a75.xyz,2,standard,1190195830,50,6,250,0,rejected_by_nearest_coreCN_qc,False,,data/processed/geometries_regenerated_fail_long_bond/rejected/Yb/Yb_Z70_ox3_CN8_nlig1_nitrate_b6234ce57a75_attempt02_standard_dup2.xyz,data/processed/geometries_regenerated_fail_long_bond/rejected/Yb/Yb_Z70_ox3_CN8_nlig1_nitrate_b6234ce57a75_attempt02_standard_dup2.mol2,-4799.136503670968,,FAIL_LONG_BOND,coreCN_max_dist>3.10,O113:2.070;O114:2.078;O52:2.126;O60:2.136;N111:2.237;N57:2.373;N54:2.402;O112:3.211,3.2109,3.9964,0.7856,O113:2.070;O114:2.078;O52:2.126;O60:2.136;N111:2.237;N57:2.373;N54:2.402;O112:3.211;N7:3.996;N44:4.132
257,a0aa0701cbf7,Yb,70,3,CCCCCCn1c(-c2ccccc2)c(-c2ccccc2)c2cc3ccc4cc5c(-c6ccccc6)c(-c6ccccc6)n(CCCCCC)c(=O)c5nc4c3nc2c1=O,"[6, 43, 51, 53, 56, 59]",6,8,1,water,70|CCCCCCn1c(-c2ccccc2)c(-c2ccccc2)c2cc3ccc4cc5c(-c6ccccc6)c(-c6ccccc6)n(CCCCCC)c(=O)c5nc4c3nc2c1=O|water,/nfs/home/nshank3/lanthanide_dataset_builder/data/geometries/Yb/Yb_Z70_ox3_CN8_nlig1_water_a0aa0701cbf7.xyz,1,standard,905621470,40,5,250,0,rejected_by_nearest_coreCN_qc,False,,data/processed/geometries_regenerated_fail_long_bond/rejected/Yb/Yb_Z70_ox3_CN8_nlig1_water_a0aa0701cbf7_attempt01_standard.xyz,data/processed/geometries_regenerated_fail_long_bond/rejected/Yb/Yb_Z70_ox3_CN8_nlig1_water_a0aa0701cbf7_attempt01_standard.mol2,-4651.58184644908,,FAIL_LONG_BOND,coreCN_max_dist>3.10,O52:2.108;O60:2.135;N57:2.334;N54:2.336;O114:2.360;O111:2.657;N44:4.012;N7:4.088,4.0882,inf,inf,O52:2.108;O60:2.135;N57:2.334;N54:2.336;O114:2.360;O111:2.657;N44:4.012;N7:4.088
257,a0aa0701cbf7,Yb,70,3,CCCCCCn1c(-c2ccccc2)c(-c2ccccc2)c2cc3ccc4cc5c(-c6ccccc6)c(-c6ccccc6)n(CCCCCC)c(=O)c5nc4c3nc2c1=O,"[6, 43, 51, 53, 56, 59]",6,8,1,water,70|CCCCCCn1c(-c2ccccc2)c(-c2ccccc2)c2cc3ccc4cc5c(-c6ccccc6)c(-c6ccccc6)n(CCCCCC)c(=O)c5nc4c3nc2c1=O|water,/nfs/home/nshank3/lanthanide_dataset_builder/data/geometries/Yb/Yb_Z70_ox3_CN8_nlig1_water_a0aa0701cbf7.xyz,2,standard,905629389,50,6,250,0,rejected_by_nearest_coreCN_qc,False,,data/processed/geometries_regenerated_fail_long_bond/rejected/Yb/Yb_Z70_ox3_CN8_nlig1_water_a0aa0701cbf7_attempt02_standard_dup2.xyz,data/processed/geometries_regenerated_fail_long_bond/rejected/Yb/Yb_Z70_ox3_CN8_nlig1_water_a0aa0701cbf7_attempt02_standard_dup2.mol2,-4650.886236119919,,FAIL_LONG_BOND,coreCN_max_dist>3.10,O52:2.074;O60:2.089;O114:2.387;N54:2.427;O111:2.469;N57:2.482;N7:3.908;N44:4.262,4.2619,inf,inf,O52:2.074;O60:2.089;O114:2.387;N54:2.427;O111:2.469;N57:2.482;N7:3.908;N44:4.262
