build_id,metal_symbol,coreCN,DENTATE,n_ligs,inner_sphere_anion,fill_ligand,n_fill,rows_covered,heavy_atoms,mol_weight,n_rotatable_bonds,estimated_complex_heavy_atoms,heavy_ligand,recommended_profile_sequence,SMILES_FOR_ARCHITECTOR
a3e671494b96,Eu,9,3,3,nitrate,nitrate,0,14,96,1354.96,66,288,1,"standard,large_ligand_deep,large_ligand_fast",CCCCCCCCN(CCCCCCCC)C(=O)COCC(=O)NCCNC(=O)c1cc(C(=O)NCCNC(=O)COCC(=O)N(CCCCCCCC)CCCCCCCC)cc(C(=O)NCCNC(=O)COCC(=O)N(CCCCCCCC)CCCCCCCC)c1
4db10fb36c20,Eu,9,3,3,water,water,0,1,96,1354.96,66,288,1,"standard,large_ligand_deep,large_ligand_fast",CCCCCCCCN(CCCCCCCC)C(=O)COCC(=O)NCCNC(=O)c1cc(C(=O)NCCNC(=O)COCC(=O)N(CCCCCCCC)CCCCCCCC)cc(C(=O)NCCNC(=O)COCC(=O)N(CCCCCCCC)CCCCCCCC)c1
8891c25d4c67,Ce,9,4,2,nitrate,nitrate,1,1,61,861.48,48,126,1,"standard,large_ligand_deep,large_ligand_fast",CCCCCCCCN(CCCCCCCC)C(=O)CN(CC(=O)N(CCCCCCCC)CCCCCCCC)CC(=O)N(CCCCCCCC)CCCCCCCC
4ca0b6f30178,Dy,8,4,2,nitrate,nitrate,0,1,61,861.48,48,122,1,"standard,large_ligand_deep,large_ligand_fast",CCCCCCCCN(CCCCCCCC)C(=O)CN(CC(=O)N(CCCCCCCC)CCCCCCCC)CC(=O)N(CCCCCCCC)CCCCCCCC
32c5ca2ccd68,Er,8,4,2,nitrate,nitrate,0,1,61,861.48,48,122,1,"standard,large_ligand_deep,large_ligand_fast",CCCCCCCCN(CCCCCCCC)C(=O)CN(CC(=O)N(CCCCCCCC)CCCCCCCC)CC(=O)N(CCCCCCCC)CCCCCCCC
f3f070427c1f,Eu,9,4,2,nitrate,nitrate,1,11,61,861.48,48,126,1,"standard,large_ligand_deep,large_ligand_fast",CCCCCCCCN(CCCCCCCC)C(=O)CN(CC(=O)N(CCCCCCCC)CCCCCCCC)CC(=O)N(CCCCCCCC)CCCCCCCC
bd11f8c14383,Gd,9,4,2,nitrate,nitrate,1,1,61,861.48,48,126,1,"standard,large_ligand_deep,large_ligand_fast",CCCCCCCCN(CCCCCCCC)C(=O)CN(CC(=O)N(CCCCCCCC)CCCCCCCC)CC(=O)N(CCCCCCCC)CCCCCCCC
b72884625baf,Ho,8,4,2,nitrate,nitrate,0,1,61,861.48,48,122,1,"standard,large_ligand_deep,large_ligand_fast",CCCCCCCCN(CCCCCCCC)C(=O)CN(CC(=O)N(CCCCCCCC)CCCCCCCC)CC(=O)N(CCCCCCCC)CCCCCCCC
033b4c93146d,La,9,4,2,nitrate,nitrate,1,1,61,861.48,48,126,1,"standard,large_ligand_deep,large_ligand_fast",CCCCCCCCN(CCCCCCCC)C(=O)CN(CC(=O)N(CCCCCCCC)CCCCCCCC)CC(=O)N(CCCCCCCC)CCCCCCCC
a5b6774306ad,Lu,8,4,2,nitrate,nitrate,0,1,61,861.48,48,122,1,"standard,large_ligand_deep,large_ligand_fast",CCCCCCCCN(CCCCCCCC)C(=O)CN(CC(=O)N(CCCCCCCC)CCCCCCCC)CC(=O)N(CCCCCCCC)CCCCCCCC
e0bff762c05d,Nd,9,4,2,nitrate,nitrate,1,1,61,861.48,48,126,1,"standard,large_ligand_deep,large_ligand_fast",CCCCCCCCN(CCCCCCCC)C(=O)CN(CC(=O)N(CCCCCCCC)CCCCCCCC)CC(=O)N(CCCCCCCC)CCCCCCCC
0a5ee26d567d,Pr,9,4,2,nitrate,nitrate,1,1,61,861.48,48,126,1,"standard,large_ligand_deep,large_ligand_fast",CCCCCCCCN(CCCCCCCC)C(=O)CN(CC(=O)N(CCCCCCCC)CCCCCCCC)CC(=O)N(CCCCCCCC)CCCCCCCC
bef90f96562a,Sm,9,4,2,nitrate,nitrate,1,1,61,861.48,48,126,1,"standard,large_ligand_deep,large_ligand_fast",CCCCCCCCN(CCCCCCCC)C(=O)CN(CC(=O)N(CCCCCCCC)CCCCCCCC)CC(=O)N(CCCCCCCC)CCCCCCCC
e54b7e0eebc9,Tb,8,4,2,nitrate,nitrate,0,1,61,861.48,48,122,1,"standard,large_ligand_deep,large_ligand_fast",CCCCCCCCN(CCCCCCCC)C(=O)CN(CC(=O)N(CCCCCCCC)CCCCCCCC)CC(=O)N(CCCCCCCC)CCCCCCCC
7dc84a0bd047,Tm,8,4,2,nitrate,nitrate,0,1,61,861.48,48,122,1,"standard,large_ligand_deep,large_ligand_fast",CCCCCCCCN(CCCCCCCC)C(=O)CN(CC(=O)N(CCCCCCCC)CCCCCCCC)CC(=O)N(CCCCCCCC)CCCCCCCC
3927fc1f583b,Yb,8,4,2,nitrate,nitrate,0,1,61,861.48,48,122,1,"standard,large_ligand_deep,large_ligand_fast",CCCCCCCCN(CCCCCCCC)C(=O)CN(CC(=O)N(CCCCCCCC)CCCCCCCC)CC(=O)N(CCCCCCCC)CCCCCCCC
a23b9ed3c843,Eu,9,4,2,water,water,1,2,61,861.48,48,123,1,"standard,large_ligand_deep,large_ligand_fast",CCCCCCCCN(CCCCCCCC)C(=O)CN(CC(=O)N(CCCCCCCC)CCCCCCCC)CC(=O)N(CCCCCCCC)CCCCCCCC
a899d73ff41d,Eu,9,3,3,nitrate,nitrate,0,4,43,619.06,30,129,0,standard,CCCCCCCCN(CCCCCCCC)C(=O)c1ccc(C(=O)N(CCCCCCCC)CCCCCCCC)s1
45970656f998,Eu,9,5,1,nitrate,nitrate,4,4,43,651.19,30,59,0,standard,CCCCCCCCN(CCCCCCCC)C(=S)c1ccc(C(=S)N(CCCCCCCC)CCCCCCCC)s1
a3b3468ffd90,Eu,9,4,2,water,water,1,4,52,715.12,30,105,0,standard,CCCCCCCCN(CCCCCCCC)C(=O)c1ccc2ccc3ccc(C(=O)N(CCCCCCCC)CCCCCCCC)nc3c2n1
797cf8bfb668,Eu,9,4,2,nitrate,nitrate,1,9,52,715.12,30,108,0,standard,CCCCCCCCN(CCCCCCCC)C(=O)c1ccc2ccc3ccc(C(=O)N(CCCCCCCC)CCCCCCCC)nc3c2n1
68c904700053,Eu,9,6,1,water,water,3,3,52,747.26,30,55,0,standard,CCCCCCCCN(CCCCCCCC)C(=S)c1ccc2ccc3ccc(C(=S)N(CCCCCCCC)CCCCCCCC)nc3c2n1
501e57106fbd,Eu,9,6,1,nitrate,nitrate,3,9,52,747.26,30,64,0,standard,CCCCCCCCN(CCCCCCCC)C(=S)c1ccc2ccc3ccc(C(=S)N(CCCCCCCC)CCCCCCCC)nc3c2n1
b5ceae618f36,Eu,9,3,3,water,water,0,99,41,580.98,32,123,0,standard,CCCCCCCCN(CCCCCCCC)C(=O)COCC(=O)N(CCCCCCCC)CCCCCCCC
3f1e9baa527a,Eu,9,3,3,nitrate,nitrate,0,377,41,580.98,32,123,0,standard,CCCCCCCCN(CCCCCCCC)C(=O)COCC(=O)N(CCCCCCCC)CCCCCCCC
1a2c675a4d6b,Eu,9,3,3,nitrate,nitrate,0,17,49,692.21,34,147,0,standard,CCCCC(CC)CN(CC(=O)N(CC(CC)CCCC)CC(CC)CCCC)CC(=O)N(CC(CC)CCCC)CC(CC)CCCC
4daf401699d8,Nd,9,3,3,nitrate,nitrate,0,5,49,692.21,34,147,0,standard,CCCCC(CC)CN(CC(=O)N(CC(CC)CCCC)CC(CC)CCCC)CC(=O)N(CC(CC)CCCC)CC(CC)CCCC
f06ae7567ce5,La,9,3,3,nitrate,nitrate,0,10,26,345.4,4,78,0,standard,CN(C(=O)c1cccc(C(=O)N(C)c2ccccc2)n1)c1ccccc1
5a0a32c8248c,Tm,8,3,2,nitrate,nitrate,2,10,26,345.4,4,60,0,standard,CN(C(=O)c1cccc(C(=O)N(C)c2ccccc2)n1)c1ccccc1
9010e77066c0,Er,8,3,2,nitrate,nitrate,2,10,26,345.4,4,60,0,standard,CN(C(=O)c1cccc(C(=O)N(C)c2ccccc2)n1)c1ccccc1
d06ba4f70613,Ho,8,3,2,nitrate,nitrate,2,10,26,345.4,4,60,0,standard,CN(C(=O)c1cccc(C(=O)N(C)c2ccccc2)n1)c1ccccc1
19e40aa7a143,Dy,8,3,2,nitrate,nitrate,2,10,26,345.4,4,60,0,standard,CN(C(=O)c1cccc(C(=O)N(C)c2ccccc2)n1)c1ccccc1
d35fe5d1f27d,Tb,8,3,2,nitrate,nitrate,2,10,26,345.4,4,60,0,standard,CN(C(=O)c1cccc(C(=O)N(C)c2ccccc2)n1)c1ccccc1
767f19fc0623,Gd,9,3,3,nitrate,nitrate,0,10,26,345.4,4,78,0,standard,CN(C(=O)c1cccc(C(=O)N(C)c2ccccc2)n1)c1ccccc1
f4b171990fec,Yb,8,3,2,nitrate,nitrate,2,10,26,345.4,4,60,0,standard,CN(C(=O)c1cccc(C(=O)N(C)c2ccccc2)n1)c1ccccc1
3afdf5d4d1a3,Eu,9,3,3,nitrate,nitrate,0,10,26,345.4,4,78,0,standard,CN(C(=O)c1cccc(C(=O)N(C)c2ccccc2)n1)c1ccccc1
a6691a2ffe3a,Nd,9,3,3,nitrate,nitrate,0,10,26,345.4,4,78,0,standard,CN(C(=O)c1cccc(C(=O)N(C)c2ccccc2)n1)c1ccccc1
98f74c951744,Pr,9,3,3,nitrate,nitrate,0,10,26,345.4,4,78,0,standard,CN(C(=O)c1cccc(C(=O)N(C)c2ccccc2)n1)c1ccccc1
5aa4cf743db2,Ce,9,3,3,nitrate,nitrate,0,10,26,345.4,4,78,0,standard,CN(C(=O)c1cccc(C(=O)N(C)c2ccccc2)n1)c1ccccc1
900f98641be6,Lu,8,3,2,nitrate,nitrate,2,10,26,345.4,4,60,0,standard,CN(C(=O)c1cccc(C(=O)N(C)c2ccccc2)n1)c1ccccc1
3196db46a239,Sm,9,3,3,nitrate,nitrate,0,10,26,345.4,4,78,0,standard,CN(C(=O)c1cccc(C(=O)N(C)c2ccccc2)n1)c1ccccc1
b2e4636b1074,Ho,8,4,2,nitrate,nitrate,0,1,52,715.12,30,104,0,standard,CCCCCCCCN(CCCCCCCC)C(=O)c1ccc2ccc3ccc(C(=O)N(CCCCCCCC)CCCCCCCC)nc3c2n1
76e2ec6f2f0b,Dy,8,4,2,nitrate,nitrate,0,1,52,715.12,30,104,0,standard,CCCCCCCCN(CCCCCCCC)C(=O)c1ccc2ccc3ccc(C(=O)N(CCCCCCCC)CCCCCCCC)nc3c2n1
6fcf4b2f3837,Tb,8,4,2,nitrate,nitrate,0,1,52,715.12,30,104,0,standard,CCCCCCCCN(CCCCCCCC)C(=O)c1ccc2ccc3ccc(C(=O)N(CCCCCCCC)CCCCCCCC)nc3c2n1
53b0f14d2de0,Pr,9,4,2,nitrate,nitrate,1,1,52,715.12,30,108,0,standard,CCCCCCCCN(CCCCCCCC)C(=O)c1ccc2ccc3ccc(C(=O)N(CCCCCCCC)CCCCCCCC)nc3c2n1
cae25950ae7e,La,9,4,2,nitrate,nitrate,1,1,52,715.12,30,108,0,standard,CCCCCCCCN(CCCCCCCC)C(=O)c1ccc2ccc3ccc(C(=O)N(CCCCCCCC)CCCCCCCC)nc3c2n1
f5f08a9e7494,Er,8,4,2,nitrate,nitrate,0,1,52,715.12,30,104,0,standard,CCCCCCCCN(CCCCCCCC)C(=O)c1ccc2ccc3ccc(C(=O)N(CCCCCCCC)CCCCCCCC)nc3c2n1
a793bef2526f,Yb,8,4,2,nitrate,nitrate,0,1,52,715.12,30,104,0,standard,CCCCCCCCN(CCCCCCCC)C(=O)c1ccc2ccc3ccc(C(=O)N(CCCCCCCC)CCCCCCCC)nc3c2n1
d8f03e96fe54,Tb,8,4,2,water,water,0,1,52,715.12,30,104,0,standard,CCCCCCCCN(CCCCCCCC)C(=O)c1ccc2ccc3ccc(C(=O)N(CCCCCCCC)CCCCCCCC)nc3c2n1
59820f9615bf,La,9,4,2,water,water,1,1,52,715.12,30,105,0,standard,CCCCCCCCN(CCCCCCCC)C(=O)c1ccc2ccc3ccc(C(=O)N(CCCCCCCC)CCCCCCCC)nc3c2n1
9517759666e7,Gd,9,4,2,water,water,1,1,52,715.12,30,105,0,standard,CCCCCCCCN(CCCCCCCC)C(=O)c1ccc2ccc3ccc(C(=O)N(CCCCCCCC)CCCCCCCC)nc3c2n1
f8f16b27f64d,Ce,9,4,2,nitrate,nitrate,1,1,52,715.12,30,108,0,standard,CCCCCCCCN(CCCCCCCC)C(=O)c1ccc2ccc3ccc(C(=O)N(CCCCCCCC)CCCCCCCC)nc3c2n1
f195cf428463,Lu,8,4,2,water,water,0,1,52,715.12,30,104,0,standard,CCCCCCCCN(CCCCCCCC)C(=O)c1ccc2ccc3ccc(C(=O)N(CCCCCCCC)CCCCCCCC)nc3c2n1
10b161466831,Yb,8,4,2,water,water,0,1,52,715.12,30,104,0,standard,CCCCCCCCN(CCCCCCCC)C(=O)c1ccc2ccc3ccc(C(=O)N(CCCCCCCC)CCCCCCCC)nc3c2n1
3cd5bc4527c0,Tm,8,4,2,water,water,0,1,52,715.12,30,104,0,standard,CCCCCCCCN(CCCCCCCC)C(=O)c1ccc2ccc3ccc(C(=O)N(CCCCCCCC)CCCCCCCC)nc3c2n1
0a2e9bb2e54c,Lu,8,4,2,nitrate,nitrate,0,1,52,715.12,30,104,0,standard,CCCCCCCCN(CCCCCCCC)C(=O)c1ccc2ccc3ccc(C(=O)N(CCCCCCCC)CCCCCCCC)nc3c2n1
3b23537feca7,Er,8,4,2,water,water,0,1,52,715.12,30,104,0,standard,CCCCCCCCN(CCCCCCCC)C(=O)c1ccc2ccc3ccc(C(=O)N(CCCCCCCC)CCCCCCCC)nc3c2n1
49191ed2a440,Dy,8,4,2,water,water,0,1,52,715.12,30,104,0,standard,CCCCCCCCN(CCCCCCCC)C(=O)c1ccc2ccc3ccc(C(=O)N(CCCCCCCC)CCCCCCCC)nc3c2n1
490f1add9e55,Sm,9,4,2,water,water,1,1,52,715.12,30,105,0,standard,CCCCCCCCN(CCCCCCCC)C(=O)c1ccc2ccc3ccc(C(=O)N(CCCCCCCC)CCCCCCCC)nc3c2n1
2a85606c4a7e,Nd,9,4,2,water,water,1,1,52,715.12,30,105,0,standard,CCCCCCCCN(CCCCCCCC)C(=O)c1ccc2ccc3ccc(C(=O)N(CCCCCCCC)CCCCCCCC)nc3c2n1
c30d549b27cf,Pr,9,4,2,water,water,1,1,52,715.12,30,105,0,standard,CCCCCCCCN(CCCCCCCC)C(=O)c1ccc2ccc3ccc(C(=O)N(CCCCCCCC)CCCCCCCC)nc3c2n1
2cd2f8a48ec8,Ce,9,4,2,water,water,1,1,52,715.12,30,105,0,standard,CCCCCCCCN(CCCCCCCC)C(=O)c1ccc2ccc3ccc(C(=O)N(CCCCCCCC)CCCCCCCC)nc3c2n1
e1552636ab3d,Ho,8,4,2,water,water,0,1,52,715.12,30,104,0,standard,CCCCCCCCN(CCCCCCCC)C(=O)c1ccc2ccc3ccc(C(=O)N(CCCCCCCC)CCCCCCCC)nc3c2n1
6c4c4b9f9946,Ce,9,3,3,nitrate,nitrate,0,2,43,609.04,32,129,0,standard,CCCCCCCCN(CCCCCCCC)C(=O)C(C)OC(C)C(=O)N(CCCCCCCC)CCCCCCCC
6afca3f27250,Eu,9,3,3,nitrate,nitrate,0,18,43,609.04,32,129,0,standard,CCCCCCCCN(CCCCCCCC)C(=O)C(C)OC(C)C(=O)N(CCCCCCCC)CCCCCCCC
b937f642bd0f,Tb,8,3,2,nitrate,nitrate,2,2,43,609.04,32,94,0,standard,CCCCCCCCN(CCCCCCCC)C(=O)C(C)OC(C)C(=O)N(CCCCCCCC)CCCCCCCC
48dc87a4f65a,Sm,9,3,3,nitrate,nitrate,0,2,43,609.04,32,129,0,standard,CCCCCCCCN(CCCCCCCC)C(=O)C(C)OC(C)C(=O)N(CCCCCCCC)CCCCCCCC
90ecb106b04d,Nd,9,3,3,nitrate,nitrate,0,2,43,609.04,32,129,0,standard,CCCCCCCCN(CCCCCCCC)C(=O)C(C)OC(C)C(=O)N(CCCCCCCC)CCCCCCCC
eeaf9d72b5fd,Pr,9,3,3,nitrate,nitrate,0,2,43,609.04,32,129,0,standard,CCCCCCCCN(CCCCCCCC)C(=O)C(C)OC(C)C(=O)N(CCCCCCCC)CCCCCCCC
0bf6d3175147,Gd,9,3,3,nitrate,nitrate,0,2,43,609.04,32,129,0,standard,CCCCCCCCN(CCCCCCCC)C(=O)C(C)OC(C)C(=O)N(CCCCCCCC)CCCCCCCC
9e16a74d1a8a,Dy,8,3,2,nitrate,nitrate,2,2,43,609.04,32,94,0,standard,CCCCCCCCN(CCCCCCCC)C(=O)C(C)OC(C)C(=O)N(CCCCCCCC)CCCCCCCC
a0217c67215b,Ho,8,3,2,nitrate,nitrate,2,2,43,609.04,32,94,0,standard,CCCCCCCCN(CCCCCCCC)C(=O)C(C)OC(C)C(=O)N(CCCCCCCC)CCCCCCCC
4506e8fc1a6f,Tm,8,3,2,nitrate,nitrate,2,2,43,609.04,32,94,0,standard,CCCCCCCCN(CCCCCCCC)C(=O)C(C)OC(C)C(=O)N(CCCCCCCC)CCCCCCCC
feb7945ef3a0,Yb,8,3,2,nitrate,nitrate,2,2,43,609.04,32,94,0,standard,CCCCCCCCN(CCCCCCCC)C(=O)C(C)OC(C)C(=O)N(CCCCCCCC)CCCCCCCC
afcf6c9bafc3,Lu,8,3,2,nitrate,nitrate,2,2,43,609.04,32,94,0,standard,CCCCCCCCN(CCCCCCCC)C(=O)C(C)OC(C)C(=O)N(CCCCCCCC)CCCCCCCC
8dec8fe1a8d7,La,9,3,3,nitrate,nitrate,0,2,43,609.04,32,129,0,standard,CCCCCCCCN(CCCCCCCC)C(=O)C(C)OC(C)C(=O)N(CCCCCCCC)CCCCCCCC
daf564d7d6e5,Er,8,3,2,nitrate,nitrate,2,2,43,609.04,32,94,0,standard,CCCCCCCCN(CCCCCCCC)C(=O)C(C)OC(C)C(=O)N(CCCCCCCC)CCCCCCCC
0805b1f429c5,Lu,8,2,4,nitrate,nitrate,0,1,21,282.34,4,84,0,standard,CN(C(=O)CC(=O)N(C)c1ccccc1)c1ccccc1
090126457ba1,La,9,2,4,nitrate,nitrate,1,1,21,282.34,4,88,0,standard,CN(C(=O)CC(=O)N(C)c1ccccc1)c1ccccc1
da9ddf9cfb60,Ce,9,2,4,nitrate,nitrate,1,1,21,282.34,4,88,0,standard,CN(C(=O)CC(=O)N(C)c1ccccc1)c1ccccc1
22aac70a342d,Pr,9,2,4,nitrate,nitrate,1,1,21,282.34,4,88,0,standard,CN(C(=O)CC(=O)N(C)c1ccccc1)c1ccccc1
3d1b981eb728,Nd,9,2,4,nitrate,nitrate,1,1,21,282.34,4,88,0,standard,CN(C(=O)CC(=O)N(C)c1ccccc1)c1ccccc1
63832a3a0ccc,Sm,9,2,4,nitrate,nitrate,1,1,21,282.34,4,88,0,standard,CN(C(=O)CC(=O)N(C)c1ccccc1)c1ccccc1
77028478e24f,Eu,9,2,4,nitrate,nitrate,1,1,21,282.34,4,88,0,standard,CN(C(=O)CC(=O)N(C)c1ccccc1)c1ccccc1
20b8e39bea83,Gd,9,2,4,nitrate,nitrate,1,1,21,282.34,4,88,0,standard,CN(C(=O)CC(=O)N(C)c1ccccc1)c1ccccc1
d204b76094fd,Tb,8,2,4,nitrate,nitrate,0,1,21,282.34,4,84,0,standard,CN(C(=O)CC(=O)N(C)c1ccccc1)c1ccccc1
f96ab850a665,Dy,8,2,4,nitrate,nitrate,0,1,21,282.34,4,84,0,standard,CN(C(=O)CC(=O)N(C)c1ccccc1)c1ccccc1
23a7524634d5,Er,8,2,4,nitrate,nitrate,0,1,21,282.34,4,84,0,standard,CN(C(=O)CC(=O)N(C)c1ccccc1)c1ccccc1
e8416a774195,Tm,8,2,4,nitrate,nitrate,0,1,21,282.34,4,84,0,standard,CN(C(=O)CC(=O)N(C)c1ccccc1)c1ccccc1
5ab0d6f82e9f,Yb,8,2,4,nitrate,nitrate,0,1,21,282.34,4,84,0,standard,CN(C(=O)CC(=O)N(C)c1ccccc1)c1ccccc1
08a1a228803c,Ho,8,2,4,nitrate,nitrate,0,1,21,282.34,4,84,0,standard,CN(C(=O)CC(=O)N(C)c1ccccc1)c1ccccc1
72cbb52679c0,Dy,8,3,2,nitrate,nitrate,2,1,34,482.79,24,76,0,standard,CCCCCCCCN(C)C(=O)C(CCOCCCCCC)C(=O)N(C)CCCCCCCC
35fb62fe84b7,Nd,9,3,3,nitrate,nitrate,0,3,34,482.79,24,102,0,standard,CCCCCCCCN(C)C(=O)C(CCOCCCCCC)C(=O)N(C)CCCCCCCC
f8e1f196a8a6,La,9,3,3,nitrate,nitrate,0,1,34,482.79,24,102,0,standard,CCCCCCCCN(C)C(=O)C(CCOCCCCCC)C(=O)N(C)CCCCCCCC
432d228e95b0,Ce,9,3,3,nitrate,nitrate,0,1,34,482.79,24,102,0,standard,CCCCCCCCN(C)C(=O)C(CCOCCCCCC)C(=O)N(C)CCCCCCCC
a9a7588bfc02,Pr,9,3,3,nitrate,nitrate,0,1,34,482.79,24,102,0,standard,CCCCCCCCN(C)C(=O)C(CCOCCCCCC)C(=O)N(C)CCCCCCCC
0b18d18633b1,Sm,9,3,3,nitrate,nitrate,0,1,34,482.79,24,102,0,standard,CCCCCCCCN(C)C(=O)C(CCOCCCCCC)C(=O)N(C)CCCCCCCC
fb46283268e8,Eu,9,3,3,nitrate,nitrate,0,37,34,482.79,24,102,0,standard,CCCCCCCCN(C)C(=O)C(CCOCCCCCC)C(=O)N(C)CCCCCCCC
ab223aba5c2d,Gd,9,3,3,nitrate,nitrate,0,1,34,482.79,24,102,0,standard,CCCCCCCCN(C)C(=O)C(CCOCCCCCC)C(=O)N(C)CCCCCCCC
2cc775446b54,Tb,8,3,2,nitrate,nitrate,2,1,34,482.79,24,76,0,standard,CCCCCCCCN(C)C(=O)C(CCOCCCCCC)C(=O)N(C)CCCCCCCC
de567519c7d9,Ho,8,3,2,nitrate,nitrate,2,1,34,482.79,24,76,0,standard,CCCCCCCCN(C)C(=O)C(CCOCCCCCC)C(=O)N(C)CCCCCCCC
f8d2de87160c,Er,8,3,2,nitrate,nitrate,2,1,34,482.79,24,76,0,standard,CCCCCCCCN(C)C(=O)C(CCOCCCCCC)C(=O)N(C)CCCCCCCC
b41c48dbd129,Tm,8,3,2,nitrate,nitrate,2,1,34,482.79,24,76,0,standard,CCCCCCCCN(C)C(=O)C(CCOCCCCCC)C(=O)N(C)CCCCCCCC
9f58c2bc4257,Yb,8,3,2,nitrate,nitrate,2,1,34,482.79,24,76,0,standard,CCCCCCCCN(C)C(=O)C(CCOCCCCCC)C(=O)N(C)CCCCCCCC
30403ce9c40d,Lu,8,3,2,nitrate,nitrate,2,1,34,482.79,24,76,0,standard,CCCCCCCCN(C)C(=O)C(CCOCCCCCC)C(=O)N(C)CCCCCCCC
d7d9c9a71786,Pr,9,4,2,nitrate,nitrate,1,1,34,450.54,7,72,0,standard,CCN(C(=O)c1cccc(-c2cccc(C(=O)N(CC)c3ccccc3)n2)n1)c1ccccc1
e8dfdac4fd04,Pr,9,4,2,nitrate,nitrate,1,1,38,506.65,7,80,0,standard,CCN(C(=O)c1cccc(-c2cccc(C(=O)N(CC)c3cc(C)ccc3C)n2)n1)c1cc(C)ccc1C
fe21b9f4cac0,Sm,9,4,2,nitrate,nitrate,1,1,38,506.65,7,80,0,standard,CCN(C(=O)c1cccc(-c2cccc(C(=O)N(CC)c3ccc(C)cc3C)n2)n1)c1ccc(C)cc1C
5a960f57de99,Er,8,4,2,nitrate,nitrate,0,1,38,506.65,7,76,0,standard,CCN(C(=O)c1cccc(-c2cccc(C(=O)N(CC)c3ccc(C)cc3C)n2)n1)c1ccc(C)cc1C
7e009e5eb031,Yb,8,4,2,nitrate,nitrate,0,1,38,506.65,7,76,0,standard,CCN(C(=O)c1cccc(-c2cccc(C(=O)N(CC)c3ccc(C)cc3C)n2)n1)c1ccc(C)cc1C
fb0185b0aa14,Nd,9,4,2,nitrate,nitrate,1,1,38,506.65,7,80,0,standard,CCN(C(=O)c1cccc(-c2cccc(C(=O)N(CC)c3cc(C)cc(C)c3)n2)n1)c1cc(C)cc(C)c1
e69ce81c1c61,Lu,8,4,2,nitrate,nitrate,0,1,38,506.65,7,76,0,standard,CCN(C(=O)c1cccc(-c2cccc(C(=O)N(CC)c3cc(C)cc(C)c3)n2)n1)c1cc(C)cc(C)c1
b863767b3d63,Eu,9,4,2,nitrate,nitrate,1,1,38,506.65,7,80,0,standard,CCN(C(=O)c1cccc(-c2cccc(C(=O)N(CC)c3cc(C)ccc3C)n2)n1)c1cc(C)ccc1C
e89f796158d3,Tm,8,4,2,nitrate,nitrate,0,1,38,506.65,7,76,0,standard,CCN(C(=O)c1cccc(-c2cccc(C(=O)N(CC)c3cc(C)cc(C)c3)n2)n1)c1cc(C)cc(C)c1
1c89bff6bd02,La,9,4,2,nitrate,nitrate,1,1,38,506.65,7,80,0,standard,CCN(C(=O)c1cccc(-c2cccc(C(=O)N(CC)c3ccc(C)cc3C)n2)n1)c1ccc(C)cc1C
0d6f25660483,Ce,9,4,2,nitrate,nitrate,1,1,38,506.65,7,80,0,standard,CCN(C(=O)c1cccc(-c2cccc(C(=O)N(CC)c3ccc(C)cc3C)n2)n1)c1ccc(C)cc1C
279ef781b173,Pr,9,4,2,nitrate,nitrate,1,1,38,506.65,7,80,0,standard,CCN(C(=O)c1cccc(-c2cccc(C(=O)N(CC)c3ccc(C)cc3C)n2)n1)c1ccc(C)cc1C
874e7dab0087,Eu,9,4,2,nitrate,nitrate,1,1,38,506.65,7,80,0,standard,CCN(C(=O)c1cccc(-c2cccc(C(=O)N(CC)c3ccc(C)cc3C)n2)n1)c1ccc(C)cc1C
4a5715743e89,Gd,9,4,2,nitrate,nitrate,1,1,38,506.65,7,80,0,standard,CCN(C(=O)c1cccc(-c2cccc(C(=O)N(CC)c3ccc(C)cc3C)n2)n1)c1ccc(C)cc1C
604be91b960b,Tb,8,4,2,nitrate,nitrate,0,1,38,506.65,7,76,0,standard,CCN(C(=O)c1cccc(-c2cccc(C(=O)N(CC)c3ccc(C)cc3C)n2)n1)c1ccc(C)cc1C
be5e74a1f67e,Dy,8,4,2,nitrate,nitrate,0,1,38,506.65,7,76,0,standard,CCN(C(=O)c1cccc(-c2cccc(C(=O)N(CC)c3ccc(C)cc3C)n2)n1)c1ccc(C)cc1C
05d35b9fbea8,Ho,8,4,2,nitrate,nitrate,0,1,38,506.65,7,76,0,standard,CCN(C(=O)c1cccc(-c2cccc(C(=O)N(CC)c3ccc(C)cc3C)n2)n1)c1ccc(C)cc1C
e5410665bf3b,Tm,8,4,2,nitrate,nitrate,0,1,38,506.65,7,76,0,standard,CCN(C(=O)c1cccc(-c2cccc(C(=O)N(CC)c3ccc(C)cc3C)n2)n1)c1ccc(C)cc1C
3a07c6339ac1,Lu,8,4,2,nitrate,nitrate,0,1,38,506.65,7,76,0,standard,CCN(C(=O)c1cccc(-c2cccc(C(=O)N(CC)c3cc(C)ccc3C)n2)n1)c1cc(C)ccc1C
23ffe0c0a937,Lu,8,4,2,nitrate,nitrate,0,1,38,506.65,7,76,0,standard,CCN(C(=O)c1cccc(-c2cccc(C(=O)N(CC)c3ccc(C)cc3C)n2)n1)c1ccc(C)cc1C
fbc895642171,Ce,9,4,2,nitrate,nitrate,1,1,38,506.65,7,80,0,standard,CCN(C(=O)c1cccc(-c2cccc(C(=O)N(CC)c3cc(C)cc(C)c3)n2)n1)c1cc(C)cc(C)c1
28f67169f751,Pr,9,4,2,nitrate,nitrate,1,1,38,506.65,7,80,0,standard,CCN(C(=O)c1cccc(-c2cccc(C(=O)N(CC)c3cc(C)cc(C)c3)n2)n1)c1cc(C)cc(C)c1
bf70acef9bd9,Sm,9,4,2,nitrate,nitrate,1,1,38,506.65,7,80,0,standard,CCN(C(=O)c1cccc(-c2cccc(C(=O)N(CC)c3cc(C)cc(C)c3)n2)n1)c1cc(C)cc(C)c1
4cbc57f69c3c,Eu,9,4,2,nitrate,nitrate,1,1,38,506.65,7,80,0,standard,CCN(C(=O)c1cccc(-c2cccc(C(=O)N(CC)c3cc(C)cc(C)c3)n2)n1)c1cc(C)cc(C)c1
fd7ac44bc180,Gd,9,4,2,nitrate,nitrate,1,1,38,506.65,7,80,0,standard,CCN(C(=O)c1cccc(-c2cccc(C(=O)N(CC)c3cc(C)cc(C)c3)n2)n1)c1cc(C)cc(C)c1
c8d46f63de3f,Tb,8,4,2,nitrate,nitrate,0,1,38,506.65,7,76,0,standard,CCN(C(=O)c1cccc(-c2cccc(C(=O)N(CC)c3cc(C)cc(C)c3)n2)n1)c1cc(C)cc(C)c1
703d7ea29cc6,Dy,8,4,2,nitrate,nitrate,0,1,38,506.65,7,76,0,standard,CCN(C(=O)c1cccc(-c2cccc(C(=O)N(CC)c3cc(C)cc(C)c3)n2)n1)c1cc(C)cc(C)c1
8d28779c5436,Ho,8,4,2,nitrate,nitrate,0,1,38,506.65,7,76,0,standard,CCN(C(=O)c1cccc(-c2cccc(C(=O)N(CC)c3cc(C)cc(C)c3)n2)n1)c1cc(C)cc(C)c1
eee22ec9a6e4,Yb,8,4,2,nitrate,nitrate,0,1,38,506.65,7,76,0,standard,CCN(C(=O)c1cccc(-c2cccc(C(=O)N(CC)c3cc(C)cc(C)c3)n2)n1)c1cc(C)cc(C)c1
1d80e1c44f32,La,9,4,2,nitrate,nitrate,1,1,38,506.65,7,80,0,standard,CCN(C(=O)c1cccc(-c2cccc(C(=O)N(CC)c3cc(C)cc(C)c3)n2)n1)c1cc(C)cc(C)c1
57cabc7c3566,Yb,8,4,2,nitrate,nitrate,0,1,38,506.65,7,76,0,standard,CCN(C(=O)c1cccc(-c2cccc(C(=O)N(CC)c3cc(C)ccc3C)n2)n1)c1cc(C)ccc1C
ad294a8deaea,Nd,9,4,2,nitrate,nitrate,1,1,38,506.65,7,80,0,standard,CCN(C(=O)c1cccc(-c2cccc(C(=O)N(CC)c3ccc(C)cc3C)n2)n1)c1ccc(C)cc1C
39307714ab2a,Er,8,4,2,nitrate,nitrate,0,1,38,506.65,7,76,0,standard,CCN(C(=O)c1cccc(-c2cccc(C(=O)N(CC)c3cc(C)ccc3C)n2)n1)c1cc(C)ccc1C
13274fc9f96f,La,9,4,2,nitrate,nitrate,1,1,34,450.54,7,72,0,standard,CCN(C(=O)c1cccc(-c2cccc(C(=O)N(CC)c3ccccc3)n2)n1)c1ccccc1
a8c13c432ddc,Ce,9,4,2,nitrate,nitrate,1,1,34,450.54,7,72,0,standard,CCN(C(=O)c1cccc(-c2cccc(C(=O)N(CC)c3ccccc3)n2)n1)c1ccccc1
bcfb4e0786bc,Nd,9,4,2,nitrate,nitrate,1,1,34,450.54,7,72,0,standard,CCN(C(=O)c1cccc(-c2cccc(C(=O)N(CC)c3ccccc3)n2)n1)c1ccccc1
04213303955f,Sm,9,4,2,nitrate,nitrate,1,1,34,450.54,7,72,0,standard,CCN(C(=O)c1cccc(-c2cccc(C(=O)N(CC)c3ccccc3)n2)n1)c1ccccc1
f119e0afc8fb,Eu,9,4,2,nitrate,nitrate,1,1,34,450.54,7,72,0,standard,CCN(C(=O)c1cccc(-c2cccc(C(=O)N(CC)c3ccccc3)n2)n1)c1ccccc1
2e9f73b8c9a6,Tm,8,4,2,nitrate,nitrate,0,1,38,506.65,7,76,0,standard,CCN(C(=O)c1cccc(-c2cccc(C(=O)N(CC)c3cc(C)ccc3C)n2)n1)c1cc(C)ccc1C
e1b913cafa5c,Tb,8,4,2,nitrate,nitrate,0,1,34,450.54,7,68,0,standard,CCN(C(=O)c1cccc(-c2cccc(C(=O)N(CC)c3ccccc3)n2)n1)c1ccccc1
79fdb4206d8e,Dy,8,4,2,nitrate,nitrate,0,1,34,450.54,7,68,0,standard,CCN(C(=O)c1cccc(-c2cccc(C(=O)N(CC)c3ccccc3)n2)n1)c1ccccc1
898d25284bd9,Ho,8,4,2,nitrate,nitrate,0,1,34,450.54,7,68,0,standard,CCN(C(=O)c1cccc(-c2cccc(C(=O)N(CC)c3ccccc3)n2)n1)c1ccccc1
eeb5530e9484,Er,8,4,2,nitrate,nitrate,0,1,34,450.54,7,68,0,standard,CCN(C(=O)c1cccc(-c2cccc(C(=O)N(CC)c3ccccc3)n2)n1)c1ccccc1
0cdb83c602c5,Tm,8,4,2,nitrate,nitrate,0,1,34,450.54,7,68,0,standard,CCN(C(=O)c1cccc(-c2cccc(C(=O)N(CC)c3ccccc3)n2)n1)c1ccccc1
a9e51bdcf3d2,Gd,9,4,2,nitrate,nitrate,1,1,34,450.54,7,72,0,standard,CCN(C(=O)c1cccc(-c2cccc(C(=O)N(CC)c3ccccc3)n2)n1)c1ccccc1
18b24c265849,Lu,8,4,2,nitrate,nitrate,0,1,34,450.54,7,68,0,standard,CCN(C(=O)c1cccc(-c2cccc(C(=O)N(CC)c3ccccc3)n2)n1)c1ccccc1
79140c5432a1,Ho,8,4,2,nitrate,nitrate,0,1,38,506.65,7,76,0,standard,CCN(C(=O)c1cccc(-c2cccc(C(=O)N(CC)c3cc(C)ccc3C)n2)n1)c1cc(C)ccc1C
4beea503351e,Dy,8,4,2,nitrate,nitrate,0,1,38,506.65,7,76,0,standard,CCN(C(=O)c1cccc(-c2cccc(C(=O)N(CC)c3cc(C)ccc3C)n2)n1)c1cc(C)ccc1C
9346b8592baf,Tb,8,4,2,nitrate,nitrate,0,1,38,506.65,7,76,0,standard,CCN(C(=O)c1cccc(-c2cccc(C(=O)N(CC)c3cc(C)ccc3C)n2)n1)c1cc(C)ccc1C
cadd7085b21f,Yb,8,4,2,nitrate,nitrate,0,1,34,450.54,7,68,0,standard,CCN(C(=O)c1cccc(-c2cccc(C(=O)N(CC)c3ccccc3)n2)n1)c1ccccc1
62f8e8df04ed,Gd,9,4,2,nitrate,nitrate,1,1,38,506.65,7,80,0,standard,CCN(C(=O)c1cccc(-c2cccc(C(=O)N(CC)c3cc(C)ccc3C)n2)n1)c1cc(C)ccc1C
83d476ae87dd,Er,8,4,2,nitrate,nitrate,0,1,38,506.65,7,76,0,standard,CCN(C(=O)c1cccc(-c2cccc(C(=O)N(CC)c3cc(C)cc(C)c3)n2)n1)c1cc(C)cc(C)c1
f1e43bcd041d,Sm,9,4,2,nitrate,nitrate,1,1,38,506.65,7,80,0,standard,CCN(C(=O)c1cccc(-c2cccc(C(=O)N(CC)c3cc(C)ccc3C)n2)n1)c1cc(C)ccc1C
3be4a2dc935b,Nd,9,4,2,nitrate,nitrate,1,1,38,506.65,7,80,0,standard,CCN(C(=O)c1cccc(-c2cccc(C(=O)N(CC)c3cc(C)ccc3C)n2)n1)c1cc(C)ccc1C
aac6ecb6c550,Ce,9,4,2,nitrate,nitrate,1,1,38,506.65,7,80,0,standard,CCN(C(=O)c1cccc(-c2cccc(C(=O)N(CC)c3cc(C)ccc3C)n2)n1)c1cc(C)ccc1C
3531ba9d5169,La,9,4,2,nitrate,nitrate,1,1,38,506.65,7,80,0,standard,CCN(C(=O)c1cccc(-c2cccc(C(=O)N(CC)c3cc(C)ccc3C)n2)n1)c1cc(C)ccc1C
d78601d4bdab,Lu,8,3,2,nitrate,nitrate,2,1,32,425.58,9,72,0,standard,CCCCCCCCN(C(=O)c1ccc2ccc3cccnc3c2n1)c1ccc(C)cc1
1fa2d9a6f39b,Tm,8,3,2,nitrate,nitrate,2,1,32,425.58,9,72,0,standard,CCCCCCCCN(C(=O)c1ccc2ccc3cccnc3c2n1)c1ccc(C)cc1
96205c46099b,Er,8,3,2,nitrate,nitrate,2,1,32,425.58,9,72,0,standard,CCCCCCCCN(C(=O)c1ccc2ccc3cccnc3c2n1)c1ccc(C)cc1
6d6eb3546d99,Ho,8,3,2,nitrate,nitrate,2,1,32,425.58,9,72,0,standard,CCCCCCCCN(C(=O)c1ccc2ccc3cccnc3c2n1)c1ccc(C)cc1
20004d3bcbb4,Dy,8,3,2,nitrate,nitrate,2,1,32,425.58,9,72,0,standard,CCCCCCCCN(C(=O)c1ccc2ccc3cccnc3c2n1)c1ccc(C)cc1
d6289c678324,Tb,8,3,2,nitrate,nitrate,2,1,32,425.58,9,72,0,standard,CCCCCCCCN(C(=O)c1ccc2ccc3cccnc3c2n1)c1ccc(C)cc1
052f2dceaa7c,Gd,9,3,3,nitrate,nitrate,0,1,32,425.58,9,96,0,standard,CCCCCCCCN(C(=O)c1ccc2ccc3cccnc3c2n1)c1ccc(C)cc1
c3a75dd9fb48,Eu,9,3,3,nitrate,nitrate,0,1,32,425.58,9,96,0,standard,CCCCCCCCN(C(=O)c1ccc2ccc3cccnc3c2n1)c1ccc(C)cc1
41449be55884,Sm,9,3,3,nitrate,nitrate,0,1,32,425.58,9,96,0,standard,CCCCCCCCN(C(=O)c1ccc2ccc3cccnc3c2n1)c1ccc(C)cc1
17d1a89f3ba2,Nd,9,3,3,nitrate,nitrate,0,1,32,425.58,9,96,0,standard,CCCCCCCCN(C(=O)c1ccc2ccc3cccnc3c2n1)c1ccc(C)cc1
ca3aae3d8c34,Pr,9,3,3,nitrate,nitrate,0,1,32,425.58,9,96,0,standard,CCCCCCCCN(C(=O)c1ccc2ccc3cccnc3c2n1)c1ccc(C)cc1
de0fecd6bded,Ce,9,3,3,nitrate,nitrate,0,1,32,425.58,9,96,0,standard,CCCCCCCCN(C(=O)c1ccc2ccc3cccnc3c2n1)c1ccc(C)cc1
466343586002,La,9,3,3,nitrate,nitrate,0,1,32,425.58,9,96,0,standard,CCCCCCCCN(C(=O)c1ccc2ccc3cccnc3c2n1)c1ccc(C)cc1
b3f43cb08a3e,Yb,8,3,2,nitrate,nitrate,2,1,32,425.58,9,72,0,standard,CCCCCCCCN(C(=O)c1ccc2ccc3cccnc3c2n1)c1ccc(C)cc1
3dd657f759a8,La,9,2,4,nitrate,nitrate,1,1,54,755.19,32,220,0,standard,CCCCN(CCCC)C(=O)C(Cc1ccccc1CC(C(=O)N(CCCC)CCCC)C(=O)N(CCCC)CCCC)C(=O)N(CCCC)CCCC
c25a798202a1,Nd,9,2,4,nitrate,nitrate,1,1,54,755.19,32,220,0,standard,CCCCN(CCCC)C(=O)C(Cc1ccccc1CC(C(=O)N(CCCC)CCCC)C(=O)N(CCCC)CCCC)C(=O)N(CCCC)CCCC
c6b5c3f7cc44,Eu,9,2,4,nitrate,nitrate,1,1,54,755.19,32,220,0,standard,CCCCN(CCCC)C(=O)C(Cc1ccccc1CC(C(=O)N(CCCC)CCCC)C(=O)N(CCCC)CCCC)C(=O)N(CCCC)CCCC
74b654cc8157,Dy,8,2,4,nitrate,nitrate,0,1,54,755.19,32,216,0,standard,CCCCN(CCCC)C(=O)C(Cc1ccccc1CC(C(=O)N(CCCC)CCCC)C(=O)N(CCCC)CCCC)C(=O)N(CCCC)CCCC
4143c21a233c,Dy,8,2,4,nitrate,nitrate,0,1,24,340.55,15,96,0,standard,CCCCN(CCCC)C(=O)CCC(=O)N(CCCC)CCCC
22a9d1cb90fb,Nd,9,2,4,nitrate,nitrate,1,1,24,340.55,15,100,0,standard,CCCCN(CCCC)C(=O)CCC(=O)N(CCCC)CCCC
4e47a8aea4f6,Sm,9,2,4,nitrate,nitrate,1,1,24,340.55,15,100,0,standard,CCCCN(CCCC)C(=O)CCC(=O)N(CCCC)CCCC
8085bc618fe6,Eu,9,2,4,nitrate,nitrate,1,1,24,340.55,15,100,0,standard,CCCCN(CCCC)C(=O)CCC(=O)N(CCCC)CCCC
17f690b1fab1,Gd,9,2,4,nitrate,nitrate,1,1,24,340.55,15,100,0,standard,CCCCN(CCCC)C(=O)CCC(=O)N(CCCC)CCCC
654a7abbfe0a,Nd,9,4,2,nitrate,nitrate,1,1,40,530.67,8,84,0,standard,CCc1ccc(N(CC)C(=O)c2ccc3ccc4ccc(C(=O)N(CC)c5ccc(CC)cc5)nc4c3n2)cc1
619f4e86023e,Pr,9,4,2,nitrate,nitrate,1,1,40,530.67,8,84,0,standard,CCc1ccc(N(CC)C(=O)c2ccc3ccc4ccc(C(=O)N(CC)c5ccc(CC)cc5)nc4c3n2)cc1
bf3d4b94b8f1,Ce,9,4,2,nitrate,nitrate,1,1,40,530.67,8,84,0,standard,CCc1ccc(N(CC)C(=O)c2ccc3ccc4ccc(C(=O)N(CC)c5ccc(CC)cc5)nc4c3n2)cc1
34cc22db4387,Ho,8,4,2,nitrate,nitrate,0,1,40,530.67,8,80,0,standard,CCc1ccc(N(CC)C(=O)c2ccc3ccc4ccc(C(=O)N(CC)c5ccc(CC)cc5)nc4c3n2)cc1
e0d716170554,Sm,9,4,2,nitrate,nitrate,1,1,40,530.67,8,84,0,standard,CCc1ccc(N(CC)C(=O)c2ccc3ccc4ccc(C(=O)N(CC)c5ccc(CC)cc5)nc4c3n2)cc1
720a392ef0d0,Lu,8,4,2,nitrate,nitrate,0,1,40,530.67,8,80,0,standard,CCc1ccc(N(CC)C(=O)c2ccc3ccc4ccc(C(=O)N(CC)c5ccc(CC)cc5)nc4c3n2)cc1
8f30fbba865f,Ce,9,4,2,nitrate,nitrate,1,1,36,490.69,14,76,0,standard,CCCCN(CCCC)C(=O)c1ccc2ccc3ccc(C(=O)N(CCCC)CCCC)nc3c2n1
e8a069653872,La,9,4,2,nitrate,nitrate,1,1,40,530.67,8,84,0,standard,CCc1ccc(N(CC)C(=O)c2ccc3ccc4ccc(C(=O)N(CC)c5ccc(CC)cc5)nc4c3n2)cc1
4ac6a95798cc,Eu,9,4,2,nitrate,nitrate,1,1,40,530.67,8,84,0,standard,CCc1ccc(N(CC)C(=O)c2ccc3ccc4ccc(C(=O)N(CC)c5ccc(CC)cc5)nc4c3n2)cc1
5ae791922b1e,La,9,4,2,nitrate,nitrate,1,1,36,490.69,14,76,0,standard,CCCCN(CCCC)C(=O)c1ccc2ccc3ccc(C(=O)N(CCCC)CCCC)nc3c2n1
43d4b72c1250,Tb,8,4,2,nitrate,nitrate,0,1,40,530.67,8,80,0,standard,CCc1ccc(N(CC)C(=O)c2ccc3ccc4ccc(C(=O)N(CC)c5ccc(CC)cc5)nc4c3n2)cc1
c9e789434032,Lu,8,4,2,nitrate,nitrate,0,1,36,490.69,14,72,0,standard,CCCCN(CCCC)C(=O)c1ccc2ccc3ccc(C(=O)N(CCCC)CCCC)nc3c2n1
c15b074e4d23,Yb,8,4,2,nitrate,nitrate,0,1,36,490.69,14,72,0,standard,CCCCN(CCCC)C(=O)c1ccc2ccc3ccc(C(=O)N(CCCC)CCCC)nc3c2n1
ce70558c9c09,Tm,8,4,2,nitrate,nitrate,0,1,36,490.69,14,72,0,standard,CCCCN(CCCC)C(=O)c1ccc2ccc3ccc(C(=O)N(CCCC)CCCC)nc3c2n1
5cb934b765ab,Er,8,4,2,nitrate,nitrate,0,1,36,490.69,14,72,0,standard,CCCCN(CCCC)C(=O)c1ccc2ccc3ccc(C(=O)N(CCCC)CCCC)nc3c2n1
b87046729578,Ho,8,4,2,nitrate,nitrate,0,1,36,490.69,14,72,0,standard,CCCCN(CCCC)C(=O)c1ccc2ccc3ccc(C(=O)N(CCCC)CCCC)nc3c2n1
71c5db64de9f,Dy,8,4,2,nitrate,nitrate,0,1,36,490.69,14,72,0,standard,CCCCN(CCCC)C(=O)c1ccc2ccc3ccc(C(=O)N(CCCC)CCCC)nc3c2n1
efcff4e23a7a,Gd,9,4,2,nitrate,nitrate,1,1,40,530.67,8,84,0,standard,CCc1ccc(N(CC)C(=O)c2ccc3ccc4ccc(C(=O)N(CC)c5ccc(CC)cc5)nc4c3n2)cc1
cc5ca9680814,Tb,8,4,2,nitrate,nitrate,0,1,36,490.69,14,72,0,standard,CCCCN(CCCC)C(=O)c1ccc2ccc3ccc(C(=O)N(CCCC)CCCC)nc3c2n1
770e7e252dd6,Eu,9,4,2,nitrate,nitrate,1,1,36,490.69,14,76,0,standard,CCCCN(CCCC)C(=O)c1ccc2ccc3ccc(C(=O)N(CCCC)CCCC)nc3c2n1
42a7261afaa8,Sm,9,4,2,nitrate,nitrate,1,1,36,490.69,14,76,0,standard,CCCCN(CCCC)C(=O)c1ccc2ccc3ccc(C(=O)N(CCCC)CCCC)nc3c2n1
753e733fcdc6,Nd,9,4,2,nitrate,nitrate,1,1,36,490.69,14,76,0,standard,CCCCN(CCCC)C(=O)c1ccc2ccc3ccc(C(=O)N(CCCC)CCCC)nc3c2n1
cd5c9451993e,Yb,8,4,2,nitrate,nitrate,0,1,40,530.67,8,80,0,standard,CCc1ccc(N(CC)C(=O)c2ccc3ccc4ccc(C(=O)N(CC)c5ccc(CC)cc5)nc4c3n2)cc1
62d86ee18db9,Tm,8,4,2,nitrate,nitrate,0,1,40,530.67,8,80,0,standard,CCc1ccc(N(CC)C(=O)c2ccc3ccc4ccc(C(=O)N(CC)c5ccc(CC)cc5)nc4c3n2)cc1
25e2506fda2c,Er,8,4,2,nitrate,nitrate,0,1,40,530.67,8,80,0,standard,CCc1ccc(N(CC)C(=O)c2ccc3ccc4ccc(C(=O)N(CC)c5ccc(CC)cc5)nc4c3n2)cc1
9a7c62d243a2,Dy,8,4,2,nitrate,nitrate,0,1,40,530.67,8,80,0,standard,CCc1ccc(N(CC)C(=O)c2ccc3ccc4ccc(C(=O)N(CC)c5ccc(CC)cc5)nc4c3n2)cc1
b1698120a579,Gd,9,4,2,nitrate,nitrate,1,1,36,490.69,14,76,0,standard,CCCCN(CCCC)C(=O)c1ccc2ccc3ccc(C(=O)N(CCCC)CCCC)nc3c2n1
960096c39e15,Pr,9,4,2,nitrate,nitrate,1,1,36,490.69,14,76,0,standard,CCCCN(CCCC)C(=O)c1ccc2ccc3ccc(C(=O)N(CCCC)CCCC)nc3c2n1
932ef4e2c665,Dy,8,8,1,nitrate,nitrate,0,1,19,278.26,11,19,0,standard,O=C(O)CN(CCO)CCN(CC(=O)O)CC(=O)O
08ad5b34d70c,Nd,9,8,1,nitrate,nitrate,1,1,19,278.26,11,23,0,standard,O=C(O)CN(CCO)CCN(CC(=O)O)CC(=O)O
98f86a1f1a95,Gd,9,8,1,nitrate,nitrate,1,1,24,346.34,10,28,0,standard,O=C(O)CN(CC(=O)O)C1CCCCC1N(CC(=O)O)CC(=O)O
5eb61b1dbb69,Dy,8,8,1,nitrate,nitrate,0,1,24,346.34,10,24,0,standard,O=C(O)CN(CC(=O)O)C1CCCCC1N(CC(=O)O)CC(=O)O
95358dc8e1c2,Eu,9,8,1,nitrate,nitrate,1,1,24,346.34,10,28,0,standard,O=C(O)CN(CC(=O)O)C1CCCCC1N(CC(=O)O)CC(=O)O
f495ab846c8b,Sm,9,8,1,nitrate,nitrate,1,1,24,346.34,10,28,0,standard,O=C(O)CN(CC(=O)O)C1CCCCC1N(CC(=O)O)CC(=O)O
ac16f7a06741,Nd,9,8,1,nitrate,nitrate,1,1,24,346.34,10,28,0,standard,O=C(O)CN(CC(=O)O)C1CCCCC1N(CC(=O)O)CC(=O)O
6774552a35e9,Ce,9,8,1,nitrate,nitrate,1,1,24,346.34,10,28,0,standard,O=C(O)CN(CC(=O)O)C1CCCCC1N(CC(=O)O)CC(=O)O
448f0760f6e6,La,9,8,1,nitrate,nitrate,1,1,24,346.34,10,28,0,standard,O=C(O)CN(CC(=O)O)C1CCCCC1N(CC(=O)O)CC(=O)O
1bd312352a39,Pr,9,8,1,nitrate,nitrate,1,1,24,346.34,10,28,0,standard,O=C(O)CN(CC(=O)O)C1CCCCC1N(CC(=O)O)CC(=O)O
28e521f57d3b,Eu,9,8,1,nitrate,nitrate,1,1,19,278.26,11,23,0,standard,O=C(O)CN(CCO)CCN(CC(=O)O)CC(=O)O
b236b6f60311,Sm,9,8,1,nitrate,nitrate,1,1,19,278.26,11,23,0,standard,O=C(O)CN(CCO)CCN(CC(=O)O)CC(=O)O
ee16c94c1ba9,Pr,9,8,1,nitrate,nitrate,1,1,19,278.26,11,23,0,standard,O=C(O)CN(CCO)CCN(CC(=O)O)CC(=O)O
1deb3f946bab,Ce,9,8,1,nitrate,nitrate,1,1,19,278.26,11,23,0,standard,O=C(O)CN(CCO)CCN(CC(=O)O)CC(=O)O
d4d6b8c18118,La,9,8,1,nitrate,nitrate,1,1,19,278.26,11,23,0,standard,O=C(O)CN(CCO)CCN(CC(=O)O)CC(=O)O
797b56c554e7,Gd,9,8,1,nitrate,nitrate,1,1,19,278.26,11,23,0,standard,O=C(O)CN(CCO)CCN(CC(=O)O)CC(=O)O
ba3d00daee31,Tm,8,3,2,nitrate,nitrate,2,1,30,401.51,6,68,0,standard,CCN(C(=O)c1cccc(C(=O)N(CC)c2ccc(C)cc2)n1)c1ccc(C)cc1
20e7fddc1791,Gd,9,3,3,nitrate,nitrate,0,1,30,401.51,6,90,0,standard,CCN(C(=O)c1cccc(C(=O)N(CC)c2ccc(C)cc2)n1)c1ccc(C)cc1
e4d73cf0cbd7,Tb,8,3,2,nitrate,nitrate,2,1,30,401.51,6,68,0,standard,CCN(C(=O)c1cccc(C(=O)N(CC)c2ccc(C)cc2)n1)c1ccc(C)cc1
792e27489bd0,Ho,8,3,2,nitrate,nitrate,2,1,30,401.51,6,68,0,standard,CCN(C(=O)c1cccc(C(=O)N(CC)c2ccc(C)cc2)n1)c1ccc(C)cc1
7c8f4755d2ca,Er,8,3,2,nitrate,nitrate,2,1,30,401.51,6,68,0,standard,CCN(C(=O)c1cccc(C(=O)N(CC)c2ccc(C)cc2)n1)c1ccc(C)cc1
099e39a31842,Yb,8,3,2,nitrate,nitrate,2,1,30,401.51,6,68,0,standard,CCN(C(=O)c1cccc(C(=O)N(CC)c2ccc(C)cc2)n1)c1ccc(C)cc1
e9e816218db5,Dy,8,3,2,nitrate,nitrate,2,1,30,401.51,6,68,0,standard,CCN(C(=O)c1cccc(C(=O)N(CC)c2ccccc2C)n1)c1ccccc1C
04a989df1e78,La,9,3,3,nitrate,nitrate,0,1,30,401.51,6,90,0,standard,CCN(C(=O)c1cccc(C(=O)N(CC)c2ccccc2C)n1)c1ccccc1C
287451bfb5da,Pr,9,3,3,nitrate,nitrate,0,1,30,401.51,6,90,0,standard,CCN(C(=O)c1cccc(C(=O)N(CC)c2ccccc2C)n1)c1ccccc1C
4ee87201c25b,Nd,9,3,3,nitrate,nitrate,0,1,30,401.51,6,90,0,standard,CCN(C(=O)c1cccc(C(=O)N(CC)c2ccccc2C)n1)c1ccccc1C
9c969388a823,Eu,9,3,3,nitrate,nitrate,0,1,30,401.51,6,90,0,standard,CCN(C(=O)c1cccc(C(=O)N(CC)c2ccccc2C)n1)c1ccccc1C
f31ab54d2cd7,Eu,9,3,3,nitrate,nitrate,0,1,30,401.51,6,90,0,standard,CCN(C(=O)c1cccc(C(=O)N(CC)c2ccc(C)cc2)n1)c1ccc(C)cc1
7810eaa2122a,Lu,8,3,2,nitrate,nitrate,2,1,30,401.51,6,68,0,standard,CCN(C(=O)c1cccc(C(=O)N(CC)c2ccc(C)cc2)n1)c1ccc(C)cc1
a738655fc126,Sm,9,3,3,nitrate,nitrate,0,1,30,401.51,6,90,0,standard,CCN(C(=O)c1cccc(C(=O)N(CC)c2ccc(C)cc2)n1)c1ccc(C)cc1
63d3dfc8ecc7,Dy,8,3,2,nitrate,nitrate,2,1,30,401.51,6,68,0,standard,CCN(C(=O)c1cccc(C(=O)N(CC)c2cccc(C)c2)n1)c1cccc(C)c1
ff03ca9ee573,Pr,9,3,3,nitrate,nitrate,0,1,30,401.51,6,90,0,standard,CCN(C(=O)c1cccc(C(=O)N(CC)c2ccc(C)cc2)n1)c1ccc(C)cc1
c389650f6ed2,Ce,9,3,3,nitrate,nitrate,0,1,30,401.51,6,90,0,standard,CCN(C(=O)c1cccc(C(=O)N(CC)c2ccc(C)cc2)n1)c1ccc(C)cc1
245aab76c27a,La,9,3,3,nitrate,nitrate,0,1,30,401.51,6,90,0,standard,CCN(C(=O)c1cccc(C(=O)N(CC)c2ccc(C)cc2)n1)c1ccc(C)cc1
39a5b5aa21a0,Lu,8,3,2,nitrate,nitrate,2,1,30,401.51,6,68,0,standard,CCN(C(=O)c1cccc(C(=O)N(CC)c2cccc(C)c2)n1)c1cccc(C)c1
478865a57681,Tm,8,3,2,nitrate,nitrate,2,1,30,401.51,6,68,0,standard,CCN(C(=O)c1cccc(C(=O)N(CC)c2cccc(C)c2)n1)c1cccc(C)c1
af6762e04ade,Er,8,3,2,nitrate,nitrate,2,1,30,401.51,6,68,0,standard,CCN(C(=O)c1cccc(C(=O)N(CC)c2cccc(C)c2)n1)c1cccc(C)c1
ea4d5ab02e38,Gd,9,3,3,nitrate,nitrate,0,1,30,401.51,6,90,0,standard,CCN(C(=O)c1cccc(C(=O)N(CC)c2ccccc2C)n1)c1ccccc1C
b57df295ed81,Tb,8,3,2,nitrate,nitrate,2,1,30,401.51,6,68,0,standard,CCN(C(=O)c1cccc(C(=O)N(CC)c2cccc(C)c2)n1)c1cccc(C)c1
94c7d618f2c0,Gd,9,3,3,nitrate,nitrate,0,1,30,401.51,6,90,0,standard,CCN(C(=O)c1cccc(C(=O)N(CC)c2cccc(C)c2)n1)c1cccc(C)c1
311e29964626,Nd,9,3,3,nitrate,nitrate,0,1,30,401.51,6,90,0,standard,CCN(C(=O)c1cccc(C(=O)N(CC)c2cccc(C)c2)n1)c1cccc(C)c1
45780af8ed77,Pr,9,3,3,nitrate,nitrate,0,1,30,401.51,6,90,0,standard,CCN(C(=O)c1cccc(C(=O)N(CC)c2cccc(C)c2)n1)c1cccc(C)c1
3fdaf88840c9,Ce,9,3,3,nitrate,nitrate,0,1,30,401.51,6,90,0,standard,CCN(C(=O)c1cccc(C(=O)N(CC)c2cccc(C)c2)n1)c1cccc(C)c1
3982ef27bf6b,La,9,3,3,nitrate,nitrate,0,1,30,401.51,6,90,0,standard,CCN(C(=O)c1cccc(C(=O)N(CC)c2cccc(C)c2)n1)c1cccc(C)c1
e390a47c8764,Nd,9,3,3,nitrate,nitrate,0,1,30,401.51,6,90,0,standard,CCN(C(=O)c1cccc(C(=O)N(CC)c2ccc(C)cc2)n1)c1ccc(C)cc1
1dd89a7c8169,Tb,8,3,2,nitrate,nitrate,2,1,30,401.51,6,68,0,standard,CCN(C(=O)c1cccc(C(=O)N(CC)c2ccccc2C)n1)c1ccccc1C
5370ba03ef04,Dy,8,3,2,nitrate,nitrate,2,1,30,401.51,6,68,0,standard,CCN(C(=O)c1cccc(C(=O)N(CC)c2ccc(C)cc2)n1)c1ccc(C)cc1
afa62779e42c,Ho,8,3,2,nitrate,nitrate,2,1,30,401.51,6,68,0,standard,CCN(C(=O)c1cccc(C(=O)N(CC)c2ccccc2C)n1)c1ccccc1C
c0ebc570b8f1,Lu,8,4,2,nitrate,nitrate,0,1,46,618.87,17,92,0,standard,CCCCCCc1ccc(N(CC)C(=O)c2cccc(-c3cccc(C(=O)N(CC)c4ccc(CCCCCC)cc4)n3)n2)cc1
088188ebcac6,Yb,8,3,2,nitrate,nitrate,2,1,30,401.51,6,68,0,standard,CCN(C(=O)c1cccc(C(=O)N(CC)c2ccccc2C)n1)c1ccccc1C
06c592a86509,Sm,9,3,3,nitrate,nitrate,0,1,30,401.51,6,90,0,standard,CCN(C(=O)c1cccc(C(=O)N(CC)c2ccccc2C)n1)c1ccccc1C
f34cec6407eb,Ce,9,3,3,nitrate,nitrate,0,1,30,401.51,6,90,0,standard,CCN(C(=O)c1cccc(C(=O)N(CC)c2ccccc2C)n1)c1ccccc1C
404ade356415,Yb,8,3,2,nitrate,nitrate,2,1,30,401.51,6,68,0,standard,CCN(C(=O)c1cccc(C(=O)N(CC)c2cccc(C)c2)n1)c1cccc(C)c1
8668c435029f,Ho,8,3,2,nitrate,nitrate,2,1,30,401.51,6,68,0,standard,CCN(C(=O)c1cccc(C(=O)N(CC)c2cccc(C)c2)n1)c1cccc(C)c1
1ea050391df5,Eu,9,3,3,nitrate,nitrate,0,1,30,401.51,6,90,0,standard,CCN(C(=O)c1cccc(C(=O)N(CC)c2cccc(C)c2)n1)c1cccc(C)c1
d024676a0646,Sm,9,3,3,nitrate,nitrate,0,1,30,401.51,6,90,0,standard,CCN(C(=O)c1cccc(C(=O)N(CC)c2cccc(C)c2)n1)c1cccc(C)c1
264ee7c974f3,Yb,8,4,2,nitrate,nitrate,0,1,46,618.87,17,92,0,standard,CCCCCCc1ccc(N(CC)C(=O)c2cccc(-c3cccc(C(=O)N(CC)c4ccc(CCCCCC)cc4)n3)n2)cc1
082fdc884936,Tm,8,4,2,nitrate,nitrate,0,1,46,618.87,17,92,0,standard,CCCCCCc1ccc(N(CC)C(=O)c2cccc(-c3cccc(C(=O)N(CC)c4ccc(CCCCCC)cc4)n3)n2)cc1
f287c1970d51,Er,8,4,2,nitrate,nitrate,0,1,46,618.87,17,92,0,standard,CCCCCCc1ccc(N(CC)C(=O)c2cccc(-c3cccc(C(=O)N(CC)c4ccc(CCCCCC)cc4)n3)n2)cc1
5554eaf366fe,Er,8,3,2,nitrate,nitrate,2,1,30,401.51,6,68,0,standard,CCN(C(=O)c1cccc(C(=O)N(CC)c2ccccc2C)n1)c1ccccc1C
4fcd65d35e78,Dy,8,4,2,nitrate,nitrate,0,1,46,618.87,17,92,0,standard,CCCCCCc1ccc(N(CC)C(=O)c2cccc(-c3cccc(C(=O)N(CC)c4ccc(CCCCCC)cc4)n3)n2)cc1
dcaf7a1cb18d,Ho,8,4,2,nitrate,nitrate,0,1,46,618.87,17,92,0,standard,CCCCCCc1ccc(N(CC)C(=O)c2cccc(-c3cccc(C(=O)N(CC)c4ccc(CCCCCC)cc4)n3)n2)cc1
65ec4936ed7c,Lu,8,3,2,nitrate,nitrate,2,1,30,401.51,6,68,0,standard,CCN(C(=O)c1cccc(C(=O)N(CC)c2ccccc2C)n1)c1ccccc1C
e0b3afb2d971,La,9,4,2,nitrate,nitrate,1,1,46,618.87,17,96,0,standard,CCCCCCc1ccc(N(CC)C(=O)c2cccc(-c3cccc(C(=O)N(CC)c4ccc(CCCCCC)cc4)n3)n2)cc1
e2bb2cfe2897,Ce,9,4,2,nitrate,nitrate,1,1,46,618.87,17,96,0,standard,CCCCCCc1ccc(N(CC)C(=O)c2cccc(-c3cccc(C(=O)N(CC)c4ccc(CCCCCC)cc4)n3)n2)cc1
4ec27284e1c5,Pr,9,4,2,nitrate,nitrate,1,1,46,618.87,17,96,0,standard,CCCCCCc1ccc(N(CC)C(=O)c2cccc(-c3cccc(C(=O)N(CC)c4ccc(CCCCCC)cc4)n3)n2)cc1
ff820f3e266f,Tm,8,3,2,nitrate,nitrate,2,1,30,401.51,6,68,0,standard,CCN(C(=O)c1cccc(C(=O)N(CC)c2ccccc2C)n1)c1ccccc1C
c0cc4b663d20,Sm,9,4,2,nitrate,nitrate,1,1,46,618.87,17,96,0,standard,CCCCCCc1ccc(N(CC)C(=O)c2cccc(-c3cccc(C(=O)N(CC)c4ccc(CCCCCC)cc4)n3)n2)cc1
dde20ae789d3,Eu,9,4,2,nitrate,nitrate,1,1,46,618.87,17,96,0,standard,CCCCCCc1ccc(N(CC)C(=O)c2cccc(-c3cccc(C(=O)N(CC)c4ccc(CCCCCC)cc4)n3)n2)cc1
362436cb1022,Gd,9,4,2,nitrate,nitrate,1,1,46,618.87,17,96,0,standard,CCCCCCc1ccc(N(CC)C(=O)c2cccc(-c3cccc(C(=O)N(CC)c4ccc(CCCCCC)cc4)n3)n2)cc1
de90cb6a80b3,Tb,8,4,2,nitrate,nitrate,0,1,46,618.87,17,92,0,standard,CCCCCCc1ccc(N(CC)C(=O)c2cccc(-c3cccc(C(=O)N(CC)c4ccc(CCCCCC)cc4)n3)n2)cc1
b21d53057cbd,Nd,9,4,2,nitrate,nitrate,1,1,46,618.87,17,96,0,standard,CCCCCCc1ccc(N(CC)C(=O)c2cccc(-c3cccc(C(=O)N(CC)c4ccc(CCCCCC)cc4)n3)n2)cc1
0aa6481162e6,Dy,8,3,2,nitrate,nitrate,2,29,27,384.61,18,62,0,standard,CCCCCCCCN(C)C(=O)COCC(=O)N(C)CCCCCCCC
adc6081d21be,Gd,9,3,3,nitrate,nitrate,0,36,27,384.61,18,81,0,standard,CCCCCCCCN(C)C(=O)COCC(=O)N(C)CCCCCCCC
00b72194210d,Yb,8,3,2,nitrate,nitrate,2,21,27,384.61,18,62,0,standard,CCCCCCCCN(C)C(=O)COCC(=O)N(C)CCCCCCCC
0d2f900796bc,Tm,8,3,2,nitrate,nitrate,2,17,27,384.61,18,62,0,standard,CCCCCCCCN(C)C(=O)COCC(=O)N(C)CCCCCCCC
e244e3a88005,Nd,9,3,3,nitrate,nitrate,0,90,27,384.61,18,81,0,standard,CCCCCCCCN(C)C(=O)COCC(=O)N(C)CCCCCCCC
ae2559f4836f,Ce,9,3,3,nitrate,nitrate,0,17,27,384.61,18,81,0,standard,CCCCCCCCN(C)C(=O)COCC(=O)N(C)CCCCCCCC
72b20e30d213,Pr,9,3,3,nitrate,nitrate,0,17,27,384.61,18,81,0,standard,CCCCCCCCN(C)C(=O)COCC(=O)N(C)CCCCCCCC
9103a2256b97,Sm,9,3,3,nitrate,nitrate,0,25,27,384.61,18,81,0,standard,CCCCCCCCN(C)C(=O)COCC(=O)N(C)CCCCCCCC
f804d5d017c2,La,9,3,3,nitrate,nitrate,0,30,27,384.61,18,81,0,standard,CCCCCCCCN(C)C(=O)COCC(=O)N(C)CCCCCCCC
0e6590941a7e,Lu,8,3,2,nitrate,nitrate,2,18,27,384.61,18,62,0,standard,CCCCCCCCN(C)C(=O)COCC(=O)N(C)CCCCCCCC
df3c7afb2be0,Er,8,3,2,nitrate,nitrate,2,29,27,384.61,18,62,0,standard,CCCCCCCCN(C)C(=O)COCC(=O)N(C)CCCCCCCC
d0b19c04ca9c,Ho,8,3,2,nitrate,nitrate,2,34,27,384.61,18,62,0,standard,CCCCCCCCN(C)C(=O)COCC(=O)N(C)CCCCCCCC
5902593ca024,Tb,8,3,2,nitrate,nitrate,2,17,27,384.61,18,62,0,standard,CCCCCCCCN(C)C(=O)COCC(=O)N(C)CCCCCCCC
d0e83cebbf21,Eu,9,3,3,nitrate,nitrate,0,30,27,384.61,18,81,0,standard,CCCCCCCCN(C)C(=O)COCC(=O)N(C)CCCCCCCC
5826276f1bcb,Eu,9,2,4,nitrate,nitrate,1,3,17,242.36,8,72,0,standard,CCCCN(C)C(=O)CC(=O)N(C)CCCC
30f5b0a8fc33,La,9,3,3,nitrate,nitrate,0,2,26,370.58,16,78,0,standard,CCCCCCOCCC(C(=O)N(C)CCCC)C(=O)N(C)CCCC
f3def7cf2cd1,Pr,9,2,4,nitrate,nitrate,1,2,28,407.58,14,116,0,standard,CCCCCCCCP(=O)(CC(=O)N(CC(C)C)CC(C)C)c1ccccc1
41cf78d27638,Nd,9,2,4,nitrate,nitrate,1,2,28,407.58,14,116,0,standard,CCCCCCCCP(=O)(CC(=O)N(CC(C)C)CC(C)C)c1ccccc1
96914ff1df96,Eu,9,2,4,nitrate,nitrate,1,2,28,407.58,14,116,0,standard,CCCCCCCCP(=O)(CC(=O)N(CC(C)C)CC(C)C)c1ccccc1
e432296ef3a0,La,9,2,4,nitrate,nitrate,1,3,17,242.36,8,72,0,standard,CCCCN(C)C(=O)CC(=O)N(C)CCCC
0e14cd9e00e1,Nd,9,2,4,nitrate,nitrate,1,3,17,242.36,8,72,0,standard,CCCCN(C)C(=O)CC(=O)N(C)CCCC
92f7d2015574,Eu,9,3,3,nitrate,nitrate,0,2,26,370.58,16,78,0,standard,CCCCCCOCCC(C(=O)N(C)CCCC)C(=O)N(C)CCCC
c544ee8a251c,Nd,9,3,3,nitrate,nitrate,0,2,26,370.58,16,78,0,standard,CCCCCCOCCC(C(=O)N(C)CCCC)C(=O)N(C)CCCC
72e74d3d47e2,Gd,9,2,4,nitrate,nitrate,1,1,31,438.74,22,128,0,standard,CCCCCCN(CCCCCC)C(=O)CC(=O)N(CCCCCC)CCCCCC
36e15ccb1383,Er,8,2,4,nitrate,nitrate,0,1,31,438.74,22,124,0,standard,CCCCCCN(CCCCCC)C(=O)CC(=O)N(CCCCCC)CCCCCC
d5355fd47e33,Tb,8,2,4,nitrate,nitrate,0,1,31,438.74,22,124,0,standard,CCCCCCN(CCCCCC)C(=O)CC(=O)N(CCCCCC)CCCCCC
e12925d7cdf4,Eu,9,2,4,nitrate,nitrate,1,1,31,438.74,22,128,0,standard,CCCCCCN(CCCCCC)C(=O)CC(=O)N(CCCCCC)CCCCCC
74994befb54c,Er,8,2,4,nitrate,nitrate,0,1,25,354.58,16,100,0,standard,CCCCCCCCN(C)C(=O)CC(=O)N(C)CCCCCCCC
b280ab6a44f9,Pr,9,2,4,nitrate,nitrate,1,1,31,438.74,22,128,0,standard,CCCCCCN(CCCCCC)C(=O)CC(=O)N(CCCCCC)CCCCCC
565df3b892a1,La,9,2,4,nitrate,nitrate,1,1,31,438.74,22,128,0,standard,CCCCCCN(CCCCCC)C(=O)CC(=O)N(CCCCCC)CCCCCC
c2a594478281,Er,8,2,4,nitrate,nitrate,0,1,21,298.47,12,84,0,standard,CCCCCCN(C)C(=O)CC(=O)N(C)CCCCCC
3bd15b1e93cf,Dy,8,2,4,nitrate,nitrate,0,1,21,298.47,12,84,0,standard,CCCCCCN(C)C(=O)CC(=O)N(C)CCCCCC
4ac97b18a381,Tb,8,2,4,nitrate,nitrate,0,1,21,298.47,12,84,0,standard,CCCCCCN(C)C(=O)CC(=O)N(C)CCCCCC
4a8982e90a94,La,9,2,4,nitrate,nitrate,1,1,39,550.96,30,160,0,standard,CCCCCCCCN(CCCCCCCC)C(=O)CC(=O)N(CCCCCCCC)CCCCCCCC
c34baebca319,Sm,9,2,4,nitrate,nitrate,1,1,31,438.74,22,128,0,standard,CCCCCCN(CCCCCC)C(=O)CC(=O)N(CCCCCC)CCCCCC
e0626e31cd7e,Pr,9,2,4,nitrate,nitrate,1,1,39,550.96,30,160,0,standard,CCCCCCCCN(CCCCCCCC)C(=O)CC(=O)N(CCCCCCCC)CCCCCCCC
76f5e8b1cf36,Er,8,2,4,nitrate,nitrate,0,1,39,550.96,30,156,0,standard,CCCCCCCCN(CCCCCCCC)C(=O)CC(=O)N(CCCCCCCC)CCCCCCCC
33940a8ecd8f,Sm,9,2,4,nitrate,nitrate,1,1,39,550.96,30,160,0,standard,CCCCCCCCN(CCCCCCCC)C(=O)CC(=O)N(CCCCCCCC)CCCCCCCC
4dbb9790637e,Eu,9,2,4,nitrate,nitrate,1,1,39,550.96,30,160,0,standard,CCCCCCCCN(CCCCCCCC)C(=O)CC(=O)N(CCCCCCCC)CCCCCCCC
aa36ff9b1588,Gd,9,2,4,nitrate,nitrate,1,1,39,550.96,30,160,0,standard,CCCCCCCCN(CCCCCCCC)C(=O)CC(=O)N(CCCCCCCC)CCCCCCCC
d911b763086a,Tb,8,2,4,nitrate,nitrate,0,1,39,550.96,30,156,0,standard,CCCCCCCCN(CCCCCCCC)C(=O)CC(=O)N(CCCCCCCC)CCCCCCCC
75d4009f7aec,Dy,8,2,4,nitrate,nitrate,0,1,39,550.96,30,156,0,standard,CCCCCCCCN(CCCCCCCC)C(=O)CC(=O)N(CCCCCCCC)CCCCCCCC
447e5cac899d,Gd,9,2,4,nitrate,nitrate,1,1,21,298.47,12,88,0,standard,CCCCCCN(C)C(=O)CC(=O)N(C)CCCCCC
acbc460f3e74,Pr,9,2,4,nitrate,nitrate,1,1,23,326.53,14,96,0,standard,CCCCN(CCCC)C(=O)CC(=O)N(CCCC)CCCC
ab9583a086df,Nd,9,2,4,nitrate,nitrate,1,1,23,326.53,14,96,0,standard,CCCCN(CCCC)C(=O)CC(=O)N(CCCC)CCCC
9727f98dd0ad,Sm,9,2,4,nitrate,nitrate,1,1,23,326.53,14,96,0,standard,CCCCN(CCCC)C(=O)CC(=O)N(CCCC)CCCC
64a8e48f3f41,Eu,9,2,4,nitrate,nitrate,1,1,23,326.53,14,96,0,standard,CCCCN(CCCC)C(=O)CC(=O)N(CCCC)CCCC
a2aa438d036b,Tb,8,2,4,nitrate,nitrate,0,1,23,326.53,14,92,0,standard,CCCCN(CCCC)C(=O)CC(=O)N(CCCC)CCCC
6eed3d683da1,Dy,8,2,4,nitrate,nitrate,0,1,23,326.53,14,92,0,standard,CCCCN(CCCC)C(=O)CC(=O)N(CCCC)CCCC
9f9884fbdcc6,Nd,9,2,4,nitrate,nitrate,1,1,39,550.96,30,160,0,standard,CCCCCCCCN(CCCCCCCC)C(=O)CC(=O)N(CCCCCCCC)CCCCCCCC
fb58571ea1e3,Eu,9,2,4,nitrate,nitrate,1,1,21,298.47,12,88,0,standard,CCCCCCN(C)C(=O)CC(=O)N(C)CCCCCC
a0171bc7cc0b,Gd,9,2,4,nitrate,nitrate,1,1,25,354.58,16,104,0,standard,CCCCCCCCN(C)C(=O)CC(=O)N(C)CCCCCCCC
c6207e834de5,Nd,9,2,4,nitrate,nitrate,1,1,21,298.47,12,88,0,standard,CCCCCCN(C)C(=O)CC(=O)N(C)CCCCCC
43d1908c5871,Er,8,2,4,nitrate,nitrate,0,1,23,326.53,14,92,0,standard,CCCCN(CCCC)C(=O)CC(=O)N(CCCC)CCCC
0df3026619d7,Gd,9,2,4,nitrate,nitrate,1,1,23,326.53,14,96,0,standard,CCCCN(CCCC)C(=O)CC(=O)N(CCCC)CCCC
57d7c9a51075,La,9,2,4,nitrate,nitrate,1,1,23,326.53,14,96,0,standard,CCCCN(CCCC)C(=O)CC(=O)N(CCCC)CCCC
bcc96fe0b456,Dy,8,2,4,nitrate,nitrate,0,1,31,438.74,22,124,0,standard,CCCCCCN(CCCCCC)C(=O)CC(=O)N(CCCCCC)CCCCCC
9b8221fee813,Nd,9,2,4,nitrate,nitrate,1,1,31,438.74,22,128,0,standard,CCCCCCN(CCCCCC)C(=O)CC(=O)N(CCCCCC)CCCCCC
5dd23c7b3686,La,9,2,4,nitrate,nitrate,1,1,21,298.47,12,88,0,standard,CCCCCCN(C)C(=O)CC(=O)N(C)CCCCCC
67942a553292,Sm,9,2,4,nitrate,nitrate,1,1,31,438.74,21,128,0,standard,CCCCCCCCN(C)C(=O)C(CCCCCC)C(=O)N(C)CCCCCCCC
26475200f159,La,9,2,4,nitrate,nitrate,1,1,31,438.74,21,128,0,standard,CCCCCCCCN(C)C(=O)C(CCCCCC)C(=O)N(C)CCCCCCCC
46b6a5023c7f,Sm,9,2,4,nitrate,nitrate,1,1,21,298.47,12,88,0,standard,CCCCCCN(C)C(=O)CC(=O)N(C)CCCCCC
fb8eb6781614,Nd,9,2,4,nitrate,nitrate,1,1,31,438.74,21,128,0,standard,CCCCCCCCN(C)C(=O)C(CCCCCC)C(=O)N(C)CCCCCCCC
0d10d9826758,Eu,9,2,4,nitrate,nitrate,1,1,31,438.74,21,128,0,standard,CCCCCCCCN(C)C(=O)C(CCCCCC)C(=O)N(C)CCCCCCCC
9be4eee26d31,Gd,9,2,4,nitrate,nitrate,1,1,31,438.74,21,128,0,standard,CCCCCCCCN(C)C(=O)C(CCCCCC)C(=O)N(C)CCCCCCCC
54b5f1e8c33a,Pr,9,2,4,nitrate,nitrate,1,1,31,438.74,21,128,0,standard,CCCCCCCCN(C)C(=O)C(CCCCCC)C(=O)N(C)CCCCCCCC
7218af7f73e0,Dy,8,2,4,nitrate,nitrate,0,1,31,438.74,21,124,0,standard,CCCCCCCCN(C)C(=O)C(CCCCCC)C(=O)N(C)CCCCCCCC
0568596c93c3,Pr,9,2,4,nitrate,nitrate,1,1,21,298.47,12,88,0,standard,CCCCCCN(C)C(=O)CC(=O)N(C)CCCCCC
b4b96a003a01,Tb,8,2,4,nitrate,nitrate,0,1,31,438.74,21,124,0,standard,CCCCCCCCN(C)C(=O)C(CCCCCC)C(=O)N(C)CCCCCCCC
0b2630ca1d2e,Dy,8,2,4,nitrate,nitrate,0,1,25,354.58,16,100,0,standard,CCCCCCCCN(C)C(=O)CC(=O)N(C)CCCCCCCC
710d25d80b46,Eu,9,2,4,nitrate,nitrate,1,1,25,354.58,16,104,0,standard,CCCCCCCCN(C)C(=O)CC(=O)N(C)CCCCCCCC
9b8d81f13c2b,Tb,8,2,4,nitrate,nitrate,0,1,25,354.58,16,100,0,standard,CCCCCCCCN(C)C(=O)CC(=O)N(C)CCCCCCCC
9cb117b39426,Nd,9,2,4,nitrate,nitrate,1,1,25,354.58,16,104,0,standard,CCCCCCCCN(C)C(=O)CC(=O)N(C)CCCCCCCC
f3977c66f8e4,Pr,9,2,4,nitrate,nitrate,1,1,25,354.58,16,104,0,standard,CCCCCCCCN(C)C(=O)CC(=O)N(C)CCCCCCCC
e1ef5a6db0e5,La,9,2,4,nitrate,nitrate,1,1,25,354.58,16,104,0,standard,CCCCCCCCN(C)C(=O)CC(=O)N(C)CCCCCCCC
84835de65489,Er,8,2,4,nitrate,nitrate,0,1,31,438.74,21,124,0,standard,CCCCCCCCN(C)C(=O)C(CCCCCC)C(=O)N(C)CCCCCCCC
73947a2946b0,Sm,9,2,4,nitrate,nitrate,1,1,25,354.58,16,104,0,standard,CCCCCCCCN(C)C(=O)CC(=O)N(C)CCCCCCCC
a79e7ea6e06f,Er,8,8,1,nitrate,nitrate,0,1,40,534.71,3,40,0,standard,CC1(C)CCC(C)(C)c2nc(-c3cccc(-c4cccc(-c5nnc6c(n5)C(C)(C)CCC6(C)C)n4)n3)nnc21
b9dbd9b023ab,Tb,8,8,1,nitrate,nitrate,0,1,40,534.71,3,40,0,standard,CC1(C)CCC(C)(C)c2nc(-c3cccc(-c4cccc(-c5nnc6c(n5)C(C)(C)CCC6(C)C)n4)n3)nnc21
adecfa6ff040,Lu,8,8,1,nitrate,nitrate,0,1,40,534.71,3,40,0,standard,CC1(C)CCC(C)(C)c2nc(-c3cccc(-c4cccc(-c5nnc6c(n5)C(C)(C)CCC6(C)C)n4)n3)nnc21
06eed66cb810,Yb,8,8,1,nitrate,nitrate,0,1,40,534.71,3,40,0,standard,CC1(C)CCC(C)(C)c2nc(-c3cccc(-c4cccc(-c5nnc6c(n5)C(C)(C)CCC6(C)C)n4)n3)nnc21
47584ae7b3f1,Tm,8,8,1,nitrate,nitrate,0,1,40,534.71,3,40,0,standard,CC1(C)CCC(C)(C)c2nc(-c3cccc(-c4cccc(-c5nnc6c(n5)C(C)(C)CCC6(C)C)n4)n3)nnc21
4cb46c21efa5,Ho,8,8,1,nitrate,nitrate,0,1,40,534.71,3,40,0,standard,CC1(C)CCC(C)(C)c2nc(-c3cccc(-c4cccc(-c5nnc6c(n5)C(C)(C)CCC6(C)C)n4)n3)nnc21
4de900a55128,Ce,9,8,1,nitrate,nitrate,1,1,40,534.71,3,44,0,standard,CC1(C)CCC(C)(C)c2nc(-c3cccc(-c4cccc(-c5nnc6c(n5)C(C)(C)CCC6(C)C)n4)n3)nnc21
95a1bbb26c49,Gd,9,8,1,nitrate,nitrate,1,1,40,534.71,3,44,0,standard,CC1(C)CCC(C)(C)c2nc(-c3cccc(-c4cccc(-c5nnc6c(n5)C(C)(C)CCC6(C)C)n4)n3)nnc21
1fec5a3a3c29,Eu,9,8,1,nitrate,nitrate,1,6,40,534.71,3,44,0,standard,CC1(C)CCC(C)(C)c2nc(-c3cccc(-c4cccc(-c5nnc6c(n5)C(C)(C)CCC6(C)C)n4)n3)nnc21
f2ea53fb007e,Sm,9,8,1,nitrate,nitrate,1,1,40,534.71,3,44,0,standard,CC1(C)CCC(C)(C)c2nc(-c3cccc(-c4cccc(-c5nnc6c(n5)C(C)(C)CCC6(C)C)n4)n3)nnc21
806c58d6243c,Nd,9,8,1,nitrate,nitrate,1,1,40,534.71,3,44,0,standard,CC1(C)CCC(C)(C)c2nc(-c3cccc(-c4cccc(-c5nnc6c(n5)C(C)(C)CCC6(C)C)n4)n3)nnc21
36570cc1ffa3,Pr,9,8,1,nitrate,nitrate,1,1,40,534.71,3,44,0,standard,CC1(C)CCC(C)(C)c2nc(-c3cccc(-c4cccc(-c5nnc6c(n5)C(C)(C)CCC6(C)C)n4)n3)nnc21
7fca7db38c62,Dy,8,8,1,nitrate,nitrate,0,1,40,534.71,3,40,0,standard,CC1(C)CCC(C)(C)c2nc(-c3cccc(-c4cccc(-c5nnc6c(n5)C(C)(C)CCC6(C)C)n4)n3)nnc21
fa1405552d8e,La,9,8,1,nitrate,nitrate,1,1,40,534.71,3,44,0,standard,CC1(C)CCC(C)(C)c2nc(-c3cccc(-c4cccc(-c5nnc6c(n5)C(C)(C)CCC6(C)C)n4)n3)nnc21
152a7e128511,Yb,8,2,4,nitrate,nitrate,0,1,28,407.58,14,112,0,standard,CCCCCCCCP(=O)(CC(=O)N(CC(C)C)CC(C)C)c1ccccc1
199a952d6faf,Er,8,2,4,nitrate,nitrate,0,1,28,407.58,14,112,0,standard,CCCCCCCCP(=O)(CC(=O)N(CC(C)C)CC(C)C)c1ccccc1
dcd4a91070b4,Ho,8,2,4,nitrate,nitrate,0,1,28,407.58,14,112,0,standard,CCCCCCCCP(=O)(CC(=O)N(CC(C)C)CC(C)C)c1ccccc1
40012f263bb5,Dy,8,2,4,nitrate,nitrate,0,1,28,407.58,14,112,0,standard,CCCCCCCCP(=O)(CC(=O)N(CC(C)C)CC(C)C)c1ccccc1
5f7899a8a6a7,Gd,9,2,4,nitrate,nitrate,1,1,28,407.58,14,116,0,standard,CCCCCCCCP(=O)(CC(=O)N(CC(C)C)CC(C)C)c1ccccc1
6f4e7788de0c,Tb,8,2,4,nitrate,nitrate,0,1,28,407.58,14,112,0,standard,CCCCCCCCP(=O)(CC(=O)N(CC(C)C)CC(C)C)c1ccccc1
86fbc882ab62,Tm,8,2,4,nitrate,nitrate,0,1,28,407.58,14,112,0,standard,CCCCCCCCP(=O)(CC(=O)N(CC(C)C)CC(C)C)c1ccccc1
41258ba72432,Sm,9,2,4,nitrate,nitrate,1,1,28,407.58,14,116,0,standard,CCCCCCCCP(=O)(CC(=O)N(CC(C)C)CC(C)C)c1ccccc1
35a401f1b743,Ce,9,2,4,nitrate,nitrate,1,1,28,407.58,14,116,0,standard,CCCCCCCCP(=O)(CC(=O)N(CC(C)C)CC(C)C)c1ccccc1
4e8cb6ac0b5c,La,9,2,4,nitrate,nitrate,1,1,28,407.58,14,116,0,standard,CCCCCCCCP(=O)(CC(=O)N(CC(C)C)CC(C)C)c1ccccc1
085249651ebf,Eu,9,3,3,nitrate,nitrate,0,1,20,277.36,8,60,0,standard,CCCCN(CCCC)C(=O)c1ccccc1C(=O)O
c14689bc7575,La,9,3,3,nitrate,nitrate,0,1,20,277.36,8,60,0,standard,CCCCN(CCCC)C(=O)c1ccccc1C(=O)O
1d2f8dd1ad95,Er,8,3,2,nitrate,nitrate,2,1,20,277.36,8,48,0,standard,CCCCN(CCCC)C(=O)c1ccccc1C(=O)O
05f5c88c078b,Eu,9,4,2,nitrate,nitrate,1,1,38,502.62,6,80,0,standard,CCN(C(=O)c1ccc2ccc3ccc(C(=O)N(CC)c4ccc(C)cc4)nc3c2n1)c1ccc(C)cc1
8146c89872e8,La,9,4,2,nitrate,nitrate,1,1,38,502.62,6,80,0,standard,CCN(C(=O)c1ccc2ccc3ccc(C(=O)N(CC)c4ccc(C)cc4)nc3c2n1)c1ccc(C)cc1
9279ad596860,Yb,8,4,2,nitrate,nitrate,0,1,38,502.62,6,76,0,standard,CCN(C(=O)c1ccc2ccc3ccc(C(=O)N(CC)c4ccc(C)cc4)nc3c2n1)c1ccc(C)cc1
3006bf92d707,Lu,8,2,4,nitrate,nitrate,0,1,28,407.58,14,112,0,standard,CCCCCCCCP(=O)(CC(=O)N(CC(C)C)CC(C)C)c1ccccc1
03dd780e91d8,La,9,3,3,water,water,0,1,53,749.31,42,159,0,standard,CCCCCCCCN(CCCC(CCCC)CCCCCC)C(=O)COCC(=O)N(CCCCCCCC)CCCC(CCCC)CCCCCC
5fbd1c742eef,Tm,8,3,2,water,water,2,1,41,576.95,26,84,0,standard,CCCCCCN(CCC(C)CCC=C(C)C)C(=O)COCC(=O)N(CCCCCC)CCC(C)CCC=C(C)C
5901e5087775,Er,8,3,2,water,water,2,1,41,576.95,26,84,0,standard,CCCCCCN(CCC(C)CCC=C(C)C)C(=O)COCC(=O)N(CCCCCC)CCC(C)CCC=C(C)C
f97f64fb03bd,Ho,8,3,2,water,water,2,1,41,576.95,26,84,0,standard,CCCCCCN(CCC(C)CCC=C(C)C)C(=O)COCC(=O)N(CCCCCC)CCC(C)CCC=C(C)C
64d28ef826fc,Dy,8,3,2,water,water,2,1,41,576.95,26,84,0,standard,CCCCCCN(CCC(C)CCC=C(C)C)C(=O)COCC(=O)N(CCCCCC)CCC(C)CCC=C(C)C
4d984cc3fa59,Eu,9,3,3,water,water,0,1,41,576.95,26,123,0,standard,CCCCCCN(CCC(C)CCC=C(C)C)C(=O)COCC(=O)N(CCCCCC)CCC(C)CCC=C(C)C
0507ced001b2,Gd,9,3,3,water,water,0,1,41,576.95,26,123,0,standard,CCCCCCN(CCC(C)CCC=C(C)C)C(=O)COCC(=O)N(CCCCCC)CCC(C)CCC=C(C)C
1a29423d80c9,Sm,9,3,3,water,water,0,1,41,576.95,26,123,0,standard,CCCCCCN(CCC(C)CCC=C(C)C)C(=O)COCC(=O)N(CCCCCC)CCC(C)CCC=C(C)C
b27655c8eeb9,Nd,9,3,3,water,water,0,1,41,576.95,26,123,0,standard,CCCCCCN(CCC(C)CCC=C(C)C)C(=O)COCC(=O)N(CCCCCC)CCC(C)CCC=C(C)C
a9474dbf3555,Yb,8,3,2,water,water,2,1,41,576.95,26,84,0,standard,CCCCCCN(CCC(C)CCC=C(C)C)C(=O)COCC(=O)N(CCCCCC)CCC(C)CCC=C(C)C
071dab5d8629,Ce,9,3,3,water,water,0,1,41,576.95,26,123,0,standard,CCCCCCN(CCC(C)CCC=C(C)C)C(=O)COCC(=O)N(CCCCCC)CCC(C)CCC=C(C)C
2bc0b61a513a,Tb,8,3,2,water,water,2,1,41,576.95,26,84,0,standard,CCCCCCN(CCC(C)CCC=C(C)C)C(=O)COCC(=O)N(CCCCCC)CCC(C)CCC=C(C)C
81535e73c150,Pr,9,3,3,water,water,0,1,41,576.95,26,123,0,standard,CCCCCCN(CCC(C)CCC=C(C)C)C(=O)COCC(=O)N(CCCCCC)CCC(C)CCC=C(C)C
10ce90d9d103,Sm,9,3,3,nitrate,nitrate,0,1,42,592.99,30,126,0,standard,CCCCCCCCCCCCN(CCCCCCCCCCCC)C(=O)COC1CCCN(CCCCCC)C1=O
d917c0c26159,La,9,3,3,nitrate,nitrate,0,1,42,592.99,30,126,0,standard,CCCCCCCCCCCCN(CCCCCCCCCCCC)C(=O)COC1CCCN(CCCCCC)C1=O
1f868e7f9752,Ce,9,3,3,nitrate,nitrate,0,1,42,592.99,30,126,0,standard,CCCCCCCCCCCCN(CCCCCCCCCCCC)C(=O)COC1CCCN(CCCCCC)C1=O
dffea6f8c61d,Pr,9,3,3,nitrate,nitrate,0,1,42,592.99,30,126,0,standard,CCCCCCCCCCCCN(CCCCCCCCCCCC)C(=O)COC1CCCN(CCCCCC)C1=O
b43f7786b547,Nd,9,3,3,nitrate,nitrate,0,1,42,592.99,30,126,0,standard,CCCCCCCCCCCCN(CCCCCCCCCCCC)C(=O)COC1CCCN(CCCCCC)C1=O
0eb9f51b6fdf,Eu,9,3,3,nitrate,nitrate,0,1,42,592.99,30,126,0,standard,CCCCCCCCCCCCN(CCCCCCCCCCCC)C(=O)COC1CCCN(CCCCCC)C1=O
076b08bdd522,Gd,9,3,3,nitrate,nitrate,0,1,42,592.99,30,126,0,standard,CCCCCCCCCCCCN(CCCCCCCCCCCC)C(=O)COC1CCCN(CCCCCC)C1=O
637dd623b29a,Tb,8,3,2,nitrate,nitrate,2,1,42,592.99,30,92,0,standard,CCCCCCCCCCCCN(CCCCCCCCCCCC)C(=O)COC1CCCN(CCCCCC)C1=O
3422077ed716,Dy,8,3,2,nitrate,nitrate,2,1,42,592.99,30,92,0,standard,CCCCCCCCCCCCN(CCCCCCCCCCCC)C(=O)COC1CCCN(CCCCCC)C1=O
01ab21da6e59,Ho,8,3,2,nitrate,nitrate,2,1,42,592.99,30,92,0,standard,CCCCCCCCCCCCN(CCCCCCCCCCCC)C(=O)COC1CCCN(CCCCCC)C1=O
3b80b406e1b9,Er,8,3,2,nitrate,nitrate,2,1,42,592.99,30,92,0,standard,CCCCCCCCCCCCN(CCCCCCCCCCCC)C(=O)COC1CCCN(CCCCCC)C1=O
5bb30e928269,Tm,8,3,2,nitrate,nitrate,2,1,42,592.99,30,92,0,standard,CCCCCCCCCCCCN(CCCCCCCCCCCC)C(=O)COC1CCCN(CCCCCC)C1=O
a00fc375c167,La,9,3,3,water,water,0,1,41,576.95,26,123,0,standard,CCCCCCN(CCC(C)CCC=C(C)C)C(=O)COCC(=O)N(CCCCCC)CCC(C)CCC=C(C)C
128ad64b4147,Lu,8,3,2,water,water,2,1,41,576.95,26,84,0,standard,CCCCCCN(CCC(C)CCC=C(C)C)C(=O)COCC(=O)N(CCCCCC)CCC(C)CCC=C(C)C
6cce4e8db490,Lu,8,3,2,water,water,2,1,41,580.98,28,84,0,standard,CCCCCCN(CCC(C)CCCC(C)C)C(=O)COCC(=O)N(CCCCCC)CCC(C)CCCC(C)C
152d8aff1d8c,Tm,8,3,2,water,water,2,1,41,580.98,28,84,0,standard,CCCCCCN(CCC(C)CCCC(C)C)C(=O)COCC(=O)N(CCCCCC)CCC(C)CCCC(C)C
1e21959a3fd8,Yb,8,3,2,nitrate,nitrate,2,1,42,592.99,30,92,0,standard,CCCCCCCCCCCCN(CCCCCCCCCCCC)C(=O)COC1CCCN(CCCCCC)C1=O
4a46d09e5596,La,9,3,3,water,water,0,1,41,580.98,28,123,0,standard,CCCCCCN(CCC(C)CCCC(C)C)C(=O)COCC(=O)N(CCCCCC)CCC(C)CCCC(C)C
8ed5d86a6446,Ce,9,3,3,water,water,0,1,41,580.98,28,123,0,standard,CCCCCCN(CCC(C)CCCC(C)C)C(=O)COCC(=O)N(CCCCCC)CCC(C)CCCC(C)C
60f03d2c67cc,Pr,9,3,3,water,water,0,1,41,580.98,28,123,0,standard,CCCCCCN(CCC(C)CCCC(C)C)C(=O)COCC(=O)N(CCCCCC)CCC(C)CCCC(C)C
730ccd1931fb,Nd,9,3,3,water,water,0,1,41,580.98,28,123,0,standard,CCCCCCN(CCC(C)CCCC(C)C)C(=O)COCC(=O)N(CCCCCC)CCC(C)CCCC(C)C
4bed52a4e22b,Sm,9,3,3,water,water,0,1,41,580.98,28,123,0,standard,CCCCCCN(CCC(C)CCCC(C)C)C(=O)COCC(=O)N(CCCCCC)CCC(C)CCCC(C)C
2ba2430d45f9,Eu,9,3,3,water,water,0,1,41,580.98,28,123,0,standard,CCCCCCN(CCC(C)CCCC(C)C)C(=O)COCC(=O)N(CCCCCC)CCC(C)CCCC(C)C
6594b7e2cb96,Gd,9,3,3,water,water,0,1,41,580.98,28,123,0,standard,CCCCCCN(CCC(C)CCCC(C)C)C(=O)COCC(=O)N(CCCCCC)CCC(C)CCCC(C)C
29d75ee7f8b2,Tb,8,3,2,water,water,2,1,41,580.98,28,84,0,standard,CCCCCCN(CCC(C)CCCC(C)C)C(=O)COCC(=O)N(CCCCCC)CCC(C)CCCC(C)C
e6ee8642b159,Dy,8,3,2,water,water,2,1,41,580.98,28,84,0,standard,CCCCCCN(CCC(C)CCCC(C)C)C(=O)COCC(=O)N(CCCCCC)CCC(C)CCCC(C)C
c58483c35141,Ho,8,3,2,water,water,2,1,41,580.98,28,84,0,standard,CCCCCCN(CCC(C)CCCC(C)C)C(=O)COCC(=O)N(CCCCCC)CCC(C)CCCC(C)C
7c6902521d28,Er,8,3,2,water,water,2,1,41,580.98,28,84,0,standard,CCCCCCN(CCC(C)CCCC(C)C)C(=O)COCC(=O)N(CCCCCC)CCC(C)CCCC(C)C
692a566c8add,Yb,8,3,2,water,water,2,1,41,580.98,28,84,0,standard,CCCCCCN(CCC(C)CCCC(C)C)C(=O)COCC(=O)N(CCCCCC)CCC(C)CCCC(C)C
513a2473cb69,Lu,8,3,2,nitrate,nitrate,2,1,42,592.99,30,92,0,standard,CCCCCCCCCCCCN(CCCCCCCCCCCC)C(=O)COC1CCCN(CCCCCC)C1=O
cafe7bff72b2,Eu,9,3,3,nitrate,nitrate,0,1,19,255.32,2,57,0,standard,CC(C)(C)c1ccc(NC(=O)c2cnccn2)cc1
0ab3f3c24f19,Eu,9,5,1,nitrate,nitrate,4,1,34,457.62,8,50,0,standard,CC(C)(C)c1ccc(NCC(=O)c2cccc(C(=O)CNc3ccc(C(C)(C)C)cc3)n2)cc1
7627c1e45ee0,Eu,9,3,3,nitrate,nitrate,0,6,40,570.82,25,120,0,standard,CCCCN(CCCC)C(=O)COCC(=O)N(CC)CCN(CC)C(=O)COCC(=O)N(CCCC)CCCC
5add7e7980fc,Eu,9,3,3,nitrate,nitrate,0,6,42,598.87,25,126,0,standard,CCCCN(CCCC)C(=O)COCC(=O)N(CCN(C(=O)COCC(=O)N(CCCC)CCCC)C(C)C)C(C)C
3df1d7358828,Gd,9,3,3,nitrate,nitrate,0,1,45,667.98,32,135,0,standard,CCCCCCCCP(=O)(CCCCCCCC)Cc1cccc(CP(=O)(CCCCCCCC)CCCCCCCC)[n+]1[O-]
a51968909434,Eu,9,3,3,nitrate,nitrate,0,1,45,667.98,32,135,0,standard,CCCCCCCCP(=O)(CCCCCCCC)Cc1cccc(CP(=O)(CCCCCCCC)CCCCCCCC)[n+]1[O-]
2fa73f2a7520,Er,8,3,2,water,water,2,1,45,667.98,32,92,0,standard,CCCCCCCCP(=O)(CCCCCCCC)Cc1cccc(CP(=O)(CCCCCCCC)CCCCCCCC)[n+]1[O-]
0eec28e02708,Sm,9,3,3,nitrate,nitrate,0,1,45,667.98,32,135,0,standard,CCCCCCCCP(=O)(CCCCCCCC)Cc1cccc(CP(=O)(CCCCCCCC)CCCCCCCC)[n+]1[O-]
f728fe13d29b,Tm,8,3,2,water,water,2,1,45,667.98,32,92,0,standard,CCCCCCCCP(=O)(CCCCCCCC)Cc1cccc(CP(=O)(CCCCCCCC)CCCCCCCC)[n+]1[O-]
6b34bf7e6a1e,Pr,9,3,3,nitrate,nitrate,0,1,45,667.98,32,135,0,standard,CCCCCCCCP(=O)(CCCCCCCC)Cc1cccc(CP(=O)(CCCCCCCC)CCCCCCCC)[n+]1[O-]
823ce0596fcf,Ce,9,3,3,nitrate,nitrate,0,1,45,667.98,32,135,0,standard,CCCCCCCCP(=O)(CCCCCCCC)Cc1cccc(CP(=O)(CCCCCCCC)CCCCCCCC)[n+]1[O-]
0316ab580175,Dy,8,3,2,nitrate,nitrate,2,1,45,667.98,32,98,0,standard,CCCCCCCCP(=O)(CCCCCCCC)Cc1cccc(CP(=O)(CCCCCCCC)CCCCCCCC)[n+]1[O-]
e8ea064a4c49,La,9,3,3,nitrate,nitrate,0,1,45,667.98,32,135,0,standard,CCCCCCCCP(=O)(CCCCCCCC)Cc1cccc(CP(=O)(CCCCCCCC)CCCCCCCC)[n+]1[O-]
8ec3e5cffd20,Nd,9,3,3,nitrate,nitrate,0,1,45,667.98,32,135,0,standard,CCCCCCCCP(=O)(CCCCCCCC)Cc1cccc(CP(=O)(CCCCCCCC)CCCCCCCC)[n+]1[O-]
c8ad5ca34e13,Ho,8,3,2,nitrate,nitrate,2,1,45,667.98,32,98,0,standard,CCCCCCCCP(=O)(CCCCCCCC)Cc1cccc(CP(=O)(CCCCCCCC)CCCCCCCC)[n+]1[O-]
672f281b5671,Tb,8,3,2,nitrate,nitrate,2,1,45,667.98,32,98,0,standard,CCCCCCCCP(=O)(CCCCCCCC)Cc1cccc(CP(=O)(CCCCCCCC)CCCCCCCC)[n+]1[O-]
e95ac61548eb,Tm,8,3,2,nitrate,nitrate,2,1,45,667.98,32,98,0,standard,CCCCCCCCP(=O)(CCCCCCCC)Cc1cccc(CP(=O)(CCCCCCCC)CCCCCCCC)[n+]1[O-]
7090c77a2fc2,Lu,8,3,2,water,water,2,1,45,667.98,32,92,0,standard,CCCCCCCCP(=O)(CCCCCCCC)Cc1cccc(CP(=O)(CCCCCCCC)CCCCCCCC)[n+]1[O-]
159a1c7de3e7,Yb,8,3,2,water,water,2,1,45,667.98,32,92,0,standard,CCCCCCCCP(=O)(CCCCCCCC)Cc1cccc(CP(=O)(CCCCCCCC)CCCCCCCC)[n+]1[O-]
e7c451828720,Er,8,3,2,nitrate,nitrate,2,1,45,667.98,32,98,0,standard,CCCCCCCCP(=O)(CCCCCCCC)Cc1cccc(CP(=O)(CCCCCCCC)CCCCCCCC)[n+]1[O-]
e6b34f7dfc54,Tb,8,3,2,water,water,2,1,45,667.98,32,92,0,standard,CCCCCCCCP(=O)(CCCCCCCC)Cc1cccc(CP(=O)(CCCCCCCC)CCCCCCCC)[n+]1[O-]
a29d42869fc8,Gd,9,3,3,water,water,0,1,45,667.98,32,135,0,standard,CCCCCCCCP(=O)(CCCCCCCC)Cc1cccc(CP(=O)(CCCCCCCC)CCCCCCCC)[n+]1[O-]
e53e8fa1150f,Eu,9,3,3,water,water,0,1,45,667.98,32,135,0,standard,CCCCCCCCP(=O)(CCCCCCCC)Cc1cccc(CP(=O)(CCCCCCCC)CCCCCCCC)[n+]1[O-]
d2b28654fc73,Dy,8,3,2,water,water,2,1,45,667.98,32,92,0,standard,CCCCCCCCP(=O)(CCCCCCCC)Cc1cccc(CP(=O)(CCCCCCCC)CCCCCCCC)[n+]1[O-]
85d76bb6d3a3,Nd,9,3,3,water,water,0,1,45,667.98,32,135,0,standard,CCCCCCCCP(=O)(CCCCCCCC)Cc1cccc(CP(=O)(CCCCCCCC)CCCCCCCC)[n+]1[O-]
78ee86481f9d,Pr,9,3,3,water,water,0,1,45,667.98,32,135,0,standard,CCCCCCCCP(=O)(CCCCCCCC)Cc1cccc(CP(=O)(CCCCCCCC)CCCCCCCC)[n+]1[O-]
88362553f959,Ce,9,3,3,water,water,0,1,45,667.98,32,135,0,standard,CCCCCCCCP(=O)(CCCCCCCC)Cc1cccc(CP(=O)(CCCCCCCC)CCCCCCCC)[n+]1[O-]
7f50bafcf653,La,9,3,3,water,water,0,1,45,667.98,32,135,0,standard,CCCCCCCCP(=O)(CCCCCCCC)Cc1cccc(CP(=O)(CCCCCCCC)CCCCCCCC)[n+]1[O-]
a71aa6e38cbc,Lu,8,3,2,nitrate,nitrate,2,1,45,667.98,32,98,0,standard,CCCCCCCCP(=O)(CCCCCCCC)Cc1cccc(CP(=O)(CCCCCCCC)CCCCCCCC)[n+]1[O-]
f0c8355b615c,Yb,8,3,2,nitrate,nitrate,2,1,45,667.98,32,98,0,standard,CCCCCCCCP(=O)(CCCCCCCC)Cc1cccc(CP(=O)(CCCCCCCC)CCCCCCCC)[n+]1[O-]
e8105004c5ac,Sm,9,3,3,water,water,0,1,45,667.98,32,135,0,standard,CCCCCCCCP(=O)(CCCCCCCC)Cc1cccc(CP(=O)(CCCCCCCC)CCCCCCCC)[n+]1[O-]
9cc62587b518,Ho,8,3,2,water,water,2,1,45,667.98,32,92,0,standard,CCCCCCCCP(=O)(CCCCCCCC)Cc1cccc(CP(=O)(CCCCCCCC)CCCCCCCC)[n+]1[O-]
816b93f5201d,Eu,9,4,2,nitrate,nitrate,1,3,42,580.56,6,88,0,standard,O=P(c1ccccc1)(c1ccccc1)c1ccc2ccc3ccc(P(=O)(c4ccccc4)c4ccccc4)nc3c2n1
7cee7f336f10,Eu,9,8,1,nitrate,nitrate,1,3,30,452.38,10,34,0,standard,CCOP(=O)(OCC)c1ccc2ccc3ccc(P(=O)(OCC)OCC)nc3c2n1
f627b8cfec4b,Nd,9,3,3,nitrate,nitrate,0,98,41,580.98,32,123,0,standard,CCCCCCCCN(CCCCCCCC)C(=O)COCC(=O)N(CCCCCCCC)CCCCCCCC
6587dff62b60,Eu,9,3,3,nitrate,nitrate,0,70,41,580.98,28,123,0,standard,CCCCC(CC)CN(CC(CC)CCCC)C(=O)COCC(=O)N(CC(CC)CCCC)CC(CC)CCCC
5de6ab30ffee,Nd,9,3,3,nitrate,nitrate,0,34,41,580.98,28,123,0,standard,CCCCC(CC)CN(CC(CC)CCCC)C(=O)COCC(=O)N(CC(CC)CCCC)CC(CC)CCCC
842fa08145bb,Nd,9,3,3,nitrate,nitrate,0,26,49,693.2,40,147,0,standard,CCCCCCCCCCN(CCCCCCCCCC)C(=O)COCC(=O)N(CCCCCCCCCC)CCCCCCCCCC
fffb75876769,Nd,9,3,3,nitrate,nitrate,0,38,57,805.41,48,171,0,standard,CCCCCCCCCCCCN(CCCCCCCCCCCC)C(=O)COCC(=O)N(CCCCCCCCCCCC)CCCCCCCCCCCC
04e043628161,Nd,9,3,3,nitrate,nitrate,0,35,49,693.2,40,147,0,standard,CCCCCCCCCCCCN(CCCCCCCCCCCC)C(=O)COCC(=O)N(CCCCCCCC)CCCCCCCC
841e714ef7bf,Lu,8,3,2,nitrate,nitrate,2,53,41,580.98,32,90,0,standard,CCCCCCCCN(CCCCCCCC)C(=O)COCC(=O)N(CCCCCCCC)CCCCCCCC
195a6a071085,La,9,3,3,nitrate,nitrate,0,63,41,580.98,32,123,0,standard,CCCCCCCCN(CCCCCCCC)C(=O)COCC(=O)N(CCCCCCCC)CCCCCCCC
9a0b2ab62928,Ho,8,3,2,nitrate,nitrate,2,41,41,580.98,32,90,0,standard,CCCCCCCCN(CCCCCCCC)C(=O)COCC(=O)N(CCCCCCCC)CCCCCCCC
78c4dd080e4c,Tm,8,3,2,nitrate,nitrate,2,35,41,580.98,32,90,0,standard,CCCCCCCCN(CCCCCCCC)C(=O)COCC(=O)N(CCCCCCCC)CCCCCCCC
ece8108f76e3,Dy,8,3,2,nitrate,nitrate,2,45,41,580.98,32,90,0,standard,CCCCCCCCN(CCCCCCCC)C(=O)COCC(=O)N(CCCCCCCC)CCCCCCCC
daa93503e260,Ce,9,3,3,nitrate,nitrate,0,63,41,580.98,32,123,0,standard,CCCCCCCCN(CCCCCCCC)C(=O)COCC(=O)N(CCCCCCCC)CCCCCCCC
932854907794,Sm,9,3,3,nitrate,nitrate,0,34,41,580.98,32,123,0,standard,CCCCCCCCN(CCCCCCCC)C(=O)COCC(=O)N(CCCCCCCC)CCCCCCCC
bfc694b020e5,Pr,9,3,3,nitrate,nitrate,0,51,41,580.98,32,123,0,standard,CCCCCCCCN(CCCCCCCC)C(=O)COCC(=O)N(CCCCCCCC)CCCCCCCC
28d4b8569192,Tb,8,3,2,nitrate,nitrate,2,45,41,580.98,32,90,0,standard,CCCCCCCCN(CCCCCCCC)C(=O)COCC(=O)N(CCCCCCCC)CCCCCCCC
ffeead124530,Gd,9,3,3,nitrate,nitrate,0,75,41,580.98,32,123,0,standard,CCCCCCCCN(CCCCCCCC)C(=O)COCC(=O)N(CCCCCCCC)CCCCCCCC
a69ec7cc9333,Eu,9,2,4,nitrate,nitrate,1,10,21,299.5,15,88,0,standard,CCCCCCCCN(CCCCCCCC)C(=O)CO
61cc2c48be65,Sm,9,3,3,nitrate,nitrate,0,15,41,580.98,28,123,0,standard,CCCCC(CC)CN(CC(CC)CCCC)C(=O)COCC(=O)N(CC(CC)CCCC)CC(CC)CCCC
98ef331a5303,Dy,8,3,2,nitrate,nitrate,2,9,41,580.98,28,90,0,standard,CCCCC(CC)CN(CC(CC)CCCC)C(=O)COCC(=O)N(CC(CC)CCCC)CC(CC)CCCC
e90baf173312,La,9,3,3,nitrate,nitrate,0,10,41,580.98,28,123,0,standard,CCCCC(CC)CN(CC(CC)CCCC)C(=O)COCC(=O)N(CC(CC)CCCC)CC(CC)CCCC
c833e23c281d,Ce,9,3,3,nitrate,nitrate,0,1,41,580.98,28,123,0,standard,CCCCC(CC)CN(CC(CC)CCCC)C(=O)COCC(=O)N(CC(CC)CCCC)CC(CC)CCCC
bc638483400c,Nd,9,3,3,water,water,0,14,41,580.98,28,123,0,standard,CCCCC(CC)CN(CC(CC)CCCC)C(=O)COCC(=O)N(CC(CC)CCCC)CC(CC)CCCC
e4103e24a2d3,Pr,9,3,3,water,water,0,33,41,580.98,32,123,0,standard,CCCCCCCCN(CCCCCCCC)C(=O)COCC(=O)N(CCCCCCCC)CCCCCCCC
5085718391b0,Nd,9,3,3,water,water,0,55,41,580.98,32,123,0,standard,CCCCCCCCN(CCCCCCCC)C(=O)COCC(=O)N(CCCCCCCC)CCCCCCCC
f8ea0c6a57d9,La,9,3,3,nitrate,nitrate,0,5,51,721.25,40,153,0,standard,CCCCCCCCCCN(CCCCCCCCCC)C(=O)C(C)OC(C)C(=O)N(CCCCCCCCCC)CCCCCCCCCC
f9562d4a626b,Ce,9,3,3,nitrate,nitrate,0,5,51,721.25,40,153,0,standard,CCCCCCCCCCN(CCCCCCCCCC)C(=O)C(C)OC(C)C(=O)N(CCCCCCCCCC)CCCCCCCCCC
002121ae5677,Pr,9,3,3,nitrate,nitrate,0,5,51,721.25,40,153,0,standard,CCCCCCCCCCN(CCCCCCCCCC)C(=O)C(C)OC(C)C(=O)N(CCCCCCCCCC)CCCCCCCCCC
f08b024abf27,Nd,9,3,3,nitrate,nitrate,0,5,51,721.25,40,153,0,standard,CCCCCCCCCCN(CCCCCCCCCC)C(=O)C(C)OC(C)C(=O)N(CCCCCCCCCC)CCCCCCCCCC
63f877d64bd9,Sm,9,3,3,nitrate,nitrate,0,5,51,721.25,40,153,0,standard,CCCCCCCCCCN(CCCCCCCCCC)C(=O)C(C)OC(C)C(=O)N(CCCCCCCCCC)CCCCCCCCCC
4982246f582c,Eu,9,3,3,nitrate,nitrate,0,5,51,721.25,40,153,0,standard,CCCCCCCCCCN(CCCCCCCCCC)C(=O)C(C)OC(C)C(=O)N(CCCCCCCCCC)CCCCCCCCCC
37b6322ee57d,Gd,9,3,3,nitrate,nitrate,0,5,51,721.25,40,153,0,standard,CCCCCCCCCCN(CCCCCCCCCC)C(=O)C(C)OC(C)C(=O)N(CCCCCCCCCC)CCCCCCCCCC
fbc5bc0bae10,Tb,8,3,2,nitrate,nitrate,2,5,51,721.25,40,110,0,standard,CCCCCCCCCCN(CCCCCCCCCC)C(=O)C(C)OC(C)C(=O)N(CCCCCCCCCC)CCCCCCCCCC
5b1c88b12f99,Dy,8,3,2,nitrate,nitrate,2,5,51,721.25,40,110,0,standard,CCCCCCCCCCN(CCCCCCCCCC)C(=O)C(C)OC(C)C(=O)N(CCCCCCCCCC)CCCCCCCCCC
4d8d2c661a75,Eu,9,3,3,nitrate,nitrate,0,3,29,412.66,20,87,0,standard,CCCCCN(CCCCC)C(=O)COCC(=O)N(CCCCC)CCCCC
56c925ac0a96,Eu,9,3,3,nitrate,nitrate,0,13,33,468.77,24,99,0,standard,CCCCCCN(CCCCCC)C(=O)COCC(=O)N(CCCCCC)CCCCCC
9bc1c5b0634b,Eu,9,3,3,nitrate,nitrate,0,36,57,805.41,48,171,0,standard,CCCCCCCCCCCCN(CCCCCCCCCCCC)C(=O)COCC(=O)N(CCCCCCCCCCCC)CCCCCCCCCCCC
42e8b0326a3a,Eu,9,3,3,nitrate,nitrate,0,15,93,1310.04,66,279,1,"standard,large_ligand_deep,large_ligand_fast",CCCCCCCCN(CCCCCCCC)C(=O)COCC(=O)NCCc1c(CC)c(CCNC(=O)COCC(=O)N(CCCCCCCC)CCCCCCCC)c(CC)c(CCNC(=O)COCC(=O)N(CCCCCCCC)CCCCCCCC)c1CC
3528f915b0a8,Eu,9,3,3,nitrate,nitrate,0,14,93,1315.96,69,279,1,"standard,large_ligand_deep,large_ligand_fast",CCCCCCCCN(CCCCCCCC)C(=O)COCC(=O)NCCCOc1cc(OCCCNC(=O)COCC(=O)N(CCCCCCCC)CCCCCCCC)cc(OCCCNC(=O)COCC(=O)N(CCCCCCCC)CCCCCCCC)c1
61b5adf1c34b,Nd,9,3,3,nitrate,nitrate,0,22,41,580.98,32,123,0,standard,CCCCCCCCCCN(CCCCCCCCCC)C(=O)COCC(=O)N(CCCCCC)CCCCCC
13d5fe5f17a4,Sm,9,3,3,nitrate,nitrate,0,22,41,580.98,32,123,0,standard,CCCCCCCCCCN(CCCCCCCCCC)C(=O)COCC(=O)N(CCCCCC)CCCCCC
e15b249cea3d,Gd,9,3,3,nitrate,nitrate,0,23,41,580.98,32,123,0,standard,CCCCCCCCCCN(CCCCCCCCCC)C(=O)COCC(=O)N(CCCCCC)CCCCCC
6beb6e4f3fac,Dy,8,3,2,nitrate,nitrate,2,22,41,580.98,32,90,0,standard,CCCCCCCCCCN(CCCCCCCCCC)C(=O)COCC(=O)N(CCCCCC)CCCCCC
3e850e102c59,Ho,8,3,2,nitrate,nitrate,2,24,41,580.98,32,90,0,standard,CCCCCCCCCCN(CCCCCCCCCC)C(=O)COCC(=O)N(CCCCCC)CCCCCC
55e629e17e99,Er,8,3,2,nitrate,nitrate,2,22,41,580.98,32,90,0,standard,CCCCCCCCCCN(CCCCCCCCCC)C(=O)COCC(=O)N(CCCCCC)CCCCCC
b962af2d7020,La,9,3,3,nitrate,nitrate,0,1,41,580.98,32,123,0,standard,CCCCCCCCCCN(CCCCCCCCCC)C(=O)COCC(=O)N(CCCCCC)CCCCCC
b7ac3832cbad,Ce,9,3,3,nitrate,nitrate,0,1,41,580.98,32,123,0,standard,CCCCCCCCCCN(CCCCCCCCCC)C(=O)COCC(=O)N(CCCCCC)CCCCCC
8c73fec5405e,Pr,9,3,3,nitrate,nitrate,0,1,41,580.98,32,123,0,standard,CCCCCCCCCCN(CCCCCCCCCC)C(=O)COCC(=O)N(CCCCCC)CCCCCC
86c497c70791,Eu,9,3,3,nitrate,nitrate,0,1,41,580.98,32,123,0,standard,CCCCCCCCCCN(CCCCCCCCCC)C(=O)COCC(=O)N(CCCCCC)CCCCCC
b3d93bfa9619,Tb,8,3,2,nitrate,nitrate,2,1,41,580.98,32,90,0,standard,CCCCCCCCCCN(CCCCCCCCCC)C(=O)COCC(=O)N(CCCCCC)CCCCCC
83b8adbff60c,Tm,8,3,2,nitrate,nitrate,2,1,41,580.98,32,90,0,standard,CCCCCCCCCCN(CCCCCCCCCC)C(=O)COCC(=O)N(CCCCCC)CCCCCC
214faaf3ceec,Yb,8,3,2,nitrate,nitrate,2,1,41,580.98,32,90,0,standard,CCCCCCCCCCN(CCCCCCCCCC)C(=O)COCC(=O)N(CCCCCC)CCCCCC
69820f6ef382,Lu,8,3,2,nitrate,nitrate,2,1,41,580.98,32,90,0,standard,CCCCCCCCCCN(CCCCCCCCCC)C(=O)COCC(=O)N(CCCCCC)CCCCCC
baede0a95237,Nd,9,3,3,water,water,0,12,41,580.98,32,123,0,standard,CCCCCCCCCCN(CCCCCCCCCC)C(=O)COCC(=O)N(CCCCCC)CCCCCC
d48b4e430acd,Sm,9,3,3,water,water,0,12,41,580.98,32,123,0,standard,CCCCCCCCCCN(CCCCCCCCCC)C(=O)COCC(=O)N(CCCCCC)CCCCCC
125a61fe04b1,Gd,9,3,3,water,water,0,12,41,580.98,32,123,0,standard,CCCCCCCCCCN(CCCCCCCCCC)C(=O)COCC(=O)N(CCCCCC)CCCCCC
2b349d0725cb,Dy,8,3,2,water,water,2,12,41,580.98,32,84,0,standard,CCCCCCCCCCN(CCCCCCCCCC)C(=O)COCC(=O)N(CCCCCC)CCCCCC
ec6e02a60fef,Ho,8,3,2,water,water,2,12,41,580.98,32,84,0,standard,CCCCCCCCCCN(CCCCCCCCCC)C(=O)COCC(=O)N(CCCCCC)CCCCCC
9217936670e5,Er,8,3,2,water,water,2,12,41,580.98,32,84,0,standard,CCCCCCCCCCN(CCCCCCCCCC)C(=O)COCC(=O)N(CCCCCC)CCCCCC
389643f6ef69,Er,8,3,2,nitrate,nitrate,2,33,41,580.98,32,90,0,standard,CCCCCCCCN(CCCCCCCC)C(=O)COCC(=O)N(CCCCCCCC)CCCCCCCC
b626912f120c,Yb,8,3,2,nitrate,nitrate,2,25,41,580.98,32,90,0,standard,CCCCCCCCN(CCCCCCCC)C(=O)COCC(=O)N(CCCCCCCC)CCCCCCCC
3ebeca6a53a4,La,9,3,3,nitrate,nitrate,0,6,17,244.33,8,51,0,standard,CCN(CC)C(=O)COCC(=O)N(CC)CC
7f484cb99e8d,Ce,9,3,3,nitrate,nitrate,0,6,17,244.33,8,51,0,standard,CCN(CC)C(=O)COCC(=O)N(CC)CC
11243c52d348,Pr,9,3,3,nitrate,nitrate,0,6,17,244.33,8,51,0,standard,CCN(CC)C(=O)COCC(=O)N(CC)CC
9ae8d8b17a3a,Nd,9,3,3,nitrate,nitrate,0,6,17,244.33,8,51,0,standard,CCN(CC)C(=O)COCC(=O)N(CC)CC
d28620aeb924,Sm,9,3,3,nitrate,nitrate,0,6,17,244.33,8,51,0,standard,CCN(CC)C(=O)COCC(=O)N(CC)CC
1c6448b96579,Eu,9,3,3,nitrate,nitrate,0,6,17,244.33,8,51,0,standard,CCN(CC)C(=O)COCC(=O)N(CC)CC
8016e2df9486,Gd,9,3,3,nitrate,nitrate,0,6,17,244.33,8,51,0,standard,CCN(CC)C(=O)COCC(=O)N(CC)CC
120b149e6b53,Tb,8,3,2,nitrate,nitrate,2,6,17,244.33,8,42,0,standard,CCN(CC)C(=O)COCC(=O)N(CC)CC
5cb8d5f242e0,Dy,8,3,2,nitrate,nitrate,2,6,17,244.33,8,42,0,standard,CCN(CC)C(=O)COCC(=O)N(CC)CC
0153ed287bb6,Ho,8,3,2,nitrate,nitrate,2,6,17,244.33,8,42,0,standard,CCN(CC)C(=O)COCC(=O)N(CC)CC
63cc5cb9d9a2,Er,8,3,2,nitrate,nitrate,2,6,17,244.33,8,42,0,standard,CCN(CC)C(=O)COCC(=O)N(CC)CC
07ab94fa20c7,Tm,8,3,2,nitrate,nitrate,2,6,17,244.33,8,42,0,standard,CCN(CC)C(=O)COCC(=O)N(CC)CC
98f5735a8ce8,Yb,8,3,2,nitrate,nitrate,2,6,17,244.33,8,42,0,standard,CCN(CC)C(=O)COCC(=O)N(CC)CC
3bf55ebabec5,Lu,8,3,2,nitrate,nitrate,2,6,17,244.33,8,42,0,standard,CCN(CC)C(=O)COCC(=O)N(CC)CC
8ef1fca4d9b9,Eu,9,3,3,water,water,0,2,43,609.04,32,129,0,standard,CCCCCCCCN(CCCCCCCC)C(=O)C(C)OC(C)C(=O)N(CCCCCCCC)CCCCCCCC
f0368514bd3f,Eu,9,3,3,water,water,0,2,42,595.01,32,126,0,standard,CCCCCCCCN(CCCCCCCC)C(=O)COC(C)C(=O)N(CCCCCCCC)CCCCCCCC
7e4821d174f3,Eu,9,3,3,nitrate,nitrate,0,10,42,595.01,32,126,0,standard,CCCCCCCCN(CCCCCCCC)C(=O)COC(C)C(=O)N(CCCCCCCC)CCCCCCCC
2004891d770f,Eu,9,3,3,water,water,0,2,47,657.08,33,141,0,standard,CCCCCCCCN(CCCCCCCC)C(=O)COC(C(=O)N(CCCCCCCC)CCCCCCCC)c1ccccc1
09167c1368f2,Eu,9,3,3,water,water,0,2,48,671.11,33,144,0,standard,CCCCCCCCN(CCCCCCCC)C(=O)C(C)OC(C(=O)N(CCCCCCCC)CCCCCCCC)c1ccccc1
ba4db0bfd97a,Eu,9,3,3,nitrate,nitrate,0,10,47,657.08,33,141,0,standard,CCCCCCCCN(CCCCCCCC)C(=O)COC(C(=O)N(CCCCCCCC)CCCCCCCC)c1ccccc1
5a7b8d4059f6,Eu,9,3,3,nitrate,nitrate,0,10,48,671.11,33,144,0,standard,CCCCCCCCN(CCCCCCCC)C(=O)C(C)OC(C(=O)N(CCCCCCCC)CCCCCCCC)c1ccccc1
c52cf9b12c74,Eu,9,3,3,water,water,0,1,43,607.02,30,129,0,standard,CCCCCCCCN(CCCCCCCC)C(=O)C1CCC(C(=O)N(CCCCCCCC)CCCCCCCC)O1
5239bc4153d8,Eu,9,3,3,nitrate,nitrate,0,4,43,607.02,30,129,0,standard,CCCCCCCCN(CCCCCCCC)C(=O)C1CCC(C(=O)N(CCCCCCCC)CCCCCCCC)O1
b50df1b297d6,Eu,9,4,2,water,water,1,2,61,861.48,42,123,1,"standard,large_ligand_deep,large_ligand_fast",CCCCC(CC)CN(CC(CC)CCCC)C(=O)CN(CC(=O)N(CC(CC)CCCC)CC(CC)CCCC)CC(=O)N(CC(CC)CCCC)CC(CC)CCCC
bf9e03e12455,Eu,9,4,2,nitrate,nitrate,1,10,61,861.48,42,126,1,"standard,large_ligand_deep,large_ligand_fast",CCCCC(CC)CN(CC(CC)CCCC)C(=O)CN(CC(=O)N(CC(CC)CCCC)CC(CC)CCCC)CC(=O)N(CC(CC)CCCC)CC(CC)CCCC
6be1220425fa,Eu,9,3,3,nitrate,nitrate,0,5,49,693.2,40,147,0,standard,CCCCCCCCCCN(CCCCCCCCCC)C(=O)COCC(=O)N(CCCCCCCCCC)CCCCCCCCCC
2bb8a487a3df,Ce,9,3,3,water,water,0,58,41,580.98,32,123,0,standard,CCCCCCCCN(CCCCCCCC)C(=O)COCC(=O)N(CCCCCCCC)CCCCCCCC
7969957ddddb,Er,8,3,2,water,water,2,42,41,580.98,32,84,0,standard,CCCCCCCCN(CCCCCCCC)C(=O)COCC(=O)N(CCCCCCCC)CCCCCCCC
02b82eed2591,Dy,8,3,2,water,water,2,42,41,580.98,32,84,0,standard,CCCCCCCCN(CCCCCCCC)C(=O)COCC(=O)N(CCCCCCCC)CCCCCCCC
9060a51020d0,Gd,9,3,3,water,water,0,47,41,580.98,32,123,0,standard,CCCCCCCCN(CCCCCCCC)C(=O)COCC(=O)N(CCCCCCCC)CCCCCCCC
44a23e6db33b,Ho,8,3,2,water,water,2,42,41,580.98,32,84,0,standard,CCCCCCCCN(CCCCCCCC)C(=O)COCC(=O)N(CCCCCCCC)CCCCCCCC
cac084a0d563,La,9,3,3,water,water,0,51,41,580.98,32,123,0,standard,CCCCCCCCN(CCCCCCCC)C(=O)COCC(=O)N(CCCCCCCC)CCCCCCCC
eed9dc5fbef3,Lu,8,3,2,water,water,2,43,41,580.98,32,84,0,standard,CCCCCCCCN(CCCCCCCC)C(=O)COCC(=O)N(CCCCCCCC)CCCCCCCC
32566dc9a831,Sm,9,3,3,water,water,0,38,41,580.98,32,123,0,standard,CCCCCCCCN(CCCCCCCC)C(=O)COCC(=O)N(CCCCCCCC)CCCCCCCC
16686414c510,Tb,8,3,2,water,water,2,43,41,580.98,32,84,0,standard,CCCCCCCCN(CCCCCCCC)C(=O)COCC(=O)N(CCCCCCCC)CCCCCCCC
6f2b8ea84d8f,Tm,8,3,2,water,water,2,42,41,580.98,32,84,0,standard,CCCCCCCCN(CCCCCCCC)C(=O)COCC(=O)N(CCCCCCCC)CCCCCCCC
64d6f07f057c,Yb,8,3,2,water,water,2,41,41,580.98,32,84,0,standard,CCCCCCCCN(CCCCCCCC)C(=O)COCC(=O)N(CCCCCCCC)CCCCCCCC
4bb9a121aefd,La,9,3,3,nitrate,nitrate,0,44,57,805.41,48,171,0,standard,CCCCCCCCCCCCN(CCCCCCCCCCCC)C(=O)COCC(=O)N(CCCCCCCCCCCC)CCCCCCCCCCCC
59eb2c8e16fe,Ce,9,3,3,nitrate,nitrate,0,12,57,805.41,48,171,0,standard,CCCCCCCCCCCCN(CCCCCCCCCCCC)C(=O)COCC(=O)N(CCCCCCCCCCCC)CCCCCCCCCCCC
b63ff46d0633,Pr,9,3,3,nitrate,nitrate,0,12,57,805.41,48,171,0,standard,CCCCCCCCCCCCN(CCCCCCCCCCCC)C(=O)COCC(=O)N(CCCCCCCCCCCC)CCCCCCCCCCCC
68ff2a8a7c68,Sm,9,3,3,nitrate,nitrate,0,13,57,805.41,48,171,0,standard,CCCCCCCCCCCCN(CCCCCCCCCCCC)C(=O)COCC(=O)N(CCCCCCCCCCCC)CCCCCCCCCCCC
9b52da38293d,Gd,9,3,3,nitrate,nitrate,0,16,57,805.41,48,171,0,standard,CCCCCCCCCCCCN(CCCCCCCCCCCC)C(=O)COCC(=O)N(CCCCCCCCCCCC)CCCCCCCCCCCC
4211f1780bf5,Tb,8,3,2,nitrate,nitrate,2,12,57,805.41,48,122,0,standard,CCCCCCCCCCCCN(CCCCCCCCCCCC)C(=O)COCC(=O)N(CCCCCCCCCCCC)CCCCCCCCCCCC
bdc8ba8ab563,Dy,8,3,2,nitrate,nitrate,2,18,57,805.41,48,122,0,standard,CCCCCCCCCCCCN(CCCCCCCCCCCC)C(=O)COCC(=O)N(CCCCCCCCCCCC)CCCCCCCCCCCC
0d1fa3691af2,Ho,8,3,2,nitrate,nitrate,2,12,57,805.41,48,122,0,standard,CCCCCCCCCCCCN(CCCCCCCCCCCC)C(=O)COCC(=O)N(CCCCCCCCCCCC)CCCCCCCCCCCC
f93dab8ec08b,Er,8,3,2,nitrate,nitrate,2,13,57,805.41,48,122,0,standard,CCCCCCCCCCCCN(CCCCCCCCCCCC)C(=O)COCC(=O)N(CCCCCCCCCCCC)CCCCCCCCCCCC
6f9944c52b41,Tm,8,3,2,nitrate,nitrate,2,12,57,805.41,48,122,0,standard,CCCCCCCCCCCCN(CCCCCCCCCCCC)C(=O)COCC(=O)N(CCCCCCCCCCCC)CCCCCCCCCCCC
406ee69b3ee1,Yb,8,3,2,nitrate,nitrate,2,12,57,805.41,48,122,0,standard,CCCCCCCCCCCCN(CCCCCCCCCCCC)C(=O)COCC(=O)N(CCCCCCCCCCCC)CCCCCCCCCCCC
6fc647952acf,Lu,8,3,2,nitrate,nitrate,2,17,57,805.41,48,122,0,standard,CCCCCCCCCCCCN(CCCCCCCCCCCC)C(=O)COCC(=O)N(CCCCCCCCCCCC)CCCCCCCCCCCC
d34bcf644124,La,9,4,2,nitrate,nitrate,1,6,44,625.04,35,92,0,standard,CCCCCCCCN(CCCCCCCC)C(=O)COCCOCC(=O)N(CCCCCCCC)CCCCCCCC
12c512965f48,Ce,9,4,2,nitrate,nitrate,1,6,44,625.04,35,92,0,standard,CCCCCCCCN(CCCCCCCC)C(=O)COCCOCC(=O)N(CCCCCCCC)CCCCCCCC
ee75af6cd41a,Pr,9,4,2,nitrate,nitrate,1,6,44,625.04,35,92,0,standard,CCCCCCCCN(CCCCCCCC)C(=O)COCCOCC(=O)N(CCCCCCCC)CCCCCCCC
ecf430f58566,Nd,9,4,2,nitrate,nitrate,1,6,44,625.04,35,92,0,standard,CCCCCCCCN(CCCCCCCC)C(=O)COCCOCC(=O)N(CCCCCCCC)CCCCCCCC
21044fc0e869,Sm,9,4,2,nitrate,nitrate,1,6,44,625.04,35,92,0,standard,CCCCCCCCN(CCCCCCCC)C(=O)COCCOCC(=O)N(CCCCCCCC)CCCCCCCC
3569f0ba49db,Eu,9,4,2,nitrate,nitrate,1,6,44,625.04,35,92,0,standard,CCCCCCCCN(CCCCCCCC)C(=O)COCCOCC(=O)N(CCCCCCCC)CCCCCCCC
2b6df3205d87,Gd,9,4,2,nitrate,nitrate,1,5,44,625.04,35,92,0,standard,CCCCCCCCN(CCCCCCCC)C(=O)COCCOCC(=O)N(CCCCCCCC)CCCCCCCC
76675dfa63d5,Tb,8,4,2,nitrate,nitrate,0,5,44,625.04,35,88,0,standard,CCCCCCCCN(CCCCCCCC)C(=O)COCCOCC(=O)N(CCCCCCCC)CCCCCCCC
691f291b34fa,Dy,8,4,2,nitrate,nitrate,0,4,44,625.04,35,88,0,standard,CCCCCCCCN(CCCCCCCC)C(=O)COCCOCC(=O)N(CCCCCCCC)CCCCCCCC
5b7cdd751f3a,Ho,8,4,2,nitrate,nitrate,0,4,44,625.04,35,88,0,standard,CCCCCCCCN(CCCCCCCC)C(=O)COCCOCC(=O)N(CCCCCCCC)CCCCCCCC
44e81bdfe89c,Er,8,4,2,nitrate,nitrate,0,4,44,625.04,35,88,0,standard,CCCCCCCCN(CCCCCCCC)C(=O)COCCOCC(=O)N(CCCCCCCC)CCCCCCCC
06ba812ae6ed,Tm,8,4,2,nitrate,nitrate,0,4,44,625.04,35,88,0,standard,CCCCCCCCN(CCCCCCCC)C(=O)COCCOCC(=O)N(CCCCCCCC)CCCCCCCC
360ac5f4ff3e,Yb,8,4,2,nitrate,nitrate,0,4,44,625.04,35,88,0,standard,CCCCCCCCN(CCCCCCCC)C(=O)COCCOCC(=O)N(CCCCCCCC)CCCCCCCC
569888167aa5,Lu,8,4,2,nitrate,nitrate,0,4,44,625.04,35,88,0,standard,CCCCCCCCN(CCCCCCCC)C(=O)COCCOCC(=O)N(CCCCCCCC)CCCCCCCC
b3acce98c3f1,La,9,4,2,nitrate,nitrate,1,13,60,849.47,51,124,1,"standard,large_ligand_deep,large_ligand_fast",CCCCCCCCCCCCN(CCCCCCCCCCCC)C(=O)COCCOCC(=O)N(CCCCCCCCCCCC)CCCCCCCCCCCC
4c832a9d11b3,Ce,9,4,2,nitrate,nitrate,1,10,60,849.47,51,124,1,"standard,large_ligand_deep,large_ligand_fast",CCCCCCCCCCCCN(CCCCCCCCCCCC)C(=O)COCCOCC(=O)N(CCCCCCCCCCCC)CCCCCCCCCCCC
383aee8c8ad5,Pr,9,4,2,nitrate,nitrate,1,10,60,849.47,51,124,1,"standard,large_ligand_deep,large_ligand_fast",CCCCCCCCCCCCN(CCCCCCCCCCCC)C(=O)COCCOCC(=O)N(CCCCCCCCCCCC)CCCCCCCCCCCC
fbf793f2aa3f,Nd,9,4,2,nitrate,nitrate,1,10,60,849.47,51,124,1,"standard,large_ligand_deep,large_ligand_fast",CCCCCCCCCCCCN(CCCCCCCCCCCC)C(=O)COCCOCC(=O)N(CCCCCCCCCCCC)CCCCCCCCCCCC
583ace8b123c,Sm,9,4,2,nitrate,nitrate,1,10,60,849.47,51,124,1,"standard,large_ligand_deep,large_ligand_fast",CCCCCCCCCCCCN(CCCCCCCCCCCC)C(=O)COCCOCC(=O)N(CCCCCCCCCCCC)CCCCCCCCCCCC
6857f8009f97,Eu,9,4,2,nitrate,nitrate,1,10,60,849.47,51,124,1,"standard,large_ligand_deep,large_ligand_fast",CCCCCCCCCCCCN(CCCCCCCCCCCC)C(=O)COCCOCC(=O)N(CCCCCCCCCCCC)CCCCCCCCCCCC
89b02e41f264,Gd,9,4,2,nitrate,nitrate,1,13,60,849.47,51,124,1,"standard,large_ligand_deep,large_ligand_fast",CCCCCCCCCCCCN(CCCCCCCCCCCC)C(=O)COCCOCC(=O)N(CCCCCCCCCCCC)CCCCCCCCCCCC
88156a705de7,Tb,8,4,2,nitrate,nitrate,0,10,60,849.47,51,120,1,"standard,large_ligand_deep,large_ligand_fast",CCCCCCCCCCCCN(CCCCCCCCCCCC)C(=O)COCCOCC(=O)N(CCCCCCCCCCCC)CCCCCCCCCCCC
f500c12758c4,Dy,8,4,2,nitrate,nitrate,0,10,60,849.47,51,120,1,"standard,large_ligand_deep,large_ligand_fast",CCCCCCCCCCCCN(CCCCCCCCCCCC)C(=O)COCCOCC(=O)N(CCCCCCCCCCCC)CCCCCCCCCCCC
e564b3438f58,Ho,8,4,2,nitrate,nitrate,0,10,60,849.47,51,120,1,"standard,large_ligand_deep,large_ligand_fast",CCCCCCCCCCCCN(CCCCCCCCCCCC)C(=O)COCCOCC(=O)N(CCCCCCCCCCCC)CCCCCCCCCCCC
03fee2e60a8c,Er,8,4,2,nitrate,nitrate,0,10,60,849.47,51,120,1,"standard,large_ligand_deep,large_ligand_fast",CCCCCCCCCCCCN(CCCCCCCCCCCC)C(=O)COCCOCC(=O)N(CCCCCCCCCCCC)CCCCCCCCCCCC
4b32aee3750c,Tm,8,4,2,nitrate,nitrate,0,10,60,849.47,51,120,1,"standard,large_ligand_deep,large_ligand_fast",CCCCCCCCCCCCN(CCCCCCCCCCCC)C(=O)COCCOCC(=O)N(CCCCCCCCCCCC)CCCCCCCCCCCC
274a07367e74,Yb,8,4,2,nitrate,nitrate,0,10,60,849.47,51,120,1,"standard,large_ligand_deep,large_ligand_fast",CCCCCCCCCCCCN(CCCCCCCCCCCC)C(=O)COCCOCC(=O)N(CCCCCCCCCCCC)CCCCCCCCCCCC
24b21e3ba58f,Lu,8,4,2,nitrate,nitrate,0,10,60,849.47,51,120,1,"standard,large_ligand_deep,large_ligand_fast",CCCCCCCCCCCCN(CCCCCCCCCCCC)C(=O)COCCOCC(=O)N(CCCCCCCCCCCC)CCCCCCCCCCCC
b183716e4fc0,La,9,4,2,water,water,1,4,60,849.47,51,121,1,"standard,large_ligand_deep,large_ligand_fast",CCCCCCCCCCCCN(CCCCCCCCCCCC)C(=O)COCCOCC(=O)N(CCCCCCCCCCCC)CCCCCCCCCCCC
e1e2f450e02a,Ce,9,4,2,water,water,1,4,60,849.47,51,121,1,"standard,large_ligand_deep,large_ligand_fast",CCCCCCCCCCCCN(CCCCCCCCCCCC)C(=O)COCCOCC(=O)N(CCCCCCCCCCCC)CCCCCCCCCCCC
854acace1b9b,Pr,9,4,2,water,water,1,4,60,849.47,51,121,1,"standard,large_ligand_deep,large_ligand_fast",CCCCCCCCCCCCN(CCCCCCCCCCCC)C(=O)COCCOCC(=O)N(CCCCCCCCCCCC)CCCCCCCCCCCC
64eab4384a5e,Nd,9,4,2,water,water,1,4,60,849.47,51,121,1,"standard,large_ligand_deep,large_ligand_fast",CCCCCCCCCCCCN(CCCCCCCCCCCC)C(=O)COCCOCC(=O)N(CCCCCCCCCCCC)CCCCCCCCCCCC
849d9b5c14f1,Sm,9,4,2,water,water,1,4,60,849.47,51,121,1,"standard,large_ligand_deep,large_ligand_fast",CCCCCCCCCCCCN(CCCCCCCCCCCC)C(=O)COCCOCC(=O)N(CCCCCCCCCCCC)CCCCCCCCCCCC
bd3b6d612c1f,Eu,9,4,2,water,water,1,4,60,849.47,51,121,1,"standard,large_ligand_deep,large_ligand_fast",CCCCCCCCCCCCN(CCCCCCCCCCCC)C(=O)COCCOCC(=O)N(CCCCCCCCCCCC)CCCCCCCCCCCC
b8f750590859,Gd,9,4,2,water,water,1,4,60,849.47,51,121,1,"standard,large_ligand_deep,large_ligand_fast",CCCCCCCCCCCCN(CCCCCCCCCCCC)C(=O)COCCOCC(=O)N(CCCCCCCCCCCC)CCCCCCCCCCCC
71135eb07a7d,Tb,8,4,2,water,water,0,4,60,849.47,51,120,1,"standard,large_ligand_deep,large_ligand_fast",CCCCCCCCCCCCN(CCCCCCCCCCCC)C(=O)COCCOCC(=O)N(CCCCCCCCCCCC)CCCCCCCCCCCC
f91982a596b6,Dy,8,4,2,water,water,0,4,60,849.47,51,120,1,"standard,large_ligand_deep,large_ligand_fast",CCCCCCCCCCCCN(CCCCCCCCCCCC)C(=O)COCCOCC(=O)N(CCCCCCCCCCCC)CCCCCCCCCCCC
7b117768e0c1,Ho,8,4,2,water,water,0,4,60,849.47,51,120,1,"standard,large_ligand_deep,large_ligand_fast",CCCCCCCCCCCCN(CCCCCCCCCCCC)C(=O)COCCOCC(=O)N(CCCCCCCCCCCC)CCCCCCCCCCCC
9549b9713c8b,Er,8,4,2,water,water,0,4,60,849.47,51,120,1,"standard,large_ligand_deep,large_ligand_fast",CCCCCCCCCCCCN(CCCCCCCCCCCC)C(=O)COCCOCC(=O)N(CCCCCCCCCCCC)CCCCCCCCCCCC
288f94dc47a0,Tm,8,4,2,water,water,0,4,60,849.47,51,120,1,"standard,large_ligand_deep,large_ligand_fast",CCCCCCCCCCCCN(CCCCCCCCCCCC)C(=O)COCCOCC(=O)N(CCCCCCCCCCCC)CCCCCCCCCCCC
ccd7dd4dc900,Yb,8,4,2,water,water,0,4,60,849.47,51,120,1,"standard,large_ligand_deep,large_ligand_fast",CCCCCCCCCCCCN(CCCCCCCCCCCC)C(=O)COCCOCC(=O)N(CCCCCCCCCCCC)CCCCCCCCCCCC
cce95ad37f1c,Lu,8,4,2,water,water,0,4,60,849.47,51,120,1,"standard,large_ligand_deep,large_ligand_fast",CCCCCCCCCCCCN(CCCCCCCCCCCC)C(=O)COCCOCC(=O)N(CCCCCCCCCCCC)CCCCCCCCCCCC
35604f886abb,La,9,3,3,nitrate,nitrate,0,1,52,735.28,41,156,0,standard,CCCCCCCCCCN(CCCCCCCCCC)C(=O)[C@H](C)O[C@H](CC)C(=O)N(CCCCCCCCCC)CCCCCCCCCC
4a2a29392892,Ce,9,3,3,nitrate,nitrate,0,1,52,735.28,41,156,0,standard,CCCCCCCCCCN(CCCCCCCCCC)C(=O)[C@H](C)O[C@H](CC)C(=O)N(CCCCCCCCCC)CCCCCCCCCC
7671ea468d74,Pr,9,3,3,nitrate,nitrate,0,1,52,735.28,41,156,0,standard,CCCCCCCCCCN(CCCCCCCCCC)C(=O)[C@H](C)O[C@H](CC)C(=O)N(CCCCCCCCCC)CCCCCCCCCC
bb5c3fb1d709,Nd,9,3,3,nitrate,nitrate,0,1,52,735.28,41,156,0,standard,CCCCCCCCCCN(CCCCCCCCCC)C(=O)[C@H](C)O[C@H](CC)C(=O)N(CCCCCCCCCC)CCCCCCCCCC
4b9e6f47ed6d,Sm,9,3,3,nitrate,nitrate,0,1,52,735.28,41,156,0,standard,CCCCCCCCCCN(CCCCCCCCCC)C(=O)[C@H](C)O[C@H](CC)C(=O)N(CCCCCCCCCC)CCCCCCCCCC
86140b949960,Eu,9,3,3,nitrate,nitrate,0,1,52,735.28,41,156,0,standard,CCCCCCCCCCN(CCCCCCCCCC)C(=O)[C@H](C)O[C@H](CC)C(=O)N(CCCCCCCCCC)CCCCCCCCCC
dc61383f4cc6,Gd,9,3,3,nitrate,nitrate,0,1,52,735.28,41,156,0,standard,CCCCCCCCCCN(CCCCCCCCCC)C(=O)[C@H](C)O[C@H](CC)C(=O)N(CCCCCCCCCC)CCCCCCCCCC
6ebdcf56451b,Tb,8,3,2,nitrate,nitrate,2,1,52,735.28,41,112,0,standard,CCCCCCCCCCN(CCCCCCCCCC)C(=O)[C@H](C)O[C@H](CC)C(=O)N(CCCCCCCCCC)CCCCCCCCCC
b7bfe4c62b95,Dy,8,3,2,nitrate,nitrate,2,1,52,735.28,41,112,0,standard,CCCCCCCCCCN(CCCCCCCCCC)C(=O)[C@H](C)O[C@H](CC)C(=O)N(CCCCCCCCCC)CCCCCCCCCC
b808ea3d9637,Ho,8,3,2,nitrate,nitrate,2,1,52,735.28,41,112,0,standard,CCCCCCCCCCN(CCCCCCCCCC)C(=O)[C@H](C)O[C@H](CC)C(=O)N(CCCCCCCCCC)CCCCCCCCCC
dc8e155c1f6f,Er,8,3,2,nitrate,nitrate,2,1,52,735.28,41,112,0,standard,CCCCCCCCCCN(CCCCCCCCCC)C(=O)[C@H](C)O[C@H](CC)C(=O)N(CCCCCCCCCC)CCCCCCCCCC
48ffc9681d72,Tm,8,3,2,nitrate,nitrate,2,1,52,735.28,41,112,0,standard,CCCCCCCCCCN(CCCCCCCCCC)C(=O)[C@H](C)O[C@H](CC)C(=O)N(CCCCCCCCCC)CCCCCCCCCC
1d85f3ac9e11,Yb,8,3,2,nitrate,nitrate,2,1,52,735.28,41,112,0,standard,CCCCCCCCCCN(CCCCCCCCCC)C(=O)[C@H](C)O[C@H](CC)C(=O)N(CCCCCCCCCC)CCCCCCCCCC
64800e3c0b9b,Lu,8,3,2,nitrate,nitrate,2,1,52,735.28,41,112,0,standard,CCCCCCCCCCN(CCCCCCCCCC)C(=O)[C@H](C)O[C@H](CC)C(=O)N(CCCCCCCCCC)CCCCCCCCCC
e6f1d9a5abba,La,9,3,3,nitrate,nitrate,0,1,47,665.14,36,141,0,standard,CCCCCCCCN(CCCCCCCC)C(=O)[C@H](CCC)O[C@H](CCC)C(=O)N(CCCCCCCC)CCCCCCCC
71027d67add4,Ce,9,3,3,nitrate,nitrate,0,1,47,665.14,36,141,0,standard,CCCCCCCCN(CCCCCCCC)C(=O)[C@H](CCC)O[C@H](CCC)C(=O)N(CCCCCCCC)CCCCCCCC
62889dab346c,Pr,9,3,3,nitrate,nitrate,0,1,47,665.14,36,141,0,standard,CCCCCCCCN(CCCCCCCC)C(=O)[C@H](CCC)O[C@H](CCC)C(=O)N(CCCCCCCC)CCCCCCCC
4ff73e9a6d59,Nd,9,3,3,nitrate,nitrate,0,1,47,665.14,36,141,0,standard,CCCCCCCCN(CCCCCCCC)C(=O)[C@H](CCC)O[C@H](CCC)C(=O)N(CCCCCCCC)CCCCCCCC
8a40905d102b,Sm,9,3,3,nitrate,nitrate,0,1,47,665.14,36,141,0,standard,CCCCCCCCN(CCCCCCCC)C(=O)[C@H](CCC)O[C@H](CCC)C(=O)N(CCCCCCCC)CCCCCCCC
192ab9676a31,Eu,9,3,3,nitrate,nitrate,0,1,47,665.14,36,141,0,standard,CCCCCCCCN(CCCCCCCC)C(=O)[C@H](CCC)O[C@H](CCC)C(=O)N(CCCCCCCC)CCCCCCCC
e9ec8b6cba4c,Gd,9,3,3,nitrate,nitrate,0,1,47,665.14,36,141,0,standard,CCCCCCCCN(CCCCCCCC)C(=O)[C@H](CCC)O[C@H](CCC)C(=O)N(CCCCCCCC)CCCCCCCC
67730a2cee7f,Tb,8,3,2,nitrate,nitrate,2,1,47,665.14,36,102,0,standard,CCCCCCCCN(CCCCCCCC)C(=O)[C@H](CCC)O[C@H](CCC)C(=O)N(CCCCCCCC)CCCCCCCC
e2618656e862,Dy,8,3,2,nitrate,nitrate,2,1,47,665.14,36,102,0,standard,CCCCCCCCN(CCCCCCCC)C(=O)[C@H](CCC)O[C@H](CCC)C(=O)N(CCCCCCCC)CCCCCCCC
1e92df557489,Ho,8,3,2,nitrate,nitrate,2,1,47,665.14,36,102,0,standard,CCCCCCCCN(CCCCCCCC)C(=O)[C@H](CCC)O[C@H](CCC)C(=O)N(CCCCCCCC)CCCCCCCC
644ba168e77c,Er,8,3,2,nitrate,nitrate,2,1,47,665.14,36,102,0,standard,CCCCCCCCN(CCCCCCCC)C(=O)[C@H](CCC)O[C@H](CCC)C(=O)N(CCCCCCCC)CCCCCCCC
a235e8694a87,Tm,8,3,2,nitrate,nitrate,2,1,47,665.14,36,102,0,standard,CCCCCCCCN(CCCCCCCC)C(=O)[C@H](CCC)O[C@H](CCC)C(=O)N(CCCCCCCC)CCCCCCCC
ab5843fab94e,Yb,8,3,2,nitrate,nitrate,2,1,47,665.14,36,102,0,standard,CCCCCCCCN(CCCCCCCC)C(=O)[C@H](CCC)O[C@H](CCC)C(=O)N(CCCCCCCC)CCCCCCCC
17304295db25,Lu,8,3,2,nitrate,nitrate,2,1,47,665.14,36,102,0,standard,CCCCCCCCN(CCCCCCCC)C(=O)[C@H](CCC)O[C@H](CCC)C(=O)N(CCCCCCCC)CCCCCCCC
38bcdcf8e36e,La,9,3,3,nitrate,nitrate,0,1,44,623.06,33,132,0,standard,CCCCCCCCN(CCCCCCCC)C(=O)[C@H](C)O[C@@H](CC)C(=O)N(CCCCCCCC)CCCCCCCC
c845df018794,Ce,9,3,3,nitrate,nitrate,0,1,44,623.06,33,132,0,standard,CCCCCCCCN(CCCCCCCC)C(=O)[C@H](C)O[C@@H](CC)C(=O)N(CCCCCCCC)CCCCCCCC
67b06e1b77e3,Pr,9,3,3,nitrate,nitrate,0,1,44,623.06,33,132,0,standard,CCCCCCCCN(CCCCCCCC)C(=O)[C@H](C)O[C@@H](CC)C(=O)N(CCCCCCCC)CCCCCCCC
7ba552465e9f,Nd,9,3,3,nitrate,nitrate,0,1,44,623.06,33,132,0,standard,CCCCCCCCN(CCCCCCCC)C(=O)[C@H](C)O[C@@H](CC)C(=O)N(CCCCCCCC)CCCCCCCC
ac443d1a57b1,Sm,9,3,3,nitrate,nitrate,0,1,44,623.06,33,132,0,standard,CCCCCCCCN(CCCCCCCC)C(=O)[C@H](C)O[C@@H](CC)C(=O)N(CCCCCCCC)CCCCCCCC
f5dfe43c4b49,Gd,9,3,3,nitrate,nitrate,0,1,44,623.06,33,132,0,standard,CCCCCCCCN(CCCCCCCC)C(=O)[C@H](C)O[C@@H](CC)C(=O)N(CCCCCCCC)CCCCCCCC
92e9b82aaf06,Tb,8,3,2,nitrate,nitrate,2,1,44,623.06,33,96,0,standard,CCCCCCCCN(CCCCCCCC)C(=O)[C@H](C)O[C@@H](CC)C(=O)N(CCCCCCCC)CCCCCCCC
66cc8b0df11e,Dy,8,3,2,nitrate,nitrate,2,1,44,623.06,33,96,0,standard,CCCCCCCCN(CCCCCCCC)C(=O)[C@H](C)O[C@@H](CC)C(=O)N(CCCCCCCC)CCCCCCCC
12150b672fa2,Ho,8,3,2,nitrate,nitrate,2,1,44,623.06,33,96,0,standard,CCCCCCCCN(CCCCCCCC)C(=O)[C@H](C)O[C@@H](CC)C(=O)N(CCCCCCCC)CCCCCCCC
00a6ad5de760,Er,8,3,2,nitrate,nitrate,2,1,44,623.06,33,96,0,standard,CCCCCCCCN(CCCCCCCC)C(=O)[C@H](C)O[C@@H](CC)C(=O)N(CCCCCCCC)CCCCCCCC
ab5942bd2a10,Tm,8,3,2,nitrate,nitrate,2,1,44,623.06,33,96,0,standard,CCCCCCCCN(CCCCCCCC)C(=O)[C@H](C)O[C@@H](CC)C(=O)N(CCCCCCCC)CCCCCCCC
997308866060,Yb,8,3,2,nitrate,nitrate,2,1,44,623.06,33,96,0,standard,CCCCCCCCN(CCCCCCCC)C(=O)[C@H](C)O[C@@H](CC)C(=O)N(CCCCCCCC)CCCCCCCC
ffd50c00b3c9,Lu,8,3,2,nitrate,nitrate,2,1,44,623.06,33,96,0,standard,CCCCCCCCN(CCCCCCCC)C(=O)[C@H](C)O[C@@H](CC)C(=O)N(CCCCCCCC)CCCCCCCC
8f6217e6a4f8,La,9,3,3,nitrate,nitrate,0,1,55,777.36,44,165,0,standard,CCCCCCCCCCN(CCCCCCCCCC)C(=O)[C@H](CCC)O[C@H](CCC)C(=O)N(CCCCCCCCCC)CCCCCCCCCC
f5babe805079,Ce,9,3,3,nitrate,nitrate,0,1,55,777.36,44,165,0,standard,CCCCCCCCCCN(CCCCCCCCCC)C(=O)[C@H](CCC)O[C@H](CCC)C(=O)N(CCCCCCCCCC)CCCCCCCCCC
b32a7a896194,Pr,9,3,3,nitrate,nitrate,0,1,55,777.36,44,165,0,standard,CCCCCCCCCCN(CCCCCCCCCC)C(=O)[C@H](CCC)O[C@H](CCC)C(=O)N(CCCCCCCCCC)CCCCCCCCCC
e5884e16a6fa,Nd,9,3,3,nitrate,nitrate,0,1,55,777.36,44,165,0,standard,CCCCCCCCCCN(CCCCCCCCCC)C(=O)[C@H](CCC)O[C@H](CCC)C(=O)N(CCCCCCCCCC)CCCCCCCCCC
774b9b571613,Sm,9,3,3,nitrate,nitrate,0,1,55,777.36,44,165,0,standard,CCCCCCCCCCN(CCCCCCCCCC)C(=O)[C@H](CCC)O[C@H](CCC)C(=O)N(CCCCCCCCCC)CCCCCCCCCC
d8e5a70b033d,Eu,9,3,3,nitrate,nitrate,0,1,55,777.36,44,165,0,standard,CCCCCCCCCCN(CCCCCCCCCC)C(=O)[C@H](CCC)O[C@H](CCC)C(=O)N(CCCCCCCCCC)CCCCCCCCCC
616c00e0345b,Gd,9,3,3,nitrate,nitrate,0,1,55,777.36,44,165,0,standard,CCCCCCCCCCN(CCCCCCCCCC)C(=O)[C@H](CCC)O[C@H](CCC)C(=O)N(CCCCCCCCCC)CCCCCCCCCC
3ca0ac76038b,Tb,8,3,2,nitrate,nitrate,2,1,55,777.36,44,118,0,standard,CCCCCCCCCCN(CCCCCCCCCC)C(=O)[C@H](CCC)O[C@H](CCC)C(=O)N(CCCCCCCCCC)CCCCCCCCCC
c23d9f998f3e,Dy,8,3,2,nitrate,nitrate,2,1,55,777.36,44,118,0,standard,CCCCCCCCCCN(CCCCCCCCCC)C(=O)[C@H](CCC)O[C@H](CCC)C(=O)N(CCCCCCCCCC)CCCCCCCCCC
196e9237ccfb,Ho,8,3,2,nitrate,nitrate,2,1,55,777.36,44,118,0,standard,CCCCCCCCCCN(CCCCCCCCCC)C(=O)[C@H](CCC)O[C@H](CCC)C(=O)N(CCCCCCCCCC)CCCCCCCCCC
92aa293d5923,Er,8,3,2,nitrate,nitrate,2,1,55,777.36,44,118,0,standard,CCCCCCCCCCN(CCCCCCCCCC)C(=O)[C@H](CCC)O[C@H](CCC)C(=O)N(CCCCCCCCCC)CCCCCCCCCC
287e7462a808,Tm,8,3,2,nitrate,nitrate,2,1,55,777.36,44,118,0,standard,CCCCCCCCCCN(CCCCCCCCCC)C(=O)[C@H](CCC)O[C@H](CCC)C(=O)N(CCCCCCCCCC)CCCCCCCCCC
0d4aaa41f2b0,Yb,8,3,2,nitrate,nitrate,2,1,55,777.36,44,118,0,standard,CCCCCCCCCCN(CCCCCCCCCC)C(=O)[C@H](CCC)O[C@H](CCC)C(=O)N(CCCCCCCCCC)CCCCCCCCCC
8ba2ae0e67b2,Eu,9,8,1,nitrate,nitrate,1,14,40,530.68,3,44,0,standard,CC12CCC(c3nnc(-c4cccc(-c5cccc(-c6nnc7c(n6)C6(C)CCC7C6(C)C)n5)n4)nc31)C2(C)C
2b57b13ee8a3,Eu,9,7,1,nitrate,nitrate,2,9,34,453.59,2,42,0,standard,CC12CCC(c3nnc(-c4cccc(-c5nnc6c(n5)C5(C)CCC6C5(C)C)n4)nc31)C2(C)C
459f887bb756,Eu,9,8,1,water,water,1,43,44,594.85,19,45,0,standard,CCCCCc1nnc(-c2cccc(-c3cccc(-c4nnc(CCCCC)c(CCCCC)n4)n3)n2)nc1CCCCC
b7e4a26801b1,Eu,9,3,3,nitrate,nitrate,0,1,108,1495.86,36,324,1,"standard,large_ligand_deep,large_ligand_fast",CCN(CC)C(=O)COc1c2cc(OC)cc1Cc1cc(OC)cc(c1OCC(=O)N(CC)CC)Cc1cc(OC)cc(c1OCC(=O)N(CC)CC)Cc1cc(OC)cc(c1OCC(=O)N(CC)CC)Cc1cc(OC)cc(c1OCC(=O)N(CC)CC)Cc1cc(OC)cc(c1OCC(=O)N(CC)CC)C2
115400ae3367,La,9,4,2,nitrate,nitrate,1,1,17,266.32,12,38,0,standard,CCCCCCOP(=O)(O)OCCCCCC
03c12597fa60,Ce,9,4,2,nitrate,nitrate,1,1,17,266.32,12,38,0,standard,CCCCCCOP(=O)(O)OCCCCCC
7c2f487582c7,Pr,9,4,2,nitrate,nitrate,1,1,17,266.32,12,38,0,standard,CCCCCCOP(=O)(O)OCCCCCC
cfff67068369,Sm,9,4,2,nitrate,nitrate,1,1,17,266.32,12,38,0,standard,CCCCCCOP(=O)(O)OCCCCCC
6b37907bfc14,Eu,9,4,2,nitrate,nitrate,1,1,17,266.32,12,38,0,standard,CCCCCCOP(=O)(O)OCCCCCC
0fbcda847eb3,Gd,9,4,2,nitrate,nitrate,1,1,17,266.32,12,38,0,standard,CCCCCCOP(=O)(O)OCCCCCC
5cfc95c5b8bd,Tb,8,4,2,nitrate,nitrate,0,1,17,266.32,12,34,0,standard,CCCCCCOP(=O)(O)OCCCCCC
5e4d792ef262,Dy,8,4,2,nitrate,nitrate,0,1,17,266.32,12,34,0,standard,CCCCCCOP(=O)(O)OCCCCCC
59fa2fc349b4,Ho,8,4,2,nitrate,nitrate,0,1,17,266.32,12,34,0,standard,CCCCCCOP(=O)(O)OCCCCCC
5c6b31d59222,Nd,9,4,2,nitrate,nitrate,1,1,17,266.32,12,38,0,standard,CCCCCCOP(=O)(O)OCCCCCC
c24902aaaf79,Nd,9,7,1,nitrate,nitrate,2,1,34,453.59,2,42,0,standard,CC12CCC(c3nnc(-c4cccc(-c5nnc6c(n5)C5(C)CCC6C5(C)C)n4)nc31)C2(C)C
86e8f93956e0,La,9,7,1,nitrate,nitrate,2,1,34,453.59,2,42,0,standard,CC12CCC(c3nnc(-c4cccc(-c5nnc6c(n5)C5(C)CCC6C5(C)C)n4)nc31)C2(C)C
a2a36cd7a4f4,Sm,9,7,1,nitrate,nitrate,2,1,34,453.59,2,42,0,standard,CC12CCC(c3nnc(-c4cccc(-c5nnc6c(n5)C5(C)CCC6C5(C)C)n4)nc31)C2(C)C
a000d0fe0bcb,Pr,9,7,1,nitrate,nitrate,2,1,34,453.59,2,42,0,standard,CC12CCC(c3nnc(-c4cccc(-c5nnc6c(n5)C5(C)CCC6C5(C)C)n4)nc31)C2(C)C
94022ba2aba3,Tb,8,7,1,nitrate,nitrate,1,1,34,453.59,2,38,0,standard,CC12CCC(c3nnc(-c4cccc(-c5nnc6c(n5)C5(C)CCC6C5(C)C)n4)nc31)C2(C)C
c155a4660cba,Dy,8,7,1,nitrate,nitrate,1,1,34,453.59,2,38,0,standard,CC12CCC(c3nnc(-c4cccc(-c5nnc6c(n5)C5(C)CCC6C5(C)C)n4)nc31)C2(C)C
1516d237b7fa,Gd,9,7,1,nitrate,nitrate,2,1,34,453.59,2,42,0,standard,CC12CCC(c3nnc(-c4cccc(-c5nnc6c(n5)C5(C)CCC6C5(C)C)n4)nc31)C2(C)C
46ce34695899,Er,8,7,1,nitrate,nitrate,1,1,34,453.59,2,38,0,standard,CC12CCC(c3nnc(-c4cccc(-c5nnc6c(n5)C5(C)CCC6C5(C)C)n4)nc31)C2(C)C
7b3aca9f455b,Tm,8,7,1,nitrate,nitrate,1,1,34,453.59,2,38,0,standard,CC12CCC(c3nnc(-c4cccc(-c5nnc6c(n5)C5(C)CCC6C5(C)C)n4)nc31)C2(C)C
a56492569304,Yb,8,7,1,nitrate,nitrate,1,1,34,453.59,2,38,0,standard,CC12CCC(c3nnc(-c4cccc(-c5nnc6c(n5)C5(C)CCC6C5(C)C)n4)nc31)C2(C)C
3ba30f5fe8be,Lu,8,7,1,nitrate,nitrate,1,1,34,453.59,2,38,0,standard,CC12CCC(c3nnc(-c4cccc(-c5nnc6c(n5)C5(C)CCC6C5(C)C)n4)nc31)C2(C)C
436f63f21bbe,Ce,9,7,1,nitrate,nitrate,2,1,34,453.59,2,42,0,standard,CC12CCC(c3nnc(-c4cccc(-c5nnc6c(n5)C5(C)CCC6C5(C)C)n4)nc31)C2(C)C
41c879df857c,Ho,8,7,1,nitrate,nitrate,1,1,34,453.59,2,38,0,standard,CC12CCC(c3nnc(-c4cccc(-c5nnc6c(n5)C5(C)CCC6C5(C)C)n4)nc31)C2(C)C
54a18e48131d,Eu,9,4,2,nitrate,nitrate,1,1,28,374.44,2,60,0,standard,O=C(c1ccc2ccc3ccc(C(=O)N4CCCC4)nc3c2n1)N1CCCC1
07655ff7a828,Eu,9,3,3,nitrate,nitrate,0,1,20,273.34,2,60,0,standard,O=C(c1cccc(C(=O)N2CCCC2)n1)N1CCCC1
7c32cb83c0f4,Nd,9,4,2,nitrate,nitrate,1,2,30,443.33,2,64,0,standard,O=C(c1cc(Cl)c2ccc3c(Cl)cc(C(=O)N4CCCC4)nc3c2n1)N1CCCC1
008db255a91a,La,9,4,2,nitrate,nitrate,1,2,30,443.33,2,64,0,standard,O=C(c1cc(Cl)c2ccc3c(Cl)cc(C(=O)N4CCCC4)nc3c2n1)N1CCCC1
9ce3bd94dcd5,Ce,9,4,2,nitrate,nitrate,1,2,30,443.33,2,64,0,standard,O=C(c1cc(Cl)c2ccc3c(Cl)cc(C(=O)N4CCCC4)nc3c2n1)N1CCCC1
5ac5b6a65542,Pr,9,4,2,nitrate,nitrate,1,2,30,443.33,2,64,0,standard,O=C(c1cc(Cl)c2ccc3c(Cl)cc(C(=O)N4CCCC4)nc3c2n1)N1CCCC1
8f13cdeb94ed,Sm,9,4,2,nitrate,nitrate,1,2,30,443.33,2,64,0,standard,O=C(c1cc(Cl)c2ccc3c(Cl)cc(C(=O)N4CCCC4)nc3c2n1)N1CCCC1
91de4635830b,Lu,8,4,2,nitrate,nitrate,0,2,30,443.33,2,60,0,standard,O=C(c1cc(Cl)c2ccc3c(Cl)cc(C(=O)N4CCCC4)nc3c2n1)N1CCCC1
05ba35f6ce18,Tb,8,4,2,nitrate,nitrate,0,2,30,443.33,2,60,0,standard,O=C(c1cc(Cl)c2ccc3c(Cl)cc(C(=O)N4CCCC4)nc3c2n1)N1CCCC1
7aa90e4f17c0,Dy,8,4,2,nitrate,nitrate,0,2,30,443.33,2,60,0,standard,O=C(c1cc(Cl)c2ccc3c(Cl)cc(C(=O)N4CCCC4)nc3c2n1)N1CCCC1
c0af6f10dc57,Ho,8,4,2,nitrate,nitrate,0,2,30,443.33,2,60,0,standard,O=C(c1cc(Cl)c2ccc3c(Cl)cc(C(=O)N4CCCC4)nc3c2n1)N1CCCC1
129af7e0e0bc,Er,8,4,2,nitrate,nitrate,0,2,30,443.33,2,60,0,standard,O=C(c1cc(Cl)c2ccc3c(Cl)cc(C(=O)N4CCCC4)nc3c2n1)N1CCCC1
1850c628e914,Tm,8,4,2,nitrate,nitrate,0,2,30,443.33,2,60,0,standard,O=C(c1cc(Cl)c2ccc3c(Cl)cc(C(=O)N4CCCC4)nc3c2n1)N1CCCC1
ce738ef3149c,Eu,9,4,2,nitrate,nitrate,1,2,30,443.33,2,64,0,standard,O=C(c1cc(Cl)c2ccc3c(Cl)cc(C(=O)N4CCCC4)nc3c2n1)N1CCCC1
fb8fcb46a95e,Yb,8,4,2,nitrate,nitrate,0,2,30,443.33,2,60,0,standard,O=C(c1cc(Cl)c2ccc3c(Cl)cc(C(=O)N4CCCC4)nc3c2n1)N1CCCC1
4d6e73ab7534,Gd,9,4,2,nitrate,nitrate,1,2,30,443.33,2,64,0,standard,O=C(c1cc(Cl)c2ccc3c(Cl)cc(C(=O)N4CCCC4)nc3c2n1)N1CCCC1
550111e74c0a,Eu,9,4,2,nitrate,nitrate,1,1,38,539.42,2,80,0,standard,O=C(c1cc(Cl)c2ccc3c(Cl)cc(C(=O)N4CCc5ccccc54)nc3c2n1)N1CCc2ccccc21
17ade3ff0dc6,Er,8,6,1,nitrate,nitrate,2,1,18,264.32,0,26,0,standard,C1COCCOCCOCCOCCOCCO1
e8a79da64745,Ce,9,6,1,nitrate,nitrate,3,1,18,264.32,0,30,0,standard,C1COCCOCCOCCOCCOCCO1
f9f384f89922,Pr,9,6,1,nitrate,nitrate,3,1,18,264.32,0,30,0,standard,C1COCCOCCOCCOCCOCCO1
61dd876b1799,Eu,9,6,1,nitrate,nitrate,3,1,18,264.32,0,30,0,standard,C1COCCOCCOCCOCCOCCO1
9633695708be,La,9,6,1,nitrate,nitrate,3,1,18,264.32,0,30,0,standard,C1COCCOCCOCCOCCOCCO1
9bcb2e957ab8,La,9,3,3,water,water,0,1,35,496.82,22,105,0,standard,CC(C)CCCC(C)CCCCN(C)C(=O)COCC(=O)N(C)CCCCC(C)CCCC(C)C
03f87059d30f,Ce,9,3,3,water,water,0,1,35,496.82,22,105,0,standard,CC(C)CCCC(C)CCCCN(C)C(=O)COCC(=O)N(C)CCCCC(C)CCCC(C)C
1008ab9ab6ef,Pr,9,3,3,water,water,0,1,35,496.82,22,105,0,standard,CC(C)CCCC(C)CCCCN(C)C(=O)COCC(=O)N(C)CCCCC(C)CCCC(C)C
f8c51a63947a,Nd,9,3,3,water,water,0,1,35,496.82,22,105,0,standard,CC(C)CCCC(C)CCCCN(C)C(=O)COCC(=O)N(C)CCCCC(C)CCCC(C)C
43a07be1eb37,Sm,9,3,3,water,water,0,1,35,496.82,22,105,0,standard,CC(C)CCCC(C)CCCCN(C)C(=O)COCC(=O)N(C)CCCCC(C)CCCC(C)C
f5a4d693ef5a,Eu,9,3,3,water,water,0,1,35,496.82,22,105,0,standard,CC(C)CCCC(C)CCCCN(C)C(=O)COCC(=O)N(C)CCCCC(C)CCCC(C)C
4b8ebeec8a69,Gd,9,3,3,water,water,0,1,35,496.82,22,105,0,standard,CC(C)CCCC(C)CCCCN(C)C(=O)COCC(=O)N(C)CCCCC(C)CCCC(C)C
ce18f978f6a5,Tb,8,3,2,water,water,2,1,35,496.82,22,72,0,standard,CC(C)CCCC(C)CCCCN(C)C(=O)COCC(=O)N(C)CCCCC(C)CCCC(C)C
09d9173d54bc,Dy,8,3,2,water,water,2,1,35,496.82,22,72,0,standard,CC(C)CCCC(C)CCCCN(C)C(=O)COCC(=O)N(C)CCCCC(C)CCCC(C)C
607aa1966b81,Ho,8,3,2,water,water,2,1,35,496.82,22,72,0,standard,CC(C)CCCC(C)CCCCN(C)C(=O)COCC(=O)N(C)CCCCC(C)CCCC(C)C
9ce84f078e7a,Er,8,3,2,water,water,2,1,35,496.82,22,72,0,standard,CC(C)CCCC(C)CCCCN(C)C(=O)COCC(=O)N(C)CCCCC(C)CCCC(C)C
e063c6236fdd,Tm,8,3,2,water,water,2,1,35,496.82,22,72,0,standard,CC(C)CCCC(C)CCCCN(C)C(=O)COCC(=O)N(C)CCCCC(C)CCCC(C)C
63e8132ef0eb,Yb,8,3,2,water,water,2,1,35,496.82,22,72,0,standard,CC(C)CCCC(C)CCCCN(C)C(=O)COCC(=O)N(C)CCCCC(C)CCCC(C)C
26b646a9e773,Lu,8,3,2,water,water,2,1,35,496.82,22,72,0,standard,CC(C)CCCC(C)CCCCN(C)C(=O)COCC(=O)N(C)CCCCC(C)CCCC(C)C
b07fdb80b7a7,Ce,9,3,3,nitrate,nitrate,0,1,43,609.04,32,129,0,standard,CCCCCCCCN(CCCCCCCC)C(=O)[C@H](C)O[C@H](C)C(=O)N(CCCCCCCC)CCCCCCCC
27bd49628d7d,Ce,9,3,3,nitrate,nitrate,0,1,43,609.04,32,129,0,standard,CCCCCCCCN(CCCCCCCC)C(=O)[C@H](C)O[C@@H](C)C(=O)N(CCCCCCCC)CCCCCCCC
0dd26267bf56,Ce,9,3,3,nitrate,nitrate,0,5,23,312.37,6,69,0,standard,CN(C(=O)COCC(=O)N(C)c1ccccc1)c1ccccc1
3ba1ae8a2e42,Ce,9,3,3,nitrate,nitrate,0,16,25,356.55,16,75,0,standard,CCCCN(CCCC)C(=O)COCC(=O)N(CCCC)CCCC
453fd2c396d7,Ce,9,3,3,water,water,0,2,41,580.98,28,123,0,standard,CCCCC(CC)CN(CC(CC)CCCC)C(=O)COCC(=O)N(CC(CC)CCCC)CC(CC)CCCC
13028df1064c,Ce,9,3,3,water,water,0,3,27,384.61,18,81,0,standard,CCCCCCCCN(C)C(=O)COCC(=O)N(C)CCCCCCCC
d3fa6c984bee,Ce,9,3,3,water,water,0,1,27,384.61,16,81,0,standard,CCCCC(CC)CN(C)C(=O)COCC(=O)N(C)CC(CC)CCCC
816fdab6b6d4,Ce,9,3,3,water,water,0,1,39,552.93,28,117,0,standard,CCCCCCC(CCCC)CCCN(C)C(=O)COCC(=O)N(C)CCCC(CCCC)CCCCCC
b9647f2772c3,Ce,9,3,3,water,water,0,1,29,412.66,20,87,0,standard,CCCCCCCCN(CC)C(=O)COCC(=O)N(CC)CCCCCCCC
ac8fe0d053b4,Ce,9,3,3,water,water,0,1,31,440.71,22,93,0,standard,CCCCCCCCN(CCC)C(=O)COCC(=O)N(CCC)CCCCCCCC
b57e3861f8d5,Ce,9,3,3,water,water,0,1,27,384.61,18,81,0,standard,CCCCCCCCN(CCCCCCCC)C(=O)COCC(=O)N(C)C
3a24ab54d81a,Ce,9,3,3,water,water,0,1,34,482.79,25,102,0,standard,CCCCCCCCN(C)C(=O)COCC(=O)N(CCCCCCCC)CCCCCCCC
1ce299c12425,Ce,9,3,3,water,water,0,1,45,669.14,24,135,0,standard,CCCCCCCCC(C)(C)SCC1CN(C(=O)COCC(=O)N2CC(C)C(CSC(C)(C)CCCCCCCC)C2)CC1C
d84dbffddc12,Ce,9,3,3,water,water,0,1,49,693.2,40,147,0,standard,CCCCCCCCCCCCN(CCCCCCCC)C(=O)COCC(=O)N(CCCCCCCC)CCCCCCCCCCCC
3789eabe5f06,Ce,9,3,3,water,water,0,1,43,609.04,26,129,0,standard,CCCCCCCCN(CCC(C)CC(C)(C)C)C(=O)COCC(=O)N(CCCCCCCC)CCC(C)CC(C)(C)C
86c6baa1f1ac,Ce,9,3,3,water,water,0,1,53,749.31,42,159,0,standard,CCCCCCCCN(CCCC(CCCC)CCCCCC)C(=O)COCC(=O)N(CCCCCCCC)CCCC(CCCC)CCCCCC
bffb797bc9ad,Ce,9,3,3,water,water,0,1,49,693.2,36,147,0,standard,CCCCCCCCN(CCCCC(C)CCCC(C)C)C(=O)COCC(=O)N(CCCCCCCC)CCCCC(C)CCCC(C)C
843d313cd0ba,Ce,9,3,3,water,water,0,1,19,268.36,4,57,0,standard,O=C(COCC(=O)N1CCCCC1)N1CCCCC1
571ba3077142,Ce,9,7,1,water,water,2,1,25,364.44,16,27,0,standard,COCCN(CCOC)C(=O)COCC(=O)N(CCOC)CCOC
d37d47878554,Ce,9,3,3,nitrate,nitrate,0,5,21,300.44,12,63,0,standard,CCCN(CCC)C(=O)COCC(=O)N(CCC)CCC
20fef2b9bc6a,Ce,9,4,2,nitrate,nitrate,1,6,40,566.91,25,84,0,standard,CCCCCCCCCCCCN(C)C(=O)C1CC(OC)CC(C(=O)N(C)CCCCCCCCCCCC)O1
a2c1ad5f9136,Ce,9,2,4,nitrate,nitrate,1,1,28,407.58,13,116,0,standard,CCCCC(CC)CP(=O)(CC(=O)N(CC(C)C)CC(C)C)c1ccccc1
a54f39d3a113,Ce,9,2,4,nitrate,nitrate,1,1,28,407.58,13,116,0,standard,CC(C)CCCCCP(=O)(CC(=O)N(CC(C)C)CC(C)C)c1ccccc1
70e091c4e6a2,Ce,9,8,1,nitrate,nitrate,1,15,44,594.85,19,48,0,standard,CCCCCc1nnc(-c2cccc(-c3cccc(-c4nnc(CCCCC)c(CCCCC)n4)n3)n2)nc1CCCCC
1e103e29e69e,Ce,9,6,1,water,water,3,1,60,787.02,14,63,1,"standard,large_ligand_deep,large_ligand_fast",CCCCCCn1c(-c2ccccc2)c(-c2ccccc2)c2cc3ccc4cc5c(-c6ccccc6)c(-c6ccccc6)n(CCCCCC)c(=O)c5nc4c3nc2c1=O
23bc11341179,Ce,9,6,1,nitrate,nitrate,3,1,60,787.02,14,72,1,"standard,large_ligand_deep,large_ligand_fast",CCCCCCn1c(-c2ccccc2)c(-c2ccccc2)c2cc3ccc4cc5c(-c6ccccc6)c(-c6ccccc6)n(CCCCCC)c(=O)c5nc4c3nc2c1=O
9fa96db16fe2,Ce,9,7,1,nitrate,nitrate,2,1,30,405.55,10,38,0,standard,CCCc1nnc(-c2cccc(-c3nnc(CCC)c(CCC)n3)n2)nc1CCC
1c8d038cf561,Ce,9,6,1,nitrate,nitrate,3,1,29,393.44,0,41,0,standard,c1cc2nc(c1)COc1ccccc1OCCOCCOc1ccccc1OC2
aa83667df077,Ce,9,6,1,nitrate,nitrate,3,1,26,372.5,0,38,0,standard,C1CCC2OCCOCCOC3CCCCC3OCCOCCOC2C1
0453c5e4f135,Ce,9,6,1,nitrate,nitrate,3,1,26,360.41,0,38,0,standard,c1ccc2c(c1)OCCOCCOc1ccccc1OCCOCCO2
afde862bf06d,La,9,3,3,nitrate,nitrate,0,1,43,609.04,32,129,0,standard,CCCCCCCCN(CCCCCCCC)C(=O)[C@H](C)O[C@@H](C)C(=O)N(CCCCCCCC)CCCCCCCC
2ff01b63ee55,Pr,9,3,3,nitrate,nitrate,0,1,43,609.04,32,129,0,standard,CCCCCCCCN(CCCCCCCC)C(=O)[C@H](C)O[C@@H](C)C(=O)N(CCCCCCCC)CCCCCCCC
721a61092186,Nd,9,3,3,nitrate,nitrate,0,1,43,609.04,32,129,0,standard,CCCCCCCCN(CCCCCCCC)C(=O)[C@H](C)O[C@@H](C)C(=O)N(CCCCCCCC)CCCCCCCC
2f499de791f5,Sm,9,3,3,nitrate,nitrate,0,1,43,609.04,32,129,0,standard,CCCCCCCCN(CCCCCCCC)C(=O)[C@H](C)O[C@@H](C)C(=O)N(CCCCCCCC)CCCCCCCC
6d3185d738e5,Eu,9,3,3,nitrate,nitrate,0,1,43,609.04,32,129,0,standard,CCCCCCCCN(CCCCCCCC)C(=O)[C@H](C)O[C@@H](C)C(=O)N(CCCCCCCC)CCCCCCCC
10baf97b18c4,Gd,9,3,3,nitrate,nitrate,0,1,43,609.04,32,129,0,standard,CCCCCCCCN(CCCCCCCC)C(=O)[C@H](C)O[C@@H](C)C(=O)N(CCCCCCCC)CCCCCCCC
3e99b612bb57,Tb,8,3,2,nitrate,nitrate,2,1,43,609.04,32,94,0,standard,CCCCCCCCN(CCCCCCCC)C(=O)[C@H](C)O[C@@H](C)C(=O)N(CCCCCCCC)CCCCCCCC
ec0644f69d41,Dy,8,3,2,nitrate,nitrate,2,1,43,609.04,32,94,0,standard,CCCCCCCCN(CCCCCCCC)C(=O)[C@H](C)O[C@@H](C)C(=O)N(CCCCCCCC)CCCCCCCC
9f301c33744c,Ho,8,3,2,nitrate,nitrate,2,1,43,609.04,32,94,0,standard,CCCCCCCCN(CCCCCCCC)C(=O)[C@H](C)O[C@@H](C)C(=O)N(CCCCCCCC)CCCCCCCC
e2e7b8542799,Er,8,3,2,nitrate,nitrate,2,1,43,609.04,32,94,0,standard,CCCCCCCCN(CCCCCCCC)C(=O)[C@H](C)O[C@@H](C)C(=O)N(CCCCCCCC)CCCCCCCC
da839f1b8723,Tm,8,3,2,nitrate,nitrate,2,1,43,609.04,32,94,0,standard,CCCCCCCCN(CCCCCCCC)C(=O)[C@H](C)O[C@@H](C)C(=O)N(CCCCCCCC)CCCCCCCC
c0ed1cd7ac83,Yb,8,3,2,nitrate,nitrate,2,1,43,609.04,32,94,0,standard,CCCCCCCCN(CCCCCCCC)C(=O)[C@H](C)O[C@@H](C)C(=O)N(CCCCCCCC)CCCCCCCC
918443e30249,Lu,8,3,2,nitrate,nitrate,2,1,43,609.04,32,94,0,standard,CCCCCCCCN(CCCCCCCC)C(=O)[C@H](C)O[C@@H](C)C(=O)N(CCCCCCCC)CCCCCCCC
52429ea3421d,La,9,2,4,nitrate,nitrate,1,1,28,407.58,13,116,0,standard,CCCCC(CC)CP(=O)(CC(=O)N(CC(C)C)CC(C)C)c1ccccc1
20d170269605,Pr,9,2,4,nitrate,nitrate,1,1,28,407.58,13,116,0,standard,CCCCC(CC)CP(=O)(CC(=O)N(CC(C)C)CC(C)C)c1ccccc1
9868f7044b6e,Nd,9,2,4,nitrate,nitrate,1,1,28,407.58,13,116,0,standard,CCCCC(CC)CP(=O)(CC(=O)N(CC(C)C)CC(C)C)c1ccccc1
4c7560f50545,Sm,9,2,4,nitrate,nitrate,1,1,28,407.58,13,116,0,standard,CCCCC(CC)CP(=O)(CC(=O)N(CC(C)C)CC(C)C)c1ccccc1
7243680b7bcc,Eu,9,2,4,nitrate,nitrate,1,1,28,407.58,13,116,0,standard,CCCCC(CC)CP(=O)(CC(=O)N(CC(C)C)CC(C)C)c1ccccc1
4da09d754091,La,9,2,4,nitrate,nitrate,1,1,28,407.58,13,116,0,standard,CC(C)CCCCCP(=O)(CC(=O)N(CC(C)C)CC(C)C)c1ccccc1
03f10b544421,Pr,9,2,4,nitrate,nitrate,1,1,28,407.58,13,116,0,standard,CC(C)CCCCCP(=O)(CC(=O)N(CC(C)C)CC(C)C)c1ccccc1
03fbdef178b7,Nd,9,2,4,nitrate,nitrate,1,1,28,407.58,13,116,0,standard,CC(C)CCCCCP(=O)(CC(=O)N(CC(C)C)CC(C)C)c1ccccc1
ef5a86eedea6,Sm,9,2,4,nitrate,nitrate,1,1,28,407.58,13,116,0,standard,CC(C)CCCCCP(=O)(CC(=O)N(CC(C)C)CC(C)C)c1ccccc1
126999e61eab,Eu,9,2,4,nitrate,nitrate,1,1,28,407.58,13,116,0,standard,CC(C)CCCCCP(=O)(CC(=O)N(CC(C)C)CC(C)C)c1ccccc1
7ec9b7797bf7,Dy,8,3,2,nitrate,nitrate,2,25,25,356.55,16,58,0,standard,CCCCN(CCCC)C(=O)COCC(=O)N(CCCC)CCCC
776e28284952,Dy,8,3,2,nitrate,nitrate,2,1,49,693.2,40,106,0,standard,CCCCCCCCCCN(CCCCCCCCCC)C(=O)COCC(=O)N(CCCCCCCCCC)CCCCCCCCCC
910e5c06c523,Dy,8,3,2,nitrate,nitrate,2,2,33,468.77,24,74,0,standard,CCCCCCN(CCCCCC)C(=O)COCC(=O)N(CCCCCC)CCCCCC
b34391760a14,Dy,8,3,2,water,water,2,10,25,356.55,16,52,0,standard,CCCCN(CCCC)C(=O)COCC(=O)N(CCCC)CCCC
da451a1ff71f,Dy,8,3,2,nitrate,nitrate,2,1,43,609.04,32,94,0,standard,CCCCCCCCN(CCCCCCCC)C(=O)[C@H](C)O[C@H](C)C(=O)N(CCCCCCCC)CCCCCCCC
df97869cd157,Dy,8,3,2,nitrate,nitrate,2,6,23,312.37,6,54,0,standard,CN(C(=O)COCC(=O)N(C)c1ccccc1)c1ccccc1
644deea19edd,Dy,8,3,2,water,water,2,60,33,468.77,22,68,0,standard,CCCCCCC(C)N(CCCC)C(=O)COCC(=O)N(CCCC)C(C)CCCCCC
00afa7add2b7,Dy,8,3,2,nitrate,nitrate,2,1,25,356.55,12,58,0,standard,CC(C)CN(CC(C)C)C(=O)COCC(=O)N(CC(C)C)CC(C)C
9f02bbfb7e4d,Dy,8,3,2,nitrate,nitrate,2,1,33,468.77,22,74,0,standard,CCCCCCCCN(CC(C)C)C(=O)COCC(=O)N(CCCCCCCC)CC(C)C
92f9ea690461,Dy,8,3,2,nitrate,nitrate,2,1,41,580.98,30,90,0,standard,CCCCCCCCN(CC(CC)CCCC)C(=O)COCC(=O)N(CCCCCCCC)CC(CC)CCCC
c351813a0a93,Dy,8,3,2,water,water,2,2,41,580.98,28,84,0,standard,CCCCC(CC)CN(CC(CC)CCCC)C(=O)COCC(=O)N(CC(CC)CCCC)CC(CC)CCCC
934c6c1bb5b7,Dy,8,3,2,water,water,2,3,27,384.61,18,56,0,standard,CCCCCCCCN(C)C(=O)COCC(=O)N(C)CCCCCCCC
637dd5830a7e,Dy,8,3,2,water,water,2,1,27,384.61,16,56,0,standard,CCCCC(CC)CN(C)C(=O)COCC(=O)N(C)CC(CC)CCCC
1373457e030d,Dy,8,3,2,water,water,2,1,39,552.93,28,80,0,standard,CCCCCCC(CCCC)CCCN(C)C(=O)COCC(=O)N(C)CCCC(CCCC)CCCCCC
1f9fe069510d,Dy,8,3,2,water,water,2,1,29,412.66,20,60,0,standard,CCCCCCCCN(CC)C(=O)COCC(=O)N(CC)CCCCCCCC
75b6e521a71e,Dy,8,3,2,water,water,2,1,31,440.71,22,64,0,standard,CCCCCCCCN(CCC)C(=O)COCC(=O)N(CCC)CCCCCCCC
d2620984ee9f,Dy,8,3,2,water,water,2,1,34,482.79,25,70,0,standard,CCCCCCCCN(C)C(=O)COCC(=O)N(CCCCCCCC)CCCCCCCC
c2e2fa5b2f13,Dy,8,3,2,water,water,2,1,45,669.14,24,92,0,standard,CCCCCCCCC(C)(C)SCC1CN(C(=O)COCC(=O)N2CC(C)C(CSC(C)(C)CCCCCCCC)C2)CC1C
d81cc3a82d7c,Dy,8,3,2,water,water,2,1,49,693.2,40,100,0,standard,CCCCCCCCCCCCN(CCCCCCCC)C(=O)COCC(=O)N(CCCCCCCC)CCCCCCCCCCCC
5c220c9f12b3,Dy,8,3,2,water,water,2,1,43,609.04,26,88,0,standard,CCCCCCCCN(CCC(C)CC(C)(C)C)C(=O)COCC(=O)N(CCCCCCCC)CCC(C)CC(C)(C)C
03203ba59250,Dy,8,3,2,water,water,2,1,53,749.31,42,108,0,standard,CCCCCCCCN(CCCC(CCCC)CCCCCC)C(=O)COCC(=O)N(CCCCCCCC)CCCC(CCCC)CCCCCC
fc8ab66e02d0,Dy,8,3,2,water,water,2,1,49,693.2,36,100,0,standard,CCCCCCCCN(CCCCC(C)CCCC(C)C)C(=O)COCC(=O)N(CCCCCCCC)CCCCC(C)CCCC(C)C
f81049ab872c,Dy,8,3,2,water,water,2,1,19,268.36,4,40,0,standard,O=C(COCC(=O)N1CCCCC1)N1CCCCC1
e31a306be74a,Dy,8,7,1,water,water,1,1,25,364.44,16,26,0,standard,COCCN(CCOC)C(=O)COCC(=O)N(CCOC)CCOC
b82b233b5b64,Dy,8,3,2,nitrate,nitrate,2,4,21,300.44,12,50,0,standard,CCCN(CCC)C(=O)COCC(=O)N(CCC)CCC
ebb31779ee01,Dy,8,8,1,nitrate,nitrate,0,16,44,594.85,19,44,0,standard,CCCCCc1nnc(-c2cccc(-c3cccc(-c4nnc(CCCCC)c(CCCCC)n4)n3)n2)nc1CCCCC
af2a56f162b8,Dy,8,6,1,nitrate,nitrate,2,1,60,787.02,14,68,1,"standard,large_ligand_deep,large_ligand_fast",CCCCCCn1c(-c2ccccc2)c(-c2ccccc2)c2cc3ccc4cc5c(-c6ccccc6)c(-c6ccccc6)n(CCCCCC)c(=O)c5nc4c3nc2c1=O
a61bb065986b,Dy,8,6,1,water,water,2,1,60,787.02,14,62,1,"standard,large_ligand_deep,large_ligand_fast",CCCCCCn1c(-c2ccccc2)c(-c2ccccc2)c2cc3ccc4cc5c(-c6ccccc6)c(-c6ccccc6)n(CCCCCC)c(=O)c5nc4c3nc2c1=O
fefdc4e8deb0,Dy,8,7,1,nitrate,nitrate,1,1,30,405.55,10,34,0,standard,CCCc1nnc(-c2cccc(-c3nnc(CCC)c(CCC)n3)n2)nc1CCC
a44dd5015b38,Nd,9,3,3,nitrate,nitrate,0,10,33,468.77,24,99,0,standard,CCCCCCN(CCCCCC)C(=O)COCC(=O)N(CCCCCC)CCCCCC
a6516ffeed2a,La,9,3,3,nitrate,nitrate,0,10,33,468.77,24,99,0,standard,CCCCCCN(CCCCCC)C(=O)COCC(=O)N(CCCCCC)CCCCCC
78d0ef42be9d,Er,8,3,2,nitrate,nitrate,2,2,33,468.77,24,74,0,standard,CCCCCCN(CCCCCC)C(=O)COCC(=O)N(CCCCCC)CCCCCC
7f8927df857d,Er,8,3,2,nitrate,nitrate,2,1,49,693.2,40,106,0,standard,CCCCCCCCCCN(CCCCCCCCCC)C(=O)COCC(=O)N(CCCCCCCCCC)CCCCCCCCCC
b06f8748e35b,Er,8,3,2,nitrate,nitrate,2,2,41,580.98,28,90,0,standard,CCCCC(CC)CN(CC(CC)CCCC)C(=O)COCC(=O)N(CC(CC)CCCC)CC(CC)CCCC
fede56dffefa,Er,8,3,2,water,water,2,10,25,356.55,16,52,0,standard,CCCCN(CCCC)C(=O)COCC(=O)N(CCCC)CCCC
c3ea73c61984,Er,8,3,2,nitrate,nitrate,2,1,43,609.04,32,94,0,standard,CCCCCCCCN(CCCCCCCC)C(=O)[C@H](C)O[C@H](C)C(=O)N(CCCCCCCC)CCCCCCCC
e63f7a39c141,Er,8,3,2,nitrate,nitrate,2,6,23,312.37,6,54,0,standard,CN(C(=O)COCC(=O)N(C)c1ccccc1)c1ccccc1
ec908defe1cf,Nd,9,3,3,water,water,0,14,33,468.77,22,99,0,standard,CCCCCCC(C)N(CCCC)C(=O)COCC(=O)N(CCCC)C(C)CCCCCC
26d0742c0f67,Sm,9,3,3,water,water,0,15,33,468.77,22,99,0,standard,CCCCCCC(C)N(CCCC)C(=O)COCC(=O)N(CCCC)C(C)CCCCCC
2dd51d06502d,Gd,9,3,3,water,water,0,15,33,468.77,22,99,0,standard,CCCCCCC(C)N(CCCC)C(=O)COCC(=O)N(CCCC)C(C)CCCCCC
e2b24a5fecd5,Er,8,3,2,water,water,2,15,33,468.77,22,68,0,standard,CCCCCCC(C)N(CCCC)C(=O)COCC(=O)N(CCCC)C(C)CCCCCC
9db1b97d1982,Yb,8,3,2,water,water,2,15,33,468.77,22,68,0,standard,CCCCCCC(C)N(CCCC)C(=O)COCC(=O)N(CCCC)C(C)CCCCCC
f439c607c7d3,Er,8,3,2,nitrate,nitrate,2,13,25,356.55,16,58,0,standard,CCCCN(CCCC)C(=O)COCC(=O)N(CCCC)CCCC
8d26801d9f01,Er,8,3,2,nitrate,nitrate,2,1,25,356.55,12,58,0,standard,CC(C)CN(CC(C)C)C(=O)COCC(=O)N(CC(C)C)CC(C)C
9ec20d692d39,Er,8,3,2,nitrate,nitrate,2,1,33,468.77,22,74,0,standard,CCCCCCCCN(CC(C)C)C(=O)COCC(=O)N(CCCCCCCC)CC(C)C
880c18c582c3,Er,8,3,2,nitrate,nitrate,2,1,41,580.98,30,90,0,standard,CCCCCCCCN(CC(CC)CCCC)C(=O)COCC(=O)N(CCCCCCCC)CC(CC)CCCC
1c200b75910f,Er,8,3,2,water,water,2,2,41,580.98,28,84,0,standard,CCCCC(CC)CN(CC(CC)CCCC)C(=O)COCC(=O)N(CC(CC)CCCC)CC(CC)CCCC
6dae4c73926f,Er,8,3,2,water,water,2,2,27,384.61,18,56,0,standard,CCCCCCCCN(C)C(=O)COCC(=O)N(C)CCCCCCCC
47aaf10896e4,Er,8,3,2,water,water,2,1,27,384.61,16,56,0,standard,CCCCC(CC)CN(C)C(=O)COCC(=O)N(C)CC(CC)CCCC
536594e3fe2c,Er,8,3,2,water,water,2,1,39,552.93,28,80,0,standard,CCCCCCC(CCCC)CCCN(C)C(=O)COCC(=O)N(C)CCCC(CCCC)CCCCCC
06422e6981c2,Er,8,3,2,water,water,2,1,29,412.66,20,60,0,standard,CCCCCCCCN(CC)C(=O)COCC(=O)N(CC)CCCCCCCC
c38dd131bf1c,Er,8,3,2,water,water,2,1,31,440.71,22,64,0,standard,CCCCCCCCN(CCC)C(=O)COCC(=O)N(CCC)CCCCCCCC
9e27ed7c1632,Er,8,3,2,water,water,2,1,34,482.79,25,70,0,standard,CCCCCCCCN(C)C(=O)COCC(=O)N(CCCCCCCC)CCCCCCCC
90005743a06b,Er,8,3,2,water,water,2,1,45,669.14,24,92,0,standard,CCCCCCCCC(C)(C)SCC1CN(C(=O)COCC(=O)N2CC(C)C(CSC(C)(C)CCCCCCCC)C2)CC1C
7c88aac9cc30,Er,8,3,2,water,water,2,1,49,693.2,40,100,0,standard,CCCCCCCCCCCCN(CCCCCCCC)C(=O)COCC(=O)N(CCCCCCCC)CCCCCCCCCCCC
5d016859aec1,Er,8,3,2,water,water,2,1,43,609.04,26,88,0,standard,CCCCCCCCN(CCC(C)CC(C)(C)C)C(=O)COCC(=O)N(CCCCCCCC)CCC(C)CC(C)(C)C
47192dd771b6,Er,8,3,2,water,water,2,1,53,749.31,42,108,0,standard,CCCCCCCCN(CCCC(CCCC)CCCCCC)C(=O)COCC(=O)N(CCCCCCCC)CCCC(CCCC)CCCCCC
9badbb5df239,Er,8,3,2,water,water,2,1,49,693.2,36,100,0,standard,CCCCCCCCN(CCCCC(C)CCCC(C)C)C(=O)COCC(=O)N(CCCCCCCC)CCCCC(C)CCCC(C)C
7e5952e60ece,La,9,3,3,water,water,0,1,19,268.36,4,57,0,standard,O=C(COCC(=O)N1CCCCC1)N1CCCCC1
ebc307a72df3,Pr,9,3,3,water,water,0,1,19,268.36,4,57,0,standard,O=C(COCC(=O)N1CCCCC1)N1CCCCC1
6a813ec13042,Nd,9,3,3,water,water,0,1,19,268.36,4,57,0,standard,O=C(COCC(=O)N1CCCCC1)N1CCCCC1
3dedc054e089,Sm,9,3,3,water,water,0,1,19,268.36,4,57,0,standard,O=C(COCC(=O)N1CCCCC1)N1CCCCC1
d385338b84da,Eu,9,3,3,water,water,0,1,19,268.36,4,57,0,standard,O=C(COCC(=O)N1CCCCC1)N1CCCCC1
5e68de46eed8,Gd,9,3,3,water,water,0,1,19,268.36,4,57,0,standard,O=C(COCC(=O)N1CCCCC1)N1CCCCC1
b8ecbb913546,Tb,8,3,2,water,water,2,1,19,268.36,4,40,0,standard,O=C(COCC(=O)N1CCCCC1)N1CCCCC1
decb7af4dfa8,Ho,8,3,2,water,water,2,1,19,268.36,4,40,0,standard,O=C(COCC(=O)N1CCCCC1)N1CCCCC1
f4ceaeffb0e0,Er,8,3,2,water,water,2,1,19,268.36,4,40,0,standard,O=C(COCC(=O)N1CCCCC1)N1CCCCC1
de74e96ab1ac,Tm,8,3,2,water,water,2,1,19,268.36,4,40,0,standard,O=C(COCC(=O)N1CCCCC1)N1CCCCC1
edfc3ebb8ed0,Yb,8,3,2,water,water,2,1,19,268.36,4,40,0,standard,O=C(COCC(=O)N1CCCCC1)N1CCCCC1
e6f9dde6a90b,Lu,8,3,2,water,water,2,1,19,268.36,4,40,0,standard,O=C(COCC(=O)N1CCCCC1)N1CCCCC1
ca3d536acbf6,Er,8,7,1,water,water,1,1,25,364.44,16,26,0,standard,COCCN(CCOC)C(=O)COCC(=O)N(CCOC)CCOC
9680eb2381ef,Er,8,3,2,nitrate,nitrate,2,4,21,300.44,12,50,0,standard,CCCN(CCC)C(=O)COCC(=O)N(CCC)CCC
d5f18b7632f0,Eu,9,4,2,nitrate,nitrate,1,36,40,566.91,25,84,0,standard,CCCCCCCCCCCCN(C)C(=O)C1CC(OC)CC(C(=O)N(C)CCCCCCCCCCCC)O1
ffd5aab1aceb,La,9,4,2,nitrate,nitrate,1,6,40,566.91,25,84,0,standard,CCCCCCCCCCCCN(C)C(=O)C1CC(OC)CC(C(=O)N(C)CCCCCCCCCCCC)O1
fc72cf55f269,Pr,9,4,2,nitrate,nitrate,1,6,40,566.91,25,84,0,standard,CCCCCCCCCCCCN(C)C(=O)C1CC(OC)CC(C(=O)N(C)CCCCCCCCCCCC)O1
56d8843335c1,Nd,9,4,2,nitrate,nitrate,1,6,40,566.91,25,84,0,standard,CCCCCCCCCCCCN(C)C(=O)C1CC(OC)CC(C(=O)N(C)CCCCCCCCCCCC)O1
e499ec14e778,Sm,9,4,2,nitrate,nitrate,1,6,40,566.91,25,84,0,standard,CCCCCCCCCCCCN(C)C(=O)C1CC(OC)CC(C(=O)N(C)CCCCCCCCCCCC)O1
7c4a1221da48,Gd,9,4,2,nitrate,nitrate,1,6,40,566.91,25,84,0,standard,CCCCCCCCCCCCN(C)C(=O)C1CC(OC)CC(C(=O)N(C)CCCCCCCCCCCC)O1
679cd0805bfd,Eu,9,4,2,nitrate,nitrate,1,3,37,518.78,24,78,0,standard,CCCCCCCCCCCCNC(=O)c1cc(=O)cc(C(=O)NCCCCCCCCCCCC)o1
1f1106359435,Eu,9,4,2,nitrate,nitrate,1,3,33,446.55,4,70,0,standard,CC(C)(C)c1ccc(NC(=O)c2cc(=O)cc(C(=O)Nc3ccc(C(C)(C)C)cc3)o2)cc1
7c92b54b6344,Pr,9,3,3,water,water,0,22,35,496.82,26,105,0,standard,CCCCCCCCCCCCN(C)C(=O)COCC(=O)N(C)CCCCCCCCCCCC
0052ca91f101,Pr,9,3,3,water,water,0,26,37,524.88,28,111,0,standard,CCCCCCCCCCCCN(CC)C(=O)COCC(=O)N(CC)CCCCCCCCCCCC
9aa39b04fcb1,Pr,9,3,3,water,water,0,26,39,552.93,30,117,0,standard,CCCCCCCCCCCCN(CCC)C(=O)COCC(=O)N(CCC)CCCCCCCCCCCC
5e8a65472485,Pr,9,3,3,water,water,0,22,41,580.98,32,123,0,standard,CCCCCCCCCCCCN(CCCC)C(=O)COCC(=O)N(CCCC)CCCCCCCCCCCC
f868270ec4a9,Eu,9,5,1,nitrate,nitrate,4,2,16,211.23,2,32,0,standard,c1cc(-n2cccn2)nc(-n2cccn2)c1
6562b23bd4a8,Eu,9,5,1,nitrate,nitrate,4,6,20,267.34,2,36,0,standard,Cc1cc(C)n(-c2cccc(-n3nc(C)cc3C)n2)n1
fb7d0e22e502,Eu,9,2,4,nitrate,nitrate,1,6,18,233.27,2,76,0,standard,O=C(c1ccccc1)c1ccc2ccccc2n1
dfa51784b875,Eu,9,4,2,nitrate,nitrate,1,3,43,585.83,12,90,0,standard,CCCCCCCCOc1cc(C(=O)N(C)c2ccc(C(C)(C)C)cc2)nc(C(=O)N(C)c2ccc(C(C)(C)C)cc2)c1
ec68ed441941,Eu,9,3,3,nitrate,nitrate,0,2,23,320.48,13,69,0,standard,CCCCCCCCCCCCNC(=O)c1cc(OC)ccn1
3beb4537ab26,Eu,9,3,3,nitrate,nitrate,0,2,19,264.37,9,57,0,standard,CCCCCCCCNC(=O)c1cc(OC)ccn1
90fce4a008ab,Eu,9,5,1,nitrate,nitrate,4,7,18,239.28,2,34,0,standard,Cc1ccn(-c2cccc(-n3ccc(C)n3)n2)n1
e285ca563db7,Eu,9,6,1,nitrate,nitrate,3,6,30,409.58,15,42,0,standard,CCCCCCCCCCCCOCc1cc(-n2cccn2)nc(-n2cccn2)c1
3893f73b679f,Eu,9,6,1,nitrate,nitrate,3,2,32,437.63,15,44,0,standard,CCCCCCCCCCCCOCc1cc(-n2ccc(C)n2)nc(-n2ccc(C)n2)c1
9a05c75e6ef1,Eu,9,5,1,nitrate,nitrate,4,7,26,351.5,4,42,0,standard,CC(C)(C)Cc1cc(-c2cccc(-c3cc(CC(C)(C)C)[nH]n3)n2)n[nH]1
20465e7ee3e2,La,9,8,1,nitrate,nitrate,1,16,44,594.85,19,48,0,standard,CCCCCc1nnc(-c2cccc(-c3cccc(-c4nnc(CCCCC)c(CCCCC)n4)n3)n2)nc1CCCCC
b23446691216,Pr,9,8,1,nitrate,nitrate,1,16,44,594.85,19,48,0,standard,CCCCCc1nnc(-c2cccc(-c3cccc(-c4nnc(CCCCC)c(CCCCC)n4)n3)n2)nc1CCCCC
cb8e9692129f,Nd,9,8,1,nitrate,nitrate,1,16,44,594.85,19,48,0,standard,CCCCCc1nnc(-c2cccc(-c3cccc(-c4nnc(CCCCC)c(CCCCC)n4)n3)n2)nc1CCCCC
b9cb0fd3aa1f,Sm,9,8,1,nitrate,nitrate,1,16,44,594.85,19,48,0,standard,CCCCCc1nnc(-c2cccc(-c3cccc(-c4nnc(CCCCC)c(CCCCC)n4)n3)n2)nc1CCCCC
d85063f2c2c1,Eu,9,8,1,nitrate,nitrate,1,16,44,594.85,19,48,0,standard,CCCCCc1nnc(-c2cccc(-c3cccc(-c4nnc(CCCCC)c(CCCCC)n4)n3)n2)nc1CCCCC
8fc663eda6f3,Gd,9,8,1,nitrate,nitrate,1,16,44,594.85,19,48,0,standard,CCCCCc1nnc(-c2cccc(-c3cccc(-c4nnc(CCCCC)c(CCCCC)n4)n3)n2)nc1CCCCC
507be9f6716c,Tb,8,8,1,nitrate,nitrate,0,16,44,594.85,19,44,0,standard,CCCCCc1nnc(-c2cccc(-c3cccc(-c4nnc(CCCCC)c(CCCCC)n4)n3)n2)nc1CCCCC
250e4cef94d2,Ho,8,8,1,nitrate,nitrate,0,16,44,594.85,19,44,0,standard,CCCCCc1nnc(-c2cccc(-c3cccc(-c4nnc(CCCCC)c(CCCCC)n4)n3)n2)nc1CCCCC
bec89700cf93,Er,8,8,1,nitrate,nitrate,0,16,44,594.85,19,44,0,standard,CCCCCc1nnc(-c2cccc(-c3cccc(-c4nnc(CCCCC)c(CCCCC)n4)n3)n2)nc1CCCCC
2bda29f72b55,Yb,8,8,1,nitrate,nitrate,0,16,44,594.85,19,44,0,standard,CCCCCc1nnc(-c2cccc(-c3cccc(-c4nnc(CCCCC)c(CCCCC)n4)n3)n2)nc1CCCCC
ff2323ff5a7c,Lu,8,8,1,nitrate,nitrate,0,16,44,594.85,19,44,0,standard,CCCCCc1nnc(-c2cccc(-c3cccc(-c4nnc(CCCCC)c(CCCCC)n4)n3)n2)nc1CCCCC
7672a8a7b733,Er,8,6,1,water,water,2,1,60,787.02,14,62,1,"standard,large_ligand_deep,large_ligand_fast",CCCCCCn1c(-c2ccccc2)c(-c2ccccc2)c2cc3ccc4cc5c(-c6ccccc6)c(-c6ccccc6)n(CCCCCC)c(=O)c5nc4c3nc2c1=O
e95e58f27630,Er,8,6,1,nitrate,nitrate,2,1,60,787.02,14,68,1,"standard,large_ligand_deep,large_ligand_fast",CCCCCCn1c(-c2ccccc2)c(-c2ccccc2)c2cc3ccc4cc5c(-c6ccccc6)c(-c6ccccc6)n(CCCCCC)c(=O)c5nc4c3nc2c1=O
f2837669b392,Er,8,7,1,nitrate,nitrate,1,1,30,405.55,10,34,0,standard,CCCc1nnc(-c2cccc(-c3nnc(CCC)c(CCC)n3)n2)nc1CCC
c285dd3a90ba,Lu,8,7,1,nitrate,nitrate,1,1,30,405.55,10,34,0,standard,CCCc1nnc(-c2cccc(-c3nnc(CCC)c(CCC)n3)n2)nc1CCC
3721b0fce820,Yb,8,7,1,nitrate,nitrate,1,1,30,405.55,10,34,0,standard,CCCc1nnc(-c2cccc(-c3nnc(CCC)c(CCC)n3)n2)nc1CCC
d686408b6267,Tm,8,7,1,nitrate,nitrate,1,1,30,405.55,10,34,0,standard,CCCc1nnc(-c2cccc(-c3nnc(CCC)c(CCC)n3)n2)nc1CCC
a25c92c2c3c2,Ho,8,7,1,nitrate,nitrate,1,1,30,405.55,10,34,0,standard,CCCc1nnc(-c2cccc(-c3nnc(CCC)c(CCC)n3)n2)nc1CCC
edd1c598b6f5,Tb,8,7,1,nitrate,nitrate,1,1,30,405.55,10,34,0,standard,CCCc1nnc(-c2cccc(-c3nnc(CCC)c(CCC)n3)n2)nc1CCC
fc5e058253f6,Gd,9,7,1,nitrate,nitrate,2,1,30,405.55,10,38,0,standard,CCCc1nnc(-c2cccc(-c3nnc(CCC)c(CCC)n3)n2)nc1CCC
ca5af664bc2a,Sm,9,7,1,nitrate,nitrate,2,1,30,405.55,10,38,0,standard,CCCc1nnc(-c2cccc(-c3nnc(CCC)c(CCC)n3)n2)nc1CCC
4f3be724a7f9,Pr,9,7,1,nitrate,nitrate,2,1,30,405.55,10,38,0,standard,CCCc1nnc(-c2cccc(-c3nnc(CCC)c(CCC)n3)n2)nc1CCC
d7e8ec9f5e9d,La,9,7,1,nitrate,nitrate,2,1,30,405.55,10,38,0,standard,CCCc1nnc(-c2cccc(-c3nnc(CCC)c(CCC)n3)n2)nc1CCC
623b05528a11,Eu,9,7,1,nitrate,nitrate,2,1,30,405.55,10,38,0,standard,CCCc1nnc(-c2cccc(-c3nnc(CCC)c(CCC)n3)n2)nc1CCC
f6d91e19679c,Nd,9,7,1,nitrate,nitrate,2,1,30,405.55,10,38,0,standard,CCCc1nnc(-c2cccc(-c3nnc(CCC)c(CCC)n3)n2)nc1CCC
861bc1afc7af,Er,8,6,1,nitrate,nitrate,2,1,29,393.44,0,37,0,standard,c1cc2nc(c1)COc1ccccc1OCCOCCOc1ccccc1OC2
c49dc298becb,Er,8,6,1,nitrate,nitrate,2,1,26,360.41,0,34,0,standard,c1ccc2c(c1)OCCOCCOc1ccccc1OCCOCCO2
e15dd3ef134f,Er,8,6,1,nitrate,nitrate,2,1,26,372.5,0,34,0,standard,C1CCC2OCCOCCOC3CCCCC3OCCOCCOC2C1
b0690393d5ce,Eu,9,3,3,nitrate,nitrate,0,31,25,356.55,16,75,0,standard,CCCCN(CCCC)C(=O)COCC(=O)N(CCCC)CCCC
3ab984981feb,Eu,9,3,3,nitrate,nitrate,0,1,43,609.04,32,129,0,standard,CCCCCCCCN(CCCCCCCC)C(=O)[C@H](C)O[C@H](C)C(=O)N(CCCCCCCC)CCCCCCCC
5e17d48e6b5d,Eu,9,3,3,nitrate,nitrate,0,6,23,312.37,6,69,0,standard,CN(C(=O)COCC(=O)N(C)c1ccccc1)c1ccccc1
69ec30d576fe,Eu,9,3,3,nitrate,nitrate,0,13,25,354.54,14,75,0,standard,CCCCCCN(CCCCCC)C(=O)COCC(=O)N1CCCC1
cbaab9141d24,Eu,9,3,3,nitrate,nitrate,0,7,26,368.56,14,78,0,standard,CCCCCCN(CCCCCC)C(=O)COCC(=O)N1CCCCC1
65b25391293d,Eu,9,4,2,nitrate,nitrate,1,7,26,370.53,14,56,0,standard,CCCCCCN(CCCCCC)C(=O)COCC(=O)N1CCOCC1
dfc3c13eccab,Eu,9,3,3,nitrate,nitrate,0,14,29,410.64,18,87,0,standard,CCCCCCCCN(CCCCCCCC)C(=O)COCC(=O)N1CCCC1
6956f042cf41,Eu,9,3,3,nitrate,nitrate,0,10,30,424.67,18,90,0,standard,CCCCCCCCN(CCCCCCCC)C(=O)COCC(=O)N1CCCCC1
973e13880b10,Eu,9,4,2,nitrate,nitrate,1,10,30,426.64,18,64,0,standard,CCCCCCCCN(CCCCCCCC)C(=O)COCC(=O)N1CCOCC1
89a0bef80c28,Eu,9,3,3,water,water,0,2,29,410.64,18,87,0,standard,CCCCCCCCN(CCCCCCCC)C(=O)COCC(=O)N1CCCC1
8452882fd016,Eu,9,3,3,water,water,0,2,30,424.67,18,90,0,standard,CCCCCCCCN(CCCCCCCC)C(=O)COCC(=O)N1CCCCC1
1df9841672b3,Eu,9,4,2,water,water,1,2,30,426.64,18,61,0,standard,CCCCCCCCN(CCCCCCCC)C(=O)COCC(=O)N1CCOCC1
f4c272db6d7f,Eu,9,3,3,water,water,0,1,25,354.54,14,75,0,standard,CCCCCCN(CCCCCC)C(=O)COCC(=O)N1CCCC1
89a99631619b,Eu,9,3,3,water,water,0,1,26,368.56,14,78,0,standard,CCCCCCN(CCCCCC)C(=O)COCC(=O)N1CCCCC1
881269e891b6,Eu,9,4,2,water,water,1,1,26,370.53,14,53,0,standard,CCCCCCN(CCCCCC)C(=O)COCC(=O)N1CCOCC1
2dec4a230529,Eu,9,3,3,nitrate,nitrate,0,1,25,356.55,12,75,0,standard,CC(C)CN(CC(C)C)C(=O)COCC(=O)N(CC(C)C)CC(C)C
dc1c8a4299f0,Eu,9,3,3,nitrate,nitrate,0,1,33,468.77,22,99,0,standard,CCCCCCCCN(CC(C)C)C(=O)COCC(=O)N(CCCCCCCC)CC(C)C
4845cbe233b2,Eu,9,3,3,nitrate,nitrate,0,1,41,580.98,30,123,0,standard,CCCCCCCCN(CC(CC)CCCC)C(=O)COCC(=O)N(CCCCCCCC)CC(CC)CCCC
f8c89bfcafa6,Eu,9,3,3,water,water,0,2,41,580.98,28,123,0,standard,CCCCC(CC)CN(CC(CC)CCCC)C(=O)COCC(=O)N(CC(CC)CCCC)CC(CC)CCCC
3d04c2c215bc,Eu,9,3,3,water,water,0,1,27,384.61,16,81,0,standard,CCCCC(CC)CN(C)C(=O)COCC(=O)N(C)CC(CC)CCCC
611528cad430,Eu,9,3,3,water,water,0,1,39,552.93,28,117,0,standard,CCCCCCC(CCCC)CCCN(C)C(=O)COCC(=O)N(C)CCCC(CCCC)CCCCCC
c42c62569058,Eu,9,3,3,water,water,0,1,29,412.66,20,87,0,standard,CCCCCCCCN(CC)C(=O)COCC(=O)N(CC)CCCCCCCC
288717351ab4,Eu,9,3,3,water,water,0,1,31,440.71,22,93,0,standard,CCCCCCCCN(CCC)C(=O)COCC(=O)N(CCC)CCCCCCCC
11b5c5aa9ae3,Eu,9,3,3,water,water,0,1,27,384.61,18,81,0,standard,CCCCCCCCN(CCCCCCCC)C(=O)COCC(=O)N(C)C
fcc8b7852054,Eu,9,3,3,water,water,0,1,34,482.79,25,102,0,standard,CCCCCCCCN(C)C(=O)COCC(=O)N(CCCCCCCC)CCCCCCCC
b2eb8a1e67a0,Eu,9,3,3,water,water,0,1,45,669.14,24,135,0,standard,CCCCCCCCC(C)(C)SCC1CN(C(=O)COCC(=O)N2CC(C)C(CSC(C)(C)CCCCCCCC)C2)CC1C
26cecbefbbe2,Eu,9,3,3,water,water,0,1,49,693.2,40,147,0,standard,CCCCCCCCCCCCN(CCCCCCCC)C(=O)COCC(=O)N(CCCCCCCC)CCCCCCCCCCCC
d853ee339030,Eu,9,3,3,water,water,0,1,43,609.04,26,129,0,standard,CCCCCCCCN(CCC(C)CC(C)(C)C)C(=O)COCC(=O)N(CCCCCCCC)CCC(C)CC(C)(C)C
f55824b32885,Eu,9,3,3,water,water,0,1,53,749.31,42,159,0,standard,CCCCCCCCN(CCCC(CCCC)CCCCCC)C(=O)COCC(=O)N(CCCCCCCC)CCCC(CCCC)CCCCCC
f27594aadde3,Eu,9,3,3,water,water,0,1,49,693.2,36,147,0,standard,CCCCCCCCN(CCCCC(C)CCCC(C)C)C(=O)COCC(=O)N(CCCCCCCC)CCCCC(C)CCCC(C)C
9caebdec8648,Eu,9,3,3,water,water,0,1,93,1310.04,66,279,1,"standard,large_ligand_deep,large_ligand_fast",CCCCCCCCN(CCCCCCCC)C(=O)COCC(=O)NCCc1c(CC)c(CCNC(=O)COCC(=O)N(CCCCCCCC)CCCCCCCC)c(CC)c(CCNC(=O)COCC(=O)N(CCCCCCCC)CCCCCCCC)c1CC
5e8f5789b5fd,Eu,9,3,3,water,water,0,1,93,1315.96,69,279,1,"standard,large_ligand_deep,large_ligand_fast",CCCCCCCCN(CCCCCCCC)C(=O)COCC(=O)NCCCOc1cc(OCCCNC(=O)COCC(=O)N(CCCCCCCC)CCCCCCCC)cc(OCCCNC(=O)COCC(=O)N(CCCCCCCC)CCCCCCCC)c1
1f306743dfde,Eu,9,3,3,water,water,0,2,27,384.61,18,81,0,standard,CCCCCCCCN(C)C(=O)COCC(=O)N(C)CCCCCCCC
f2bec3b5bee8,Eu,9,7,1,water,water,2,1,25,364.44,16,27,0,standard,COCCN(CCOC)C(=O)COCC(=O)N(CCOC)CCOC
102814b0efc1,Eu,9,3,3,nitrate,nitrate,0,35,58,815.24,40,174,0,standard,CCCCCCCCN(CCCCCCCC)C(=O)COCC(=O)NCc1cccc(CNC(=O)COCC(=O)N(CCCCCCCC)CCCCCCCC)c1
bdc61b13a8a3,Eu,9,3,3,nitrate,nitrate,0,9,58,815.24,40,174,0,standard,CCCCCCCCN(CCCCCCCC)C(=O)COCC(=O)NCc1ccc(CNC(=O)COCC(=O)N(CCCCCCCC)CCCCCCCC)cc1
1567f4f803ce,Eu,9,3,3,nitrate,nitrate,0,23,57,811.25,44,171,0,standard,CCCCCCCCN(CCCCCCCC)C(=O)COCC(=O)NCCCOCCCNC(=O)COCC(=O)N(CCCCCCCC)CCCCCCCC
b1bab48b743d,Eu,9,3,3,water,water,0,2,58,815.24,40,174,0,standard,CCCCCCCCN(CCCCCCCC)C(=O)COCC(=O)NCc1cccc(CNC(=O)COCC(=O)N(CCCCCCCC)CCCCCCCC)c1
edb5c2a0f205,Eu,9,3,3,nitrate,nitrate,0,11,57,809.27,44,171,0,standard,CCCCCCCCN(CCCCCCCC)C(=O)COCC(=O)NCCCCCCCNC(=O)COCC(=O)N(CCCCCCCC)CCCCCCCC
82d3d05875a8,Eu,9,3,3,nitrate,nitrate,0,1,42,590.81,24,126,0,standard,CCCCN(CCCC)C(=O)COCC(=O)NCc1cccc(CNC(=O)COCC(=O)N(CCCC)CCCC)c1
ec36e99efff5,Eu,9,3,3,nitrate,nitrate,0,1,44,618.86,26,132,0,standard,CCCCCCCCN(C)C(=O)COCC(=O)NCc1cccc(CNC(=O)COCC(=O)N(C)CCCCCCCC)c1
f6f2a2b1f613,Eu,9,3,3,nitrate,nitrate,0,1,46,646.91,24,138,0,standard,CC(C)CCN(CCC(C)C)C(=O)COCC(=O)NCc1cccc(CNC(=O)COCC(=O)N(CCC(C)C)CCC(C)C)c1
53cb1f844381,Eu,9,3,3,nitrate,nitrate,0,1,49,690.97,30,147,0,standard,CCCCCCOc1cc(CNC(=O)COCC(=O)N(CCCC)CCCC)cc(CNC(=O)COCC(=O)N(CCCC)CCCC)c1
16c7c8951ba2,Eu,9,3,3,nitrate,nitrate,0,1,55,775.13,36,165,0,standard,CCCCCCCCCCCCOc1cc(CNC(=O)COCC(=O)N(CCCC)CCCC)cc(CNC(=O)COCC(=O)N(CCCC)CCCC)c1
c25357ab689e,Eu,9,3,3,nitrate,nitrate,0,1,50,704.99,30,150,0,standard,CCCCCC(C)Oc1cc(CNC(=O)COCC(=O)N(CCCC)CCCC)cc(CNC(=O)COCC(=O)N(CCCC)CCCC)c1
b81a4e01a33f,Eu,9,3,3,nitrate,nitrate,0,1,46,646.91,26,138,0,standard,CCCCCCCCN(C)C(=O)COCC(=O)N(C)Cc1cccc(CN(C)C(=O)COCC(=O)N(C)CCCCCCCC)c1
9c6735a06e2b,Eu,9,3,3,nitrate,nitrate,0,1,39,556.79,26,117,0,standard,CCCCN(CCCC)C(=O)COCC(=O)NCCCCCNC(=O)COCC(=O)N(CCCC)CCCC
9ce4f4d1c0d5,Eu,9,3,3,nitrate,nitrate,0,1,55,781.22,42,165,0,standard,CCCCCCCCN(CCCCCCCC)C(=O)COCC(=O)NCCCCCNC(=O)COCC(=O)N(CCCCCCCC)CCCCCCCC
bf53aa2b47c6,Eu,9,3,3,nitrate,nitrate,0,1,40,570.82,27,120,0,standard,CCCCN(CCCC)C(=O)COCC(=O)NCCCCCCNC(=O)COCC(=O)N(CCCC)CCCC
8cbfdc7e4dd4,Eu,9,3,3,nitrate,nitrate,0,1,56,795.25,43,168,0,standard,CCCCCCCCN(CCCCCCCC)C(=O)COCC(=O)NCCCCCCNC(=O)COCC(=O)N(CCCCCCCC)CCCCCCCC
5f3f0e0d19d5,Eu,9,7,1,nitrate,nitrate,2,1,55,783.19,42,63,0,standard,CCCCCCCCN(CCCCCCCC)C(=O)COCC(=O)NCCOCCNC(=O)COCC(=O)N(CCCCCCCC)CCCCCCCC
50ea21f5a29e,Eu,9,3,3,nitrate,nitrate,0,5,21,300.44,12,63,0,standard,CCCN(CCC)C(=O)COCC(=O)N(CCC)CCC
9d8312a84f84,Eu,9,8,1,nitrate,nitrate,1,10,46,611.8,4,50,0,standard,CC1(C)CCC(C)(C)c2nc(-c3cccc(-c4cccc(-c5cccc(-c6nnc7c(n6)C(C)(C)CCC7(C)C)n5)n4)n3)nnc21
fdb14b12fa26,Eu,9,3,3,water,water,0,1,43,609.04,34,129,0,standard,CCCCCCCCN(CCCCCCCC)C(=O)CCOCCC(=O)N(CCCCCCCC)CCCCCCCC
51249be7a086,Eu,9,3,3,nitrate,nitrate,0,1,43,609.04,34,129,0,standard,CCCCCCCCN(CCCCCCCC)C(=O)CCOCCC(=O)N(CCCCCCCC)CCCCCCCC
bea7c107a7cb,Eu,9,3,3,water,water,0,1,43,609.04,30,129,0,standard,CCCCC(CC)CN(CC(CC)CCCC)C(=O)CCOCCC(=O)N(CC(CC)CCCC)CC(CC)CCCC
fce2cd1d1147,Eu,9,3,3,nitrate,nitrate,0,1,43,609.04,30,129,0,standard,CCCCC(CC)CN(CC(CC)CCCC)C(=O)CCOCCC(=O)N(CC(CC)CCCC)CC(CC)CCCC
2061d93f0660,Eu,9,3,3,water,water,0,1,41,580.0,32,123,0,standard,CCCCCCCCN(CCCCCCCC)C(=O)CNCC(=O)N(CCCCCCCC)CCCCCCCC
6d919d6af533,Eu,9,3,3,nitrate,nitrate,0,1,41,580.0,32,123,0,standard,CCCCCCCCN(CCCCCCCC)C(=O)CNCC(=O)N(CCCCCCCC)CCCCCCCC
d4fd5d6f5ee9,Eu,9,3,3,water,water,0,1,48,670.12,34,144,0,standard,CCCCCCCCN(CCCCCCCC)C(=O)CN(CC(=O)N(CCCCCCCC)CCCCCCCC)Cc1ccccc1
820234945470,Eu,9,3,3,nitrate,nitrate,0,1,48,670.12,34,144,0,standard,CCCCCCCCN(CCCCCCCC)C(=O)CN(CC(=O)N(CCCCCCCC)CCCCCCCC)Cc1ccccc1
1c021f009609,Eu,9,3,3,water,water,0,1,49,692.21,39,147,0,standard,CCCCCCCCN(CC(=O)N(CCCCCCCC)CCCCCCCC)CC(=O)N(CCCCCCCC)CCCCCCCC
6fab5f0b8d63,Eu,9,3,3,nitrate,nitrate,0,1,49,692.21,39,147,0,standard,CCCCCCCCN(CC(=O)N(CCCCCCCC)CCCCCCCC)CC(=O)N(CCCCCCCC)CCCCCCCC
5b918030ec24,Eu,9,3,3,water,water,0,1,47,656.1,33,141,0,standard,CCCCCCCCN(CCCCCCCC)C(=O)CN(CC(=O)N(CCCCCCCC)CCCCCCCC)c1ccccc1
32f3a20cc804,Eu,9,3,3,nitrate,nitrate,0,1,47,656.1,33,141,0,standard,CCCCCCCCN(CCCCCCCC)C(=O)CN(CC(=O)N(CCCCCCCC)CCCCCCCC)c1ccccc1
86c849795813,Eu,9,3,3,water,water,0,1,44,622.04,32,132,0,standard,CCCCCCCCN(CCCCCCCC)C(=O)CN(CC(=O)N(CCCCCCCC)CCCCCCCC)C(C)=O
86c6aad4013f,Eu,9,3,3,nitrate,nitrate,0,1,44,622.04,32,132,0,standard,CCCCCCCCN(CCCCCCCC)C(=O)CN(CC(=O)N(CCCCCCCC)CCCCCCCC)C(C)=O
56de36f8cde4,Eu,9,3,3,water,water,0,1,43,602.99,30,129,0,standard,CCCCCCCCN(CCCCCCCC)C(=O)c1ccc(C(=O)N(CCCCCCCC)CCCCCCCC)o1
f1ce22c5ae19,Eu,9,3,3,nitrate,nitrate,0,1,43,602.99,30,129,0,standard,CCCCCCCCN(CCCCCCCC)C(=O)c1ccc(C(=O)N(CCCCCCCC)CCCCCCCC)o1
b42eadd4a6e5,Eu,9,6,1,water,water,3,1,32,422.54,3,35,0,standard,CC1(C)CCC(C)(C)c2nc(-c3cccc(-c4cccc(-c5ccccn5)n4)n3)nnc21
55d76dbadee1,Eu,9,6,1,nitrate,nitrate,3,1,32,422.54,3,44,0,standard,CC1(C)CCC(C)(C)c2nc(-c3cccc(-c4cccc(-c5ccccn5)n4)n3)nnc21
33c10b1775e6,Eu,9,2,4,nitrate,nitrate,1,1,29,396.62,15,120,0,standard,CCCCCCCCN(CCCCCCCC)C(=O)c1ccc2ccccc2n1
ecdd71aa88de,Eu,9,4,2,nitrate,nitrate,1,1,41,557.78,12,86,0,standard,CCCCCCCCOc1cc(C(=O)Nc2ccc(C(C)(C)C)cc2)nc(C(=O)Nc2ccc(C(C)(C)C)cc2)c1
3522f6225878,Eu,9,5,1,nitrate,nitrate,4,1,38,529.85,28,54,0,standard,CCCCCCCCCCCCNCC(=O)c1cccc(C(=O)CNCCCCCCCCCCCC)n1
81e5f5a1605e,Eu,9,2,4,nitrate,nitrate,1,1,18,268.79,8,76,0,standard,CCCCCCCCNC(=O)c1cc(Cl)ccn1
af7d4ce816f6,Eu,9,3,3,nitrate,nitrate,0,1,17,235.33,8,51,0,standard,CCCCCCCCNC(=O)c1cnccn1
43dcce0bcec9,Eu,9,8,1,water,water,1,2,42,558.73,2,43,0,standard,CC1(C)CCC(C)(C)c2nc(-c3ccc4ccc5ccc(-c6nnc7c(n6)C(C)(C)CCC7(C)C)nc5c4n3)nnc21
5fdbc90e8042,Eu,9,8,1,nitrate,nitrate,1,4,42,558.73,2,46,0,standard,CC1(C)CCC(C)(C)c2nc(-c3ccc4ccc5ccc(-c6nnc7c(n6)C(C)(C)CCC7(C)C)nc5c4n3)nnc21
8d3294e0ac8d,Eu,9,8,1,nitrate,nitrate,1,5,38,510.6,3,42,0,standard,CC1(C)OC(C)(C)c2nc(-c3cccc(-c4cccc(-c5nnc6c(n5)C(C)(C)OC6(C)C)n4)n3)nnc21
88a67671977b,Eu,9,8,1,water,water,1,1,38,542.74,3,39,0,standard,CC1(C)SC(C)(C)c2nc(-c3cccc(-c4cccc(-c5nnc6c(n5)C(C)(C)SC6(C)C)n4)n3)nnc21
11c19850c8fc,Eu,9,8,1,nitrate,nitrate,1,10,38,542.74,3,42,0,standard,CC1(C)SC(C)(C)c2nc(-c3cccc(-c4cccc(-c5nnc6c(n5)C(C)(C)SC6(C)C)n4)n3)nnc21
4582e319dba6,Eu,9,7,1,water,water,2,1,36,495.67,18,38,0,standard,CCCCCCCCn1cc(-c2cc(CC(=O)O)cc(-c3cn(CCCCCCCC)nn3)n2)nn1
bbe930277304,Eu,9,7,1,nitrate,nitrate,2,4,36,495.67,18,44,0,standard,CCCCCCCCn1cc(-c2cc(CC(=O)O)cc(-c3cn(CCCCCCCC)nn3)n2)nn1
f877a1dc60e3,Eu,9,2,4,water,water,1,1,21,368.57,14,85,0,standard,CCCCP(=S)(CCCC)CP(=S)(CCCC)CCCC
26e84fc6133e,Eu,9,2,4,nitrate,nitrate,1,5,21,368.57,14,88,0,standard,CCCCP(=S)(CCCC)CP(=S)(CCCC)CCCC
382cd9e53432,Eu,9,6,1,water,water,3,1,25,432.57,18,28,0,standard,CCCCOP(=S)(CP(=S)(OCCCC)OCCCC)OCCCC
240ecd647aa0,Eu,9,6,1,nitrate,nitrate,3,5,25,432.57,18,37,0,standard,CCCCOP(=S)(CP(=S)(OCCCC)OCCCC)OCCCC
ee1036964dae,Eu,9,3,3,water,water,0,1,23,398.6,16,69,0,standard,CCCCP(=S)(CCCC)COCP(=S)(CCCC)CCCC
f32387e7edd6,Eu,9,3,3,nitrate,nitrate,0,5,23,398.6,16,69,0,standard,CCCCP(=S)(CCCC)COCP(=S)(CCCC)CCCC
23a2b97a5a9a,Eu,9,7,1,water,water,2,1,19,350.38,12,21,0,standard,CCOP(=S)(COCP(=S)(OCC)OCC)OCC
5750f55fad0f,Eu,9,7,1,nitrate,nitrate,2,5,19,350.38,12,27,0,standard,CCOP(=S)(COCP(=S)(OCC)OCC)OCC
8d7b517c525c,Eu,9,7,1,water,water,2,1,27,462.6,20,29,0,standard,CCCCOP(=S)(COCP(=S)(OCCCC)OCCCC)OCCCC
50cc1d238b7c,Eu,9,7,1,nitrate,nitrate,2,5,27,462.6,20,35,0,standard,CCCCOP(=S)(COCP(=S)(OCCCC)OCCCC)OCCCC
cb9b04403ae5,Eu,9,6,1,nitrate,nitrate,3,1,18,240.27,2,30,0,standard,Cc1ccn(-c2cncc(-n3ccc(C)n3)n2)n1
063ec39d482f,Eu,9,8,1,water,water,1,2,42,562.77,3,43,0,standard,Cc1cc(-c2cc(C)cc(-c3nnc4c(n3)C(C)(C)CCC4(C)C)n2)nc(-c2nnc3c(n2)C(C)(C)CCC3(C)C)c1
1a8a8a56f3cb,Eu,9,8,1,nitrate,nitrate,1,14,42,562.77,3,46,0,standard,Cc1cc(-c2cc(C)cc(-c3nnc4c(n3)C(C)(C)CCC4(C)C)n2)nc(-c2nnc3c(n2)C(C)(C)CCC3(C)C)c1
e9fcac340ff5,Eu,9,3,3,water,water,0,1,31,478.56,8,93,0,standard,S=P(COCP(=S)(c1ccccc1)c1ccccc1)(c1ccccc1)c1ccccc1
e980ea72c7c8,Eu,9,3,3,nitrate,nitrate,0,5,31,478.56,8,93,0,standard,S=P(COCP(=S)(c1ccccc1)c1ccccc1)(c1ccccc1)c1ccccc1
b327caa3b7fb,Eu,9,6,1,nitrate,nitrate,3,6,20,268.32,2,32,0,standard,Cc1cc(C)n(-c2cncc(-n3nc(C)cc3C)n2)n1
1841839a3d87,Eu,9,5,1,water,water,4,1,34,505.72,26,38,0,standard,CCCCCCCCN(CCCCCCCC)C(=O)COCP(=O)(OCCCC)OCCCC
e4175b10a80b,Eu,9,5,1,nitrate,nitrate,4,5,34,505.72,26,50,0,standard,CCCCCCCCN(CCCCCCCC)C(=O)COCP(=O)(OCCCC)OCCCC
e144203cfc4e,Eu,9,3,3,water,water,0,1,32,473.72,24,96,0,standard,CCCCCCCCN(CCCCCCCC)C(=O)COCP(=O)(CCCC)CCCC
57344db3e043,Eu,9,3,3,nitrate,nitrate,0,5,32,473.72,24,96,0,standard,CCCCCCCCN(CCCCCCCC)C(=O)COCP(=O)(CCCC)CCCC
c0236f78b8f1,Eu,9,5,1,water,water,4,1,34,504.74,26,38,0,standard,CCCCCCCCN(CCCCCCCC)C(=O)CNCP(=O)(OCCCC)OCCCC
870627e86abc,Eu,9,5,1,nitrate,nitrate,4,5,34,504.74,26,50,0,standard,CCCCCCCCN(CCCCCCCC)C(=O)CNCP(=O)(OCCCC)OCCCC
8f2b8f746d4d,Eu,9,3,3,water,water,0,1,32,472.74,24,96,0,standard,CCCCCCCCN(CCCCCCCC)C(=O)CNCP(=O)(CCCC)CCCC
71953fa62ef7,Eu,9,3,3,nitrate,nitrate,0,5,32,472.74,24,96,0,standard,CCCCCCCCN(CCCCCCCC)C(=O)CNCP(=O)(CCCC)CCCC
54b95afb1c96,Eu,9,8,1,nitrate,nitrate,1,15,48,646.93,3,52,0,standard,CC(C)(C)c1cc(-c2cc(C(C)(C)C)cc(-c3nnc4c(n3)C(C)(C)CCC4(C)C)n2)nc(-c2nnc3c(n2)C(C)(C)CCC3(C)C)c1
25ade73f3220,Eu,9,8,1,water,water,1,1,46,611.8,4,47,0,standard,CC1(C)CCC(C)(C)c2nc(-c3cccc(-c4cccc(-c5cccc(-c6nnc7c(n6)C(C)(C)CCC7(C)C)n5)n4)n3)nnc21
564f08cabcd9,Eu,9,2,4,nitrate,nitrate,1,1,17,319.22,2,72,0,standard,S=P(S)(c1ccccc1Cl)c1ccccc1Cl
08cfcc1735a0,Eu,9,3,3,water,water,0,12,21,279.34,3,63,0,standard,CCN(CC)C(=O)c1ccc2ccc3cccnc3c2n1
2d076d76c359,Eu,9,3,3,nitrate,nitrate,0,2,21,279.34,3,63,0,standard,CCN(CC)C(=O)c1ccc2ccc3cccnc3c2n1
33805e18724f,Eu,9,3,3,water,water,0,4,25,335.45,7,75,0,standard,CCCCN(CCCC)C(=O)c1ccc2ccc3cccnc3c2n1
991e05389d9e,Eu,9,3,3,nitrate,nitrate,0,2,25,335.45,7,75,0,standard,CCCCN(CCCC)C(=O)c1ccc2ccc3cccnc3c2n1
cf6c818eb329,Eu,9,3,3,water,water,0,4,29,391.56,11,87,0,standard,CCCCCCN(CCCCCC)C(=O)c1ccc2ccc3cccnc3c2n1
a0be3cc9b33b,Eu,9,3,3,nitrate,nitrate,0,2,29,391.56,11,87,0,standard,CCCCCCN(CCCCCC)C(=O)c1ccc2ccc3cccnc3c2n1
2a477ef1f0f3,Eu,9,6,1,nitrate,nitrate,3,1,60,787.02,14,72,1,"standard,large_ligand_deep,large_ligand_fast",CCCCCCn1c(-c2ccccc2)c(-c2ccccc2)c2cc3ccc4cc5c(-c6ccccc6)c(-c6ccccc6)n(CCCCCC)c(=O)c5nc4c3nc2c1=O
fbeb4feade31,Eu,9,6,1,water,water,3,1,60,787.02,14,63,1,"standard,large_ligand_deep,large_ligand_fast",CCCCCCn1c(-c2ccccc2)c(-c2ccccc2)c2cc3ccc4cc5c(-c6ccccc6)c(-c6ccccc6)n(CCCCCC)c(=O)c5nc4c3nc2c1=O
6657c2fbd39d,Eu,9,7,1,nitrate,nitrate,2,1,22,302.24,1,30,0,standard,O=c1c(O)c(-c2ccc(O)c(O)c2)oc2cc(O)cc(O)c12
31f52aef156c,Eu,9,6,1,nitrate,nitrate,3,1,29,393.44,0,41,0,standard,c1cc2nc(c1)COc1ccccc1OCCOCCOc1ccccc1OC2
fe5652c1478d,Eu,9,6,1,nitrate,nitrate,3,1,26,360.41,0,38,0,standard,c1ccc2c(c1)OCCOCCOc1ccccc1OCCOCCO2
a6c0fadcfd26,Eu,9,6,1,nitrate,nitrate,3,1,26,372.5,0,38,0,standard,C1CCC2OCCOCCOC3CCCCC3OCCOCCOC2C1
c413b0bec1f8,Gd,9,3,3,nitrate,nitrate,0,1,49,693.2,40,147,0,standard,CCCCCCCCCCN(CCCCCCCCCC)C(=O)COCC(=O)N(CCCCCCCCCC)CCCCCCCCCC
22416499ab5a,Gd,9,3,3,nitrate,nitrate,0,2,33,468.77,24,99,0,standard,CCCCCCN(CCCCCC)C(=O)COCC(=O)N(CCCCCC)CCCCCC
07350ab67185,Gd,9,3,3,nitrate,nitrate,0,2,41,580.98,28,123,0,standard,CCCCC(CC)CN(CC(CC)CCCC)C(=O)COCC(=O)N(CC(CC)CCCC)CC(CC)CCCC
8c6b3ff26d81,Gd,9,3,3,water,water,0,10,25,356.55,16,75,0,standard,CCCCN(CCCC)C(=O)COCC(=O)N(CCCC)CCCC
40369a910258,Gd,9,3,3,nitrate,nitrate,0,1,43,609.04,32,129,0,standard,CCCCCCCCN(CCCCCCCC)C(=O)[C@H](C)O[C@H](C)C(=O)N(CCCCCCCC)CCCCCCCC
b2c371753758,Gd,9,3,3,nitrate,nitrate,0,6,23,312.37,6,69,0,standard,CN(C(=O)COCC(=O)N(C)c1ccccc1)c1ccccc1
b9c24641a88f,Gd,9,3,3,nitrate,nitrate,0,16,25,356.55,16,75,0,standard,CCCCN(CCCC)C(=O)COCC(=O)N(CCCC)CCCC
33aeb266fd28,Gd,9,3,3,nitrate,nitrate,0,1,25,356.55,12,75,0,standard,CC(C)CN(CC(C)C)C(=O)COCC(=O)N(CC(C)C)CC(C)C
9401327b7867,Gd,9,3,3,nitrate,nitrate,0,1,33,468.77,22,99,0,standard,CCCCCCCCN(CC(C)C)C(=O)COCC(=O)N(CCCCCCCC)CC(C)C
b5d2516206e6,Gd,9,3,3,nitrate,nitrate,0,1,41,580.98,30,123,0,standard,CCCCCCCCN(CC(CC)CCCC)C(=O)COCC(=O)N(CCCCCCCC)CC(CC)CCCC
a95f2ba3f810,Gd,9,3,3,water,water,0,2,41,580.98,28,123,0,standard,CCCCC(CC)CN(CC(CC)CCCC)C(=O)COCC(=O)N(CC(CC)CCCC)CC(CC)CCCC
c9c94892868c,Gd,9,3,3,water,water,0,3,27,384.61,18,81,0,standard,CCCCCCCCN(C)C(=O)COCC(=O)N(C)CCCCCCCC
a90ff76c666b,Gd,9,3,3,water,water,0,1,27,384.61,16,81,0,standard,CCCCC(CC)CN(C)C(=O)COCC(=O)N(C)CC(CC)CCCC
d54d08ed7fd7,Gd,9,3,3,water,water,0,1,39,552.93,28,117,0,standard,CCCCCCC(CCCC)CCCN(C)C(=O)COCC(=O)N(C)CCCC(CCCC)CCCCCC
4b48ab5095c7,Gd,9,3,3,water,water,0,1,29,412.66,20,87,0,standard,CCCCCCCCN(CC)C(=O)COCC(=O)N(CC)CCCCCCCC
fb5eeebd7f29,Gd,9,3,3,water,water,0,1,31,440.71,22,93,0,standard,CCCCCCCCN(CCC)C(=O)COCC(=O)N(CCC)CCCCCCCC
61dddb6a20be,Gd,9,3,3,water,water,0,1,34,482.79,25,102,0,standard,CCCCCCCCN(C)C(=O)COCC(=O)N(CCCCCCCC)CCCCCCCC
33fae4967c19,Gd,9,3,3,water,water,0,1,45,669.14,24,135,0,standard,CCCCCCCCC(C)(C)SCC1CN(C(=O)COCC(=O)N2CC(C)C(CSC(C)(C)CCCCCCCC)C2)CC1C
776127a45bd2,Gd,9,3,3,water,water,0,1,49,693.2,40,147,0,standard,CCCCCCCCCCCCN(CCCCCCCC)C(=O)COCC(=O)N(CCCCCCCC)CCCCCCCCCCCC
fc5d72f99fcc,Gd,9,3,3,water,water,0,1,43,609.04,26,129,0,standard,CCCCCCCCN(CCC(C)CC(C)(C)C)C(=O)COCC(=O)N(CCCCCCCC)CCC(C)CC(C)(C)C
0d198a0a6ef3,Gd,9,3,3,water,water,0,1,53,749.31,42,159,0,standard,CCCCCCCCN(CCCC(CCCC)CCCCCC)C(=O)COCC(=O)N(CCCCCCCC)CCCC(CCCC)CCCCCC
fcfe47cf4083,Gd,9,3,3,water,water,0,1,49,693.2,36,147,0,standard,CCCCCCCCN(CCCCC(C)CCCC(C)C)C(=O)COCC(=O)N(CCCCCCCC)CCCCC(C)CCCC(C)C
337c532af554,Gd,9,7,1,water,water,2,1,25,364.44,16,27,0,standard,COCCN(CCOC)C(=O)COCC(=O)N(CCOC)CCOC
a2d13ecdc95c,Gd,9,3,3,nitrate,nitrate,0,4,21,300.44,12,63,0,standard,CCCN(CCC)C(=O)COCC(=O)N(CCC)CCC
05a03a08886e,Gd,9,6,1,nitrate,nitrate,3,1,60,787.02,14,72,1,"standard,large_ligand_deep,large_ligand_fast",CCCCCCn1c(-c2ccccc2)c(-c2ccccc2)c2cc3ccc4cc5c(-c6ccccc6)c(-c6ccccc6)n(CCCCCC)c(=O)c5nc4c3nc2c1=O
2e531fb08047,Gd,9,6,1,water,water,3,1,60,787.02,14,63,1,"standard,large_ligand_deep,large_ligand_fast",CCCCCCn1c(-c2ccccc2)c(-c2ccccc2)c2cc3ccc4cc5c(-c6ccccc6)c(-c6ccccc6)n(CCCCCC)c(=O)c5nc4c3nc2c1=O
0247bfe939b7,Ho,8,3,2,nitrate,nitrate,2,1,43,609.04,32,94,0,standard,CCCCCCCCN(CCCCCCCC)C(=O)[C@H](C)O[C@H](C)C(=O)N(CCCCCCCC)CCCCCCCC
16c770c06fe9,Ho,8,3,2,nitrate,nitrate,2,5,23,312.37,6,54,0,standard,CN(C(=O)COCC(=O)N(C)c1ccccc1)c1ccccc1
34d035b4dc31,Ho,8,3,2,water,water,2,2,41,580.98,28,84,0,standard,CCCCC(CC)CN(CC(CC)CCCC)C(=O)COCC(=O)N(CC(CC)CCCC)CC(CC)CCCC
f0f0675f65cf,Ho,8,3,2,water,water,2,3,27,384.61,18,56,0,standard,CCCCCCCCN(C)C(=O)COCC(=O)N(C)CCCCCCCC
9484194a0100,Ho,8,3,2,water,water,2,1,27,384.61,16,56,0,standard,CCCCC(CC)CN(C)C(=O)COCC(=O)N(C)CC(CC)CCCC
54fb82f0d444,Ho,8,3,2,water,water,2,1,39,552.93,28,80,0,standard,CCCCCCC(CCCC)CCCN(C)C(=O)COCC(=O)N(C)CCCC(CCCC)CCCCCC
c478b38321b6,Ho,8,3,2,water,water,2,1,29,412.66,20,60,0,standard,CCCCCCCCN(CC)C(=O)COCC(=O)N(CC)CCCCCCCC
d428610ec05b,Ho,8,3,2,water,water,2,1,31,440.71,22,64,0,standard,CCCCCCCCN(CCC)C(=O)COCC(=O)N(CCC)CCCCCCCC
26b9e00a4942,Ho,8,3,2,water,water,2,1,27,384.61,18,56,0,standard,CCCCCCCCN(CCCCCCCC)C(=O)COCC(=O)N(C)C
fc99c5951046,Ho,8,3,2,water,water,2,1,34,482.79,25,70,0,standard,CCCCCCCCN(C)C(=O)COCC(=O)N(CCCCCCCC)CCCCCCCC
14ced76044ca,Ho,8,3,2,water,water,2,1,45,669.14,24,92,0,standard,CCCCCCCCC(C)(C)SCC1CN(C(=O)COCC(=O)N2CC(C)C(CSC(C)(C)CCCCCCCC)C2)CC1C
6724c57bfa5d,Ho,8,3,2,water,water,2,1,49,693.2,40,100,0,standard,CCCCCCCCCCCCN(CCCCCCCC)C(=O)COCC(=O)N(CCCCCCCC)CCCCCCCCCCCC
19756ae7f14e,Ho,8,3,2,water,water,2,1,43,609.04,26,88,0,standard,CCCCCCCCN(CCC(C)CC(C)(C)C)C(=O)COCC(=O)N(CCCCCCCC)CCC(C)CC(C)(C)C
08ebfb3e6a66,Ho,8,3,2,water,water,2,1,53,749.31,42,108,0,standard,CCCCCCCCN(CCCC(CCCC)CCCCCC)C(=O)COCC(=O)N(CCCCCCCC)CCCC(CCCC)CCCCCC
b71d18533908,Ho,8,3,2,water,water,2,1,49,693.2,36,100,0,standard,CCCCCCCCN(CCCCC(C)CCCC(C)C)C(=O)COCC(=O)N(CCCCCCCC)CCCCC(C)CCCC(C)C
4c1137e8e97b,Ho,8,7,1,water,water,1,1,25,364.44,16,26,0,standard,COCCN(CCOC)C(=O)COCC(=O)N(CCOC)CCOC
1ffb56bb5571,Ho,8,3,2,nitrate,nitrate,2,4,21,300.44,12,50,0,standard,CCCN(CCC)C(=O)COCC(=O)N(CCC)CCC
9b88ecdb5d6a,Ho,8,6,1,nitrate,nitrate,2,1,60,787.02,14,68,1,"standard,large_ligand_deep,large_ligand_fast",CCCCCCn1c(-c2ccccc2)c(-c2ccccc2)c2cc3ccc4cc5c(-c6ccccc6)c(-c6ccccc6)n(CCCCCC)c(=O)c5nc4c3nc2c1=O
62f0b304a15a,Ho,8,6,1,water,water,2,1,60,787.02,14,62,1,"standard,large_ligand_deep,large_ligand_fast",CCCCCCn1c(-c2ccccc2)c(-c2ccccc2)c2cc3ccc4cc5c(-c6ccccc6)c(-c6ccccc6)n(CCCCCC)c(=O)c5nc4c3nc2c1=O
cd94e829f2f9,La,9,3,3,nitrate,nitrate,0,26,25,356.55,16,75,0,standard,CCCCN(CCCC)C(=O)COCC(=O)N(CCCC)CCCC
bab6dfec3042,La,9,3,3,nitrate,nitrate,0,23,49,693.2,40,147,0,standard,CCCCCCCCCCN(CCCCCCCCCC)C(=O)COCC(=O)N(CCCCCCCCCC)CCCCCCCCCC
252cfb0c7415,La,9,3,3,nitrate,nitrate,0,1,43,609.04,32,129,0,standard,CCCCCCCCN(CCCCCCCC)C(=O)[C@H](C)O[C@H](C)C(=O)N(CCCCCCCC)CCCCCCCC
2b60ae62875a,La,9,3,3,nitrate,nitrate,0,6,23,312.37,6,69,0,standard,CN(C(=O)COCC(=O)N(C)c1ccccc1)c1ccccc1
86932934bc2b,La,9,3,3,nitrate,nitrate,0,1,25,356.55,12,75,0,standard,CC(C)CN(CC(C)C)C(=O)COCC(=O)N(CC(C)C)CC(C)C
ef67e719ab98,La,9,3,3,nitrate,nitrate,0,1,33,468.77,22,99,0,standard,CCCCCCCCN(CC(C)C)C(=O)COCC(=O)N(CCCCCCCC)CC(C)C
a99febda67a7,La,9,3,3,nitrate,nitrate,0,1,41,580.98,30,123,0,standard,CCCCCCCCN(CC(CC)CCCC)C(=O)COCC(=O)N(CCCCCCCC)CC(CC)CCCC
1f713626bd1d,La,9,3,3,water,water,0,2,41,580.98,28,123,0,standard,CCCCC(CC)CN(CC(CC)CCCC)C(=O)COCC(=O)N(CC(CC)CCCC)CC(CC)CCCC
b7c2dfd92f92,La,9,3,3,water,water,0,3,27,384.61,18,81,0,standard,CCCCCCCCN(C)C(=O)COCC(=O)N(C)CCCCCCCC
b534edeea3a3,La,9,3,3,water,water,0,1,27,384.61,16,81,0,standard,CCCCC(CC)CN(C)C(=O)COCC(=O)N(C)CC(CC)CCCC
99cfb384512e,La,9,3,3,water,water,0,1,39,552.93,28,117,0,standard,CCCCCCC(CCCC)CCCN(C)C(=O)COCC(=O)N(C)CCCC(CCCC)CCCCCC
de8330552bc9,La,9,3,3,water,water,0,1,29,412.66,20,87,0,standard,CCCCCCCCN(CC)C(=O)COCC(=O)N(CC)CCCCCCCC
b5bbb324b00d,La,9,3,3,water,water,0,1,31,440.71,22,93,0,standard,CCCCCCCCN(CCC)C(=O)COCC(=O)N(CCC)CCCCCCCC
a2811205e7ba,La,9,3,3,water,water,0,1,27,384.61,18,81,0,standard,CCCCCCCCN(CCCCCCCC)C(=O)COCC(=O)N(C)C
b958fc57e336,La,9,3,3,water,water,0,1,34,482.79,25,102,0,standard,CCCCCCCCN(C)C(=O)COCC(=O)N(CCCCCCCC)CCCCCCCC
89b393ce8294,La,9,3,3,water,water,0,1,45,669.14,24,135,0,standard,CCCCCCCCC(C)(C)SCC1CN(C(=O)COCC(=O)N2CC(C)C(CSC(C)(C)CCCCCCCC)C2)CC1C
2d0e04539acd,La,9,3,3,water,water,0,1,49,693.2,40,147,0,standard,CCCCCCCCCCCCN(CCCCCCCC)C(=O)COCC(=O)N(CCCCCCCC)CCCCCCCCCCCC
a4a68747ac9e,La,9,3,3,water,water,0,1,43,609.04,26,129,0,standard,CCCCCCCCN(CCC(C)CC(C)(C)C)C(=O)COCC(=O)N(CCCCCCCC)CCC(C)CC(C)(C)C
3e0312555ae1,La,9,3,3,water,water,0,1,49,693.2,36,147,0,standard,CCCCCCCCN(CCCCC(C)CCCC(C)C)C(=O)COCC(=O)N(CCCCCCCC)CCCCC(C)CCCC(C)C
9823bd9409ca,La,9,7,1,water,water,2,1,25,364.44,16,27,0,standard,COCCN(CCOC)C(=O)COCC(=O)N(CCOC)CCOC
692b00900b58,La,9,3,3,nitrate,nitrate,0,5,21,300.44,12,63,0,standard,CCCN(CCC)C(=O)COCC(=O)N(CCC)CCC
8895a6ee019b,La,9,6,1,nitrate,nitrate,3,1,60,787.02,14,72,1,"standard,large_ligand_deep,large_ligand_fast",CCCCCCn1c(-c2ccccc2)c(-c2ccccc2)c2cc3ccc4cc5c(-c6ccccc6)c(-c6ccccc6)n(CCCCCC)c(=O)c5nc4c3nc2c1=O
65d6bea6dcfa,La,9,6,1,water,water,3,1,60,787.02,14,63,1,"standard,large_ligand_deep,large_ligand_fast",CCCCCCn1c(-c2ccccc2)c(-c2ccccc2)c2cc3ccc4cc5c(-c6ccccc6)c(-c6ccccc6)n(CCCCCC)c(=O)c5nc4c3nc2c1=O
d655b942946b,La,9,7,1,nitrate,nitrate,2,1,22,302.24,1,30,0,standard,O=c1c(O)c(-c2ccc(O)c(O)c2)oc2cc(O)cc(O)c12
0345ed41f690,La,9,6,1,nitrate,nitrate,3,1,26,372.5,0,38,0,standard,C1CCC2OCCOCCOC3CCCCC3OCCOCCOC2C1
d4331b78a72d,La,9,6,1,nitrate,nitrate,3,1,29,393.44,0,41,0,standard,c1cc2nc(c1)COc1ccccc1OCCOCCOc1ccccc1OC2
0609988c17a4,La,9,6,1,nitrate,nitrate,3,1,26,360.41,0,38,0,standard,c1ccc2c(c1)OCCOCCOc1ccccc1OCCOCCO2
997619d3a9f1,Nd,9,3,3,nitrate,nitrate,0,31,25,356.55,16,75,0,standard,CCCCN(CCCC)C(=O)COCC(=O)N(CCCC)CCCC
0fa1f433e09b,Sm,9,3,3,nitrate,nitrate,0,27,25,356.55,16,75,0,standard,CCCCN(CCCC)C(=O)COCC(=O)N(CCCC)CCCC
fbc8200af2c7,Sm,9,3,3,nitrate,nitrate,0,1,49,693.2,40,147,0,standard,CCCCCCCCCCN(CCCCCCCCCC)C(=O)COCC(=O)N(CCCCCCCCCC)CCCCCCCCCC
302a1a766fc4,Lu,8,3,2,nitrate,nitrate,2,2,33,468.77,24,74,0,standard,CCCCCCN(CCCCCC)C(=O)COCC(=O)N(CCCCCC)CCCCCC
b3d7d325246c,Sm,9,3,3,nitrate,nitrate,0,2,33,468.77,24,99,0,standard,CCCCCCN(CCCCCC)C(=O)COCC(=O)N(CCCCCC)CCCCCC
7fd9c2ac0165,Lu,8,3,2,nitrate,nitrate,2,1,49,693.2,40,106,0,standard,CCCCCCCCCCN(CCCCCCCCCC)C(=O)COCC(=O)N(CCCCCCCCCC)CCCCCCCCCC
79943a359182,Lu,8,3,2,nitrate,nitrate,2,2,41,580.98,28,90,0,standard,CCCCC(CC)CN(CC(CC)CCCC)C(=O)COCC(=O)N(CC(CC)CCCC)CC(CC)CCCC
2db135aa133a,Yb,8,3,2,water,water,2,10,25,356.55,16,52,0,standard,CCCCN(CCCC)C(=O)COCC(=O)N(CCCC)CCCC
8bed09234572,Lu,8,3,2,nitrate,nitrate,2,1,43,609.04,32,94,0,standard,CCCCCCCCN(CCCCCCCC)C(=O)[C@H](C)O[C@H](C)C(=O)N(CCCCCCCC)CCCCCCCC
7589c84e6642,Lu,8,3,2,nitrate,nitrate,2,6,23,312.37,6,54,0,standard,CN(C(=O)COCC(=O)N(C)c1ccccc1)c1ccccc1
e96a56b518dc,Tb,8,3,2,nitrate,nitrate,2,14,25,356.55,16,58,0,standard,CCCCN(CCCC)C(=O)COCC(=O)N(CCCC)CCCC
a1ab40ace66c,Lu,8,3,2,nitrate,nitrate,2,1,25,356.55,16,58,0,standard,CCCCN(CCCC)C(=O)COCC(=O)N(CCCC)CCCC
37968b1527ea,Nd,9,3,3,nitrate,nitrate,0,1,25,356.55,12,75,0,standard,CC(C)CN(CC(C)C)C(=O)COCC(=O)N(CC(C)C)CC(C)C
ee66a08ef9ec,Sm,9,3,3,nitrate,nitrate,0,1,25,356.55,12,75,0,standard,CC(C)CN(CC(C)C)C(=O)COCC(=O)N(CC(C)C)CC(C)C
6c6142132009,Lu,8,3,2,nitrate,nitrate,2,1,25,356.55,12,58,0,standard,CC(C)CN(CC(C)C)C(=O)COCC(=O)N(CC(C)C)CC(C)C
5b1dbee9dee8,Nd,9,3,3,nitrate,nitrate,0,6,23,312.37,6,69,0,standard,CN(C(=O)COCC(=O)N(C)c1ccccc1)c1ccccc1
21b084407405,Sm,9,3,3,nitrate,nitrate,0,6,23,312.37,6,69,0,standard,CN(C(=O)COCC(=O)N(C)c1ccccc1)c1ccccc1
ab424ae951e3,Nd,9,3,3,nitrate,nitrate,0,1,33,468.77,22,99,0,standard,CCCCCCCCN(CC(C)C)C(=O)COCC(=O)N(CCCCCCCC)CC(C)C
895df93270f5,Sm,9,3,3,nitrate,nitrate,0,1,33,468.77,22,99,0,standard,CCCCCCCCN(CC(C)C)C(=O)COCC(=O)N(CCCCCCCC)CC(C)C
479733750bb5,Lu,8,3,2,nitrate,nitrate,2,1,33,468.77,22,74,0,standard,CCCCCCCCN(CC(C)C)C(=O)COCC(=O)N(CCCCCCCC)CC(C)C
64b85c270e26,Nd,9,3,3,nitrate,nitrate,0,1,41,580.98,30,123,0,standard,CCCCCCCCN(CC(CC)CCCC)C(=O)COCC(=O)N(CCCCCCCC)CC(CC)CCCC
225f02af74b6,Sm,9,3,3,nitrate,nitrate,0,1,41,580.98,30,123,0,standard,CCCCCCCCN(CC(CC)CCCC)C(=O)COCC(=O)N(CCCCCCCC)CC(CC)CCCC
c25c829ddcb6,Lu,8,3,2,nitrate,nitrate,2,1,41,580.98,30,90,0,standard,CCCCCCCCN(CC(CC)CCCC)C(=O)COCC(=O)N(CCCCCCCC)CC(CC)CCCC
686dc5817a7b,Lu,8,3,2,water,water,2,2,41,580.98,28,84,0,standard,CCCCC(CC)CN(CC(CC)CCCC)C(=O)COCC(=O)N(CC(CC)CCCC)CC(CC)CCCC
0607644a06f5,Lu,8,3,2,water,water,2,3,27,384.61,18,56,0,standard,CCCCCCCCN(C)C(=O)COCC(=O)N(C)CCCCCCCC
0d0c6ba59d24,Lu,8,3,2,water,water,2,1,27,384.61,16,56,0,standard,CCCCC(CC)CN(C)C(=O)COCC(=O)N(C)CC(CC)CCCC
a543645bb9e1,Lu,8,3,2,water,water,2,1,39,552.93,28,80,0,standard,CCCCCCC(CCCC)CCCN(C)C(=O)COCC(=O)N(C)CCCC(CCCC)CCCCCC
41cf198cd986,Lu,8,3,2,water,water,2,1,29,412.66,20,60,0,standard,CCCCCCCCN(CC)C(=O)COCC(=O)N(CC)CCCCCCCC
fc7c12e9d044,Lu,8,3,2,water,water,2,1,31,440.71,22,64,0,standard,CCCCCCCCN(CCC)C(=O)COCC(=O)N(CCC)CCCCCCCC
5c46ed6bc339,Lu,8,3,2,water,water,2,1,34,482.79,25,70,0,standard,CCCCCCCCN(C)C(=O)COCC(=O)N(CCCCCCCC)CCCCCCCC
50385a9b9575,Lu,8,3,2,water,water,2,1,45,669.14,24,92,0,standard,CCCCCCCCC(C)(C)SCC1CN(C(=O)COCC(=O)N2CC(C)C(CSC(C)(C)CCCCCCCC)C2)CC1C
b5ff0cc1b468,Lu,8,3,2,water,water,2,1,49,693.2,40,100,0,standard,CCCCCCCCCCCCN(CCCCCCCC)C(=O)COCC(=O)N(CCCCCCCC)CCCCCCCCCCCC
477241213e79,Lu,8,3,2,water,water,2,1,43,609.04,26,88,0,standard,CCCCCCCCN(CCC(C)CC(C)(C)C)C(=O)COCC(=O)N(CCCCCCCC)CCC(C)CC(C)(C)C
97488ddae00b,Lu,8,3,2,water,water,2,1,53,749.31,42,108,0,standard,CCCCCCCCN(CCCC(CCCC)CCCCCC)C(=O)COCC(=O)N(CCCCCCCC)CCCC(CCCC)CCCCCC
e3ef7a62d641,Lu,8,3,2,water,water,2,1,49,693.2,36,100,0,standard,CCCCCCCCN(CCCCC(C)CCCC(C)C)C(=O)COCC(=O)N(CCCCCCCC)CCCCC(C)CCCC(C)C
422eaccbf51e,Lu,8,7,1,water,water,1,1,25,364.44,16,26,0,standard,COCCN(CCOC)C(=O)COCC(=O)N(CCOC)CCOC
64cc4261f02c,Lu,8,3,2,nitrate,nitrate,2,4,21,300.44,12,50,0,standard,CCCN(CCC)C(=O)COCC(=O)N(CCC)CCC
4604ed2e646b,Pr,9,3,3,nitrate,nitrate,0,5,21,300.44,12,63,0,standard,CCCN(CCC)C(=O)COCC(=O)N(CCC)CCC
9843e72ac7d1,Nd,9,3,3,nitrate,nitrate,0,5,21,300.44,12,63,0,standard,CCCN(CCC)C(=O)COCC(=O)N(CCC)CCC
03005868e3be,Pr,9,3,3,nitrate,nitrate,0,5,23,312.37,6,69,0,standard,CN(C(=O)COCC(=O)N(C)c1ccccc1)c1ccccc1
292c65941063,Tb,8,3,2,nitrate,nitrate,2,5,23,312.37,6,54,0,standard,CN(C(=O)COCC(=O)N(C)c1ccccc1)c1ccccc1
8e56bca9caad,Tm,8,3,2,nitrate,nitrate,2,5,23,312.37,6,54,0,standard,CN(C(=O)COCC(=O)N(C)c1ccccc1)c1ccccc1
104d765a0717,Yb,8,3,2,nitrate,nitrate,2,5,23,312.37,6,54,0,standard,CN(C(=O)COCC(=O)N(C)c1ccccc1)c1ccccc1
cc05c1c73d3e,Lu,8,6,1,nitrate,nitrate,2,1,60,787.02,14,68,1,"standard,large_ligand_deep,large_ligand_fast",CCCCCCn1c(-c2ccccc2)c(-c2ccccc2)c2cc3ccc4cc5c(-c6ccccc6)c(-c6ccccc6)n(CCCCCC)c(=O)c5nc4c3nc2c1=O
01e76e93d20f,Lu,8,6,1,water,water,2,1,60,787.02,14,62,1,"standard,large_ligand_deep,large_ligand_fast",CCCCCCn1c(-c2ccccc2)c(-c2ccccc2)c2cc3ccc4cc5c(-c6ccccc6)c(-c6ccccc6)n(CCCCCC)c(=O)c5nc4c3nc2c1=O
2008860df8de,Yb,8,7,1,nitrate,nitrate,1,1,22,302.24,1,26,0,standard,O=c1c(O)c(-c2ccc(O)c(O)c2)oc2cc(O)cc(O)c12
93b4cff98f83,Nd,9,3,3,nitrate,nitrate,0,1,43,609.04,32,129,0,standard,CCCCCCCCN(CCCCCCCC)C(=O)[C@H](C)O[C@H](C)C(=O)N(CCCCCCCC)CCCCCCCC
36a8d86e270c,Nd,9,3,3,water,water,0,3,27,384.61,18,81,0,standard,CCCCCCCCN(C)C(=O)COCC(=O)N(C)CCCCCCCC
8ecfa50da786,Nd,9,3,3,water,water,0,1,27,384.61,16,81,0,standard,CCCCC(CC)CN(C)C(=O)COCC(=O)N(C)CC(CC)CCCC
3095c50fd4a6,Nd,9,3,3,water,water,0,1,39,552.93,28,117,0,standard,CCCCCCC(CCCC)CCCN(C)C(=O)COCC(=O)N(C)CCCC(CCCC)CCCCCC
ae99ecec7121,Nd,9,3,3,water,water,0,1,29,412.66,20,87,0,standard,CCCCCCCCN(CC)C(=O)COCC(=O)N(CC)CCCCCCCC
5432c76725a1,Nd,9,3,3,water,water,0,1,31,440.71,22,93,0,standard,CCCCCCCCN(CCC)C(=O)COCC(=O)N(CCC)CCCCCCCC
475b12bfbaae,Nd,9,3,3,water,water,0,1,27,384.61,18,81,0,standard,CCCCCCCCN(CCCCCCCC)C(=O)COCC(=O)N(C)C
2840f6c3bac7,Nd,9,3,3,water,water,0,1,34,482.79,25,102,0,standard,CCCCCCCCN(C)C(=O)COCC(=O)N(CCCCCCCC)CCCCCCCC
ce16ce22e076,Pr,9,3,3,water,water,0,1,45,669.14,24,135,0,standard,CCCCCCCCC(C)(C)SCC1CN(C(=O)COCC(=O)N2CC(C)C(CSC(C)(C)CCCCCCCC)C2)CC1C
1de9b7816a1a,Nd,9,3,3,water,water,0,1,45,669.14,24,135,0,standard,CCCCCCCCC(C)(C)SCC1CN(C(=O)COCC(=O)N2CC(C)C(CSC(C)(C)CCCCCCCC)C2)CC1C
d01a3975411c,Sm,9,3,3,water,water,0,1,45,669.14,24,135,0,standard,CCCCCCCCC(C)(C)SCC1CN(C(=O)COCC(=O)N2CC(C)C(CSC(C)(C)CCCCCCCC)C2)CC1C
160137181465,Tb,8,3,2,water,water,2,1,45,669.14,24,92,0,standard,CCCCCCCCC(C)(C)SCC1CN(C(=O)COCC(=O)N2CC(C)C(CSC(C)(C)CCCCCCCC)C2)CC1C
dbd33e562021,Tm,8,3,2,water,water,2,1,45,669.14,24,92,0,standard,CCCCCCCCC(C)(C)SCC1CN(C(=O)COCC(=O)N2CC(C)C(CSC(C)(C)CCCCCCCC)C2)CC1C
cdfa23f30bc7,Yb,8,3,2,water,water,2,1,45,669.14,24,92,0,standard,CCCCCCCCC(C)(C)SCC1CN(C(=O)COCC(=O)N2CC(C)C(CSC(C)(C)CCCCCCCC)C2)CC1C
a20cdf540a91,Nd,9,3,3,water,water,0,1,49,693.2,40,147,0,standard,CCCCCCCCCCCCN(CCCCCCCC)C(=O)COCC(=O)N(CCCCCCCC)CCCCCCCCCCCC
854baef45df8,Nd,9,3,3,water,water,0,1,43,609.04,26,129,0,standard,CCCCCCCCN(CCC(C)CC(C)(C)C)C(=O)COCC(=O)N(CCCCCCCC)CCC(C)CC(C)(C)C
6d8e9559aedb,Nd,9,3,3,water,water,0,1,53,749.31,42,159,0,standard,CCCCCCCCN(CCCC(CCCC)CCCCCC)C(=O)COCC(=O)N(CCCCCCCC)CCCC(CCCC)CCCCCC
cfb24bbfbf9d,Nd,9,3,3,water,water,0,1,49,693.2,36,147,0,standard,CCCCCCCCN(CCCCC(C)CCCC(C)C)C(=O)COCC(=O)N(CCCCCCCC)CCCCC(C)CCCC(C)C
378fee4fe5c6,Nd,9,7,1,water,water,2,1,25,364.44,16,27,0,standard,COCCN(CCOC)C(=O)COCC(=O)N(CCOC)CCOC
11ac249f26c1,Nd,9,6,1,nitrate,nitrate,3,1,60,787.02,14,72,1,"standard,large_ligand_deep,large_ligand_fast",CCCCCCn1c(-c2ccccc2)c(-c2ccccc2)c2cc3ccc4cc5c(-c6ccccc6)c(-c6ccccc6)n(CCCCCC)c(=O)c5nc4c3nc2c1=O
467fe4b7a7ef,Nd,9,6,1,water,water,3,1,60,787.02,14,63,1,"standard,large_ligand_deep,large_ligand_fast",CCCCCCn1c(-c2ccccc2)c(-c2ccccc2)c2cc3ccc4cc5c(-c6ccccc6)c(-c6ccccc6)n(CCCCCC)c(=O)c5nc4c3nc2c1=O
e119696fa421,Pr,9,3,3,water,water,0,2,41,580.98,28,123,0,standard,CCCCC(CC)CN(CC(CC)CCCC)C(=O)COCC(=O)N(CC(CC)CCCC)CC(CC)CCCC
4c69294529b9,Sm,9,3,3,water,water,0,2,41,580.98,28,123,0,standard,CCCCC(CC)CN(CC(CC)CCCC)C(=O)COCC(=O)N(CC(CC)CCCC)CC(CC)CCCC
bad92aaac89e,Tb,8,3,2,water,water,2,2,41,580.98,28,84,0,standard,CCCCC(CC)CN(CC(CC)CCCC)C(=O)COCC(=O)N(CC(CC)CCCC)CC(CC)CCCC
fc17b4020e9e,Tm,8,3,2,water,water,2,2,41,580.98,28,84,0,standard,CCCCC(CC)CN(CC(CC)CCCC)C(=O)COCC(=O)N(CC(CC)CCCC)CC(CC)CCCC
3ef926d9b89b,Yb,8,3,2,water,water,2,2,41,580.98,28,84,0,standard,CCCCC(CC)CN(CC(CC)CCCC)C(=O)COCC(=O)N(CC(CC)CCCC)CC(CC)CCCC
39d175aefe15,Pr,9,3,3,water,water,0,3,27,384.61,18,81,0,standard,CCCCCCCCN(C)C(=O)COCC(=O)N(C)CCCCCCCC
b6b591990df4,Sm,9,3,3,water,water,0,3,27,384.61,18,81,0,standard,CCCCCCCCN(C)C(=O)COCC(=O)N(C)CCCCCCCC
07dc84629842,Tb,8,3,2,water,water,2,3,27,384.61,18,56,0,standard,CCCCCCCCN(C)C(=O)COCC(=O)N(C)CCCCCCCC
07bca11114cd,Tm,8,3,2,water,water,2,2,27,384.61,18,56,0,standard,CCCCCCCCN(C)C(=O)COCC(=O)N(C)CCCCCCCC
189fe1ed8c01,Yb,8,3,2,water,water,2,3,27,384.61,18,56,0,standard,CCCCCCCCN(C)C(=O)COCC(=O)N(C)CCCCCCCC
98efa26929c7,Pr,9,3,3,water,water,0,1,27,384.61,16,81,0,standard,CCCCC(CC)CN(C)C(=O)COCC(=O)N(C)CC(CC)CCCC
73eeb14fc6d0,Sm,9,3,3,water,water,0,1,27,384.61,16,81,0,standard,CCCCC(CC)CN(C)C(=O)COCC(=O)N(C)CC(CC)CCCC
f0d417e127de,Tb,8,3,2,water,water,2,1,27,384.61,16,56,0,standard,CCCCC(CC)CN(C)C(=O)COCC(=O)N(C)CC(CC)CCCC
e4306ad84f62,Tm,8,3,2,water,water,2,1,27,384.61,16,56,0,standard,CCCCC(CC)CN(C)C(=O)COCC(=O)N(C)CC(CC)CCCC
42c5015cc7f3,Yb,8,3,2,water,water,2,1,27,384.61,16,56,0,standard,CCCCC(CC)CN(C)C(=O)COCC(=O)N(C)CC(CC)CCCC
57d63caa8449,Pr,9,3,3,water,water,0,1,39,552.93,28,117,0,standard,CCCCCCC(CCCC)CCCN(C)C(=O)COCC(=O)N(C)CCCC(CCCC)CCCCCC
b33c3ceeb432,Sm,9,3,3,water,water,0,1,39,552.93,28,117,0,standard,CCCCCCC(CCCC)CCCN(C)C(=O)COCC(=O)N(C)CCCC(CCCC)CCCCCC
7a5e099e75cf,Tb,8,3,2,water,water,2,1,39,552.93,28,80,0,standard,CCCCCCC(CCCC)CCCN(C)C(=O)COCC(=O)N(C)CCCC(CCCC)CCCCCC
482a321ba7fb,Tm,8,3,2,water,water,2,1,39,552.93,28,80,0,standard,CCCCCCC(CCCC)CCCN(C)C(=O)COCC(=O)N(C)CCCC(CCCC)CCCCCC
801645556b15,Yb,8,3,2,water,water,2,1,39,552.93,28,80,0,standard,CCCCCCC(CCCC)CCCN(C)C(=O)COCC(=O)N(C)CCCC(CCCC)CCCCCC
c055709f2b44,Pr,9,3,3,water,water,0,1,29,412.66,20,87,0,standard,CCCCCCCCN(CC)C(=O)COCC(=O)N(CC)CCCCCCCC
bf99bcffb62a,Sm,9,3,3,water,water,0,1,29,412.66,20,87,0,standard,CCCCCCCCN(CC)C(=O)COCC(=O)N(CC)CCCCCCCC
ca392dc7b2d2,Tb,8,3,2,water,water,2,1,29,412.66,20,60,0,standard,CCCCCCCCN(CC)C(=O)COCC(=O)N(CC)CCCCCCCC
537758e4db4c,Tm,8,3,2,water,water,2,1,29,412.66,20,60,0,standard,CCCCCCCCN(CC)C(=O)COCC(=O)N(CC)CCCCCCCC
cbc66e092e99,Yb,8,3,2,water,water,2,1,29,412.66,20,60,0,standard,CCCCCCCCN(CC)C(=O)COCC(=O)N(CC)CCCCCCCC
8cca367a290e,Pr,9,3,3,water,water,0,1,31,440.71,22,93,0,standard,CCCCCCCCN(CCC)C(=O)COCC(=O)N(CCC)CCCCCCCC
e9ea13a0e508,Sm,9,3,3,water,water,0,1,31,440.71,22,93,0,standard,CCCCCCCCN(CCC)C(=O)COCC(=O)N(CCC)CCCCCCCC
ee37a7deb674,Tb,8,3,2,water,water,2,1,31,440.71,22,64,0,standard,CCCCCCCCN(CCC)C(=O)COCC(=O)N(CCC)CCCCCCCC
61e5ab619c27,Tm,8,3,2,water,water,2,1,31,440.71,22,64,0,standard,CCCCCCCCN(CCC)C(=O)COCC(=O)N(CCC)CCCCCCCC
7599752bb1b0,Yb,8,3,2,water,water,2,1,31,440.71,22,64,0,standard,CCCCCCCCN(CCC)C(=O)COCC(=O)N(CCC)CCCCCCCC
0fa08d2cc317,Pr,9,3,3,water,water,0,1,27,384.61,18,81,0,standard,CCCCCCCCN(CCCCCCCC)C(=O)COCC(=O)N(C)C
885c79596cdc,Sm,9,3,3,water,water,0,1,27,384.61,18,81,0,standard,CCCCCCCCN(CCCCCCCC)C(=O)COCC(=O)N(C)C
0bb00f91f6ef,Pr,9,3,3,water,water,0,1,34,482.79,25,102,0,standard,CCCCCCCCN(C)C(=O)COCC(=O)N(CCCCCCCC)CCCCCCCC
c3c900cb0dfb,Sm,9,3,3,water,water,0,1,34,482.79,25,102,0,standard,CCCCCCCCN(C)C(=O)COCC(=O)N(CCCCCCCC)CCCCCCCC
4841e34210ff,Tb,8,3,2,water,water,2,1,34,482.79,25,70,0,standard,CCCCCCCCN(C)C(=O)COCC(=O)N(CCCCCCCC)CCCCCCCC
02c5eecbaeff,Tm,8,3,2,water,water,2,1,34,482.79,25,70,0,standard,CCCCCCCCN(C)C(=O)COCC(=O)N(CCCCCCCC)CCCCCCCC
d13c29df7ec2,Yb,8,3,2,water,water,2,1,34,482.79,25,70,0,standard,CCCCCCCCN(C)C(=O)COCC(=O)N(CCCCCCCC)CCCCCCCC
c08891c4b9a5,Pr,9,3,3,water,water,0,1,49,693.2,40,147,0,standard,CCCCCCCCCCCCN(CCCCCCCC)C(=O)COCC(=O)N(CCCCCCCC)CCCCCCCCCCCC
e1565f3e9c85,Sm,9,3,3,water,water,0,1,49,693.2,40,147,0,standard,CCCCCCCCCCCCN(CCCCCCCC)C(=O)COCC(=O)N(CCCCCCCC)CCCCCCCCCCCC
b94a7729c663,Tb,8,3,2,water,water,2,1,49,693.2,40,100,0,standard,CCCCCCCCCCCCN(CCCCCCCC)C(=O)COCC(=O)N(CCCCCCCC)CCCCCCCCCCCC
a88017c110ed,Yb,8,3,2,water,water,2,1,49,693.2,40,100,0,standard,CCCCCCCCCCCCN(CCCCCCCC)C(=O)COCC(=O)N(CCCCCCCC)CCCCCCCCCCCC
dec418ee11a4,Pr,9,3,3,water,water,0,1,43,609.04,26,129,0,standard,CCCCCCCCN(CCC(C)CC(C)(C)C)C(=O)COCC(=O)N(CCCCCCCC)CCC(C)CC(C)(C)C
49ed05aae948,Sm,9,3,3,water,water,0,1,43,609.04,26,129,0,standard,CCCCCCCCN(CCC(C)CC(C)(C)C)C(=O)COCC(=O)N(CCCCCCCC)CCC(C)CC(C)(C)C
b1148a7d8cb7,Tb,8,3,2,water,water,2,1,43,609.04,26,88,0,standard,CCCCCCCCN(CCC(C)CC(C)(C)C)C(=O)COCC(=O)N(CCCCCCCC)CCC(C)CC(C)(C)C
22f43511ec77,Tm,8,3,2,water,water,2,1,43,609.04,26,88,0,standard,CCCCCCCCN(CCC(C)CC(C)(C)C)C(=O)COCC(=O)N(CCCCCCCC)CCC(C)CC(C)(C)C
bf029fdb8a36,Yb,8,3,2,water,water,2,1,43,609.04,26,88,0,standard,CCCCCCCCN(CCC(C)CC(C)(C)C)C(=O)COCC(=O)N(CCCCCCCC)CCC(C)CC(C)(C)C
b52aaefe9784,Pr,9,3,3,water,water,0,1,53,749.31,42,159,0,standard,CCCCCCCCN(CCCC(CCCC)CCCCCC)C(=O)COCC(=O)N(CCCCCCCC)CCCC(CCCC)CCCCCC
957e1899e9b4,Sm,9,3,3,water,water,0,1,53,749.31,42,159,0,standard,CCCCCCCCN(CCCC(CCCC)CCCCCC)C(=O)COCC(=O)N(CCCCCCCC)CCCC(CCCC)CCCCCC
440ee3e16f8f,Tb,8,3,2,water,water,2,1,53,749.31,42,108,0,standard,CCCCCCCCN(CCCC(CCCC)CCCCCC)C(=O)COCC(=O)N(CCCCCCCC)CCCC(CCCC)CCCCCC
77a31bcc4546,Tm,8,3,2,water,water,2,1,53,749.31,42,108,0,standard,CCCCCCCCN(CCCC(CCCC)CCCCCC)C(=O)COCC(=O)N(CCCCCCCC)CCCC(CCCC)CCCCCC
2a33354a817f,Yb,8,3,2,water,water,2,1,53,749.31,42,108,0,standard,CCCCCCCCN(CCCC(CCCC)CCCCCC)C(=O)COCC(=O)N(CCCCCCCC)CCCC(CCCC)CCCCCC
aed05390eeae,Pr,9,3,3,water,water,0,1,49,693.2,36,147,0,standard,CCCCCCCCN(CCCCC(C)CCCC(C)C)C(=O)COCC(=O)N(CCCCCCCC)CCCCC(C)CCCC(C)C
df9be565e13b,Sm,9,3,3,water,water,0,1,49,693.2,36,147,0,standard,CCCCCCCCN(CCCCC(C)CCCC(C)C)C(=O)COCC(=O)N(CCCCCCCC)CCCCC(C)CCCC(C)C
835eacd47610,Tb,8,3,2,water,water,2,1,49,693.2,36,100,0,standard,CCCCCCCCN(CCCCC(C)CCCC(C)C)C(=O)COCC(=O)N(CCCCCCCC)CCCCC(C)CCCC(C)C
81621c5616ef,Tm,8,3,2,water,water,2,1,49,693.2,36,100,0,standard,CCCCCCCCN(CCCCC(C)CCCC(C)C)C(=O)COCC(=O)N(CCCCCCCC)CCCCC(C)CCCC(C)C
7cdf4cfae70c,Yb,8,3,2,water,water,2,1,49,693.2,36,100,0,standard,CCCCCCCCN(CCCCC(C)CCCC(C)C)C(=O)COCC(=O)N(CCCCCCCC)CCCCC(C)CCCC(C)C
7585da06f83d,Pr,9,7,1,water,water,2,1,25,364.44,16,27,0,standard,COCCN(CCOC)C(=O)COCC(=O)N(CCOC)CCOC
c614ad7fb8d4,Sm,9,7,1,water,water,2,1,25,364.44,16,27,0,standard,COCCN(CCOC)C(=O)COCC(=O)N(CCOC)CCOC
5370ca21e6d7,Tb,8,7,1,water,water,1,1,25,364.44,16,26,0,standard,COCCN(CCOC)C(=O)COCC(=O)N(CCOC)CCOC
fd3fe197d04d,Tm,8,7,1,water,water,1,1,25,364.44,16,26,0,standard,COCCN(CCOC)C(=O)COCC(=O)N(CCOC)CCOC
b9bcc8dbd520,Yb,8,7,1,water,water,1,1,25,364.44,16,26,0,standard,COCCN(CCOC)C(=O)COCC(=O)N(CCOC)CCOC
e716ee59bc93,Pr,9,3,3,nitrate,nitrate,0,1,43,609.04,32,129,0,standard,CCCCCCCCN(CCCCCCCC)C(=O)[C@H](C)O[C@H](C)C(=O)N(CCCCCCCC)CCCCCCCC
7fb42c46d354,Sm,9,3,3,nitrate,nitrate,0,1,43,609.04,32,129,0,standard,CCCCCCCCN(CCCCCCCC)C(=O)[C@H](C)O[C@H](C)C(=O)N(CCCCCCCC)CCCCCCCC
7edd7c088658,Tb,8,3,2,nitrate,nitrate,2,1,43,609.04,32,94,0,standard,CCCCCCCCN(CCCCCCCC)C(=O)[C@H](C)O[C@H](C)C(=O)N(CCCCCCCC)CCCCCCCC
bb6dc9c949d5,Tm,8,3,2,nitrate,nitrate,2,1,43,609.04,32,94,0,standard,CCCCCCCCN(CCCCCCCC)C(=O)[C@H](C)O[C@H](C)C(=O)N(CCCCCCCC)CCCCCCCC
ace58608600a,Yb,8,3,2,nitrate,nitrate,2,1,43,609.04,32,94,0,standard,CCCCCCCCN(CCCCCCCC)C(=O)[C@H](C)O[C@H](C)C(=O)N(CCCCCCCC)CCCCCCCC
3993ab98c7c2,Sm,9,3,3,nitrate,nitrate,0,4,21,300.44,12,63,0,standard,CCCN(CCC)C(=O)COCC(=O)N(CCC)CCC
f3ea00a7b918,Tb,8,3,2,nitrate,nitrate,2,4,21,300.44,12,50,0,standard,CCCN(CCC)C(=O)COCC(=O)N(CCC)CCC
0c9244186a0f,Tm,8,3,2,nitrate,nitrate,2,4,21,300.44,12,50,0,standard,CCCN(CCC)C(=O)COCC(=O)N(CCC)CCC
dfc3133e92d7,Yb,8,3,2,nitrate,nitrate,2,4,21,300.44,12,50,0,standard,CCCN(CCC)C(=O)COCC(=O)N(CCC)CCC
ed83b77205f9,Pr,9,6,1,water,water,3,1,60,787.02,14,63,1,"standard,large_ligand_deep,large_ligand_fast",CCCCCCn1c(-c2ccccc2)c(-c2ccccc2)c2cc3ccc4cc5c(-c6ccccc6)c(-c6ccccc6)n(CCCCCC)c(=O)c5nc4c3nc2c1=O
a0d3025a66af,Pr,9,6,1,nitrate,nitrate,3,1,60,787.02,14,72,1,"standard,large_ligand_deep,large_ligand_fast",CCCCCCn1c(-c2ccccc2)c(-c2ccccc2)c2cc3ccc4cc5c(-c6ccccc6)c(-c6ccccc6)n(CCCCCC)c(=O)c5nc4c3nc2c1=O
c301f84f5c52,Pr,9,6,1,nitrate,nitrate,3,1,26,360.41,0,38,0,standard,c1ccc2c(c1)OCCOCCOc1ccccc1OCCOCCO2
fe2ac47d90be,Pr,9,6,1,nitrate,nitrate,3,1,29,393.44,0,41,0,standard,c1cc2nc(c1)COc1ccccc1OCCOCCOc1ccccc1OC2
a23ff5b4acd2,Pr,9,6,1,nitrate,nitrate,3,1,26,372.5,0,38,0,standard,C1CCC2OCCOCCOC3CCCCC3OCCOCCOC2C1
6ddb7853aa70,Sm,9,6,1,nitrate,nitrate,3,1,60,787.02,14,72,1,"standard,large_ligand_deep,large_ligand_fast",CCCCCCn1c(-c2ccccc2)c(-c2ccccc2)c2cc3ccc4cc5c(-c6ccccc6)c(-c6ccccc6)n(CCCCCC)c(=O)c5nc4c3nc2c1=O
b4c75f037006,Sm,9,6,1,water,water,3,1,60,787.02,14,63,1,"standard,large_ligand_deep,large_ligand_fast",CCCCCCn1c(-c2ccccc2)c(-c2ccccc2)c2cc3ccc4cc5c(-c6ccccc6)c(-c6ccccc6)n(CCCCCC)c(=O)c5nc4c3nc2c1=O
f6e1351abbb0,Tb,8,6,1,nitrate,nitrate,2,1,60,787.02,14,68,1,"standard,large_ligand_deep,large_ligand_fast",CCCCCCn1c(-c2ccccc2)c(-c2ccccc2)c2cc3ccc4cc5c(-c6ccccc6)c(-c6ccccc6)n(CCCCCC)c(=O)c5nc4c3nc2c1=O
a6e2f5bc31e8,Tb,8,6,1,water,water,2,1,60,787.02,14,62,1,"standard,large_ligand_deep,large_ligand_fast",CCCCCCn1c(-c2ccccc2)c(-c2ccccc2)c2cc3ccc4cc5c(-c6ccccc6)c(-c6ccccc6)n(CCCCCC)c(=O)c5nc4c3nc2c1=O
b6234ce57a75,Yb,8,6,1,nitrate,nitrate,2,1,60,787.02,14,68,1,"standard,large_ligand_deep,large_ligand_fast",CCCCCCn1c(-c2ccccc2)c(-c2ccccc2)c2cc3ccc4cc5c(-c6ccccc6)c(-c6ccccc6)n(CCCCCC)c(=O)c5nc4c3nc2c1=O
9fc207440e89,Tm,8,6,1,nitrate,nitrate,2,1,60,787.02,14,68,1,"standard,large_ligand_deep,large_ligand_fast",CCCCCCn1c(-c2ccccc2)c(-c2ccccc2)c2cc3ccc4cc5c(-c6ccccc6)c(-c6ccccc6)n(CCCCCC)c(=O)c5nc4c3nc2c1=O
a0aa0701cbf7,Yb,8,6,1,water,water,2,1,60,787.02,14,62,1,"standard,large_ligand_deep,large_ligand_fast",CCCCCCn1c(-c2ccccc2)c(-c2ccccc2)c2cc3ccc4cc5c(-c6ccccc6)c(-c6ccccc6)n(CCCCCC)c(=O)c5nc4c3nc2c1=O
b6783a4dd86e,Tm,8,6,1,water,water,2,1,60,787.02,14,62,1,"standard,large_ligand_deep,large_ligand_fast",CCCCCCn1c(-c2ccccc2)c(-c2ccccc2)c2cc3ccc4cc5c(-c6ccccc6)c(-c6ccccc6)n(CCCCCC)c(=O)c5nc4c3nc2c1=O
