exp_id,Extractant_Name,Extractant_Concentration_M,Acid_Name,Acid_Concentration_M,Solvent_Name,Metal_Name,Metal_Oxidation_state,Metal_Concentration_mM,Phase_Modifier_Name,Phase_Modifier_Concentration_M,Holdback_Agent_Name,Holdback_Agent_Concentration_M,Extractant_SMILES,Extractant_inchi,ini_comp,Acid_Concentration_Organic_M,f_Solvent_Name,f_Metal_Concentration_mM,DOI,entry_author,addition_date,obsDvalues,obsDvaluesValue,obsTotalEnergiesUnit,obsTemp,obsTempsValue,obsTempUnit,Contact_Time_min,Shaking_Time_min,Radiolytic_Dosage_kGy,comments_obsType,comments_description,volType,volValue,thirdType,thirdValue
2613,TODGA,0.001 M,HNO3,3 M,n-Dodecane,Cm,III , ,,,,,CCCCCCCCN(CCCCCCCC)C(=O)COCC(=O)N(CCCCCCCC)CCCCCCCC,-,"HNO3, TODGA, Cm, n-Dodecane",,n-Dodecane,,DOI:10.1080/07366299.2013.800431,Aurora Clark,2024-12-16 21:51:39,Distribution Ratio,0.0139,-,Temperature,25.0,C,- -,30.0 min,,Comments,fig15 III 0.0 extraction:nan,,,,
2614,TODGA,0.0019 M,HNO3,3 M,n-Dodecane,Cm,III , ,,,,,CCCCCCCCN(CCCCCCCC)C(=O)COCC(=O)N(CCCCCCCC)CCCCCCCC,-,"HNO3, TODGA, Cm, n-Dodecane",,n-Dodecane,,DOI:10.1080/07366299.2013.800431,Aurora Clark,2024-12-16 21:51:39,Distribution Ratio,0.0845,-,Temperature,25.0,C,- -,30.0 min,,Comments,fig15 III 0.0 extraction:nan,,,,
2615,TODGA,0.005 M,HNO3,3 M,n-Dodecane,Cm,III , ,,,,,CCCCCCCCN(CCCCCCCC)C(=O)COCC(=O)N(CCCCCCCC)CCCCCCCC,-,"HNO3, TODGA, Cm, n-Dodecane",,n-Dodecane,,DOI:10.1080/07366299.2013.800431,Aurora Clark,2024-12-16 21:51:40,Distribution Ratio,2.3352,-,Temperature,25.0,C,- -,30.0 min,,Comments,fig15 III 0.0 extraction:nan,,,,
2616,TODGA,0.0102 M,HNO3,3 M,n-Dodecane,Cm,III , ,,,,,CCCCCCCCN(CCCCCCCC)C(=O)COCC(=O)N(CCCCCCCC)CCCCCCCC,-,"HNO3, TODGA, Cm, n-Dodecane",,n-Dodecane,,DOI:10.1080/07366299.2013.800431,Aurora Clark,2024-12-16 21:51:40,Distribution Ratio,26.8969,-,Temperature,25.0,C,- -,30.0 min,,Comments,fig15 III 0.0 extraction:nan,,,,
2705,TODGA,0.00202973 M,HNO3,2.9 M,n-Dodecane,Cm, ,0.4 mM,,,,,CCCCCCCCN(CCCCCCCC)C(=O)COCC(=O)N(CCCCCCCC)CCCCCCCC,-,"HNO3, TODGA, Cm, n-Dodecane",,n-Dodecane,,doi:10.1016/j.aca.2004.09.023,Aurora Clark,2024-12-16 21:51:46,Distribution Ratio,0.0803,-,Temperature,25.0,C,- -,50.0 min,,Comments,fig2 (III) – assuming 100ppm 0.0 extraction:nan,,,,
2707,TODGA,0.0010056 M,HNO3,2.9 M,n-Dodecane,Cm, ,0.4 mM,,,,,CCCCCCCCN(CCCCCCCC)C(=O)COCC(=O)N(CCCCCCCC)CCCCCCCC,-,"HNO3, TODGA, Cm, n-Dodecane",,n-Dodecane,,doi:10.1016/j.aca.2004.09.023,Aurora Clark,2024-12-16 21:51:46,Distribution Ratio,0.0142,-,Temperature,25.0,C,- -,50.0 min,,Comments,fig2 (III) – assuming 100ppm 0.0 extraction:nan,,,,
2724,TODGA,0.00518269 M,HNO3,2.9 M,n-Dodecane,Cm, ,0.4 mM,,,,,CCCCCCCCN(CCCCCCCC)C(=O)COCC(=O)N(CCCCCCCC)CCCCCCCC,-,"HNO3, TODGA, Cm, n-Dodecane",,n-Dodecane,,doi:10.1016/j.aca.2004.09.023,Aurora Clark,2024-12-16 21:51:47,Distribution Ratio,2.4099,-,Temperature,25.0,C,- -,50.0 min,,Comments,fig2 (III) – assuming 100ppm 0.0 extraction:nan,,,,
2726,TODGA,0.0100854 M,HNO3,2.9 M,n-Dodecane,Cm, ,0.4 mM,,,,,CCCCCCCCN(CCCCCCCC)C(=O)COCC(=O)N(CCCCCCCC)CCCCCCCC,-,"HNO3, TODGA, Cm, n-Dodecane",,n-Dodecane,,doi:10.1016/j.aca.2004.09.023,Aurora Clark,2024-12-16 21:51:47,Distribution Ratio,26.3665,-,Temperature,25.0,C,- -,50.0 min,,Comments,fig2 (III) – assuming 100ppm 0.0 extraction:nan,,,,
2738,TODGA,0.0203963 M,HNO3,2.9 M,n-Dodecane,Cm, ,0.4 mM,,,,,CCCCCCCCN(CCCCCCCC)C(=O)COCC(=O)N(CCCCCCCC)CCCCCCCC,-,"HNO3, TODGA, Cm, n-Dodecane",,n-Dodecane,,doi:10.1016/j.aca.2004.09.023,Aurora Clark,2024-12-16 21:51:47,Distribution Ratio,107.7105,-,Temperature,25.0,C,- -,50.0 min,,Comments,fig2 (III) – assuming 100ppm 0.0 extraction:nan,,,,
2927,TODGA,0.0196 M,HNO3,2.9 M,n-Dodecane,Cm,III , ,,,,,CCCCCCCCN(CCCCCCCC)C(=O)COCC(=O)N(CCCCCCCC)CCCCCCCC,-,"HNO3, TODGA, Cm, n-Dodecane",,n-Dodecane,,https://doi.org/10.1080/18811248.2007.9711301,Aurora Clark,2024-12-16 21:52:03,Distribution Ratio,108.6278,-,Temperature,25.0,C,- -,32.0 min,,Comments,fig3 (III) – assuming 100ppm 0.0 extraction:nan,,,,
2928,TODGA,0.0101 M,HNO3,2.9 M,n-Dodecane,Cm,III , ,,,,,CCCCCCCCN(CCCCCCCC)C(=O)COCC(=O)N(CCCCCCCC)CCCCCCCC,-,"HNO3, TODGA, Cm, n-Dodecane",,n-Dodecane,,https://doi.org/10.1080/18811248.2007.9711301,Aurora Clark,2024-12-16 21:52:03,Distribution Ratio,25.2169,-,Temperature,25.0,C,- -,31.0 min,,Comments,fig3 (III) – assuming 100ppm 0.0 extraction:nan,,,,
2929,TODGA,0.002 M,HNO3,2.9 M,n-Dodecane,Cm,III , ,,,,,CCCCCCCCN(CCCCCCCC)C(=O)COCC(=O)N(CCCCCCCC)CCCCCCCC,-,"HNO3, TODGA, Cm, n-Dodecane",,n-Dodecane,,https://doi.org/10.1080/18811248.2007.9711301,Aurora Clark,2024-12-16 21:52:03,Distribution Ratio,0.0799,-,Temperature,25.0,C,- -,30.0 min,,Comments,fig3 (III) – assuming 100ppm 0.0 extraction:nan,,,,
2930,TODGA,0.001 M,HNO3,2.9 M,n-Dodecane,Cm,III , ,,,,,CCCCCCCCN(CCCCCCCC)C(=O)COCC(=O)N(CCCCCCCC)CCCCCCCC,-,"HNO3, TODGA, Cm, n-Dodecane",,n-Dodecane,,https://doi.org/10.1080/18811248.2007.9711301,Aurora Clark,2024-12-16 21:52:03,Distribution Ratio,0.0143,-,Temperature,25.0,C,- -,30.0 min,,Comments,fig3 (III) – assuming 100ppm 0.0 extraction:nan,,,,
2968,TODGA,0.005 M,HNO3,2.9 M,n-Dodecane,Cm,III , ,,,,,CCCCCCCCN(CCCCCCCC)C(=O)COCC(=O)N(CCCCCCCC)CCCCCCCC,-,"HNO3, TODGA, Cm, n-Dodecane",,n-Dodecane,,https://doi.org/10.1080/18811248.2007.9711301,Aurora Clark,2024-12-16 21:52:05,Distribution Ratio,2.367,-,Temperature,25.0,C,- -,30.0 min,,Comments,fig3 (III) – assuming 100ppm 0.0 extraction:nan,,,,
3724,DMDOHEMA,0.75 M,HNO3,2.94563 M,tphkerosene,Cm, ,0.07 mM,,,,,CCCCCCCCN(C)C(=O)C(CCOCCCCCC)C(=O)N(C)CCCCCCCC,-,"HNO3, DMDOHEMA, Cm, tphkerosene",,tphkerosene,,10.1080/07366299.2020.1794523,Aurora Clark,2024-12-16 21:53:11,Distribution Ratio,4.77468909459122,-,Temperature,21.85000000000002,C,- -,45.0 min,,Comments,fig5 nan nan extraction:nan,,,,
3725,DMDOHEMA,0.75 M,HNO3,0.992145 M,tphkerosene,Cm, ,0.07 mM,,,,,CCCCCCCCN(C)C(=O)C(CCOCCCCCC)C(=O)N(C)CCCCCCCC,-,"HNO3, DMDOHEMA, Cm, tphkerosene",,tphkerosene,,10.1080/07366299.2020.1794523,Aurora Clark,2024-12-16 21:53:11,Distribution Ratio,0.153675058425034,-,Temperature,21.85000000000002,C,- -,45.0 min,,Comments,fig5 nan nan extraction:nan,,,,
3739,DMDOHEMA,0.75 M,HNO3,0.296895 M,tphkerosene,Cm, ,0.07 mM,,,,,CCCCCCCCN(C)C(=O)C(CCOCCCCCC)C(=O)N(C)CCCCCCCC,-,"HNO3, DMDOHEMA, Cm, tphkerosene",,tphkerosene,,10.1080/07366299.2020.1794523,Aurora Clark,2024-12-16 21:53:12,Distribution Ratio,0.0106016832548338,-,Temperature,21.85000000000002,C,- -,45.0 min,,Comments,fig5 nan nan extraction:nan,,,,
3740,DMDOHEMA,0.75 M,HNO3,0.104022 M,tphkerosene,Cm, ,0.07 mM,,,,,CCCCCCCCN(C)C(=O)C(CCOCCCCCC)C(=O)N(C)CCCCCCCC,-,"HNO3, DMDOHEMA, Cm, tphkerosene",,tphkerosene,,10.1080/07366299.2020.1794523,Aurora Clark,2024-12-16 21:53:12,Distribution Ratio,0.0010689595635768,-,Temperature,21.85000000000002,C,- -,45.0 min,,Comments,fig5 nan nan extraction:nan,,,,
4273,TODGA,0.2 M,HNO3,0.1219 M,DIPB,Cm,III ,0.00001 mM,,,,,CCCCCCCCN(CCCCCCCC)C(=O)COCC(=O)N(CCCCCCCC)CCCCCCCC,-,"HNO3, TODGA, Cm, DIPB",,DIPB,,https://doi.org/10.1016/j.hydromet.2020.105248,Aurora Clark,2024-12-16 21:53:51,Distribution Ratio,0.025,-,Temperature,20.0,C,- -,30.0 min,,Comments,fig6 nan nan extraction:nan,,,,
4274,TODGA,0.2 M,HNO3,0.3046 M,DIPB,Cm,III ,0.00001 mM,,,,,CCCCCCCCN(CCCCCCCC)C(=O)COCC(=O)N(CCCCCCCC)CCCCCCCC,-,"HNO3, TODGA, Cm, DIPB",,DIPB,,https://doi.org/10.1016/j.hydromet.2020.105248,Aurora Clark,2024-12-16 21:53:51,Distribution Ratio,0.2351,-,Temperature,20.0,C,- -,30.0 min,,Comments,fig6 nan nan extraction:nan,,,,
4275,TODGA,0.2 M,HNO3,0.4872 M,DIPB,Cm,III ,0.00001 mM,,,,,CCCCCCCCN(CCCCCCCC)C(=O)COCC(=O)N(CCCCCCCC)CCCCCCCC,-,"HNO3, TODGA, Cm, DIPB",,DIPB,,https://doi.org/10.1016/j.hydromet.2020.105248,Aurora Clark,2024-12-16 21:53:52,Distribution Ratio,1.0042,-,Temperature,20.0,C,- -,30.0 min,,Comments,fig6 nan nan extraction:nan,,,,
4276,TODGA,0.2 M,HNO3,0.6726 M,DIPB,Cm,III ,0.00001 mM,,,,,CCCCCCCCN(CCCCCCCC)C(=O)COCC(=O)N(CCCCCCCC)CCCCCCCC,-,"HNO3, TODGA, Cm, DIPB",,DIPB,,https://doi.org/10.1016/j.hydromet.2020.105248,Aurora Clark,2024-12-16 21:53:52,Distribution Ratio,4.4715,-,Temperature,20.0,C,- -,30.0 min,,Comments,fig6 nan nan extraction:nan,,,,
4277,TODGA,0.2 M,HNO3,0.9473 M,DIPB,Cm,III ,0.00001 mM,,,,,CCCCCCCCN(CCCCCCCC)C(=O)COCC(=O)N(CCCCCCCC)CCCCCCCC,-,"HNO3, TODGA, Cm, DIPB",,DIPB,,https://doi.org/10.1016/j.hydromet.2020.105248,Aurora Clark,2024-12-16 21:53:52,Distribution Ratio,23.9983,-,Temperature,20.0,C,- -,30.0 min,,Comments,fig6 nan nan extraction:nan,,,,
4278,TODGA,0.2 M,HNO3,1.313 M,DIPB,Cm,III ,0.00001 mM,,,,,CCCCCCCCN(CCCCCCCC)C(=O)COCC(=O)N(CCCCCCCC)CCCCCCCC,-,"HNO3, TODGA, Cm, DIPB",,DIPB,,https://doi.org/10.1016/j.hydromet.2020.105248,Aurora Clark,2024-12-16 21:53:52,Distribution Ratio,142.8746,-,Temperature,20.0,C,- -,30.0 min,,Comments,fig6 nan nan extraction:nan,,,,
4279,TODGA,0.2 M,HNO3,0.0484 M,DIPB,Cm,III ,0.00001 mM,,,,,CCCCCCCCN(CCCCCCCC)C(=O)COCC(=O)N(CCCCCCCC)CCCCCCCC,-,"HNO3, TODGA, Cm, DIPB",,DIPB,,https://doi.org/10.1016/j.hydromet.2020.105248,Aurora Clark,2024-12-16 21:53:52,Distribution Ratio,0.008,-,Temperature,20.0,C,- -,30.0 min,,Comments,fig6 nan nan extraction:nan,,,,
4280,TODGA,0.2 M,HNO3,1.8639 M,DIPB,Cm,III ,0.00001 mM,,,,,CCCCCCCCN(CCCCCCCC)C(=O)COCC(=O)N(CCCCCCCC)CCCCCCCC,-,"HNO3, TODGA, Cm, DIPB",,DIPB,,https://doi.org/10.1016/j.hydromet.2020.105248,Aurora Clark,2024-12-16 21:53:52,Distribution Ratio,1046.6942,-,Temperature,20.0,C,- -,30.0 min,,Comments,fig6 nan nan extraction:nan,,,,
4534,TODGA,0.2 M,HNO3,0.0482 M,tBuB,Cm,III , ,,,,,CCCCCCCCN(CCCCCCCC)C(=O)COCC(=O)N(CCCCCCCC)CCCCCCCC,-,"HNO3, TODGA, Cm, tBuB",,tBuB,,https://doi.org/10.1016/j.hydromet.2020.105248,Aurora Clark,2024-12-16 21:54:23,Distribution Ratio,0.0083,-,Temperature,20.0,C,- -,30.0 min,,Comments,figS4-A alpha nan extraction:nan,,,,
4535,TODGA,0.2 M,HNO3,0.1214 M,tBuB,Cm,III , ,,,,,CCCCCCCCN(CCCCCCCC)C(=O)COCC(=O)N(CCCCCCCC)CCCCCCCC,-,"HNO3, TODGA, Cm, tBuB",,tBuB,,https://doi.org/10.1016/j.hydromet.2020.105248,Aurora Clark,2024-12-16 21:54:23,Distribution Ratio,0.0348,-,Temperature,20.0,C,- -,30.0 min,,Comments,figS4-A alpha nan extraction:nan,,,,
4536,TODGA,0.2 M,HNO3,0.301 M,tBuB,Cm,III , ,,,,,CCCCCCCCN(CCCCCCCC)C(=O)COCC(=O)N(CCCCCCCC)CCCCCCCC,-,"HNO3, TODGA, Cm, tBuB",,tBuB,,https://doi.org/10.1016/j.hydromet.2020.105248,Aurora Clark,2024-12-16 21:54:23,Distribution Ratio,0.2384,-,Temperature,20.0,C,- -,30.0 min,,Comments,figS4-A alpha nan extraction:nan,,,,
4538,TODGA,0.2 M,HNO3,0.4881 M,tBuB,Cm,III , ,,,,,CCCCCCCCN(CCCCCCCC)C(=O)COCC(=O)N(CCCCCCCC)CCCCCCCC,-,"HNO3, TODGA, Cm, tBuB",,tBuB,,https://doi.org/10.1016/j.hydromet.2020.105248,Aurora Clark,2024-12-16 21:54:24,Distribution Ratio,0.8911,-,Temperature,20.0,C,- -,30.0 min,,Comments,figS4-A alpha nan extraction:nan,,,,
4539,TODGA,0.2 M,HNO3,0.9469 M,tBuB,Cm,III , ,,,,,CCCCCCCCN(CCCCCCCC)C(=O)COCC(=O)N(CCCCCCCC)CCCCCCCC,-,"HNO3, TODGA, Cm, tBuB",,tBuB,,https://doi.org/10.1016/j.hydromet.2020.105248,Aurora Clark,2024-12-16 21:54:24,Distribution Ratio,19.0174,-,Temperature,20.0,C,- -,30.0 min,,Comments,figS4-A alpha nan extraction:nan,,,,
4540,TODGA,0.2 M,HNO3,1.356 M,tBuB,Cm,III , ,,,,,CCCCCCCCN(CCCCCCCC)C(=O)COCC(=O)N(CCCCCCCC)CCCCCCCC,-,"HNO3, TODGA, Cm, tBuB",,tBuB,,https://doi.org/10.1016/j.hydromet.2020.105248,Aurora Clark,2024-12-16 21:54:24,Distribution Ratio,114.7159,-,Temperature,20.0,C,- -,30.0 min,,Comments,figS4-A alpha nan extraction:nan,,,,
4541,TODGA,0.2 M,HNO3,1.8603 M,tBuB,Cm,III , ,,,,,CCCCCCCCN(CCCCCCCC)C(=O)COCC(=O)N(CCCCCCCC)CCCCCCCC,-,"HNO3, TODGA, Cm, tBuB",,tBuB,,https://doi.org/10.1016/j.hydromet.2020.105248,Aurora Clark,2024-12-16 21:54:24,Distribution Ratio,575.1433,-,Temperature,20.0,C,- -,30.0 min,,Comments,figS4-A alpha nan extraction:nan,,,,
4545,TODGA,0.2 M,HNO3,0.6679 M,tBuB,Cm,III , ,,,,,CCCCCCCCN(CCCCCCCC)C(=O)COCC(=O)N(CCCCCCCC)CCCCCCCC,-,"HNO3, TODGA, Cm, tBuB",,tBuB,,https://doi.org/10.1016/j.hydromet.2020.105248,Aurora Clark,2024-12-16 21:54:24,Distribution Ratio,3.3265,-,Temperature,20.0,C,- -,30.0 min,,Comments,figS4-A alpha nan extraction:nan,,,,
8732,tMe2-TODGA,0.1 M,HNO3,4.3 M,hydrogenated tetrapropene,Cm,III , ,,,,,CCCCCCCCN(CCCCCCCC)C(=O)[C@@H](C)O[C@@H](C)C(=O)N(CCCCCCCC)CCCCCCCC,-,"HNO3, tMe2-TODGA, Cm, hydrogenated tetrapropene",,hydrogenated tetrapropene,,"https://doi.org/10.1002/chem.201806161, https://doi.org/10.1021/jacs.5c19738",Thomas Summers,2026-01-20 20:37:22,Distribution Ratio,0.714942898659757,-,Temperature,22.0,C,15.0 min,,,Comments,"Data Location: Figure 2; Additional Comments: nan; Complexant_Name: nan; Complexant_SMILES: nan; Complexant_Concentration_M: nan; Publication_Year: 2019; Title: Unprecedented Inversion of Selectivity and Extraordinary Difference in the Complexation of Trivalent f Elements by Diastereomers of a Methylated Diglycolamide; Authors: Dr. Andreas Wilden, Dr. Piotr M. Kowalski, Larissa Klaß, Benjamin Kraus, Fabian Kreft, Prof. Dr. Giuseppe Modolo, Dr. Yan Li, Dr. Jörg Rothe, Dr. Kathy Dardenne, Dr. Andreas Geist, Dr. Andrea Leoncini, Prof. Jurriaan Huskens, Dr. Willem Verboom ; No. of Extractants: 1; Aqueous Phase Metals: Am(III); Cm(III); Eu(III); Metal_Concentration_mM: Trace; Trace; Trace; No. of Metals: 3",Volume Ratio,1.0,,
8733,cMe2-TODGA,0.1 M,HNO3,4.3 M,hydrogenated tetrapropene,La,III ,0.01 mM,,,,,CCCCCCCCN(CCCCCCCC)C(=O)[C@H](C)O[C@@H](C)C(=O)N(CCCCCCCC)CCCCCCCC,-,"HNO3, cMe2-TODGA, La, hydrogenated tetrapropene",,hydrogenated tetrapropene,,"https://doi.org/10.1002/chem.201806161, https://doi.org/10.1021/jacs.5c19738",Thomas Summers,2026-01-20 20:37:22,Distribution Ratio,1.16232246867985,-,Temperature,22.0,C,15.0 min,,,Comments,"Data Location: Figure 2; Additional Comments: nan; Complexant_Name: nan; Complexant_SMILES: nan; Complexant_Concentration_M: nan; Publication_Year: 2019; Title: Unprecedented Inversion of Selectivity and Extraordinary Difference in the Complexation of Trivalent f Elements by Diastereomers of a Methylated Diglycolamide; Authors: Dr. Andreas Wilden, Dr. Piotr M. Kowalski, Larissa Klaß, Benjamin Kraus, Fabian Kreft, Prof. Dr. Giuseppe Modolo, Dr. Yan Li, Dr. Jörg Rothe, Dr. Kathy Dardenne, Dr. Andreas Geist, Dr. Andrea Leoncini, Prof. Jurriaan Huskens, Dr. Willem Verboom ; No. of Extractants: 1; Aqueous Phase Metals: nan; Metal_Concentration_mM: 0.01; No. of Metals: 1",Volume Ratio,1.0,,
8734,cMe2-TODGA,0.1 M,HNO3,4.3 M,hydrogenated tetrapropene,Ce,III ,0.01 mM,,,,,CCCCCCCCN(CCCCCCCC)C(=O)[C@H](C)O[C@@H](C)C(=O)N(CCCCCCCC)CCCCCCCC,-,"HNO3, cMe2-TODGA, Ce, hydrogenated tetrapropene",,hydrogenated tetrapropene,,"https://doi.org/10.1002/chem.201806161, https://doi.org/10.1021/jacs.5c19738",Thomas Summers,2026-01-20 20:37:22,Distribution Ratio,4.29700470432084,-,Temperature,22.0,C,15.0 min,,,Comments,"Data Location: Figure 2; Additional Comments: nan; Complexant_Name: nan; Complexant_SMILES: nan; Complexant_Concentration_M: nan; Publication_Year: 2019; Title: Unprecedented Inversion of Selectivity and Extraordinary Difference in the Complexation of Trivalent f Elements by Diastereomers of a Methylated Diglycolamide; Authors: Dr. Andreas Wilden, Dr. Piotr M. Kowalski, Larissa Klaß, Benjamin Kraus, Fabian Kreft, Prof. Dr. Giuseppe Modolo, Dr. Yan Li, Dr. Jörg Rothe, Dr. Kathy Dardenne, Dr. Andreas Geist, Dr. Andrea Leoncini, Prof. Jurriaan Huskens, Dr. Willem Verboom ; No. of Extractants: 1; Aqueous Phase Metals: nan; Metal_Concentration_mM: 0.01; No. of Metals: 1",Volume Ratio,1.0,,
8735,cMe2-TODGA,0.1 M,HNO3,4.3 M,hydrogenated tetrapropene,Pr,III ,0.01 mM,,,,,CCCCCCCCN(CCCCCCCC)C(=O)[C@H](C)O[C@@H](C)C(=O)N(CCCCCCCC)CCCCCCCC,-,"HNO3, cMe2-TODGA, Pr, hydrogenated tetrapropene",,hydrogenated tetrapropene,,"https://doi.org/10.1002/chem.201806161, https://doi.org/10.1021/jacs.5c19738",Thomas Summers,2026-01-20 20:37:22,Distribution Ratio,8.119844993184,-,Temperature,22.0,C,15.0 min,,,Comments,"Data Location: Figure 2; Additional Comments: nan; Complexant_Name: nan; Complexant_SMILES: nan; Complexant_Concentration_M: nan; Publication_Year: 2019; Title: Unprecedented Inversion of Selectivity and Extraordinary Difference in the Complexation of Trivalent f Elements by Diastereomers of a Methylated Diglycolamide; Authors: Dr. Andreas Wilden, Dr. Piotr M. Kowalski, Larissa Klaß, Benjamin Kraus, Fabian Kreft, Prof. Dr. Giuseppe Modolo, Dr. Yan Li, Dr. Jörg Rothe, Dr. Kathy Dardenne, Dr. Andreas Geist, Dr. Andrea Leoncini, Prof. Jurriaan Huskens, Dr. Willem Verboom ; No. of Extractants: 1; Aqueous Phase Metals: nan; Metal_Concentration_mM: 0.01; No. of Metals: 1",Volume Ratio,1.0,,
8736,cMe2-TODGA,0.1 M,HNO3,4.3 M,hydrogenated tetrapropene,Nd,III ,0.01 mM,,,,,CCCCCCCCN(CCCCCCCC)C(=O)[C@H](C)O[C@@H](C)C(=O)N(CCCCCCCC)CCCCCCCC,-,"HNO3, cMe2-TODGA, Nd, hydrogenated tetrapropene",,hydrogenated tetrapropene,,"https://doi.org/10.1002/chem.201806161, https://doi.org/10.1021/jacs.5c19738",Thomas Summers,2026-01-20 20:37:22,Distribution Ratio,13.5099352119802,-,Temperature,22.0,C,15.0 min,,,Comments,"Data Location: Figure 2; Additional Comments: nan; Complexant_Name: nan; Complexant_SMILES: nan; Complexant_Concentration_M: nan; Publication_Year: 2019; Title: Unprecedented Inversion of Selectivity and Extraordinary Difference in the Complexation of Trivalent f Elements by Diastereomers of a Methylated Diglycolamide; Authors: Dr. Andreas Wilden, Dr. Piotr M. Kowalski, Larissa Klaß, Benjamin Kraus, Fabian Kreft, Prof. Dr. Giuseppe Modolo, Dr. Yan Li, Dr. Jörg Rothe, Dr. Kathy Dardenne, Dr. Andreas Geist, Dr. Andrea Leoncini, Prof. Jurriaan Huskens, Dr. Willem Verboom ; No. of Extractants: 1; Aqueous Phase Metals: nan; Metal_Concentration_mM: 0.01; No. of Metals: 1",Volume Ratio,1.0,,
8737,cMe2-TODGA,0.1 M,HNO3,4.3 M,hydrogenated tetrapropene,Sm,III ,0.01 mM,,,,,CCCCCCCCN(CCCCCCCC)C(=O)[C@H](C)O[C@@H](C)C(=O)N(CCCCCCCC)CCCCCCCC,-,"HNO3, cMe2-TODGA, Sm, hydrogenated tetrapropene",,hydrogenated tetrapropene,,"https://doi.org/10.1002/chem.201806161, https://doi.org/10.1021/jacs.5c19738",Thomas Summers,2026-01-20 20:37:22,Distribution Ratio,37.8346261713193,-,Temperature,22.0,C,15.0 min,,,Comments,"Data Location: Figure 2; Additional Comments: nan; Complexant_Name: nan; Complexant_SMILES: nan; Complexant_Concentration_M: nan; Publication_Year: 2019; Title: Unprecedented Inversion of Selectivity and Extraordinary Difference in the Complexation of Trivalent f Elements by Diastereomers of a Methylated Diglycolamide; Authors: Dr. Andreas Wilden, Dr. Piotr M. Kowalski, Larissa Klaß, Benjamin Kraus, Fabian Kreft, Prof. Dr. Giuseppe Modolo, Dr. Yan Li, Dr. Jörg Rothe, Dr. Kathy Dardenne, Dr. Andreas Geist, Dr. Andrea Leoncini, Prof. Jurriaan Huskens, Dr. Willem Verboom ; No. of Extractants: 1; Aqueous Phase Metals: nan; Metal_Concentration_mM: 0.01; No. of Metals: 1",Volume Ratio,1.0,,
8738,cMe2-TODGA,0.1 M,HNO3,4.3 M,hydrogenated tetrapropene,Eu,III ,0.01 mM,,,,,CCCCCCCCN(CCCCCCCC)C(=O)[C@H](C)O[C@@H](C)C(=O)N(CCCCCCCC)CCCCCCCC,-,"HNO3, cMe2-TODGA, Eu, hydrogenated tetrapropene",,hydrogenated tetrapropene,,"https://doi.org/10.1002/chem.201806161, https://doi.org/10.1021/jacs.5c19738",Thomas Summers,2026-01-20 20:37:22,Distribution Ratio,51.7092024289675,-,Temperature,22.0,C,15.0 min,,,Comments,"Data Location: Figure 2; Additional Comments: nan; Complexant_Name: nan; Complexant_SMILES: nan; Complexant_Concentration_M: nan; Publication_Year: 2019; Title: Unprecedented Inversion of Selectivity and Extraordinary Difference in the Complexation of Trivalent f Elements by Diastereomers of a Methylated Diglycolamide; Authors: Dr. Andreas Wilden, Dr. Piotr M. Kowalski, Larissa Klaß, Benjamin Kraus, Fabian Kreft, Prof. Dr. Giuseppe Modolo, Dr. Yan Li, Dr. Jörg Rothe, Dr. Kathy Dardenne, Dr. Andreas Geist, Dr. Andrea Leoncini, Prof. Jurriaan Huskens, Dr. Willem Verboom ; No. of Extractants: 1; Aqueous Phase Metals: nan; Metal_Concentration_mM: 0.01; No. of Metals: 1",Volume Ratio,1.0,,
8739,cMe2-TODGA,0.1 M,HNO3,4.3 M,hydrogenated tetrapropene,Gd,III ,0.01 mM,,,,,CCCCCCCCN(CCCCCCCC)C(=O)[C@H](C)O[C@@H](C)C(=O)N(CCCCCCCC)CCCCCCCC,-,"HNO3, cMe2-TODGA, Gd, hydrogenated tetrapropene",,hydrogenated tetrapropene,,"https://doi.org/10.1002/chem.201806161, https://doi.org/10.1021/jacs.5c19738",Thomas Summers,2026-01-20 20:37:22,Distribution Ratio,53.5356667741073,-,Temperature,22.0,C,15.0 min,,,Comments,"Data Location: Figure 2; Additional Comments: nan; Complexant_Name: nan; Complexant_SMILES: nan; Complexant_Concentration_M: nan; Publication_Year: 2019; Title: Unprecedented Inversion of Selectivity and Extraordinary Difference in the Complexation of Trivalent f Elements by Diastereomers of a Methylated Diglycolamide; Authors: Dr. Andreas Wilden, Dr. Piotr M. Kowalski, Larissa Klaß, Benjamin Kraus, Fabian Kreft, Prof. Dr. Giuseppe Modolo, Dr. Yan Li, Dr. Jörg Rothe, Dr. Kathy Dardenne, Dr. Andreas Geist, Dr. Andrea Leoncini, Prof. Jurriaan Huskens, Dr. Willem Verboom ; No. of Extractants: 1; Aqueous Phase Metals: nan; Metal_Concentration_mM: 0.01; No. of Metals: 1",Volume Ratio,1.0,,
8740,cMe2-TODGA,0.1 M,HNO3,4.3 M,hydrogenated tetrapropene,Tb,III ,0.01 mM,,,,,CCCCCCCCN(CCCCCCCC)C(=O)[C@H](C)O[C@@H](C)C(=O)N(CCCCCCCC)CCCCCCCC,-,"HNO3, cMe2-TODGA, Tb, hydrogenated tetrapropene",,hydrogenated tetrapropene,,"https://doi.org/10.1002/chem.201806161, https://doi.org/10.1021/jacs.5c19738",Thomas Summers,2026-01-20 20:37:22,Distribution Ratio,87.0359136148516,-,Temperature,22.0,C,15.0 min,,,Comments,"Data Location: Figure 2; Additional Comments: nan; Complexant_Name: nan; Complexant_SMILES: nan; Complexant_Concentration_M: nan; Publication_Year: 2019; Title: Unprecedented Inversion of Selectivity and Extraordinary Difference in the Complexation of Trivalent f Elements by Diastereomers of a Methylated Diglycolamide; Authors: Dr. Andreas Wilden, Dr. Piotr M. Kowalski, Larissa Klaß, Benjamin Kraus, Fabian Kreft, Prof. Dr. Giuseppe Modolo, Dr. Yan Li, Dr. Jörg Rothe, Dr. Kathy Dardenne, Dr. Andreas Geist, Dr. Andrea Leoncini, Prof. Jurriaan Huskens, Dr. Willem Verboom ; No. of Extractants: 1; Aqueous Phase Metals: nan; Metal_Concentration_mM: 0.01; No. of Metals: 1",Volume Ratio,1.0,,
8741,cMe2-TODGA,0.1 M,HNO3,4.3 M,hydrogenated tetrapropene,Dy,III ,0.01 mM,,,,,CCCCCCCCN(CCCCCCCC)C(=O)[C@H](C)O[C@@H](C)C(=O)N(CCCCCCCC)CCCCCCCC,-,"HNO3, cMe2-TODGA, Dy, hydrogenated tetrapropene",,hydrogenated tetrapropene,,"https://doi.org/10.1002/chem.201806161, https://doi.org/10.1021/jacs.5c19738",Thomas Summers,2026-01-20 20:37:22,Distribution Ratio,109.698579789238,-,Temperature,22.0,C,15.0 min,,,Comments,"Data Location: Figure 2; Additional Comments: nan; Complexant_Name: nan; Complexant_SMILES: nan; Complexant_Concentration_M: nan; Publication_Year: 2019; Title: Unprecedented Inversion of Selectivity and Extraordinary Difference in the Complexation of Trivalent f Elements by Diastereomers of a Methylated Diglycolamide; Authors: Dr. Andreas Wilden, Dr. Piotr M. Kowalski, Larissa Klaß, Benjamin Kraus, Fabian Kreft, Prof. Dr. Giuseppe Modolo, Dr. Yan Li, Dr. Jörg Rothe, Dr. Kathy Dardenne, Dr. Andreas Geist, Dr. Andrea Leoncini, Prof. Jurriaan Huskens, Dr. Willem Verboom ; No. of Extractants: 1; Aqueous Phase Metals: nan; Metal_Concentration_mM: 0.01; No. of Metals: 1",Volume Ratio,1.0,,
8742,cMe2-TODGA,0.1 M,HNO3,4.3 M,hydrogenated tetrapropene,Ho,III ,0.01 mM,,,,,CCCCCCCCN(CCCCCCCC)C(=O)[C@H](C)O[C@@H](C)C(=O)N(CCCCCCCC)CCCCCCCC,-,"HNO3, cMe2-TODGA, Ho, hydrogenated tetrapropene",,hydrogenated tetrapropene,,"https://doi.org/10.1002/chem.201806161, https://doi.org/10.1021/jacs.5c19738",Thomas Summers,2026-01-20 20:37:22,Distribution Ratio,123.155060329282,-,Temperature,22.0,C,15.0 min,,,Comments,"Data Location: Figure 2; Additional Comments: nan; Complexant_Name: nan; Complexant_SMILES: nan; Complexant_Concentration_M: nan; Publication_Year: 2019; Title: Unprecedented Inversion of Selectivity and Extraordinary Difference in the Complexation of Trivalent f Elements by Diastereomers of a Methylated Diglycolamide; Authors: Dr. Andreas Wilden, Dr. Piotr M. Kowalski, Larissa Klaß, Benjamin Kraus, Fabian Kreft, Prof. Dr. Giuseppe Modolo, Dr. Yan Li, Dr. Jörg Rothe, Dr. Kathy Dardenne, Dr. Andreas Geist, Dr. Andrea Leoncini, Prof. Jurriaan Huskens, Dr. Willem Verboom ; No. of Extractants: 1; Aqueous Phase Metals: nan; Metal_Concentration_mM: 0.01; No. of Metals: 1",Volume Ratio,1.0,,
8743,cMe2-TODGA,0.1 M,HNO3,4.3 M,hydrogenated tetrapropene,Er,III ,0.01 mM,,,,,CCCCCCCCN(CCCCCCCC)C(=O)[C@H](C)O[C@@H](C)C(=O)N(CCCCCCCC)CCCCCCCC,-,"HNO3, cMe2-TODGA, Er, hydrogenated tetrapropene",,hydrogenated tetrapropene,,"https://doi.org/10.1002/chem.201806161, https://doi.org/10.1021/jacs.5c19738",Thomas Summers,2026-01-20 20:37:22,Distribution Ratio,104.737089795944,-,Temperature,22.0,C,15.0 min,,,Comments,"Data Location: Figure 2; Additional Comments: nan; Complexant_Name: nan; Complexant_SMILES: nan; Complexant_Concentration_M: nan; Publication_Year: 2019; Title: Unprecedented Inversion of Selectivity and Extraordinary Difference in the Complexation of Trivalent f Elements by Diastereomers of a Methylated Diglycolamide; Authors: Dr. Andreas Wilden, Dr. Piotr M. Kowalski, Larissa Klaß, Benjamin Kraus, Fabian Kreft, Prof. Dr. Giuseppe Modolo, Dr. Yan Li, Dr. Jörg Rothe, Dr. Kathy Dardenne, Dr. Andreas Geist, Dr. Andrea Leoncini, Prof. Jurriaan Huskens, Dr. Willem Verboom ; No. of Extractants: 1; Aqueous Phase Metals: nan; Metal_Concentration_mM: 0.01; No. of Metals: 1",Volume Ratio,1.0,,
8744,cMe2-TODGA,0.1 M,HNO3,4.3 M,hydrogenated tetrapropene,Tm,III ,0.01 mM,,,,,CCCCCCCCN(CCCCCCCC)C(=O)[C@H](C)O[C@@H](C)C(=O)N(CCCCCCCC)CCCCCCCC,-,"HNO3, cMe2-TODGA, Tm, hydrogenated tetrapropene",,hydrogenated tetrapropene,,"https://doi.org/10.1002/chem.201806161, https://doi.org/10.1021/jacs.5c19738",Thomas Summers,2026-01-20 20:37:22,Distribution Ratio,84.0665288561833,-,Temperature,22.0,C,15.0 min,,,Comments,"Data Location: Figure 2; Additional Comments: nan; Complexant_Name: nan; Complexant_SMILES: nan; Complexant_Concentration_M: nan; Publication_Year: 2019; Title: Unprecedented Inversion of Selectivity and Extraordinary Difference in the Complexation of Trivalent f Elements by Diastereomers of a Methylated Diglycolamide; Authors: Dr. Andreas Wilden, Dr. Piotr M. Kowalski, Larissa Klaß, Benjamin Kraus, Fabian Kreft, Prof. Dr. Giuseppe Modolo, Dr. Yan Li, Dr. Jörg Rothe, Dr. Kathy Dardenne, Dr. Andreas Geist, Dr. Andrea Leoncini, Prof. Jurriaan Huskens, Dr. Willem Verboom ; No. of Extractants: 1; Aqueous Phase Metals: nan; Metal_Concentration_mM: 0.01; No. of Metals: 1",Volume Ratio,1.0,,
8745,cMe2-TODGA,0.1 M,HNO3,4.3 M,hydrogenated tetrapropene,Yb,III ,0.01 mM,,,,,CCCCCCCCN(CCCCCCCC)C(=O)[C@H](C)O[C@@H](C)C(=O)N(CCCCCCCC)CCCCCCCC,-,"HNO3, cMe2-TODGA, Yb, hydrogenated tetrapropene",,hydrogenated tetrapropene,,"https://doi.org/10.1002/chem.201806161, https://doi.org/10.1021/jacs.5c19738",Thomas Summers,2026-01-20 20:37:23,Distribution Ratio,60.1027678207037,-,Temperature,22.0,C,15.0 min,,,Comments,"Data Location: Figure 2; Additional Comments: nan; Complexant_Name: nan; Complexant_SMILES: nan; Complexant_Concentration_M: nan; Publication_Year: 2019; Title: Unprecedented Inversion of Selectivity and Extraordinary Difference in the Complexation of Trivalent f Elements by Diastereomers of a Methylated Diglycolamide; Authors: Dr. Andreas Wilden, Dr. Piotr M. Kowalski, Larissa Klaß, Benjamin Kraus, Fabian Kreft, Prof. Dr. Giuseppe Modolo, Dr. Yan Li, Dr. Jörg Rothe, Dr. Kathy Dardenne, Dr. Andreas Geist, Dr. Andrea Leoncini, Prof. Jurriaan Huskens, Dr. Willem Verboom ; No. of Extractants: 1; Aqueous Phase Metals: nan; Metal_Concentration_mM: 0.01; No. of Metals: 1",Volume Ratio,1.0,,
8746,cMe2-TODGA,0.1 M,HNO3,4.3 M,hydrogenated tetrapropene,Lu,III ,0.01 mM,,,,,CCCCCCCCN(CCCCCCCC)C(=O)[C@H](C)O[C@@H](C)C(=O)N(CCCCCCCC)CCCCCCCC,-,"HNO3, cMe2-TODGA, Lu, hydrogenated tetrapropene",,hydrogenated tetrapropene,,"https://doi.org/10.1002/chem.201806161, https://doi.org/10.1021/jacs.5c19738",Thomas Summers,2026-01-20 20:37:23,Distribution Ratio,32.5508859983505,-,Temperature,22.0,C,15.0 min,,,Comments,"Data Location: Figure 2; Additional Comments: nan; Complexant_Name: nan; Complexant_SMILES: nan; Complexant_Concentration_M: nan; Publication_Year: 2019; Title: Unprecedented Inversion of Selectivity and Extraordinary Difference in the Complexation of Trivalent f Elements by Diastereomers of a Methylated Diglycolamide; Authors: Dr. Andreas Wilden, Dr. Piotr M. Kowalski, Larissa Klaß, Benjamin Kraus, Fabian Kreft, Prof. Dr. Giuseppe Modolo, Dr. Yan Li, Dr. Jörg Rothe, Dr. Kathy Dardenne, Dr. Andreas Geist, Dr. Andrea Leoncini, Prof. Jurriaan Huskens, Dr. Willem Verboom ; No. of Extractants: 1; Aqueous Phase Metals: nan; Metal_Concentration_mM: 0.01; No. of Metals: 1",Volume Ratio,1.0,,
8747,cMe2-TODGA,0.1 M,HNO3,4.3 M,hydrogenated tetrapropene,Am,III , ,,,,,CCCCCCCCN(CCCCCCCC)C(=O)[C@H](C)O[C@@H](C)C(=O)N(CCCCCCCC)CCCCCCCC,-,"HNO3, cMe2-TODGA, Am, hydrogenated tetrapropene",,hydrogenated tetrapropene,,"https://doi.org/10.1002/chem.201806161, https://doi.org/10.1021/jacs.5c19738",Thomas Summers,2026-01-20 20:37:23,Distribution Ratio,20.2550193923066,-,Temperature,22.0,C,15.0 min,,,Comments,"Data Location: Figure 2; Additional Comments: nan; Complexant_Name: nan; Complexant_SMILES: nan; Complexant_Concentration_M: nan; Publication_Year: 2019; Title: Unprecedented Inversion of Selectivity and Extraordinary Difference in the Complexation of Trivalent f Elements by Diastereomers of a Methylated Diglycolamide; Authors: Dr. Andreas Wilden, Dr. Piotr M. Kowalski, Larissa Klaß, Benjamin Kraus, Fabian Kreft, Prof. Dr. Giuseppe Modolo, Dr. Yan Li, Dr. Jörg Rothe, Dr. Kathy Dardenne, Dr. Andreas Geist, Dr. Andrea Leoncini, Prof. Jurriaan Huskens, Dr. Willem Verboom ; No. of Extractants: 1; Aqueous Phase Metals: Am(III); Cm(III); Eu(III); Metal_Concentration_mM: Trace; Trace; Trace; No. of Metals: 3",Volume Ratio,1.0,,
8748,cMe2-TODGA,0.1 M,HNO3,4.3 M,hydrogenated tetrapropene,Cm,III , ,,,,,CCCCCCCCN(CCCCCCCC)C(=O)[C@H](C)O[C@@H](C)C(=O)N(CCCCCCCC)CCCCCCCC,-,"HNO3, cMe2-TODGA, Cm, hydrogenated tetrapropene",,hydrogenated tetrapropene,,"https://doi.org/10.1002/chem.201806161, https://doi.org/10.1021/jacs.5c19738",Thomas Summers,2026-01-20 20:37:23,Distribution Ratio,23.8168555197615,-,Temperature,22.0,C,15.0 min,,,Comments,"Data Location: Figure 2; Additional Comments: nan; Complexant_Name: nan; Complexant_SMILES: nan; Complexant_Concentration_M: nan; Publication_Year: 2019; Title: Unprecedented Inversion of Selectivity and Extraordinary Difference in the Complexation of Trivalent f Elements by Diastereomers of a Methylated Diglycolamide; Authors: Dr. Andreas Wilden, Dr. Piotr M. Kowalski, Larissa Klaß, Benjamin Kraus, Fabian Kreft, Prof. Dr. Giuseppe Modolo, Dr. Yan Li, Dr. Jörg Rothe, Dr. Kathy Dardenne, Dr. Andreas Geist, Dr. Andrea Leoncini, Prof. Jurriaan Huskens, Dr. Willem Verboom ; No. of Extractants: 1; Aqueous Phase Metals: Am(III); Cm(III); Eu(III); Metal_Concentration_mM: Trace; Trace; Trace; No. of Metals: 3",Volume Ratio,1.0,,
8924,mTDDGA,0.5 M,HNO3,5 M,n-Dodecane,Cm,III ,33 mM,,,,,CCCCCCCCCCN(CCCCCCCCCC)C(=O)C(C)OC(C)C(=O)N(CCCCCCCCCC)CCCCCCCCCC,-,"HNO3, mTDDGA, Cm, n-Dodecane",,n-Dodecane,,"https://doi.org/10.1007/s10967-017-5614-2, https://doi.org/10.1021/jacs.5c19738",Thomas Summers,2026-01-20 20:37:34,Distribution Ratio,6700,-,Temperature,25.0,C,60.0 min,,,Comments,"Data Location: Table 1; Additional Comments: nan; Complexant_Name: nan; Complexant_SMILES: nan; Complexant_Concentration_M: nan; Publication_Year: 2017; Title: Modified diglycolamides for grouped actinide separation; Authors: R Malmbeck, D Magnusson, A Geist; No. of Extractants: 1; Aqueous Phase Metals: Pu(IV); Am(III); Cm(III); Metal_Concentration_mM: 33; Trace; Trace; No. of Metals: 3",Volume Ratio,1.0,,
8925,mTDDGA,0.5 M,HNO3,5 M,n-Dodecane,Cm,III ,66 mM,,,,,CCCCCCCCCCN(CCCCCCCCCC)C(=O)C(C)OC(C)C(=O)N(CCCCCCCCCC)CCCCCCCCCC,-,"HNO3, mTDDGA, Cm, n-Dodecane",,n-Dodecane,,"https://doi.org/10.1007/s10967-017-5614-2, https://doi.org/10.1021/jacs.5c19738",Thomas Summers,2026-01-20 20:37:34,Distribution Ratio,5700,-,Temperature,25.0,C,60.0 min,,,Comments,"Data Location: Table 1; Additional Comments: nan; Complexant_Name: nan; Complexant_SMILES: nan; Complexant_Concentration_M: nan; Publication_Year: 2017; Title: Modified diglycolamides for grouped actinide separation; Authors: R Malmbeck, D Magnusson, A Geist; No. of Extractants: 1; Aqueous Phase Metals: Pu(IV); Am(III); Cm(III); Metal_Concentration_mM: 66; Trace; Trace; No. of Metals: 3",Volume Ratio,1.0,,
8926,mTDDGA,0.5 M,HNO3,5 M,n-Dodecane,Cm,III ,131 mM,,,,,CCCCCCCCCCN(CCCCCCCCCC)C(=O)C(C)OC(C)C(=O)N(CCCCCCCCCC)CCCCCCCCCC,-,"HNO3, mTDDGA, Cm, n-Dodecane",,n-Dodecane,,"https://doi.org/10.1007/s10967-017-5614-2, https://doi.org/10.1021/jacs.5c19738",Thomas Summers,2026-01-20 20:37:34,Distribution Ratio,5900,-,Temperature,25.0,C,60.0 min,,,Comments,"Data Location: Table 1; Additional Comments: nan; Complexant_Name: nan; Complexant_SMILES: nan; Complexant_Concentration_M: nan; Publication_Year: 2017; Title: Modified diglycolamides for grouped actinide separation; Authors: R Malmbeck, D Magnusson, A Geist; No. of Extractants: 1; Aqueous Phase Metals: Pu(IV); Am(III); Cm(III); Metal_Concentration_mM: 131; Trace; Trace; No. of Metals: 3",Volume Ratio,1.0,,
8931,mTDDGA,0.5 M,HNO3,5 M,n-Dodecane,Cm,III ,197 mM,,,,,CCCCCCCCCCN(CCCCCCCCCC)C(=O)C(C)OC(C)C(=O)N(CCCCCCCCCC)CCCCCCCCCC,-,"HNO3, mTDDGA, Cm, n-Dodecane",,n-Dodecane,,"https://doi.org/10.1007/s10967-017-5614-2, https://doi.org/10.1021/jacs.5c19738",Thomas Summers,2026-01-20 20:37:35,,,,Temperature,25.0,C,60.0 min,,,Comments,"Data Location: Table 1; Additional Comments: nan; Complexant_Name: nan; Complexant_SMILES: nan; Complexant_Concentration_M: nan; Publication_Year: 2017; Title: Modified diglycolamides for grouped actinide separation; Authors: R Malmbeck, D Magnusson, A Geist; No. of Extractants: 1; Aqueous Phase Metals: Pu(IV); Am(III); Cm(III); Metal_Concentration_mM: 197; Trace; Trace; No. of Metals: 3",Volume Ratio,1.0,,
8932,mTDDGA,0.5 M,HNO3,5 M,n-Dodecane,Cm,III ,262 mM,,,,,CCCCCCCCCCN(CCCCCCCCCC)C(=O)C(C)OC(C)C(=O)N(CCCCCCCCCC)CCCCCCCCCC,-,"HNO3, mTDDGA, Cm, n-Dodecane",,n-Dodecane,,"https://doi.org/10.1007/s10967-017-5614-2, https://doi.org/10.1021/jacs.5c19738",Thomas Summers,2026-01-20 20:37:35,,,,Temperature,25.0,C,60.0 min,,,Comments,"Data Location: Table 1; Additional Comments: nan; Complexant_Name: nan; Complexant_SMILES: nan; Complexant_Concentration_M: nan; Publication_Year: 2017; Title: Modified diglycolamides for grouped actinide separation; Authors: R Malmbeck, D Magnusson, A Geist; No. of Extractants: 1; Aqueous Phase Metals: Pu(IV); Am(III); Cm(III); Metal_Concentration_mM: 262; Trace; Trace; No. of Metals: 3",Volume Ratio,1.0,,
8945,mTDDGA,0.5 M,HNO3,1 M,n-Dodecane,Cm,III ,66 mM,,,,,CCCCCCCCCCN(CCCCCCCCCC)C(=O)C(C)OC(C)C(=O)N(CCCCCCCCCC)CCCCCCCCCC,-,"HNO3, mTDDGA, Cm, n-Dodecane",,n-Dodecane,,"https://doi.org/10.1007/s10967-017-5614-2, https://doi.org/10.1021/jacs.5c19738",Thomas Summers,2026-01-20 20:37:36,Distribution Ratio,24,-,Temperature,25.0,C,60.0 min,,,Comments,"Data Location: Table 2; Additional Comments: nan; Complexant_Name: nan; Complexant_SMILES: nan; Complexant_Concentration_M: nan; Publication_Year: 2017; Title: Modified diglycolamides for grouped actinide separation; Authors: R Malmbeck, D Magnusson, A Geist; No. of Extractants: 1; Aqueous Phase Metals: Pu(IV); Am(III); Cm(III); Metal_Concentration_mM: 66; Trace; Trace; No. of Metals: 3",Volume Ratio,1.0,,
8946,mTDDGA,0.5 M,HNO3,2 M,n-Dodecane,Cm,III ,66 mM,,,,,CCCCCCCCCCN(CCCCCCCCCC)C(=O)C(C)OC(C)C(=O)N(CCCCCCCCCC)CCCCCCCCCC,-,"HNO3, mTDDGA, Cm, n-Dodecane",,n-Dodecane,,"https://doi.org/10.1007/s10967-017-5614-2, https://doi.org/10.1021/jacs.5c19738",Thomas Summers,2026-01-20 20:37:36,Distribution Ratio,85,-,Temperature,25.0,C,60.0 min,,,Comments,"Data Location: Table 2; Additional Comments: nan; Complexant_Name: nan; Complexant_SMILES: nan; Complexant_Concentration_M: nan; Publication_Year: 2017; Title: Modified diglycolamides for grouped actinide separation; Authors: R Malmbeck, D Magnusson, A Geist; No. of Extractants: 1; Aqueous Phase Metals: Pu(IV); Am(III); Cm(III); Metal_Concentration_mM: 66; Trace; Trace; No. of Metals: 3",Volume Ratio,1.0,,
8947,mTDDGA,0.5 M,HNO3,3 M,n-Dodecane,Cm,III ,66 mM,,,,,CCCCCCCCCCN(CCCCCCCCCC)C(=O)C(C)OC(C)C(=O)N(CCCCCCCCCC)CCCCCCCCCC,-,"HNO3, mTDDGA, Cm, n-Dodecane",,n-Dodecane,,"https://doi.org/10.1007/s10967-017-5614-2, https://doi.org/10.1021/jacs.5c19738",Thomas Summers,2026-01-20 20:37:36,Distribution Ratio,610,-,Temperature,25.0,C,60.0 min,,,Comments,"Data Location: Table 2; Additional Comments: nan; Complexant_Name: nan; Complexant_SMILES: nan; Complexant_Concentration_M: nan; Publication_Year: 2017; Title: Modified diglycolamides for grouped actinide separation; Authors: R Malmbeck, D Magnusson, A Geist; No. of Extractants: 1; Aqueous Phase Metals: Pu(IV); Am(III); Cm(III); Metal_Concentration_mM: 66; Trace; Trace; No. of Metals: 3",Volume Ratio,1.0,,
8948,mTDDGA,0.5 M,HNO3,4 M,n-Dodecane,Cm,III ,66 mM,,,,,CCCCCCCCCCN(CCCCCCCCCC)C(=O)C(C)OC(C)C(=O)N(CCCCCCCCCC)CCCCCCCCCC,-,"HNO3, mTDDGA, Cm, n-Dodecane",,n-Dodecane,,"https://doi.org/10.1007/s10967-017-5614-2, https://doi.org/10.1021/jacs.5c19738",Thomas Summers,2026-01-20 20:37:36,Distribution Ratio,1400,-,Temperature,25.0,C,60.0 min,,,Comments,"Data Location: Table 2; Additional Comments: nan; Complexant_Name: nan; Complexant_SMILES: nan; Complexant_Concentration_M: nan; Publication_Year: 2017; Title: Modified diglycolamides for grouped actinide separation; Authors: R Malmbeck, D Magnusson, A Geist; No. of Extractants: 1; Aqueous Phase Metals: Pu(IV); Am(III); Cm(III); Metal_Concentration_mM: 66; Trace; Trace; No. of Metals: 3",Volume Ratio,1.0,,
8949,mTDDGA,0.5 M,HNO3,5 M,n-Dodecane,Cm,III ,66 mM,,,,,CCCCCCCCCCN(CCCCCCCCCC)C(=O)C(C)OC(C)C(=O)N(CCCCCCCCCC)CCCCCCCCCC,-,"HNO3, mTDDGA, Cm, n-Dodecane",,n-Dodecane,,"https://doi.org/10.1007/s10967-017-5614-2, https://doi.org/10.1021/jacs.5c19738",Thomas Summers,2026-01-20 20:37:36,Distribution Ratio,5700,-,Temperature,25.0,C,60.0 min,,,Comments,"Data Location: Table 2; Additional Comments: nan; Complexant_Name: nan; Complexant_SMILES: nan; Complexant_Concentration_M: nan; Publication_Year: 2017; Title: Modified diglycolamides for grouped actinide separation; Authors: R Malmbeck, D Magnusson, A Geist; No. of Extractants: 1; Aqueous Phase Metals: Pu(IV); Am(III); Cm(III); Metal_Concentration_mM: 66; Trace; Trace; No. of Metals: 3",Volume Ratio,1.0,,
8950,mTDDGA,0.5 M,HNO3,6 M,n-Dodecane,Cm,III ,66 mM,,,,,CCCCCCCCCCN(CCCCCCCCCC)C(=O)C(C)OC(C)C(=O)N(CCCCCCCCCC)CCCCCCCCCC,-,"HNO3, mTDDGA, Cm, n-Dodecane",,n-Dodecane,,"https://doi.org/10.1007/s10967-017-5614-2, https://doi.org/10.1021/jacs.5c19738",Thomas Summers,2026-01-20 20:37:36,Distribution Ratio,4800,-,Temperature,25.0,C,60.0 min,,,Comments,"Data Location: Table 2; Additional Comments: nan; Complexant_Name: nan; Complexant_SMILES: nan; Complexant_Concentration_M: nan; Publication_Year: 2017; Title: Modified diglycolamides for grouped actinide separation; Authors: R Malmbeck, D Magnusson, A Geist; No. of Extractants: 1; Aqueous Phase Metals: Pu(IV); Am(III); Cm(III); Metal_Concentration_mM: 66; Trace; Trace; No. of Metals: 3",Volume Ratio,1.0,,
9674,TODGA,0.2 M,HNO3,0.0482422 M,tert-butylbenzene,Cm,III , ,,,,,CCCCCCCCN(CCCCCCCC)C(=O)COCC(=O)N(CCCCCCCC)CCCCCCCC,-,"HNO3, TODGA, Cm, tert-butylbenzene",,tert-butylbenzene,,"https://doi.org/10.1016/j.hydromet.2020.105248, https://doi.org/10.1021/jacs.5c19738",Thomas Summers,2026-01-20 20:38:24,Distribution Ratio,0.00825868774271043,-,Temperature,20.0,C,30.0 min,,,Comments,"Data Location: Figure S4A; Additional Comments: nan; Complexant_Name: nan; Complexant_SMILES: nan; Complexant_Concentration_M: nan; Publication_Year: 2020; Title: Solvent extraction of An(III) and Ln(III) using TODGA in aromatic diluents to suppress third phase formation; Authors: P Weßling, U Müllich, E Guerinoni, A Geist, PJ Panak; No. of Extractants: 1; Aqueous Phase Metals: nan; Metal_Concentration_mM: Trace; No. of Metals: 1",Volume Ratio,1.0,,
9675,TODGA,0.2 M,HNO3,0.121459 M,tert-butylbenzene,Cm,III , ,,,,,CCCCCCCCN(CCCCCCCC)C(=O)COCC(=O)N(CCCCCCCC)CCCCCCCC,-,"HNO3, TODGA, Cm, tert-butylbenzene",,tert-butylbenzene,,"https://doi.org/10.1016/j.hydromet.2020.105248, https://doi.org/10.1021/jacs.5c19738",Thomas Summers,2026-01-20 20:38:24,Distribution Ratio,0.0330912567808827,-,Temperature,20.0,C,30.0 min,,,Comments,"Data Location: Figure S4A; Additional Comments: nan; Complexant_Name: nan; Complexant_SMILES: nan; Complexant_Concentration_M: nan; Publication_Year: 2020; Title: Solvent extraction of An(III) and Ln(III) using TODGA in aromatic diluents to suppress third phase formation; Authors: P Weßling, U Müllich, E Guerinoni, A Geist, PJ Panak; No. of Extractants: 1; Aqueous Phase Metals: nan; Metal_Concentration_mM: Trace; No. of Metals: 1",Volume Ratio,1.0,,
9676,TODGA,0.2 M,HNO3,0.304695 M,tert-butylbenzene,Cm,III , ,,,,,CCCCCCCCN(CCCCCCCC)C(=O)COCC(=O)N(CCCCCCCC)CCCCCCCC,-,"HNO3, TODGA, Cm, tert-butylbenzene",,tert-butylbenzene,,"https://doi.org/10.1016/j.hydromet.2020.105248, https://doi.org/10.1021/jacs.5c19738",Thomas Summers,2026-01-20 20:38:24,Distribution Ratio,0.246225303623464,-,Temperature,20.0,C,30.0 min,,,Comments,"Data Location: Figure S4A; Additional Comments: nan; Complexant_Name: nan; Complexant_SMILES: nan; Complexant_Concentration_M: nan; Publication_Year: 2020; Title: Solvent extraction of An(III) and Ln(III) using TODGA in aromatic diluents to suppress third phase formation; Authors: P Weßling, U Müllich, E Guerinoni, A Geist, PJ Panak; No. of Extractants: 1; Aqueous Phase Metals: nan; Metal_Concentration_mM: Trace; No. of Metals: 1",Volume Ratio,1.0,,
9677,TODGA,0.2 M,HNO3,0.487847 M,tert-butylbenzene,Cm,III , ,,,,,CCCCCCCCN(CCCCCCCC)C(=O)COCC(=O)N(CCCCCCCC)CCCCCCCC,-,"HNO3, TODGA, Cm, tert-butylbenzene",,tert-butylbenzene,,"https://doi.org/10.1016/j.hydromet.2020.105248, https://doi.org/10.1021/jacs.5c19738",Thomas Summers,2026-01-20 20:38:24,Distribution Ratio,0.898266116407223,-,Temperature,20.0,C,30.0 min,,,Comments,"Data Location: Figure S4A; Additional Comments: nan; Complexant_Name: nan; Complexant_SMILES: nan; Complexant_Concentration_M: nan; Publication_Year: 2020; Title: Solvent extraction of An(III) and Ln(III) using TODGA in aromatic diluents to suppress third phase formation; Authors: P Weßling, U Müllich, E Guerinoni, A Geist, PJ Panak; No. of Extractants: 1; Aqueous Phase Metals: nan; Metal_Concentration_mM: Trace; No. of Metals: 1",Volume Ratio,1.0,,
9678,TODGA,0.2 M,HNO3,0.672503 M,tert-butylbenzene,Cm,III , ,,,,,CCCCCCCCN(CCCCCCCC)C(=O)COCC(=O)N(CCCCCCCC)CCCCCCCC,-,"HNO3, TODGA, Cm, tert-butylbenzene",,tert-butylbenzene,,"https://doi.org/10.1016/j.hydromet.2020.105248, https://doi.org/10.1021/jacs.5c19738",Thomas Summers,2026-01-20 20:38:24,Distribution Ratio,3.40227415389544,-,Temperature,20.0,C,30.0 min,,,Comments,"Data Location: Figure S4A; Additional Comments: nan; Complexant_Name: nan; Complexant_SMILES: nan; Complexant_Concentration_M: nan; Publication_Year: 2020; Title: Solvent extraction of An(III) and Ln(III) using TODGA in aromatic diluents to suppress third phase formation; Authors: P Weßling, U Müllich, E Guerinoni, A Geist, PJ Panak; No. of Extractants: 1; Aqueous Phase Metals: nan; Metal_Concentration_mM: Trace; No. of Metals: 1",Volume Ratio,1.0,,
9679,TODGA,0.2 M,HNO3,1.86634 M,tert-butylbenzene,Cm,III , ,,,,,CCCCCCCCN(CCCCCCCC)C(=O)COCC(=O)N(CCCCCCCC)CCCCCCCC,-,"HNO3, TODGA, Cm, tert-butylbenzene",,tert-butylbenzene,,"https://doi.org/10.1016/j.hydromet.2020.105248, https://doi.org/10.1021/jacs.5c19738",Thomas Summers,2026-01-20 20:38:24,Distribution Ratio,580.452517663032,-,Temperature,20.0,C,30.0 min,,,Comments,"Data Location: Figure S4A; Additional Comments: nan; Complexant_Name: nan; Complexant_SMILES: nan; Complexant_Concentration_M: nan; Publication_Year: 2020; Title: Solvent extraction of An(III) and Ln(III) using TODGA in aromatic diluents to suppress third phase formation; Authors: P Weßling, U Müllich, E Guerinoni, A Geist, PJ Panak; No. of Extractants: 1; Aqueous Phase Metals: nan; Metal_Concentration_mM: Trace; No. of Metals: 1",Volume Ratio,1.0,,
10973,"TODGA, TBP","0.2 M,0.5 M",HNO3,0.1 M,hydrogenated tetrapropene,Cm,III , ,,,,,"CCCCCCCCN(CCCCCCCC)C(=O)COCC(=O)N(CCCCCCCC)CCCCCCCC,CCCCOP(=O)(OCCCC)OCCCC","-,-","HNO3,  TBP, TODGA, Cm, hydrogenated tetrapropene",,hydrogenated tetrapropene,,"https://doi.org/10.1080/07366290701634578, https://doi.org/10.1021/jacs.5c19738",Thomas Summers,2026-01-20 20:39:50,Distribution Ratio,0.25,-,Temperature,22.0,C,15.0 min,,,Comments,"Data Location: Figure 2; Additional Comments: nan; Complexant_Name: nan; Complexant_SMILES: nan; Complexant_Concentration_M: nan; Publication_Year: 2007; Title: Development of a TODGA based Process for Partitioning of Actinides from a PUREX Rafﬁnate Part I: Batch Extraction Optimization Studies and Stability Tests; Authors: G Modolo, H Asp, C Schreinemachers, H Vijgen; No. of Extractants: 2; Aqueous Phase Metals: Am(III); Cm(III); Eu(III); Cf(III); Th(IV); U(VI); Metal_Concentration_mM: Trace; Trace; Trace; Trace; 10; 10; No. of Metals: 6",Volume Ratio,1.0,,
10974,"TODGA, TBP","0.2 M,0.5 M",HNO3,0.2 M,hydrogenated tetrapropene,Cm,III , ,,,,,"CCCCCCCCN(CCCCCCCC)C(=O)COCC(=O)N(CCCCCCCC)CCCCCCCC,CCCCOP(=O)(OCCCC)OCCCC","-,-","HNO3,  TBP, TODGA, Cm, hydrogenated tetrapropene",,hydrogenated tetrapropene,,"https://doi.org/10.1080/07366290701634578, https://doi.org/10.1021/jacs.5c19738",Thomas Summers,2026-01-20 20:39:50,Distribution Ratio,1.15,-,Temperature,22.0,C,15.0 min,,,Comments,"Data Location: Figure 2; Additional Comments: nan; Complexant_Name: nan; Complexant_SMILES: nan; Complexant_Concentration_M: nan; Publication_Year: 2007; Title: Development of a TODGA based Process for Partitioning of Actinides from a PUREX Rafﬁnate Part I: Batch Extraction Optimization Studies and Stability Tests; Authors: G Modolo, H Asp, C Schreinemachers, H Vijgen; No. of Extractants: 2; Aqueous Phase Metals: Am(III); Cm(III); Eu(III); Cf(III); Th(IV); U(VI); Metal_Concentration_mM: Trace; Trace; Trace; Trace; 10; 10; No. of Metals: 6",Volume Ratio,1.0,,
10975,"TODGA, TBP","0.2 M,0.5 M",HNO3,0.5 M,hydrogenated tetrapropene,Cm,III , ,,,,,"CCCCCCCCN(CCCCCCCC)C(=O)COCC(=O)N(CCCCCCCC)CCCCCCCC,CCCCOP(=O)(OCCCC)OCCCC","-,-","HNO3,  TBP, TODGA, Cm, hydrogenated tetrapropene",,hydrogenated tetrapropene,,"https://doi.org/10.1080/07366290701634578, https://doi.org/10.1021/jacs.5c19738",Thomas Summers,2026-01-20 20:39:50,Distribution Ratio,12.53,-,Temperature,22.0,C,15.0 min,,,Comments,"Data Location: Figure 2; Additional Comments: nan; Complexant_Name: nan; Complexant_SMILES: nan; Complexant_Concentration_M: nan; Publication_Year: 2007; Title: Development of a TODGA based Process for Partitioning of Actinides from a PUREX Rafﬁnate Part I: Batch Extraction Optimization Studies and Stability Tests; Authors: G Modolo, H Asp, C Schreinemachers, H Vijgen; No. of Extractants: 2; Aqueous Phase Metals: Am(III); Cm(III); Eu(III); Cf(III); Th(IV); U(VI); Metal_Concentration_mM: Trace; Trace; Trace; Trace; 10; 10; No. of Metals: 6",Volume Ratio,1.0,,
10976,"TODGA, TBP","0.2 M,0.5 M",HNO3,1 M,hydrogenated tetrapropene,Cm,III , ,,,,,"CCCCCCCCN(CCCCCCCC)C(=O)COCC(=O)N(CCCCCCCC)CCCCCCCC,CCCCOP(=O)(OCCCC)OCCCC","-,-","HNO3,  TBP, TODGA, Cm, hydrogenated tetrapropene",,hydrogenated tetrapropene,,"https://doi.org/10.1080/07366290701634578, https://doi.org/10.1021/jacs.5c19738",Thomas Summers,2026-01-20 20:39:50,Distribution Ratio,157.06,-,Temperature,22.0,C,15.0 min,,,Comments,"Data Location: Figure 2; Additional Comments: nan; Complexant_Name: nan; Complexant_SMILES: nan; Complexant_Concentration_M: nan; Publication_Year: 2007; Title: Development of a TODGA based Process for Partitioning of Actinides from a PUREX Rafﬁnate Part I: Batch Extraction Optimization Studies and Stability Tests; Authors: G Modolo, H Asp, C Schreinemachers, H Vijgen; No. of Extractants: 2; Aqueous Phase Metals: Am(III); Cm(III); Eu(III); Cf(III); Th(IV); U(VI); Metal_Concentration_mM: Trace; Trace; Trace; Trace; 10; 10; No. of Metals: 6",Volume Ratio,1.0,,
10977,"TODGA, TBP","0.2 M,0.5 M",HNO3,2 M,hydrogenated tetrapropene,Cm,III , ,,,,,"CCCCCCCCN(CCCCCCCC)C(=O)COCC(=O)N(CCCCCCCC)CCCCCCCC,CCCCOP(=O)(OCCCC)OCCCC","-,-","HNO3,  TBP, TODGA, Cm, hydrogenated tetrapropene",,hydrogenated tetrapropene,,"https://doi.org/10.1080/07366290701634578, https://doi.org/10.1021/jacs.5c19738",Thomas Summers,2026-01-20 20:39:50,Distribution Ratio,1435.04,-,Temperature,22.0,C,15.0 min,,,Comments,"Data Location: Figure 2; Additional Comments: nan; Complexant_Name: nan; Complexant_SMILES: nan; Complexant_Concentration_M: nan; Publication_Year: 2007; Title: Development of a TODGA based Process for Partitioning of Actinides from a PUREX Rafﬁnate Part I: Batch Extraction Optimization Studies and Stability Tests; Authors: G Modolo, H Asp, C Schreinemachers, H Vijgen; No. of Extractants: 2; Aqueous Phase Metals: Am(III); Cm(III); Eu(III); Cf(III); Th(IV); U(VI); Metal_Concentration_mM: Trace; Trace; Trace; Trace; 10; 10; No. of Metals: 6",Volume Ratio,1.0,,
10978,"TODGA, TBP","0.2 M,0.5 M",HNO3,3 M,hydrogenated tetrapropene,Cm,III , ,,,,,"CCCCCCCCN(CCCCCCCC)C(=O)COCC(=O)N(CCCCCCCC)CCCCCCCC,CCCCOP(=O)(OCCCC)OCCCC","-,-","HNO3,  TBP, TODGA, Cm, hydrogenated tetrapropene",,hydrogenated tetrapropene,,"https://doi.org/10.1080/07366290701634578, https://doi.org/10.1021/jacs.5c19738",Thomas Summers,2026-01-20 20:39:50,Distribution Ratio,2253.93,-,Temperature,22.0,C,15.0 min,,,Comments,"Data Location: Figure 2; Additional Comments: nan; Complexant_Name: nan; Complexant_SMILES: nan; Complexant_Concentration_M: nan; Publication_Year: 2007; Title: Development of a TODGA based Process for Partitioning of Actinides from a PUREX Rafﬁnate Part I: Batch Extraction Optimization Studies and Stability Tests; Authors: G Modolo, H Asp, C Schreinemachers, H Vijgen; No. of Extractants: 2; Aqueous Phase Metals: Am(III); Cm(III); Eu(III); Cf(III); Th(IV); U(VI); Metal_Concentration_mM: Trace; Trace; Trace; Trace; 10; 10; No. of Metals: 6",Volume Ratio,1.0,,
10994,TODGA,0.2 M,HNO3; oxalic acid, ,hydrogenated tetrapropene,Cm,III , ,,,,,CCCCCCCCN(CCCCCCCC)C(=O)COCC(=O)N(CCCCCCCC)CCCCCCCC,-,"HNO3; oxalic acid, TODGA, Cm, hydrogenated tetrapropene",,hydrogenated tetrapropene,,"https://doi.org/10.1080/07366290701634578, https://doi.org/10.1021/jacs.5c19738",Thomas Summers,2026-01-20 20:39:52,,,,Temperature,22.0,C,15.0 min,,,Comments,"Data Location: Table 2; Additional Comments: Simulated Highly Active Raffinate solution; Complexant_Name: HEDTA; Complexant_SMILES: OCCN(CCN(CC([O-])=O)CC([O-])=O)CC([O-])=O; Complexant_Concentration_M: 0.05; Publication_Year: 2007; Title: Development of a TODGA based Process for Partitioning of Actinides from a PUREX Rafﬁnate Part I: Batch Extraction Optimization Studies and Stability Tests; Authors: G Modolo, H Asp, C Schreinemachers, H Vijgen; No. of Extractants: 1; Aqueous Phase Metals: Am(III); Cm(III); Cf(III); Y; La(III); Ce(III); Pr(III); Nd(III); Sm(III); Eu(III); Gd(III); Ag; Al; Ba; Cd; Cr; Cs; Cu; Fe; Mo; Na; Ni; Pd; Rb; Rh; Ru; Sb; Se; Sn; Sr; Te; Zr; Metal_Concentration_mM: Trace; Trace; Trace; 1.147; 1.569; 3.697; 1.554; 4.979; 0.971; 0.217; 0.223; 0.117; 0.074; 1.923; 0.151; 1.75; 4.184; 0.299; 34.02; 7.003; 88.473; 0.801; 1.156; 0.761; 0.777; 3.838; 0.036; 0.114; 0.093; 1.906; 3.77; 12.771; No. of Metals: 32",Volume Ratio,1.0,,
11016,TODGA,0.2 M,HNO3; oxalic acid, ,hydrogenated tetrapropene,Cm,III , ,,,,,CCCCCCCCN(CCCCCCCC)C(=O)COCC(=O)N(CCCCCCCC)CCCCCCCC,-,"HNO3; oxalic acid, TODGA, Cm, hydrogenated tetrapropene",,hydrogenated tetrapropene,,"https://doi.org/10.1080/07366290701634578, https://doi.org/10.1021/jacs.5c19738",Thomas Summers,2026-01-20 20:39:53,,,,Temperature,22.0,C,15.0 min,,,Comments,"Data Location: Table 2; Additional Comments: Simulated Highly Active Raffinate solution; Complexant_Name: HEDTA; Complexant_SMILES: OCCN(CCN(CC([O-])=O)CC([O-])=O)CC([O-])=O; Complexant_Concentration_M: 0.05; Publication_Year: 2007; Title: Development of a TODGA based Process for Partitioning of Actinides from a PUREX Rafﬁnate Part I: Batch Extraction Optimization Studies and Stability Tests; Authors: G Modolo, H Asp, C Schreinemachers, H Vijgen; No. of Extractants: 1; Aqueous Phase Metals: Am(III); Cm(III); Cf(III); Y; La(III); Ce(III); Pr(III); Nd(III); Sm(III); Eu(III); Gd(III); Ag; Al; Ba; Cd; Cr; Cs; Cu; Fe; Mo; Na; Ni; Pd; Rb; Rh; Ru; Sb; Se; Sn; Sr; Te; Zr; Metal_Concentration_mM: Trace; Trace; Trace; 1.147; 1.569; 3.697; 1.554; 4.979; 0.971; 0.217; 0.223; 0.117; 0.074; 1.923; 0.151; 1.75; 4.184; 0.299; 34.02; 7.003; 88.473; 0.801; 1.156; 0.761; 0.777; 3.838; 0.036; 0.114; 0.093; 1.906; 3.77; 12.771; No. of Metals: 32",Volume Ratio,1.0,,
11017,TODGA,0.2 M,HNO3; oxalic acid, ,hydrogenated tetrapropene,Cm,III , ,,,,,CCCCCCCCN(CCCCCCCC)C(=O)COCC(=O)N(CCCCCCCC)CCCCCCCC,-,"HNO3; oxalic acid, TODGA, Cm, hydrogenated tetrapropene",,hydrogenated tetrapropene,,"https://doi.org/10.1080/07366290701634578, https://doi.org/10.1021/jacs.5c19738",Thomas Summers,2026-01-20 20:39:53,,,,Temperature,22.0,C,15.0 min,,,Comments,"Data Location: Table 2; Additional Comments: Simulated Highly Active Raffinate solution; Complexant_Name: HEDTA; Complexant_SMILES: OCCN(CCN(CC([O-])=O)CC([O-])=O)CC([O-])=O; Complexant_Concentration_M: 0.05; Publication_Year: 2007; Title: Development of a TODGA based Process for Partitioning of Actinides from a PUREX Rafﬁnate Part I: Batch Extraction Optimization Studies and Stability Tests; Authors: G Modolo, H Asp, C Schreinemachers, H Vijgen; No. of Extractants: 1; Aqueous Phase Metals: Am(III); Cm(III); Cf(III); Y; La(III); Ce(III); Pr(III); Nd(III); Sm(III); Eu(III); Gd(III); Ag; Al; Ba; Cd; Cr; Cs; Cu; Fe; Mo; Na; Ni; Pd; Rb; Rh; Ru; Sb; Se; Sn; Sr; Te; Zr; Metal_Concentration_mM: Trace; Trace; Trace; 1.147; 1.569; 3.697; 1.554; 4.979; 0.971; 0.217; 0.223; 0.117; 0.074; 1.923; 0.151; 1.75; 4.184; 0.299; 34.02; 7.003; 88.473; 0.801; 1.156; 0.761; 0.777; 3.838; 0.036; 0.114; 0.093; 1.906; 3.77; 12.771; No. of Metals: 32",Volume Ratio,1.0,,
11018,TODGA,0.2 M,HNO3; oxalic acid, ,hydrogenated tetrapropene,Cm,III , ,,,,,CCCCCCCCN(CCCCCCCC)C(=O)COCC(=O)N(CCCCCCCC)CCCCCCCC,-,"HNO3; oxalic acid, TODGA, Cm, hydrogenated tetrapropene",,hydrogenated tetrapropene,,"https://doi.org/10.1080/07366290701634578, https://doi.org/10.1021/jacs.5c19738",Thomas Summers,2026-01-20 20:39:53,,,,Temperature,22.0,C,15.0 min,,,Comments,"Data Location: Table 2; Additional Comments: Simulated Highly Active Raffinate solution; Complexant_Name: HEDTA; Complexant_SMILES: OCCN(CCN(CC([O-])=O)CC([O-])=O)CC([O-])=O; Complexant_Concentration_M: 0.05; Publication_Year: 2007; Title: Development of a TODGA based Process for Partitioning of Actinides from a PUREX Rafﬁnate Part I: Batch Extraction Optimization Studies and Stability Tests; Authors: G Modolo, H Asp, C Schreinemachers, H Vijgen; No. of Extractants: 1; Aqueous Phase Metals: Am(III); Cm(III); Cf(III); Y; La(III); Ce(III); Pr(III); Nd(III); Sm(III); Eu(III); Gd(III); Ag; Al; Ba; Cd; Cr; Cs; Cu; Fe; Mo; Na; Ni; Pd; Rb; Rh; Ru; Sb; Se; Sn; Sr; Te; Zr; Metal_Concentration_mM: Trace; Trace; Trace; 1.147; 1.569; 3.697; 1.554; 4.979; 0.971; 0.217; 0.223; 0.117; 0.074; 1.923; 0.151; 1.75; 4.184; 0.299; 34.02; 7.003; 88.473; 0.801; 1.156; 0.761; 0.777; 3.838; 0.036; 0.114; 0.093; 1.906; 3.77; 12.771; No. of Metals: 32",Volume Ratio,1.0,,
11019,TODGA,0.2 M,HNO3; oxalic acid, ,hydrogenated tetrapropene,Cm,III , ,,,,,CCCCCCCCN(CCCCCCCC)C(=O)COCC(=O)N(CCCCCCCC)CCCCCCCC,-,"HNO3; oxalic acid, TODGA, Cm, hydrogenated tetrapropene",,hydrogenated tetrapropene,,"https://doi.org/10.1080/07366290701634578, https://doi.org/10.1021/jacs.5c19738",Thomas Summers,2026-01-20 20:39:53,,,,Temperature,22.0,C,15.0 min,,,Comments,"Data Location: Table 2; Additional Comments: Simulated Highly Active Raffinate solution; Complexant_Name: HEDTA; Complexant_SMILES: OCCN(CCN(CC([O-])=O)CC([O-])=O)CC([O-])=O; Complexant_Concentration_M: 0.05; Publication_Year: 2007; Title: Development of a TODGA based Process for Partitioning of Actinides from a PUREX Rafﬁnate Part I: Batch Extraction Optimization Studies and Stability Tests; Authors: G Modolo, H Asp, C Schreinemachers, H Vijgen; No. of Extractants: 1; Aqueous Phase Metals: Am(III); Cm(III); Cf(III); Y; La(III); Ce(III); Pr(III); Nd(III); Sm(III); Eu(III); Gd(III); Ag; Al; Ba; Cd; Cr; Cs; Cu; Fe; Mo; Na; Ni; Pd; Rb; Rh; Ru; Sb; Se; Sn; Sr; Te; Zr; Metal_Concentration_mM: Trace; Trace; Trace; 1.147; 1.569; 3.697; 1.554; 4.979; 0.971; 0.217; 0.223; 0.117; 0.074; 1.923; 0.151; 1.75; 4.184; 0.299; 34.02; 7.003; 88.473; 0.801; 1.156; 0.761; 0.777; 3.838; 0.036; 0.114; 0.093; 1.906; 3.77; 12.771; No. of Metals: 32",Volume Ratio,1.0,,
11020,TODGA,0.2 M,HNO3; oxalic acid, ,hydrogenated tetrapropene,Cm,III , ,,,,,CCCCCCCCN(CCCCCCCC)C(=O)COCC(=O)N(CCCCCCCC)CCCCCCCC,-,"HNO3; oxalic acid, TODGA, Cm, hydrogenated tetrapropene",,hydrogenated tetrapropene,,"https://doi.org/10.1080/07366290701634578, https://doi.org/10.1021/jacs.5c19738",Thomas Summers,2026-01-20 20:39:53,,,,Temperature,22.0,C,15.0 min,,,Comments,"Data Location: Table 2; Additional Comments: Simulated Highly Active Raffinate solution; Complexant_Name: HEDTA; Complexant_SMILES: OCCN(CCN(CC([O-])=O)CC([O-])=O)CC([O-])=O; Complexant_Concentration_M: 0.05; Publication_Year: 2007; Title: Development of a TODGA based Process for Partitioning of Actinides from a PUREX Rafﬁnate Part I: Batch Extraction Optimization Studies and Stability Tests; Authors: G Modolo, H Asp, C Schreinemachers, H Vijgen; No. of Extractants: 1; Aqueous Phase Metals: Am(III); Cm(III); Cf(III); Y; La(III); Ce(III); Pr(III); Nd(III); Sm(III); Eu(III); Gd(III); Ag; Al; Ba; Cd; Cr; Cs; Cu; Fe; Mo; Na; Ni; Pd; Rb; Rh; Ru; Sb; Se; Sn; Sr; Te; Zr; Metal_Concentration_mM: Trace; Trace; Trace; 1.147; 1.569; 3.697; 1.554; 4.979; 0.971; 0.217; 0.223; 0.117; 0.074; 1.923; 0.151; 1.75; 4.184; 0.299; 34.02; 7.003; 88.473; 0.801; 1.156; 0.761; 0.777; 3.838; 0.036; 0.114; 0.093; 1.906; 3.77; 12.771; No. of Metals: 32",Volume Ratio,1.0,,
11059,"TODGA, TBP","0.2 M,0.25 M",HNO3; oxalic acid, ,hydrogenated tetrapropene,Cm,III , ,,,,,"CCCCCCCCN(CCCCCCCC)C(=O)COCC(=O)N(CCCCCCCC)CCCCCCCC,CCCCOP(=O)(OCCCC)OCCCC","-,-","HNO3; oxalic acid,  TBP, TODGA, Cm, hydrogenated tetrapropene",,hydrogenated tetrapropene,,"https://doi.org/10.1080/07366290701634578, https://doi.org/10.1021/jacs.5c19738",Thomas Summers,2026-01-20 20:39:56,,,,Temperature,22.0,C,15.0 min,,,Comments,"Data Location: Table 3; Additional Comments: Simulated Highly Active Raffinate solution; Complexant_Name: HEDTA; Complexant_SMILES: OCCN(CCN(CC([O-])=O)CC([O-])=O)CC([O-])=O; Complexant_Concentration_M: 0.05; Publication_Year: 2007; Title: Development of a TODGA based Process for Partitioning of Actinides from a PUREX Rafﬁnate Part I: Batch Extraction Optimization Studies and Stability Tests; Authors: G Modolo, H Asp, C Schreinemachers, H Vijgen; No. of Extractants: 2; Aqueous Phase Metals: Am(III); Cm(III); Cf(III); Y; La(III); Ce(III); Pr(III); Nd(III); Sm(III); Eu(III); Gd(III); Ag; Al; Ba; Cd; Cr; Cs; Cu; Fe; Mo; Na; Ni; Pd; Rb; Rh; Ru; Sb; Se; Sn; Sr; Te; Zr; Metal_Concentration_mM: Trace; Trace; Trace; 1.147; 1.569; 3.697; 1.554; 4.979; 0.971; 0.217; 0.223; 0.117; 0.074; 1.923; 0.151; 1.75; 4.184; 0.299; 34.02; 7.003; 88.473; 0.801; 1.156; 0.761; 0.777; 3.838; 0.036; 0.114; 0.093; 1.906; 3.77; 12.771; No. of Metals: 32",Volume Ratio,1.0,,
11060,"TODGA, TBP","0.2 M,0.25 M",HNO3; oxalic acid, ,hydrogenated tetrapropene,Cm,III , ,,,,,"CCCCCCCCN(CCCCCCCC)C(=O)COCC(=O)N(CCCCCCCC)CCCCCCCC,CCCCOP(=O)(OCCCC)OCCCC","-,-","HNO3; oxalic acid,  TBP, TODGA, Cm, hydrogenated tetrapropene",,hydrogenated tetrapropene,,"https://doi.org/10.1080/07366290701634578, https://doi.org/10.1021/jacs.5c19738",Thomas Summers,2026-01-20 20:39:56,,,,Temperature,22.0,C,15.0 min,,,Comments,"Data Location: Table 3; Additional Comments: Simulated Highly Active Raffinate solution; Complexant_Name: HEDTA; Complexant_SMILES: OCCN(CCN(CC([O-])=O)CC([O-])=O)CC([O-])=O; Complexant_Concentration_M: 0.05; Publication_Year: 2007; Title: Development of a TODGA based Process for Partitioning of Actinides from a PUREX Rafﬁnate Part I: Batch Extraction Optimization Studies and Stability Tests; Authors: G Modolo, H Asp, C Schreinemachers, H Vijgen; No. of Extractants: 2; Aqueous Phase Metals: Am(III); Cm(III); Cf(III); Y; La(III); Ce(III); Pr(III); Nd(III); Sm(III); Eu(III); Gd(III); Ag; Al; Ba; Cd; Cr; Cs; Cu; Fe; Mo; Na; Ni; Pd; Rb; Rh; Ru; Sb; Se; Sn; Sr; Te; Zr; Metal_Concentration_mM: Trace; Trace; Trace; 1.147; 1.569; 3.697; 1.554; 4.979; 0.971; 0.217; 0.223; 0.117; 0.074; 1.923; 0.151; 1.75; 4.184; 0.299; 34.02; 7.003; 88.473; 0.801; 1.156; 0.761; 0.777; 3.838; 0.036; 0.114; 0.093; 1.906; 3.77; 12.771; No. of Metals: 32",Volume Ratio,1.0,,
11061,"TODGA, TBP","0.2 M,0.25 M",HNO3; oxalic acid, ,hydrogenated tetrapropene,Cm,III , ,,,,,"CCCCCCCCN(CCCCCCCC)C(=O)COCC(=O)N(CCCCCCCC)CCCCCCCC,CCCCOP(=O)(OCCCC)OCCCC","-,-","HNO3; oxalic acid,  TBP, TODGA, Cm, hydrogenated tetrapropene",,hydrogenated tetrapropene,,"https://doi.org/10.1080/07366290701634578, https://doi.org/10.1021/jacs.5c19738",Thomas Summers,2026-01-20 20:39:56,,,,Temperature,22.0,C,15.0 min,,,Comments,"Data Location: Table 3; Additional Comments: Simulated Highly Active Raffinate solution; Complexant_Name: HEDTA; Complexant_SMILES: OCCN(CCN(CC([O-])=O)CC([O-])=O)CC([O-])=O; Complexant_Concentration_M: 0.05; Publication_Year: 2007; Title: Development of a TODGA based Process for Partitioning of Actinides from a PUREX Rafﬁnate Part I: Batch Extraction Optimization Studies and Stability Tests; Authors: G Modolo, H Asp, C Schreinemachers, H Vijgen; No. of Extractants: 2; Aqueous Phase Metals: Am(III); Cm(III); Cf(III); Y; La(III); Ce(III); Pr(III); Nd(III); Sm(III); Eu(III); Gd(III); Ag; Al; Ba; Cd; Cr; Cs; Cu; Fe; Mo; Na; Ni; Pd; Rb; Rh; Ru; Sb; Se; Sn; Sr; Te; Zr; Metal_Concentration_mM: Trace; Trace; Trace; 1.147; 1.569; 3.697; 1.554; 4.979; 0.971; 0.217; 0.223; 0.117; 0.074; 1.923; 0.151; 1.75; 4.184; 0.299; 34.02; 7.003; 88.473; 0.801; 1.156; 0.761; 0.777; 3.838; 0.036; 0.114; 0.093; 1.906; 3.77; 12.771; No. of Metals: 32",Volume Ratio,1.0,,
11062,"TODGA, TBP","0.2 M,0.25 M",HNO3; oxalic acid, ,hydrogenated tetrapropene,Cm,III , ,,,,,"CCCCCCCCN(CCCCCCCC)C(=O)COCC(=O)N(CCCCCCCC)CCCCCCCC,CCCCOP(=O)(OCCCC)OCCCC","-,-","HNO3; oxalic acid,  TBP, TODGA, Cm, hydrogenated tetrapropene",,hydrogenated tetrapropene,,"https://doi.org/10.1080/07366290701634578, https://doi.org/10.1021/jacs.5c19738",Thomas Summers,2026-01-20 20:39:56,,,,Temperature,22.0,C,15.0 min,,,Comments,"Data Location: Table 3; Additional Comments: Simulated Highly Active Raffinate solution; Complexant_Name: HEDTA; Complexant_SMILES: OCCN(CCN(CC([O-])=O)CC([O-])=O)CC([O-])=O; Complexant_Concentration_M: 0.05; Publication_Year: 2007; Title: Development of a TODGA based Process for Partitioning of Actinides from a PUREX Rafﬁnate Part I: Batch Extraction Optimization Studies and Stability Tests; Authors: G Modolo, H Asp, C Schreinemachers, H Vijgen; No. of Extractants: 2; Aqueous Phase Metals: Am(III); Cm(III); Cf(III); Y; La(III); Ce(III); Pr(III); Nd(III); Sm(III); Eu(III); Gd(III); Ag; Al; Ba; Cd; Cr; Cs; Cu; Fe; Mo; Na; Ni; Pd; Rb; Rh; Ru; Sb; Se; Sn; Sr; Te; Zr; Metal_Concentration_mM: Trace; Trace; Trace; 1.147; 1.569; 3.697; 1.554; 4.979; 0.971; 0.217; 0.223; 0.117; 0.074; 1.923; 0.151; 1.75; 4.184; 0.299; 34.02; 7.003; 88.473; 0.801; 1.156; 0.761; 0.777; 3.838; 0.036; 0.114; 0.093; 1.906; 3.77; 12.771; No. of Metals: 32",Volume Ratio,1.0,,
11087,"TODGA, TBP","0.2 M,0.5 M",HNO3; oxalic acid, ,hydrogenated tetrapropene,Cm,III , ,,,,,"CCCCCCCCN(CCCCCCCC)C(=O)COCC(=O)N(CCCCCCCC)CCCCCCCC,CCCCOP(=O)(OCCCC)OCCCC","-,-","HNO3; oxalic acid,  TBP, TODGA, Cm, hydrogenated tetrapropene",,hydrogenated tetrapropene,,"https://doi.org/10.1080/07366290701634578, https://doi.org/10.1021/jacs.5c19738",Thomas Summers,2026-01-20 20:39:58,,,,Temperature,22.0,C,15.0 min,,,Comments,"Data Location: Table 3; Additional Comments: Simulated Highly Active Raffinate solution; Complexant_Name: HEDTA; Complexant_SMILES: OCCN(CCN(CC([O-])=O)CC([O-])=O)CC([O-])=O; Complexant_Concentration_M: 0.05; Publication_Year: 2007; Title: Development of a TODGA based Process for Partitioning of Actinides from a PUREX Rafﬁnate Part I: Batch Extraction Optimization Studies and Stability Tests; Authors: G Modolo, H Asp, C Schreinemachers, H Vijgen; No. of Extractants: 2; Aqueous Phase Metals: Am(III); Cm(III); Cf(III); Y; La(III); Ce(III); Pr(III); Nd(III); Sm(III); Eu(III); Gd(III); Ag; Al; Ba; Cd; Cr; Cs; Cu; Fe; Mo; Na; Ni; Pd; Rb; Rh; Ru; Sb; Se; Sn; Sr; Te; Zr; Metal_Concentration_mM: Trace; Trace; Trace; 1.147; 1.569; 3.697; 1.554; 4.979; 0.971; 0.217; 0.223; 0.117; 0.074; 1.923; 0.151; 1.75; 4.184; 0.299; 34.02; 7.003; 88.473; 0.801; 1.156; 0.761; 0.777; 3.838; 0.036; 0.114; 0.093; 1.906; 3.77; 12.771; No. of Metals: 32",Volume Ratio,1.0,,
11088,"TODGA, TBP","0.2 M,0.5 M",HNO3; oxalic acid, ,hydrogenated tetrapropene,Cm,III , ,,,,,"CCCCCCCCN(CCCCCCCC)C(=O)COCC(=O)N(CCCCCCCC)CCCCCCCC,CCCCOP(=O)(OCCCC)OCCCC","-,-","HNO3; oxalic acid,  TBP, TODGA, Cm, hydrogenated tetrapropene",,hydrogenated tetrapropene,,"https://doi.org/10.1080/07366290701634578, https://doi.org/10.1021/jacs.5c19738",Thomas Summers,2026-01-20 20:39:58,,,,Temperature,22.0,C,15.0 min,,,Comments,"Data Location: Table 3; Additional Comments: Simulated Highly Active Raffinate solution; Complexant_Name: HEDTA; Complexant_SMILES: OCCN(CCN(CC([O-])=O)CC([O-])=O)CC([O-])=O; Complexant_Concentration_M: 0.05; Publication_Year: 2007; Title: Development of a TODGA based Process for Partitioning of Actinides from a PUREX Rafﬁnate Part I: Batch Extraction Optimization Studies and Stability Tests; Authors: G Modolo, H Asp, C Schreinemachers, H Vijgen; No. of Extractants: 2; Aqueous Phase Metals: Am(III); Cm(III); Cf(III); Y; La(III); Ce(III); Pr(III); Nd(III); Sm(III); Eu(III); Gd(III); Ag; Al; Ba; Cd; Cr; Cs; Cu; Fe; Mo; Na; Ni; Pd; Rb; Rh; Ru; Sb; Se; Sn; Sr; Te; Zr; Metal_Concentration_mM: Trace; Trace; Trace; 1.147; 1.569; 3.697; 1.554; 4.979; 0.971; 0.217; 0.223; 0.117; 0.074; 1.923; 0.151; 1.75; 4.184; 0.299; 34.02; 7.003; 88.473; 0.801; 1.156; 0.761; 0.777; 3.838; 0.036; 0.114; 0.093; 1.906; 3.77; 12.771; No. of Metals: 32",Volume Ratio,1.0,,
11089,"TODGA, TBP","0.2 M,0.5 M",HNO3; oxalic acid, ,hydrogenated tetrapropene,Cm,III , ,,,,,"CCCCCCCCN(CCCCCCCC)C(=O)COCC(=O)N(CCCCCCCC)CCCCCCCC,CCCCOP(=O)(OCCCC)OCCCC","-,-","HNO3; oxalic acid,  TBP, TODGA, Cm, hydrogenated tetrapropene",,hydrogenated tetrapropene,,"https://doi.org/10.1080/07366290701634578, https://doi.org/10.1021/jacs.5c19738",Thomas Summers,2026-01-20 20:39:58,,,,Temperature,22.0,C,15.0 min,,,Comments,"Data Location: Table 3; Additional Comments: Simulated Highly Active Raffinate solution; Complexant_Name: HEDTA; Complexant_SMILES: OCCN(CCN(CC([O-])=O)CC([O-])=O)CC([O-])=O; Complexant_Concentration_M: 0.05; Publication_Year: 2007; Title: Development of a TODGA based Process for Partitioning of Actinides from a PUREX Rafﬁnate Part I: Batch Extraction Optimization Studies and Stability Tests; Authors: G Modolo, H Asp, C Schreinemachers, H Vijgen; No. of Extractants: 2; Aqueous Phase Metals: Am(III); Cm(III); Cf(III); Y; La(III); Ce(III); Pr(III); Nd(III); Sm(III); Eu(III); Gd(III); Ag; Al; Ba; Cd; Cr; Cs; Cu; Fe; Mo; Na; Ni; Pd; Rb; Rh; Ru; Sb; Se; Sn; Sr; Te; Zr; Metal_Concentration_mM: Trace; Trace; Trace; 1.147; 1.569; 3.697; 1.554; 4.979; 0.971; 0.217; 0.223; 0.117; 0.074; 1.923; 0.151; 1.75; 4.184; 0.299; 34.02; 7.003; 88.473; 0.801; 1.156; 0.761; 0.777; 3.838; 0.036; 0.114; 0.093; 1.906; 3.77; 12.771; No. of Metals: 32",Volume Ratio,1.0,,
11090,"TODGA, TBP","0.2 M,0.5 M",HNO3; oxalic acid, ,hydrogenated tetrapropene,Cm,III , ,,,,,"CCCCCCCCN(CCCCCCCC)C(=O)COCC(=O)N(CCCCCCCC)CCCCCCCC,CCCCOP(=O)(OCCCC)OCCCC","-,-","HNO3; oxalic acid,  TBP, TODGA, Cm, hydrogenated tetrapropene",,hydrogenated tetrapropene,,"https://doi.org/10.1080/07366290701634578, https://doi.org/10.1021/jacs.5c19738",Thomas Summers,2026-01-20 20:39:58,,,,Temperature,22.0,C,15.0 min,,,Comments,"Data Location: Table 3; Additional Comments: Simulated Highly Active Raffinate solution; Complexant_Name: HEDTA; Complexant_SMILES: OCCN(CCN(CC([O-])=O)CC([O-])=O)CC([O-])=O; Complexant_Concentration_M: 0.05; Publication_Year: 2007; Title: Development of a TODGA based Process for Partitioning of Actinides from a PUREX Rafﬁnate Part I: Batch Extraction Optimization Studies and Stability Tests; Authors: G Modolo, H Asp, C Schreinemachers, H Vijgen; No. of Extractants: 2; Aqueous Phase Metals: Am(III); Cm(III); Cf(III); Y; La(III); Ce(III); Pr(III); Nd(III); Sm(III); Eu(III); Gd(III); Ag; Al; Ba; Cd; Cr; Cs; Cu; Fe; Mo; Na; Ni; Pd; Rb; Rh; Ru; Sb; Se; Sn; Sr; Te; Zr; Metal_Concentration_mM: Trace; Trace; Trace; 1.147; 1.569; 3.697; 1.554; 4.979; 0.971; 0.217; 0.223; 0.117; 0.074; 1.923; 0.151; 1.75; 4.184; 0.299; 34.02; 7.003; 88.473; 0.801; 1.156; 0.761; 0.777; 3.838; 0.036; 0.114; 0.093; 1.906; 3.77; 12.771; No. of Metals: 32",Volume Ratio,1.0,,
11504,TODGA,0.05 M,HNO3,1 M,hydrogenated tetrapropylene,Cm,III , ,,,,,CCCCCCCCN(CCCCCCCC)C(=O)COCC(=O)N(CCCCCCCC)CCCCCCCC,-,"HNO3, TODGA, Cm, hydrogenated tetrapropylene",,hydrogenated tetrapropylene,,"https://doi.org/10.1080/07366299.2012.757160, https://doi.org/10.1021/jacs.5c19738",Thomas Summers,2026-01-20 20:40:26,Distribution Ratio,8.46095440771467,-,Temperature,21.0,C,60.0 min,,,Comments,"Data Location: Graph 3; Additional Comments: nan; Complexant_Name: nan; Complexant_SMILES: nan; Complexant_Concentration_M: nan; Publication_Year: 2013; Title: Influence of an Alkoxy Group on Bis-Triazinyl-Pyridines for Selective Extraction of Americium(III); Authors: C Dupont, C Hill, F Suzenet, G Guillaumet; No. of Extractants: 1; Aqueous Phase Metals: nan; Metal_Concentration_mM: Trace; No. of Metals: 1",Volume Ratio,1.0,,
11505,TODGA,0.05 M,HNO3,1 M,hydrogenated tetrapropylene,Cm,III , ,,,,,CCCCCCCCN(CCCCCCCC)C(=O)COCC(=O)N(CCCCCCCC)CCCCCCCC,-,"HNO3, TODGA, Cm, hydrogenated tetrapropylene",,hydrogenated tetrapropylene,,"https://doi.org/10.1080/07366299.2012.757160, https://doi.org/10.1021/jacs.5c19738",Thomas Summers,2026-01-20 20:40:26,Distribution Ratio,0.594557070854438,-,Temperature,21.0,C,60.0 min,,,Comments,"Data Location: Graph 3; Additional Comments: nan; Complexant_Name: BTP-4Me; Complexant_SMILES: CC1=C(N=NC(=N1)C2=NC(=CC=C2)C3=NC(=C(N=N3)C)C)C; Complexant_Concentration_M: 0.0998789346246973; Publication_Year: 2013; Title: Influence of an Alkoxy Group on Bis-Triazinyl-Pyridines for Selective Extraction of Americium(III); Authors: C Dupont, C Hill, F Suzenet, G Guillaumet; No. of Extractants: 1; Aqueous Phase Metals: nan; Metal_Concentration_mM: Trace; No. of Metals: 1",Volume Ratio,1.0,,
11557,NTAamide(C8),0.2 M,HNO3,0.2 M,n-Dodecane,Cm,III , ,,,,,CCCCCCCCN(CCCCCCCC)C(=O)CN(CC(=O)N(CCCCCCCC)CCCCCCCC)CC(=O)N(CCCCCCCC)CCCCCCCC,-,"HNO3, NTAamide(C8), Cm, n-Dodecane",,n-Dodecane,,"https://doi.org/10.1080/07366299.2013.836422, https://doi.org/10.1021/jacs.5c19738",Thomas Summers,2026-01-20 20:40:29,Distribution Ratio,20.9,-,Temperature,25.0,C,30.0 min,,,Comments,"Data Location: Table 4; Additional Comments: nan; Complexant_Name: nan; Complexant_SMILES: nan; Complexant_Concentration_M: nan; Publication_Year: 2014; Title: Novel Extractant, NTAamide, and its combination with TEDGA for Mutual Separation of Am / Cm / Ln ; Authors: Y Sasaki, Y Tsubata, Y Kitatsuji, Y Sugo, N Shirasu, Y Morita; No. of Extractants: 1; Aqueous Phase Metals: nan; Metal_Concentration_mM: Trace; No. of Metals: 1",Volume Ratio,1.0,,
11558,NTAamide(C8),0.2 M,HNO3,0.2 M,n-Dodecane,Cm,III , ,,,,,CCCCCCCCN(CCCCCCCC)C(=O)CN(CC(=O)N(CCCCCCCC)CCCCCCCC)CC(=O)N(CCCCCCCC)CCCCCCCC,-,"HNO3, NTAamide(C8), Cm, n-Dodecane",,n-Dodecane,,"https://doi.org/10.1080/07366299.2013.836422, https://doi.org/10.1021/jacs.5c19738",Thomas Summers,2026-01-20 20:40:29,Distribution Ratio,8.33,-,Temperature,25.0,C,30.0 min,,,Comments,"Data Location: Table 4; Additional Comments: nan; Complexant_Name: TEDGA; Complexant_SMILES: CCN(CC)C(=O)COCC(=O)N(CC)CC; Complexant_Concentration_M: 0.001; Publication_Year: 2014; Title: Novel Extractant, NTAamide, and its combination with TEDGA for Mutual Separation of Am / Cm / Ln ; Authors: Y Sasaki, Y Tsubata, Y Kitatsuji, Y Sugo, N Shirasu, Y Morita; No. of Extractants: 1; Aqueous Phase Metals: nan; Metal_Concentration_mM: Trace; No. of Metals: 1",Volume Ratio,1.0,,
11559,NTAamide(C8),0.2 M,HNO3,0.2 M,n-Dodecane,Cm,III , ,,,,,CCCCCCCCN(CCCCCCCC)C(=O)CN(CC(=O)N(CCCCCCCC)CCCCCCCC)CC(=O)N(CCCCCCCC)CCCCCCCC,-,"HNO3, NTAamide(C8), Cm, n-Dodecane",,n-Dodecane,,"https://doi.org/10.1080/07366299.2013.836422, https://doi.org/10.1021/jacs.5c19738",Thomas Summers,2026-01-20 20:40:29,Distribution Ratio,4.02,-,Temperature,25.0,C,30.0 min,,,Comments,"Data Location: Table 4; Additional Comments: nan; Complexant_Name: TEDGA; Complexant_SMILES: CCN(CC)C(=O)COCC(=O)N(CC)CC; Complexant_Concentration_M: 0.002; Publication_Year: 2014; Title: Novel Extractant, NTAamide, and its combination with TEDGA for Mutual Separation of Am / Cm / Ln ; Authors: Y Sasaki, Y Tsubata, Y Kitatsuji, Y Sugo, N Shirasu, Y Morita; No. of Extractants: 1; Aqueous Phase Metals: nan; Metal_Concentration_mM: Trace; No. of Metals: 1",Volume Ratio,1.0,,
11560,NTAamide(C8),0.2 M,HNO3,0.2 M,n-Dodecane,Cm,III , ,,,,,CCCCCCCCN(CCCCCCCC)C(=O)CN(CC(=O)N(CCCCCCCC)CCCCCCCC)CC(=O)N(CCCCCCCC)CCCCCCCC,-,"HNO3, NTAamide(C8), Cm, n-Dodecane",,n-Dodecane,,"https://doi.org/10.1080/07366299.2013.836422, https://doi.org/10.1021/jacs.5c19738",Thomas Summers,2026-01-20 20:40:30,Distribution Ratio,1.26,-,Temperature,25.0,C,30.0 min,,,Comments,"Data Location: Table 4; Additional Comments: nan; Complexant_Name: TEDGA; Complexant_SMILES: CCN(CC)C(=O)COCC(=O)N(CC)CC; Complexant_Concentration_M: 0.005; Publication_Year: 2014; Title: Novel Extractant, NTAamide, and its combination with TEDGA for Mutual Separation of Am / Cm / Ln ; Authors: Y Sasaki, Y Tsubata, Y Kitatsuji, Y Sugo, N Shirasu, Y Morita; No. of Extractants: 1; Aqueous Phase Metals: nan; Metal_Concentration_mM: Trace; No. of Metals: 1",Volume Ratio,1.0,,
11561,NTAamide(C8),0.2 M,HNO3,0.2 M,n-Dodecane,Cm,III , ,,,,,CCCCCCCCN(CCCCCCCC)C(=O)CN(CC(=O)N(CCCCCCCC)CCCCCCCC)CC(=O)N(CCCCCCCC)CCCCCCCC,-,"HNO3, NTAamide(C8), Cm, n-Dodecane",,n-Dodecane,,"https://doi.org/10.1080/07366299.2013.836422, https://doi.org/10.1021/jacs.5c19738",Thomas Summers,2026-01-20 20:40:30,Distribution Ratio,0.16,-,Temperature,25.0,C,30.0 min,,,Comments,"Data Location: Table 4; Additional Comments: nan; Complexant_Name: TEDGA; Complexant_SMILES: CCN(CC)C(=O)COCC(=O)N(CC)CC; Complexant_Concentration_M: 0.01; Publication_Year: 2014; Title: Novel Extractant, NTAamide, and its combination with TEDGA for Mutual Separation of Am / Cm / Ln ; Authors: Y Sasaki, Y Tsubata, Y Kitatsuji, Y Sugo, N Shirasu, Y Morita; No. of Extractants: 1; Aqueous Phase Metals: nan; Metal_Concentration_mM: Trace; No. of Metals: 1",Volume Ratio,1.0,,
11567,NTAamide(C8),0.5 M,HNO3,0.2 M,n-Dodecane,Cm,III , ,,,,,CCCCCCCCN(CCCCCCCC)C(=O)CN(CC(=O)N(CCCCCCCC)CCCCCCCC)CC(=O)N(CCCCCCCC)CCCCCCCC,-,"HNO3, NTAamide(C8), Cm, n-Dodecane",,n-Dodecane,,"https://doi.org/10.1080/07366299.2013.836422, https://doi.org/10.1021/jacs.5c19738",Thomas Summers,2026-01-20 20:40:30,Distribution Ratio,61.4,-,Temperature,25.0,C,30.0 min,,,Comments,"Data Location: Table 4; Additional Comments: nan; Complexant_Name: nan; Complexant_SMILES: nan; Complexant_Concentration_M: nan; Publication_Year: 2014; Title: Novel Extractant, NTAamide, and its combination with TEDGA for Mutual Separation of Am / Cm / Ln ; Authors: Y Sasaki, Y Tsubata, Y Kitatsuji, Y Sugo, N Shirasu, Y Morita; No. of Extractants: 1; Aqueous Phase Metals: nan; Metal_Concentration_mM: Trace; No. of Metals: 1",Volume Ratio,1.0,,
11568,NTAamide(C8),0.5 M,HNO3,0.2 M,n-Dodecane,Cm,III , ,,,,,CCCCCCCCN(CCCCCCCC)C(=O)CN(CC(=O)N(CCCCCCCC)CCCCCCCC)CC(=O)N(CCCCCCCC)CCCCCCCC,-,"HNO3, NTAamide(C8), Cm, n-Dodecane",,n-Dodecane,,"https://doi.org/10.1080/07366299.2013.836422, https://doi.org/10.1021/jacs.5c19738",Thomas Summers,2026-01-20 20:40:30,Distribution Ratio,2.77,-,Temperature,25.0,C,30.0 min,,,Comments,"Data Location: Table 4; Additional Comments: nan; Complexant_Name: TEDGA; Complexant_SMILES: CCN(CC)C(=O)COCC(=O)N(CC)CC; Complexant_Concentration_M: 0.002; Publication_Year: 2014; Title: Novel Extractant, NTAamide, and its combination with TEDGA for Mutual Separation of Am / Cm / Ln ; Authors: Y Sasaki, Y Tsubata, Y Kitatsuji, Y Sugo, N Shirasu, Y Morita; No. of Extractants: 1; Aqueous Phase Metals: nan; Metal_Concentration_mM: Trace; No. of Metals: 1",Volume Ratio,1.0,,
11569,NTAamide(C8),0.5 M,HNO3,0.2 M,n-Dodecane,Cm,III , ,,,,,CCCCCCCCN(CCCCCCCC)C(=O)CN(CC(=O)N(CCCCCCCC)CCCCCCCC)CC(=O)N(CCCCCCCC)CCCCCCCC,-,"HNO3, NTAamide(C8), Cm, n-Dodecane",,n-Dodecane,,"https://doi.org/10.1080/07366299.2013.836422, https://doi.org/10.1021/jacs.5c19738",Thomas Summers,2026-01-20 20:40:30,Distribution Ratio,0.77,-,Temperature,25.0,C,30.0 min,,,Comments,"Data Location: Table 4; Additional Comments: nan; Complexant_Name: TEDGA; Complexant_SMILES: CCN(CC)C(=O)COCC(=O)N(CC)CC; Complexant_Concentration_M: 0.005; Publication_Year: 2014; Title: Novel Extractant, NTAamide, and its combination with TEDGA for Mutual Separation of Am / Cm / Ln ; Authors: Y Sasaki, Y Tsubata, Y Kitatsuji, Y Sugo, N Shirasu, Y Morita; No. of Extractants: 1; Aqueous Phase Metals: nan; Metal_Concentration_mM: Trace; No. of Metals: 1",Volume Ratio,1.0,,
11570,NTAamide(C8),0.5 M,HNO3,0.2 M,n-Dodecane,Cm,III , ,,,,,CCCCCCCCN(CCCCCCCC)C(=O)CN(CC(=O)N(CCCCCCCC)CCCCCCCC)CC(=O)N(CCCCCCCC)CCCCCCCC,-,"HNO3, NTAamide(C8), Cm, n-Dodecane",,n-Dodecane,,"https://doi.org/10.1080/07366299.2013.836422, https://doi.org/10.1021/jacs.5c19738",Thomas Summers,2026-01-20 20:40:30,Distribution Ratio,0.24,-,Temperature,25.0,C,30.0 min,,,Comments,"Data Location: Table 4; Additional Comments: nan; Complexant_Name: TEDGA; Complexant_SMILES: CCN(CC)C(=O)COCC(=O)N(CC)CC; Complexant_Concentration_M: 0.01; Publication_Year: 2014; Title: Novel Extractant, NTAamide, and its combination with TEDGA for Mutual Separation of Am / Cm / Ln ; Authors: Y Sasaki, Y Tsubata, Y Kitatsuji, Y Sugo, N Shirasu, Y Morita; No. of Extractants: 1; Aqueous Phase Metals: nan; Metal_Concentration_mM: Trace; No. of Metals: 1",Volume Ratio,1.0,,
11571,NTAamide(C8),0.5 M,HNO3,0.2 M,n-Dodecane,Cm,III , ,,,,,CCCCCCCCN(CCCCCCCC)C(=O)CN(CC(=O)N(CCCCCCCC)CCCCCCCC)CC(=O)N(CCCCCCCC)CCCCCCCC,-,"HNO3, NTAamide(C8), Cm, n-Dodecane",,n-Dodecane,,"https://doi.org/10.1080/07366299.2013.836422, https://doi.org/10.1021/jacs.5c19738",Thomas Summers,2026-01-20 20:40:30,Distribution Ratio,0.08,-,Temperature,25.0,C,30.0 min,,,Comments,"Data Location: Table 4; Additional Comments: nan; Complexant_Name: TEDGA; Complexant_SMILES: CCN(CC)C(=O)COCC(=O)N(CC)CC; Complexant_Concentration_M: 0.02; Publication_Year: 2014; Title: Novel Extractant, NTAamide, and its combination with TEDGA for Mutual Separation of Am / Cm / Ln ; Authors: Y Sasaki, Y Tsubata, Y Kitatsuji, Y Sugo, N Shirasu, Y Morita; No. of Extractants: 1; Aqueous Phase Metals: nan; Metal_Concentration_mM: Trace; No. of Metals: 1",Volume Ratio,1.0,,
12781,TODGA,0.1 M,HNO3,0.0100643 M,n-Dodecane,Cm,III ,0.00000004 mM,,,,,CCCCCCCCN(CCCCCCCC)C(=O)COCC(=O)N(CCCCCCCC)CCCCCCCC,-,"HNO3, TODGA, Cm, n-Dodecane",,n-Dodecane,,"https://doi.org/10.1081/SEI-100001376, https://doi.org/10.1021/jacs.5c19738",Thomas Summers,2026-01-20 20:41:51,Distribution Ratio,0.00694166122059578,-,Temperature,25.0,C,120.0 min,,,Comments,"Data Location: Figure 2; Additional Comments: nan; Complexant_Name: nan; Complexant_SMILES: nan; Complexant_Concentration_M: nan; Publication_Year: 2001; Title: The novel extractants, diglycolamides, for the extraction of lanthanides and actinides in HNO3-n-dodecane system; Authors: Y Sasaki, Y Sugo, S Suzuki, S Tachimori; No. of Extractants: 1; Aqueous Phase Metals: nan; Metal_Concentration_mM: 4e-08; No. of Metals: 1",Volume Ratio,1.0,,
12782,TODGA,0.1 M,HNO3,0.1 M,n-Dodecane,Cm,III ,0.00000004 mM,,,,,CCCCCCCCN(CCCCCCCC)C(=O)COCC(=O)N(CCCCCCCC)CCCCCCCC,-,"HNO3, TODGA, Cm, n-Dodecane",,n-Dodecane,,"https://doi.org/10.1081/SEI-100001376, https://doi.org/10.1021/jacs.5c19738",Thomas Summers,2026-01-20 20:41:51,Distribution Ratio,0.03588211624166514,-,Temperature,25.0,C,120.0 min,,,Comments,"Data Location: Figure 2; Additional Comments: nan; Complexant_Name: nan; Complexant_SMILES: nan; Complexant_Concentration_M: nan; Publication_Year: 2001; Title: The novel extractants, diglycolamides, for the extraction of lanthanides and actinides in HNO3-n-dodecane system; Authors: Y Sasaki, Y Sugo, S Suzuki, S Tachimori; No. of Extractants: 1; Aqueous Phase Metals: nan; Metal_Concentration_mM: 4e-08; No. of Metals: 1",Volume Ratio,1.0,,
12783,TODGA,0.1 M,HNO3,0.503442 M,n-Dodecane,Cm,III ,0.00000004 mM,,,,,CCCCCCCCN(CCCCCCCC)C(=O)COCC(=O)N(CCCCCCCC)CCCCCCCC,-,"HNO3, TODGA, Cm, n-Dodecane",,n-Dodecane,,"https://doi.org/10.1081/SEI-100001376, https://doi.org/10.1021/jacs.5c19738",Thomas Summers,2026-01-20 20:41:52,Distribution Ratio,1.934574085275192,-,Temperature,25.0,C,120.0 min,,,Comments,"Data Location: Figure 2; Additional Comments: nan; Complexant_Name: nan; Complexant_SMILES: nan; Complexant_Concentration_M: nan; Publication_Year: 2001; Title: The novel extractants, diglycolamides, for the extraction of lanthanides and actinides in HNO3-n-dodecane system; Authors: Y Sasaki, Y Sugo, S Suzuki, S Tachimori; No. of Extractants: 1; Aqueous Phase Metals: nan; Metal_Concentration_mM: 4e-08; No. of Metals: 1",Volume Ratio,1.0,,
12784,TODGA,0.1 M,HNO3,0.993607 M,n-Dodecane,Cm,III ,0.00000004 mM,,,,,CCCCCCCCN(CCCCCCCC)C(=O)COCC(=O)N(CCCCCCCC)CCCCCCCC,-,"HNO3, TODGA, Cm, n-Dodecane",,n-Dodecane,,"https://doi.org/10.1081/SEI-100001376, https://doi.org/10.1021/jacs.5c19738",Thomas Summers,2026-01-20 20:41:52,Distribution Ratio,75.51770453120282,-,Temperature,25.0,C,120.0 min,,,Comments,"Data Location: Figure 2; Additional Comments: nan; Complexant_Name: nan; Complexant_SMILES: nan; Complexant_Concentration_M: nan; Publication_Year: 2001; Title: The novel extractants, diglycolamides, for the extraction of lanthanides and actinides in HNO3-n-dodecane system; Authors: Y Sasaki, Y Sugo, S Suzuki, S Tachimori; No. of Extractants: 1; Aqueous Phase Metals: nan; Metal_Concentration_mM: 4e-08; No. of Metals: 1",Volume Ratio,1.0,,
12812,TODGA,0.00870577 M,HNO3,1 M,n-Dodecane,Cm,III ,0.00000004 mM,,,,,CCCCCCCCN(CCCCCCCC)C(=O)COCC(=O)N(CCCCCCCC)CCCCCCCC,-,"HNO3, TODGA, Cm, n-Dodecane",,n-Dodecane,,"https://doi.org/10.1081/SEI-100001376, https://doi.org/10.1021/jacs.5c19738",Thomas Summers,2026-01-20 20:41:53,Distribution Ratio,0.001919390165741332,-,Temperature,25.0,C,120.0 min,,,Comments,"Data Location: Figure 3; Additional Comments: nan; Complexant_Name: nan; Complexant_SMILES: nan; Complexant_Concentration_M: nan; Publication_Year: 2001; Title: The novel extractants, diglycolamides, for the extraction of lanthanides and actinides in HNO3-n-dodecane system; Authors: Y Sasaki, Y Sugo, S Suzuki, S Tachimori; No. of Extractants: 1; Aqueous Phase Metals: nan; Metal_Concentration_mM: 4e-08; No. of Metals: 1",Volume Ratio,1.0,,
12813,TODGA,0.00870577 M,HNO3,1 M,n-Dodecane,Cm,III ,0.00000004 mM,,,,,CCCCCCCCN(CCCCCCCC)C(=O)COCC(=O)N(CCCCCCCC)CCCCCCCC,-,"HNO3, TODGA, Cm, n-Dodecane",,n-Dodecane,,"https://doi.org/10.1081/SEI-100001376, https://doi.org/10.1021/jacs.5c19738",Thomas Summers,2026-01-20 20:41:54,Distribution Ratio,0.003816213407949404,-,Temperature,25.0,C,120.0 min,,,Comments,"Data Location: Figure 3; Additional Comments: nan; Complexant_Name: nan; Complexant_SMILES: nan; Complexant_Concentration_M: nan; Publication_Year: 2001; Title: The novel extractants, diglycolamides, for the extraction of lanthanides and actinides in HNO3-n-dodecane system; Authors: Y Sasaki, Y Sugo, S Suzuki, S Tachimori; No. of Extractants: 1; Aqueous Phase Metals: nan; Metal_Concentration_mM: 4e-08; No. of Metals: 1",Volume Ratio,1.0,,
12814,TODGA,0.0174411 M,HNO3,1 M,n-Dodecane,Cm,III ,0.00000004 mM,,,,,CCCCCCCCN(CCCCCCCC)C(=O)COCC(=O)N(CCCCCCCC)CCCCCCCC,-,"HNO3, TODGA, Cm, n-Dodecane",,n-Dodecane,,"https://doi.org/10.1081/SEI-100001376, https://doi.org/10.1021/jacs.5c19738",Thomas Summers,2026-01-20 20:41:54,Distribution Ratio,0.03577432338980041,-,Temperature,25.0,C,120.0 min,,,Comments,"Data Location: Figure 3; Additional Comments: nan; Complexant_Name: nan; Complexant_SMILES: nan; Complexant_Concentration_M: nan; Publication_Year: 2001; Title: The novel extractants, diglycolamides, for the extraction of lanthanides and actinides in HNO3-n-dodecane system; Authors: Y Sasaki, Y Sugo, S Suzuki, S Tachimori; No. of Extractants: 1; Aqueous Phase Metals: nan; Metal_Concentration_mM: 4e-08; No. of Metals: 1",Volume Ratio,1.0,,
12815,TODGA,0.0174411 M,HNO3,1 M,n-Dodecane,Cm,III ,0.00000004 mM,,,,,CCCCCCCCN(CCCCCCCC)C(=O)COCC(=O)N(CCCCCCCC)CCCCCCCC,-,"HNO3, TODGA, Cm, n-Dodecane",,n-Dodecane,,"https://doi.org/10.1081/SEI-100001376, https://doi.org/10.1021/jacs.5c19738",Thomas Summers,2026-01-20 20:41:54,Distribution Ratio,0.03393221771895335,-,Temperature,25.0,C,120.0 min,,,Comments,"Data Location: Figure 3; Additional Comments: nan; Complexant_Name: nan; Complexant_SMILES: nan; Complexant_Concentration_M: nan; Publication_Year: 2001; Title: The novel extractants, diglycolamides, for the extraction of lanthanides and actinides in HNO3-n-dodecane system; Authors: Y Sasaki, Y Sugo, S Suzuki, S Tachimori; No. of Extractants: 1; Aqueous Phase Metals: nan; Metal_Concentration_mM: 4e-08; No. of Metals: 1",Volume Ratio,1.0,,
12816,TODGA,0.0436161 M,HNO3,1 M,n-Dodecane,Cm,III ,0.00000004 mM,,,,,CCCCCCCCN(CCCCCCCC)C(=O)COCC(=O)N(CCCCCCCC)CCCCCCCC,-,"HNO3, TODGA, Cm, n-Dodecane",,n-Dodecane,,"https://doi.org/10.1081/SEI-100001376, https://doi.org/10.1021/jacs.5c19738",Thomas Summers,2026-01-20 20:41:54,Distribution Ratio,1.667012189612815,-,Temperature,25.0,C,120.0 min,,,Comments,"Data Location: Figure 3; Additional Comments: nan; Complexant_Name: nan; Complexant_SMILES: nan; Complexant_Concentration_M: nan; Publication_Year: 2001; Title: The novel extractants, diglycolamides, for the extraction of lanthanides and actinides in HNO3-n-dodecane system; Authors: Y Sasaki, Y Sugo, S Suzuki, S Tachimori; No. of Extractants: 1; Aqueous Phase Metals: nan; Metal_Concentration_mM: 4e-08; No. of Metals: 1",Volume Ratio,1.0,,
12817,TODGA,0.100556 M,HNO3,1 M,n-Dodecane,Cm,III ,0.00000004 mM,,,,,CCCCCCCCN(CCCCCCCC)C(=O)COCC(=O)N(CCCCCCCC)CCCCCCCC,-,"HNO3, TODGA, Cm, n-Dodecane",,n-Dodecane,,"https://doi.org/10.1081/SEI-100001376, https://doi.org/10.1021/jacs.5c19738",Thomas Summers,2026-01-20 20:41:54,Distribution Ratio,72.39255046597007,-,Temperature,25.0,C,120.0 min,,,Comments,"Data Location: Figure 3; Additional Comments: nan; Complexant_Name: nan; Complexant_SMILES: nan; Complexant_Concentration_M: nan; Publication_Year: 2001; Title: The novel extractants, diglycolamides, for the extraction of lanthanides and actinides in HNO3-n-dodecane system; Authors: Y Sasaki, Y Sugo, S Suzuki, S Tachimori; No. of Extractants: 1; Aqueous Phase Metals: nan; Metal_Concentration_mM: 4e-08; No. of Metals: 1",Volume Ratio,1.0,,
12818,TODGA,0.100556 M,HNO3,1 M,n-Dodecane,Cm,III ,0.00000004 mM,,,,,CCCCCCCCN(CCCCCCCC)C(=O)COCC(=O)N(CCCCCCCC)CCCCCCCC,-,"HNO3, TODGA, Cm, n-Dodecane",,n-Dodecane,,"https://doi.org/10.1081/SEI-100001376, https://doi.org/10.1021/jacs.5c19738",Thomas Summers,2026-01-20 20:41:54,Distribution Ratio,77.67944651358546,-,Temperature,25.0,C,120.0 min,,,Comments,"Data Location: Figure 3; Additional Comments: nan; Complexant_Name: nan; Complexant_SMILES: nan; Complexant_Concentration_M: nan; Publication_Year: 2001; Title: The novel extractants, diglycolamides, for the extraction of lanthanides and actinides in HNO3-n-dodecane system; Authors: Y Sasaki, Y Sugo, S Suzuki, S Tachimori; No. of Extractants: 1; Aqueous Phase Metals: nan; Metal_Concentration_mM: 4e-08; No. of Metals: 1",Volume Ratio,1.0,,
12848,TODGA,0.1 M,HNO3,0.5 M,n-Dodecane,Cm,III ,0.00000004 mM,,,,,CCCCCCCCN(CCCCCCCC)C(=O)COCC(=O)N(CCCCCCCC)CCCCCCCC,-,"HNO3, TODGA, Cm, n-Dodecane",,n-Dodecane,,"https://doi.org/10.1081/SEI-100001376, https://doi.org/10.1021/jacs.5c19738",Thomas Summers,2026-01-20 20:41:56,Distribution Ratio,1.397635768544916,-,Temperature,25.0,C,120.0 min,,,Comments,"Data Location: Figure 4; Additional Comments: nan; Complexant_Name: nan; Complexant_SMILES: nan; Complexant_Concentration_M: nan; Publication_Year: 2001; Title: The novel extractants, diglycolamides, for the extraction of lanthanides and actinides in HNO3-n-dodecane system; Authors: Y Sasaki, Y Sugo, S Suzuki, S Tachimori; No. of Extractants: 1; Aqueous Phase Metals: nan; Metal_Concentration_mM: 4e-08; No. of Metals: 1",Volume Ratio,1.0,,
12851,TODGA,0.1 M,HNO3,1 M,n-Dodecane,Cm,III ,0.00000004 mM,,,,,CCCCCCCCN(CCCCCCCC)C(=O)COCC(=O)N(CCCCCCCC)CCCCCCCC,-,"HNO3, TODGA, Cm, n-Dodecane",,n-Dodecane,,"https://doi.org/10.1081/SEI-100001376, https://doi.org/10.1021/jacs.5c19738",Thomas Summers,2026-01-20 20:41:56,Distribution Ratio,80.0646153497376,-,Temperature,25.0,C,120.0 min,,,Comments,"Data Location: Figure 4; Additional Comments: nan; Complexant_Name: nan; Complexant_SMILES: nan; Complexant_Concentration_M: nan; Publication_Year: 2001; Title: The novel extractants, diglycolamides, for the extraction of lanthanides and actinides in HNO3-n-dodecane system; Authors: Y Sasaki, Y Sugo, S Suzuki, S Tachimori; No. of Extractants: 1; Aqueous Phase Metals: nan; Metal_Concentration_mM: 4e-08; No. of Metals: 1",Volume Ratio,1.0,,
12882,TODGA,0.1 M,HNO3,1 M,n-Dodecane,Cm,III ,0.00000004 mM,,,,,CCCCCCCCN(CCCCCCCC)C(=O)COCC(=O)N(CCCCCCCC)CCCCCCCC,-,"HNO3, TODGA, Cm, n-Dodecane",,n-Dodecane,,"https://doi.org/10.1081/SEI-100001376, https://doi.org/10.1021/jacs.5c19738",Thomas Summers,2026-01-20 20:41:58,Distribution Ratio,78,-,Temperature,25.0,C,120.0 min,,,Comments,"Data Location: Table 3; Additional Comments: nan; Complexant_Name: nan; Complexant_SMILES: nan; Complexant_Concentration_M: nan; Publication_Year: 2001; Title: The novel extractants, diglycolamides, for the extraction of lanthanides and actinides in HNO3-n-dodecane system; Authors: Y Sasaki, Y Sugo, S Suzuki, S Tachimori; No. of Extractants: 1; Aqueous Phase Metals: nan; Metal_Concentration_mM: 4e-08; No. of Metals: 1",Volume Ratio,1.0,,
13942,DOODA (C12),0.3 M,HNO3,5 M,n-Dodecane,Cm,III , ,,,,,CCCCCCCCCCCCN(CCCCCCCCCCCC)C(=O)COCCOCC(=O)N(CCCCCCCCCCCC)CCCCCCCCCCCC,-,"HNO3, DOODA (C12), Cm, n-Dodecane",,n-Dodecane,,"https://doi.org/10.15261/serdj.18.93, https://doi.org/10.1021/jacs.5c19738",Thomas Summers,2026-01-20 20:43:09,Distribution Ratio,33.7,-,Temperature,25.0,C,20.0 min,,,Comments,"Data Location: Table 4; Additional Comments: nan; Complexant_Name: nan; Complexant_SMILES: nan; Complexant_Concentration_M: nan; Publication_Year: 2011; Title: Separation of Am, Cm and Lanthanides by Solvent Extraction with Hydrophilic and Lipophilic Organic Ligands; Authors: Y Sasaki, Y Kitatsuji, Y Tsubata, Y Sugo, Y Morita; No. of Extractants: 1; Aqueous Phase Metals: nan; Metal_Concentration_mM: Trace; No. of Metals: 1",Volume Ratio,1.0,,
13946,DOODA (C12),0.2 M,HNO3,5 M,n-Dodecane,Cm,III , ,,,,,CCCCCCCCCCCCN(CCCCCCCCCCCC)C(=O)COCCOCC(=O)N(CCCCCCCCCCCC)CCCCCCCCCCCC,-,"HNO3, DOODA (C12), Cm, n-Dodecane",,n-Dodecane,,"https://doi.org/10.15261/serdj.18.93, https://doi.org/10.1021/jacs.5c19738",Thomas Summers,2026-01-20 20:43:09,Distribution Ratio,2,-,Temperature,25.0,C,20.0 min,,,Comments,"Data Location: Table 4; Additional Comments: nan; Complexant_Name: TEDGA; Complexant_SMILES: CCN(CC)C(=O)COCC(=O)N(CC)CC; Complexant_Concentration_M: 0.01; Publication_Year: 2011; Title: Separation of Am, Cm and Lanthanides by Solvent Extraction with Hydrophilic and Lipophilic Organic Ligands; Authors: Y Sasaki, Y Kitatsuji, Y Tsubata, Y Sugo, Y Morita; No. of Extractants: 1; Aqueous Phase Metals: nan; Metal_Concentration_mM: Trace; No. of Metals: 1",Volume Ratio,1.0,,
13950,DOODA (C12),0.3 M,HNO3,5 M,n-Dodecane,Cm,III , ,,,,,CCCCCCCCCCCCN(CCCCCCCCCCCC)C(=O)COCCOCC(=O)N(CCCCCCCCCCCC)CCCCCCCCCCCC,-,"HNO3, DOODA (C12), Cm, n-Dodecane",,n-Dodecane,,"https://doi.org/10.15261/serdj.18.93, https://doi.org/10.1021/jacs.5c19738",Thomas Summers,2026-01-20 20:43:09,Distribution Ratio,3.6,-,Temperature,25.0,C,20.0 min,,,Comments,"Data Location: Table 4; Additional Comments: nan; Complexant_Name: TEDGA; Complexant_SMILES: CCN(CC)C(=O)COCC(=O)N(CC)CC; Complexant_Concentration_M: 0.01; Publication_Year: 2011; Title: Separation of Am, Cm and Lanthanides by Solvent Extraction with Hydrophilic and Lipophilic Organic Ligands; Authors: Y Sasaki, Y Kitatsuji, Y Tsubata, Y Sugo, Y Morita; No. of Extractants: 1; Aqueous Phase Metals: nan; Metal_Concentration_mM: Trace; No. of Metals: 1",Volume Ratio,1.0,,
13952,TDdDGA,0.08 M,HNO3,1 M,n-Dodecane,Cm,III , ,,,,,CCCCCCCCCCCCN(CCCCCCCCCCCC)C(=O)COCC(=O)N(CCCCCCCCCCCC)CCCCCCCCCCCC,-,"HNO3, TDdDGA, Cm, n-Dodecane",,n-Dodecane,,"https://doi.org/10.15261/serdj.18.93, https://doi.org/10.1021/jacs.5c19738",Thomas Summers,2026-01-20 20:43:09,Distribution Ratio,14.1,-,Temperature,25.0,C,20.0 min,,,Comments,"Data Location: Table 5; Additional Comments: nan; Complexant_Name: nan; Complexant_SMILES: nan; Complexant_Concentration_M: nan; Publication_Year: 2011; Title: Separation of Am, Cm and Lanthanides by Solvent Extraction with Hydrophilic and Lipophilic Organic Ligands; Authors: Y Sasaki, Y Kitatsuji, Y Tsubata, Y Sugo, Y Morita; No. of Extractants: 1; Aqueous Phase Metals: nan; Metal_Concentration_mM: Trace; No. of Metals: 1",Volume Ratio,1.0,,
13956,TDdDGA,0.1 M,HNO3,3 M,n-Dodecane,Cm,III , ,,,,,CCCCCCCCCCCCN(CCCCCCCCCCCC)C(=O)COCC(=O)N(CCCCCCCCCCCC)CCCCCCCCCCCC,-,"HNO3, TDdDGA, Cm, n-Dodecane",,n-Dodecane,,"https://doi.org/10.15261/serdj.18.93, https://doi.org/10.1021/jacs.5c19738",Thomas Summers,2026-01-20 20:43:10,Distribution Ratio,5.08,-,Temperature,25.0,C,20.0 min,,,Comments,"Data Location: Table 5; Additional Comments: nan; Complexant_Name: DOODA(C2); Complexant_SMILES: CCN(CC)C(=O)COCCOCC(=O)N(CC)CC; Complexant_Concentration_M: 0.2; Publication_Year: 2011; Title: Separation of Am, Cm and Lanthanides by Solvent Extraction with Hydrophilic and Lipophilic Organic Ligands; Authors: Y Sasaki, Y Kitatsuji, Y Tsubata, Y Sugo, Y Morita; No. of Extractants: 1; Aqueous Phase Metals: nan; Metal_Concentration_mM: Trace; No. of Metals: 1",Volume Ratio,1.0,,
13960,TDdDGA,0.2 M,HNO3,3 M,n-Dodecane,Cm,III , ,,,,,CCCCCCCCCCCCN(CCCCCCCCCCCC)C(=O)COCC(=O)N(CCCCCCCCCCCC)CCCCCCCCCCCC,-,"HNO3, TDdDGA, Cm, n-Dodecane",,n-Dodecane,,"https://doi.org/10.15261/serdj.18.93, https://doi.org/10.1021/jacs.5c19738",Thomas Summers,2026-01-20 20:43:10,Distribution Ratio,3.1,-,Temperature,25.0,C,20.0 min,,,Comments,"Data Location: Table 5; Additional Comments: nan; Complexant_Name: DOODA(C2); Complexant_SMILES: CCN(CC)C(=O)COCCOCC(=O)N(CC)CC; Complexant_Concentration_M: 0.2; Publication_Year: 2011; Title: Separation of Am, Cm and Lanthanides by Solvent Extraction with Hydrophilic and Lipophilic Organic Ligands; Authors: Y Sasaki, Y Kitatsuji, Y Tsubata, Y Sugo, Y Morita; No. of Extractants: 1; Aqueous Phase Metals: nan; Metal_Concentration_mM: Trace; No. of Metals: 1",Volume Ratio,1.0,,
14374,Et-Me-TDDGA-Syn,0.1 M,HNO3,7.4 M,n-Dodecane,Cm,III , ,,,,,CCCCCCCCCCN(CCCCCCCCCC)C(=O)[C@H](C)O[C@H](CC)C(=O)N(CCCCCCCCCC)CCCCCCCCCC,-,"HNO3, Et-Me-TDDGA-Syn, Cm, n-Dodecane",,n-Dodecane,,"https://doi.org/10.1039/D2NJ05663A, https://doi.org/10.1021/jacs.5c19738",Thomas Summers,2026-01-20 20:43:37,Distribution Ratio,1.08480091,-,Temperature,22.0,C,30.0 min,,,Comments,"Data Location: Figure 4; Additional Comments: nan; Complexant_Name: nan; Complexant_SMILES: nan; Complexant_Concentration_M: nan; Publication_Year: 2023; Title: Synthesis and evaluation of new modified diglycolamides with different stereochemistry for extraction of tri- and tetravalent metal ions; Authors: Laura Diaz Gomez, Andreas Wilden, Dimitri Schneider, Zaina Paparigas, Giuseppe Modolo, Maria Chiara Gullo, Jurriaan Huskens, Willem Verboom; No. of Extractants: 1; Aqueous Phase Metals: Am(III); La(III); Ce(III); Pr(III); Nd(III); Sm(III); Eu(III); Gd(III); Tb(III); Dy(III); Ho(III); Er(III); Tm(III); Yb(III); Lu(III); Yb(III); Sr; Zr; Mo; Pd; Fe; Ru; Pu(IV); Cm(III); Metal_Concentration_mM: Trace; 0.01; 0.01; 0.01; 0.01; 0.01; 0.01; 0.01; 0.01; 0.01; 0.01; 0.01; 0.01; 0.01; 0.01; 0.01; 0.01; 0.01; 0.01; 0.01; 0.01; 0.01; Trace; Trace; No. of Metals: 24",Volume Ratio,1.0,,
14375,p-TODGA-Syn,0.1 M,HNO3,7.4 M,n-Dodecane,Cm,III , ,,,,,CCCCCCCCN(CCCCCCCC)C(=O)[C@@H](CCC)O[C@@H](CCC)C(=O)N(CCCCCCCC)CCCCCCCC,-,"HNO3, p-TODGA-Syn, Cm, n-Dodecane",,n-Dodecane,,"https://doi.org/10.1039/D2NJ05663A, https://doi.org/10.1021/jacs.5c19738",Thomas Summers,2026-01-20 20:43:37,Distribution Ratio,0.00502692,-,Temperature,22.0,C,30.0 min,,,Comments,"Data Location: Figure 4; Additional Comments: nan; Complexant_Name: nan; Complexant_SMILES: nan; Complexant_Concentration_M: nan; Publication_Year: 2023; Title: Synthesis and evaluation of new modified diglycolamides with different stereochemistry for extraction of tri- and tetravalent metal ions; Authors: Laura Diaz Gomez, Andreas Wilden, Dimitri Schneider, Zaina Paparigas, Giuseppe Modolo, Maria Chiara Gullo, Jurriaan Huskens, Willem Verboom; No. of Extractants: 1; Aqueous Phase Metals: Am(III); La(III); Ce(III); Pr(III); Nd(III); Sm(III); Eu(III); Gd(III); Tb(III); Dy(III); Ho(III); Er(III); Tm(III); Yb(III); Lu(III); Yb(III); Sr; Zr; Mo; Pd; Fe; Ru; Pu(IV); Cm(III); Metal_Concentration_mM: Trace; 0.01; 0.01; 0.01; 0.01; 0.01; 0.01; 0.01; 0.01; 0.01; 0.01; 0.01; 0.01; 0.01; 0.01; 0.01; 0.01; 0.01; 0.01; 0.01; 0.01; 0.01; Trace; Trace; No. of Metals: 24",Volume Ratio,1.0,,
14376,Et-Me-TODGA-Anti,0.1 M,HNO3,7.4 M,n-Dodecane,Cm,III , ,,,,,CCCCCCCCN(CCCCCCCC)C(=O)[C@H](C)O[C@@H](CC)C(=O)N(CCCCCCCC)CCCCCCCC,-,"HNO3, Et-Me-TODGA-Anti, Cm, n-Dodecane",,n-Dodecane,,"https://doi.org/10.1039/D2NJ05663A, https://doi.org/10.1021/jacs.5c19738",Thomas Summers,2026-01-20 20:43:38,Distribution Ratio,0.59151904,-,Temperature,22.0,C,30.0 min,,,Comments,"Data Location: Figure 4; Additional Comments: nan; Complexant_Name: nan; Complexant_SMILES: nan; Complexant_Concentration_M: nan; Publication_Year: 2023; Title: Synthesis and evaluation of new modified diglycolamides with different stereochemistry for extraction of tri- and tetravalent metal ions; Authors: Laura Diaz Gomez, Andreas Wilden, Dimitri Schneider, Zaina Paparigas, Giuseppe Modolo, Maria Chiara Gullo, Jurriaan Huskens, Willem Verboom; No. of Extractants: 1; Aqueous Phase Metals: Am(III); La(III); Ce(III); Pr(III); Nd(III); Sm(III); Eu(III); Gd(III); Tb(III); Dy(III); Ho(III); Er(III); Tm(III); Yb(III); Lu(III); Yb(III); Sr; Zr; Mo; Pd; Fe; Ru; Pu(IV); Cm(III); Metal_Concentration_mM: Trace; 0.01; 0.01; 0.01; 0.01; 0.01; 0.01; 0.01; 0.01; 0.01; 0.01; 0.01; 0.01; 0.01; 0.01; 0.01; 0.01; 0.01; 0.01; 0.01; 0.01; 0.01; Trace; Trace; No. of Metals: 24",Volume Ratio,1.0,,
14424,p-TDDGA-Anti,0.0992251 M,HNO3,5.3 M,n-Dodecane,Cm,III , ,,,,,CCCCCCCCCCN(CCCCCCCCCC)C(=O)[C@H](CCC)O[C@@H](CCC)C(=O)N(CCCCCCCCCC)CCCCCCCCCC,-,"HNO3, p-TDDGA-Anti, Cm, n-Dodecane",,n-Dodecane,,"https://doi.org/10.1039/D2NJ05663A, https://doi.org/10.1021/jacs.5c19738",Thomas Summers,2026-01-20 20:43:41,Distribution Ratio,0.00099285,-,Temperature,22.0,C,30.0 min,,,Comments,"Data Location: Figure 6; Additional Comments: nan; Complexant_Name: nan; Complexant_SMILES: nan; Complexant_Concentration_M: nan; Publication_Year: 2023; Title: Synthesis and evaluation of new modified diglycolamides with different stereochemistry for extraction of tri- and tetravalent metal ions; Authors: Laura Diaz Gomez, Andreas Wilden, Dimitri Schneider, Zaina Paparigas, Giuseppe Modolo, Maria Chiara Gullo, Jurriaan Huskens, Willem Verboom; No. of Extractants: 1; Aqueous Phase Metals: nan; Metal_Concentration_mM: Trace; No. of Metals: 1",Volume Ratio,1.0,,
14425,p-TDDGA-Anti,0.199526 M,HNO3,5.3 M,n-Dodecane,Cm,III , ,,,,,CCCCCCCCCCN(CCCCCCCCCC)C(=O)[C@H](CCC)O[C@@H](CCC)C(=O)N(CCCCCCCCCC)CCCCCCCCCC,-,"HNO3, p-TDDGA-Anti, Cm, n-Dodecane",,n-Dodecane,,"https://doi.org/10.1039/D2NJ05663A, https://doi.org/10.1021/jacs.5c19738",Thomas Summers,2026-01-20 20:43:41,Distribution Ratio,0.0124158,-,Temperature,22.0,C,30.0 min,,,Comments,"Data Location: Figure 6; Additional Comments: nan; Complexant_Name: nan; Complexant_SMILES: nan; Complexant_Concentration_M: nan; Publication_Year: 2023; Title: Synthesis and evaluation of new modified diglycolamides with different stereochemistry for extraction of tri- and tetravalent metal ions; Authors: Laura Diaz Gomez, Andreas Wilden, Dimitri Schneider, Zaina Paparigas, Giuseppe Modolo, Maria Chiara Gullo, Jurriaan Huskens, Willem Verboom; No. of Extractants: 1; Aqueous Phase Metals: nan; Metal_Concentration_mM: Trace; No. of Metals: 1",Volume Ratio,1.0,,
14426,p-TDDGA-Anti,0.299469 M,HNO3,5.3 M,n-Dodecane,Cm,III , ,,,,,CCCCCCCCCCN(CCCCCCCCCC)C(=O)[C@H](CCC)O[C@@H](CCC)C(=O)N(CCCCCCCCCC)CCCCCCCCCC,-,"HNO3, p-TDDGA-Anti, Cm, n-Dodecane",,n-Dodecane,,"https://doi.org/10.1039/D2NJ05663A, https://doi.org/10.1021/jacs.5c19738",Thomas Summers,2026-01-20 20:43:41,Distribution Ratio,0.04863567,-,Temperature,22.0,C,30.0 min,,,Comments,"Data Location: Figure 6; Additional Comments: nan; Complexant_Name: nan; Complexant_SMILES: nan; Complexant_Concentration_M: nan; Publication_Year: 2023; Title: Synthesis and evaluation of new modified diglycolamides with different stereochemistry for extraction of tri- and tetravalent metal ions; Authors: Laura Diaz Gomez, Andreas Wilden, Dimitri Schneider, Zaina Paparigas, Giuseppe Modolo, Maria Chiara Gullo, Jurriaan Huskens, Willem Verboom; No. of Extractants: 1; Aqueous Phase Metals: nan; Metal_Concentration_mM: Trace; No. of Metals: 1",Volume Ratio,1.0,,
14427,p-TDDGA-Anti,0.399348 M,HNO3,5.3 M,n-Dodecane,Cm,III , ,,,,,CCCCCCCCCCN(CCCCCCCCCC)C(=O)[C@H](CCC)O[C@@H](CCC)C(=O)N(CCCCCCCCCC)CCCCCCCCCC,-,"HNO3, p-TDDGA-Anti, Cm, n-Dodecane",,n-Dodecane,,"https://doi.org/10.1039/D2NJ05663A, https://doi.org/10.1021/jacs.5c19738",Thomas Summers,2026-01-20 20:43:41,Distribution Ratio,0.16172814,-,Temperature,22.0,C,30.0 min,,,Comments,"Data Location: Figure 6; Additional Comments: nan; Complexant_Name: nan; Complexant_SMILES: nan; Complexant_Concentration_M: nan; Publication_Year: 2023; Title: Synthesis and evaluation of new modified diglycolamides with different stereochemistry for extraction of tri- and tetravalent metal ions; Authors: Laura Diaz Gomez, Andreas Wilden, Dimitri Schneider, Zaina Paparigas, Giuseppe Modolo, Maria Chiara Gullo, Jurriaan Huskens, Willem Verboom; No. of Extractants: 1; Aqueous Phase Metals: nan; Metal_Concentration_mM: Trace; No. of Metals: 1",Volume Ratio,1.0,,
14428,p-TDDGA-Anti,0.500408 M,HNO3,5.3 M,n-Dodecane,Cm,III , ,,,,,CCCCCCCCCCN(CCCCCCCCCC)C(=O)[C@H](CCC)O[C@@H](CCC)C(=O)N(CCCCCCCCCC)CCCCCCCCCC,-,"HNO3, p-TDDGA-Anti, Cm, n-Dodecane",,n-Dodecane,,"https://doi.org/10.1039/D2NJ05663A, https://doi.org/10.1021/jacs.5c19738",Thomas Summers,2026-01-20 20:43:41,Distribution Ratio,0.39745758,-,Temperature,22.0,C,30.0 min,,,Comments,"Data Location: Figure 6; Additional Comments: nan; Complexant_Name: nan; Complexant_SMILES: nan; Complexant_Concentration_M: nan; Publication_Year: 2023; Title: Synthesis and evaluation of new modified diglycolamides with different stereochemistry for extraction of tri- and tetravalent metal ions; Authors: Laura Diaz Gomez, Andreas Wilden, Dimitri Schneider, Zaina Paparigas, Giuseppe Modolo, Maria Chiara Gullo, Jurriaan Huskens, Willem Verboom; No. of Extractants: 1; Aqueous Phase Metals: nan; Metal_Concentration_mM: Trace; No. of Metals: 1",Volume Ratio,1.0,,
14439,p-TODGA-Syn,0.0995343 M,HNO3,7.4 M,n-Dodecane,Cm,III , ,,,,,CCCCCCCCN(CCCCCCCC)C(=O)[C@@H](CCC)O[C@@H](CCC)C(=O)N(CCCCCCCC)CCCCCCCC,-,"HNO3, p-TODGA-Syn, Cm, n-Dodecane",,n-Dodecane,,"https://doi.org/10.1039/D2NJ05663A, https://doi.org/10.1021/jacs.5c19738",Thomas Summers,2026-01-20 20:43:42,Distribution Ratio,0.00956213,-,Temperature,22.0,C,30.0 min,,,Comments,"Data Location: Figure 6; Additional Comments: nan; Complexant_Name: nan; Complexant_SMILES: nan; Complexant_Concentration_M: nan; Publication_Year: 2023; Title: Synthesis and evaluation of new modified diglycolamides with different stereochemistry for extraction of tri- and tetravalent metal ions; Authors: Laura Diaz Gomez, Andreas Wilden, Dimitri Schneider, Zaina Paparigas, Giuseppe Modolo, Maria Chiara Gullo, Jurriaan Huskens, Willem Verboom; No. of Extractants: 1; Aqueous Phase Metals: nan; Metal_Concentration_mM: Trace; No. of Metals: 1",Volume Ratio,1.0,,
14440,p-TODGA-Syn,0.199216 M,HNO3,7.4 M,n-Dodecane,Cm,III , ,,,,,CCCCCCCCN(CCCCCCCC)C(=O)[C@@H](CCC)O[C@@H](CCC)C(=O)N(CCCCCCCC)CCCCCCCC,-,"HNO3, p-TODGA-Syn, Cm, n-Dodecane",,n-Dodecane,,"https://doi.org/10.1039/D2NJ05663A, https://doi.org/10.1021/jacs.5c19738",Thomas Summers,2026-01-20 20:43:42,Distribution Ratio,0.11805682,-,Temperature,22.0,C,30.0 min,,,Comments,"Data Location: Figure 6; Additional Comments: nan; Complexant_Name: nan; Complexant_SMILES: nan; Complexant_Concentration_M: nan; Publication_Year: 2023; Title: Synthesis and evaluation of new modified diglycolamides with different stereochemistry for extraction of tri- and tetravalent metal ions; Authors: Laura Diaz Gomez, Andreas Wilden, Dimitri Schneider, Zaina Paparigas, Giuseppe Modolo, Maria Chiara Gullo, Jurriaan Huskens, Willem Verboom; No. of Extractants: 1; Aqueous Phase Metals: nan; Metal_Concentration_mM: Trace; No. of Metals: 1",Volume Ratio,1.0,,
14441,p-TODGA-Syn,0.299003 M,HNO3,7.4 M,n-Dodecane,Cm,III , ,,,,,CCCCCCCCN(CCCCCCCC)C(=O)[C@@H](CCC)O[C@@H](CCC)C(=O)N(CCCCCCCC)CCCCCCCC,-,"HNO3, p-TODGA-Syn, Cm, n-Dodecane",,n-Dodecane,,"https://doi.org/10.1039/D2NJ05663A, https://doi.org/10.1021/jacs.5c19738",Thomas Summers,2026-01-20 20:43:42,Distribution Ratio,0.31293858,-,Temperature,22.0,C,30.0 min,,,Comments,"Data Location: Figure 6; Additional Comments: nan; Complexant_Name: nan; Complexant_SMILES: nan; Complexant_Concentration_M: nan; Publication_Year: 2023; Title: Synthesis and evaluation of new modified diglycolamides with different stereochemistry for extraction of tri- and tetravalent metal ions; Authors: Laura Diaz Gomez, Andreas Wilden, Dimitri Schneider, Zaina Paparigas, Giuseppe Modolo, Maria Chiara Gullo, Jurriaan Huskens, Willem Verboom; No. of Extractants: 1; Aqueous Phase Metals: nan; Metal_Concentration_mM: Trace; No. of Metals: 1",Volume Ratio,1.0,,
14442,p-TODGA-Syn,0.39997 M,HNO3,7.4 M,n-Dodecane,Cm,III , ,,,,,CCCCCCCCN(CCCCCCCC)C(=O)[C@@H](CCC)O[C@@H](CCC)C(=O)N(CCCCCCCC)CCCCCCCC,-,"HNO3, p-TODGA-Syn, Cm, n-Dodecane",,n-Dodecane,,"https://doi.org/10.1039/D2NJ05663A, https://doi.org/10.1021/jacs.5c19738",Thomas Summers,2026-01-20 20:43:42,Distribution Ratio,0.49128383,-,Temperature,22.0,C,30.0 min,,,Comments,"Data Location: Figure 6; Additional Comments: nan; Complexant_Name: nan; Complexant_SMILES: nan; Complexant_Concentration_M: nan; Publication_Year: 2023; Title: Synthesis and evaluation of new modified diglycolamides with different stereochemistry for extraction of tri- and tetravalent metal ions; Authors: Laura Diaz Gomez, Andreas Wilden, Dimitri Schneider, Zaina Paparigas, Giuseppe Modolo, Maria Chiara Gullo, Jurriaan Huskens, Willem Verboom; No. of Extractants: 1; Aqueous Phase Metals: nan; Metal_Concentration_mM: Trace; No. of Metals: 1",Volume Ratio,1.0,,
14443,p-TODGA-Syn,0.498078 M,HNO3,7.4 M,n-Dodecane,Cm,III , ,,,,,CCCCCCCCN(CCCCCCCC)C(=O)[C@@H](CCC)O[C@@H](CCC)C(=O)N(CCCCCCCC)CCCCCCCC,-,"HNO3, p-TODGA-Syn, Cm, n-Dodecane",,n-Dodecane,,"https://doi.org/10.1039/D2NJ05663A, https://doi.org/10.1021/jacs.5c19738",Thomas Summers,2026-01-20 20:43:42,Distribution Ratio,0.67647178,-,Temperature,22.0,C,30.0 min,,,Comments,"Data Location: Figure 6; Additional Comments: nan; Complexant_Name: nan; Complexant_SMILES: nan; Complexant_Concentration_M: nan; Publication_Year: 2023; Title: Synthesis and evaluation of new modified diglycolamides with different stereochemistry for extraction of tri- and tetravalent metal ions; Authors: Laura Diaz Gomez, Andreas Wilden, Dimitri Schneider, Zaina Paparigas, Giuseppe Modolo, Maria Chiara Gullo, Jurriaan Huskens, Willem Verboom; No. of Extractants: 1; Aqueous Phase Metals: nan; Metal_Concentration_mM: Trace; No. of Metals: 1",Volume Ratio,1.0,,
14449,Et-Me-TDDGA-Syn,0.1 M,HNO3,1.91 M,n-Dodecane,Cm,III , ,,,,,CCCCCCCCCCN(CCCCCCCCCC)C(=O)[C@H](C)O[C@H](CC)C(=O)N(CCCCCCCCCC)CCCCCCCCCC,-,"HNO3, Et-Me-TDDGA-Syn, Cm, n-Dodecane",,n-Dodecane,,"https://doi.org/10.1039/D2NJ05663A, https://doi.org/10.1021/jacs.5c19738",Thomas Summers,2026-01-20 20:43:42,Distribution Ratio,0.001,-,Temperature,22.0,C,30.0 min,,,Comments,"Data Location: Table S1; Additional Comments: nan; Complexant_Name: nan; Complexant_SMILES: nan; Complexant_Concentration_M: nan; Publication_Year: 2023; Title: Synthesis and evaluation of new modified diglycolamides with different stereochemistry for extraction of tri- and tetravalent metal ions; Authors: Laura Diaz Gomez, Andreas Wilden, Dimitri Schneider, Zaina Paparigas, Giuseppe Modolo, Maria Chiara Gullo, Jurriaan Huskens, Willem Verboom; No. of Extractants: 1; Aqueous Phase Metals: Am(III); La(III); Ce(III); Pr(III); Nd(III); Sm(III); Eu(III); Gd(III); Tb(III); Dy(III); Ho(III); Er(III); Tm(III); Yb(III); Lu(III); Yb(III); Sr; Zr; Mo; Pd; Fe; Ru; Pu(IV); Cm(III); Metal_Concentration_mM: Trace; 0.01; 0.01; 0.01; 0.01; 0.01; 0.01; 0.01; 0.01; 0.01; 0.01; 0.01; 0.01; 0.01; 0.01; 0.01; 0.01; 0.01; 0.01; 0.01; 0.01; 0.01; Trace; Trace; No. of Metals: 1",Volume Ratio,1.0,,
14450,Et-Me-TDDGA-Syn,0.1 M,HNO3,4.24 M,n-Dodecane,Cm,III , ,,,,,CCCCCCCCCCN(CCCCCCCCCC)C(=O)[C@H](C)O[C@H](CC)C(=O)N(CCCCCCCCCC)CCCCCCCCCC,-,"HNO3, Et-Me-TDDGA-Syn, Cm, n-Dodecane",,n-Dodecane,,"https://doi.org/10.1039/D2NJ05663A, https://doi.org/10.1021/jacs.5c19738",Thomas Summers,2026-01-20 20:43:42,Distribution Ratio,0.0555,-,Temperature,22.0,C,30.0 min,,,Comments,"Data Location: Table S1; Additional Comments: nan; Complexant_Name: nan; Complexant_SMILES: nan; Complexant_Concentration_M: nan; Publication_Year: 2023; Title: Synthesis and evaluation of new modified diglycolamides with different stereochemistry for extraction of tri- and tetravalent metal ions; Authors: Laura Diaz Gomez, Andreas Wilden, Dimitri Schneider, Zaina Paparigas, Giuseppe Modolo, Maria Chiara Gullo, Jurriaan Huskens, Willem Verboom; No. of Extractants: 1; Aqueous Phase Metals: Am(III); La(III); Ce(III); Pr(III); Nd(III); Sm(III); Eu(III); Gd(III); Tb(III); Dy(III); Ho(III); Er(III); Tm(III); Yb(III); Lu(III); Yb(III); Sr; Zr; Mo; Pd; Fe; Ru; Pu(IV); Cm(III); Metal_Concentration_mM: Trace; 0.01; 0.01; 0.01; 0.01; 0.01; 0.01; 0.01; 0.01; 0.01; 0.01; 0.01; 0.01; 0.01; 0.01; 0.01; 0.01; 0.01; 0.01; 0.01; 0.01; 0.01; Trace; Trace; No. of Metals: 1",Volume Ratio,1.0,,
14451,Et-Me-TDDGA-Syn,0.1 M,HNO3,5.37 M,n-Dodecane,Cm,III , ,,,,,CCCCCCCCCCN(CCCCCCCCCC)C(=O)[C@H](C)O[C@H](CC)C(=O)N(CCCCCCCCCC)CCCCCCCCCC,-,"HNO3, Et-Me-TDDGA-Syn, Cm, n-Dodecane",,n-Dodecane,,"https://doi.org/10.1039/D2NJ05663A, https://doi.org/10.1021/jacs.5c19738",Thomas Summers,2026-01-20 20:43:42,Distribution Ratio,0.201,-,Temperature,22.0,C,30.0 min,,,Comments,"Data Location: Table S1; Additional Comments: nan; Complexant_Name: nan; Complexant_SMILES: nan; Complexant_Concentration_M: nan; Publication_Year: 2023; Title: Synthesis and evaluation of new modified diglycolamides with different stereochemistry for extraction of tri- and tetravalent metal ions; Authors: Laura Diaz Gomez, Andreas Wilden, Dimitri Schneider, Zaina Paparigas, Giuseppe Modolo, Maria Chiara Gullo, Jurriaan Huskens, Willem Verboom; No. of Extractants: 1; Aqueous Phase Metals: Am(III); La(III); Ce(III); Pr(III); Nd(III); Sm(III); Eu(III); Gd(III); Tb(III); Dy(III); Ho(III); Er(III); Tm(III); Yb(III); Lu(III); Yb(III); Sr; Zr; Mo; Pd; Fe; Ru; Pu(IV); Cm(III); Metal_Concentration_mM: Trace; 0.01; 0.01; 0.01; 0.01; 0.01; 0.01; 0.01; 0.01; 0.01; 0.01; 0.01; 0.01; 0.01; 0.01; 0.01; 0.01; 0.01; 0.01; 0.01; 0.01; 0.01; Trace; Trace; No. of Metals: 1",Volume Ratio,1.0,,
14452,Et-Me-TDDGA-Syn,0.1 M,HNO3,6.4 M,n-Dodecane,Cm,III , ,,,,,CCCCCCCCCCN(CCCCCCCCCC)C(=O)[C@H](C)O[C@H](CC)C(=O)N(CCCCCCCCCC)CCCCCCCCCC,-,"HNO3, Et-Me-TDDGA-Syn, Cm, n-Dodecane",,n-Dodecane,,"https://doi.org/10.1039/D2NJ05663A, https://doi.org/10.1021/jacs.5c19738",Thomas Summers,2026-01-20 20:43:43,Distribution Ratio,0.42,-,Temperature,22.0,C,30.0 min,,,Comments,"Data Location: Table S1; Additional Comments: nan; Complexant_Name: nan; Complexant_SMILES: nan; Complexant_Concentration_M: nan; Publication_Year: 2023; Title: Synthesis and evaluation of new modified diglycolamides with different stereochemistry for extraction of tri- and tetravalent metal ions; Authors: Laura Diaz Gomez, Andreas Wilden, Dimitri Schneider, Zaina Paparigas, Giuseppe Modolo, Maria Chiara Gullo, Jurriaan Huskens, Willem Verboom; No. of Extractants: 1; Aqueous Phase Metals: Am(III); La(III); Ce(III); Pr(III); Nd(III); Sm(III); Eu(III); Gd(III); Tb(III); Dy(III); Ho(III); Er(III); Tm(III); Yb(III); Lu(III); Yb(III); Sr; Zr; Mo; Pd; Fe; Ru; Pu(IV); Cm(III); Metal_Concentration_mM: Trace; 0.01; 0.01; 0.01; 0.01; 0.01; 0.01; 0.01; 0.01; 0.01; 0.01; 0.01; 0.01; 0.01; 0.01; 0.01; 0.01; 0.01; 0.01; 0.01; 0.01; 0.01; Trace; Trace; No. of Metals: 1",Volume Ratio,1.0,,
14453,Et-Me-TDDGA-Syn,0.1 M,HNO3,7.28 M,n-Dodecane,Cm,III , ,,,,,CCCCCCCCCCN(CCCCCCCCCC)C(=O)[C@H](C)O[C@H](CC)C(=O)N(CCCCCCCCCC)CCCCCCCCCC,-,"HNO3, Et-Me-TDDGA-Syn, Cm, n-Dodecane",,n-Dodecane,,"https://doi.org/10.1039/D2NJ05663A, https://doi.org/10.1021/jacs.5c19738",Thomas Summers,2026-01-20 20:43:43,Distribution Ratio,0.71,-,Temperature,22.0,C,30.0 min,,,Comments,"Data Location: Table S1; Additional Comments: nan; Complexant_Name: nan; Complexant_SMILES: nan; Complexant_Concentration_M: nan; Publication_Year: 2023; Title: Synthesis and evaluation of new modified diglycolamides with different stereochemistry for extraction of tri- and tetravalent metal ions; Authors: Laura Diaz Gomez, Andreas Wilden, Dimitri Schneider, Zaina Paparigas, Giuseppe Modolo, Maria Chiara Gullo, Jurriaan Huskens, Willem Verboom; No. of Extractants: 1; Aqueous Phase Metals: Am(III); La(III); Ce(III); Pr(III); Nd(III); Sm(III); Eu(III); Gd(III); Tb(III); Dy(III); Ho(III); Er(III); Tm(III); Yb(III); Lu(III); Yb(III); Sr; Zr; Mo; Pd; Fe; Ru; Pu(IV); Cm(III); Metal_Concentration_mM: Trace; 0.01; 0.01; 0.01; 0.01; 0.01; 0.01; 0.01; 0.01; 0.01; 0.01; 0.01; 0.01; 0.01; 0.01; 0.01; 0.01; 0.01; 0.01; 0.01; 0.01; 0.01; Trace; Trace; No. of Metals: 1",Volume Ratio,1.0,,
14454,Et-Me-TDDGA-Syn,0.1 M,HNO3,9.58 M,n-Dodecane,Cm,III , ,,,,,CCCCCCCCCCN(CCCCCCCCCC)C(=O)[C@H](C)O[C@H](CC)C(=O)N(CCCCCCCCCC)CCCCCCCCCC,-,"HNO3, Et-Me-TDDGA-Syn, Cm, n-Dodecane",,n-Dodecane,,"https://doi.org/10.1039/D2NJ05663A, https://doi.org/10.1021/jacs.5c19738",Thomas Summers,2026-01-20 20:43:43,Distribution Ratio,7.53,-,Temperature,22.0,C,30.0 min,,,Comments,"Data Location: Table S1; Additional Comments: nan; Complexant_Name: nan; Complexant_SMILES: nan; Complexant_Concentration_M: nan; Publication_Year: 2023; Title: Synthesis and evaluation of new modified diglycolamides with different stereochemistry for extraction of tri- and tetravalent metal ions; Authors: Laura Diaz Gomez, Andreas Wilden, Dimitri Schneider, Zaina Paparigas, Giuseppe Modolo, Maria Chiara Gullo, Jurriaan Huskens, Willem Verboom; No. of Extractants: 1; Aqueous Phase Metals: Am(III); La(III); Ce(III); Pr(III); Nd(III); Sm(III); Eu(III); Gd(III); Tb(III); Dy(III); Ho(III); Er(III); Tm(III); Yb(III); Lu(III); Yb(III); Sr; Zr; Mo; Pd; Fe; Ru; Pu(IV); Cm(III); Metal_Concentration_mM: Trace; 0.01; 0.01; 0.01; 0.01; 0.01; 0.01; 0.01; 0.01; 0.01; 0.01; 0.01; 0.01; 0.01; 0.01; 0.01; 0.01; 0.01; 0.01; 0.01; 0.01; 0.01; Trace; Trace; No. of Metals: 1",Volume Ratio,1.0,,
14455,Et-Me-TODGA-Anti,0.1 M,HNO3,0.82 M,n-Dodecane,Cm,III , ,,,,,CCCCCCCCN(CCCCCCCC)C(=O)[C@H](C)O[C@@H](CC)C(=O)N(CCCCCCCC)CCCCCCCC,-,"HNO3, Et-Me-TODGA-Anti, Cm, n-Dodecane",,n-Dodecane,,"https://doi.org/10.1039/D2NJ05663A, https://doi.org/10.1021/jacs.5c19738",Thomas Summers,2026-01-20 20:43:43,Distribution Ratio,0.0004,-,Temperature,22.0,C,30.0 min,,,Comments,"Data Location: Table S1; Additional Comments: nan; Complexant_Name: nan; Complexant_SMILES: nan; Complexant_Concentration_M: nan; Publication_Year: 2023; Title: Synthesis and evaluation of new modified diglycolamides with different stereochemistry for extraction of tri- and tetravalent metal ions; Authors: Laura Diaz Gomez, Andreas Wilden, Dimitri Schneider, Zaina Paparigas, Giuseppe Modolo, Maria Chiara Gullo, Jurriaan Huskens, Willem Verboom; No. of Extractants: 1; Aqueous Phase Metals: Am(III); La(III); Ce(III); Pr(III); Nd(III); Sm(III); Eu(III); Gd(III); Tb(III); Dy(III); Ho(III); Er(III); Tm(III); Yb(III); Lu(III); Yb(III); Sr; Zr; Mo; Pd; Fe; Ru; Pu(IV); Cm(III); Metal_Concentration_mM: Trace; 0.01; 0.01; 0.01; 0.01; 0.01; 0.01; 0.01; 0.01; 0.01; 0.01; 0.01; 0.01; 0.01; 0.01; 0.01; 0.01; 0.01; 0.01; 0.01; 0.01; 0.01; Trace; Trace; No. of Metals: 1",Volume Ratio,1.0,,
14456,Et-Me-TODGA-Anti,0.1 M,HNO3,1.91 M,n-Dodecane,Cm,III , ,,,,,CCCCCCCCN(CCCCCCCC)C(=O)[C@H](C)O[C@@H](CC)C(=O)N(CCCCCCCC)CCCCCCCC,-,"HNO3, Et-Me-TODGA-Anti, Cm, n-Dodecane",,n-Dodecane,,"https://doi.org/10.1039/D2NJ05663A, https://doi.org/10.1021/jacs.5c19738",Thomas Summers,2026-01-20 20:43:43,Distribution Ratio,0.01,-,Temperature,22.0,C,30.0 min,,,Comments,"Data Location: Table S1; Additional Comments: nan; Complexant_Name: nan; Complexant_SMILES: nan; Complexant_Concentration_M: nan; Publication_Year: 2023; Title: Synthesis and evaluation of new modified diglycolamides with different stereochemistry for extraction of tri- and tetravalent metal ions; Authors: Laura Diaz Gomez, Andreas Wilden, Dimitri Schneider, Zaina Paparigas, Giuseppe Modolo, Maria Chiara Gullo, Jurriaan Huskens, Willem Verboom; No. of Extractants: 1; Aqueous Phase Metals: Am(III); La(III); Ce(III); Pr(III); Nd(III); Sm(III); Eu(III); Gd(III); Tb(III); Dy(III); Ho(III); Er(III); Tm(III); Yb(III); Lu(III); Yb(III); Sr; Zr; Mo; Pd; Fe; Ru; Pu(IV); Cm(III); Metal_Concentration_mM: Trace; 0.01; 0.01; 0.01; 0.01; 0.01; 0.01; 0.01; 0.01; 0.01; 0.01; 0.01; 0.01; 0.01; 0.01; 0.01; 0.01; 0.01; 0.01; 0.01; 0.01; 0.01; Trace; Trace; No. of Metals: 1",Volume Ratio,1.0,,
14457,Et-Me-TODGA-Anti,0.1 M,HNO3,4.24 M,n-Dodecane,Cm,III , ,,,,,CCCCCCCCN(CCCCCCCC)C(=O)[C@H](C)O[C@@H](CC)C(=O)N(CCCCCCCC)CCCCCCCC,-,"HNO3, Et-Me-TODGA-Anti, Cm, n-Dodecane",,n-Dodecane,,"https://doi.org/10.1039/D2NJ05663A, https://doi.org/10.1021/jacs.5c19738",Thomas Summers,2026-01-20 20:43:43,Distribution Ratio,0.028,-,Temperature,22.0,C,30.0 min,,,Comments,"Data Location: Table S1; Additional Comments: nan; Complexant_Name: nan; Complexant_SMILES: nan; Complexant_Concentration_M: nan; Publication_Year: 2023; Title: Synthesis and evaluation of new modified diglycolamides with different stereochemistry for extraction of tri- and tetravalent metal ions; Authors: Laura Diaz Gomez, Andreas Wilden, Dimitri Schneider, Zaina Paparigas, Giuseppe Modolo, Maria Chiara Gullo, Jurriaan Huskens, Willem Verboom; No. of Extractants: 1; Aqueous Phase Metals: Am(III); La(III); Ce(III); Pr(III); Nd(III); Sm(III); Eu(III); Gd(III); Tb(III); Dy(III); Ho(III); Er(III); Tm(III); Yb(III); Lu(III); Yb(III); Sr; Zr; Mo; Pd; Fe; Ru; Pu(IV); Cm(III); Metal_Concentration_mM: Trace; 0.01; 0.01; 0.01; 0.01; 0.01; 0.01; 0.01; 0.01; 0.01; 0.01; 0.01; 0.01; 0.01; 0.01; 0.01; 0.01; 0.01; 0.01; 0.01; 0.01; 0.01; Trace; Trace; No. of Metals: 1",Volume Ratio,1.0,,
14458,Et-Me-TODGA-Anti,0.1 M,HNO3,5.37 M,n-Dodecane,Cm,III , ,,,,,CCCCCCCCN(CCCCCCCC)C(=O)[C@H](C)O[C@@H](CC)C(=O)N(CCCCCCCC)CCCCCCCC,-,"HNO3, Et-Me-TODGA-Anti, Cm, n-Dodecane",,n-Dodecane,,"https://doi.org/10.1039/D2NJ05663A, https://doi.org/10.1021/jacs.5c19738",Thomas Summers,2026-01-20 20:43:43,Distribution Ratio,0.109,-,Temperature,22.0,C,30.0 min,,,Comments,"Data Location: Table S1; Additional Comments: nan; Complexant_Name: nan; Complexant_SMILES: nan; Complexant_Concentration_M: nan; Publication_Year: 2023; Title: Synthesis and evaluation of new modified diglycolamides with different stereochemistry for extraction of tri- and tetravalent metal ions; Authors: Laura Diaz Gomez, Andreas Wilden, Dimitri Schneider, Zaina Paparigas, Giuseppe Modolo, Maria Chiara Gullo, Jurriaan Huskens, Willem Verboom; No. of Extractants: 1; Aqueous Phase Metals: Am(III); La(III); Ce(III); Pr(III); Nd(III); Sm(III); Eu(III); Gd(III); Tb(III); Dy(III); Ho(III); Er(III); Tm(III); Yb(III); Lu(III); Yb(III); Sr; Zr; Mo; Pd; Fe; Ru; Pu(IV); Cm(III); Metal_Concentration_mM: Trace; 0.01; 0.01; 0.01; 0.01; 0.01; 0.01; 0.01; 0.01; 0.01; 0.01; 0.01; 0.01; 0.01; 0.01; 0.01; 0.01; 0.01; 0.01; 0.01; 0.01; 0.01; Trace; Trace; No. of Metals: 1",Volume Ratio,1.0,,
14459,Et-Me-TODGA-Anti,0.1 M,HNO3,6.4 M,n-Dodecane,Cm,III , ,,,,,CCCCCCCCN(CCCCCCCC)C(=O)[C@H](C)O[C@@H](CC)C(=O)N(CCCCCCCC)CCCCCCCC,-,"HNO3, Et-Me-TODGA-Anti, Cm, n-Dodecane",,n-Dodecane,,"https://doi.org/10.1039/D2NJ05663A, https://doi.org/10.1021/jacs.5c19738",Thomas Summers,2026-01-20 20:43:43,Distribution Ratio,0.21,-,Temperature,22.0,C,30.0 min,,,Comments,"Data Location: Table S1; Additional Comments: nan; Complexant_Name: nan; Complexant_SMILES: nan; Complexant_Concentration_M: nan; Publication_Year: 2023; Title: Synthesis and evaluation of new modified diglycolamides with different stereochemistry for extraction of tri- and tetravalent metal ions; Authors: Laura Diaz Gomez, Andreas Wilden, Dimitri Schneider, Zaina Paparigas, Giuseppe Modolo, Maria Chiara Gullo, Jurriaan Huskens, Willem Verboom; No. of Extractants: 1; Aqueous Phase Metals: Am(III); La(III); Ce(III); Pr(III); Nd(III); Sm(III); Eu(III); Gd(III); Tb(III); Dy(III); Ho(III); Er(III); Tm(III); Yb(III); Lu(III); Yb(III); Sr; Zr; Mo; Pd; Fe; Ru; Pu(IV); Cm(III); Metal_Concentration_mM: Trace; 0.01; 0.01; 0.01; 0.01; 0.01; 0.01; 0.01; 0.01; 0.01; 0.01; 0.01; 0.01; 0.01; 0.01; 0.01; 0.01; 0.01; 0.01; 0.01; 0.01; 0.01; Trace; Trace; No. of Metals: 1",Volume Ratio,1.0,,
14460,Et-Me-TODGA-Anti,0.1 M,HNO3,7.28 M,n-Dodecane,Cm,III , ,,,,,CCCCCCCCN(CCCCCCCC)C(=O)[C@H](C)O[C@@H](CC)C(=O)N(CCCCCCCC)CCCCCCCC,-,"HNO3, Et-Me-TODGA-Anti, Cm, n-Dodecane",,n-Dodecane,,"https://doi.org/10.1039/D2NJ05663A, https://doi.org/10.1021/jacs.5c19738",Thomas Summers,2026-01-20 20:43:43,Distribution Ratio,0.388,-,Temperature,22.0,C,30.0 min,,,Comments,"Data Location: Table S1; Additional Comments: nan; Complexant_Name: nan; Complexant_SMILES: nan; Complexant_Concentration_M: nan; Publication_Year: 2023; Title: Synthesis and evaluation of new modified diglycolamides with different stereochemistry for extraction of tri- and tetravalent metal ions; Authors: Laura Diaz Gomez, Andreas Wilden, Dimitri Schneider, Zaina Paparigas, Giuseppe Modolo, Maria Chiara Gullo, Jurriaan Huskens, Willem Verboom; No. of Extractants: 1; Aqueous Phase Metals: Am(III); La(III); Ce(III); Pr(III); Nd(III); Sm(III); Eu(III); Gd(III); Tb(III); Dy(III); Ho(III); Er(III); Tm(III); Yb(III); Lu(III); Yb(III); Sr; Zr; Mo; Pd; Fe; Ru; Pu(IV); Cm(III); Metal_Concentration_mM: Trace; 0.01; 0.01; 0.01; 0.01; 0.01; 0.01; 0.01; 0.01; 0.01; 0.01; 0.01; 0.01; 0.01; 0.01; 0.01; 0.01; 0.01; 0.01; 0.01; 0.01; 0.01; Trace; Trace; No. of Metals: 1",Volume Ratio,1.0,,
14685,SO3-Ph-BTBP,0.2 M,HNO3,0.154 M,"tph 0.95, 1-octanol 0.05",Cm,III , ,,,,,CCCCCCCCN(CCCCCCCC)C(=O)COCC(=O)N(CCCCCCCC)CCCCCCCC,-,"HNO3, SO3-Ph-BTBP, Cm, tph 0.95, 1-octanol 0.05",,"tph 0.95, 1-octanol 0.05",,"https://cordis.europa.eu/project/id/211267, https://doi.org/10.1021/jacs.5c19738",Baosen Zhang,2026-02-09 17:19:22,Distribution Ratio,0.01100000000000013,-,Temperature,20.0,C,15.0 min,,,Comments,file: ./ST101.json; nitrate concentration(M): 0.154; Holdback_Agent_SMILES: O=S(=O)([O-])c1cccc(-c2nnc(-c3cccc(-c4cccc(-c5nnc(-c6cccc(S(=O)(=O)[O-])c6)c(-c6cccc(S(=O)(=O)[O-])c6)n5)n4)n3)nc2-c2cccc(S(=O)(=O)[O-])c2)c1.[Na+].[Na+].[Na+].[Na+]; Holdback_Agent_Concentration_M: 0.018;,,,,
14687,SO3-Ph-BTBP,0.2 M,HNO3,0.254 M,"tph 0.95, 1-octanol 0.05",Cm,III , ,,,,,CCCCCCCCN(CCCCCCCC)C(=O)COCC(=O)N(CCCCCCCC)CCCCCCCC,-,"HNO3, SO3-Ph-BTBP, Cm, tph 0.95, 1-octanol 0.05",,"tph 0.95, 1-octanol 0.05",,"https://cordis.europa.eu/project/id/211267, https://doi.org/10.1021/jacs.5c19738",Baosen Zhang,2026-02-09 17:19:22,Distribution Ratio,0.04400000000000027,-,Temperature,20.0,C,15.0 min,,,Comments,file: ./ST101.json; nitrate concentration(M): 0.254; Holdback_Agent_SMILES: O=S(=O)([O-])c1cccc(-c2nnc(-c3cccc(-c4cccc(-c5nnc(-c6cccc(S(=O)(=O)[O-])c6)c(-c6cccc(S(=O)(=O)[O-])c6)n5)n4)n3)nc2-c2cccc(S(=O)(=O)[O-])c2)c1.[Na+].[Na+].[Na+].[Na+]; Holdback_Agent_Concentration_M: 0.018;,,,,
14689,SO3-Ph-BTBP,0.2 M,HNO3,0.354 M,"tph 0.95, 1-octanol 0.05",Cm,III , ,,,,,CCCCCCCCN(CCCCCCCC)C(=O)COCC(=O)N(CCCCCCCC)CCCCCCCC,-,"HNO3, SO3-Ph-BTBP, Cm, tph 0.95, 1-octanol 0.05",,"tph 0.95, 1-octanol 0.05",,"https://cordis.europa.eu/project/id/211267, https://doi.org/10.1021/jacs.5c19738",Baosen Zhang,2026-02-09 17:19:22,Distribution Ratio,0.1600000000000001,-,Temperature,20.0,C,15.0 min,,,Comments,file: ./ST101.json; nitrate concentration(M): 0.354; Holdback_Agent_SMILES: O=S(=O)([O-])c1cccc(-c2nnc(-c3cccc(-c4cccc(-c5nnc(-c6cccc(S(=O)(=O)[O-])c6)c(-c6cccc(S(=O)(=O)[O-])c6)n5)n4)n3)nc2-c2cccc(S(=O)(=O)[O-])c2)c1.[Na+].[Na+].[Na+].[Na+]; Holdback_Agent_Concentration_M: 0.018;,,,,
14691,SO3-Ph-BTBP,0.2 M,HNO3,0.504 M,"tph 0.95, 1-octanol 0.05",Cm,III , ,,,,,CCCCCCCCN(CCCCCCCC)C(=O)COCC(=O)N(CCCCCCCC)CCCCCCCC,-,"HNO3, SO3-Ph-BTBP, Cm, tph 0.95, 1-octanol 0.05",,"tph 0.95, 1-octanol 0.05",,"https://cordis.europa.eu/project/id/211267, https://doi.org/10.1021/jacs.5c19738",Baosen Zhang,2026-02-09 17:19:22,Distribution Ratio,0.6400000000000012,-,Temperature,20.0,C,15.0 min,,,Comments,file: ./ST101.json; nitrate concentration(M): 0.504; Holdback_Agent_SMILES: O=S(=O)([O-])c1cccc(-c2nnc(-c3cccc(-c4cccc(-c5nnc(-c6cccc(S(=O)(=O)[O-])c6)c(-c6cccc(S(=O)(=O)[O-])c6)n5)n4)n3)nc2-c2cccc(S(=O)(=O)[O-])c2)c1.[Na+].[Na+].[Na+].[Na+]; Holdback_Agent_Concentration_M: 0.018;,,,,
14693,SO3-Ph-BTBP,0.2 M,HNO3,0.754 M,"tph 0.95, 1-octanol 0.05",Cm,III , ,,,,,CCCCCCCCN(CCCCCCCC)C(=O)COCC(=O)N(CCCCCCCC)CCCCCCCC,-,"HNO3, SO3-Ph-BTBP, Cm, tph 0.95, 1-octanol 0.05",,"tph 0.95, 1-octanol 0.05",,"https://cordis.europa.eu/project/id/211267, https://doi.org/10.1021/jacs.5c19738",Baosen Zhang,2026-02-09 17:19:22,Distribution Ratio,3.129999999999996,-,Temperature,20.0,C,15.0 min,,,Comments,file: ./ST101.json; nitrate concentration(M): 0.754; Holdback_Agent_SMILES: O=S(=O)([O-])c1cccc(-c2nnc(-c3cccc(-c4cccc(-c5nnc(-c6cccc(S(=O)(=O)[O-])c6)c(-c6cccc(S(=O)(=O)[O-])c6)n5)n4)n3)nc2-c2cccc(S(=O)(=O)[O-])c2)c1.[Na+].[Na+].[Na+].[Na+]; Holdback_Agent_Concentration_M: 0.018;,,,,
14695,SO3-Ph-BTBP,0.2 M,HNO3,1.004 M,"tph 0.95, 1-octanol 0.05",Cm,III , ,,,,,CCCCCCCCN(CCCCCCCC)C(=O)COCC(=O)N(CCCCCCCC)CCCCCCCC,-,"HNO3, SO3-Ph-BTBP, Cm, tph 0.95, 1-octanol 0.05",,"tph 0.95, 1-octanol 0.05",,"https://cordis.europa.eu/project/id/211267, https://doi.org/10.1021/jacs.5c19738",Baosen Zhang,2026-02-09 17:19:22,Distribution Ratio,10.29999999999995,-,Temperature,20.0,C,15.0 min,,,Comments,file: ./ST101.json; nitrate concentration(M): 1.004; Holdback_Agent_SMILES: O=S(=O)([O-])c1cccc(-c2nnc(-c3cccc(-c4cccc(-c5nnc(-c6cccc(S(=O)(=O)[O-])c6)c(-c6cccc(S(=O)(=O)[O-])c6)n5)n4)n3)nc2-c2cccc(S(=O)(=O)[O-])c2)c1.[Na+].[Na+].[Na+].[Na+]; Holdback_Agent_Concentration_M: 0.018;,,,,
14697,SO3-Ph-BTBP,0.2 M,HNO3,1.504 M,"tph 0.95, 1-octanol 0.05",Cm,III , ,,,,,CCCCCCCCN(CCCCCCCC)C(=O)COCC(=O)N(CCCCCCCC)CCCCCCCC,-,"HNO3, SO3-Ph-BTBP, Cm, tph 0.95, 1-octanol 0.05",,"tph 0.95, 1-octanol 0.05",,"https://cordis.europa.eu/project/id/211267, https://doi.org/10.1021/jacs.5c19738",Baosen Zhang,2026-02-09 17:19:22,Distribution Ratio,36.99999999999958,-,Temperature,20.0,C,15.0 min,,,Comments,file: ./ST101.json; nitrate concentration(M): 1.504; Holdback_Agent_SMILES: O=S(=O)([O-])c1cccc(-c2nnc(-c3cccc(-c4cccc(-c5nnc(-c6cccc(S(=O)(=O)[O-])c6)c(-c6cccc(S(=O)(=O)[O-])c6)n5)n4)n3)nc2-c2cccc(S(=O)(=O)[O-])c2)c1.[Na+].[Na+].[Na+].[Na+]; Holdback_Agent_Concentration_M: 0.018;,,,,
14745,TWE-40,0.2 M,HNO3,0.0933254 M,"tph 0.95, 1-octanol 0.05",Cm,III , ,,,,,CCCCCCCCN(CCCCCCCC)C(=O)COCC(=O)N(CCCCCCCC)CCCCCCCC,-,"HNO3, TWE-40, Cm, tph 0.95, 1-octanol 0.05",,"tph 0.95, 1-octanol 0.05",,"https://cordis.europa.eu/project/id/211267, https://doi.org/10.1021/jacs.5c19738",Baosen Zhang,2026-02-09 17:19:26,Distribution Ratio,44.27099999999937,-,Temperature,22.0,C,60.0 min,,,Comments,file: ./ST103.json; nitrate concentration(M): 0.593325430079699; Holdback_Agent_SMILES: S=P(S)(c1ccccn1)c1ccccn1; Holdback_Agent_Concentration_M: 0.1;,,,,
14747,TWE-40,0.2 M,HNO3,0.00954993 M,"tph 0.95, 1-octanol 0.05",Cm,III , ,,,,,CCCCCCCCN(CCCCCCCC)C(=O)COCC(=O)N(CCCCCCCC)CCCCCCCC,-,"HNO3, TWE-40, Cm, tph 0.95, 1-octanol 0.05",,"tph 0.95, 1-octanol 0.05",,"https://cordis.europa.eu/project/id/211267, https://doi.org/10.1021/jacs.5c19738",Baosen Zhang,2026-02-09 17:19:26,Distribution Ratio,19.83299999999968,-,Temperature,22.0,C,60.0 min,,,Comments,file: ./ST103.json; nitrate concentration(M): 0.509549925860214; Holdback_Agent_SMILES: S=P(S)(c1ccccn1)c1ccccn1; Holdback_Agent_Concentration_M: 0.1;,,,,
14749,TWE-40,0.2 M,HNO3,0.00104713 M,"tph 0.95, 1-octanol 0.05",Cm,III , ,,,,,CCCCCCCCN(CCCCCCCC)C(=O)COCC(=O)N(CCCCCCCC)CCCCCCCC,-,"HNO3, TWE-40, Cm, tph 0.95, 1-octanol 0.05",,"tph 0.95, 1-octanol 0.05",,"https://cordis.europa.eu/project/id/211267, https://doi.org/10.1021/jacs.5c19738",Baosen Zhang,2026-02-09 17:19:26,Distribution Ratio,17.41099999999977,-,Temperature,22.0,C,60.0 min,,,Comments,file: ./ST103.json; nitrate concentration(M): 0.50104712854805; Holdback_Agent_SMILES: S=P(S)(c1ccccn1)c1ccccn1; Holdback_Agent_Concentration_M: 0.1;,,,,
14751,TWE-40,0.2 M,HNO3,0.0000977237 M,"tph 0.95, 1-octanol 0.05",Cm,III , ,,,,,CCCCCCCCN(CCCCCCCC)C(=O)COCC(=O)N(CCCCCCCC)CCCCCCCC,-,"HNO3, TWE-40, Cm, tph 0.95, 1-octanol 0.05",,"tph 0.95, 1-octanol 0.05",,"https://cordis.europa.eu/project/id/211267, https://doi.org/10.1021/jacs.5c19738",Baosen Zhang,2026-02-09 17:19:26,Distribution Ratio,8.658999999999992,-,Temperature,22.0,C,60.0 min,,,Comments,file: ./ST103.json; nitrate concentration(M): 0.500097723722095; Holdback_Agent_SMILES: S=P(S)(c1ccccn1)c1ccccn1; Holdback_Agent_Concentration_M: 0.1;,,,,
14753,TWE-40,0.2 M,HNO3,1.86209e-6 M,"tph 0.95, 1-octanol 0.05",Cm,III , ,,,,,CCCCCCCCN(CCCCCCCC)C(=O)COCC(=O)N(CCCCCCCC)CCCCCCCC,-,"HNO3, TWE-40, Cm, tph 0.95, 1-octanol 0.05",,"tph 0.95, 1-octanol 0.05",,"https://cordis.europa.eu/project/id/211267, https://doi.org/10.1021/jacs.5c19738",Baosen Zhang,2026-02-09 17:19:26,Distribution Ratio,8.868999999999996,-,Temperature,22.0,C,60.0 min,,,Comments,file: ./ST103.json; nitrate concentration(M): 0.500001862087136; Holdback_Agent_SMILES: S=P(S)(c1ccccn1)c1ccccn1; Holdback_Agent_Concentration_M: 0.1;,,,,
14765,TWE-41,0.2 M,HNO3,0.0954993 M,"tph 0.95, 1-octanol 0.05",Cm,III , ,,,,,CCCCCCCCN(CCCCCCCC)C(=O)COCC(=O)N(CCCCCCCC)CCCCCCCC,-,"HNO3, TWE-41, Cm, tph 0.95, 1-octanol 0.05",,"tph 0.95, 1-octanol 0.05",,"https://cordis.europa.eu/project/id/211267, https://doi.org/10.1021/jacs.5c19738",Baosen Zhang,2026-02-09 17:19:27,Distribution Ratio,17.60599999999962,-,Temperature,22.0,C,60.0 min,,,Comments,file: ./ST104.json; nitrate concentration(M): 0.595499258602143; Holdback_Agent_SMILES: S=P(S)(c1cccnc1)c1cccnc1; Holdback_Agent_Concentration_M: 0.1;,,,,
14767,TWE-41,0.2 M,HNO3,0.00977237 M,"tph 0.95, 1-octanol 0.05",Cm,III , ,,,,,CCCCCCCCN(CCCCCCCC)C(=O)COCC(=O)N(CCCCCCCC)CCCCCCCC,-,"HNO3, TWE-41, Cm, tph 0.95, 1-octanol 0.05",,"tph 0.95, 1-octanol 0.05",,"https://cordis.europa.eu/project/id/211267, https://doi.org/10.1021/jacs.5c19738",Baosen Zhang,2026-02-09 17:19:27,Distribution Ratio,32.0169999999997,-,Temperature,22.0,C,60.0 min,,,Comments,file: ./ST104.json; nitrate concentration(M): 0.509772372209558; Holdback_Agent_SMILES: S=P(S)(c1cccnc1)c1cccnc1; Holdback_Agent_Concentration_M: 0.1;,,,,
14769,TWE-41,0.2 M,HNO3,0.00107152 M,"tph 0.95, 1-octanol 0.05",Cm,III , ,,,,,CCCCCCCCN(CCCCCCCC)C(=O)COCC(=O)N(CCCCCCCC)CCCCCCCC,-,"HNO3, TWE-41, Cm, tph 0.95, 1-octanol 0.05",,"tph 0.95, 1-octanol 0.05",,"https://cordis.europa.eu/project/id/211267, https://doi.org/10.1021/jacs.5c19738",Baosen Zhang,2026-02-09 17:19:27,Distribution Ratio,30.9869999999994,-,Temperature,22.0,C,60.0 min,,,Comments,file: ./ST104.json; nitrate concentration(M): 0.501071519305237; Holdback_Agent_SMILES: S=P(S)(c1cccnc1)c1cccnc1; Holdback_Agent_Concentration_M: 0.1;,,,,
14771,TWE-41,0.2 M,HNO3,0.000109648 M,"tph 0.95, 1-octanol 0.05",Cm,III , ,,,,,CCCCCCCCN(CCCCCCCC)C(=O)COCC(=O)N(CCCCCCCC)CCCCCCCC,-,"HNO3, TWE-41, Cm, tph 0.95, 1-octanol 0.05",,"tph 0.95, 1-octanol 0.05",,"https://cordis.europa.eu/project/id/211267, https://doi.org/10.1021/jacs.5c19738",Baosen Zhang,2026-02-09 17:19:27,Distribution Ratio,26.07699999999986,-,Temperature,22.0,C,60.0 min,,,Comments,file: ./ST104.json; nitrate concentration(M): 0.500109647819614; Holdback_Agent_SMILES: S=P(S)(c1cccnc1)c1cccnc1; Holdback_Agent_Concentration_M: 0.1;,,,,
14773,TWE-41,0.2 M,HNO3,2.63027e-7 M,"tph 0.95, 1-octanol 0.05",Cm,III , ,,,,,CCCCCCCCN(CCCCCCCC)C(=O)COCC(=O)N(CCCCCCCC)CCCCCCCC,-,"HNO3, TWE-41, Cm, tph 0.95, 1-octanol 0.05",,"tph 0.95, 1-octanol 0.05",,"https://cordis.europa.eu/project/id/211267, https://doi.org/10.1021/jacs.5c19738",Baosen Zhang,2026-02-09 17:19:28,Distribution Ratio,5.523999999999992,-,Temperature,22.0,C,60.0 min,,,Comments,file: ./ST104.json; nitrate concentration(M): 0.500000263026799; Holdback_Agent_SMILES: S=P(S)(c1cccnc1)c1cccnc1; Holdback_Agent_Concentration_M: 0.1;,,,,
14785,TWE-42,0.2 M,HNO3,0.0954993 M,"tph 0.95, 1-octanol 0.05",Cm,III , ,,,,,CCCCCCCCN(CCCCCCCC)C(=O)COCC(=O)N(CCCCCCCC)CCCCCCCC,-,"HNO3, TWE-42, Cm, tph 0.95, 1-octanol 0.05",,"tph 0.95, 1-octanol 0.05",,"https://cordis.europa.eu/project/id/211267, https://doi.org/10.1021/jacs.5c19738",Baosen Zhang,2026-02-09 17:19:28,Distribution Ratio,78.80099999999851,-,Temperature,22.0,C,60.0 min,,,Comments,file: ./ST105.json; nitrate concentration(M): 0.595499258602143; Holdback_Agent_SMILES: S=P(S)(c1cccnc1)c1ccccn1; Holdback_Agent_Concentration_M: 0.1;,,,,
14787,TWE-42,0.2 M,HNO3,0.00933254 M,"tph 0.95, 1-octanol 0.05",Cm,III , ,,,,,CCCCCCCCN(CCCCCCCC)C(=O)COCC(=O)N(CCCCCCCC)CCCCCCCC,-,"HNO3, TWE-42, Cm, tph 0.95, 1-octanol 0.05",,"tph 0.95, 1-octanol 0.05",,"https://cordis.europa.eu/project/id/211267, https://doi.org/10.1021/jacs.5c19738",Baosen Zhang,2026-02-09 17:19:28,Distribution Ratio,22.61199999999995,-,Temperature,22.0,C,60.0 min,,,Comments,file: ./ST105.json; nitrate concentration(M): 0.509332543007969; Holdback_Agent_SMILES: S=P(S)(c1cccnc1)c1ccccn1; Holdback_Agent_Concentration_M: 0.1;,,,,
14789,TWE-42,0.2 M,HNO3,0.000977237 M,"tph 0.95, 1-octanol 0.05",Cm,III , ,,,,,CCCCCCCCN(CCCCCCCC)C(=O)COCC(=O)N(CCCCCCCC)CCCCCCCC,-,"HNO3, TWE-42, Cm, tph 0.95, 1-octanol 0.05",,"tph 0.95, 1-octanol 0.05",,"https://cordis.europa.eu/project/id/211267, https://doi.org/10.1021/jacs.5c19738",Baosen Zhang,2026-02-09 17:19:29,Distribution Ratio,12.53399999999994,-,Temperature,22.0,C,60.0 min,,,Comments,file: ./ST105.json; nitrate concentration(M): 0.500977237220955; Holdback_Agent_SMILES: S=P(S)(c1cccnc1)c1ccccn1; Holdback_Agent_Concentration_M: 0.1;,,,,
14791,TWE-42,0.2 M,HNO3,0.0001 M,"tph 0.95, 1-octanol 0.05",Cm,III , ,,,,,CCCCCCCCN(CCCCCCCC)C(=O)COCC(=O)N(CCCCCCCC)CCCCCCCC,-,"HNO3, TWE-42, Cm, tph 0.95, 1-octanol 0.05",,"tph 0.95, 1-octanol 0.05",,"https://cordis.europa.eu/project/id/211267, https://doi.org/10.1021/jacs.5c19738",Baosen Zhang,2026-02-09 17:19:29,Distribution Ratio,3.057999999999998,-,Temperature,22.0,C,60.0 min,,,Comments,file: ./ST105.json; nitrate concentration(M): 0.5001; Holdback_Agent_SMILES: S=P(S)(c1cccnc1)c1ccccn1; Holdback_Agent_Concentration_M: 0.1;,,,,
14793,TWE-42,0.2 M,HNO3,3.23594e-6 M,"tph 0.95, 1-octanol 0.05",Cm,III , ,,,,,CCCCCCCCN(CCCCCCCC)C(=O)COCC(=O)N(CCCCCCCC)CCCCCCCC,-,"HNO3, TWE-42, Cm, tph 0.95, 1-octanol 0.05",,"tph 0.95, 1-octanol 0.05",,"https://cordis.europa.eu/project/id/211267, https://doi.org/10.1021/jacs.5c19738",Baosen Zhang,2026-02-09 17:19:29,Distribution Ratio,5.663999999999992,-,Temperature,22.0,C,60.0 min,,,Comments,file: ./ST105.json; nitrate concentration(M): 0.500003235936569; Holdback_Agent_SMILES: S=P(S)(c1cccnc1)c1ccccn1; Holdback_Agent_Concentration_M: 0.1;,,,,
14795,(PhSO3Na)2-BTBP,0.2 M,HNO3,0.524807 M,"kerosene 0.95, 1-octanol 0.05",Cm,III , ,,,,,CCCCCCCCN(CCCCCCCC)C(=O)COCC(=O)N(CCCCCCCC)CCCCCCCC,-,"HNO3, (PhSO3Na)2-BTBP, Cm, kerosene 0.95, 1-octanol 0.05",,"kerosene 0.95, 1-octanol 0.05",,"https://cordis.europa.eu/project/id/211267, https://doi.org/10.1021/jacs.5c19738",Baosen Zhang,2026-02-09 17:19:29,Distribution Ratio,0.03000000000000052,-,,,,- -,,,Comments,file: ./ST106.json; nitrate concentration(M): 0.524807460249772; Holdback_Agent_SMILES: O=S(=O)([O-])c1cccc(-c2nnc(-c3cccc(-c4cccc(-c5nnc(-c6cccc(S(=O)(=O)[O-])c6)c(-c6cccc(S(=O)(=O)[O-])c6)n5)n4)n3)nc2-c2cccc(S(=O)(=O)[O-])c2)c1.[Na+].[Na+].[Na+].[Na+]; Holdback_Agent_Concentration_M: nan;,,,,
14797,(PhSO3Na)2-BTBP,0.2 M,HNO3,0.316228 M,"kerosene 0.95, 1-octanol 0.05",Cm,III , ,,,,,CCCCCCCCN(CCCCCCCC)C(=O)COCC(=O)N(CCCCCCCC)CCCCCCCC,-,"HNO3, (PhSO3Na)2-BTBP, Cm, kerosene 0.95, 1-octanol 0.05",,"kerosene 0.95, 1-octanol 0.05",,"https://cordis.europa.eu/project/id/211267, https://doi.org/10.1021/jacs.5c19738",Baosen Zhang,2026-02-09 17:19:29,Distribution Ratio,0.2600000000000006,-,,,,- -,,,Comments,file: ./ST106.json; nitrate concentration(M): 0.316227766016837; Holdback_Agent_SMILES: O=S(=O)([O-])c1cccc(-c2nnc(-c3cccc(-c4cccc(-c5nnc(-c6cccc(S(=O)(=O)[O-])c6)c(-c6cccc(S(=O)(=O)[O-])c6)n5)n4)n3)nc2-c2cccc(S(=O)(=O)[O-])c2)c1.[Na+].[Na+].[Na+].[Na+]; Holdback_Agent_Concentration_M: nan;,,,,
14799,(PhSO3Na)2-BTBP,0.2 M,HNO3,0.169824 M,"kerosene 0.95, 1-octanol 0.05",Cm,III , ,,,,,CCCCCCCCN(CCCCCCCC)C(=O)COCC(=O)N(CCCCCCCC)CCCCCCCC,-,"HNO3, (PhSO3Na)2-BTBP, Cm, kerosene 0.95, 1-octanol 0.05",,"kerosene 0.95, 1-octanol 0.05",,"https://cordis.europa.eu/project/id/211267, https://doi.org/10.1021/jacs.5c19738",Baosen Zhang,2026-02-09 17:19:29,Distribution Ratio,1.399999999999997,-,,,,- -,,,Comments,file: ./ST106.json; nitrate concentration(M): 0.169824365246174; Holdback_Agent_SMILES: O=S(=O)([O-])c1cccc(-c2nnc(-c3cccc(-c4cccc(-c5nnc(-c6cccc(S(=O)(=O)[O-])c6)c(-c6cccc(S(=O)(=O)[O-])c6)n5)n4)n3)nc2-c2cccc(S(=O)(=O)[O-])c2)c1.[Na+].[Na+].[Na+].[Na+]; Holdback_Agent_Concentration_M: nan;,,,,
14801,(PhSO3Na)2-BTBP,0.2 M,HNO3,0.0912011 M,"kerosene 0.95, 1-octanol 0.05",Cm,III , ,,,,,CCCCCCCCN(CCCCCCCC)C(=O)COCC(=O)N(CCCCCCCC)CCCCCCCC,-,"HNO3, (PhSO3Na)2-BTBP, Cm, kerosene 0.95, 1-octanol 0.05",,"kerosene 0.95, 1-octanol 0.05",,"https://cordis.europa.eu/project/id/211267, https://doi.org/10.1021/jacs.5c19738",Baosen Zhang,2026-02-09 17:19:29,Distribution Ratio,5.299999999999987,-,,,,- -,,,Comments,file: ./ST106.json; nitrate concentration(M): 0.0912010839355909; Holdback_Agent_SMILES: O=S(=O)([O-])c1cccc(-c2nnc(-c3cccc(-c4cccc(-c5nnc(-c6cccc(S(=O)(=O)[O-])c6)c(-c6cccc(S(=O)(=O)[O-])c6)n5)n4)n3)nc2-c2cccc(S(=O)(=O)[O-])c2)c1.[Na+].[Na+].[Na+].[Na+]; Holdback_Agent_Concentration_M: nan;,,,,
14811,(PhSO3Na)2-BTPhen,0.2 M,HNO3,0.524807 M,"kerosene 0.95, 1-octanol 0.05",Cm,III , ,,,,,CCCCCCCCN(CCCCCCCC)C(=O)COCC(=O)N(CCCCCCCC)CCCCCCCC,-,"HNO3, (PhSO3Na)2-BTPhen, Cm, kerosene 0.95, 1-octanol 0.05",,"kerosene 0.95, 1-octanol 0.05",,"https://cordis.europa.eu/project/id/211267, https://doi.org/10.1021/jacs.5c19738",Baosen Zhang,2026-02-09 17:19:30,Distribution Ratio,0.03900000000000007,-,,,,- -,,,Comments,file: ./ST107.json; nitrate concentration(M): 0.524807460249772; Holdback_Agent_SMILES: O=S([O-])(c1cc(c2c(c3cc(S(=O)([O-])=O)ccc3)nc(c4nc(c5nc(c6nc(c7cc(S(=O)([O-])=O)ccc7)c(c8cc(S(=O)([O-])=O)ccc8)nn6)ccc5C=C9)c9cc4)nn2)ccc1)=O.[Na+].[Na+].[Na+].[Na+]; Holdback_Agent_Concentration_M: nan;,,,,
14813,(PhSO3Na)2-BTPhen,0.2 M,HNO3,0.316228 M,"kerosene 0.95, 1-octanol 0.05",Cm,III , ,,,,,CCCCCCCCN(CCCCCCCC)C(=O)COCC(=O)N(CCCCCCCC)CCCCCCCC,-,"HNO3, (PhSO3Na)2-BTPhen, Cm, kerosene 0.95, 1-octanol 0.05",,"kerosene 0.95, 1-octanol 0.05",,"https://cordis.europa.eu/project/id/211267, https://doi.org/10.1021/jacs.5c19738",Baosen Zhang,2026-02-09 17:19:30,Distribution Ratio,1.17,-,,,,- -,,,Comments,file: ./ST107.json; nitrate concentration(M): 0.316227766016837; Holdback_Agent_SMILES: O=S([O-])(c1cc(c2c(c3cc(S(=O)([O-])=O)ccc3)nc(c4nc(c5nc(c6nc(c7cc(S(=O)([O-])=O)ccc7)c(c8cc(S(=O)([O-])=O)ccc8)nn6)ccc5C=C9)c9cc4)nn2)ccc1)=O.[Na+].[Na+].[Na+].[Na+]; Holdback_Agent_Concentration_M: nan;,,,,
14815,(PhSO3Na)2-BTPhen,0.2 M,HNO3,0.169824 M,"kerosene 0.95, 1-octanol 0.05",Cm,III , ,,,,,CCCCCCCCN(CCCCCCCC)C(=O)COCC(=O)N(CCCCCCCC)CCCCCCCC,-,"HNO3, (PhSO3Na)2-BTPhen, Cm, kerosene 0.95, 1-octanol 0.05",,"kerosene 0.95, 1-octanol 0.05",,"https://cordis.europa.eu/project/id/211267, https://doi.org/10.1021/jacs.5c19738",Baosen Zhang,2026-02-09 17:19:30,Distribution Ratio,4.799999999999997,-,,,,- -,,,Comments,file: ./ST107.json; nitrate concentration(M): 0.169824365246174; Holdback_Agent_SMILES: O=S([O-])(c1cc(c2c(c3cc(S(=O)([O-])=O)ccc3)nc(c4nc(c5nc(c6nc(c7cc(S(=O)([O-])=O)ccc7)c(c8cc(S(=O)([O-])=O)ccc8)nn6)ccc5C=C9)c9cc4)nn2)ccc1)=O.[Na+].[Na+].[Na+].[Na+]; Holdback_Agent_Concentration_M: nan;,,,,
14817,(PhSO3Na)2-BTPhen,0.2 M,HNO3,0.0912011 M,"kerosene 0.95, 1-octanol 0.05",Cm,III , ,,,,,CCCCCCCCN(CCCCCCCC)C(=O)COCC(=O)N(CCCCCCCC)CCCCCCCC,-,"HNO3, (PhSO3Na)2-BTPhen, Cm, kerosene 0.95, 1-octanol 0.05",,"kerosene 0.95, 1-octanol 0.05",,"https://cordis.europa.eu/project/id/211267, https://doi.org/10.1021/jacs.5c19738",Baosen Zhang,2026-02-09 17:19:30,Distribution Ratio,17.89999999999987,-,,,,- -,,,Comments,file: ./ST107.json; nitrate concentration(M): 0.0912010839355909; Holdback_Agent_SMILES: O=S([O-])(c1cc(c2c(c3cc(S(=O)([O-])=O)ccc3)nc(c4nc(c5nc(c6nc(c7cc(S(=O)([O-])=O)ccc7)c(c8cc(S(=O)([O-])=O)ccc8)nn6)ccc5C=C9)c9cc4)nn2)ccc1)=O.[Na+].[Na+].[Na+].[Na+]; Holdback_Agent_Concentration_M: nan;,,,,
15771,2-EH-C9-B8D(iB)CMPO,0.25 M,HNO3,3 M,Tetrachloroethylene,La,III , ,,,,,CCCCC(CC)CP(=O)(CC(=O)N(CC(C)C)CC(C)C)c1ccccc1,-,"HNO3, 2-EH-C9-B8D(iB)CMPO, La, Tetrachloroethylene",,Tetrachloroethylene,,"https://doi.org/10.1080/07366298608917877, https://doi.org/10.1021/jacs.5c19738",Baosen Zhang,2026-02-10 13:31:53,Distribution Ratio,0.43,-,Temperature,25.0,C,- -,,,Comments,IDEaL,,,,
15772,2-EH-C9-B8D(iB)CMPO,0.25 M,HNO3,3 M,Tetrachloroethylene,Ce,III , ,,,,,CCCCC(CC)CP(=O)(CC(=O)N(CC(C)C)CC(C)C)c1ccccc1,-,"HNO3, 2-EH-C9-B8D(iB)CMPO, Ce, Tetrachloroethylene",,Tetrachloroethylene,,"https://doi.org/10.1080/07366298608917877, https://doi.org/10.1021/jacs.5c19738",Baosen Zhang,2026-02-10 13:31:53,Distribution Ratio,0.77,-,Temperature,25.0,C,- -,,,Comments,IDEaL,,,,
15773,2-EH-C9-B8D(iB)CMPO,0.25 M,HNO3,3 M,Tetrachloroethylene,Pr,III , ,,,,,CCCCC(CC)CP(=O)(CC(=O)N(CC(C)C)CC(C)C)c1ccccc1,-,"HNO3, 2-EH-C9-B8D(iB)CMPO, Pr, Tetrachloroethylene",,Tetrachloroethylene,,"https://doi.org/10.1080/07366298608917877, https://doi.org/10.1021/jacs.5c19738",Baosen Zhang,2026-02-10 13:31:53,Distribution Ratio,1.0,-,Temperature,25.0,C,- -,,,Comments,IDEaL,,,,
15774,2-EH-C9-B8D(iB)CMPO,0.25 M,HNO3,3 M,Tetrachloroethylene,Nd,III , ,,,,,CCCCC(CC)CP(=O)(CC(=O)N(CC(C)C)CC(C)C)c1ccccc1,-,"HNO3, 2-EH-C9-B8D(iB)CMPO, Nd, Tetrachloroethylene",,Tetrachloroethylene,,"https://doi.org/10.1080/07366298608917877, https://doi.org/10.1021/jacs.5c19738",Baosen Zhang,2026-02-10 13:31:53,Distribution Ratio,1.0,-,Temperature,25.0,C,- -,,,Comments,IDEaL,,,,
15775,2-EH-C9-B8D(iB)CMPO,0.25 M,HNO3,3 M,Tetrachloroethylene,Sm,III , ,,,,,CCCCC(CC)CP(=O)(CC(=O)N(CC(C)C)CC(C)C)c1ccccc1,-,"HNO3, 2-EH-C9-B8D(iB)CMPO, Sm, Tetrachloroethylene",,Tetrachloroethylene,,"https://doi.org/10.1080/07366298608917877, https://doi.org/10.1021/jacs.5c19738",Baosen Zhang,2026-02-10 13:31:53,Distribution Ratio,1.1,-,Temperature,25.0,C,- -,,,Comments,IDEaL,,,,
15776,2-EH-C9-B8D(iB)CMPO,0.25 M,HNO3,3 M,Tetrachloroethylene,Eu,III , ,,,,,CCCCC(CC)CP(=O)(CC(=O)N(CC(C)C)CC(C)C)c1ccccc1,-,"HNO3, 2-EH-C9-B8D(iB)CMPO, Eu, Tetrachloroethylene",,Tetrachloroethylene,,"https://doi.org/10.1080/07366298608917877, https://doi.org/10.1021/jacs.5c19738",Baosen Zhang,2026-02-10 13:31:53,Distribution Ratio,1.1,-,Temperature,25.0,C,- -,,,Comments,IDEaL,,,,
15777,6-MH-C9-B8D(iB)CMPO,0.25 M,HNO3,3 M,Tetrachloroethylene,La,III , ,,,,,CC(C)CCCCCP(=O)(CC(=O)N(CC(C)C)CC(C)C)c1ccccc1,-,"HNO3, 6-MH-C9-B8D(iB)CMPO, La, Tetrachloroethylene",,Tetrachloroethylene,,"https://doi.org/10.1080/07366298608917877, https://doi.org/10.1021/jacs.5c19738",Baosen Zhang,2026-02-10 13:31:54,Distribution Ratio,1.0,-,Temperature,25.0,C,- -,,,Comments,IDEaL,,,,
15778,6-MH-C9-B8D(iB)CMPO,0.25 M,HNO3,3 M,Tetrachloroethylene,Ce,III , ,,,,,CC(C)CCCCCP(=O)(CC(=O)N(CC(C)C)CC(C)C)c1ccccc1,-,"HNO3, 6-MH-C9-B8D(iB)CMPO, Ce, Tetrachloroethylene",,Tetrachloroethylene,,"https://doi.org/10.1080/07366298608917877, https://doi.org/10.1021/jacs.5c19738",Baosen Zhang,2026-02-10 13:31:54,Distribution Ratio,2.0,-,Temperature,25.0,C,- -,,,Comments,IDEaL,,,,
15779,6-MH-C9-B8D(iB)CMPO,0.25 M,HNO3,3 M,Tetrachloroethylene,Pr,III , ,,,,,CC(C)CCCCCP(=O)(CC(=O)N(CC(C)C)CC(C)C)c1ccccc1,-,"HNO3, 6-MH-C9-B8D(iB)CMPO, Pr, Tetrachloroethylene",,Tetrachloroethylene,,"https://doi.org/10.1080/07366298608917877, https://doi.org/10.1021/jacs.5c19738",Baosen Zhang,2026-02-10 13:31:54,Distribution Ratio,2.7,-,Temperature,25.0,C,- -,,,Comments,IDEaL,,,,
15780,6-MH-C9-B8D(iB)CMPO,0.25 M,HNO3,3 M,Tetrachloroethylene,Nd,III , ,,,,,CC(C)CCCCCP(=O)(CC(=O)N(CC(C)C)CC(C)C)c1ccccc1,-,"HNO3, 6-MH-C9-B8D(iB)CMPO, Nd, Tetrachloroethylene",,Tetrachloroethylene,,"https://doi.org/10.1080/07366298608917877, https://doi.org/10.1021/jacs.5c19738",Baosen Zhang,2026-02-10 13:31:54,Distribution Ratio,2.8,-,Temperature,25.0,C,- -,,,Comments,IDEaL,,,,
15781,6-MH-C9-B8D(iB)CMPO,0.25 M,HNO3,3 M,Tetrachloroethylene,Sm,III , ,,,,,CC(C)CCCCCP(=O)(CC(=O)N(CC(C)C)CC(C)C)c1ccccc1,-,"HNO3, 6-MH-C9-B8D(iB)CMPO, Sm, Tetrachloroethylene",,Tetrachloroethylene,,"https://doi.org/10.1080/07366298608917877, https://doi.org/10.1021/jacs.5c19738",Baosen Zhang,2026-02-10 13:31:54,Distribution Ratio,3.4,-,Temperature,25.0,C,- -,,,Comments,IDEaL,,,,
15782,6-MH-C9-B8D(iB)CMPO,0.25 M,HNO3,3 M,Tetrachloroethylene,Eu,III , ,,,,,CC(C)CCCCCP(=O)(CC(=O)N(CC(C)C)CC(C)C)c1ccccc1,-,"HNO3, 6-MH-C9-B8D(iB)CMPO, Eu, Tetrachloroethylene",,Tetrachloroethylene,,"https://doi.org/10.1080/07366298608917877, https://doi.org/10.1021/jacs.5c19738",Baosen Zhang,2026-02-10 13:31:54,Distribution Ratio,3.4,-,Temperature,25.0,C,- -,,,Comments,IDEaL,,,,
16800,2-EH-C9-B8D(iB)CMPO,0.25 M,HNO3,3 M,Tetrachloroethylene,La,III , ,,,,,CCCCC(CC)CP(=O)(CC(=O)N(CC(C)C)CC(C)C)c1ccccc1,-,"HNO3, 2-EH-C9-B8D(iB)CMPO, La, Tetrachloroethylene",,Tetrachloroethylene,,"https://doi.org/10.1080/07366298608917877, https://doi.org/10.1021/jacs.5c19738",Baosen Zhang,2026-02-10 13:34:12,Distribution Ratio,0.43,-,Temperature,25.0,C,- -,,,Comments,IDEaL,,,,
16801,2-EH-C9-B8D(iB)CMPO,0.25 M,HNO3,3 M,Tetrachloroethylene,Ce,III , ,,,,,CCCCC(CC)CP(=O)(CC(=O)N(CC(C)C)CC(C)C)c1ccccc1,-,"HNO3, 2-EH-C9-B8D(iB)CMPO, Ce, Tetrachloroethylene",,Tetrachloroethylene,,"https://doi.org/10.1080/07366298608917877, https://doi.org/10.1021/jacs.5c19738",Baosen Zhang,2026-02-10 13:34:12,Distribution Ratio,0.77,-,Temperature,25.0,C,- -,,,Comments,IDEaL,,,,
16802,2-EH-C9-B8D(iB)CMPO,0.25 M,HNO3,3 M,Tetrachloroethylene,Pr,III , ,,,,,CCCCC(CC)CP(=O)(CC(=O)N(CC(C)C)CC(C)C)c1ccccc1,-,"HNO3, 2-EH-C9-B8D(iB)CMPO, Pr, Tetrachloroethylene",,Tetrachloroethylene,,"https://doi.org/10.1080/07366298608917877, https://doi.org/10.1021/jacs.5c19738",Baosen Zhang,2026-02-10 13:34:12,Distribution Ratio,1.0,-,Temperature,25.0,C,- -,,,Comments,IDEaL,,,,
16803,2-EH-C9-B8D(iB)CMPO,0.25 M,HNO3,3 M,Tetrachloroethylene,Nd,III , ,,,,,CCCCC(CC)CP(=O)(CC(=O)N(CC(C)C)CC(C)C)c1ccccc1,-,"HNO3, 2-EH-C9-B8D(iB)CMPO, Nd, Tetrachloroethylene",,Tetrachloroethylene,,"https://doi.org/10.1080/07366298608917877, https://doi.org/10.1021/jacs.5c19738",Baosen Zhang,2026-02-10 13:34:12,Distribution Ratio,1.0,-,Temperature,25.0,C,- -,,,Comments,IDEaL,,,,
16804,2-EH-C9-B8D(iB)CMPO,0.25 M,HNO3,3 M,Tetrachloroethylene,Sm,III , ,,,,,CCCCC(CC)CP(=O)(CC(=O)N(CC(C)C)CC(C)C)c1ccccc1,-,"HNO3, 2-EH-C9-B8D(iB)CMPO, Sm, Tetrachloroethylene",,Tetrachloroethylene,,"https://doi.org/10.1080/07366298608917877, https://doi.org/10.1021/jacs.5c19738",Baosen Zhang,2026-02-10 13:34:12,Distribution Ratio,1.1,-,Temperature,25.0,C,- -,,,Comments,IDEaL,,,,
16805,2-EH-C9-B8D(iB)CMPO,0.25 M,HNO3,3 M,Tetrachloroethylene,Eu,III , ,,,,,CCCCC(CC)CP(=O)(CC(=O)N(CC(C)C)CC(C)C)c1ccccc1,-,"HNO3, 2-EH-C9-B8D(iB)CMPO, Eu, Tetrachloroethylene",,Tetrachloroethylene,,"https://doi.org/10.1080/07366298608917877, https://doi.org/10.1021/jacs.5c19738",Baosen Zhang,2026-02-10 13:34:13,Distribution Ratio,1.1,-,Temperature,25.0,C,- -,,,Comments,IDEaL,,,,
16806,6-MH-C9-B8D(iB)CMPO,0.25 M,HNO3,3 M,Tetrachloroethylene,La,III , ,,,,,CC(C)CCCCCP(=O)(CC(=O)N(CC(C)C)CC(C)C)c1ccccc1,-,"HNO3, 6-MH-C9-B8D(iB)CMPO, La, Tetrachloroethylene",,Tetrachloroethylene,,"https://doi.org/10.1080/07366298608917877, https://doi.org/10.1021/jacs.5c19738",Baosen Zhang,2026-02-10 13:34:13,Distribution Ratio,1.0,-,Temperature,25.0,C,- -,,,Comments,IDEaL,,,,
16807,6-MH-C9-B8D(iB)CMPO,0.25 M,HNO3,3 M,Tetrachloroethylene,Ce,III , ,,,,,CC(C)CCCCCP(=O)(CC(=O)N(CC(C)C)CC(C)C)c1ccccc1,-,"HNO3, 6-MH-C9-B8D(iB)CMPO, Ce, Tetrachloroethylene",,Tetrachloroethylene,,"https://doi.org/10.1080/07366298608917877, https://doi.org/10.1021/jacs.5c19738",Baosen Zhang,2026-02-10 13:34:13,Distribution Ratio,2.0,-,Temperature,25.0,C,- -,,,Comments,IDEaL,,,,
16808,6-MH-C9-B8D(iB)CMPO,0.25 M,HNO3,3 M,Tetrachloroethylene,Pr,III , ,,,,,CC(C)CCCCCP(=O)(CC(=O)N(CC(C)C)CC(C)C)c1ccccc1,-,"HNO3, 6-MH-C9-B8D(iB)CMPO, Pr, Tetrachloroethylene",,Tetrachloroethylene,,"https://doi.org/10.1080/07366298608917877, https://doi.org/10.1021/jacs.5c19738",Baosen Zhang,2026-02-10 13:34:13,Distribution Ratio,2.7,-,Temperature,25.0,C,- -,,,Comments,IDEaL,,,,
16809,6-MH-C9-B8D(iB)CMPO,0.25 M,HNO3,3 M,Tetrachloroethylene,Nd,III , ,,,,,CC(C)CCCCCP(=O)(CC(=O)N(CC(C)C)CC(C)C)c1ccccc1,-,"HNO3, 6-MH-C9-B8D(iB)CMPO, Nd, Tetrachloroethylene",,Tetrachloroethylene,,"https://doi.org/10.1080/07366298608917877, https://doi.org/10.1021/jacs.5c19738",Baosen Zhang,2026-02-10 13:34:13,Distribution Ratio,2.8,-,Temperature,25.0,C,- -,,,Comments,IDEaL,,,,
16810,6-MH-C9-B8D(iB)CMPO,0.25 M,HNO3,3 M,Tetrachloroethylene,Sm,III , ,,,,,CC(C)CCCCCP(=O)(CC(=O)N(CC(C)C)CC(C)C)c1ccccc1,-,"HNO3, 6-MH-C9-B8D(iB)CMPO, Sm, Tetrachloroethylene",,Tetrachloroethylene,,"https://doi.org/10.1080/07366298608917877, https://doi.org/10.1021/jacs.5c19738",Baosen Zhang,2026-02-10 13:34:13,Distribution Ratio,3.4,-,Temperature,25.0,C,- -,,,Comments,IDEaL,,,,
16811,6-MH-C9-B8D(iB)CMPO,0.25 M,HNO3,3 M,Tetrachloroethylene,Eu,III , ,,,,,CC(C)CCCCCP(=O)(CC(=O)N(CC(C)C)CC(C)C)c1ccccc1,-,"HNO3, 6-MH-C9-B8D(iB)CMPO, Eu, Tetrachloroethylene",,Tetrachloroethylene,,"https://doi.org/10.1080/07366298608917877, https://doi.org/10.1021/jacs.5c19738",Baosen Zhang,2026-02-10 13:34:13,Distribution Ratio,3.4,-,Temperature,25.0,C,- -,,,Comments,IDEaL,,,,
17115,2-EH-C9-B8D(iB)CMPO,0.25 M,HNO3,3 M,Tetrachloroethylene,La,III , ,,,,,CCCCC(CC)CP(=O)(CC(=O)N(CC(C)C)CC(C)C)c1ccccc1,-,"HNO3, 2-EH-C9-B8D(iB)CMPO, La, Tetrachloroethylene",,Tetrachloroethylene,,"https://doi.org/10.1080/07366298608917877, https://doi.org/10.1021/jacs.5c19738",Baosen Zhang,2026-02-10 13:36:52,Distribution Ratio,0.43,-,Temperature,25.0,C,- -,,,Comments,IDEaL,,,,
17116,2-EH-C9-B8D(iB)CMPO,0.25 M,HNO3,3 M,Tetrachloroethylene,Ce,III , ,,,,,CCCCC(CC)CP(=O)(CC(=O)N(CC(C)C)CC(C)C)c1ccccc1,-,"HNO3, 2-EH-C9-B8D(iB)CMPO, Ce, Tetrachloroethylene",,Tetrachloroethylene,,"https://doi.org/10.1080/07366298608917877, https://doi.org/10.1021/jacs.5c19738",Baosen Zhang,2026-02-10 13:36:52,Distribution Ratio,0.77,-,Temperature,25.0,C,- -,,,Comments,IDEaL,,,,
17117,2-EH-C9-B8D(iB)CMPO,0.25 M,HNO3,3 M,Tetrachloroethylene,Pr,III , ,,,,,CCCCC(CC)CP(=O)(CC(=O)N(CC(C)C)CC(C)C)c1ccccc1,-,"HNO3, 2-EH-C9-B8D(iB)CMPO, Pr, Tetrachloroethylene",,Tetrachloroethylene,,"https://doi.org/10.1080/07366298608917877, https://doi.org/10.1021/jacs.5c19738",Baosen Zhang,2026-02-10 13:36:52,Distribution Ratio,1.0,-,Temperature,25.0,C,- -,,,Comments,IDEaL,,,,
17118,2-EH-C9-B8D(iB)CMPO,0.25 M,HNO3,3 M,Tetrachloroethylene,Nd,III , ,,,,,CCCCC(CC)CP(=O)(CC(=O)N(CC(C)C)CC(C)C)c1ccccc1,-,"HNO3, 2-EH-C9-B8D(iB)CMPO, Nd, Tetrachloroethylene",,Tetrachloroethylene,,"https://doi.org/10.1080/07366298608917877, https://doi.org/10.1021/jacs.5c19738",Baosen Zhang,2026-02-10 13:36:52,Distribution Ratio,1.0,-,Temperature,25.0,C,- -,,,Comments,IDEaL,,,,
17119,2-EH-C9-B8D(iB)CMPO,0.25 M,HNO3,3 M,Tetrachloroethylene,Sm,III , ,,,,,CCCCC(CC)CP(=O)(CC(=O)N(CC(C)C)CC(C)C)c1ccccc1,-,"HNO3, 2-EH-C9-B8D(iB)CMPO, Sm, Tetrachloroethylene",,Tetrachloroethylene,,"https://doi.org/10.1080/07366298608917877, https://doi.org/10.1021/jacs.5c19738",Baosen Zhang,2026-02-10 13:36:52,Distribution Ratio,1.1,-,Temperature,25.0,C,- -,,,Comments,IDEaL,,,,
17120,2-EH-C9-B8D(iB)CMPO,0.25 M,HNO3,3 M,Tetrachloroethylene,Eu,III , ,,,,,CCCCC(CC)CP(=O)(CC(=O)N(CC(C)C)CC(C)C)c1ccccc1,-,"HNO3, 2-EH-C9-B8D(iB)CMPO, Eu, Tetrachloroethylene",,Tetrachloroethylene,,"https://doi.org/10.1080/07366298608917877, https://doi.org/10.1021/jacs.5c19738",Baosen Zhang,2026-02-10 13:36:52,Distribution Ratio,1.1,-,Temperature,25.0,C,- -,,,Comments,IDEaL,,,,
17121,6-MH-C9-B8D(iB)CMPO,0.25 M,HNO3,3 M,Tetrachloroethylene,La,III , ,,,,,CC(C)CCCCCP(=O)(CC(=O)N(CC(C)C)CC(C)C)c1ccccc1,-,"HNO3, 6-MH-C9-B8D(iB)CMPO, La, Tetrachloroethylene",,Tetrachloroethylene,,"https://doi.org/10.1080/07366298608917877, https://doi.org/10.1021/jacs.5c19738",Baosen Zhang,2026-02-10 13:36:52,Distribution Ratio,1.0,-,Temperature,25.0,C,- -,,,Comments,IDEaL,,,,
17122,6-MH-C9-B8D(iB)CMPO,0.25 M,HNO3,3 M,Tetrachloroethylene,Ce,III , ,,,,,CC(C)CCCCCP(=O)(CC(=O)N(CC(C)C)CC(C)C)c1ccccc1,-,"HNO3, 6-MH-C9-B8D(iB)CMPO, Ce, Tetrachloroethylene",,Tetrachloroethylene,,"https://doi.org/10.1080/07366298608917877, https://doi.org/10.1021/jacs.5c19738",Baosen Zhang,2026-02-10 13:36:52,Distribution Ratio,2.0,-,Temperature,25.0,C,- -,,,Comments,IDEaL,,,,
17123,6-MH-C9-B8D(iB)CMPO,0.25 M,HNO3,3 M,Tetrachloroethylene,Pr,III , ,,,,,CC(C)CCCCCP(=O)(CC(=O)N(CC(C)C)CC(C)C)c1ccccc1,-,"HNO3, 6-MH-C9-B8D(iB)CMPO, Pr, Tetrachloroethylene",,Tetrachloroethylene,,"https://doi.org/10.1080/07366298608917877, https://doi.org/10.1021/jacs.5c19738",Baosen Zhang,2026-02-10 13:36:52,Distribution Ratio,2.7,-,Temperature,25.0,C,- -,,,Comments,IDEaL,,,,
17124,6-MH-C9-B8D(iB)CMPO,0.25 M,HNO3,3 M,Tetrachloroethylene,Nd,III , ,,,,,CC(C)CCCCCP(=O)(CC(=O)N(CC(C)C)CC(C)C)c1ccccc1,-,"HNO3, 6-MH-C9-B8D(iB)CMPO, Nd, Tetrachloroethylene",,Tetrachloroethylene,,"https://doi.org/10.1080/07366298608917877, https://doi.org/10.1021/jacs.5c19738",Baosen Zhang,2026-02-10 13:36:52,Distribution Ratio,2.8,-,Temperature,25.0,C,- -,,,Comments,IDEaL,,,,
17125,6-MH-C9-B8D(iB)CMPO,0.25 M,HNO3,3 M,Tetrachloroethylene,Sm,III , ,,,,,CC(C)CCCCCP(=O)(CC(=O)N(CC(C)C)CC(C)C)c1ccccc1,-,"HNO3, 6-MH-C9-B8D(iB)CMPO, Sm, Tetrachloroethylene",,Tetrachloroethylene,,"https://doi.org/10.1080/07366298608917877, https://doi.org/10.1021/jacs.5c19738",Baosen Zhang,2026-02-10 13:36:52,Distribution Ratio,3.4,-,Temperature,25.0,C,- -,,,Comments,IDEaL,,,,
17126,6-MH-C9-B8D(iB)CMPO,0.25 M,HNO3,3 M,Tetrachloroethylene,Eu,III , ,,,,,CC(C)CCCCCP(=O)(CC(=O)N(CC(C)C)CC(C)C)c1ccccc1,-,"HNO3, 6-MH-C9-B8D(iB)CMPO, Eu, Tetrachloroethylene",,Tetrachloroethylene,,"https://doi.org/10.1080/07366298608917877, https://doi.org/10.1021/jacs.5c19738",Baosen Zhang,2026-02-10 13:36:52,Distribution Ratio,3.4,-,Temperature,25.0,C,- -,,,Comments,IDEaL,,,,
17430,2-EH-C9-B8D(iB)CMPO,0.25 M,HNO3,3 M,Tetrachloroethylene,La,III , ,,,,,CCCCC(CC)CP(=O)(CC(=O)N(CC(C)C)CC(C)C)c1ccccc1,-,"HNO3, 2-EH-C9-B8D(iB)CMPO, La, Tetrachloroethylene",,Tetrachloroethylene,,"https://doi.org/10.1080/07366298608917877, https://doi.org/10.1021/jacs.5c19738",Baosen Zhang,2026-02-10 13:37:55,Distribution Ratio,0.43,-,Temperature,25.0,C,- -,,,Comments,IDEaL,,,,
17431,2-EH-C9-B8D(iB)CMPO,0.25 M,HNO3,3 M,Tetrachloroethylene,Ce,III , ,,,,,CCCCC(CC)CP(=O)(CC(=O)N(CC(C)C)CC(C)C)c1ccccc1,-,"HNO3, 2-EH-C9-B8D(iB)CMPO, Ce, Tetrachloroethylene",,Tetrachloroethylene,,"https://doi.org/10.1080/07366298608917877, https://doi.org/10.1021/jacs.5c19738",Baosen Zhang,2026-02-10 13:37:55,Distribution Ratio,0.77,-,Temperature,25.0,C,- -,,,Comments,IDEaL,,,,
17432,2-EH-C9-B8D(iB)CMPO,0.25 M,HNO3,3 M,Tetrachloroethylene,Pr,III , ,,,,,CCCCC(CC)CP(=O)(CC(=O)N(CC(C)C)CC(C)C)c1ccccc1,-,"HNO3, 2-EH-C9-B8D(iB)CMPO, Pr, Tetrachloroethylene",,Tetrachloroethylene,,"https://doi.org/10.1080/07366298608917877, https://doi.org/10.1021/jacs.5c19738",Baosen Zhang,2026-02-10 13:37:56,Distribution Ratio,1.0,-,Temperature,25.0,C,- -,,,Comments,IDEaL,,,,
17433,2-EH-C9-B8D(iB)CMPO,0.25 M,HNO3,3 M,Tetrachloroethylene,Nd,III , ,,,,,CCCCC(CC)CP(=O)(CC(=O)N(CC(C)C)CC(C)C)c1ccccc1,-,"HNO3, 2-EH-C9-B8D(iB)CMPO, Nd, Tetrachloroethylene",,Tetrachloroethylene,,"https://doi.org/10.1080/07366298608917877, https://doi.org/10.1021/jacs.5c19738",Baosen Zhang,2026-02-10 13:37:56,Distribution Ratio,1.0,-,Temperature,25.0,C,- -,,,Comments,IDEaL,,,,
17434,2-EH-C9-B8D(iB)CMPO,0.25 M,HNO3,3 M,Tetrachloroethylene,Sm,III , ,,,,,CCCCC(CC)CP(=O)(CC(=O)N(CC(C)C)CC(C)C)c1ccccc1,-,"HNO3, 2-EH-C9-B8D(iB)CMPO, Sm, Tetrachloroethylene",,Tetrachloroethylene,,"https://doi.org/10.1080/07366298608917877, https://doi.org/10.1021/jacs.5c19738",Baosen Zhang,2026-02-10 13:37:56,Distribution Ratio,1.1,-,Temperature,25.0,C,- -,,,Comments,IDEaL,,,,
17435,2-EH-C9-B8D(iB)CMPO,0.25 M,HNO3,3 M,Tetrachloroethylene,Eu,III , ,,,,,CCCCC(CC)CP(=O)(CC(=O)N(CC(C)C)CC(C)C)c1ccccc1,-,"HNO3, 2-EH-C9-B8D(iB)CMPO, Eu, Tetrachloroethylene",,Tetrachloroethylene,,"https://doi.org/10.1080/07366298608917877, https://doi.org/10.1021/jacs.5c19738",Baosen Zhang,2026-02-10 13:37:56,Distribution Ratio,1.1,-,Temperature,25.0,C,- -,,,Comments,IDEaL,,,,
17436,6-MH-C9-B8D(iB)CMPO,0.25 M,HNO3,3 M,Tetrachloroethylene,La,III , ,,,,,CC(C)CCCCCP(=O)(CC(=O)N(CC(C)C)CC(C)C)c1ccccc1,-,"HNO3, 6-MH-C9-B8D(iB)CMPO, La, Tetrachloroethylene",,Tetrachloroethylene,,"https://doi.org/10.1080/07366298608917877, https://doi.org/10.1021/jacs.5c19738",Baosen Zhang,2026-02-10 13:37:56,Distribution Ratio,1.0,-,Temperature,25.0,C,- -,,,Comments,IDEaL,,,,
17437,6-MH-C9-B8D(iB)CMPO,0.25 M,HNO3,3 M,Tetrachloroethylene,Ce,III , ,,,,,CC(C)CCCCCP(=O)(CC(=O)N(CC(C)C)CC(C)C)c1ccccc1,-,"HNO3, 6-MH-C9-B8D(iB)CMPO, Ce, Tetrachloroethylene",,Tetrachloroethylene,,"https://doi.org/10.1080/07366298608917877, https://doi.org/10.1021/jacs.5c19738",Baosen Zhang,2026-02-10 13:37:56,Distribution Ratio,2.0,-,Temperature,25.0,C,- -,,,Comments,IDEaL,,,,
17438,6-MH-C9-B8D(iB)CMPO,0.25 M,HNO3,3 M,Tetrachloroethylene,Pr,III , ,,,,,CC(C)CCCCCP(=O)(CC(=O)N(CC(C)C)CC(C)C)c1ccccc1,-,"HNO3, 6-MH-C9-B8D(iB)CMPO, Pr, Tetrachloroethylene",,Tetrachloroethylene,,"https://doi.org/10.1080/07366298608917877, https://doi.org/10.1021/jacs.5c19738",Baosen Zhang,2026-02-10 13:37:56,Distribution Ratio,2.7,-,Temperature,25.0,C,- -,,,Comments,IDEaL,,,,
17439,6-MH-C9-B8D(iB)CMPO,0.25 M,HNO3,3 M,Tetrachloroethylene,Nd,III , ,,,,,CC(C)CCCCCP(=O)(CC(=O)N(CC(C)C)CC(C)C)c1ccccc1,-,"HNO3, 6-MH-C9-B8D(iB)CMPO, Nd, Tetrachloroethylene",,Tetrachloroethylene,,"https://doi.org/10.1080/07366298608917877, https://doi.org/10.1021/jacs.5c19738",Baosen Zhang,2026-02-10 13:37:56,Distribution Ratio,2.8,-,Temperature,25.0,C,- -,,,Comments,IDEaL,,,,
17440,6-MH-C9-B8D(iB)CMPO,0.25 M,HNO3,3 M,Tetrachloroethylene,Sm,III , ,,,,,CC(C)CCCCCP(=O)(CC(=O)N(CC(C)C)CC(C)C)c1ccccc1,-,"HNO3, 6-MH-C9-B8D(iB)CMPO, Sm, Tetrachloroethylene",,Tetrachloroethylene,,"https://doi.org/10.1080/07366298608917877, https://doi.org/10.1021/jacs.5c19738",Baosen Zhang,2026-02-10 13:37:56,Distribution Ratio,3.4,-,Temperature,25.0,C,- -,,,Comments,IDEaL,,,,
17441,6-MH-C9-B8D(iB)CMPO,0.25 M,HNO3,3 M,Tetrachloroethylene,Eu,III , ,,,,,CC(C)CCCCCP(=O)(CC(=O)N(CC(C)C)CC(C)C)c1ccccc1,-,"HNO3, 6-MH-C9-B8D(iB)CMPO, Eu, Tetrachloroethylene",,Tetrachloroethylene,,"https://doi.org/10.1080/07366298608917877, https://doi.org/10.1021/jacs.5c19738",Baosen Zhang,2026-02-10 13:37:56,Distribution Ratio,3.4,-,Temperature,25.0,C,- -,,,Comments,IDEaL,,,,
17745,2-EH-C9-B8D(iB)CMPO,0.25 M,HNO3,3 M,Tetrachloroethylene,La,III , ,,,,,CCCCC(CC)CP(=O)(CC(=O)N(CC(C)C)CC(C)C)c1ccccc1,-,"HNO3, 2-EH-C9-B8D(iB)CMPO, La, Tetrachloroethylene",,Tetrachloroethylene,,"https://doi.org/10.1080/07366298608917877, https://doi.org/10.1021/jacs.5c19738",Baosen Zhang,2026-02-10 13:39:05,Distribution Ratio,0.43,-,Temperature,25.0,C,- -,,,Comments,IDEaL,,,,
17746,2-EH-C9-B8D(iB)CMPO,0.25 M,HNO3,3 M,Tetrachloroethylene,Ce,III , ,,,,,CCCCC(CC)CP(=O)(CC(=O)N(CC(C)C)CC(C)C)c1ccccc1,-,"HNO3, 2-EH-C9-B8D(iB)CMPO, Ce, Tetrachloroethylene",,Tetrachloroethylene,,"https://doi.org/10.1080/07366298608917877, https://doi.org/10.1021/jacs.5c19738",Baosen Zhang,2026-02-10 13:39:05,Distribution Ratio,0.77,-,Temperature,25.0,C,- -,,,Comments,IDEaL,,,,
17747,2-EH-C9-B8D(iB)CMPO,0.25 M,HNO3,3 M,Tetrachloroethylene,Pr,III , ,,,,,CCCCC(CC)CP(=O)(CC(=O)N(CC(C)C)CC(C)C)c1ccccc1,-,"HNO3, 2-EH-C9-B8D(iB)CMPO, Pr, Tetrachloroethylene",,Tetrachloroethylene,,"https://doi.org/10.1080/07366298608917877, https://doi.org/10.1021/jacs.5c19738",Baosen Zhang,2026-02-10 13:39:06,Distribution Ratio,1.0,-,Temperature,25.0,C,- -,,,Comments,IDEaL,,,,
17748,2-EH-C9-B8D(iB)CMPO,0.25 M,HNO3,3 M,Tetrachloroethylene,Nd,III , ,,,,,CCCCC(CC)CP(=O)(CC(=O)N(CC(C)C)CC(C)C)c1ccccc1,-,"HNO3, 2-EH-C9-B8D(iB)CMPO, Nd, Tetrachloroethylene",,Tetrachloroethylene,,"https://doi.org/10.1080/07366298608917877, https://doi.org/10.1021/jacs.5c19738",Baosen Zhang,2026-02-10 13:39:06,Distribution Ratio,1.0,-,Temperature,25.0,C,- -,,,Comments,IDEaL,,,,
17749,2-EH-C9-B8D(iB)CMPO,0.25 M,HNO3,3 M,Tetrachloroethylene,Sm,III , ,,,,,CCCCC(CC)CP(=O)(CC(=O)N(CC(C)C)CC(C)C)c1ccccc1,-,"HNO3, 2-EH-C9-B8D(iB)CMPO, Sm, Tetrachloroethylene",,Tetrachloroethylene,,"https://doi.org/10.1080/07366298608917877, https://doi.org/10.1021/jacs.5c19738",Baosen Zhang,2026-02-10 13:39:06,Distribution Ratio,1.1,-,Temperature,25.0,C,- -,,,Comments,IDEaL,,,,
17750,2-EH-C9-B8D(iB)CMPO,0.25 M,HNO3,3 M,Tetrachloroethylene,Eu,III , ,,,,,CCCCC(CC)CP(=O)(CC(=O)N(CC(C)C)CC(C)C)c1ccccc1,-,"HNO3, 2-EH-C9-B8D(iB)CMPO, Eu, Tetrachloroethylene",,Tetrachloroethylene,,"https://doi.org/10.1080/07366298608917877, https://doi.org/10.1021/jacs.5c19738",Baosen Zhang,2026-02-10 13:39:06,Distribution Ratio,1.1,-,Temperature,25.0,C,- -,,,Comments,IDEaL,,,,
17751,6-MH-C9-B8D(iB)CMPO,0.25 M,HNO3,3 M,Tetrachloroethylene,La,III , ,,,,,CC(C)CCCCCP(=O)(CC(=O)N(CC(C)C)CC(C)C)c1ccccc1,-,"HNO3, 6-MH-C9-B8D(iB)CMPO, La, Tetrachloroethylene",,Tetrachloroethylene,,"https://doi.org/10.1080/07366298608917877, https://doi.org/10.1021/jacs.5c19738",Baosen Zhang,2026-02-10 13:39:06,Distribution Ratio,1.0,-,Temperature,25.0,C,- -,,,Comments,IDEaL,,,,
17752,6-MH-C9-B8D(iB)CMPO,0.25 M,HNO3,3 M,Tetrachloroethylene,Ce,III , ,,,,,CC(C)CCCCCP(=O)(CC(=O)N(CC(C)C)CC(C)C)c1ccccc1,-,"HNO3, 6-MH-C9-B8D(iB)CMPO, Ce, Tetrachloroethylene",,Tetrachloroethylene,,"https://doi.org/10.1080/07366298608917877, https://doi.org/10.1021/jacs.5c19738",Baosen Zhang,2026-02-10 13:39:06,Distribution Ratio,2.0,-,Temperature,25.0,C,- -,,,Comments,IDEaL,,,,
17753,6-MH-C9-B8D(iB)CMPO,0.25 M,HNO3,3 M,Tetrachloroethylene,Pr,III , ,,,,,CC(C)CCCCCP(=O)(CC(=O)N(CC(C)C)CC(C)C)c1ccccc1,-,"HNO3, 6-MH-C9-B8D(iB)CMPO, Pr, Tetrachloroethylene",,Tetrachloroethylene,,"https://doi.org/10.1080/07366298608917877, https://doi.org/10.1021/jacs.5c19738",Baosen Zhang,2026-02-10 13:39:06,Distribution Ratio,2.7,-,Temperature,25.0,C,- -,,,Comments,IDEaL,,,,
17754,6-MH-C9-B8D(iB)CMPO,0.25 M,HNO3,3 M,Tetrachloroethylene,Nd,III , ,,,,,CC(C)CCCCCP(=O)(CC(=O)N(CC(C)C)CC(C)C)c1ccccc1,-,"HNO3, 6-MH-C9-B8D(iB)CMPO, Nd, Tetrachloroethylene",,Tetrachloroethylene,,"https://doi.org/10.1080/07366298608917877, https://doi.org/10.1021/jacs.5c19738",Baosen Zhang,2026-02-10 13:39:06,Distribution Ratio,2.8,-,Temperature,25.0,C,- -,,,Comments,IDEaL,,,,
17755,6-MH-C9-B8D(iB)CMPO,0.25 M,HNO3,3 M,Tetrachloroethylene,Sm,III , ,,,,,CC(C)CCCCCP(=O)(CC(=O)N(CC(C)C)CC(C)C)c1ccccc1,-,"HNO3, 6-MH-C9-B8D(iB)CMPO, Sm, Tetrachloroethylene",,Tetrachloroethylene,,"https://doi.org/10.1080/07366298608917877, https://doi.org/10.1021/jacs.5c19738",Baosen Zhang,2026-02-10 13:39:06,Distribution Ratio,3.4,-,Temperature,25.0,C,- -,,,Comments,IDEaL,,,,
17756,6-MH-C9-B8D(iB)CMPO,0.25 M,HNO3,3 M,Tetrachloroethylene,Eu,III , ,,,,,CC(C)CCCCCP(=O)(CC(=O)N(CC(C)C)CC(C)C)c1ccccc1,-,"HNO3, 6-MH-C9-B8D(iB)CMPO, Eu, Tetrachloroethylene",,Tetrachloroethylene,,"https://doi.org/10.1080/07366298608917877, https://doi.org/10.1021/jacs.5c19738",Baosen Zhang,2026-02-10 13:39:06,Distribution Ratio,3.4,-,Temperature,25.0,C,- -,,,Comments,IDEaL,,,,
18060,2-EH-C9-B8D(iB)CMPO,0.25 M,HNO3,3 M,Tetrachloroethylene,La,III , ,,,,,CCCCC(CC)CP(=O)(CC(=O)N(CC(C)C)CC(C)C)c1ccccc1,-,"HNO3, 2-EH-C9-B8D(iB)CMPO, La, Tetrachloroethylene",,Tetrachloroethylene,,"https://doi.org/10.1080/07366298608917877, https://doi.org/10.1021/jacs.5c19738",Baosen Zhang,2026-02-10 13:51:34,Distribution Ratio,0.43,-,Temperature,25.0,C,- -,,,Comments,IDEaL,,,,
18061,2-EH-C9-B8D(iB)CMPO,0.25 M,HNO3,3 M,Tetrachloroethylene,Ce,III , ,,,,,CCCCC(CC)CP(=O)(CC(=O)N(CC(C)C)CC(C)C)c1ccccc1,-,"HNO3, 2-EH-C9-B8D(iB)CMPO, Ce, Tetrachloroethylene",,Tetrachloroethylene,,"https://doi.org/10.1080/07366298608917877, https://doi.org/10.1021/jacs.5c19738",Baosen Zhang,2026-02-10 13:51:34,Distribution Ratio,0.77,-,Temperature,25.0,C,- -,,,Comments,IDEaL,,,,
18062,2-EH-C9-B8D(iB)CMPO,0.25 M,HNO3,3 M,Tetrachloroethylene,Pr,III , ,,,,,CCCCC(CC)CP(=O)(CC(=O)N(CC(C)C)CC(C)C)c1ccccc1,-,"HNO3, 2-EH-C9-B8D(iB)CMPO, Pr, Tetrachloroethylene",,Tetrachloroethylene,,"https://doi.org/10.1080/07366298608917877, https://doi.org/10.1021/jacs.5c19738",Baosen Zhang,2026-02-10 13:51:34,Distribution Ratio,1.0,-,Temperature,25.0,C,- -,,,Comments,IDEaL,,,,
18063,2-EH-C9-B8D(iB)CMPO,0.25 M,HNO3,3 M,Tetrachloroethylene,Nd,III , ,,,,,CCCCC(CC)CP(=O)(CC(=O)N(CC(C)C)CC(C)C)c1ccccc1,-,"HNO3, 2-EH-C9-B8D(iB)CMPO, Nd, Tetrachloroethylene",,Tetrachloroethylene,,"https://doi.org/10.1080/07366298608917877, https://doi.org/10.1021/jacs.5c19738",Baosen Zhang,2026-02-10 13:51:35,Distribution Ratio,1.0,-,Temperature,25.0,C,- -,,,Comments,IDEaL,,,,
18064,2-EH-C9-B8D(iB)CMPO,0.25 M,HNO3,3 M,Tetrachloroethylene,Sm,III , ,,,,,CCCCC(CC)CP(=O)(CC(=O)N(CC(C)C)CC(C)C)c1ccccc1,-,"HNO3, 2-EH-C9-B8D(iB)CMPO, Sm, Tetrachloroethylene",,Tetrachloroethylene,,"https://doi.org/10.1080/07366298608917877, https://doi.org/10.1021/jacs.5c19738",Baosen Zhang,2026-02-10 13:51:35,Distribution Ratio,1.1,-,Temperature,25.0,C,- -,,,Comments,IDEaL,,,,
18065,2-EH-C9-B8D(iB)CMPO,0.25 M,HNO3,3 M,Tetrachloroethylene,Eu,III , ,,,,,CCCCC(CC)CP(=O)(CC(=O)N(CC(C)C)CC(C)C)c1ccccc1,-,"HNO3, 2-EH-C9-B8D(iB)CMPO, Eu, Tetrachloroethylene",,Tetrachloroethylene,,"https://doi.org/10.1080/07366298608917877, https://doi.org/10.1021/jacs.5c19738",Baosen Zhang,2026-02-10 13:51:35,Distribution Ratio,1.1,-,Temperature,25.0,C,- -,,,Comments,IDEaL,,,,
18066,6-MH-C9-B8D(iB)CMPO,0.25 M,HNO3,3 M,Tetrachloroethylene,La,III , ,,,,,CC(C)CCCCCP(=O)(CC(=O)N(CC(C)C)CC(C)C)c1ccccc1,-,"HNO3, 6-MH-C9-B8D(iB)CMPO, La, Tetrachloroethylene",,Tetrachloroethylene,,"https://doi.org/10.1080/07366298608917877, https://doi.org/10.1021/jacs.5c19738",Baosen Zhang,2026-02-10 13:51:35,Distribution Ratio,1.0,-,Temperature,25.0,C,- -,,,Comments,IDEaL,,,,
18067,6-MH-C9-B8D(iB)CMPO,0.25 M,HNO3,3 M,Tetrachloroethylene,Ce,III , ,,,,,CC(C)CCCCCP(=O)(CC(=O)N(CC(C)C)CC(C)C)c1ccccc1,-,"HNO3, 6-MH-C9-B8D(iB)CMPO, Ce, Tetrachloroethylene",,Tetrachloroethylene,,"https://doi.org/10.1080/07366298608917877, https://doi.org/10.1021/jacs.5c19738",Baosen Zhang,2026-02-10 13:51:35,Distribution Ratio,2.0,-,Temperature,25.0,C,- -,,,Comments,IDEaL,,,,
18068,6-MH-C9-B8D(iB)CMPO,0.25 M,HNO3,3 M,Tetrachloroethylene,Pr,III , ,,,,,CC(C)CCCCCP(=O)(CC(=O)N(CC(C)C)CC(C)C)c1ccccc1,-,"HNO3, 6-MH-C9-B8D(iB)CMPO, Pr, Tetrachloroethylene",,Tetrachloroethylene,,"https://doi.org/10.1080/07366298608917877, https://doi.org/10.1021/jacs.5c19738",Baosen Zhang,2026-02-10 13:51:35,Distribution Ratio,2.7,-,Temperature,25.0,C,- -,,,Comments,IDEaL,,,,
18069,6-MH-C9-B8D(iB)CMPO,0.25 M,HNO3,3 M,Tetrachloroethylene,Nd,III , ,,,,,CC(C)CCCCCP(=O)(CC(=O)N(CC(C)C)CC(C)C)c1ccccc1,-,"HNO3, 6-MH-C9-B8D(iB)CMPO, Nd, Tetrachloroethylene",,Tetrachloroethylene,,"https://doi.org/10.1080/07366298608917877, https://doi.org/10.1021/jacs.5c19738",Baosen Zhang,2026-02-10 13:51:35,Distribution Ratio,2.8,-,Temperature,25.0,C,- -,,,Comments,IDEaL,,,,
18070,6-MH-C9-B8D(iB)CMPO,0.25 M,HNO3,3 M,Tetrachloroethylene,Sm,III , ,,,,,CC(C)CCCCCP(=O)(CC(=O)N(CC(C)C)CC(C)C)c1ccccc1,-,"HNO3, 6-MH-C9-B8D(iB)CMPO, Sm, Tetrachloroethylene",,Tetrachloroethylene,,"https://doi.org/10.1080/07366298608917877, https://doi.org/10.1021/jacs.5c19738",Baosen Zhang,2026-02-10 13:51:35,Distribution Ratio,3.4,-,Temperature,25.0,C,- -,,,Comments,IDEaL,,,,
18071,6-MH-C9-B8D(iB)CMPO,0.25 M,HNO3,3 M,Tetrachloroethylene,Eu,III , ,,,,,CC(C)CCCCCP(=O)(CC(=O)N(CC(C)C)CC(C)C)c1ccccc1,-,"HNO3, 6-MH-C9-B8D(iB)CMPO, Eu, Tetrachloroethylene",,Tetrachloroethylene,,"https://doi.org/10.1080/07366298608917877, https://doi.org/10.1021/jacs.5c19738",Baosen Zhang,2026-02-10 13:51:35,Distribution Ratio,3.4,-,Temperature,25.0,C,- -,,,Comments,IDEaL,,,,
