exp_id,Extractant_Name,Extractant_Concentration_M,Acid_Name,Acid_Concentration_M,Solvent_Name,Metal_Name,Metal_Oxidation_state,Metal_Concentration_mM,Phase_Modifier_Name,Phase_Modifier_Concentration_M,Holdback_Agent_Name,Holdback_Agent_Concentration_M,Extractant_SMILES,Extractant_inchi,ini_comp,Acid_Concentration_Organic_M,f_Solvent_Name,f_Metal_Concentration_mM,DOI,entry_author,addition_date,obsDvalues,obsDvaluesValue,obsTotalEnergiesUnit,obsTemp,obsTempsValue,obsTempUnit,Contact_Time_min,Shaking_Time_min,Radiolytic_Dosage_kGy,comments_obsType,comments_description,volType,volValue,thirdType,thirdValue
1303,TBP,1.83731 M,HNO3,4 M,paraffin,,,,ndecanol,2.09 M,,,-,-,"HNO3, TBP, ndecanol, paraffin",,paraffin,,DOI: 10.1080/01496395.2014.959133,Aurora Clark,2024-12-16 21:36:10,,,,Temperature,30.0,C,- -,,,Comments,fig2 paraffin is not ndodecane nan extraction:nan,,,,
1304,TBP,1.83069 M,HNO3,8 M,paraffin,,,,ndecanol,2.09 M,,,-,-,"HNO3, TBP, ndecanol, paraffin",,paraffin,,DOI: 10.1080/01496395.2014.959133,Aurora Clark,2024-12-16 21:36:10,,,,Temperature,30.0,C,- -,,,Comments,fig2 paraffin is not ndodecane nan extraction:nan,,,,
1305,TBP,1.10039 M,HNO3,8 M,paraffin,,,,ndecanol,2.09 M,,,-,-,"HNO3, TBP, ndecanol, paraffin",,paraffin,,DOI: 10.1080/01496395.2014.959133,Aurora Clark,2024-12-16 21:36:10,,,,Temperature,30.0,C,- -,,,Comments,fig2 paraffin is not ndodecane nan extraction:nan,,,,
1306,TBP,0.734427 M,HNO3,8 M,paraffin,,,,ndecanol,2.09 M,,,-,-,"HNO3, TBP, ndecanol, paraffin",,paraffin,,DOI: 10.1080/01496395.2014.959133,Aurora Clark,2024-12-16 21:36:10,,,,Temperature,30.0,C,- -,,,Comments,fig2 paraffin is not ndodecane nan extraction:nan,,,,
1307,TBP,0.367216 M,HNO3,8 M,paraffin,,,,ndecanol,2.09 M,,,-,-,"HNO3, TBP, ndecanol, paraffin",,paraffin,,DOI: 10.1080/01496395.2014.959133,Aurora Clark,2024-12-16 21:36:10,,,,Temperature,30.0,C,- -,,,Comments,fig2 paraffin is not ndodecane nan extraction:nan,,,,
1308,TBP,0.183278 M,HNO3,8 M,paraffin,,,,ndecanol,2.09 M,,,-,-,"HNO3, TBP, ndecanol, paraffin",,paraffin,,DOI: 10.1080/01496395.2014.959133,Aurora Clark,2024-12-16 21:36:10,,,,Temperature,30.0,C,- -,,,Comments,fig2 paraffin is not ndodecane nan extraction:nan,,,,
1309,TBP,1.46355 M,HNO3,4 M,paraffin,,,,ndecanol,2.09 M,,,-,-,"HNO3, TBP, ndecanol, paraffin",,paraffin,,DOI: 10.1080/01496395.2014.959133,Aurora Clark,2024-12-16 21:36:10,,,,Temperature,30.0,C,- -,,,Comments,fig2 paraffin is not ndodecane nan extraction:nan,,,,
1310,TBP,0.731781 M,HNO3,4 M,paraffin,,,,ndecanol,2.09 M,,,-,-,"HNO3, TBP, ndecanol, paraffin",,paraffin,,DOI: 10.1080/01496395.2014.959133,Aurora Clark,2024-12-16 21:36:10,,,,Temperature,30.0,C,- -,,,Comments,fig2 paraffin is not ndodecane nan extraction:nan,,,,
1311,TBP,1.10437 M,HNO3,4 M,paraffin,,,,ndecanol,2.09 M,,,-,-,"HNO3, TBP, ndecanol, paraffin",,paraffin,,DOI: 10.1080/01496395.2014.959133,Aurora Clark,2024-12-16 21:36:10,,,,Temperature,30.0,C,- -,,,Comments,fig2 paraffin is not ndodecane nan extraction:nan,,,,
1312,TBP,0.367216 M,HNO3,4 M,paraffin,,,,ndecanol,2.09 M,,,-,-,"HNO3, TBP, ndecanol, paraffin",,paraffin,,DOI: 10.1080/01496395.2014.959133,Aurora Clark,2024-12-16 21:36:11,,,,Temperature,30.0,C,- -,,,Comments,fig2 paraffin is not ndodecane nan extraction:nan,,,,
1313,TBP,0.183609 M,HNO3,4 M,paraffin,,,,ndecanol,2.09 M,,,-,-,"HNO3, TBP, ndecanol, paraffin",,paraffin,,DOI: 10.1080/01496395.2014.959133,Aurora Clark,2024-12-16 21:36:11,,,,Temperature,30.0,C,- -,,,Comments,fig2 paraffin is not ndodecane nan extraction:nan,,,,
2119,TBP,0.184273 M,Hcl,4 M,paraffin,,,,ndecanol,2.09 M,,,-,-,"Hcl, TBP, ndecanol, paraffin",,paraffin,,DOI: 10.1080/01496395.2014.959133,Aurora Clark,2024-12-16 21:37:12,,,,Temperature,30.0,C,- -,,,Comments,fig2 paraffin is not ndodecane nan extraction:nan,,,,
2120,TBP,0.367216 M,Hcl,4 M,paraffin,,,,ndecanol,2.09 M,,,-,-,"Hcl, TBP, ndecanol, paraffin",,paraffin,,DOI: 10.1080/01496395.2014.959133,Aurora Clark,2024-12-16 21:37:12,,,,Temperature,30.0,C,- -,,,Comments,fig2 paraffin is not ndodecane nan extraction:nan,,,,
2121,TBP,1.46885 M,Hcl,4 M,paraffin,,,,ndecanol,2.09 M,,,-,-,"Hcl, TBP, ndecanol, paraffin",,paraffin,,DOI: 10.1080/01496395.2014.959133,Aurora Clark,2024-12-16 21:37:12,,,,Temperature,30.0,C,- -,,,Comments,fig2 paraffin is not ndodecane nan extraction:nan,,,,
2122,TBP,0.182948 M,Hcl,8 M,paraffin,,,,ndecanol,2.09 M,,,-,-,"Hcl, TBP, ndecanol, paraffin",,paraffin,,DOI: 10.1080/01496395.2014.959133,Aurora Clark,2024-12-16 21:37:12,,,,Temperature,30.0,C,- -,,,Comments,fig2 paraffin is not ndodecane nan extraction:nan,,,,
2123,TBP,1.83731 M,Hcl,4 M,paraffin,,,,ndecanol,2.09 M,,,-,-,"Hcl, TBP, ndecanol, paraffin",,paraffin,,DOI: 10.1080/01496395.2014.959133,Aurora Clark,2024-12-16 21:37:12,,,,Temperature,30.0,C,- -,,,Comments,fig2 paraffin is not ndodecane nan extraction:nan,,,,
2124,TBP,0.734427 M,Hcl,4 M,paraffin,,,,ndecanol,2.09 M,,,-,-,"Hcl, TBP, ndecanol, paraffin",,paraffin,,DOI: 10.1080/01496395.2014.959133,Aurora Clark,2024-12-16 21:37:12,,,,Temperature,30.0,C,- -,,,Comments,fig2 paraffin is not ndodecane nan extraction:nan,,,,
2125,TBP,0.365893 M,Hcl,8 M,paraffin,,,,ndecanol,2.09 M,,,-,-,"Hcl, TBP, ndecanol, paraffin",,paraffin,,DOI: 10.1080/01496395.2014.959133,Aurora Clark,2024-12-16 21:37:12,,,,Temperature,30.0,C,- -,,,Comments,fig2 paraffin is not ndodecane nan extraction:nan,,,,
2126,TBP,1.83069 M,Hcl,8 M,paraffin,,,,ndecanol,2.09 M,,,-,-,"Hcl, TBP, ndecanol, paraffin",,paraffin,,DOI: 10.1080/01496395.2014.959133,Aurora Clark,2024-12-16 21:37:12,,,,Temperature,30.0,C,- -,,,Comments,fig2 paraffin is not ndodecane nan extraction:nan,,,,
2127,TBP,0.731781 M,Hcl,8 M,paraffin,,,,ndecanol,2.09 M,,,-,-,"Hcl, TBP, ndecanol, paraffin",,paraffin,,DOI: 10.1080/01496395.2014.959133,Aurora Clark,2024-12-16 21:37:12,,,,Temperature,30.0,C,- -,,,Comments,fig2 paraffin is not ndodecane nan extraction:nan,,,,
2128,TBP,0.548218 M,Hcl,8 M,paraffin,,,,ndecanol,2.09 M,,,-,-,"Hcl, TBP, ndecanol, paraffin",,paraffin,,DOI: 10.1080/01496395.2014.959133,Aurora Clark,2024-12-16 21:37:12,,,,Temperature,30.0,C,- -,,,Comments,fig2 paraffin is not ndodecane nan extraction:nan,,,,
2129,TBP,1.10039 M,Hcl,4 M,paraffin,,,,ndecanol,2.09 M,,,-,-,"Hcl, TBP, ndecanol, paraffin",,paraffin,,DOI: 10.1080/01496395.2014.959133,Aurora Clark,2024-12-16 21:37:12,,,,Temperature,30.0,C,- -,,,Comments,fig2 paraffin is not ndodecane nan extraction:nan,,,,
2130,TBP,1.10437 M,Hcl,8 M,paraffin,,,,ndecanol,2.09 M,,,-,-,"Hcl, TBP, ndecanol, paraffin",,paraffin,,DOI: 10.1080/01496395.2014.959133,Aurora Clark,2024-12-16 21:37:12,,,,Temperature,30.0,C,- -,,,Comments,fig2 paraffin is not ndodecane nan extraction:nan,,,,
2143,TBP,1.83731 M,H2SO4,4 M,paraffin,,,,ndecanol,2.09 M,,,-,-,"H2SO4, TBP, ndecanol, paraffin",,paraffin,,DOI: 10.1080/01496395.2014.959133,Aurora Clark,2024-12-16 21:37:13,,,,Temperature,30.0,C,- -,,,Comments,fig2 paraffin is not ndodecane nan extraction:nan,,,,
2144,TBP,1.09643 M,H2SO4,4 M,paraffin,,,,ndecanol,2.09 M,,,-,-,"H2SO4, TBP, ndecanol, paraffin",,paraffin,,DOI: 10.1080/01496395.2014.959133,Aurora Clark,2024-12-16 21:37:13,,,,Temperature,30.0,C,- -,,,Comments,fig2 paraffin is not ndodecane nan extraction:nan,,,,
2145,TBP,0.737083 M,H2SO4,4 M,paraffin,,,,ndecanol,2.09 M,,,-,-,"H2SO4, TBP, ndecanol, paraffin",,paraffin,,DOI: 10.1080/01496395.2014.959133,Aurora Clark,2024-12-16 21:37:13,,,,Temperature,30.0,C,- -,,,Comments,fig2 paraffin is not ndodecane nan extraction:nan,,,,
2146,TBP,0.368544 M,H2SO4,4 M,paraffin,,,,ndecanol,2.09 M,,,-,-,"H2SO4, TBP, ndecanol, paraffin",,paraffin,,DOI: 10.1080/01496395.2014.959133,Aurora Clark,2024-12-16 21:37:13,,,,Temperature,30.0,C,- -,,,Comments,fig2 paraffin is not ndodecane nan extraction:nan,,,,
2147,TBP,0.183609 M,H2SO4,4 M,paraffin,,,,ndecanol,2.09 M,,,-,-,"H2SO4, TBP, ndecanol, paraffin",,paraffin,,DOI: 10.1080/01496395.2014.959133,Aurora Clark,2024-12-16 21:37:13,,,,Temperature,30.0,C,- -,,,Comments,fig2 paraffin is not ndodecane nan extraction:nan,,,,
3187,TODGA,0.14 M,HNO3,3 M,n-Dodecane,In,III , ,,,,,CCCCCCCCN(CCCCCCCC)C(=O)COCC(=O)N(CCCCCCCC)CCCCCCCC,-,"HNO3, TODGA, In, n-Dodecane",,n-Dodecane,,https://doi.org/10.15261/serdj.26.21,Aurora Clark,2024-12-16 21:52:22,Distribution Ratio,3.6717,-,Temperature,25.0,C,- -,30.0 min,,Comments,fig2e nan nan extraction:nan,,,,
3188,TODGA,0.2026 M,HNO3,3 M,n-Dodecane,In,III , ,,,,,CCCCCCCCN(CCCCCCCC)C(=O)COCC(=O)N(CCCCCCCC)CCCCCCCC,-,"HNO3, TODGA, In, n-Dodecane",,n-Dodecane,,https://doi.org/10.15261/serdj.26.21,Aurora Clark,2024-12-16 21:52:22,Distribution Ratio,8.4905,-,Temperature,25.0,C,- -,30.0 min,,Comments,fig2e nan nan extraction:nan,,,,
3198,TODGA,0.019 M,HNO3,3 M,n-Dodecane,In,III , ,,,,,CCCCCCCCN(CCCCCCCC)C(=O)COCC(=O)N(CCCCCCCC)CCCCCCCC,-,"HNO3, TODGA, In, n-Dodecane",,n-Dodecane,,https://doi.org/10.15261/serdj.26.21,Aurora Clark,2024-12-16 21:52:23,Distribution Ratio,0.0114,-,Temperature,25.0,C,- -,30.0 min,,Comments,fig2e nan nan extraction:nan,,,,
3199,TODGA,0.0466 M,HNO3,3 M,n-Dodecane,In,III , ,,,,,CCCCCCCCN(CCCCCCCC)C(=O)COCC(=O)N(CCCCCCCC)CCCCCCCC,-,"HNO3, TODGA, In, n-Dodecane",,n-Dodecane,,https://doi.org/10.15261/serdj.26.21,Aurora Clark,2024-12-16 21:52:23,Distribution Ratio,0.1,-,Temperature,25.0,C,- -,30.0 min,,Comments,fig2e nan nan extraction:nan,,,,
3200,TODGA,0.0908 M,HNO3,3 M,n-Dodecane,In,III , ,,,,,CCCCCCCCN(CCCCCCCC)C(=O)COCC(=O)N(CCCCCCCC)CCCCCCCC,-,"HNO3, TODGA, In, n-Dodecane",,n-Dodecane,,https://doi.org/10.15261/serdj.26.21,Aurora Clark,2024-12-16 21:52:23,Distribution Ratio,0.981,-,Temperature,25.0,C,- -,30.0 min,,Comments,fig2e nan nan extraction:nan,,,,
4680,DEHiBA,1 M,HNO3,0.01 M,n-Dodecane,U,VI ,200 mM,,,,,CCCCC(CC)CN(CC(CC)CCCC)C(=O)C(C)C,-,"HNO3, DEHiBA, LiNO3, U, Nitrate, n-Dodecane",,n-Dodecane,,"https://doi.org/10.1021/acssuschemeng.4c06166x, https://doi.org/10.1080/00268976.2014.902139",Logan Augustine,2024-12-19 17:05:10,Distribution Ratio,7.88,-,Temperature,15.0,C,- -,,,Comments,"The HNO3 concentration is placed as 3 M, but this was the total NO3 concentration in solution. Sometimes they had 1 M HNO3, but added in additional LiNO3 to get to 3 M NO3 concentration. Total nitrate seems to be important, but just the acid concentration, so kept as 3.0 M ",,,,
4681,DEHiBA,1 M,HNO3,0.01 M,n-Dodecane,U,VI ,200 mM,,,,,CCCCC(CC)CN(CC(CC)CCCC)C(=O)C(C)C,-,"HNO3, DEHiBA, LiNO3, U, Nitrate, n-Dodecane",,n-Dodecane,,"https://doi.org/10.1021/acssuschemeng.4c06166x, https://doi.org/10.1080/00268976.2014.902139",Logan Augustine,2024-12-19 17:05:11,Distribution Ratio,6.49,-,Temperature,20.0,C,- -,,,Comments,"The HNO3 concentration is placed as 3 M, but this was the total NO3 concentration in solution. Sometimes they had 1 M HNO3, but added in additional LiNO3 to get to 3 M NO3 concentration. Total nitrate seems to be important, but just the acid concentration, so kept as 3.0 M ",,,,
4682,DEHiBA,1 M,HNO3,0.01 M,n-Dodecane,U,VI ,200 mM,,,,,CCCCC(CC)CN(CC(CC)CCCC)C(=O)C(C)C,-,"HNO3, DEHiBA, LiNO3, U, Nitrate, n-Dodecane",,n-Dodecane,,"https://doi.org/10.1021/acssuschemeng.4c06166x, https://doi.org/10.1080/00268976.2014.902139",Logan Augustine,2024-12-19 17:05:11,Distribution Ratio,5.63,-,Temperature,25.0,C,- -,,,Comments,"The HNO3 concentration is placed as 3 M, but this was the total NO3 concentration in solution. Sometimes they had 1 M HNO3, but added in additional LiNO3 to get to 3 M NO3 concentration. Total nitrate seems to be important, but just the acid concentration, so kept as 3.0 M ",,,,
4683,DEHiBA,1 M,HNO3,0.01 M,n-Dodecane,U,VI ,200 mM,,,,,CCCCC(CC)CN(CC(CC)CCCC)C(=O)C(C)C,-,"HNO3, DEHiBA, LiNO3, U, Nitrate, n-Dodecane",,n-Dodecane,,"https://doi.org/10.1021/acssuschemeng.4c06166x, https://doi.org/10.1080/00268976.2014.902139",Logan Augustine,2024-12-19 17:05:11,Distribution Ratio,3.25,-,Temperature,45.0,C,- -,,,Comments,"The HNO3 concentration is placed as 3 M, but this was the total NO3 concentration in solution. Sometimes they had 1 M HNO3, but added in additional LiNO3 to get to 3 M NO3 concentration. Total nitrate seems to be important, but just the acid concentration, so kept as 3.0 M ",,,,
5023,DEHBA,0.98 M,HNO3,0.01 M,TPH,U,VI ,0.74426 mM,,,,,CCCCC(CC)CN(CC(CC)CCCC)C(=O)CCC,-,"HNO3, DEHBA, LiNO3, U, Nitrate, TPH",,TPH,,"https://doi.org/10.1021/acssuschemeng.4c06166x, https://doi.org/10.1080/07366299208918093",Logan Augustine,2024-12-19 17:05:27,Distribution Ratio,0.99,-,,,,10.0 min,,,Comments,HNO3 concentration number is actually LiNO3 concentration,Volume Ratio,1.0,,
5024,DEHBA,0.98 M,HNO3,0.01 M,TPH,U,VI ,2.3256 mM,,,,,CCCCC(CC)CN(CC(CC)CCCC)C(=O)CCC,-,"HNO3, DEHBA, LiNO3, U, Nitrate, TPH",,TPH,,"https://doi.org/10.1021/acssuschemeng.4c06166x, https://doi.org/10.1080/07366299208918093",Logan Augustine,2024-12-19 17:05:29,Distribution Ratio,1.04,-,,,,10.0 min,,,Comments,HNO3 concentration number is actually LiNO3 concentration,Volume Ratio,1.0,,
5025,DEHBA,0.98 M,HNO3,0.01 M,TPH,U,VI ,4.4352 mM,,,,,CCCCC(CC)CN(CC(CC)CCCC)C(=O)CCC,-,"HNO3, DEHBA, LiNO3, U, Nitrate, TPH",,TPH,,"https://doi.org/10.1021/acssuschemeng.4c06166x, https://doi.org/10.1080/07366299208918093",Logan Augustine,2024-12-19 17:05:29,Distribution Ratio,0.98,-,,,,10.0 min,,,Comments,HNO3 concentration number is actually LiNO3 concentration,Volume Ratio,1.0,,
5027,DEHBA,0.98 M,HNO3,0.01 M,TPH,U,VI ,7.2373 mM,,,,,CCCCC(CC)CN(CC(CC)CCCC)C(=O)CCC,-,"HNO3, DEHBA, LiNO3, U, Nitrate, TPH",,TPH,,"https://doi.org/10.1021/acssuschemeng.4c06166x, https://doi.org/10.1080/07366299208918093",Logan Augustine,2024-12-19 17:05:29,Distribution Ratio,1.11,-,,,,10.0 min,,,Comments,HNO3 concentration number is actually LiNO3 concentration,Volume Ratio,1.0,,
5029,DEHBA,0.98 M,HNO3,0.01 M,TPH,U,VI ,9.3518 mM,,,,,CCCCC(CC)CN(CC(CC)CCCC)C(=O)CCC,-,"HNO3, DEHBA, LiNO3, U, Nitrate, TPH",,TPH,,"https://doi.org/10.1021/acssuschemeng.4c06166x, https://doi.org/10.1080/07366299208918093",Logan Augustine,2024-12-19 17:05:29,Distribution Ratio,1.14,-,,,,10.0 min,,,Comments,HNO3 concentration number is actually LiNO3 concentration,Volume Ratio,1.0,,
5035,DEHBA,0.987 M,HNO3,0.01 M,TPH,Th,IV ,1.024 mM,,,,,CCCCC(CC)CN(CC(CC)CCCC)C(=O)CCC,-,"HNO3, DEHBA, LiNO3, Th, Nitrate, TPH",,TPH,,"https://doi.org/10.1021/acssuschemeng.4c06166x, https://doi.org/10.1080/07366299208918093",Logan Augustine,2024-12-19 17:05:29,Distribution Ratio,5.4,-,,,,10.0 min,,,Comments,Total nitrate concentration in solution (LiNO3 and HNO3) is used here,Volume Ratio,1.0,,
5037,DEHBA,0.987 M,HNO3,0.01 M,TPH,Th,IV ,2.233 mM,,,,,CCCCC(CC)CN(CC(CC)CCCC)C(=O)CCC,-,"HNO3, DEHBA, LiNO3, Th, Nitrate, TPH",,TPH,,"https://doi.org/10.1021/acssuschemeng.4c06166x, https://doi.org/10.1080/07366299208918093",Logan Augustine,2024-12-19 17:05:29,Distribution Ratio,6.7,-,,,,10.0 min,,,Comments,Total nitrate concentration in solution (LiNO3 and HNO3) is used here,Volume Ratio,1.0,,
5039,DEHBA,0.987 M,HNO3,0.01 M,TPH,Th,IV ,4.234 mM,,,,,CCCCC(CC)CN(CC(CC)CCCC)C(=O)CCC,-,"HNO3, DEHBA, LiNO3, Th, Nitrate, TPH",,TPH,,"https://doi.org/10.1021/acssuschemeng.4c06166x, https://doi.org/10.1080/07366299208918093",Logan Augustine,2024-12-19 17:05:29,Distribution Ratio,6.3,-,,,,10.0 min,,,Comments,Total nitrate concentration in solution (LiNO3 and HNO3) is used here,Volume Ratio,1.0,,
5041,DEHBA,0.987 M,HNO3,0.01 M,TPH,Th,IV ,7.4 mM,,,,,CCCCC(CC)CN(CC(CC)CCCC)C(=O)CCC,-,"HNO3, DEHBA, LiNO3, Th, Nitrate, TPH",,TPH,,"https://doi.org/10.1021/acssuschemeng.4c06166x, https://doi.org/10.1080/07366299208918093",Logan Augustine,2024-12-19 17:05:29,Distribution Ratio,6.4,-,,,,10.0 min,,,Comments,Total nitrate concentration in solution (LiNO3 and HNO3) is used here,Volume Ratio,1.0,,
5043,DEHBA,0.987 M,HNO3,0.01 M,TPH,Th,IV ,10.14 mM,,,,,CCCCC(CC)CN(CC(CC)CCCC)C(=O)CCC,-,"HNO3, DEHBA, LiNO3, Th, Nitrate, TPH",,TPH,,"https://doi.org/10.1021/acssuschemeng.4c06166x, https://doi.org/10.1080/07366299208918093",Logan Augustine,2024-12-19 17:05:29,Distribution Ratio,6.8,-,,,,10.0 min,,,Comments,Total nitrate concentration in solution (LiNO3 and HNO3) is used here,Volume Ratio,1.0,,
5045,DEHBA,0.0119717 M,HNO3,0.01 M,TPH,U,VI ,50 mM,,,,,CCCCC(CC)CN(CC(CC)CCCC)C(=O)CCC,-,"HNO3, DEHBA, LiNO3, U, Nitrate, TPH",,TPH,,"https://doi.org/10.1021/acssuschemeng.4c06166x, https://doi.org/10.1080/07366299208918093",Logan Augustine,2024-12-19 17:05:29,Distribution Ratio,0.0164000104537512,-,,,,10.0 min,,,Comments,"Initial U(VI) concentation listed as <50 mM, LiNO3 concentration = 4 M",Volume Ratio,1.0,,
5046,DEHBA,0.0199393 M,HNO3,0.01 M,TPH,U,VI ,50 mM,,,,,CCCCC(CC)CN(CC(CC)CCCC)C(=O)CCC,-,"HNO3, DEHBA, LiNO3, U, Nitrate, TPH",,TPH,,"https://doi.org/10.1021/acssuschemeng.4c06166x, https://doi.org/10.1080/07366299208918093",Logan Augustine,2024-12-19 17:05:30,Distribution Ratio,0.0526550608871736,-,,,,10.0 min,,,Comments,"Initial U(VI) concentation listed as <50 mM, LiNO3 concentration = 4 M",Volume Ratio,1.0,,
5048,DEHBA,0.0350256 M,HNO3,0.01 M,TPH,U,VI ,50 mM,,,,,CCCCC(CC)CN(CC(CC)CCCC)C(=O)CCC,-,"HNO3, DEHBA, LiNO3, U, Nitrate, TPH",,TPH,,"https://doi.org/10.1021/acssuschemeng.4c06166x, https://doi.org/10.1080/07366299208918093",Logan Augustine,2024-12-19 17:05:30,Distribution Ratio,0.16909263820124,-,,,,10.0 min,,,Comments,"Initial U(VI) concentation listed as <50 mM, LiNO3 concentration = 4 M",Volume Ratio,1.0,,
5050,DEHBA,0.0489404 M,HNO3,0.01 M,TPH,U,VI ,50 mM,,,,,CCCCC(CC)CN(CC(CC)CCCC)C(=O)CCC,-,"HNO3, DEHBA, LiNO3, U, Nitrate, TPH",,TPH,,"https://doi.org/10.1021/acssuschemeng.4c06166x, https://doi.org/10.1080/07366299208918093",Logan Augustine,2024-12-19 17:05:30,Distribution Ratio,0.336923970139432,-,,,,10.0 min,,,Comments,"Initial U(VI) concentation listed as <50 mM, LiNO3 concentration = 4 M",Volume Ratio,1.0,,
5052,DEHBA,0.0637623 M,HNO3,0.01 M,TPH,U,VI ,50 mM,,,,,CCCCC(CC)CN(CC(CC)CCCC)C(=O)CCC,-,"HNO3, DEHBA, LiNO3, U, Nitrate, TPH",,TPH,,"https://doi.org/10.1021/acssuschemeng.4c06166x, https://doi.org/10.1080/07366299208918093",Logan Augustine,2024-12-19 17:05:31,Distribution Ratio,0.515086505491048,-,,,,10.0 min,,,Comments,"Initial U(VI) concentation listed as <50 mM, LiNO3 concentration = 4 M",Volume Ratio,1.0,,
5054,DEHBA,0.0860862 M,HNO3,0.01 M,TPH,U,VI ,50 mM,,,,,CCCCC(CC)CN(CC(CC)CCCC)C(=O)CCC,-,"HNO3, DEHBA, LiNO3, U, Nitrate, TPH",,TPH,,"https://doi.org/10.1021/acssuschemeng.4c06166x, https://doi.org/10.1080/07366299208918093",Logan Augustine,2024-12-19 17:05:31,Distribution Ratio,0.760259836876593,-,,,,10.0 min,,,Comments,"Initial U(VI) concentation listed as <50 mM, LiNO3 concentration = 4 M",Volume Ratio,1.0,,
5056,DEHBA,0.0922683 M,HNO3,0.01 M,TPH,U,VI ,50 mM,,,,,CCCCC(CC)CN(CC(CC)CCCC)C(=O)CCC,-,"HNO3, DEHBA, LiNO3, U, Nitrate, TPH",,TPH,,"https://doi.org/10.1021/acssuschemeng.4c06166x, https://doi.org/10.1080/07366299208918093",Logan Augustine,2024-12-19 17:05:31,Distribution Ratio,1.1614098205414,-,,,,10.0 min,,,Comments,"Initial U(VI) concentation listed as <50 mM, LiNO3 concentration = 4 M",Volume Ratio,1.0,,
5057,DEHBA,0.129038 M,HNO3,0.01 M,TPH,U,VI ,50 mM,,,,,CCCCC(CC)CN(CC(CC)CCCC)C(=O)CCC,-,"HNO3, DEHBA, LiNO3, U, Nitrate, TPH",,TPH,,"https://doi.org/10.1021/acssuschemeng.4c06166x, https://doi.org/10.1080/07366299208918093",Logan Augustine,2024-12-19 17:05:32,Distribution Ratio,1.83982838958072,-,,,,10.0 min,,,Comments,"Initial U(VI) concentation listed as <50 mM, LiNO3 concentration = 4 M",Volume Ratio,1.0,,
5061,DEHiBA,0.00581296 M,HNO3,0.01 M,TPH,U,VI ,50 mM,,,,,CCCCC(CC)CN(CC(CC)CCCC)C(=O)C(C)C,-,"HNO3, DEHiBA, LiNO3, U, Nitrate, TPH",,TPH,,"https://doi.org/10.1021/acssuschemeng.4c06166x, https://doi.org/10.1080/07366299208918093",Logan Augustine,2024-12-19 17:05:32,Distribution Ratio,0.0431616386862831,-,,,,10.0 min,,,Comments,"Initial U(VI) concentation listed as <50 mM, LiNO3 concentration = 4 M",Volume Ratio,1.0,,
5062,DEHiBA,0.00693135 M,HNO3,0.01 M,TPH,U,VI ,50 mM,,,,,CCCCC(CC)CN(CC(CC)CCCC)C(=O)C(C)C,-,"HNO3, DEHiBA, LiNO3, U, Nitrate, TPH",,TPH,,"https://doi.org/10.1021/acssuschemeng.4c06166x, https://doi.org/10.1080/07366299208918093",Logan Augustine,2024-12-19 17:05:32,Distribution Ratio,0.0636756078235798,-,,,,10.0 min,,,Comments,"Initial U(VI) concentation listed as <50 mM, LiNO3 concentration = 4 M",Volume Ratio,1.0,,
5064,DEHiBA,0.0106718 M,HNO3,0.01 M,TPH,U,VI ,50 mM,,,,,CCCCC(CC)CN(CC(CC)CCCC)C(=O)C(C)C,-,"HNO3, DEHiBA, LiNO3, U, Nitrate, TPH",,TPH,,"https://doi.org/10.1021/acssuschemeng.4c06166x, https://doi.org/10.1080/07366299208918093",Logan Augustine,2024-12-19 17:05:32,Distribution Ratio,0.147460551913873,-,,,,10.0 min,,,Comments,"Initial U(VI) concentation listed as <50 mM, LiNO3 concentration = 4 M",Volume Ratio,1.0,,
5066,DEHiBA,0.0157107 M,HNO3,0.01 M,TPH,U,VI ,50 mM,,,,,CCCCC(CC)CN(CC(CC)CCCC)C(=O)C(C)C,-,"HNO3, DEHiBA, LiNO3, U, Nitrate, TPH",,TPH,,"https://doi.org/10.1021/acssuschemeng.4c06166x, https://doi.org/10.1080/07366299208918093",Logan Augustine,2024-12-19 17:05:32,Distribution Ratio,0.382923908021173,-,,,,10.0 min,,,Comments,"Initial U(VI) concentation listed as <50 mM, LiNO3 concentration = 4 M",Volume Ratio,1.0,,
5068,DEHiBA,0.0239931 M,HNO3,0.01 M,TPH,U,VI ,50 mM,,,,,CCCCC(CC)CN(CC(CC)CCCC)C(=O)C(C)C,-,"HNO3, DEHiBA, LiNO3, U, Nitrate, TPH",,TPH,,"https://doi.org/10.1021/acssuschemeng.4c06166x, https://doi.org/10.1080/07366299208918093",Logan Augustine,2024-12-19 17:05:32,Distribution Ratio,0.730315521237866,-,,,,10.0 min,,,Comments,"Initial U(VI) concentation listed as <50 mM, LiNO3 concentration = 4 M",Volume Ratio,1.0,,
5070,DEHiBA,0.0283316 M,HNO3,0.01 M,TPH,U,VI ,50 mM,,,,,CCCCC(CC)CN(CC(CC)CCCC)C(=O)C(C)C,-,"HNO3, DEHiBA, LiNO3, U, Nitrate, TPH",,TPH,,"https://doi.org/10.1021/acssuschemeng.4c06166x, https://doi.org/10.1080/07366299208918093",Logan Augustine,2024-12-19 17:05:32,Distribution Ratio,1.35514675090639,-,,,,10.0 min,,,Comments,"Initial U(VI) concentation listed as <50 mM, LiNO3 concentration = 4 M",Volume Ratio,1.0,,
5072,DEHiBA,0.0379258 M,HNO3,0.01 M,TPH,U,VI ,50 mM,,,,,CCCCC(CC)CN(CC(CC)CCCC)C(=O)C(C)C,-,"HNO3, DEHiBA, LiNO3, U, Nitrate, TPH",,TPH,,"https://doi.org/10.1021/acssuschemeng.4c06166x, https://doi.org/10.1080/07366299208918093",Logan Augustine,2024-12-19 17:05:32,Distribution Ratio,1.83121707481113,-,,,,10.0 min,,,Comments,"Initial U(VI) concentation listed as <50 mM, LiNO3 concentration = 4 M",Volume Ratio,1.0,,
5073,DEHiBA,0.072164 M,HNO3,0.01 M,TPH,U,VI ,50 mM,,,,,CCCCC(CC)CN(CC(CC)CCCC)C(=O)C(C)C,-,"HNO3, DEHiBA, LiNO3, U, Nitrate, TPH",,TPH,,"https://doi.org/10.1021/acssuschemeng.4c06166x, https://doi.org/10.1080/07366299208918093",Logan Augustine,2024-12-19 17:05:32,Distribution Ratio,5.77955721541717,-,,,,10.0 min,,,Comments,"Initial U(VI) concentation listed as <50 mM, LiNO3 concentration = 4 M",Volume Ratio,1.0,,
5074,DEHBA,0.0020929 M,HNO3,0.514 M,TPH,Pu,IV ,0.5 mM,,,,,CCCCC(CC)CN(CC(CC)CCCC)C(=O)CCC,-,"HNO3, DEHBA, LiNO3, Pu, Nitrate, TPH",,TPH,,"https://doi.org/10.1021/acssuschemeng.4c06166x, https://doi.org/10.1080/07366299208918093",Logan Augustine,2024-12-19 17:05:32,Distribution Ratio,0.0100349293945413,-,,,,10.0 min,,,Comments,"Initial Pu(IV) concentation listed as ‚â§0.5 mM, LiNO3+HNO3 concentration = 7.514 M",Volume Ratio,1.0,,
5075,DEHBA,0.00332986 M,HNO3,0.514 M,TPH,Pu,IV ,0.5 mM,,,,,CCCCC(CC)CN(CC(CC)CCCC)C(=O)CCC,-,"HNO3, DEHBA, LiNO3, Pu, Nitrate, TPH",,TPH,,"https://doi.org/10.1021/acssuschemeng.4c06166x, https://doi.org/10.1080/07366299208918093",Logan Augustine,2024-12-19 17:05:32,Distribution Ratio,0.0428625148532175,-,,,,10.0 min,,,Comments,"Initial Pu(IV) concentation listed as ‚â§0.5 mM, LiNO3+HNO3 concentration = 7.514 M",Volume Ratio,1.0,,
5076,DEHBA,0.00567302 M,HNO3,0.514 M,TPH,Pu,IV ,0.5 mM,,,,,CCCCC(CC)CN(CC(CC)CCCC)C(=O)CCC,-,"HNO3, DEHBA, LiNO3, Pu, Nitrate, TPH",,TPH,,"https://doi.org/10.1021/acssuschemeng.4c06166x, https://doi.org/10.1080/07366299208918093",Logan Augustine,2024-12-19 17:05:33,Distribution Ratio,0.0986870124379219,-,,,,10.0 min,,,Comments,"Initial Pu(IV) concentation listed as ‚â§0.5 mM, LiNO3+HNO3 concentration = 7.514 M",Volume Ratio,1.0,,
5077,DEHBA,0.00962786 M,HNO3,0.514 M,TPH,Pu,IV ,0.5 mM,,,,,CCCCC(CC)CN(CC(CC)CCCC)C(=O)CCC,-,"HNO3, DEHBA, LiNO3, Pu, Nitrate, TPH",,TPH,,"https://doi.org/10.1021/acssuschemeng.4c06166x, https://doi.org/10.1080/07366299208918093",Logan Augustine,2024-12-19 17:05:33,Distribution Ratio,0.421650993693928,-,,,,10.0 min,,,Comments,"Initial Pu(IV) concentation listed as ‚â§0.5 mM, LiNO3+HNO3 concentration = 7.514 M",Volume Ratio,1.0,,
5078,DEHBA,0.0211427 M,HNO3,0.514 M,TPH,Pu,IV ,0.5 mM,,,,,CCCCC(CC)CN(CC(CC)CCCC)C(=O)CCC,-,"HNO3, DEHBA, LiNO3, Pu, Nitrate, TPH",,TPH,,"https://doi.org/10.1021/acssuschemeng.4c06166x, https://doi.org/10.1080/07366299208918093",Logan Augustine,2024-12-19 17:05:33,Distribution Ratio,1.96427106447799,-,,,,10.0 min,,,Comments,"Initial Pu(IV) concentation listed as ‚â§0.5 mM, LiNO3+HNO3 concentration = 7.514 M",Volume Ratio,1.0,,
5079,DEHBA,0.0266757 M,HNO3,0.514 M,TPH,Pu,IV ,0.5 mM,,,,,CCCCC(CC)CN(CC(CC)CCCC)C(=O)CCC,-,"HNO3, DEHBA, LiNO3, Pu, Nitrate, TPH",,TPH,,"https://doi.org/10.1021/acssuschemeng.4c06166x, https://doi.org/10.1080/07366299208918093",Logan Augustine,2024-12-19 17:05:33,Distribution Ratio,3.89013881156153,-,,,,10.0 min,,,Comments,"Initial Pu(IV) concentation listed as ‚â§0.5 mM, LiNO3+HNO3 concentration = 7.514 M",Volume Ratio,1.0,,
5080,DEHBA,0.042668 M,HNO3,0.514 M,TPH,Pu,IV ,0.5 mM,,,,,CCCCC(CC)CN(CC(CC)CCCC)C(=O)CCC,-,"HNO3, DEHBA, LiNO3, Pu, Nitrate, TPH",,TPH,,"https://doi.org/10.1021/acssuschemeng.4c06166x, https://doi.org/10.1080/07366299208918093",Logan Augustine,2024-12-19 17:05:33,Distribution Ratio,7.08220899600759,-,,,,10.0 min,,,Comments,"Initial Pu(IV) concentation listed as ‚â§0.5 mM, LiNO3+HNO3 concentration = 7.514 M",Volume Ratio,1.0,,
5081,DEHBA,0.0516622 M,HNO3,0.514 M,TPH,Pu,IV ,0.5 mM,,,,,CCCCC(CC)CN(CC(CC)CCCC)C(=O)CCC,-,"HNO3, DEHBA, LiNO3, Pu, Nitrate, TPH",,TPH,,"https://doi.org/10.1021/acssuschemeng.4c06166x, https://doi.org/10.1080/07366299208918093",Logan Augustine,2024-12-19 17:05:33,Distribution Ratio,10.4044707786883,-,,,,10.0 min,,,Comments,"Initial Pu(IV) concentation listed as ‚â§0.5 mM, LiNO3+HNO3 concentration = 7.514 M",Volume Ratio,1.0,,
5082,DEHBA,0.062594 M,HNO3,0.514 M,TPH,Pu,IV ,0.5 mM,,,,,CCCCC(CC)CN(CC(CC)CCCC)C(=O)CCC,-,"HNO3, DEHBA, LiNO3, Pu, Nitrate, TPH",,TPH,,"https://doi.org/10.1021/acssuschemeng.4c06166x, https://doi.org/10.1080/07366299208918093",Logan Augustine,2024-12-19 17:05:33,Distribution Ratio,13.7396696239219,-,,,,10.0 min,,,Comments,"Initial Pu(IV) concentation listed as ‚â§0.5 mM, LiNO3+HNO3 concentration = 7.514 M",Volume Ratio,1.0,,
5083,DEHBA,0.00553188 M,HNO3,0.005 M,TPH,Th,IV ,100 mM,,,,,CCCCC(CC)CN(CC(CC)CCCC)C(=O)CCC,-,"HNO3, DEHBA, LiNO3, Th, Nitrate, TPH",,TPH,,"https://doi.org/10.1021/acssuschemeng.4c06166x, https://doi.org/10.1080/07366299208918093",Logan Augustine,2024-12-19 17:05:33,Distribution Ratio,0.00467836546306787,-,,,,10.0 min,,,Comments,"Initial Th(IV) concentation listed as ‚àº100 mM, LiNO3+HNO3 concentration = 9.005 M",Volume Ratio,1.0,,
5084,DEHBA,0.0079021 M,HNO3,0.005 M,TPH,Th,IV ,100 mM,,,,,CCCCC(CC)CN(CC(CC)CCCC)C(=O)CCC,-,"HNO3, DEHBA, LiNO3, Th, Nitrate, TPH",,TPH,,"https://doi.org/10.1021/acssuschemeng.4c06166x, https://doi.org/10.1080/07366299208918093",Logan Augustine,2024-12-19 17:05:33,Distribution Ratio,0.00742999767041543,-,,,,10.0 min,,,Comments,"Initial Th(IV) concentation listed as ‚àº100 mM, LiNO3+HNO3 concentration = 9.005 M",Volume Ratio,1.0,,
5085,DEHBA,0.0118189 M,HNO3,0.005 M,TPH,Th,IV ,100 mM,,,,,CCCCC(CC)CN(CC(CC)CCCC)C(=O)CCC,-,"HNO3, DEHBA, LiNO3, Th, Nitrate, TPH",,TPH,,"https://doi.org/10.1021/acssuschemeng.4c06166x, https://doi.org/10.1080/07366299208918093",Logan Augustine,2024-12-19 17:05:33,Distribution Ratio,0.00975723125497063,-,,,,10.0 min,,,Comments,"Initial Th(IV) concentation listed as ‚àº100 mM, LiNO3+HNO3 concentration = 9.005 M",Volume Ratio,1.0,,
5086,DEHBA,0.0232502 M,HNO3,0.005 M,TPH,Th,IV ,100 mM,,,,,CCCCC(CC)CN(CC(CC)CCCC)C(=O)CCC,-,"HNO3, DEHBA, LiNO3, Th, Nitrate, TPH",,TPH,,"https://doi.org/10.1021/acssuschemeng.4c06166x, https://doi.org/10.1080/07366299208918093",Logan Augustine,2024-12-19 17:05:33,Distribution Ratio,0.0237329579847067,-,,,,10.0 min,,,Comments,"Initial Th(IV) concentation listed as ‚àº100 mM, LiNO3+HNO3 concentration = 9.005 M",Volume Ratio,1.0,,
5087,DEHBA,0.0417274 M,HNO3,0.005 M,TPH,Th,IV ,100 mM,,,,,CCCCC(CC)CN(CC(CC)CCCC)C(=O)CCC,-,"HNO3, DEHBA, LiNO3, Th, Nitrate, TPH",,TPH,,"https://doi.org/10.1021/acssuschemeng.4c06166x, https://doi.org/10.1080/07366299208918093",Logan Augustine,2024-12-19 17:05:33,Distribution Ratio,0.0717288791953048,-,,,,10.0 min,,,Comments,"Initial Th(IV) concentation listed as ‚àº100 mM, LiNO3+HNO3 concentration = 9.005 M",Volume Ratio,1.0,,
5088,DEHBA,0.0635427 M,HNO3,0.005 M,TPH,Th,IV ,100 mM,,,,,CCCCC(CC)CN(CC(CC)CCCC)C(=O)CCC,-,"HNO3, DEHBA, LiNO3, Th, Nitrate, TPH",,TPH,,"https://doi.org/10.1021/acssuschemeng.4c06166x, https://doi.org/10.1080/07366299208918093",Logan Augustine,2024-12-19 17:05:34,Distribution Ratio,0.130508935610639,-,,,,10.0 min,,,Comments,"Initial Th(IV) concentation listed as ‚àº100 mM, LiNO3+HNO3 concentration = 9.005 M",Volume Ratio,1.0,,
5089,DEHBA,0.083581 M,HNO3,0.005 M,TPH,Th,IV ,100 mM,,,,,CCCCC(CC)CN(CC(CC)CCCC)C(=O)CCC,-,"HNO3, DEHBA, LiNO3, Th, Nitrate, TPH",,TPH,,"https://doi.org/10.1021/acssuschemeng.4c06166x, https://doi.org/10.1080/07366299208918093",Logan Augustine,2024-12-19 17:05:34,Distribution Ratio,0.228943767461767,-,,,,10.0 min,,,Comments,"Initial Th(IV) concentation listed as ‚àº100 mM, LiNO3+HNO3 concentration = 9.005 M",Volume Ratio,1.0,,
5090,DEHBA,0.104088 M,HNO3,0.005 M,TPH,Th,IV ,100 mM,,,,,CCCCC(CC)CN(CC(CC)CCCC)C(=O)CCC,-,"HNO3, DEHBA, LiNO3, Th, Nitrate, TPH",,TPH,,"https://doi.org/10.1021/acssuschemeng.4c06166x, https://doi.org/10.1080/07366299208918093",Logan Augustine,2024-12-19 17:05:34,Distribution Ratio,0.311632594212448,-,,,,10.0 min,,,Comments,"Initial Th(IV) concentation listed as ‚àº100 mM, LiNO3+HNO3 concentration = 9.005 M",Volume Ratio,1.0,,
5091,DEHBA,0.15562 M,HNO3,0.005 M,TPH,Th,IV ,100 mM,,,,,CCCCC(CC)CN(CC(CC)CCCC)C(=O)CCC,-,"HNO3, DEHBA, LiNO3, Th, Nitrate, TPH",,TPH,,"https://doi.org/10.1021/acssuschemeng.4c06166x, https://doi.org/10.1080/07366299208918093",Logan Augustine,2024-12-19 17:05:34,Distribution Ratio,0.604095140513604,-,,,,10.0 min,,,Comments,"Initial Th(IV) concentation listed as ‚àº100 mM, LiNO3+HNO3 concentration = 9.005 M",Volume Ratio,1.0,,
5092,DEHBA,0.212359 M,HNO3,0.005 M,TPH,Th,IV ,100 mM,,,,,CCCCC(CC)CN(CC(CC)CCCC)C(=O)CCC,-,"HNO3, DEHBA, LiNO3, Th, Nitrate, TPH",,TPH,,"https://doi.org/10.1021/acssuschemeng.4c06166x, https://doi.org/10.1080/07366299208918093",Logan Augustine,2024-12-19 17:05:34,Distribution Ratio,0.925184316762299,-,,,,10.0 min,,,Comments,"Initial Th(IV) concentation listed as ‚àº100 mM, LiNO3+HNO3 concentration = 9.005 M",Volume Ratio,1.0,,
5269,DEHiBA,1 M,HNO3,0.01 M,n-Dodecane,U,VI ,200 mM,,,,,CCCCC(CC)CN(CC(CC)CCCC)C(=O)C(C)C,-,"HNO3, DEHiBA, LiNO3, U, Nitrate, n-Dodecane",,n-Dodecane,,"https://doi.org/10.1021/acssuschemeng.4c06166x, https://doi.org/10.1080/00268976.2014.902139",Logan Augustine,2024-12-19 17:05:45,Distribution Ratio,7.88,-,Temperature,15.0,C,- -,,,Comments,"The HNO3 concentration is placed as 3 M, but this was the total NO3 concentration in solution. Sometimes they had 1 M HNO3, but added in additional LiNO3 to get to 3 M NO3 concentration. Total nitrate seems to be important, but just the acid concentration, so kept as 3.0 M ",,,,
5271,DEHiBA,1 M,HNO3,0.01 M,n-Dodecane,U,VI ,200 mM,,,,,CCCCC(CC)CN(CC(CC)CCCC)C(=O)C(C)C,-,"HNO3, DEHiBA, LiNO3, U, Nitrate, n-Dodecane",,n-Dodecane,,"https://doi.org/10.1021/acssuschemeng.4c06166x, https://doi.org/10.1080/00268976.2014.902139",Logan Augustine,2024-12-19 17:05:45,Distribution Ratio,6.49,-,Temperature,20.0,C,- -,,,Comments,"The HNO3 concentration is placed as 3 M, but this was the total NO3 concentration in solution. Sometimes they had 1 M HNO3, but added in additional LiNO3 to get to 3 M NO3 concentration. Total nitrate seems to be important, but just the acid concentration, so kept as 3.0 M ",,,,
5273,DEHiBA,1 M,HNO3,0.01 M,n-Dodecane,U,VI ,200 mM,,,,,CCCCC(CC)CN(CC(CC)CCCC)C(=O)C(C)C,-,"HNO3, DEHiBA, LiNO3, U, Nitrate, n-Dodecane",,n-Dodecane,,"https://doi.org/10.1021/acssuschemeng.4c06166x, https://doi.org/10.1080/00268976.2014.902139",Logan Augustine,2024-12-19 17:05:45,Distribution Ratio,5.63,-,Temperature,25.0,C,- -,,,Comments,"The HNO3 concentration is placed as 3 M, but this was the total NO3 concentration in solution. Sometimes they had 1 M HNO3, but added in additional LiNO3 to get to 3 M NO3 concentration. Total nitrate seems to be important, but just the acid concentration, so kept as 3.0 M ",,,,
5275,DEHiBA,1 M,HNO3,0.01 M,n-Dodecane,U,VI ,200 mM,,,,,CCCCC(CC)CN(CC(CC)CCCC)C(=O)C(C)C,-,"HNO3, DEHiBA, LiNO3, U, Nitrate, n-Dodecane",,n-Dodecane,,"https://doi.org/10.1021/acssuschemeng.4c06166x, https://doi.org/10.1080/00268976.2014.902139",Logan Augustine,2024-12-19 17:05:45,Distribution Ratio,3.25,-,Temperature,45.0,C,- -,,,Comments,"The HNO3 concentration is placed as 3 M, but this was the total NO3 concentration in solution. Sometimes they had 1 M HNO3, but added in additional LiNO3 to get to 3 M NO3 concentration. Total nitrate seems to be important, but just the acid concentration, so kept as 3.0 M ",,,,
5484,DEHiBA,1 M,HNO3,0.01 M,n-Dodecane,U,VI ,200 mM,,,,,CCCCC(CC)CN(CC(CC)CCCC)C(=O)C(C)C,-,"HNO3, DEHiBA, LiNO3, U, Nitrate, n-Dodecane",,n-Dodecane,,"https://doi.org/10.1021/acssuschemeng.4c06166x, https://doi.org/10.1080/00268976.2014.902139",Logan Augustine,2024-12-19 17:08:06,Distribution Ratio,7.88,-,Temperature,15.0,C,- -,,,Comments,"The HNO3 concentration is placed as 3 M, but this was the total NO3 concentration in solution. Sometimes they had 1 M HNO3, but added in additional LiNO3 to get to 3 M NO3 concentration. Total nitrate seems to be important, but just the acid concentration, so kept as 3.0 M ",,,,
5485,DEHiBA,1 M,HNO3,0.01 M,n-Dodecane,U,VI ,200 mM,,,,,CCCCC(CC)CN(CC(CC)CCCC)C(=O)C(C)C,-,"HNO3, DEHiBA, LiNO3, U, Nitrate, n-Dodecane",,n-Dodecane,,"https://doi.org/10.1021/acssuschemeng.4c06166x, https://doi.org/10.1080/00268976.2014.902139",Logan Augustine,2024-12-19 17:50:17,Distribution Ratio,7.88,-,Temperature,15.0,C,- -,,,Comments,"The HNO3 concentration is placed as 3 M, but this was the total NO3 concentration in solution. Sometimes they had 1 M HNO3, but added in additional LiNO3 to get to 3 M NO3 concentration. Total nitrate seems to be important, but just the acid concentration, so kept as 3.0 M ",,,,
5486,DEHiBA,1 M,HNO3,0.01 M,n-Dodecane,U,VI ,200 mM,,,,,CCCCC(CC)CN(CC(CC)CCCC)C(=O)C(C)C,-,"HNO3, DEHiBA, LiNO3, U, Nitrate, n-Dodecane",,n-Dodecane,,"https://doi.org/10.1021/acssuschemeng.4c06166x, https://doi.org/10.1080/00268976.2014.902139",Logan Augustine,2024-12-19 17:50:17,Distribution Ratio,6.49,-,Temperature,20.0,C,- -,,,Comments,"The HNO3 concentration is placed as 3 M, but this was the total NO3 concentration in solution. Sometimes they had 1 M HNO3, but added in additional LiNO3 to get to 3 M NO3 concentration. Total nitrate seems to be important, but just the acid concentration, so kept as 3.0 M ",,,,
5487,DEHiBA,1 M,HNO3,0.01 M,n-Dodecane,U,VI ,200 mM,,,,,CCCCC(CC)CN(CC(CC)CCCC)C(=O)C(C)C,-,"HNO3, DEHiBA, LiNO3, U, Nitrate, n-Dodecane",,n-Dodecane,,"https://doi.org/10.1021/acssuschemeng.4c06166x, https://doi.org/10.1080/00268976.2014.902139",Logan Augustine,2024-12-19 17:50:17,Distribution Ratio,5.63,-,Temperature,25.0,C,- -,,,Comments,"The HNO3 concentration is placed as 3 M, but this was the total NO3 concentration in solution. Sometimes they had 1 M HNO3, but added in additional LiNO3 to get to 3 M NO3 concentration. Total nitrate seems to be important, but just the acid concentration, so kept as 3.0 M ",,,,
5488,DEHiBA,1 M,HNO3,0.01 M,n-Dodecane,U,VI ,200 mM,,,,,CCCCC(CC)CN(CC(CC)CCCC)C(=O)C(C)C,-,"HNO3, DEHiBA, LiNO3, U, Nitrate, n-Dodecane",,n-Dodecane,,"https://doi.org/10.1021/acssuschemeng.4c06166x, https://doi.org/10.1080/00268976.2014.902139",Logan Augustine,2024-12-19 17:50:17,Distribution Ratio,3.25,-,Temperature,45.0,C,- -,,,Comments,"The HNO3 concentration is placed as 3 M, but this was the total NO3 concentration in solution. Sometimes they had 1 M HNO3, but added in additional LiNO3 to get to 3 M NO3 concentration. Total nitrate seems to be important, but just the acid concentration, so kept as 3.0 M ",,,,
5667,DEHBA,0.98 M,HNO3,0.01 M,TPH,U,VI ,0.74426 mM,,,,,CCCCC(CC)CN(CC(CC)CCCC)C(=O)CCC,-,"HNO3, DEHBA, LiNO3, U, Nitrate, TPH",,TPH,,"https://doi.org/10.1021/acssuschemeng.4c06166x, https://doi.org/10.1080/07366299208918093",Logan Augustine,2024-12-19 17:50:28,Distribution Ratio,0.99,-,,,,10.0 min,,,Comments,HNO3 concentration number is actually LiNO3 concentration,Volume Ratio,1.0,,
5668,DEHBA,0.98 M,HNO3,0.01 M,TPH,U,VI ,2.3256 mM,,,,,CCCCC(CC)CN(CC(CC)CCCC)C(=O)CCC,-,"HNO3, DEHBA, LiNO3, U, Nitrate, TPH",,TPH,,"https://doi.org/10.1021/acssuschemeng.4c06166x, https://doi.org/10.1080/07366299208918093",Logan Augustine,2024-12-19 17:50:28,Distribution Ratio,1.04,-,,,,10.0 min,,,Comments,HNO3 concentration number is actually LiNO3 concentration,Volume Ratio,1.0,,
5669,DEHBA,0.98 M,HNO3,0.01 M,TPH,U,VI ,4.4352 mM,,,,,CCCCC(CC)CN(CC(CC)CCCC)C(=O)CCC,-,"HNO3, DEHBA, LiNO3, U, Nitrate, TPH",,TPH,,"https://doi.org/10.1021/acssuschemeng.4c06166x, https://doi.org/10.1080/07366299208918093",Logan Augustine,2024-12-19 17:50:28,Distribution Ratio,0.98,-,,,,10.0 min,,,Comments,HNO3 concentration number is actually LiNO3 concentration,Volume Ratio,1.0,,
5670,DEHBA,0.98 M,HNO3,0.01 M,TPH,U,VI ,7.2373 mM,,,,,CCCCC(CC)CN(CC(CC)CCCC)C(=O)CCC,-,"HNO3, DEHBA, LiNO3, U, Nitrate, TPH",,TPH,,"https://doi.org/10.1021/acssuschemeng.4c06166x, https://doi.org/10.1080/07366299208918093",Logan Augustine,2024-12-19 17:50:28,Distribution Ratio,1.11,-,,,,10.0 min,,,Comments,HNO3 concentration number is actually LiNO3 concentration,Volume Ratio,1.0,,
5671,DEHBA,0.98 M,HNO3,0.01 M,TPH,U,VI ,9.3518 mM,,,,,CCCCC(CC)CN(CC(CC)CCCC)C(=O)CCC,-,"HNO3, DEHBA, LiNO3, U, Nitrate, TPH",,TPH,,"https://doi.org/10.1021/acssuschemeng.4c06166x, https://doi.org/10.1080/07366299208918093",Logan Augustine,2024-12-19 17:50:28,Distribution Ratio,1.14,-,,,,10.0 min,,,Comments,HNO3 concentration number is actually LiNO3 concentration,Volume Ratio,1.0,,
5674,DEHBA,0.987 M,HNO3,0.01 M,TPH,Th,IV ,1.024 mM,,,,,CCCCC(CC)CN(CC(CC)CCCC)C(=O)CCC,-,"HNO3, DEHBA, LiNO3, Th, Nitrate, TPH",,TPH,,"https://doi.org/10.1021/acssuschemeng.4c06166x, https://doi.org/10.1080/07366299208918093",Logan Augustine,2024-12-19 17:50:28,Distribution Ratio,5.4,-,,,,10.0 min,,,Comments,Total nitrate concentration in solution (LiNO3 and HNO3) is used here,Volume Ratio,1.0,,
5675,DEHBA,0.987 M,HNO3,0.01 M,TPH,Th,IV ,2.233 mM,,,,,CCCCC(CC)CN(CC(CC)CCCC)C(=O)CCC,-,"HNO3, DEHBA, LiNO3, Th, Nitrate, TPH",,TPH,,"https://doi.org/10.1021/acssuschemeng.4c06166x, https://doi.org/10.1080/07366299208918093",Logan Augustine,2024-12-19 17:50:28,Distribution Ratio,6.7,-,,,,10.0 min,,,Comments,Total nitrate concentration in solution (LiNO3 and HNO3) is used here,Volume Ratio,1.0,,
5676,DEHBA,0.987 M,HNO3,0.01 M,TPH,Th,IV ,4.234 mM,,,,,CCCCC(CC)CN(CC(CC)CCCC)C(=O)CCC,-,"HNO3, DEHBA, LiNO3, Th, Nitrate, TPH",,TPH,,"https://doi.org/10.1021/acssuschemeng.4c06166x, https://doi.org/10.1080/07366299208918093",Logan Augustine,2024-12-19 17:50:28,Distribution Ratio,6.3,-,,,,10.0 min,,,Comments,Total nitrate concentration in solution (LiNO3 and HNO3) is used here,Volume Ratio,1.0,,
5677,DEHBA,0.987 M,HNO3,0.01 M,TPH,Th,IV ,7.4 mM,,,,,CCCCC(CC)CN(CC(CC)CCCC)C(=O)CCC,-,"HNO3, DEHBA, LiNO3, Th, Nitrate, TPH",,TPH,,"https://doi.org/10.1021/acssuschemeng.4c06166x, https://doi.org/10.1080/07366299208918093",Logan Augustine,2024-12-19 17:50:28,Distribution Ratio,6.4,-,,,,10.0 min,,,Comments,Total nitrate concentration in solution (LiNO3 and HNO3) is used here,Volume Ratio,1.0,,
5678,DEHBA,0.987 M,HNO3,0.01 M,TPH,Th,IV ,10.14 mM,,,,,CCCCC(CC)CN(CC(CC)CCCC)C(=O)CCC,-,"HNO3, DEHBA, LiNO3, Th, Nitrate, TPH",,TPH,,"https://doi.org/10.1021/acssuschemeng.4c06166x, https://doi.org/10.1080/07366299208918093",Logan Augustine,2024-12-19 17:50:28,Distribution Ratio,6.8,-,,,,10.0 min,,,Comments,Total nitrate concentration in solution (LiNO3 and HNO3) is used here,Volume Ratio,1.0,,
5679,DEHBA,0.0119717 M,HNO3,0.01 M,TPH,U,VI ,50 mM,,,,,CCCCC(CC)CN(CC(CC)CCCC)C(=O)CCC,-,"HNO3, DEHBA, LiNO3, U, Nitrate, TPH",,TPH,,"https://doi.org/10.1021/acssuschemeng.4c06166x, https://doi.org/10.1080/07366299208918093",Logan Augustine,2024-12-19 17:50:28,Distribution Ratio,0.0164000104537512,-,,,,10.0 min,,,Comments,"Initial U(VI) concentation listed as <50 mM, LiNO3 concentration = 4 M",Volume Ratio,1.0,,
5680,DEHBA,0.0199393 M,HNO3,0.01 M,TPH,U,VI ,50 mM,,,,,CCCCC(CC)CN(CC(CC)CCCC)C(=O)CCC,-,"HNO3, DEHBA, LiNO3, U, Nitrate, TPH",,TPH,,"https://doi.org/10.1021/acssuschemeng.4c06166x, https://doi.org/10.1080/07366299208918093",Logan Augustine,2024-12-19 17:50:28,Distribution Ratio,0.0526550608871736,-,,,,10.0 min,,,Comments,"Initial U(VI) concentation listed as <50 mM, LiNO3 concentration = 4 M",Volume Ratio,1.0,,
5681,DEHBA,0.0350256 M,HNO3,0.01 M,TPH,U,VI ,50 mM,,,,,CCCCC(CC)CN(CC(CC)CCCC)C(=O)CCC,-,"HNO3, DEHBA, LiNO3, U, Nitrate, TPH",,TPH,,"https://doi.org/10.1021/acssuschemeng.4c06166x, https://doi.org/10.1080/07366299208918093",Logan Augustine,2024-12-19 17:50:28,Distribution Ratio,0.16909263820124,-,,,,10.0 min,,,Comments,"Initial U(VI) concentation listed as <50 mM, LiNO3 concentration = 4 M",Volume Ratio,1.0,,
5682,DEHBA,0.0489404 M,HNO3,0.01 M,TPH,U,VI ,50 mM,,,,,CCCCC(CC)CN(CC(CC)CCCC)C(=O)CCC,-,"HNO3, DEHBA, LiNO3, U, Nitrate, TPH",,TPH,,"https://doi.org/10.1021/acssuschemeng.4c06166x, https://doi.org/10.1080/07366299208918093",Logan Augustine,2024-12-19 17:50:28,Distribution Ratio,0.336923970139432,-,,,,10.0 min,,,Comments,"Initial U(VI) concentation listed as <50 mM, LiNO3 concentration = 4 M",Volume Ratio,1.0,,
5683,DEHBA,0.0637623 M,HNO3,0.01 M,TPH,U,VI ,50 mM,,,,,CCCCC(CC)CN(CC(CC)CCCC)C(=O)CCC,-,"HNO3, DEHBA, LiNO3, U, Nitrate, TPH",,TPH,,"https://doi.org/10.1021/acssuschemeng.4c06166x, https://doi.org/10.1080/07366299208918093",Logan Augustine,2024-12-19 17:50:29,Distribution Ratio,0.515086505491048,-,,,,10.0 min,,,Comments,"Initial U(VI) concentation listed as <50 mM, LiNO3 concentration = 4 M",Volume Ratio,1.0,,
5684,DEHBA,0.0860862 M,HNO3,0.01 M,TPH,U,VI ,50 mM,,,,,CCCCC(CC)CN(CC(CC)CCCC)C(=O)CCC,-,"HNO3, DEHBA, LiNO3, U, Nitrate, TPH",,TPH,,"https://doi.org/10.1021/acssuschemeng.4c06166x, https://doi.org/10.1080/07366299208918093",Logan Augustine,2024-12-19 17:50:29,Distribution Ratio,0.760259836876593,-,,,,10.0 min,,,Comments,"Initial U(VI) concentation listed as <50 mM, LiNO3 concentration = 4 M",Volume Ratio,1.0,,
5685,DEHBA,0.0922683 M,HNO3,0.01 M,TPH,U,VI ,50 mM,,,,,CCCCC(CC)CN(CC(CC)CCCC)C(=O)CCC,-,"HNO3, DEHBA, LiNO3, U, Nitrate, TPH",,TPH,,"https://doi.org/10.1021/acssuschemeng.4c06166x, https://doi.org/10.1080/07366299208918093",Logan Augustine,2024-12-19 17:50:29,Distribution Ratio,1.1614098205414,-,,,,10.0 min,,,Comments,"Initial U(VI) concentation listed as <50 mM, LiNO3 concentration = 4 M",Volume Ratio,1.0,,
5686,DEHBA,0.129038 M,HNO3,0.01 M,TPH,U,VI ,50 mM,,,,,CCCCC(CC)CN(CC(CC)CCCC)C(=O)CCC,-,"HNO3, DEHBA, LiNO3, U, Nitrate, TPH",,TPH,,"https://doi.org/10.1021/acssuschemeng.4c06166x, https://doi.org/10.1080/07366299208918093",Logan Augustine,2024-12-19 17:50:29,Distribution Ratio,1.83982838958072,-,,,,10.0 min,,,Comments,"Initial U(VI) concentation listed as <50 mM, LiNO3 concentration = 4 M",Volume Ratio,1.0,,
5687,DEHiBA,0.00581296 M,HNO3,0.01 M,TPH,U,VI ,50 mM,,,,,CCCCC(CC)CN(CC(CC)CCCC)C(=O)C(C)C,-,"HNO3, DEHiBA, LiNO3, U, Nitrate, TPH",,TPH,,"https://doi.org/10.1021/acssuschemeng.4c06166x, https://doi.org/10.1080/07366299208918093",Logan Augustine,2024-12-19 17:50:29,Distribution Ratio,0.0431616386862831,-,,,,10.0 min,,,Comments,"Initial U(VI) concentation listed as <50 mM, LiNO3 concentration = 4 M",Volume Ratio,1.0,,
5688,DEHiBA,0.00693135 M,HNO3,0.01 M,TPH,U,VI ,50 mM,,,,,CCCCC(CC)CN(CC(CC)CCCC)C(=O)C(C)C,-,"HNO3, DEHiBA, LiNO3, U, Nitrate, TPH",,TPH,,"https://doi.org/10.1021/acssuschemeng.4c06166x, https://doi.org/10.1080/07366299208918093",Logan Augustine,2024-12-19 17:50:29,Distribution Ratio,0.0636756078235798,-,,,,10.0 min,,,Comments,"Initial U(VI) concentation listed as <50 mM, LiNO3 concentration = 4 M",Volume Ratio,1.0,,
5689,DEHiBA,0.0106718 M,HNO3,0.01 M,TPH,U,VI ,50 mM,,,,,CCCCC(CC)CN(CC(CC)CCCC)C(=O)C(C)C,-,"HNO3, DEHiBA, LiNO3, U, Nitrate, TPH",,TPH,,"https://doi.org/10.1021/acssuschemeng.4c06166x, https://doi.org/10.1080/07366299208918093",Logan Augustine,2024-12-19 17:50:29,Distribution Ratio,0.147460551913873,-,,,,10.0 min,,,Comments,"Initial U(VI) concentation listed as <50 mM, LiNO3 concentration = 4 M",Volume Ratio,1.0,,
5690,DEHiBA,0.0157107 M,HNO3,0.01 M,TPH,U,VI ,50 mM,,,,,CCCCC(CC)CN(CC(CC)CCCC)C(=O)C(C)C,-,"HNO3, DEHiBA, LiNO3, U, Nitrate, TPH",,TPH,,"https://doi.org/10.1021/acssuschemeng.4c06166x, https://doi.org/10.1080/07366299208918093",Logan Augustine,2024-12-19 17:50:29,Distribution Ratio,0.382923908021173,-,,,,10.0 min,,,Comments,"Initial U(VI) concentation listed as <50 mM, LiNO3 concentration = 4 M",Volume Ratio,1.0,,
5691,DEHiBA,0.0239931 M,HNO3,0.01 M,TPH,U,VI ,50 mM,,,,,CCCCC(CC)CN(CC(CC)CCCC)C(=O)C(C)C,-,"HNO3, DEHiBA, LiNO3, U, Nitrate, TPH",,TPH,,"https://doi.org/10.1021/acssuschemeng.4c06166x, https://doi.org/10.1080/07366299208918093",Logan Augustine,2024-12-19 17:50:29,Distribution Ratio,0.730315521237866,-,,,,10.0 min,,,Comments,"Initial U(VI) concentation listed as <50 mM, LiNO3 concentration = 4 M",Volume Ratio,1.0,,
5692,DEHiBA,0.0283316 M,HNO3,0.01 M,TPH,U,VI ,50 mM,,,,,CCCCC(CC)CN(CC(CC)CCCC)C(=O)C(C)C,-,"HNO3, DEHiBA, LiNO3, U, Nitrate, TPH",,TPH,,"https://doi.org/10.1021/acssuschemeng.4c06166x, https://doi.org/10.1080/07366299208918093",Logan Augustine,2024-12-19 17:50:29,Distribution Ratio,1.35514675090639,-,,,,10.0 min,,,Comments,"Initial U(VI) concentation listed as <50 mM, LiNO3 concentration = 4 M",Volume Ratio,1.0,,
5693,DEHiBA,0.0379258 M,HNO3,0.01 M,TPH,U,VI ,50 mM,,,,,CCCCC(CC)CN(CC(CC)CCCC)C(=O)C(C)C,-,"HNO3, DEHiBA, LiNO3, U, Nitrate, TPH",,TPH,,"https://doi.org/10.1021/acssuschemeng.4c06166x, https://doi.org/10.1080/07366299208918093",Logan Augustine,2024-12-19 17:50:29,Distribution Ratio,1.83121707481113,-,,,,10.0 min,,,Comments,"Initial U(VI) concentation listed as <50 mM, LiNO3 concentration = 4 M",Volume Ratio,1.0,,
5694,DEHiBA,0.072164 M,HNO3,0.01 M,TPH,U,VI ,50 mM,,,,,CCCCC(CC)CN(CC(CC)CCCC)C(=O)C(C)C,-,"HNO3, DEHiBA, LiNO3, U, Nitrate, TPH",,TPH,,"https://doi.org/10.1021/acssuschemeng.4c06166x, https://doi.org/10.1080/07366299208918093",Logan Augustine,2024-12-19 17:50:29,Distribution Ratio,5.77955721541717,-,,,,10.0 min,,,Comments,"Initial U(VI) concentation listed as <50 mM, LiNO3 concentration = 4 M",Volume Ratio,1.0,,
5695,DEHBA,0.0020929 M,HNO3,0.514 M,TPH,Pu,IV ,0.5 mM,,,,,CCCCC(CC)CN(CC(CC)CCCC)C(=O)CCC,-,"HNO3, DEHBA, LiNO3, Pu, Nitrate, TPH",,TPH,,"https://doi.org/10.1021/acssuschemeng.4c06166x, https://doi.org/10.1080/07366299208918093",Logan Augustine,2024-12-19 17:50:29,Distribution Ratio,0.0100349293945413,-,,,,10.0 min,,,Comments,"Initial Pu(IV) concentation listed as ‚â§0.5 mM, LiNO3+HNO3 concentration = 7.514 M",Volume Ratio,1.0,,
5696,DEHBA,0.00332986 M,HNO3,0.514 M,TPH,Pu,IV ,0.5 mM,,,,,CCCCC(CC)CN(CC(CC)CCCC)C(=O)CCC,-,"HNO3, DEHBA, LiNO3, Pu, Nitrate, TPH",,TPH,,"https://doi.org/10.1021/acssuschemeng.4c06166x, https://doi.org/10.1080/07366299208918093",Logan Augustine,2024-12-19 17:50:29,Distribution Ratio,0.0428625148532175,-,,,,10.0 min,,,Comments,"Initial Pu(IV) concentation listed as ‚â§0.5 mM, LiNO3+HNO3 concentration = 7.514 M",Volume Ratio,1.0,,
5697,DEHBA,0.00567302 M,HNO3,0.514 M,TPH,Pu,IV ,0.5 mM,,,,,CCCCC(CC)CN(CC(CC)CCCC)C(=O)CCC,-,"HNO3, DEHBA, LiNO3, Pu, Nitrate, TPH",,TPH,,"https://doi.org/10.1021/acssuschemeng.4c06166x, https://doi.org/10.1080/07366299208918093",Logan Augustine,2024-12-19 17:50:29,Distribution Ratio,0.0986870124379219,-,,,,10.0 min,,,Comments,"Initial Pu(IV) concentation listed as ‚â§0.5 mM, LiNO3+HNO3 concentration = 7.514 M",Volume Ratio,1.0,,
5698,DEHBA,0.00962786 M,HNO3,0.514 M,TPH,Pu,IV ,0.5 mM,,,,,CCCCC(CC)CN(CC(CC)CCCC)C(=O)CCC,-,"HNO3, DEHBA, LiNO3, Pu, Nitrate, TPH",,TPH,,"https://doi.org/10.1021/acssuschemeng.4c06166x, https://doi.org/10.1080/07366299208918093",Logan Augustine,2024-12-19 17:50:29,Distribution Ratio,0.421650993693928,-,,,,10.0 min,,,Comments,"Initial Pu(IV) concentation listed as ‚â§0.5 mM, LiNO3+HNO3 concentration = 7.514 M",Volume Ratio,1.0,,
5699,DEHBA,0.0211427 M,HNO3,0.514 M,TPH,Pu,IV ,0.5 mM,,,,,CCCCC(CC)CN(CC(CC)CCCC)C(=O)CCC,-,"HNO3, DEHBA, LiNO3, Pu, Nitrate, TPH",,TPH,,"https://doi.org/10.1021/acssuschemeng.4c06166x, https://doi.org/10.1080/07366299208918093",Logan Augustine,2024-12-19 17:50:29,Distribution Ratio,1.96427106447799,-,,,,10.0 min,,,Comments,"Initial Pu(IV) concentation listed as ‚â§0.5 mM, LiNO3+HNO3 concentration = 7.514 M",Volume Ratio,1.0,,
5700,DEHBA,0.0266757 M,HNO3,0.514 M,TPH,Pu,IV ,0.5 mM,,,,,CCCCC(CC)CN(CC(CC)CCCC)C(=O)CCC,-,"HNO3, DEHBA, LiNO3, Pu, Nitrate, TPH",,TPH,,"https://doi.org/10.1021/acssuschemeng.4c06166x, https://doi.org/10.1080/07366299208918093",Logan Augustine,2024-12-19 17:50:29,Distribution Ratio,3.89013881156153,-,,,,10.0 min,,,Comments,"Initial Pu(IV) concentation listed as ‚â§0.5 mM, LiNO3+HNO3 concentration = 7.514 M",Volume Ratio,1.0,,
5701,DEHBA,0.042668 M,HNO3,0.514 M,TPH,Pu,IV ,0.5 mM,,,,,CCCCC(CC)CN(CC(CC)CCCC)C(=O)CCC,-,"HNO3, DEHBA, LiNO3, Pu, Nitrate, TPH",,TPH,,"https://doi.org/10.1021/acssuschemeng.4c06166x, https://doi.org/10.1080/07366299208918093",Logan Augustine,2024-12-19 17:50:30,Distribution Ratio,7.08220899600759,-,,,,10.0 min,,,Comments,"Initial Pu(IV) concentation listed as ‚â§0.5 mM, LiNO3+HNO3 concentration = 7.514 M",Volume Ratio,1.0,,
5702,DEHBA,0.0516622 M,HNO3,0.514 M,TPH,Pu,IV ,0.5 mM,,,,,CCCCC(CC)CN(CC(CC)CCCC)C(=O)CCC,-,"HNO3, DEHBA, LiNO3, Pu, Nitrate, TPH",,TPH,,"https://doi.org/10.1021/acssuschemeng.4c06166x, https://doi.org/10.1080/07366299208918093",Logan Augustine,2024-12-19 17:50:30,Distribution Ratio,10.4044707786883,-,,,,10.0 min,,,Comments,"Initial Pu(IV) concentation listed as ‚â§0.5 mM, LiNO3+HNO3 concentration = 7.514 M",Volume Ratio,1.0,,
5703,DEHBA,0.062594 M,HNO3,0.514 M,TPH,Pu,IV ,0.5 mM,,,,,CCCCC(CC)CN(CC(CC)CCCC)C(=O)CCC,-,"HNO3, DEHBA, LiNO3, Pu, Nitrate, TPH",,TPH,,"https://doi.org/10.1021/acssuschemeng.4c06166x, https://doi.org/10.1080/07366299208918093",Logan Augustine,2024-12-19 17:50:30,Distribution Ratio,13.7396696239219,-,,,,10.0 min,,,Comments,"Initial Pu(IV) concentation listed as ‚â§0.5 mM, LiNO3+HNO3 concentration = 7.514 M",Volume Ratio,1.0,,
5704,DEHBA,0.00553188 M,HNO3,0.005 M,TPH,Th,IV ,100 mM,,,,,CCCCC(CC)CN(CC(CC)CCCC)C(=O)CCC,-,"HNO3, DEHBA, LiNO3, Th, Nitrate, TPH",,TPH,,"https://doi.org/10.1021/acssuschemeng.4c06166x, https://doi.org/10.1080/07366299208918093",Logan Augustine,2024-12-19 17:50:30,Distribution Ratio,0.00467836546306787,-,,,,10.0 min,,,Comments,"Initial Th(IV) concentation listed as ‚àº100 mM, LiNO3+HNO3 concentration = 9.005 M",Volume Ratio,1.0,,
5705,DEHBA,0.0079021 M,HNO3,0.005 M,TPH,Th,IV ,100 mM,,,,,CCCCC(CC)CN(CC(CC)CCCC)C(=O)CCC,-,"HNO3, DEHBA, LiNO3, Th, Nitrate, TPH",,TPH,,"https://doi.org/10.1021/acssuschemeng.4c06166x, https://doi.org/10.1080/07366299208918093",Logan Augustine,2024-12-19 17:50:30,Distribution Ratio,0.00742999767041543,-,,,,10.0 min,,,Comments,"Initial Th(IV) concentation listed as ‚àº100 mM, LiNO3+HNO3 concentration = 9.005 M",Volume Ratio,1.0,,
5706,DEHBA,0.0118189 M,HNO3,0.005 M,TPH,Th,IV ,100 mM,,,,,CCCCC(CC)CN(CC(CC)CCCC)C(=O)CCC,-,"HNO3, DEHBA, LiNO3, Th, Nitrate, TPH",,TPH,,"https://doi.org/10.1021/acssuschemeng.4c06166x, https://doi.org/10.1080/07366299208918093",Logan Augustine,2024-12-19 17:50:30,Distribution Ratio,0.00975723125497063,-,,,,10.0 min,,,Comments,"Initial Th(IV) concentation listed as ‚àº100 mM, LiNO3+HNO3 concentration = 9.005 M",Volume Ratio,1.0,,
5707,DEHBA,0.0232502 M,HNO3,0.005 M,TPH,Th,IV ,100 mM,,,,,CCCCC(CC)CN(CC(CC)CCCC)C(=O)CCC,-,"HNO3, DEHBA, LiNO3, Th, Nitrate, TPH",,TPH,,"https://doi.org/10.1021/acssuschemeng.4c06166x, https://doi.org/10.1080/07366299208918093",Logan Augustine,2024-12-19 17:50:30,Distribution Ratio,0.0237329579847067,-,,,,10.0 min,,,Comments,"Initial Th(IV) concentation listed as ‚àº100 mM, LiNO3+HNO3 concentration = 9.005 M",Volume Ratio,1.0,,
5708,DEHBA,0.0417274 M,HNO3,0.005 M,TPH,Th,IV ,100 mM,,,,,CCCCC(CC)CN(CC(CC)CCCC)C(=O)CCC,-,"HNO3, DEHBA, LiNO3, Th, Nitrate, TPH",,TPH,,"https://doi.org/10.1021/acssuschemeng.4c06166x, https://doi.org/10.1080/07366299208918093",Logan Augustine,2024-12-19 17:50:30,Distribution Ratio,0.0717288791953048,-,,,,10.0 min,,,Comments,"Initial Th(IV) concentation listed as ‚àº100 mM, LiNO3+HNO3 concentration = 9.005 M",Volume Ratio,1.0,,
5709,DEHBA,0.0635427 M,HNO3,0.005 M,TPH,Th,IV ,100 mM,,,,,CCCCC(CC)CN(CC(CC)CCCC)C(=O)CCC,-,"HNO3, DEHBA, LiNO3, Th, Nitrate, TPH",,TPH,,"https://doi.org/10.1021/acssuschemeng.4c06166x, https://doi.org/10.1080/07366299208918093",Logan Augustine,2024-12-19 17:50:30,Distribution Ratio,0.130508935610639,-,,,,10.0 min,,,Comments,"Initial Th(IV) concentation listed as ‚àº100 mM, LiNO3+HNO3 concentration = 9.005 M",Volume Ratio,1.0,,
5710,DEHBA,0.083581 M,HNO3,0.005 M,TPH,Th,IV ,100 mM,,,,,CCCCC(CC)CN(CC(CC)CCCC)C(=O)CCC,-,"HNO3, DEHBA, LiNO3, Th, Nitrate, TPH",,TPH,,"https://doi.org/10.1021/acssuschemeng.4c06166x, https://doi.org/10.1080/07366299208918093",Logan Augustine,2024-12-19 17:50:30,Distribution Ratio,0.228943767461767,-,,,,10.0 min,,,Comments,"Initial Th(IV) concentation listed as ‚àº100 mM, LiNO3+HNO3 concentration = 9.005 M",Volume Ratio,1.0,,
5711,DEHBA,0.104088 M,HNO3,0.005 M,TPH,Th,IV ,100 mM,,,,,CCCCC(CC)CN(CC(CC)CCCC)C(=O)CCC,-,"HNO3, DEHBA, LiNO3, Th, Nitrate, TPH",,TPH,,"https://doi.org/10.1021/acssuschemeng.4c06166x, https://doi.org/10.1080/07366299208918093",Logan Augustine,2024-12-19 17:50:30,Distribution Ratio,0.311632594212448,-,,,,10.0 min,,,Comments,"Initial Th(IV) concentation listed as ‚àº100 mM, LiNO3+HNO3 concentration = 9.005 M",Volume Ratio,1.0,,
5712,DEHBA,0.15562 M,HNO3,0.005 M,TPH,Th,IV ,100 mM,,,,,CCCCC(CC)CN(CC(CC)CCCC)C(=O)CCC,-,"HNO3, DEHBA, LiNO3, Th, Nitrate, TPH",,TPH,,"https://doi.org/10.1021/acssuschemeng.4c06166x, https://doi.org/10.1080/07366299208918093",Logan Augustine,2024-12-19 17:50:30,Distribution Ratio,0.604095140513604,-,,,,10.0 min,,,Comments,"Initial Th(IV) concentation listed as ‚àº100 mM, LiNO3+HNO3 concentration = 9.005 M",Volume Ratio,1.0,,
5713,DEHBA,0.212359 M,HNO3,0.005 M,TPH,Th,IV ,100 mM,,,,,CCCCC(CC)CN(CC(CC)CCCC)C(=O)CCC,-,"HNO3, DEHBA, LiNO3, Th, Nitrate, TPH",,TPH,,"https://doi.org/10.1021/acssuschemeng.4c06166x, https://doi.org/10.1080/07366299208918093",Logan Augustine,2024-12-19 17:50:30,Distribution Ratio,0.925184316762299,-,,,,10.0 min,,,Comments,"Initial Th(IV) concentation listed as ‚àº100 mM, LiNO3+HNO3 concentration = 9.005 M",Volume Ratio,1.0,,
6017,DHOA,0.5 M,HNO3,0.5 M,toluene,U,VI ,50 mM,,,,,-,-,"HNO3, DHOA, LiNO3, U, Nitrate, toluene",,toluene,,"https://doi.org/10.1021/acssuschemeng.4c06166x, https://doi.org/10.1081/SEI-100103812",Logan Augustine,2024-12-19 17:50:52,Distribution Ratio,0.963034384493636,-,Temperature,25.0,C,10.0 min,,,Comments,Total HNO3 concentration in solution is 0.5 M. But here I report total nitrate concentration (LiNO3) is also in solution,Volume Ratio,1.0,,
6018,DHOA,0.5 M,HNO3,0.5 M,toluene,U,VI ,50 mM,,,,,-,-,"HNO3, DHOA, LiNO3, U, Nitrate, toluene",,toluene,,"https://doi.org/10.1021/acssuschemeng.4c06166x, https://doi.org/10.1081/SEI-100103812",Logan Augustine,2024-12-19 17:50:52,Distribution Ratio,1.95341069738634,-,Temperature,25.0,C,10.0 min,,,Comments,Total HNO3 concentration in solution is 0.5 M. But here I report total nitrate concentration (LiNO3) is also in solution,Volume Ratio,1.0,,
6019,DHOA,0.5 M,HNO3,0.5 M,toluene,U,VI ,50 mM,,,,,-,-,"HNO3, DHOA, LiNO3, U, Nitrate, toluene",,toluene,,"https://doi.org/10.1021/acssuschemeng.4c06166x, https://doi.org/10.1081/SEI-100103812",Logan Augustine,2024-12-19 17:50:52,Distribution Ratio,3.58047177889306,-,Temperature,25.0,C,10.0 min,,,Comments,Total HNO3 concentration in solution is 0.5 M. But here I report total nitrate concentration (LiNO3) is also in solution,Volume Ratio,1.0,,
6020,DHOA,0.5 M,HNO3,0.5 M,toluene,U,VI ,50 mM,,,,,-,-,"HNO3, DHOA, LiNO3, U, Nitrate, toluene",,toluene,,"https://doi.org/10.1021/acssuschemeng.4c06166x, https://doi.org/10.1081/SEI-100103812",Logan Augustine,2024-12-19 17:50:52,Distribution Ratio,6.72149688342859,-,Temperature,25.0,C,10.0 min,,,Comments,Total HNO3 concentration in solution is 0.5 M. But here I report total nitrate concentration (LiNO3) is also in solution,Volume Ratio,1.0,,
6021,DHEHA,0.5 M,HNO3,0.5 M,toluene,U,VI ,50 mM,,,,,CCCCCCN(CCCCCC)C(=O)C(CC)CCCC,-,"HNO3, DHEHA, LiNO3, U, Nitrate, toluene",,toluene,,"https://doi.org/10.1021/acssuschemeng.4c06166x, https://doi.org/10.1081/SEI-100103812",Logan Augustine,2024-12-19 17:50:52,Distribution Ratio,0.763356113197728,-,Temperature,25.0,C,10.0 min,,,Comments,Total HNO3 concentration in solution is 0.5 M. But here I report total nitrate concentration (LiNO3) is also in solution,Volume Ratio,1.0,,
6022,DHEHA,0.5 M,HNO3,0.5 M,toluene,U,VI ,50 mM,,,,,CCCCCCN(CCCCCC)C(=O)C(CC)CCCC,-,"HNO3, DHEHA, LiNO3, U, Nitrate, toluene",,toluene,,"https://doi.org/10.1021/acssuschemeng.4c06166x, https://doi.org/10.1081/SEI-100103812",Logan Augustine,2024-12-19 17:50:52,Distribution Ratio,1.67756113468546,-,Temperature,25.0,C,10.0 min,,,Comments,Total HNO3 concentration in solution is 0.5 M. But here I report total nitrate concentration (LiNO3) is also in solution,Volume Ratio,1.0,,
6023,DHEHA,0.5 M,HNO3,0.5 M,toluene,U,VI ,50 mM,,,,,CCCCCCN(CCCCCC)C(=O)C(CC)CCCC,-,"HNO3, DHEHA, LiNO3, U, Nitrate, toluene",,toluene,,"https://doi.org/10.1021/acssuschemeng.4c06166x, https://doi.org/10.1081/SEI-100103812",Logan Augustine,2024-12-19 17:50:52,Distribution Ratio,2.89940221744752,-,Temperature,25.0,C,10.0 min,,,Comments,Total HNO3 concentration in solution is 0.5 M. But here I report total nitrate concentration (LiNO3) is also in solution,Volume Ratio,1.0,,
6024,DHEHA,0.5 M,HNO3,0.5 M,toluene,U,VI ,50 mM,,,,,CCCCCCN(CCCCCC)C(=O)C(CC)CCCC,-,"HNO3, DHEHA, LiNO3, U, Nitrate, toluene",,toluene,,"https://doi.org/10.1021/acssuschemeng.4c06166x, https://doi.org/10.1081/SEI-100103812",Logan Augustine,2024-12-19 17:50:52,Distribution Ratio,5.91269310337278,-,Temperature,25.0,C,10.0 min,,,Comments,Total HNO3 concentration in solution is 0.5 M. But here I report total nitrate concentration (LiNO3) is also in solution,Volume Ratio,1.0,,
10711,DPiperidineDGA,0.1 M,Hcl,3 M,Isopar L with 30 vol% Exxal 13,La,III ,0.5 mM,,,,,O=C(COCC(=O)N1CCCCC1)N2CCCCC2,-,"Hcl, DPiperidineDGA, La, Isopar L with 30 vol% Exxal 13",,Isopar L with 30 vol% Exxal 13,,"https://doi.org/10.1039/D4GC01146E, https://doi.org/10.1021/jacs.5c19738",Thomas Summers,2026-01-20 20:39:33,Distribution Ratio,0.2137962089502232,-,Temperature,22.0,C,60.0 min,,,Comments,"Data Location: Table S20; Additional Comments: nan; Complexant_Name: nan; Complexant_SMILES: nan; Complexant_Concentration_M: nan; Publication_Year: 2024; Title: Agile synthesis and automated, high-throughput evaluation of diglycolamides for liquid–liquid extraction of rare-earth elements; Authors: L An, Y Yao, TB Hall, F Zhao, L Qi; No. of Extractants: 1; Aqueous Phase Metals: nan; Metal_Concentration_mM: 0.5; No. of Metals: 1",Volume Ratio,1.0,,
10712,DPiperidineDGA,0.1 M,Hcl,3 M,Isopar L with 30 vol% Exxal 13,Ce,III ,0.5 mM,,,,,O=C(COCC(=O)N1CCCCC1)N2CCCCC2,-,"Hcl, DPiperidineDGA, Ce, Isopar L with 30 vol% Exxal 13",,Isopar L with 30 vol% Exxal 13,,"https://doi.org/10.1039/D4GC01146E, https://doi.org/10.1021/jacs.5c19738",Thomas Summers,2026-01-20 20:39:33,Distribution Ratio,0.204173794466953,-,Temperature,22.0,C,60.0 min,,,Comments,"Data Location: Table S20; Additional Comments: nan; Complexant_Name: nan; Complexant_SMILES: nan; Complexant_Concentration_M: nan; Publication_Year: 2024; Title: Agile synthesis and automated, high-throughput evaluation of diglycolamides for liquid–liquid extraction of rare-earth elements; Authors: L An, Y Yao, TB Hall, F Zhao, L Qi; No. of Extractants: 1; Aqueous Phase Metals: nan; Metal_Concentration_mM: 0.5; No. of Metals: 1",Volume Ratio,1.0,,
10713,DPiperidineDGA,0.1 M,Hcl,3 M,Isopar L with 30 vol% Exxal 13,Pr,III ,0.5 mM,,,,,O=C(COCC(=O)N1CCCCC1)N2CCCCC2,-,"Hcl, DPiperidineDGA, Pr, Isopar L with 30 vol% Exxal 13",,Isopar L with 30 vol% Exxal 13,,"https://doi.org/10.1039/D4GC01146E, https://doi.org/10.1021/jacs.5c19738",Thomas Summers,2026-01-20 20:39:33,Distribution Ratio,0.1819700858609984,-,Temperature,22.0,C,60.0 min,,,Comments,"Data Location: Table S20; Additional Comments: nan; Complexant_Name: nan; Complexant_SMILES: nan; Complexant_Concentration_M: nan; Publication_Year: 2024; Title: Agile synthesis and automated, high-throughput evaluation of diglycolamides for liquid–liquid extraction of rare-earth elements; Authors: L An, Y Yao, TB Hall, F Zhao, L Qi; No. of Extractants: 1; Aqueous Phase Metals: nan; Metal_Concentration_mM: 0.5; No. of Metals: 1",Volume Ratio,1.0,,
10714,DPiperidineDGA,0.1 M,Hcl,3 M,Isopar L with 30 vol% Exxal 13,Nd,III ,0.5 mM,,,,,O=C(COCC(=O)N1CCCCC1)N2CCCCC2,-,"Hcl, DPiperidineDGA, Nd, Isopar L with 30 vol% Exxal 13",,Isopar L with 30 vol% Exxal 13,,"https://doi.org/10.1039/D4GC01146E, https://doi.org/10.1021/jacs.5c19738",Thomas Summers,2026-01-20 20:39:33,Distribution Ratio,0.1949844599758045,-,Temperature,22.0,C,60.0 min,,,Comments,"Data Location: Table S20; Additional Comments: nan; Complexant_Name: nan; Complexant_SMILES: nan; Complexant_Concentration_M: nan; Publication_Year: 2024; Title: Agile synthesis and automated, high-throughput evaluation of diglycolamides for liquid–liquid extraction of rare-earth elements; Authors: L An, Y Yao, TB Hall, F Zhao, L Qi; No. of Extractants: 1; Aqueous Phase Metals: nan; Metal_Concentration_mM: 0.5; No. of Metals: 1",Volume Ratio,1.0,,
10715,DPiperidineDGA,0.1 M,Hcl,3 M,Isopar L with 30 vol% Exxal 13,Sm,III ,0.5 mM,,,,,O=C(COCC(=O)N1CCCCC1)N2CCCCC2,-,"Hcl, DPiperidineDGA, Sm, Isopar L with 30 vol% Exxal 13",,Isopar L with 30 vol% Exxal 13,,"https://doi.org/10.1039/D4GC01146E, https://doi.org/10.1021/jacs.5c19738",Thomas Summers,2026-01-20 20:39:33,Distribution Ratio,0.1862087136662867,-,Temperature,22.0,C,60.0 min,,,Comments,"Data Location: Table S20; Additional Comments: nan; Complexant_Name: nan; Complexant_SMILES: nan; Complexant_Concentration_M: nan; Publication_Year: 2024; Title: Agile synthesis and automated, high-throughput evaluation of diglycolamides for liquid–liquid extraction of rare-earth elements; Authors: L An, Y Yao, TB Hall, F Zhao, L Qi; No. of Extractants: 1; Aqueous Phase Metals: nan; Metal_Concentration_mM: 0.5; No. of Metals: 1",Volume Ratio,1.0,,
10716,DPiperidineDGA,0.1 M,Hcl,3 M,Isopar L with 30 vol% Exxal 13,Eu,III ,0.5 mM,,,,,O=C(COCC(=O)N1CCCCC1)N2CCCCC2,-,"Hcl, DPiperidineDGA, Eu, Isopar L with 30 vol% Exxal 13",,Isopar L with 30 vol% Exxal 13,,"https://doi.org/10.1039/D4GC01146E, https://doi.org/10.1021/jacs.5c19738",Thomas Summers,2026-01-20 20:39:33,Distribution Ratio,0.2089296130854039,-,Temperature,22.0,C,60.0 min,,,Comments,"Data Location: Table S20; Additional Comments: nan; Complexant_Name: nan; Complexant_SMILES: nan; Complexant_Concentration_M: nan; Publication_Year: 2024; Title: Agile synthesis and automated, high-throughput evaluation of diglycolamides for liquid–liquid extraction of rare-earth elements; Authors: L An, Y Yao, TB Hall, F Zhao, L Qi; No. of Extractants: 1; Aqueous Phase Metals: nan; Metal_Concentration_mM: 0.5; No. of Metals: 1",Volume Ratio,1.0,,
10717,DPiperidineDGA,0.1 M,Hcl,3 M,Isopar L with 30 vol% Exxal 13,Gd,III ,0.5 mM,,,,,O=C(COCC(=O)N1CCCCC1)N2CCCCC2,-,"Hcl, DPiperidineDGA, Gd, Isopar L with 30 vol% Exxal 13",,Isopar L with 30 vol% Exxal 13,,"https://doi.org/10.1039/D4GC01146E, https://doi.org/10.1021/jacs.5c19738",Thomas Summers,2026-01-20 20:39:33,Distribution Ratio,0.204173794466953,-,Temperature,22.0,C,60.0 min,,,Comments,"Data Location: Table S20; Additional Comments: nan; Complexant_Name: nan; Complexant_SMILES: nan; Complexant_Concentration_M: nan; Publication_Year: 2024; Title: Agile synthesis and automated, high-throughput evaluation of diglycolamides for liquid–liquid extraction of rare-earth elements; Authors: L An, Y Yao, TB Hall, F Zhao, L Qi; No. of Extractants: 1; Aqueous Phase Metals: nan; Metal_Concentration_mM: 0.5; No. of Metals: 1",Volume Ratio,1.0,,
10718,DPiperidineDGA,0.1 M,Hcl,3 M,Isopar L with 30 vol% Exxal 13,Tb,III ,0.5 mM,,,,,O=C(COCC(=O)N1CCCCC1)N2CCCCC2,-,"Hcl, DPiperidineDGA, Tb, Isopar L with 30 vol% Exxal 13",,Isopar L with 30 vol% Exxal 13,,"https://doi.org/10.1039/D4GC01146E, https://doi.org/10.1021/jacs.5c19738",Thomas Summers,2026-01-20 20:39:33,Distribution Ratio,0.1819700858609984,-,Temperature,22.0,C,60.0 min,,,Comments,"Data Location: Table S20; Additional Comments: nan; Complexant_Name: nan; Complexant_SMILES: nan; Complexant_Concentration_M: nan; Publication_Year: 2024; Title: Agile synthesis and automated, high-throughput evaluation of diglycolamides for liquid–liquid extraction of rare-earth elements; Authors: L An, Y Yao, TB Hall, F Zhao, L Qi; No. of Extractants: 1; Aqueous Phase Metals: nan; Metal_Concentration_mM: 0.5; No. of Metals: 1",Volume Ratio,1.0,,
10719,DPiperidineDGA,0.1 M,Hcl,3 M,Isopar L with 30 vol% Exxal 13,Dy,III ,0.5 mM,,,,,O=C(COCC(=O)N1CCCCC1)N2CCCCC2,-,"Hcl, DPiperidineDGA, Dy, Isopar L with 30 vol% Exxal 13",,Isopar L with 30 vol% Exxal 13,,"https://doi.org/10.1039/D4GC01146E, https://doi.org/10.1021/jacs.5c19738",Thomas Summers,2026-01-20 20:39:33,Distribution Ratio,0.1737800828749375,-,Temperature,22.0,C,60.0 min,,,Comments,"Data Location: Table S20; Additional Comments: nan; Complexant_Name: nan; Complexant_SMILES: nan; Complexant_Concentration_M: nan; Publication_Year: 2024; Title: Agile synthesis and automated, high-throughput evaluation of diglycolamides for liquid–liquid extraction of rare-earth elements; Authors: L An, Y Yao, TB Hall, F Zhao, L Qi; No. of Extractants: 1; Aqueous Phase Metals: nan; Metal_Concentration_mM: 0.5; No. of Metals: 1",Volume Ratio,1.0,,
10720,DPiperidineDGA,0.1 M,Hcl,3 M,Isopar L with 30 vol% Exxal 13,Ho,III ,0.5 mM,,,,,O=C(COCC(=O)N1CCCCC1)N2CCCCC2,-,"Hcl, DPiperidineDGA, Ho, Isopar L with 30 vol% Exxal 13",,Isopar L with 30 vol% Exxal 13,,"https://doi.org/10.1039/D4GC01146E, https://doi.org/10.1021/jacs.5c19738",Thomas Summers,2026-01-20 20:39:33,Distribution Ratio,0.1778279410038923,-,Temperature,22.0,C,60.0 min,,,Comments,"Data Location: Table S20; Additional Comments: nan; Complexant_Name: nan; Complexant_SMILES: nan; Complexant_Concentration_M: nan; Publication_Year: 2024; Title: Agile synthesis and automated, high-throughput evaluation of diglycolamides for liquid–liquid extraction of rare-earth elements; Authors: L An, Y Yao, TB Hall, F Zhao, L Qi; No. of Extractants: 1; Aqueous Phase Metals: nan; Metal_Concentration_mM: 0.5; No. of Metals: 1",Volume Ratio,1.0,,
10721,DPiperidineDGA,0.1 M,Hcl,3 M,Isopar L with 30 vol% Exxal 13,Er,III ,0.5 mM,,,,,O=C(COCC(=O)N1CCCCC1)N2CCCCC2,-,"Hcl, DPiperidineDGA, Er, Isopar L with 30 vol% Exxal 13",,Isopar L with 30 vol% Exxal 13,,"https://doi.org/10.1039/D4GC01146E, https://doi.org/10.1021/jacs.5c19738",Thomas Summers,2026-01-20 20:39:33,Distribution Ratio,0.1698243652461744,-,Temperature,22.0,C,60.0 min,,,Comments,"Data Location: Table S20; Additional Comments: nan; Complexant_Name: nan; Complexant_SMILES: nan; Complexant_Concentration_M: nan; Publication_Year: 2024; Title: Agile synthesis and automated, high-throughput evaluation of diglycolamides for liquid–liquid extraction of rare-earth elements; Authors: L An, Y Yao, TB Hall, F Zhao, L Qi; No. of Extractants: 1; Aqueous Phase Metals: nan; Metal_Concentration_mM: 0.5; No. of Metals: 1",Volume Ratio,1.0,,
10722,DPiperidineDGA,0.1 M,Hcl,3 M,Isopar L with 30 vol% Exxal 13,Tm,III ,0.5 mM,,,,,O=C(COCC(=O)N1CCCCC1)N2CCCCC2,-,"Hcl, DPiperidineDGA, Tm, Isopar L with 30 vol% Exxal 13",,Isopar L with 30 vol% Exxal 13,,"https://doi.org/10.1039/D4GC01146E, https://doi.org/10.1021/jacs.5c19738",Thomas Summers,2026-01-20 20:39:33,Distribution Ratio,0.1819700858609984,-,Temperature,22.0,C,60.0 min,,,Comments,"Data Location: Table S20; Additional Comments: nan; Complexant_Name: nan; Complexant_SMILES: nan; Complexant_Concentration_M: nan; Publication_Year: 2024; Title: Agile synthesis and automated, high-throughput evaluation of diglycolamides for liquid–liquid extraction of rare-earth elements; Authors: L An, Y Yao, TB Hall, F Zhao, L Qi; No. of Extractants: 1; Aqueous Phase Metals: nan; Metal_Concentration_mM: 0.5; No. of Metals: 1",Volume Ratio,1.0,,
10723,DPiperidineDGA,0.1 M,Hcl,3 M,Isopar L with 30 vol% Exxal 13,Yb,III ,0.5 mM,,,,,O=C(COCC(=O)N1CCCCC1)N2CCCCC2,-,"Hcl, DPiperidineDGA, Yb, Isopar L with 30 vol% Exxal 13",,Isopar L with 30 vol% Exxal 13,,"https://doi.org/10.1039/D4GC01146E, https://doi.org/10.1021/jacs.5c19738",Thomas Summers,2026-01-20 20:39:33,Distribution Ratio,0.1949844599758045,-,Temperature,22.0,C,60.0 min,,,Comments,"Data Location: Table S20; Additional Comments: nan; Complexant_Name: nan; Complexant_SMILES: nan; Complexant_Concentration_M: nan; Publication_Year: 2024; Title: Agile synthesis and automated, high-throughput evaluation of diglycolamides for liquid–liquid extraction of rare-earth elements; Authors: L An, Y Yao, TB Hall, F Zhao, L Qi; No. of Extractants: 1; Aqueous Phase Metals: nan; Metal_Concentration_mM: 0.5; No. of Metals: 1",Volume Ratio,1.0,,
10724,DPiperidineDGA,0.1 M,Hcl,3 M,Isopar L with 30 vol% Exxal 13,Lu,III ,0.5 mM,,,,,O=C(COCC(=O)N1CCCCC1)N2CCCCC2,-,"Hcl, DPiperidineDGA, Lu, Isopar L with 30 vol% Exxal 13",,Isopar L with 30 vol% Exxal 13,,"https://doi.org/10.1039/D4GC01146E, https://doi.org/10.1021/jacs.5c19738",Thomas Summers,2026-01-20 20:39:34,Distribution Ratio,0.2187761623949552,-,Temperature,22.0,C,60.0 min,,,Comments,"Data Location: Table S20; Additional Comments: nan; Complexant_Name: nan; Complexant_SMILES: nan; Complexant_Concentration_M: nan; Publication_Year: 2024; Title: Agile synthesis and automated, high-throughput evaluation of diglycolamides for liquid–liquid extraction of rare-earth elements; Authors: L An, Y Yao, TB Hall, F Zhao, L Qi; No. of Extractants: 1; Aqueous Phase Metals: nan; Metal_Concentration_mM: 0.5; No. of Metals: 1",Volume Ratio,1.0,,
16085,2-N-6-N-dimethyl-2-N-6-N-diphenylpyridine-2-6-dicarboxamide,0.5 M,HNO3,1 M,CH3Cl,La,III ,0.01 mM,,,,,CN(C(=O)c1cccc(C(=O)N(C)c2ccccc2)n1)c1ccccc1,-,"HNO3, 2-N-6-N-dimethyl-2-N-6-N-diphenylpyridine-2-6-dicarboxamide, La, CH3Cl",,CH3Cl,,"https://doi.org/10.1081/SEI-120030392, https://doi.org/10.1021/jacs.5c19738",Baosen Zhang,2026-02-10 13:32:36,Distribution Ratio,3.000000001936503,-,,,,- -,,,Comments,updated ORNL,,,,
16086,2-N-6-N-dimethyl-2-N-6-N-diphenylpyridine-2-6-dicarboxamide,0.5 M,HNO3,4 M,CH3Cl,Tm,III ,0.01 mM,,,,,CN(C(=O)c1cccc(C(=O)N(C)c2ccccc2)n1)c1ccccc1,-,"HNO3, 2-N-6-N-dimethyl-2-N-6-N-diphenylpyridine-2-6-dicarboxamide, Tm, CH3Cl",,CH3Cl,,"https://doi.org/10.1081/SEI-120030392, https://doi.org/10.1021/jacs.5c19738",Baosen Zhang,2026-02-10 13:32:36,Distribution Ratio,14.99999999807684,-,,,,- -,,,Comments,updated ORNL,,,,
16087,2-N-6-N-dimethyl-2-N-6-N-diphenylpyridine-2-6-dicarboxamide,0.5 M,HNO3,4 M,CH3Cl,Er,III ,0.01 mM,,,,,CN(C(=O)c1cccc(C(=O)N(C)c2ccccc2)n1)c1ccccc1,-,"HNO3, 2-N-6-N-dimethyl-2-N-6-N-diphenylpyridine-2-6-dicarboxamide, Er, CH3Cl",,CH3Cl,,"https://doi.org/10.1081/SEI-120030392, https://doi.org/10.1021/jacs.5c19738",Baosen Zhang,2026-02-10 13:32:36,Distribution Ratio,11.99999999868408,-,,,,- -,,,Comments,updated ORNL,,,,
16088,2-N-6-N-dimethyl-2-N-6-N-diphenylpyridine-2-6-dicarboxamide,0.5 M,HNO3,4 M,CH3Cl,Ho,III ,0.01 mM,,,,,CN(C(=O)c1cccc(C(=O)N(C)c2ccccc2)n1)c1ccccc1,-,"HNO3, 2-N-6-N-dimethyl-2-N-6-N-diphenylpyridine-2-6-dicarboxamide, Ho, CH3Cl",,CH3Cl,,"https://doi.org/10.1081/SEI-120030392, https://doi.org/10.1021/jacs.5c19738",Baosen Zhang,2026-02-10 13:32:36,Distribution Ratio,7.800000005559022,-,,,,- -,,,Comments,updated ORNL,,,,
16089,2-N-6-N-dimethyl-2-N-6-N-diphenylpyridine-2-6-dicarboxamide,0.5 M,HNO3,4 M,CH3Cl,Dy,III ,0.01 mM,,,,,CN(C(=O)c1cccc(C(=O)N(C)c2ccccc2)n1)c1ccccc1,-,"HNO3, 2-N-6-N-dimethyl-2-N-6-N-diphenylpyridine-2-6-dicarboxamide, Dy, CH3Cl",,CH3Cl,,"https://doi.org/10.1081/SEI-120030392, https://doi.org/10.1021/jacs.5c19738",Baosen Zhang,2026-02-10 13:32:37,Distribution Ratio,5.200000004372711,-,,,,- -,,,Comments,updated ORNL,,,,
16090,2-N-6-N-dimethyl-2-N-6-N-diphenylpyridine-2-6-dicarboxamide,0.5 M,HNO3,4 M,CH3Cl,Tb,III ,0.01 mM,,,,,CN(C(=O)c1cccc(C(=O)N(C)c2ccccc2)n1)c1ccccc1,-,"HNO3, 2-N-6-N-dimethyl-2-N-6-N-diphenylpyridine-2-6-dicarboxamide, Tb, CH3Cl",,CH3Cl,,"https://doi.org/10.1081/SEI-120030392, https://doi.org/10.1021/jacs.5c19738",Baosen Zhang,2026-02-10 13:32:37,Distribution Ratio,3.100000001182964,-,,,,- -,,,Comments,updated ORNL,,,,
16091,2-N-6-N-dimethyl-2-N-6-N-diphenylpyridine-2-6-dicarboxamide,0.5 M,HNO3,4 M,CH3Cl,Gd,III ,0.01 mM,,,,,CN(C(=O)c1cccc(C(=O)N(C)c2ccccc2)n1)c1ccccc1,-,"HNO3, 2-N-6-N-dimethyl-2-N-6-N-diphenylpyridine-2-6-dicarboxamide, Gd, CH3Cl",,CH3Cl,,"https://doi.org/10.1081/SEI-120030392, https://doi.org/10.1021/jacs.5c19738",Baosen Zhang,2026-02-10 13:32:37,Distribution Ratio,1.900000000206369,-,,,,- -,,,Comments,updated ORNL,,,,
16092,2-N-6-N-dimethyl-2-N-6-N-diphenylpyridine-2-6-dicarboxamide,0.5 M,HNO3,4 M,CH3Cl,Yb,III ,0.01 mM,,,,,CN(C(=O)c1cccc(C(=O)N(C)c2ccccc2)n1)c1ccccc1,-,"HNO3, 2-N-6-N-dimethyl-2-N-6-N-diphenylpyridine-2-6-dicarboxamide, Yb, CH3Cl",,CH3Cl,,"https://doi.org/10.1081/SEI-120030392, https://doi.org/10.1021/jacs.5c19738",Baosen Zhang,2026-02-10 13:32:37,Distribution Ratio,16.99999998519286,-,,,,- -,,,Comments,updated ORNL,,,,
16093,2-N-6-N-dimethyl-2-N-6-N-diphenylpyridine-2-6-dicarboxamide,0.5 M,HNO3,4 M,CH3Cl,Eu,III ,0.01 mM,,,,,CN(C(=O)c1cccc(C(=O)N(C)c2ccccc2)n1)c1ccccc1,-,"HNO3, 2-N-6-N-dimethyl-2-N-6-N-diphenylpyridine-2-6-dicarboxamide, Eu, CH3Cl",,CH3Cl,,"https://doi.org/10.1081/SEI-120030392, https://doi.org/10.1021/jacs.5c19738",Baosen Zhang,2026-02-10 13:32:37,Distribution Ratio,2.500000001887903,-,,,,- -,,,Comments,updated ORNL,,,,
16094,2-N-6-N-dimethyl-2-N-6-N-diphenylpyridine-2-6-dicarboxamide,0.5 M,HNO3,4 M,CH3Cl,Nd,III ,0.01 mM,,,,,CN(C(=O)c1cccc(C(=O)N(C)c2ccccc2)n1)c1ccccc1,-,"HNO3, 2-N-6-N-dimethyl-2-N-6-N-diphenylpyridine-2-6-dicarboxamide, Nd, CH3Cl",,CH3Cl,,"https://doi.org/10.1081/SEI-120030392, https://doi.org/10.1021/jacs.5c19738",Baosen Zhang,2026-02-10 13:32:37,Distribution Ratio,2.400000001593724,-,,,,- -,,,Comments,updated ORNL,,,,
16095,2-N-6-N-dimethyl-2-N-6-N-diphenylpyridine-2-6-dicarboxamide,0.5 M,HNO3,4 M,CH3Cl,Pr,III ,0.01 mM,,,,,CN(C(=O)c1cccc(C(=O)N(C)c2ccccc2)n1)c1ccccc1,-,"HNO3, 2-N-6-N-dimethyl-2-N-6-N-diphenylpyridine-2-6-dicarboxamide, Pr, CH3Cl",,CH3Cl,,"https://doi.org/10.1081/SEI-120030392, https://doi.org/10.1021/jacs.5c19738",Baosen Zhang,2026-02-10 13:32:37,Distribution Ratio,2.299999999906829,-,,,,- -,,,Comments,updated ORNL,,,,
16096,2-N-6-N-dimethyl-2-N-6-N-diphenylpyridine-2-6-dicarboxamide,0.5 M,HNO3,4 M,CH3Cl,Ce,III ,0.01 mM,,,,,CN(C(=O)c1cccc(C(=O)N(C)c2ccccc2)n1)c1ccccc1,-,"HNO3, 2-N-6-N-dimethyl-2-N-6-N-diphenylpyridine-2-6-dicarboxamide, Ce, CH3Cl",,CH3Cl,,"https://doi.org/10.1081/SEI-120030392, https://doi.org/10.1021/jacs.5c19738",Baosen Zhang,2026-02-10 13:32:37,Distribution Ratio,1.60000000126762,-,,,,- -,,,Comments,updated ORNL,,,,
16097,2-N-6-N-dimethyl-2-N-6-N-diphenylpyridine-2-6-dicarboxamide,0.5 M,HNO3,4 M,CH3Cl,La,III ,0.01 mM,,,,,CN(C(=O)c1cccc(C(=O)N(C)c2ccccc2)n1)c1ccccc1,-,"HNO3, 2-N-6-N-dimethyl-2-N-6-N-diphenylpyridine-2-6-dicarboxamide, La, CH3Cl",,CH3Cl,,"https://doi.org/10.1081/SEI-120030392, https://doi.org/10.1021/jacs.5c19738",Baosen Zhang,2026-02-10 13:32:37,Distribution Ratio,1.0,-,,,,- -,,,Comments,updated ORNL,,,,
16098,2-N-6-N-dimethyl-2-N-6-N-diphenylpyridine-2-6-dicarboxamide,0.5 M,HNO3,3 M,CH3Cl,Lu,III ,0.01 mM,,,,,CN(C(=O)c1cccc(C(=O)N(C)c2ccccc2)n1)c1ccccc1,-,"HNO3, 2-N-6-N-dimethyl-2-N-6-N-diphenylpyridine-2-6-dicarboxamide, Lu, CH3Cl",,CH3Cl,,"https://doi.org/10.1081/SEI-120030392, https://doi.org/10.1021/jacs.5c19738",Baosen Zhang,2026-02-10 13:32:37,Distribution Ratio,4.399999995074253,-,,,,- -,,,Comments,updated ORNL,,,,
16099,2-N-6-N-dimethyl-2-N-6-N-diphenylpyridine-2-6-dicarboxamide,0.5 M,HNO3,3 M,CH3Cl,Yb,III ,0.01 mM,,,,,CN(C(=O)c1cccc(C(=O)N(C)c2ccccc2)n1)c1ccccc1,-,"HNO3, 2-N-6-N-dimethyl-2-N-6-N-diphenylpyridine-2-6-dicarboxamide, Yb, CH3Cl",,CH3Cl,,"https://doi.org/10.1081/SEI-120030392, https://doi.org/10.1021/jacs.5c19738",Baosen Zhang,2026-02-10 13:32:37,Distribution Ratio,3.999999996979354,-,,,,- -,,,Comments,updated ORNL,,,,
16100,2-N-6-N-dimethyl-2-N-6-N-diphenylpyridine-2-6-dicarboxamide,0.5 M,HNO3,4 M,CH3Cl,Sm,III ,0.01 mM,,,,,CN(C(=O)c1cccc(C(=O)N(C)c2ccccc2)n1)c1ccccc1,-,"HNO3, 2-N-6-N-dimethyl-2-N-6-N-diphenylpyridine-2-6-dicarboxamide, Sm, CH3Cl",,CH3Cl,,"https://doi.org/10.1081/SEI-120030392, https://doi.org/10.1021/jacs.5c19738",Baosen Zhang,2026-02-10 13:32:37,Distribution Ratio,2.799999997793631,-,,,,- -,,,Comments,updated ORNL,,,,
16101,2-N-6-N-dimethyl-2-N-6-N-diphenylpyridine-2-6-dicarboxamide,0.5 M,HNO3,3 M,CH3Cl,Tm,III ,0.01 mM,,,,,CN(C(=O)c1cccc(C(=O)N(C)c2ccccc2)n1)c1ccccc1,-,"HNO3, 2-N-6-N-dimethyl-2-N-6-N-diphenylpyridine-2-6-dicarboxamide, Tm, CH3Cl",,CH3Cl,,"https://doi.org/10.1081/SEI-120030392, https://doi.org/10.1021/jacs.5c19738",Baosen Zhang,2026-02-10 13:32:37,Distribution Ratio,3.800000003352844,-,,,,- -,,,Comments,updated ORNL,,,,
16102,2-N-6-N-dimethyl-2-N-6-N-diphenylpyridine-2-6-dicarboxamide,0.5 M,HNO3,4 M,CH3Cl,Lu,III ,0.01 mM,,,,,CN(C(=O)c1cccc(C(=O)N(C)c2ccccc2)n1)c1ccccc1,-,"HNO3, 2-N-6-N-dimethyl-2-N-6-N-diphenylpyridine-2-6-dicarboxamide, Lu, CH3Cl",,CH3Cl,,"https://doi.org/10.1081/SEI-120030392, https://doi.org/10.1021/jacs.5c19738",Baosen Zhang,2026-02-10 13:32:37,Distribution Ratio,20.00000001547424,-,,,,- -,,,Comments,updated ORNL,,,,
16103,2-N-6-N-dimethyl-2-N-6-N-diphenylpyridine-2-6-dicarboxamide,0.5 M,HNO3,5 M,CH3Cl,Pr,III ,0.01 mM,,,,,CN(C(=O)c1cccc(C(=O)N(C)c2ccccc2)n1)c1ccccc1,-,"HNO3, 2-N-6-N-dimethyl-2-N-6-N-diphenylpyridine-2-6-dicarboxamide, Pr, CH3Cl",,CH3Cl,,"https://doi.org/10.1081/SEI-120030392, https://doi.org/10.1021/jacs.5c19738",Baosen Zhang,2026-02-10 13:32:37,Distribution Ratio,9.6999999940534,-,,,,- -,,,Comments,updated ORNL,,,,
16104,2-N-6-N-dimethyl-2-N-6-N-diphenylpyridine-2-6-dicarboxamide,0.5 M,HNO3,2 M,CH3Cl,Lu,III ,0.01 mM,,,,,CN(C(=O)c1cccc(C(=O)N(C)c2ccccc2)n1)c1ccccc1,-,"HNO3, 2-N-6-N-dimethyl-2-N-6-N-diphenylpyridine-2-6-dicarboxamide, Lu, CH3Cl",,CH3Cl,,"https://doi.org/10.1081/SEI-120030392, https://doi.org/10.1021/jacs.5c19738",Baosen Zhang,2026-02-10 13:32:38,Distribution Ratio,2.200000000900648,-,,,,- -,,,Comments,updated ORNL,,,,
16105,2-N-6-N-dimethyl-2-N-6-N-diphenylpyridine-2-6-dicarboxamide,0.5 M,HNO3,3 M,CH3Cl,Sm,III ,0.01 mM,,,,,CN(C(=O)c1cccc(C(=O)N(C)c2ccccc2)n1)c1ccccc1,-,"HNO3, 2-N-6-N-dimethyl-2-N-6-N-diphenylpyridine-2-6-dicarboxamide, Sm, CH3Cl",,CH3Cl,,"https://doi.org/10.1081/SEI-120030392, https://doi.org/10.1021/jacs.5c19738",Baosen Zhang,2026-02-10 13:32:38,Distribution Ratio,3.199999997642846,-,,,,- -,,,Comments,updated ORNL,,,,
16106,2-N-6-N-dimethyl-2-N-6-N-diphenylpyridine-2-6-dicarboxamide,0.5 M,HNO3,3 M,CH3Cl,Gd,III ,0.01 mM,,,,,CN(C(=O)c1cccc(C(=O)N(C)c2ccccc2)n1)c1ccccc1,-,"HNO3, 2-N-6-N-dimethyl-2-N-6-N-diphenylpyridine-2-6-dicarboxamide, Gd, CH3Cl",,CH3Cl,,"https://doi.org/10.1081/SEI-120030392, https://doi.org/10.1021/jacs.5c19738",Baosen Zhang,2026-02-10 13:32:38,Distribution Ratio,1.699999998519287,-,,,,- -,,,Comments,updated ORNL,,,,
16107,2-N-6-N-dimethyl-2-N-6-N-diphenylpyridine-2-6-dicarboxamide,0.5 M,HNO3,5 M,CH3Cl,Nd,III ,0.01 mM,,,,,CN(C(=O)c1cccc(C(=O)N(C)c2ccccc2)n1)c1ccccc1,-,"HNO3, 2-N-6-N-dimethyl-2-N-6-N-diphenylpyridine-2-6-dicarboxamide, Nd, CH3Cl",,CH3Cl,,"https://doi.org/10.1081/SEI-120030392, https://doi.org/10.1021/jacs.5c19738",Baosen Zhang,2026-02-10 13:32:38,Distribution Ratio,1.099999999599241,-,,,,- -,,,Comments,updated ORNL,,,,
16108,2-N-6-N-dimethyl-2-N-6-N-diphenylpyridine-2-6-dicarboxamide,0.5 M,HNO3,5 M,CH3Cl,Lu,III ,0.01 mM,,,,,CN(C(=O)c1cccc(C(=O)N(C)c2ccccc2)n1)c1ccccc1,-,"HNO3, 2-N-6-N-dimethyl-2-N-6-N-diphenylpyridine-2-6-dicarboxamide, Lu, CH3Cl",,CH3Cl,,"https://doi.org/10.1081/SEI-120030392, https://doi.org/10.1021/jacs.5c19738",Baosen Zhang,2026-02-10 13:32:38,Distribution Ratio,36.00000001929027,-,,,,- -,,,Comments,updated ORNL,,,,
16109,2-N-6-N-dimethyl-2-N-6-N-diphenylpyridine-2-6-dicarboxamide,0.5 M,HNO3,5 M,CH3Cl,Yb,III ,0.01 mM,,,,,CN(C(=O)c1cccc(C(=O)N(C)c2ccccc2)n1)c1ccccc1,-,"HNO3, 2-N-6-N-dimethyl-2-N-6-N-diphenylpyridine-2-6-dicarboxamide, Yb, CH3Cl",,CH3Cl,,"https://doi.org/10.1081/SEI-120030392, https://doi.org/10.1021/jacs.5c19738",Baosen Zhang,2026-02-10 13:32:38,Distribution Ratio,31.00000001182964,-,,,,- -,,,Comments,updated ORNL,,,,
16110,2-N-6-N-dimethyl-2-N-6-N-diphenylpyridine-2-6-dicarboxamide,0.5 M,HNO3,5 M,CH3Cl,Ce,III ,0.01 mM,,,,,CN(C(=O)c1cccc(C(=O)N(C)c2ccccc2)n1)c1ccccc1,-,"HNO3, 2-N-6-N-dimethyl-2-N-6-N-diphenylpyridine-2-6-dicarboxamide, Ce, CH3Cl",,CH3Cl,,"https://doi.org/10.1081/SEI-120030392, https://doi.org/10.1021/jacs.5c19738",Baosen Zhang,2026-02-10 13:32:38,Distribution Ratio,6.299999993420213,-,,,,- -,,,Comments,updated ORNL,,,,
16111,2-N-6-N-dimethyl-2-N-6-N-diphenylpyridine-2-6-dicarboxamide,0.5 M,HNO3,5 M,CH3Cl,Tm,III ,0.01 mM,,,,,CN(C(=O)c1cccc(C(=O)N(C)c2ccccc2)n1)c1ccccc1,-,"HNO3, 2-N-6-N-dimethyl-2-N-6-N-diphenylpyridine-2-6-dicarboxamide, Tm, CH3Cl",,CH3Cl,,"https://doi.org/10.1081/SEI-120030392, https://doi.org/10.1021/jacs.5c19738",Baosen Zhang,2026-02-10 13:32:38,Distribution Ratio,26.9999999901158,-,,,,- -,,,Comments,updated ORNL,,,,
16112,2-N-6-N-dimethyl-2-N-6-N-diphenylpyridine-2-6-dicarboxamide,0.5 M,HNO3,5 M,CH3Cl,Ho,III ,0.01 mM,,,,,CN(C(=O)c1cccc(C(=O)N(C)c2ccccc2)n1)c1ccccc1,-,"HNO3, 2-N-6-N-dimethyl-2-N-6-N-diphenylpyridine-2-6-dicarboxamide, Ho, CH3Cl",,CH3Cl,,"https://doi.org/10.1081/SEI-120030392, https://doi.org/10.1021/jacs.5c19738",Baosen Zhang,2026-02-10 13:32:38,Distribution Ratio,12.99999999081527,-,,,,- -,,,Comments,updated ORNL,,,,
16113,2-N-6-N-dimethyl-2-N-6-N-diphenylpyridine-2-6-dicarboxamide,0.5 M,HNO3,5 M,CH3Cl,Dy,III ,0.01 mM,,,,,CN(C(=O)c1cccc(C(=O)N(C)c2ccccc2)n1)c1ccccc1,-,"HNO3, 2-N-6-N-dimethyl-2-N-6-N-diphenylpyridine-2-6-dicarboxamide, Dy, CH3Cl",,CH3Cl,,"https://doi.org/10.1081/SEI-120030392, https://doi.org/10.1021/jacs.5c19738",Baosen Zhang,2026-02-10 13:32:38,Distribution Ratio,7.400000004583932,-,,,,- -,,,Comments,updated ORNL,,,,
16114,2-N-6-N-dimethyl-2-N-6-N-diphenylpyridine-2-6-dicarboxamide,0.5 M,HNO3,5 M,CH3Cl,Tb,III ,0.01 mM,,,,,CN(C(=O)c1cccc(C(=O)N(C)c2ccccc2)n1)c1ccccc1,-,"HNO3, 2-N-6-N-dimethyl-2-N-6-N-diphenylpyridine-2-6-dicarboxamide, Tb, CH3Cl",,CH3Cl,,"https://doi.org/10.1081/SEI-120030392, https://doi.org/10.1021/jacs.5c19738",Baosen Zhang,2026-02-10 13:32:38,Distribution Ratio,3.699999999429232,-,,,,- -,,,Comments,updated ORNL,,,,
16115,2-N-6-N-dimethyl-2-N-6-N-diphenylpyridine-2-6-dicarboxamide,0.5 M,HNO3,5 M,CH3Cl,Gd,III ,0.01 mM,,,,,CN(C(=O)c1cccc(C(=O)N(C)c2ccccc2)n1)c1ccccc1,-,"HNO3, 2-N-6-N-dimethyl-2-N-6-N-diphenylpyridine-2-6-dicarboxamide, Gd, CH3Cl",,CH3Cl,,"https://doi.org/10.1081/SEI-120030392, https://doi.org/10.1021/jacs.5c19738",Baosen Zhang,2026-02-10 13:32:38,Distribution Ratio,1.60000000126762,-,,,,- -,,,Comments,updated ORNL,,,,
16116,2-N-6-N-dimethyl-2-N-6-N-diphenylpyridine-2-6-dicarboxamide,0.5 M,HNO3,5 M,CH3Cl,Eu,III ,0.01 mM,,,,,CN(C(=O)c1cccc(C(=O)N(C)c2ccccc2)n1)c1ccccc1,-,"HNO3, 2-N-6-N-dimethyl-2-N-6-N-diphenylpyridine-2-6-dicarboxamide, Eu, CH3Cl",,CH3Cl,,"https://doi.org/10.1081/SEI-120030392, https://doi.org/10.1021/jacs.5c19738",Baosen Zhang,2026-02-10 13:32:38,Distribution Ratio,1.60000000126762,-,,,,- -,,,Comments,updated ORNL,,,,
16117,2-N-6-N-dimethyl-2-N-6-N-diphenylpyridine-2-6-dicarboxamide,0.5 M,HNO3,5 M,CH3Cl,Sm,III ,0.01 mM,,,,,CN(C(=O)c1cccc(C(=O)N(C)c2ccccc2)n1)c1ccccc1,-,"HNO3, 2-N-6-N-dimethyl-2-N-6-N-diphenylpyridine-2-6-dicarboxamide, Sm, CH3Cl",,CH3Cl,,"https://doi.org/10.1081/SEI-120030392, https://doi.org/10.1021/jacs.5c19738",Baosen Zhang,2026-02-10 13:32:38,Distribution Ratio,1.499999999807684,-,,,,- -,,,Comments,updated ORNL,,,,
16118,2-N-6-N-dimethyl-2-N-6-N-diphenylpyridine-2-6-dicarboxamide,0.5 M,HNO3,5 M,CH3Cl,Er,III ,0.01 mM,,,,,CN(C(=O)c1cccc(C(=O)N(C)c2ccccc2)n1)c1ccccc1,-,"HNO3, 2-N-6-N-dimethyl-2-N-6-N-diphenylpyridine-2-6-dicarboxamide, Er, CH3Cl",,CH3Cl,,"https://doi.org/10.1081/SEI-120030392, https://doi.org/10.1021/jacs.5c19738",Baosen Zhang,2026-02-10 13:32:38,Distribution Ratio,21.00000001286615,-,,,,- -,,,Comments,updated ORNL,,,,
16119,2-N-6-N-dimethyl-2-N-6-N-diphenylpyridine-2-6-dicarboxamide,0.5 M,HNO3,3 M,CH3Cl,Er,III ,0.01 mM,,,,,CN(C(=O)c1cccc(C(=O)N(C)c2ccccc2)n1)c1ccccc1,-,"HNO3, 2-N-6-N-dimethyl-2-N-6-N-diphenylpyridine-2-6-dicarboxamide, Er, CH3Cl",,CH3Cl,,"https://doi.org/10.1081/SEI-120030392, https://doi.org/10.1021/jacs.5c19738",Baosen Zhang,2026-02-10 13:32:39,Distribution Ratio,3.600000001929027,-,,,,- -,,,Comments,updated ORNL,,,,
16120,2-N-6-N-dimethyl-2-N-6-N-diphenylpyridine-2-6-dicarboxamide,0.5 M,HNO3,5 M,CH3Cl,La,III ,0.01 mM,,,,,CN(C(=O)c1cccc(C(=O)N(C)c2ccccc2)n1)c1ccccc1,-,"HNO3, 2-N-6-N-dimethyl-2-N-6-N-diphenylpyridine-2-6-dicarboxamide, La, CH3Cl",,CH3Cl,,"https://doi.org/10.1081/SEI-120030392, https://doi.org/10.1021/jacs.5c19738",Baosen Zhang,2026-02-10 13:32:39,Distribution Ratio,3.600000001929027,-,,,,- -,,,Comments,updated ORNL,,,,
16121,2-N-6-N-dimethyl-2-N-6-N-diphenylpyridine-2-6-dicarboxamide,0.5 M,HNO3,3 M,CH3Cl,Dy,III ,0.01 mM,,,,,CN(C(=O)c1cccc(C(=O)N(C)c2ccccc2)n1)c1ccccc1,-,"HNO3, 2-N-6-N-dimethyl-2-N-6-N-diphenylpyridine-2-6-dicarboxamide, Dy, CH3Cl",,CH3Cl,,"https://doi.org/10.1081/SEI-120030392, https://doi.org/10.1021/jacs.5c19738",Baosen Zhang,2026-02-10 13:32:39,Distribution Ratio,2.400000001593724,-,,,,- -,,,Comments,updated ORNL,,,,
16122,2-N-6-N-dimethyl-2-N-6-N-diphenylpyridine-2-6-dicarboxamide,0.5 M,HNO3,2 M,CH3Cl,La,III ,0.01 mM,,,,,CN(C(=O)c1cccc(C(=O)N(C)c2ccccc2)n1)c1ccccc1,-,"HNO3, 2-N-6-N-dimethyl-2-N-6-N-diphenylpyridine-2-6-dicarboxamide, La, CH3Cl",,CH3Cl,,"https://doi.org/10.1081/SEI-120030392, https://doi.org/10.1021/jacs.5c19738",Baosen Zhang,2026-02-10 13:32:39,Distribution Ratio,3.600000001929027,-,,,,- -,,,Comments,updated ORNL,,,,
16123,2-N-6-N-dimethyl-2-N-6-N-diphenylpyridine-2-6-dicarboxamide,0.5 M,HNO3,1 M,CH3Cl,Lu,III ,0.01 mM,,,,,CN(C(=O)c1cccc(C(=O)N(C)c2ccccc2)n1)c1ccccc1,-,"HNO3, 2-N-6-N-dimethyl-2-N-6-N-diphenylpyridine-2-6-dicarboxamide, Lu, CH3Cl",,CH3Cl,,"https://doi.org/10.1081/SEI-120030392, https://doi.org/10.1021/jacs.5c19738",Baosen Zhang,2026-02-10 13:32:39,Distribution Ratio,3.999999996979354,-,,,,- -,,,Comments,updated ORNL,,,,
16124,2-N-6-N-dimethyl-2-N-6-N-diphenylpyridine-2-6-dicarboxamide,0.5 M,HNO3,1 M,CH3Cl,Yb,III ,0.01 mM,,,,,CN(C(=O)c1cccc(C(=O)N(C)c2ccccc2)n1)c1ccccc1,-,"HNO3, 2-N-6-N-dimethyl-2-N-6-N-diphenylpyridine-2-6-dicarboxamide, Yb, CH3Cl",,CH3Cl,,"https://doi.org/10.1081/SEI-120030392, https://doi.org/10.1021/jacs.5c19738",Baosen Zhang,2026-02-10 13:32:39,Distribution Ratio,3.000000001936503,-,,,,- -,,,Comments,updated ORNL,,,,
16125,2-N-6-N-dimethyl-2-N-6-N-diphenylpyridine-2-6-dicarboxamide,0.5 M,HNO3,1 M,CH3Cl,Tm,III ,0.01 mM,,,,,CN(C(=O)c1cccc(C(=O)N(C)c2ccccc2)n1)c1ccccc1,-,"HNO3, 2-N-6-N-dimethyl-2-N-6-N-diphenylpyridine-2-6-dicarboxamide, Tm, CH3Cl",,CH3Cl,,"https://doi.org/10.1081/SEI-120030392, https://doi.org/10.1021/jacs.5c19738",Baosen Zhang,2026-02-10 13:32:39,Distribution Ratio,3.000000001936503,-,,,,- -,,,Comments,updated ORNL,,,,
16126,2-N-6-N-dimethyl-2-N-6-N-diphenylpyridine-2-6-dicarboxamide,0.5 M,HNO3,1 M,CH3Cl,Er,III ,0.01 mM,,,,,CN(C(=O)c1cccc(C(=O)N(C)c2ccccc2)n1)c1ccccc1,-,"HNO3, 2-N-6-N-dimethyl-2-N-6-N-diphenylpyridine-2-6-dicarboxamide, Er, CH3Cl",,CH3Cl,,"https://doi.org/10.1081/SEI-120030392, https://doi.org/10.1021/jacs.5c19738",Baosen Zhang,2026-02-10 13:32:39,Distribution Ratio,3.999999996979354,-,,,,- -,,,Comments,updated ORNL,,,,
16127,2-N-6-N-dimethyl-2-N-6-N-diphenylpyridine-2-6-dicarboxamide,0.5 M,HNO3,1 M,CH3Cl,Ho,III ,0.01 mM,,,,,CN(C(=O)c1cccc(C(=O)N(C)c2ccccc2)n1)c1ccccc1,-,"HNO3, 2-N-6-N-dimethyl-2-N-6-N-diphenylpyridine-2-6-dicarboxamide, Ho, CH3Cl",,CH3Cl,,"https://doi.org/10.1081/SEI-120030392, https://doi.org/10.1021/jacs.5c19738",Baosen Zhang,2026-02-10 13:32:39,Distribution Ratio,3.000000001936503,-,,,,- -,,,Comments,updated ORNL,,,,
16128,2-N-6-N-dimethyl-2-N-6-N-diphenylpyridine-2-6-dicarboxamide,0.5 M,HNO3,2 M,CH3Cl,Ce,III ,0.01 mM,,,,,CN(C(=O)c1cccc(C(=O)N(C)c2ccccc2)n1)c1ccccc1,-,"HNO3, 2-N-6-N-dimethyl-2-N-6-N-diphenylpyridine-2-6-dicarboxamide, Ce, CH3Cl",,CH3Cl,,"https://doi.org/10.1081/SEI-120030392, https://doi.org/10.1021/jacs.5c19738",Baosen Zhang,2026-02-10 13:32:39,Distribution Ratio,3.399999999669194,-,,,,- -,,,Comments,updated ORNL,,,,
16129,2-N-6-N-dimethyl-2-N-6-N-diphenylpyridine-2-6-dicarboxamide,0.5 M,HNO3,1 M,CH3Cl,Dy,III ,0.01 mM,,,,,CN(C(=O)c1cccc(C(=O)N(C)c2ccccc2)n1)c1ccccc1,-,"HNO3, 2-N-6-N-dimethyl-2-N-6-N-diphenylpyridine-2-6-dicarboxamide, Dy, CH3Cl",,CH3Cl,,"https://doi.org/10.1081/SEI-120030392, https://doi.org/10.1021/jacs.5c19738",Baosen Zhang,2026-02-10 13:32:39,Distribution Ratio,2.000000001547424,-,,,,- -,,,Comments,updated ORNL,,,,
16130,2-N-6-N-dimethyl-2-N-6-N-diphenylpyridine-2-6-dicarboxamide,0.5 M,HNO3,1 M,CH3Cl,Gd,III ,0.01 mM,,,,,CN(C(=O)c1cccc(C(=O)N(C)c2ccccc2)n1)c1ccccc1,-,"HNO3, 2-N-6-N-dimethyl-2-N-6-N-diphenylpyridine-2-6-dicarboxamide, Gd, CH3Cl",,CH3Cl,,"https://doi.org/10.1081/SEI-120030392, https://doi.org/10.1021/jacs.5c19738",Baosen Zhang,2026-02-10 13:32:39,Distribution Ratio,1.0,-,,,,- -,,,Comments,updated ORNL,,,,
16131,2-N-6-N-dimethyl-2-N-6-N-diphenylpyridine-2-6-dicarboxamide,0.5 M,HNO3,1 M,CH3Cl,Eu,III ,0.01 mM,,,,,CN(C(=O)c1cccc(C(=O)N(C)c2ccccc2)n1)c1ccccc1,-,"HNO3, 2-N-6-N-dimethyl-2-N-6-N-diphenylpyridine-2-6-dicarboxamide, Eu, CH3Cl",,CH3Cl,,"https://doi.org/10.1081/SEI-120030392, https://doi.org/10.1021/jacs.5c19738",Baosen Zhang,2026-02-10 13:32:39,Distribution Ratio,3.000000001936503,-,,,,- -,,,Comments,updated ORNL,,,,
16132,2-N-6-N-dimethyl-2-N-6-N-diphenylpyridine-2-6-dicarboxamide,0.5 M,HNO3,1 M,CH3Cl,Sm,III ,0.01 mM,,,,,CN(C(=O)c1cccc(C(=O)N(C)c2ccccc2)n1)c1ccccc1,-,"HNO3, 2-N-6-N-dimethyl-2-N-6-N-diphenylpyridine-2-6-dicarboxamide, Sm, CH3Cl",,CH3Cl,,"https://doi.org/10.1081/SEI-120030392, https://doi.org/10.1021/jacs.5c19738",Baosen Zhang,2026-02-10 13:32:39,Distribution Ratio,3.000000001936503,-,,,,- -,,,Comments,updated ORNL,,,,
16133,2-N-6-N-dimethyl-2-N-6-N-diphenylpyridine-2-6-dicarboxamide,0.5 M,HNO3,3 M,CH3Cl,Ho,III ,0.01 mM,,,,,CN(C(=O)c1cccc(C(=O)N(C)c2ccccc2)n1)c1ccccc1,-,"HNO3, 2-N-6-N-dimethyl-2-N-6-N-diphenylpyridine-2-6-dicarboxamide, Ho, CH3Cl",,CH3Cl,,"https://doi.org/10.1081/SEI-120030392, https://doi.org/10.1021/jacs.5c19738",Baosen Zhang,2026-02-10 13:32:39,Distribution Ratio,2.799999997793631,-,,,,- -,,,Comments,updated ORNL,,,,
16134,2-N-6-N-dimethyl-2-N-6-N-diphenylpyridine-2-6-dicarboxamide,0.5 M,HNO3,1 M,CH3Cl,Pr,III ,0.01 mM,,,,,CN(C(=O)c1cccc(C(=O)N(C)c2ccccc2)n1)c1ccccc1,-,"HNO3, 2-N-6-N-dimethyl-2-N-6-N-diphenylpyridine-2-6-dicarboxamide, Pr, CH3Cl",,CH3Cl,,"https://doi.org/10.1081/SEI-120030392, https://doi.org/10.1021/jacs.5c19738",Baosen Zhang,2026-02-10 13:32:40,Distribution Ratio,3.000000001936503,-,,,,- -,,,Comments,updated ORNL,,,,
16135,2-N-6-N-dimethyl-2-N-6-N-diphenylpyridine-2-6-dicarboxamide,0.5 M,HNO3,1 M,CH3Cl,Ce,III ,0.01 mM,,,,,CN(C(=O)c1cccc(C(=O)N(C)c2ccccc2)n1)c1ccccc1,-,"HNO3, 2-N-6-N-dimethyl-2-N-6-N-diphenylpyridine-2-6-dicarboxamide, Ce, CH3Cl",,CH3Cl,,"https://doi.org/10.1081/SEI-120030392, https://doi.org/10.1021/jacs.5c19738",Baosen Zhang,2026-02-10 13:32:40,Distribution Ratio,2.000000001547424,-,,,,- -,,,Comments,updated ORNL,,,,
16136,2-N-6-N-dimethyl-2-N-6-N-diphenylpyridine-2-6-dicarboxamide,0.5 M,HNO3,1 M,CH3Cl,Tb,III ,0.01 mM,,,,,CN(C(=O)c1cccc(C(=O)N(C)c2ccccc2)n1)c1ccccc1,-,"HNO3, 2-N-6-N-dimethyl-2-N-6-N-diphenylpyridine-2-6-dicarboxamide, Tb, CH3Cl",,CH3Cl,,"https://doi.org/10.1081/SEI-120030392, https://doi.org/10.1021/jacs.5c19738",Baosen Zhang,2026-02-10 13:32:40,Distribution Ratio,2.000000001547424,-,,,,- -,,,Comments,updated ORNL,,,,
16137,2-N-6-N-dimethyl-2-N-6-N-diphenylpyridine-2-6-dicarboxamide,0.5 M,HNO3,2 M,CH3Cl,Pr,III ,0.01 mM,,,,,CN(C(=O)c1cccc(C(=O)N(C)c2ccccc2)n1)c1ccccc1,-,"HNO3, 2-N-6-N-dimethyl-2-N-6-N-diphenylpyridine-2-6-dicarboxamide, Pr, CH3Cl",,CH3Cl,,"https://doi.org/10.1081/SEI-120030392, https://doi.org/10.1021/jacs.5c19738",Baosen Zhang,2026-02-10 13:32:40,Distribution Ratio,3.899999999762035,-,,,,- -,,,Comments,updated ORNL,,,,
16138,2-N-6-N-dimethyl-2-N-6-N-diphenylpyridine-2-6-dicarboxamide,0.5 M,HNO3,1 M,CH3Cl,Nd,III ,0.01 mM,,,,,CN(C(=O)c1cccc(C(=O)N(C)c2ccccc2)n1)c1ccccc1,-,"HNO3, 2-N-6-N-dimethyl-2-N-6-N-diphenylpyridine-2-6-dicarboxamide, Nd, CH3Cl",,CH3Cl,,"https://doi.org/10.1081/SEI-120030392, https://doi.org/10.1021/jacs.5c19738",Baosen Zhang,2026-02-10 13:32:40,Distribution Ratio,3.000000001936503,-,,,,- -,,,Comments,updated ORNL,,,,
16139,2-N-6-N-dimethyl-2-N-6-N-diphenylpyridine-2-6-dicarboxamide,0.5 M,HNO3,2 M,CH3Cl,Nd,III ,0.01 mM,,,,,CN(C(=O)c1cccc(C(=O)N(C)c2ccccc2)n1)c1ccccc1,-,"HNO3, 2-N-6-N-dimethyl-2-N-6-N-diphenylpyridine-2-6-dicarboxamide, Nd, CH3Cl",,CH3Cl,,"https://doi.org/10.1081/SEI-120030392, https://doi.org/10.1021/jacs.5c19738",Baosen Zhang,2026-02-10 13:32:40,Distribution Ratio,4.199999996151961,-,,,,- -,,,Comments,updated ORNL,,,,
16140,2-N-6-N-dimethyl-2-N-6-N-diphenylpyridine-2-6-dicarboxamide,0.5 M,HNO3,3 M,CH3Cl,Tb,III ,0.01 mM,,,,,CN(C(=O)c1cccc(C(=O)N(C)c2ccccc2)n1)c1ccccc1,-,"HNO3, 2-N-6-N-dimethyl-2-N-6-N-diphenylpyridine-2-6-dicarboxamide, Tb, CH3Cl",,CH3Cl,,"https://doi.org/10.1081/SEI-120030392, https://doi.org/10.1021/jacs.5c19738",Baosen Zhang,2026-02-10 13:32:40,Distribution Ratio,2.000000001547424,-,,,,- -,,,Comments,updated ORNL,,,,
16141,2-N-6-N-dimethyl-2-N-6-N-diphenylpyridine-2-6-dicarboxamide,0.5 M,HNO3,3 M,CH3Cl,Eu,III ,0.01 mM,,,,,CN(C(=O)c1cccc(C(=O)N(C)c2ccccc2)n1)c1ccccc1,-,"HNO3, 2-N-6-N-dimethyl-2-N-6-N-diphenylpyridine-2-6-dicarboxamide, Eu, CH3Cl",,CH3Cl,,"https://doi.org/10.1081/SEI-120030392, https://doi.org/10.1021/jacs.5c19738",Baosen Zhang,2026-02-10 13:32:40,Distribution Ratio,2.600000000174705,-,,,,- -,,,Comments,updated ORNL,,,,
16142,2-N-6-N-dimethyl-2-N-6-N-diphenylpyridine-2-6-dicarboxamide,0.5 M,HNO3,3 M,CH3Cl,Nd,III ,0.01 mM,,,,,CN(C(=O)c1cccc(C(=O)N(C)c2ccccc2)n1)c1ccccc1,-,"HNO3, 2-N-6-N-dimethyl-2-N-6-N-diphenylpyridine-2-6-dicarboxamide, Nd, CH3Cl",,CH3Cl,,"https://doi.org/10.1081/SEI-120030392, https://doi.org/10.1021/jacs.5c19738",Baosen Zhang,2026-02-10 13:32:40,Distribution Ratio,3.399999999669194,-,,,,- -,,,Comments,updated ORNL,,,,
16143,2-N-6-N-dimethyl-2-N-6-N-diphenylpyridine-2-6-dicarboxamide,0.5 M,HNO3,3 M,CH3Cl,Ce,III ,0.01 mM,,,,,CN(C(=O)c1cccc(C(=O)N(C)c2ccccc2)n1)c1ccccc1,-,"HNO3, 2-N-6-N-dimethyl-2-N-6-N-diphenylpyridine-2-6-dicarboxamide, Ce, CH3Cl",,CH3Cl,,"https://doi.org/10.1081/SEI-120030392, https://doi.org/10.1021/jacs.5c19738",Baosen Zhang,2026-02-10 13:32:40,Distribution Ratio,2.400000001593724,-,,,,- -,,,Comments,updated ORNL,,,,
16144,2-N-6-N-dimethyl-2-N-6-N-diphenylpyridine-2-6-dicarboxamide,0.5 M,HNO3,3 M,CH3Cl,La,III ,0.01 mM,,,,,CN(C(=O)c1cccc(C(=O)N(C)c2ccccc2)n1)c1ccccc1,-,"HNO3, 2-N-6-N-dimethyl-2-N-6-N-diphenylpyridine-2-6-dicarboxamide, La, CH3Cl",,CH3Cl,,"https://doi.org/10.1081/SEI-120030392, https://doi.org/10.1021/jacs.5c19738",Baosen Zhang,2026-02-10 13:32:40,Distribution Ratio,2.000000001547424,-,,,,- -,,,Comments,updated ORNL,,,,
16145,2-N-6-N-dimethyl-2-N-6-N-diphenylpyridine-2-6-dicarboxamide,0.5 M,HNO3,2 M,CH3Cl,Yb,III ,0.01 mM,,,,,CN(C(=O)c1cccc(C(=O)N(C)c2ccccc2)n1)c1ccccc1,-,"HNO3, 2-N-6-N-dimethyl-2-N-6-N-diphenylpyridine-2-6-dicarboxamide, Yb, CH3Cl",,CH3Cl,,"https://doi.org/10.1081/SEI-120030392, https://doi.org/10.1021/jacs.5c19738",Baosen Zhang,2026-02-10 13:32:40,Distribution Ratio,2.000000001547424,-,,,,- -,,,Comments,updated ORNL,,,,
16146,2-N-6-N-dimethyl-2-N-6-N-diphenylpyridine-2-6-dicarboxamide,0.5 M,HNO3,2 M,CH3Cl,Tm,III ,0.01 mM,,,,,CN(C(=O)c1cccc(C(=O)N(C)c2ccccc2)n1)c1ccccc1,-,"HNO3, 2-N-6-N-dimethyl-2-N-6-N-diphenylpyridine-2-6-dicarboxamide, Tm, CH3Cl",,CH3Cl,,"https://doi.org/10.1081/SEI-120030392, https://doi.org/10.1021/jacs.5c19738",Baosen Zhang,2026-02-10 13:32:40,Distribution Ratio,2.100000001286614,-,,,,- -,,,Comments,updated ORNL,,,,
16147,2-N-6-N-dimethyl-2-N-6-N-diphenylpyridine-2-6-dicarboxamide,0.5 M,HNO3,3 M,CH3Cl,Pr,III ,0.01 mM,,,,,CN(C(=O)c1cccc(C(=O)N(C)c2ccccc2)n1)c1ccccc1,-,"HNO3, 2-N-6-N-dimethyl-2-N-6-N-diphenylpyridine-2-6-dicarboxamide, Pr, CH3Cl",,CH3Cl,,"https://doi.org/10.1081/SEI-120030392, https://doi.org/10.1021/jacs.5c19738",Baosen Zhang,2026-02-10 13:32:40,Distribution Ratio,3.100000001182964,-,,,,- -,,,Comments,updated ORNL,,,,
16148,2-N-6-N-dimethyl-2-N-6-N-diphenylpyridine-2-6-dicarboxamide,0.5 M,HNO3,2 M,CH3Cl,Ho,III ,0.01 mM,,,,,CN(C(=O)c1cccc(C(=O)N(C)c2ccccc2)n1)c1ccccc1,-,"HNO3, 2-N-6-N-dimethyl-2-N-6-N-diphenylpyridine-2-6-dicarboxamide, Ho, CH3Cl",,CH3Cl,,"https://doi.org/10.1081/SEI-120030392, https://doi.org/10.1021/jacs.5c19738",Baosen Zhang,2026-02-10 13:32:41,Distribution Ratio,2.100000001286614,-,,,,- -,,,Comments,updated ORNL,,,,
16149,2-N-6-N-dimethyl-2-N-6-N-diphenylpyridine-2-6-dicarboxamide,0.5 M,HNO3,2 M,CH3Cl,Dy,III ,0.01 mM,,,,,CN(C(=O)c1cccc(C(=O)N(C)c2ccccc2)n1)c1ccccc1,-,"HNO3, 2-N-6-N-dimethyl-2-N-6-N-diphenylpyridine-2-6-dicarboxamide, Dy, CH3Cl",,CH3Cl,,"https://doi.org/10.1081/SEI-120030392, https://doi.org/10.1021/jacs.5c19738",Baosen Zhang,2026-02-10 13:32:41,Distribution Ratio,2.000000001547424,-,,,,- -,,,Comments,updated ORNL,,,,
16150,2-N-6-N-dimethyl-2-N-6-N-diphenylpyridine-2-6-dicarboxamide,0.5 M,HNO3,2 M,CH3Cl,Tb,III ,0.01 mM,,,,,CN(C(=O)c1cccc(C(=O)N(C)c2ccccc2)n1)c1ccccc1,-,"HNO3, 2-N-6-N-dimethyl-2-N-6-N-diphenylpyridine-2-6-dicarboxamide, Tb, CH3Cl",,CH3Cl,,"https://doi.org/10.1081/SEI-120030392, https://doi.org/10.1021/jacs.5c19738",Baosen Zhang,2026-02-10 13:32:41,Distribution Ratio,1.900000000206369,-,,,,- -,,,Comments,updated ORNL,,,,
16151,2-N-6-N-dimethyl-2-N-6-N-diphenylpyridine-2-6-dicarboxamide,0.5 M,HNO3,2 M,CH3Cl,Gd,III ,0.01 mM,,,,,CN(C(=O)c1cccc(C(=O)N(C)c2ccccc2)n1)c1ccccc1,-,"HNO3, 2-N-6-N-dimethyl-2-N-6-N-diphenylpyridine-2-6-dicarboxamide, Gd, CH3Cl",,CH3Cl,,"https://doi.org/10.1081/SEI-120030392, https://doi.org/10.1021/jacs.5c19738",Baosen Zhang,2026-02-10 13:32:41,Distribution Ratio,1.799999999571832,-,,,,- -,,,Comments,updated ORNL,,,,
16152,2-N-6-N-dimethyl-2-N-6-N-diphenylpyridine-2-6-dicarboxamide,0.5 M,HNO3,2 M,CH3Cl,Eu,III ,0.01 mM,,,,,CN(C(=O)c1cccc(C(=O)N(C)c2ccccc2)n1)c1ccccc1,-,"HNO3, 2-N-6-N-dimethyl-2-N-6-N-diphenylpyridine-2-6-dicarboxamide, Eu, CH3Cl",,CH3Cl,,"https://doi.org/10.1081/SEI-120030392, https://doi.org/10.1021/jacs.5c19738",Baosen Zhang,2026-02-10 13:32:41,Distribution Ratio,2.90000000067472,-,,,,- -,,,Comments,updated ORNL,,,,
16153,2-N-6-N-dimethyl-2-N-6-N-diphenylpyridine-2-6-dicarboxamide,0.5 M,HNO3,2 M,CH3Cl,Sm,III ,0.01 mM,,,,,CN(C(=O)c1cccc(C(=O)N(C)c2ccccc2)n1)c1ccccc1,-,"HNO3, 2-N-6-N-dimethyl-2-N-6-N-diphenylpyridine-2-6-dicarboxamide, Sm, CH3Cl",,CH3Cl,,"https://doi.org/10.1081/SEI-120030392, https://doi.org/10.1021/jacs.5c19738",Baosen Zhang,2026-02-10 13:32:41,Distribution Ratio,3.699999999429232,-,,,,- -,,,Comments,updated ORNL,,,,
16154,2-N-6-N-dimethyl-2-N-6-N-diphenylpyridine-2-6-dicarboxamide,0.5 M,HNO3,2 M,CH3Cl,Er,III ,0.01 mM,,,,,CN(C(=O)c1cccc(C(=O)N(C)c2ccccc2)n1)c1ccccc1,-,"HNO3, 2-N-6-N-dimethyl-2-N-6-N-diphenylpyridine-2-6-dicarboxamide, Er, CH3Cl",,CH3Cl,,"https://doi.org/10.1081/SEI-120030392, https://doi.org/10.1021/jacs.5c19738",Baosen Zhang,2026-02-10 13:32:41,Distribution Ratio,2.299999999906829,-,,,,- -,,,Comments,updated ORNL,,,,
16155,2-N-2-N-9-N-9-N-tetraoctyl-1-10-phenanthroline-2-9-dicarboxamide,0.007 M,HNO3,0.9 M,Dichloromethane,Ho,III ,0.5 mM,,,,,CCCCCCCCN(CCCCCCCC)C(=O)c1ccc2ccc3ccc(C(=O)N(CCCCCCCC)CCCCCCCC)nc3c2n1,-,"HNO3, 2-N-2-N-9-N-9-N-tetraoctyl-1-10-phenanthroline-2-9-dicarboxamide, Ho, Dichloromethane",,Dichloromethane,,"https://doi.org/10.1002/chem.201806443, https://doi.org/10.1021/jacs.5c19738",Baosen Zhang,2026-02-10 13:32:41,Distribution Ratio,0.001,-,Temperature,25.0,C,- -,,,Comments,updated ORNL,,,,
16156,2-N-2-N-9-N-9-N-tetraoctyl-1-10-phenanthroline-2-9-dicarboxamide,0.007 M,HNO3,0.9 M,Dichloromethane,Dy,III ,0.5 mM,,,,,CCCCCCCCN(CCCCCCCC)C(=O)c1ccc2ccc3ccc(C(=O)N(CCCCCCCC)CCCCCCCC)nc3c2n1,-,"HNO3, 2-N-2-N-9-N-9-N-tetraoctyl-1-10-phenanthroline-2-9-dicarboxamide, Dy, Dichloromethane",,Dichloromethane,,"https://doi.org/10.1002/chem.201806443, https://doi.org/10.1021/jacs.5c19738",Baosen Zhang,2026-02-10 13:32:41,Distribution Ratio,0.002000000001547424,-,Temperature,25.0,C,- -,,,Comments,updated ORNL,,,,
16157,2-N-2-N-9-N-9-N-tetraoctyl-1-10-phenanthroline-2-9-dicarboxamide,0.007 M,HNO3,0.9 M,Dichloromethane,Tb,III ,0.5 mM,,,,,CCCCCCCCN(CCCCCCCC)C(=O)c1ccc2ccc3ccc(C(=O)N(CCCCCCCC)CCCCCCCC)nc3c2n1,-,"HNO3, 2-N-2-N-9-N-9-N-tetraoctyl-1-10-phenanthroline-2-9-dicarboxamide, Tb, Dichloromethane",,Dichloromethane,,"https://doi.org/10.1002/chem.201806443, https://doi.org/10.1021/jacs.5c19738",Baosen Zhang,2026-02-10 13:32:41,Distribution Ratio,0.001,-,Temperature,25.0,C,- -,,,Comments,updated ORNL,,,,
16158,2-N-2-N-9-N-9-N-tetraoctyl-1-10-phenanthroline-2-9-dicarboxamide,0.007 M,HNO3,0.9 M,Dichloromethane,Pr,III ,0.5 mM,,,,,CCCCCCCCN(CCCCCCCC)C(=O)c1ccc2ccc3ccc(C(=O)N(CCCCCCCC)CCCCCCCC)nc3c2n1,-,"HNO3, 2-N-2-N-9-N-9-N-tetraoctyl-1-10-phenanthroline-2-9-dicarboxamide, Pr, Dichloromethane",,Dichloromethane,,"https://doi.org/10.1002/chem.201806443, https://doi.org/10.1021/jacs.5c19738",Baosen Zhang,2026-02-10 13:32:41,Distribution Ratio,0.008999999990895758,-,Temperature,25.0,C,- -,,,Comments,updated ORNL,,,,
16159,2-N-2-N-9-N-9-N-tetraoctyl-1-10-phenanthroline-2-9-dicarboxamide,0.007 M,HNO3,0.9 M,Dichloromethane,La,III ,0.5 mM,,,,,CCCCCCCCN(CCCCCCCC)C(=O)c1ccc2ccc3ccc(C(=O)N(CCCCCCCC)CCCCCCCC)nc3c2n1,-,"HNO3, 2-N-2-N-9-N-9-N-tetraoctyl-1-10-phenanthroline-2-9-dicarboxamide, La, Dichloromethane",,Dichloromethane,,"https://doi.org/10.1002/chem.201806443, https://doi.org/10.1021/jacs.5c19738",Baosen Zhang,2026-02-10 13:32:41,Distribution Ratio,0.003000000001936504,-,Temperature,25.0,C,- -,,,Comments,updated ORNL,,,,
16160,2-N-2-N-9-N-9-N-tetraoctyl-1-10-phenanthroline-2-9-dicarboxamide,0.007 M,HNO3,0.9 M,Dichloromethane,Er,III ,0.5 mM,,,,,CCCCCCCCN(CCCCCCCC)C(=O)c1ccc2ccc3ccc(C(=O)N(CCCCCCCC)CCCCCCCC)nc3c2n1,-,"HNO3, 2-N-2-N-9-N-9-N-tetraoctyl-1-10-phenanthroline-2-9-dicarboxamide, Er, Dichloromethane",,Dichloromethane,,"https://doi.org/10.1002/chem.201806443, https://doi.org/10.1021/jacs.5c19738",Baosen Zhang,2026-02-10 13:32:41,Distribution Ratio,0.002000000001547424,-,Temperature,25.0,C,- -,,,Comments,updated ORNL,,,,
16161,2-N-2-N-9-N-9-N-tetraoctyl-1-10-phenanthroline-2-9-dicarboxamide,0.007 M,HNO3,0.9 M,Dichloromethane,Yb,III ,0.5 mM,,,,,CCCCCCCCN(CCCCCCCC)C(=O)c1ccc2ccc3ccc(C(=O)N(CCCCCCCC)CCCCCCCC)nc3c2n1,-,"HNO3, 2-N-2-N-9-N-9-N-tetraoctyl-1-10-phenanthroline-2-9-dicarboxamide, Yb, Dichloromethane",,Dichloromethane,,"https://doi.org/10.1002/chem.201806443, https://doi.org/10.1021/jacs.5c19738",Baosen Zhang,2026-02-10 13:32:41,Distribution Ratio,0.001,-,Temperature,25.0,C,- -,,,Comments,updated ORNL,,,,
16162,2-N-2-N-9-N-9-N-tetraoctyl-1-10-phenanthroline-2-9-dicarboxamide,0.007 M,Hcl,0.9 M,Dichloromethane,Tb,III ,0.5 mM,,,,,CCCCCCCCN(CCCCCCCC)C(=O)c1ccc2ccc3ccc(C(=O)N(CCCCCCCC)CCCCCCCC)nc3c2n1,-,"Hcl, 2-N-2-N-9-N-9-N-tetraoctyl-1-10-phenanthroline-2-9-dicarboxamide, Tb, Dichloromethane",,Dichloromethane,,"https://doi.org/10.1002/chem.201806443, https://doi.org/10.1021/jacs.5c19738",Baosen Zhang,2026-02-10 13:32:41,Distribution Ratio,0.01499999999807684,-,Temperature,25.0,C,- -,,,Comments,updated ORNL,,,,
16163,2-N-2-N-9-N-9-N-tetraoctyl-1-10-phenanthroline-2-9-dicarboxamide,0.007 M,Hcl,0.9 M,Dichloromethane,La,III ,0.5 mM,,,,,CCCCCCCCN(CCCCCCCC)C(=O)c1ccc2ccc3ccc(C(=O)N(CCCCCCCC)CCCCCCCC)nc3c2n1,-,"Hcl, 2-N-2-N-9-N-9-N-tetraoctyl-1-10-phenanthroline-2-9-dicarboxamide, La, Dichloromethane",,Dichloromethane,,"https://doi.org/10.1002/chem.201806443, https://doi.org/10.1021/jacs.5c19738",Baosen Zhang,2026-02-10 13:32:42,Distribution Ratio,0.01799999999571832,-,Temperature,25.0,C,- -,,,Comments,updated ORNL,,,,
16164,2-N-2-N-9-N-9-N-tetraoctyl-1-10-phenanthroline-2-9-dicarboxamide,0.007 M,Hcl,0.9 M,Dichloromethane,Gd,III ,0.5 mM,,,,,CCCCCCCCN(CCCCCCCC)C(=O)c1ccc2ccc3ccc(C(=O)N(CCCCCCCC)CCCCCCCC)nc3c2n1,-,"Hcl, 2-N-2-N-9-N-9-N-tetraoctyl-1-10-phenanthroline-2-9-dicarboxamide, Gd, Dichloromethane",,Dichloromethane,,"https://doi.org/10.1002/chem.201806443, https://doi.org/10.1021/jacs.5c19738",Baosen Zhang,2026-02-10 13:32:42,Distribution Ratio,0.008000000000148404,-,Temperature,25.0,C,- -,,,Comments,updated ORNL,,,,
16165,2-N-2-N-9-N-9-N-tetraoctyl-1-10-phenanthroline-2-9-dicarboxamide,0.007 M,HNO3,0.9 M,Dichloromethane,Ce,III ,0.5 mM,,,,,CCCCCCCCN(CCCCCCCC)C(=O)c1ccc2ccc3ccc(C(=O)N(CCCCCCCC)CCCCCCCC)nc3c2n1,-,"HNO3, 2-N-2-N-9-N-9-N-tetraoctyl-1-10-phenanthroline-2-9-dicarboxamide, Ce, Dichloromethane",,Dichloromethane,,"https://doi.org/10.1002/chem.201806443, https://doi.org/10.1021/jacs.5c19738",Baosen Zhang,2026-02-10 13:32:42,Distribution Ratio,0.001,-,Temperature,25.0,C,- -,,,Comments,updated ORNL,,,,
16167,2-N-2-N-9-N-9-N-tetraoctyl-1-10-phenanthroline-2-9-dicarboxamide,0.007 M,Hcl,0.9 M,Dichloromethane,Lu,III ,0.5 mM,,,,,CCCCCCCCN(CCCCCCCC)C(=O)c1ccc2ccc3ccc(C(=O)N(CCCCCCCC)CCCCCCCC)nc3c2n1,-,"Hcl, 2-N-2-N-9-N-9-N-tetraoctyl-1-10-phenanthroline-2-9-dicarboxamide, Lu, Dichloromethane",,Dichloromethane,,"https://doi.org/10.1002/chem.201806443, https://doi.org/10.1021/jacs.5c19738",Baosen Zhang,2026-02-10 13:32:42,Distribution Ratio,0.02100000001286614,-,Temperature,25.0,C,- -,,,Comments,updated ORNL,,,,
16168,2-N-2-N-9-N-9-N-tetraoctyl-1-10-phenanthroline-2-9-dicarboxamide,0.007 M,Hcl,0.9 M,Dichloromethane,Yb,III ,0.5 mM,,,,,CCCCCCCCN(CCCCCCCC)C(=O)c1ccc2ccc3ccc(C(=O)N(CCCCCCCC)CCCCCCCC)nc3c2n1,-,"Hcl, 2-N-2-N-9-N-9-N-tetraoctyl-1-10-phenanthroline-2-9-dicarboxamide, Yb, Dichloromethane",,Dichloromethane,,"https://doi.org/10.1002/chem.201806443, https://doi.org/10.1021/jacs.5c19738",Baosen Zhang,2026-02-10 13:32:42,Distribution Ratio,0.01400000001037238,-,Temperature,25.0,C,- -,,,Comments,updated ORNL,,,,
16169,2-N-2-N-9-N-9-N-tetraoctyl-1-10-phenanthroline-2-9-dicarboxamide,0.007 M,Hcl,0.9 M,Dichloromethane,Tm,III ,0.5 mM,,,,,CCCCCCCCN(CCCCCCCC)C(=O)c1ccc2ccc3ccc(C(=O)N(CCCCCCCC)CCCCCCCC)nc3c2n1,-,"Hcl, 2-N-2-N-9-N-9-N-tetraoctyl-1-10-phenanthroline-2-9-dicarboxamide, Tm, Dichloromethane",,Dichloromethane,,"https://doi.org/10.1002/chem.201806443, https://doi.org/10.1021/jacs.5c19738",Baosen Zhang,2026-02-10 13:32:42,Distribution Ratio,0.01799999999571832,-,Temperature,25.0,C,- -,,,Comments,updated ORNL,,,,
16170,2-N-2-N-9-N-9-N-tetraoctyl-1-10-phenanthroline-2-9-dicarboxamide,0.007 M,HNO3,0.9 M,Dichloromethane,Lu,III ,0.5 mM,,,,,CCCCCCCCN(CCCCCCCC)C(=O)c1ccc2ccc3ccc(C(=O)N(CCCCCCCC)CCCCCCCC)nc3c2n1,-,"HNO3, 2-N-2-N-9-N-9-N-tetraoctyl-1-10-phenanthroline-2-9-dicarboxamide, Lu, Dichloromethane",,Dichloromethane,,"https://doi.org/10.1002/chem.201806443, https://doi.org/10.1021/jacs.5c19738",Baosen Zhang,2026-02-10 13:32:42,Distribution Ratio,0.001,-,Temperature,25.0,C,- -,,,Comments,updated ORNL,,,,
16171,2-N-2-N-9-N-9-N-tetraoctyl-1-10-phenanthroline-2-9-dicarboxamide,0.007 M,Hcl,0.9 M,Dichloromethane,Er,III ,0.5 mM,,,,,CCCCCCCCN(CCCCCCCC)C(=O)c1ccc2ccc3ccc(C(=O)N(CCCCCCCC)CCCCCCCC)nc3c2n1,-,"Hcl, 2-N-2-N-9-N-9-N-tetraoctyl-1-10-phenanthroline-2-9-dicarboxamide, Er, Dichloromethane",,Dichloromethane,,"https://doi.org/10.1002/chem.201806443, https://doi.org/10.1021/jacs.5c19738",Baosen Zhang,2026-02-10 13:32:42,Distribution Ratio,0.01699999998519287,-,Temperature,25.0,C,- -,,,Comments,updated ORNL,,,,
16172,2-N-2-N-9-N-9-N-tetraoctyl-1-10-phenanthroline-2-9-dicarboxamide,0.007 M,Hcl,0.9 M,Dichloromethane,Dy,III ,0.5 mM,,,,,CCCCCCCCN(CCCCCCCC)C(=O)c1ccc2ccc3ccc(C(=O)N(CCCCCCCC)CCCCCCCC)nc3c2n1,-,"Hcl, 2-N-2-N-9-N-9-N-tetraoctyl-1-10-phenanthroline-2-9-dicarboxamide, Dy, Dichloromethane",,Dichloromethane,,"https://doi.org/10.1002/chem.201806443, https://doi.org/10.1021/jacs.5c19738",Baosen Zhang,2026-02-10 13:32:42,Distribution Ratio,0.01799999999571832,-,Temperature,25.0,C,- -,,,Comments,updated ORNL,,,,
16173,2-N-2-N-9-N-9-N-tetraoctyl-1-10-phenanthroline-2-9-dicarboxamide,0.007 M,Hcl,0.9 M,Dichloromethane,Eu,III ,0.5 mM,,,,,CCCCCCCCN(CCCCCCCC)C(=O)c1ccc2ccc3ccc(C(=O)N(CCCCCCCC)CCCCCCCC)nc3c2n1,-,"Hcl, 2-N-2-N-9-N-9-N-tetraoctyl-1-10-phenanthroline-2-9-dicarboxamide, Eu, Dichloromethane",,Dichloromethane,,"https://doi.org/10.1002/chem.201806443, https://doi.org/10.1021/jacs.5c19738",Baosen Zhang,2026-02-10 13:32:42,Distribution Ratio,0.01400000001037238,-,Temperature,25.0,C,- -,,,Comments,updated ORNL,,,,
16174,2-N-2-N-9-N-9-N-tetraoctyl-1-10-phenanthroline-2-9-dicarboxamide,0.007 M,Hcl,0.9 M,Dichloromethane,Sm,III ,0.5 mM,,,,,CCCCCCCCN(CCCCCCCC)C(=O)c1ccc2ccc3ccc(C(=O)N(CCCCCCCC)CCCCCCCC)nc3c2n1,-,"Hcl, 2-N-2-N-9-N-9-N-tetraoctyl-1-10-phenanthroline-2-9-dicarboxamide, Sm, Dichloromethane",,Dichloromethane,,"https://doi.org/10.1002/chem.201806443, https://doi.org/10.1021/jacs.5c19738",Baosen Zhang,2026-02-10 13:32:42,Distribution Ratio,0.008000000000148404,-,Temperature,25.0,C,- -,,,Comments,updated ORNL,,,,
16175,2-N-2-N-9-N-9-N-tetraoctyl-1-10-phenanthroline-2-9-dicarboxamide,0.007 M,Hcl,0.9 M,Dichloromethane,Nd,III ,0.5 mM,,,,,CCCCCCCCN(CCCCCCCC)C(=O)c1ccc2ccc3ccc(C(=O)N(CCCCCCCC)CCCCCCCC)nc3c2n1,-,"Hcl, 2-N-2-N-9-N-9-N-tetraoctyl-1-10-phenanthroline-2-9-dicarboxamide, Nd, Dichloromethane",,Dichloromethane,,"https://doi.org/10.1002/chem.201806443, https://doi.org/10.1021/jacs.5c19738",Baosen Zhang,2026-02-10 13:32:42,Distribution Ratio,0.01499999999807684,-,Temperature,25.0,C,- -,,,Comments,updated ORNL,,,,
16176,2-N-2-N-9-N-9-N-tetraoctyl-1-10-phenanthroline-2-9-dicarboxamide,0.007 M,Hcl,0.9 M,Dichloromethane,Pr,III ,0.5 mM,,,,,CCCCCCCCN(CCCCCCCC)C(=O)c1ccc2ccc3ccc(C(=O)N(CCCCCCCC)CCCCCCCC)nc3c2n1,-,"Hcl, 2-N-2-N-9-N-9-N-tetraoctyl-1-10-phenanthroline-2-9-dicarboxamide, Pr, Dichloromethane",,Dichloromethane,,"https://doi.org/10.1002/chem.201806443, https://doi.org/10.1021/jacs.5c19738",Baosen Zhang,2026-02-10 13:32:42,Distribution Ratio,0.01499999999807684,-,Temperature,25.0,C,- -,,,Comments,updated ORNL,,,,
16177,2-N-2-N-9-N-9-N-tetraoctyl-1-10-phenanthroline-2-9-dicarboxamide,0.007 M,Hcl,0.9 M,Dichloromethane,Ce,III ,0.5 mM,,,,,CCCCCCCCN(CCCCCCCC)C(=O)c1ccc2ccc3ccc(C(=O)N(CCCCCCCC)CCCCCCCC)nc3c2n1,-,"Hcl, 2-N-2-N-9-N-9-N-tetraoctyl-1-10-phenanthroline-2-9-dicarboxamide, Ce, Dichloromethane",,Dichloromethane,,"https://doi.org/10.1002/chem.201806443, https://doi.org/10.1021/jacs.5c19738",Baosen Zhang,2026-02-10 13:32:42,Distribution Ratio,0.01799999999571832,-,Temperature,25.0,C,- -,,,Comments,updated ORNL,,,,
16178,2-N-2-N-9-N-9-N-tetraoctyl-1-10-phenanthroline-2-9-dicarboxamide,0.007 M,Hcl,0.9 M,Dichloromethane,Ho,III ,0.5 mM,,,,,CCCCCCCCN(CCCCCCCC)C(=O)c1ccc2ccc3ccc(C(=O)N(CCCCCCCC)CCCCCCCC)nc3c2n1,-,"Hcl, 2-N-2-N-9-N-9-N-tetraoctyl-1-10-phenanthroline-2-9-dicarboxamide, Ho, Dichloromethane",,Dichloromethane,,"https://doi.org/10.1002/chem.201806443, https://doi.org/10.1021/jacs.5c19738",Baosen Zhang,2026-02-10 13:32:43,Distribution Ratio,0.01499999999807684,-,Temperature,25.0,C,- -,,,Comments,updated ORNL,,,,
16206,2-[1-(dioctylamino)-1-oxopropan-2-yl]oxy-N-N-dioctylpropanamide,0.1 M,HNO3,4.3 M,hydrogenated tetrapropylene,Ce,III ,0.01 mM,,,,,CCCCCCCCN(CCCCCCCC)C(=O)C(C)OC(C)C(=O)N(CCCCCCCC)CCCCCCCC,-,"HNO3, 2-[1-(dioctylamino)-1-oxopropan-2-yl]oxy-N-N-dioctylpropanamide, Ce, hydrogenated tetrapropylene",,hydrogenated tetrapropylene,,"https://doi.org/10.1002/chem.201806161, https://doi.org/10.1021/jacs.5c19738",Baosen Zhang,2026-02-10 13:32:44,Distribution Ratio,0.6999999999770207,-,Temperature,22.0,C,- -,,,Comments,updated ORNL,,,,
16207,2-[1-(dioctylamino)-1-oxopropan-2-yl]oxy-N-N-dioctylpropanamide,0.1 M,HNO3,4.3 M,hydrogenated tetrapropylene,Eu,III ,0.01 mM,,,,,CCCCCCCCN(CCCCCCCC)C(=O)C(C)OC(C)C(=O)N(CCCCCCCC)CCCCCCCC,-,"HNO3, 2-[1-(dioctylamino)-1-oxopropan-2-yl]oxy-N-N-dioctylpropanamide, Eu, hydrogenated tetrapropylene",,hydrogenated tetrapropylene,,"https://doi.org/10.1002/chem.201806161, https://doi.org/10.1021/jacs.5c19738",Baosen Zhang,2026-02-10 13:32:45,Distribution Ratio,0.7899999994716748,-,Temperature,22.0,C,- -,,,Comments,updated ORNL,,,,
16208,2-[1-(dioctylamino)-1-oxopropan-2-yl]oxy-N-N-dioctylpropanamide,0.1 M,HNO3,4.3 M,hydrogenated tetrapropylene,Tb,III ,0.01 mM,,,,,CCCCCCCCN(CCCCCCCC)C(=O)C(C)OC(C)C(=O)N(CCCCCCCC)CCCCCCCC,-,"HNO3, 2-[1-(dioctylamino)-1-oxopropan-2-yl]oxy-N-N-dioctylpropanamide, Tb, hydrogenated tetrapropylene",,hydrogenated tetrapropylene,,"https://doi.org/10.1002/chem.201806161, https://doi.org/10.1021/jacs.5c19738",Baosen Zhang,2026-02-10 13:32:45,Distribution Ratio,89.99999990895753,-,Temperature,22.0,C,- -,,,Comments,updated ORNL,,,,
16209,2-[1-(dioctylamino)-1-oxopropan-2-yl]oxy-N-N-dioctylpropanamide,0.1 M,HNO3,4.3 M,hydrogenated tetrapropylene,Sm,III ,0.01 mM,,,,,CCCCCCCCN(CCCCCCCC)C(=O)C(C)OC(C)C(=O)N(CCCCCCCC)CCCCCCCC,-,"HNO3, 2-[1-(dioctylamino)-1-oxopropan-2-yl]oxy-N-N-dioctylpropanamide, Sm, hydrogenated tetrapropylene",,hydrogenated tetrapropylene,,"https://doi.org/10.1002/chem.201806161, https://doi.org/10.1021/jacs.5c19738",Baosen Zhang,2026-02-10 13:32:45,Distribution Ratio,0.8000000000148405,-,Temperature,22.0,C,- -,,,Comments,updated ORNL,,,,
16210,2-[1-(dioctylamino)-1-oxopropan-2-yl]oxy-N-N-dioctylpropanamide,0.1 M,HNO3,4.3 M,hydrogenated tetrapropylene,Nd,III ,0.01 mM,,,,,CCCCCCCCN(CCCCCCCC)C(=O)C(C)OC(C)C(=O)N(CCCCCCCC)CCCCCCCC,-,"HNO3, 2-[1-(dioctylamino)-1-oxopropan-2-yl]oxy-N-N-dioctylpropanamide, Nd, hydrogenated tetrapropylene",,hydrogenated tetrapropylene,,"https://doi.org/10.1002/chem.201806161, https://doi.org/10.1021/jacs.5c19738",Baosen Zhang,2026-02-10 13:32:45,Distribution Ratio,0.7800000005559022,-,Temperature,22.0,C,- -,,,Comments,updated ORNL,,,,
16211,2-[1-(dioctylamino)-1-oxopropan-2-yl]oxy-N-N-dioctylpropanamide,0.1 M,HNO3,4.3 M,hydrogenated tetrapropylene,Pr,III ,0.01 mM,,,,,CCCCCCCCN(CCCCCCCC)C(=O)C(C)OC(C)C(=O)N(CCCCCCCC)CCCCCCCC,-,"HNO3, 2-[1-(dioctylamino)-1-oxopropan-2-yl]oxy-N-N-dioctylpropanamide, Pr, hydrogenated tetrapropylene",,hydrogenated tetrapropylene,,"https://doi.org/10.1002/chem.201806161, https://doi.org/10.1021/jacs.5c19738",Baosen Zhang,2026-02-10 13:32:45,Distribution Ratio,0.8000000000148405,-,Temperature,22.0,C,- -,,,Comments,updated ORNL,,,,
16212,2-[1-(dioctylamino)-1-oxopropan-2-yl]oxy-N-N-dioctylpropanamide,0.1 M,HNO3,4.3 M,hydrogenated tetrapropylene,Ce,III ,0.01 mM,,,,,CCCCCCCCN(CCCCCCCC)C(=O)C(C)OC(C)C(=O)N(CCCCCCCC)CCCCCCCC,-,"HNO3, 2-[1-(dioctylamino)-1-oxopropan-2-yl]oxy-N-N-dioctylpropanamide, Ce, hydrogenated tetrapropylene",,hydrogenated tetrapropylene,,"https://doi.org/10.1002/chem.201806161, https://doi.org/10.1021/jacs.5c19738",Baosen Zhang,2026-02-10 13:32:45,Distribution Ratio,5.999999994699767,-,Temperature,22.0,C,- -,,,Comments,updated ORNL,,,,
16213,2-[1-(dioctylamino)-1-oxopropan-2-yl]oxy-N-N-dioctylpropanamide,0.1 M,HNO3,4.3 M,hydrogenated tetrapropylene,Pr,III ,0.01 mM,,,,,CCCCCCCCN(CCCCCCCC)C(=O)C(C)OC(C)C(=O)N(CCCCCCCC)CCCCCCCC,-,"HNO3, 2-[1-(dioctylamino)-1-oxopropan-2-yl]oxy-N-N-dioctylpropanamide, Pr, hydrogenated tetrapropylene",,hydrogenated tetrapropylene,,"https://doi.org/10.1002/chem.201806161, https://doi.org/10.1021/jacs.5c19738",Baosen Zhang,2026-02-10 13:32:45,Distribution Ratio,8.500000005591854,-,Temperature,22.0,C,- -,,,Comments,updated ORNL,,,,
16214,2-[1-(dioctylamino)-1-oxopropan-2-yl]oxy-N-N-dioctylpropanamide,0.1 M,HNO3,4.3 M,hydrogenated tetrapropylene,Nd,III ,0.01 mM,,,,,CCCCCCCCN(CCCCCCCC)C(=O)C(C)OC(C)C(=O)N(CCCCCCCC)CCCCCCCC,-,"HNO3, 2-[1-(dioctylamino)-1-oxopropan-2-yl]oxy-N-N-dioctylpropanamide, Nd, hydrogenated tetrapropylene",,hydrogenated tetrapropylene,,"https://doi.org/10.1002/chem.201806161, https://doi.org/10.1021/jacs.5c19738",Baosen Zhang,2026-02-10 13:32:45,Distribution Ratio,10.99999999599241,-,Temperature,22.0,C,- -,,,Comments,updated ORNL,,,,
16215,2-[1-(dioctylamino)-1-oxopropan-2-yl]oxy-N-N-dioctylpropanamide,0.1 M,HNO3,4.3 M,hydrogenated tetrapropylene,Sm,III ,0.01 mM,,,,,CCCCCCCCN(CCCCCCCC)C(=O)C(C)OC(C)C(=O)N(CCCCCCCC)CCCCCCCC,-,"HNO3, 2-[1-(dioctylamino)-1-oxopropan-2-yl]oxy-N-N-dioctylpropanamide, Sm, hydrogenated tetrapropylene",,hydrogenated tetrapropylene,,"https://doi.org/10.1002/chem.201806161, https://doi.org/10.1021/jacs.5c19738",Baosen Zhang,2026-02-10 13:32:45,Distribution Ratio,49.9999999613144,-,Temperature,22.0,C,- -,,,Comments,updated ORNL,,,,
16216,2-[1-(dioctylamino)-1-oxopropan-2-yl]oxy-N-N-dioctylpropanamide,0.1 M,HNO3,4.3 M,hydrogenated tetrapropylene,Eu,III ,0.01 mM,,,,,CCCCCCCCN(CCCCCCCC)C(=O)C(C)OC(C)C(=O)N(CCCCCCCC)CCCCCCCC,-,"HNO3, 2-[1-(dioctylamino)-1-oxopropan-2-yl]oxy-N-N-dioctylpropanamide, Eu, hydrogenated tetrapropylene",,hydrogenated tetrapropylene,,"https://doi.org/10.1002/chem.201806161, https://doi.org/10.1021/jacs.5c19738",Baosen Zhang,2026-02-10 13:32:45,Distribution Ratio,59.99999994699768,-,Temperature,22.0,C,- -,,,Comments,updated ORNL,,,,
16217,2-[1-(dioctylamino)-1-oxopropan-2-yl]oxy-N-N-dioctylpropanamide,0.1 M,HNO3,4.3 M,hydrogenated tetrapropylene,Gd,III ,0.01 mM,,,,,CCCCCCCCN(CCCCCCCC)C(=O)C(C)OC(C)C(=O)N(CCCCCCCC)CCCCCCCC,-,"HNO3, 2-[1-(dioctylamino)-1-oxopropan-2-yl]oxy-N-N-dioctylpropanamide, Gd, hydrogenated tetrapropylene",,hydrogenated tetrapropylene,,"https://doi.org/10.1002/chem.201806161, https://doi.org/10.1021/jacs.5c19738",Baosen Zhang,2026-02-10 13:32:45,Distribution Ratio,65.0000000534531,-,Temperature,22.0,C,- -,,,Comments,updated ORNL,,,,
16218,2-[1-(dioctylamino)-1-oxopropan-2-yl]oxy-N-N-dioctylpropanamide,0.1 M,HNO3,4.3 M,hydrogenated tetrapropylene,Dy,III ,0.01 mM,,,,,CCCCCCCCN(CCCCCCCC)C(=O)C(C)OC(C)C(=O)N(CCCCCCCC)CCCCCCCC,-,"HNO3, 2-[1-(dioctylamino)-1-oxopropan-2-yl]oxy-N-N-dioctylpropanamide, Dy, hydrogenated tetrapropylene",,hydrogenated tetrapropylene,,"https://doi.org/10.1002/chem.201806161, https://doi.org/10.1021/jacs.5c19738",Baosen Zhang,2026-02-10 13:32:45,Distribution Ratio,94.99999993681583,-,Temperature,22.0,C,- -,,,Comments,updated ORNL,,,,
16219,2-[1-(dioctylamino)-1-oxopropan-2-yl]oxy-N-N-dioctylpropanamide,0.1 M,HNO3,4.3 M,hydrogenated tetrapropylene,Ho,III ,0.01 mM,,,,,CCCCCCCCN(CCCCCCCC)C(=O)C(C)OC(C)C(=O)N(CCCCCCCC)CCCCCCCC,-,"HNO3, 2-[1-(dioctylamino)-1-oxopropan-2-yl]oxy-N-N-dioctylpropanamide, Ho, hydrogenated tetrapropylene",,hydrogenated tetrapropylene,,"https://doi.org/10.1002/chem.201806161, https://doi.org/10.1021/jacs.5c19738",Baosen Zhang,2026-02-10 13:32:45,Distribution Ratio,100.0,-,Temperature,22.0,C,- -,,,Comments,updated ORNL,,,,
16220,2-[1-(dioctylamino)-1-oxopropan-2-yl]oxy-N-N-dioctylpropanamide,0.1 M,HNO3,4.3 M,hydrogenated tetrapropylene,Gd,III ,0.01 mM,,,,,CCCCCCCCN(CCCCCCCC)C(=O)C(C)OC(C)C(=O)N(CCCCCCCC)CCCCCCCC,-,"HNO3, 2-[1-(dioctylamino)-1-oxopropan-2-yl]oxy-N-N-dioctylpropanamide, Gd, hydrogenated tetrapropylene",,hydrogenated tetrapropylene,,"https://doi.org/10.1002/chem.201806161, https://doi.org/10.1021/jacs.5c19738",Baosen Zhang,2026-02-10 13:32:46,Distribution Ratio,0.749999999323558,-,Temperature,22.0,C,- -,,,Comments,updated ORNL,,,,
16221,2-[1-(dioctylamino)-1-oxopropan-2-yl]oxy-N-N-dioctylpropanamide,0.1 M,HNO3,4.3 M,hydrogenated tetrapropylene,Ho,III ,0.01 mM,,,,,CCCCCCCCN(CCCCCCCC)C(=O)C(C)OC(C)C(=O)N(CCCCCCCC)CCCCCCCC,-,"HNO3, 2-[1-(dioctylamino)-1-oxopropan-2-yl]oxy-N-N-dioctylpropanamide, Ho, hydrogenated tetrapropylene",,hydrogenated tetrapropylene,,"https://doi.org/10.1002/chem.201806161, https://doi.org/10.1021/jacs.5c19738",Baosen Zhang,2026-02-10 13:32:46,Distribution Ratio,1.099999999599241,-,Temperature,22.0,C,- -,,,Comments,updated ORNL,,,,
16222,2-[1-(dioctylamino)-1-oxopropan-2-yl]oxy-N-N-dioctylpropanamide,0.1 M,HNO3,4.3 M,hydrogenated tetrapropylene,Tm,III ,0.01 mM,,,,,CCCCCCCCN(CCCCCCCC)C(=O)C(C)OC(C)C(=O)N(CCCCCCCC)CCCCCCCC,-,"HNO3, 2-[1-(dioctylamino)-1-oxopropan-2-yl]oxy-N-N-dioctylpropanamide, Tm, hydrogenated tetrapropylene",,hydrogenated tetrapropylene,,"https://doi.org/10.1002/chem.201806161, https://doi.org/10.1021/jacs.5c19738",Baosen Zhang,2026-02-10 13:32:46,Distribution Ratio,89.99999990895753,-,Temperature,22.0,C,- -,,,Comments,updated ORNL,,,,
16223,2-[1-(dioctylamino)-1-oxopropan-2-yl]oxy-N-N-dioctylpropanamide,0.1 M,HNO3,4.3 M,hydrogenated tetrapropylene,Yb,III ,0.01 mM,,,,,CCCCCCCCN(CCCCCCCC)C(=O)C(C)OC(C)C(=O)N(CCCCCCCC)CCCCCCCC,-,"HNO3, 2-[1-(dioctylamino)-1-oxopropan-2-yl]oxy-N-N-dioctylpropanamide, Yb, hydrogenated tetrapropylene",,hydrogenated tetrapropylene,,"https://doi.org/10.1002/chem.201806161, https://doi.org/10.1021/jacs.5c19738",Baosen Zhang,2026-02-10 13:32:46,Distribution Ratio,69.99999999770209,-,Temperature,22.0,C,- -,,,Comments,updated ORNL,,,,
16224,2-[1-(dioctylamino)-1-oxopropan-2-yl]oxy-N-N-dioctylpropanamide,0.1 M,HNO3,4.3 M,hydrogenated tetrapropylene,Lu,III ,0.01 mM,,,,,CCCCCCCCN(CCCCCCCC)C(=O)C(C)OC(C)C(=O)N(CCCCCCCC)CCCCCCCC,-,"HNO3, 2-[1-(dioctylamino)-1-oxopropan-2-yl]oxy-N-N-dioctylpropanamide, Lu, hydrogenated tetrapropylene",,hydrogenated tetrapropylene,,"https://doi.org/10.1002/chem.201806161, https://doi.org/10.1021/jacs.5c19738",Baosen Zhang,2026-02-10 13:32:46,Distribution Ratio,49.9999999613144,-,Temperature,22.0,C,- -,,,Comments,updated ORNL,,,,
16225,2-[1-(dioctylamino)-1-oxopropan-2-yl]oxy-N-N-dioctylpropanamide,0.1 M,HNO3,4.3 M,hydrogenated tetrapropylene,La,III ,0.01 mM,,,,,CCCCCCCCN(CCCCCCCC)C(=O)C(C)OC(C)C(=O)N(CCCCCCCC)CCCCCCCC,-,"HNO3, 2-[1-(dioctylamino)-1-oxopropan-2-yl]oxy-N-N-dioctylpropanamide, La, hydrogenated tetrapropylene",,hydrogenated tetrapropylene,,"https://doi.org/10.1002/chem.201806161, https://doi.org/10.1021/jacs.5c19738",Baosen Zhang,2026-02-10 13:32:46,Distribution Ratio,0.3999999996979355,-,Temperature,22.0,C,- -,,,Comments,updated ORNL,,,,
16226,2-[1-(dioctylamino)-1-oxopropan-2-yl]oxy-N-N-dioctylpropanamide,0.1 M,HNO3,4.3 M,hydrogenated tetrapropylene,Tb,III ,0.01 mM,,,,,CCCCCCCCN(CCCCCCCC)C(=O)C(C)OC(C)C(=O)N(CCCCCCCC)CCCCCCCC,-,"HNO3, 2-[1-(dioctylamino)-1-oxopropan-2-yl]oxy-N-N-dioctylpropanamide, Tb, hydrogenated tetrapropylene",,hydrogenated tetrapropylene,,"https://doi.org/10.1002/chem.201806161, https://doi.org/10.1021/jacs.5c19738",Baosen Zhang,2026-02-10 13:32:46,Distribution Ratio,0.9499999993681583,-,Temperature,22.0,C,- -,,,Comments,updated ORNL,,,,
16227,2-[1-(dioctylamino)-1-oxopropan-2-yl]oxy-N-N-dioctylpropanamide,0.1 M,HNO3,4.3 M,hydrogenated tetrapropylene,Er,III ,0.01 mM,,,,,CCCCCCCCN(CCCCCCCC)C(=O)C(C)OC(C)C(=O)N(CCCCCCCC)CCCCCCCC,-,"HNO3, 2-[1-(dioctylamino)-1-oxopropan-2-yl]oxy-N-N-dioctylpropanamide, Er, hydrogenated tetrapropylene",,hydrogenated tetrapropylene,,"https://doi.org/10.1002/chem.201806161, https://doi.org/10.1021/jacs.5c19738",Baosen Zhang,2026-02-10 13:32:46,Distribution Ratio,93.00000009552052,-,Temperature,22.0,C,- -,,,Comments,updated ORNL,,,,
16228,2-[1-(dioctylamino)-1-oxopropan-2-yl]oxy-N-N-dioctylpropanamide,0.1 M,HNO3,4.3 M,hydrogenated tetrapropylene,Er,III ,0.01 mM,,,,,CCCCCCCCN(CCCCCCCC)C(=O)C(C)OC(C)C(=O)N(CCCCCCCC)CCCCCCCC,-,"HNO3, 2-[1-(dioctylamino)-1-oxopropan-2-yl]oxy-N-N-dioctylpropanamide, Er, hydrogenated tetrapropylene",,hydrogenated tetrapropylene,,"https://doi.org/10.1002/chem.201806161, https://doi.org/10.1021/jacs.5c19738",Baosen Zhang,2026-02-10 13:32:46,Distribution Ratio,1.04999999983091,-,Temperature,22.0,C,- -,,,Comments,updated ORNL,,,,
16229,2-[1-(dioctylamino)-1-oxopropan-2-yl]oxy-N-N-dioctylpropanamide,0.1 M,HNO3,4.3 M,hydrogenated tetrapropylene,Tm,III ,0.01 mM,,,,,CCCCCCCCN(CCCCCCCC)C(=O)C(C)OC(C)C(=O)N(CCCCCCCC)CCCCCCCC,-,"HNO3, 2-[1-(dioctylamino)-1-oxopropan-2-yl]oxy-N-N-dioctylpropanamide, Tm, hydrogenated tetrapropylene",,hydrogenated tetrapropylene,,"https://doi.org/10.1002/chem.201806161, https://doi.org/10.1021/jacs.5c19738",Baosen Zhang,2026-02-10 13:32:46,Distribution Ratio,1.0,-,Temperature,22.0,C,- -,,,Comments,updated ORNL,,,,
16230,2-[1-(dioctylamino)-1-oxopropan-2-yl]oxy-N-N-dioctylpropanamide,0.1 M,HNO3,4.3 M,hydrogenated tetrapropylene,Yb,III ,0.01 mM,,,,,CCCCCCCCN(CCCCCCCC)C(=O)C(C)OC(C)C(=O)N(CCCCCCCC)CCCCCCCC,-,"HNO3, 2-[1-(dioctylamino)-1-oxopropan-2-yl]oxy-N-N-dioctylpropanamide, Yb, hydrogenated tetrapropylene",,hydrogenated tetrapropylene,,"https://doi.org/10.1002/chem.201806161, https://doi.org/10.1021/jacs.5c19738",Baosen Zhang,2026-02-10 13:32:46,Distribution Ratio,0.8999999990895754,-,Temperature,22.0,C,- -,,,Comments,updated ORNL,,,,
16231,2-[1-(dioctylamino)-1-oxopropan-2-yl]oxy-N-N-dioctylpropanamide,0.1 M,HNO3,4.3 M,hydrogenated tetrapropylene,Lu,III ,0.01 mM,,,,,CCCCCCCCN(CCCCCCCC)C(=O)C(C)OC(C)C(=O)N(CCCCCCCC)CCCCCCCC,-,"HNO3, 2-[1-(dioctylamino)-1-oxopropan-2-yl]oxy-N-N-dioctylpropanamide, Lu, hydrogenated tetrapropylene",,hydrogenated tetrapropylene,,"https://doi.org/10.1002/chem.201806161, https://doi.org/10.1021/jacs.5c19738",Baosen Zhang,2026-02-10 13:32:46,Distribution Ratio,0.6999999999770207,-,Temperature,22.0,C,- -,,,Comments,updated ORNL,,,,
16232,2-[1-(dioctylamino)-1-oxopropan-2-yl]oxy-N-N-dioctylpropanamide,0.1 M,HNO3,4.3 M,hydrogenated tetrapropylene,Dy,III ,0.01 mM,,,,,CCCCCCCCN(CCCCCCCC)C(=O)C(C)OC(C)C(=O)N(CCCCCCCC)CCCCCCCC,-,"HNO3, 2-[1-(dioctylamino)-1-oxopropan-2-yl]oxy-N-N-dioctylpropanamide, Dy, hydrogenated tetrapropylene",,hydrogenated tetrapropylene,,"https://doi.org/10.1002/chem.201806161, https://doi.org/10.1021/jacs.5c19738",Baosen Zhang,2026-02-10 13:32:46,Distribution Ratio,1.0,-,Temperature,22.0,C,- -,,,Comments,updated ORNL,,,,
16271,8-11-11-trimethyl-5-[6-(8-11-11-trimethyl-3-4-6-triazatricyclo[6.2.1.02-7]undeca-2(7)-3-5-trien-5-yl)-2-pyridinyl]-3-4-6-triazatricyclo[6.2.1.02-7]undeca-2(7)-3-5-triene,0.03 M,HNO3,0.1 M,"hydrogenated tetrapropylene 0.7, 1-octanol 0.3",Nd,III , ,,,,,CC12CCC(c3nnc(-c4cccc(-c5nnc6c(n5)C5(C)CCC6C5(C)C)n4)nc31)C2(C)C,-,"HNO3, 8-11-11-trimethyl-5-[6-(8-11-11-trimethyl-3-4-6-triazatricyclo[6.2.1.02-7]undeca-2(7)-3-5-trien-5-yl)-2-pyridinyl]-3-4-6-triazatricyclo[6.2.1.02-7]undeca-2(7)-3-5-triene, Nd, hydrogenated tetrapropylene 0.7, 1-octanol 0.3",,"hydrogenated tetrapropylene 0.7, 1-octanol 0.3",,"https://doi.org/10.1080/07366299.2011.539129, https://doi.org/10.1021/jacs.5c19738",Baosen Zhang,2026-02-10 13:32:49,Distribution Ratio,0.002000000001547424,-,Temperature,20.0,C,- -,,,Comments,updated ORNL,,,,
16272,8-11-11-trimethyl-5-[6-(8-11-11-trimethyl-3-4-6-triazatricyclo[6.2.1.02-7]undeca-2(7)-3-5-trien-5-yl)-2-pyridinyl]-3-4-6-triazatricyclo[6.2.1.02-7]undeca-2(7)-3-5-triene,0.03 M,HNO3,0.1 M,"hydrogenated tetrapropylene 0.7, 1-octanol 0.3",La,III , ,,,,,CC12CCC(c3nnc(-c4cccc(-c5nnc6c(n5)C5(C)CCC6C5(C)C)n4)nc31)C2(C)C,-,"HNO3, 8-11-11-trimethyl-5-[6-(8-11-11-trimethyl-3-4-6-triazatricyclo[6.2.1.02-7]undeca-2(7)-3-5-trien-5-yl)-2-pyridinyl]-3-4-6-triazatricyclo[6.2.1.02-7]undeca-2(7)-3-5-triene, La, hydrogenated tetrapropylene 0.7, 1-octanol 0.3",,"hydrogenated tetrapropylene 0.7, 1-octanol 0.3",,"https://doi.org/10.1080/07366299.2011.539129, https://doi.org/10.1021/jacs.5c19738",Baosen Zhang,2026-02-10 13:32:49,Distribution Ratio,0.0001,-,Temperature,20.0,C,- -,,,Comments,updated ORNL,,,,
16273,8-11-11-trimethyl-5-[6-(8-11-11-trimethyl-3-4-6-triazatricyclo[6.2.1.02-7]undeca-2(7)-3-5-trien-5-yl)-2-pyridinyl]-3-4-6-triazatricyclo[6.2.1.02-7]undeca-2(7)-3-5-triene,0.03 M,HNO3,0.1 M,"hydrogenated tetrapropylene 0.7, 1-octanol 0.3",Sm,III , ,,,,,CC12CCC(c3nnc(-c4cccc(-c5nnc6c(n5)C5(C)CCC6C5(C)C)n4)nc31)C2(C)C,-,"HNO3, 8-11-11-trimethyl-5-[6-(8-11-11-trimethyl-3-4-6-triazatricyclo[6.2.1.02-7]undeca-2(7)-3-5-trien-5-yl)-2-pyridinyl]-3-4-6-triazatricyclo[6.2.1.02-7]undeca-2(7)-3-5-triene, Sm, hydrogenated tetrapropylene 0.7, 1-octanol 0.3",,"hydrogenated tetrapropylene 0.7, 1-octanol 0.3",,"https://doi.org/10.1080/07366299.2011.539129, https://doi.org/10.1021/jacs.5c19738",Baosen Zhang,2026-02-10 13:32:49,Distribution Ratio,0.03000000001936503,-,Temperature,20.0,C,- -,,,Comments,updated ORNL,,,,
16274,8-11-11-trimethyl-5-[6-(8-11-11-trimethyl-3-4-6-triazatricyclo[6.2.1.02-7]undeca-2(7)-3-5-trien-5-yl)-2-pyridinyl]-3-4-6-triazatricyclo[6.2.1.02-7]undeca-2(7)-3-5-triene,0.03 M,HNO3,0.1 M,"hydrogenated tetrapropylene 0.7, 1-octanol 0.3",Eu,III , ,,,,,CC12CCC(c3nnc(-c4cccc(-c5nnc6c(n5)C5(C)CCC6C5(C)C)n4)nc31)C2(C)C,-,"HNO3, 8-11-11-trimethyl-5-[6-(8-11-11-trimethyl-3-4-6-triazatricyclo[6.2.1.02-7]undeca-2(7)-3-5-trien-5-yl)-2-pyridinyl]-3-4-6-triazatricyclo[6.2.1.02-7]undeca-2(7)-3-5-triene, Eu, hydrogenated tetrapropylene 0.7, 1-octanol 0.3",,"hydrogenated tetrapropylene 0.7, 1-octanol 0.3",,"https://doi.org/10.1080/07366299.2011.539129, https://doi.org/10.1021/jacs.5c19738",Baosen Zhang,2026-02-10 13:32:49,Distribution Ratio,0.08999999990895753,-,Temperature,20.0,C,- -,,,Comments,updated ORNL,,,,
16275,8-11-11-trimethyl-5-[6-(8-11-11-trimethyl-3-4-6-triazatricyclo[6.2.1.02-7]undeca-2(7)-3-5-trien-5-yl)-2-pyridinyl]-3-4-6-triazatricyclo[6.2.1.02-7]undeca-2(7)-3-5-triene,0.03 M,HNO3,0.1 M,"hydrogenated tetrapropylene 0.7, 1-octanol 0.3",Pr,III , ,,,,,CC12CCC(c3nnc(-c4cccc(-c5nnc6c(n5)C5(C)CCC6C5(C)C)n4)nc31)C2(C)C,-,"HNO3, 8-11-11-trimethyl-5-[6-(8-11-11-trimethyl-3-4-6-triazatricyclo[6.2.1.02-7]undeca-2(7)-3-5-trien-5-yl)-2-pyridinyl]-3-4-6-triazatricyclo[6.2.1.02-7]undeca-2(7)-3-5-triene, Pr, hydrogenated tetrapropylene 0.7, 1-octanol 0.3",,"hydrogenated tetrapropylene 0.7, 1-octanol 0.3",,"https://doi.org/10.1080/07366299.2011.539129, https://doi.org/10.1021/jacs.5c19738",Baosen Zhang,2026-02-10 13:32:49,Distribution Ratio,0.001,-,Temperature,20.0,C,- -,,,Comments,updated ORNL,,,,
16276,8-11-11-trimethyl-5-[6-(8-11-11-trimethyl-3-4-6-triazatricyclo[6.2.1.02-7]undeca-2(7)-3-5-trien-5-yl)-2-pyridinyl]-3-4-6-triazatricyclo[6.2.1.02-7]undeca-2(7)-3-5-triene,0.03 M,HNO3,0.1 M,"hydrogenated tetrapropylene 0.7, 1-octanol 0.3",Tb,III , ,,,,,CC12CCC(c3nnc(-c4cccc(-c5nnc6c(n5)C5(C)CCC6C5(C)C)n4)nc31)C2(C)C,-,"HNO3, 8-11-11-trimethyl-5-[6-(8-11-11-trimethyl-3-4-6-triazatricyclo[6.2.1.02-7]undeca-2(7)-3-5-trien-5-yl)-2-pyridinyl]-3-4-6-triazatricyclo[6.2.1.02-7]undeca-2(7)-3-5-triene, Tb, hydrogenated tetrapropylene 0.7, 1-octanol 0.3",,"hydrogenated tetrapropylene 0.7, 1-octanol 0.3",,"https://doi.org/10.1080/07366299.2011.539129, https://doi.org/10.1021/jacs.5c19738",Baosen Zhang,2026-02-10 13:32:49,Distribution Ratio,0.8000000000148405,-,Temperature,20.0,C,- -,,,Comments,updated ORNL,,,,
16277,8-11-11-trimethyl-5-[6-(8-11-11-trimethyl-3-4-6-triazatricyclo[6.2.1.02-7]undeca-2(7)-3-5-trien-5-yl)-2-pyridinyl]-3-4-6-triazatricyclo[6.2.1.02-7]undeca-2(7)-3-5-triene,0.03 M,HNO3,0.1 M,"hydrogenated tetrapropylene 0.7, 1-octanol 0.3",Dy,III , ,,,,,CC12CCC(c3nnc(-c4cccc(-c5nnc6c(n5)C5(C)CCC6C5(C)C)n4)nc31)C2(C)C,-,"HNO3, 8-11-11-trimethyl-5-[6-(8-11-11-trimethyl-3-4-6-triazatricyclo[6.2.1.02-7]undeca-2(7)-3-5-trien-5-yl)-2-pyridinyl]-3-4-6-triazatricyclo[6.2.1.02-7]undeca-2(7)-3-5-triene, Dy, hydrogenated tetrapropylene 0.7, 1-octanol 0.3",,"hydrogenated tetrapropylene 0.7, 1-octanol 0.3",,"https://doi.org/10.1080/07366299.2011.539129, https://doi.org/10.1021/jacs.5c19738",Baosen Zhang,2026-02-10 13:32:49,Distribution Ratio,0.9499999993681583,-,Temperature,20.0,C,- -,,,Comments,updated ORNL,,,,
16278,8-11-11-trimethyl-5-[6-(8-11-11-trimethyl-3-4-6-triazatricyclo[6.2.1.02-7]undeca-2(7)-3-5-trien-5-yl)-2-pyridinyl]-3-4-6-triazatricyclo[6.2.1.02-7]undeca-2(7)-3-5-triene,0.03 M,HNO3,0.1 M,"hydrogenated tetrapropylene 0.7, 1-octanol 0.3",Gd,III , ,,,,,CC12CCC(c3nnc(-c4cccc(-c5nnc6c(n5)C5(C)CCC6C5(C)C)n4)nc31)C2(C)C,-,"HNO3, 8-11-11-trimethyl-5-[6-(8-11-11-trimethyl-3-4-6-triazatricyclo[6.2.1.02-7]undeca-2(7)-3-5-trien-5-yl)-2-pyridinyl]-3-4-6-triazatricyclo[6.2.1.02-7]undeca-2(7)-3-5-triene, Gd, hydrogenated tetrapropylene 0.7, 1-octanol 0.3",,"hydrogenated tetrapropylene 0.7, 1-octanol 0.3",,"https://doi.org/10.1080/07366299.2011.539129, https://doi.org/10.1021/jacs.5c19738",Baosen Zhang,2026-02-10 13:32:49,Distribution Ratio,0.1099999999599241,-,Temperature,20.0,C,- -,,,Comments,updated ORNL,,,,
16279,8-11-11-trimethyl-5-[6-(8-11-11-trimethyl-3-4-6-triazatricyclo[6.2.1.02-7]undeca-2(7)-3-5-trien-5-yl)-2-pyridinyl]-3-4-6-triazatricyclo[6.2.1.02-7]undeca-2(7)-3-5-triene,0.03 M,HNO3,0.1 M,"hydrogenated tetrapropylene 0.7, 1-octanol 0.3",Er,III , ,,,,,CC12CCC(c3nnc(-c4cccc(-c5nnc6c(n5)C5(C)CCC6C5(C)C)n4)nc31)C2(C)C,-,"HNO3, 8-11-11-trimethyl-5-[6-(8-11-11-trimethyl-3-4-6-triazatricyclo[6.2.1.02-7]undeca-2(7)-3-5-trien-5-yl)-2-pyridinyl]-3-4-6-triazatricyclo[6.2.1.02-7]undeca-2(7)-3-5-triene, Er, hydrogenated tetrapropylene 0.7, 1-octanol 0.3",,"hydrogenated tetrapropylene 0.7, 1-octanol 0.3",,"https://doi.org/10.1080/07366299.2011.539129, https://doi.org/10.1021/jacs.5c19738",Baosen Zhang,2026-02-10 13:32:50,Distribution Ratio,1.020000000559169,-,Temperature,20.0,C,- -,,,Comments,updated ORNL,,,,
16280,8-11-11-trimethyl-5-[6-(8-11-11-trimethyl-3-4-6-triazatricyclo[6.2.1.02-7]undeca-2(7)-3-5-trien-5-yl)-2-pyridinyl]-3-4-6-triazatricyclo[6.2.1.02-7]undeca-2(7)-3-5-triene,0.03 M,HNO3,0.1 M,"hydrogenated tetrapropylene 0.7, 1-octanol 0.3",Tm,III , ,,,,,CC12CCC(c3nnc(-c4cccc(-c5nnc6c(n5)C5(C)CCC6C5(C)C)n4)nc31)C2(C)C,-,"HNO3, 8-11-11-trimethyl-5-[6-(8-11-11-trimethyl-3-4-6-triazatricyclo[6.2.1.02-7]undeca-2(7)-3-5-trien-5-yl)-2-pyridinyl]-3-4-6-triazatricyclo[6.2.1.02-7]undeca-2(7)-3-5-triene, Tm, hydrogenated tetrapropylene 0.7, 1-octanol 0.3",,"hydrogenated tetrapropylene 0.7, 1-octanol 0.3",,"https://doi.org/10.1080/07366299.2011.539129, https://doi.org/10.1021/jacs.5c19738",Baosen Zhang,2026-02-10 13:32:50,Distribution Ratio,0.9199999992679833,-,Temperature,20.0,C,- -,,,Comments,updated ORNL,,,,
16281,8-11-11-trimethyl-5-[6-(8-11-11-trimethyl-3-4-6-triazatricyclo[6.2.1.02-7]undeca-2(7)-3-5-trien-5-yl)-2-pyridinyl]-3-4-6-triazatricyclo[6.2.1.02-7]undeca-2(7)-3-5-triene,0.03 M,HNO3,0.1 M,"hydrogenated tetrapropylene 0.7, 1-octanol 0.3",Yb,III , ,,,,,CC12CCC(c3nnc(-c4cccc(-c5nnc6c(n5)C5(C)CCC6C5(C)C)n4)nc31)C2(C)C,-,"HNO3, 8-11-11-trimethyl-5-[6-(8-11-11-trimethyl-3-4-6-triazatricyclo[6.2.1.02-7]undeca-2(7)-3-5-trien-5-yl)-2-pyridinyl]-3-4-6-triazatricyclo[6.2.1.02-7]undeca-2(7)-3-5-triene, Yb, hydrogenated tetrapropylene 0.7, 1-octanol 0.3",,"hydrogenated tetrapropylene 0.7, 1-octanol 0.3",,"https://doi.org/10.1080/07366299.2011.539129, https://doi.org/10.1021/jacs.5c19738",Baosen Zhang,2026-02-10 13:32:50,Distribution Ratio,0.749999999323558,-,Temperature,20.0,C,- -,,,Comments,updated ORNL,,,,
16282,8-11-11-trimethyl-5-[6-(8-11-11-trimethyl-3-4-6-triazatricyclo[6.2.1.02-7]undeca-2(7)-3-5-trien-5-yl)-2-pyridinyl]-3-4-6-triazatricyclo[6.2.1.02-7]undeca-2(7)-3-5-triene,0.03 M,HNO3,0.1 M,"hydrogenated tetrapropylene 0.7, 1-octanol 0.3",Lu,III , ,,,,,CC12CCC(c3nnc(-c4cccc(-c5nnc6c(n5)C5(C)CCC6C5(C)C)n4)nc31)C2(C)C,-,"HNO3, 8-11-11-trimethyl-5-[6-(8-11-11-trimethyl-3-4-6-triazatricyclo[6.2.1.02-7]undeca-2(7)-3-5-trien-5-yl)-2-pyridinyl]-3-4-6-triazatricyclo[6.2.1.02-7]undeca-2(7)-3-5-triene, Lu, hydrogenated tetrapropylene 0.7, 1-octanol 0.3",,"hydrogenated tetrapropylene 0.7, 1-octanol 0.3",,"https://doi.org/10.1080/07366299.2011.539129, https://doi.org/10.1021/jacs.5c19738",Baosen Zhang,2026-02-10 13:32:50,Distribution Ratio,0.499999999613144,-,Temperature,20.0,C,- -,,,Comments,updated ORNL,,,,
16283,8-11-11-trimethyl-5-[6-(8-11-11-trimethyl-3-4-6-triazatricyclo[6.2.1.02-7]undeca-2(7)-3-5-trien-5-yl)-2-pyridinyl]-3-4-6-triazatricyclo[6.2.1.02-7]undeca-2(7)-3-5-triene,0.03 M,HNO3,0.1 M,"hydrogenated tetrapropylene 0.7, 1-octanol 0.3",Ce,III , ,,,,,CC12CCC(c3nnc(-c4cccc(-c5nnc6c(n5)C5(C)CCC6C5(C)C)n4)nc31)C2(C)C,-,"HNO3, 8-11-11-trimethyl-5-[6-(8-11-11-trimethyl-3-4-6-triazatricyclo[6.2.1.02-7]undeca-2(7)-3-5-trien-5-yl)-2-pyridinyl]-3-4-6-triazatricyclo[6.2.1.02-7]undeca-2(7)-3-5-triene, Ce, hydrogenated tetrapropylene 0.7, 1-octanol 0.3",,"hydrogenated tetrapropylene 0.7, 1-octanol 0.3",,"https://doi.org/10.1080/07366299.2011.539129, https://doi.org/10.1021/jacs.5c19738",Baosen Zhang,2026-02-10 13:32:50,Distribution Ratio,0.000499999999613144,-,Temperature,20.0,C,- -,,,Comments,updated ORNL,,,,
16284,8-11-11-trimethyl-5-[6-(8-11-11-trimethyl-3-4-6-triazatricyclo[6.2.1.02-7]undeca-2(7)-3-5-trien-5-yl)-2-pyridinyl]-3-4-6-triazatricyclo[6.2.1.02-7]undeca-2(7)-3-5-triene,0.03 M,HNO3,0.1 M,"hydrogenated tetrapropylene 0.7, 1-octanol 0.3",Ho,III , ,,,,,CC12CCC(c3nnc(-c4cccc(-c5nnc6c(n5)C5(C)CCC6C5(C)C)n4)nc31)C2(C)C,-,"HNO3, 8-11-11-trimethyl-5-[6-(8-11-11-trimethyl-3-4-6-triazatricyclo[6.2.1.02-7]undeca-2(7)-3-5-trien-5-yl)-2-pyridinyl]-3-4-6-triazatricyclo[6.2.1.02-7]undeca-2(7)-3-5-triene, Ho, hydrogenated tetrapropylene 0.7, 1-octanol 0.3",,"hydrogenated tetrapropylene 0.7, 1-octanol 0.3",,"https://doi.org/10.1080/07366299.2011.539129, https://doi.org/10.1021/jacs.5c19738",Baosen Zhang,2026-02-10 13:32:50,Distribution Ratio,1.04999999983091,-,Temperature,20.0,C,- -,,,Comments,updated ORNL,,,,
16285,N-ethyl-6-[6-[ethyl(phenyl)carbamoyl]-2-pyridinyl]-N-phenylpyridine-2-carboxamide,0.05 M,HNO3,3 M,nitrobenzene,Pr,III ,0.1 mM,,,,,CCN(C(=O)c1cccc(-c2cccc(C(=O)N(CC)c3ccccc3)n2)n1)c1ccccc1,-,"HNO3, N-ethyl-6-[6-[ethyl(phenyl)carbamoyl]-2-pyridinyl]-N-phenylpyridine-2-carboxamide, Pr, nitrobenzene",,nitrobenzene,,"https://doi.org/10.1039/C8DT03734E, https://doi.org/10.1021/jacs.5c19738",Baosen Zhang,2026-02-10 13:32:50,Distribution Ratio,0.7299999997975273,-,Temperature,25.0,C,- -,,,Comments,updated ORNL,,,,
16286,N-(2-5-dimethylphenyl)-6-[6-[(2-5-dimethylphenyl)-ethylcarbamoyl]-2-pyridinyl]-N-ethylpyridine-2-carboxamide,0.05 M,HNO3,3 M,nitrobenzene,Pr,III ,0.1 mM,,,,,CCN(C(=O)c1cccc(-c2cccc(C(=O)N(CC)c3cc(C)ccc3C)n2)n1)c1cc(C)ccc1C,-,"HNO3, N-(2-5-dimethylphenyl)-6-[6-[(2-5-dimethylphenyl)-ethylcarbamoyl]-2-pyridinyl]-N-ethylpyridine-2-carboxamide, Pr, nitrobenzene",,nitrobenzene,,"https://doi.org/10.1039/C8DT03734E, https://doi.org/10.1021/jacs.5c19738",Baosen Zhang,2026-02-10 13:32:50,Distribution Ratio,1.199999999868408,-,Temperature,25.0,C,- -,,,Comments,updated ORNL,,,,
16287,N-(2-4-dimethylphenyl)-6-[6-[(2-4-dimethylphenyl)-ethylcarbamoyl]-2-pyridinyl]-N-ethylpyridine-2-carboxamide,0.05 M,HNO3,3 M,nitrobenzene,Sm,III ,0.1 mM,,,,,CCN(C(=O)c1cccc(-c2cccc(C(=O)N(CC)c3ccc(C)cc3C)n2)n1)c1ccc(C)cc1C,-,"HNO3, N-(2-4-dimethylphenyl)-6-[6-[(2-4-dimethylphenyl)-ethylcarbamoyl]-2-pyridinyl]-N-ethylpyridine-2-carboxamide, Sm, nitrobenzene",,nitrobenzene,,"https://doi.org/10.1039/C8DT03734E, https://doi.org/10.1021/jacs.5c19738",Baosen Zhang,2026-02-10 13:32:50,Distribution Ratio,1.799999999571832,-,Temperature,25.0,C,- -,,,Comments,updated ORNL,,,,
16288,N-(2-4-dimethylphenyl)-6-[6-[(2-4-dimethylphenyl)-ethylcarbamoyl]-2-pyridinyl]-N-ethylpyridine-2-carboxamide,0.05 M,HNO3,3 M,nitrobenzene,Er,III ,0.1 mM,,,,,CCN(C(=O)c1cccc(-c2cccc(C(=O)N(CC)c3ccc(C)cc3C)n2)n1)c1ccc(C)cc1C,-,"HNO3, N-(2-4-dimethylphenyl)-6-[6-[(2-4-dimethylphenyl)-ethylcarbamoyl]-2-pyridinyl]-N-ethylpyridine-2-carboxamide, Er, nitrobenzene",,nitrobenzene,,"https://doi.org/10.1039/C8DT03734E, https://doi.org/10.1021/jacs.5c19738",Baosen Zhang,2026-02-10 13:32:50,Distribution Ratio,1.199999999868408,-,Temperature,25.0,C,- -,,,Comments,updated ORNL,,,,
16289,N-(2-4-dimethylphenyl)-6-[6-[(2-4-dimethylphenyl)-ethylcarbamoyl]-2-pyridinyl]-N-ethylpyridine-2-carboxamide,0.05 M,HNO3,3 M,nitrobenzene,Yb,III ,0.1 mM,,,,,CCN(C(=O)c1cccc(-c2cccc(C(=O)N(CC)c3ccc(C)cc3C)n2)n1)c1ccc(C)cc1C,-,"HNO3, N-(2-4-dimethylphenyl)-6-[6-[(2-4-dimethylphenyl)-ethylcarbamoyl]-2-pyridinyl]-N-ethylpyridine-2-carboxamide, Yb, nitrobenzene",,nitrobenzene,,"https://doi.org/10.1039/C8DT03734E, https://doi.org/10.1021/jacs.5c19738",Baosen Zhang,2026-02-10 13:32:50,Distribution Ratio,1.699999998519287,-,Temperature,25.0,C,- -,,,Comments,updated ORNL,,,,
16290,N-(3-5-dimethylphenyl)-6-[6-[(3-5-dimethylphenyl)-ethylcarbamoyl]-2-pyridinyl]-N-ethylpyridine-2-carboxamide,0.05 M,HNO3,3 M,nitrobenzene,Nd,III ,0.1 mM,,,,,CCN(C(=O)c1cccc(-c2cccc(C(=O)N(CC)c3cc(C)cc(C)c3)n2)n1)c1cc(C)cc(C)c1,-,"HNO3, N-(3-5-dimethylphenyl)-6-[6-[(3-5-dimethylphenyl)-ethylcarbamoyl]-2-pyridinyl]-N-ethylpyridine-2-carboxamide, Nd, nitrobenzene",,nitrobenzene,,"https://doi.org/10.1039/C8DT03734E, https://doi.org/10.1021/jacs.5c19738",Baosen Zhang,2026-02-10 13:32:50,Distribution Ratio,2.90000000067472,-,Temperature,25.0,C,- -,,,Comments,updated ORNL,,,,
16291,N-(3-5-dimethylphenyl)-6-[6-[(3-5-dimethylphenyl)-ethylcarbamoyl]-2-pyridinyl]-N-ethylpyridine-2-carboxamide,0.05 M,HNO3,3 M,nitrobenzene,Lu,III ,0.1 mM,,,,,CCN(C(=O)c1cccc(-c2cccc(C(=O)N(CC)c3cc(C)cc(C)c3)n2)n1)c1cc(C)cc(C)c1,-,"HNO3, N-(3-5-dimethylphenyl)-6-[6-[(3-5-dimethylphenyl)-ethylcarbamoyl]-2-pyridinyl]-N-ethylpyridine-2-carboxamide, Lu, nitrobenzene",,nitrobenzene,,"https://doi.org/10.1039/C8DT03734E, https://doi.org/10.1021/jacs.5c19738",Baosen Zhang,2026-02-10 13:32:50,Distribution Ratio,1.499999999807684,-,Temperature,25.0,C,- -,,,Comments,updated ORNL,,,,
16292,N-(2-5-dimethylphenyl)-6-[6-[(2-5-dimethylphenyl)-ethylcarbamoyl]-2-pyridinyl]-N-ethylpyridine-2-carboxamide,0.05 M,HNO3,3 M,nitrobenzene,Eu,III ,0.1 mM,,,,,CCN(C(=O)c1cccc(-c2cccc(C(=O)N(CC)c3cc(C)ccc3C)n2)n1)c1cc(C)ccc1C,-,"HNO3, N-(2-5-dimethylphenyl)-6-[6-[(2-5-dimethylphenyl)-ethylcarbamoyl]-2-pyridinyl]-N-ethylpyridine-2-carboxamide, Eu, nitrobenzene",,nitrobenzene,,"https://doi.org/10.1039/C8DT03734E, https://doi.org/10.1021/jacs.5c19738",Baosen Zhang,2026-02-10 13:32:50,Distribution Ratio,1.0,-,Temperature,25.0,C,- -,,,Comments,updated ORNL,,,,
16293,N-(3-5-dimethylphenyl)-6-[6-[(3-5-dimethylphenyl)-ethylcarbamoyl]-2-pyridinyl]-N-ethylpyridine-2-carboxamide,0.05 M,HNO3,3 M,nitrobenzene,Tm,III ,0.1 mM,,,,,CCN(C(=O)c1cccc(-c2cccc(C(=O)N(CC)c3cc(C)cc(C)c3)n2)n1)c1cc(C)cc(C)c1,-,"HNO3, N-(3-5-dimethylphenyl)-6-[6-[(3-5-dimethylphenyl)-ethylcarbamoyl]-2-pyridinyl]-N-ethylpyridine-2-carboxamide, Tm, nitrobenzene",,nitrobenzene,,"https://doi.org/10.1039/C8DT03734E, https://doi.org/10.1021/jacs.5c19738",Baosen Zhang,2026-02-10 13:32:51,Distribution Ratio,1.400000001037238,-,Temperature,25.0,C,- -,,,Comments,updated ORNL,,,,
16294,N-(2-4-dimethylphenyl)-6-[6-[(2-4-dimethylphenyl)-ethylcarbamoyl]-2-pyridinyl]-N-ethylpyridine-2-carboxamide,0.05 M,HNO3,3 M,nitrobenzene,La,III ,0.1 mM,,,,,CCN(C(=O)c1cccc(-c2cccc(C(=O)N(CC)c3ccc(C)cc3C)n2)n1)c1ccc(C)cc1C,-,"HNO3, N-(2-4-dimethylphenyl)-6-[6-[(2-4-dimethylphenyl)-ethylcarbamoyl]-2-pyridinyl]-N-ethylpyridine-2-carboxamide, La, nitrobenzene",,nitrobenzene,,"https://doi.org/10.1039/C8DT03734E, https://doi.org/10.1021/jacs.5c19738",Baosen Zhang,2026-02-10 13:32:51,Distribution Ratio,0.5999999994699767,-,Temperature,25.0,C,- -,,,Comments,updated ORNL,,,,
16295,N-(2-4-dimethylphenyl)-6-[6-[(2-4-dimethylphenyl)-ethylcarbamoyl]-2-pyridinyl]-N-ethylpyridine-2-carboxamide,0.05 M,HNO3,3 M,nitrobenzene,Ce,III ,0.1 mM,,,,,CCN(C(=O)c1cccc(-c2cccc(C(=O)N(CC)c3ccc(C)cc3C)n2)n1)c1ccc(C)cc1C,-,"HNO3, N-(2-4-dimethylphenyl)-6-[6-[(2-4-dimethylphenyl)-ethylcarbamoyl]-2-pyridinyl]-N-ethylpyridine-2-carboxamide, Ce, nitrobenzene",,nitrobenzene,,"https://doi.org/10.1039/C8DT03734E, https://doi.org/10.1021/jacs.5c19738",Baosen Zhang,2026-02-10 13:32:51,Distribution Ratio,0.8000000000148405,-,Temperature,25.0,C,- -,,,Comments,updated ORNL,,,,
16296,N-(2-4-dimethylphenyl)-6-[6-[(2-4-dimethylphenyl)-ethylcarbamoyl]-2-pyridinyl]-N-ethylpyridine-2-carboxamide,0.05 M,HNO3,3 M,nitrobenzene,Pr,III ,0.1 mM,,,,,CCN(C(=O)c1cccc(-c2cccc(C(=O)N(CC)c3ccc(C)cc3C)n2)n1)c1ccc(C)cc1C,-,"HNO3, N-(2-4-dimethylphenyl)-6-[6-[(2-4-dimethylphenyl)-ethylcarbamoyl]-2-pyridinyl]-N-ethylpyridine-2-carboxamide, Pr, nitrobenzene",,nitrobenzene,,"https://doi.org/10.1039/C8DT03734E, https://doi.org/10.1021/jacs.5c19738",Baosen Zhang,2026-02-10 13:32:51,Distribution Ratio,1.199999999868408,-,Temperature,25.0,C,- -,,,Comments,updated ORNL,,,,
16297,N-(2-4-dimethylphenyl)-6-[6-[(2-4-dimethylphenyl)-ethylcarbamoyl]-2-pyridinyl]-N-ethylpyridine-2-carboxamide,0.05 M,HNO3,3 M,nitrobenzene,Eu,III ,0.1 mM,,,,,CCN(C(=O)c1cccc(-c2cccc(C(=O)N(CC)c3ccc(C)cc3C)n2)n1)c1ccc(C)cc1C,-,"HNO3, N-(2-4-dimethylphenyl)-6-[6-[(2-4-dimethylphenyl)-ethylcarbamoyl]-2-pyridinyl]-N-ethylpyridine-2-carboxamide, Eu, nitrobenzene",,nitrobenzene,,"https://doi.org/10.1039/C8DT03734E, https://doi.org/10.1021/jacs.5c19738",Baosen Zhang,2026-02-10 13:32:51,Distribution Ratio,1.400000001037238,-,Temperature,25.0,C,- -,,,Comments,updated ORNL,,,,
16298,N-(2-4-dimethylphenyl)-6-[6-[(2-4-dimethylphenyl)-ethylcarbamoyl]-2-pyridinyl]-N-ethylpyridine-2-carboxamide,0.05 M,HNO3,3 M,nitrobenzene,Gd,III ,0.1 mM,,,,,CCN(C(=O)c1cccc(-c2cccc(C(=O)N(CC)c3ccc(C)cc3C)n2)n1)c1ccc(C)cc1C,-,"HNO3, N-(2-4-dimethylphenyl)-6-[6-[(2-4-dimethylphenyl)-ethylcarbamoyl]-2-pyridinyl]-N-ethylpyridine-2-carboxamide, Gd, nitrobenzene",,nitrobenzene,,"https://doi.org/10.1039/C8DT03734E, https://doi.org/10.1021/jacs.5c19738",Baosen Zhang,2026-02-10 13:32:51,Distribution Ratio,1.0,-,Temperature,25.0,C,- -,,,Comments,updated ORNL,,,,
16299,N-(2-4-dimethylphenyl)-6-[6-[(2-4-dimethylphenyl)-ethylcarbamoyl]-2-pyridinyl]-N-ethylpyridine-2-carboxamide,0.05 M,HNO3,3 M,nitrobenzene,Tb,III ,0.1 mM,,,,,CCN(C(=O)c1cccc(-c2cccc(C(=O)N(CC)c3ccc(C)cc3C)n2)n1)c1ccc(C)cc1C,-,"HNO3, N-(2-4-dimethylphenyl)-6-[6-[(2-4-dimethylphenyl)-ethylcarbamoyl]-2-pyridinyl]-N-ethylpyridine-2-carboxamide, Tb, nitrobenzene",,nitrobenzene,,"https://doi.org/10.1039/C8DT03734E, https://doi.org/10.1021/jacs.5c19738",Baosen Zhang,2026-02-10 13:32:51,Distribution Ratio,1.199999999868408,-,Temperature,25.0,C,- -,,,Comments,updated ORNL,,,,
16300,N-(2-4-dimethylphenyl)-6-[6-[(2-4-dimethylphenyl)-ethylcarbamoyl]-2-pyridinyl]-N-ethylpyridine-2-carboxamide,0.05 M,HNO3,3 M,nitrobenzene,Dy,III ,0.1 mM,,,,,CCN(C(=O)c1cccc(-c2cccc(C(=O)N(CC)c3ccc(C)cc3C)n2)n1)c1ccc(C)cc1C,-,"HNO3, N-(2-4-dimethylphenyl)-6-[6-[(2-4-dimethylphenyl)-ethylcarbamoyl]-2-pyridinyl]-N-ethylpyridine-2-carboxamide, Dy, nitrobenzene",,nitrobenzene,,"https://doi.org/10.1039/C8DT03734E, https://doi.org/10.1021/jacs.5c19738",Baosen Zhang,2026-02-10 13:32:51,Distribution Ratio,1.0,-,Temperature,25.0,C,- -,,,Comments,updated ORNL,,,,
16301,N-(2-4-dimethylphenyl)-6-[6-[(2-4-dimethylphenyl)-ethylcarbamoyl]-2-pyridinyl]-N-ethylpyridine-2-carboxamide,0.05 M,HNO3,3 M,nitrobenzene,Ho,III ,0.1 mM,,,,,CCN(C(=O)c1cccc(-c2cccc(C(=O)N(CC)c3ccc(C)cc3C)n2)n1)c1ccc(C)cc1C,-,"HNO3, N-(2-4-dimethylphenyl)-6-[6-[(2-4-dimethylphenyl)-ethylcarbamoyl]-2-pyridinyl]-N-ethylpyridine-2-carboxamide, Ho, nitrobenzene",,nitrobenzene,,"https://doi.org/10.1039/C8DT03734E, https://doi.org/10.1021/jacs.5c19738",Baosen Zhang,2026-02-10 13:32:51,Distribution Ratio,1.099999999599241,-,Temperature,25.0,C,- -,,,Comments,updated ORNL,,,,
16302,N-(2-4-dimethylphenyl)-6-[6-[(2-4-dimethylphenyl)-ethylcarbamoyl]-2-pyridinyl]-N-ethylpyridine-2-carboxamide,0.05 M,HNO3,3 M,nitrobenzene,Tm,III ,0.1 mM,,,,,CCN(C(=O)c1cccc(-c2cccc(C(=O)N(CC)c3ccc(C)cc3C)n2)n1)c1ccc(C)cc1C,-,"HNO3, N-(2-4-dimethylphenyl)-6-[6-[(2-4-dimethylphenyl)-ethylcarbamoyl]-2-pyridinyl]-N-ethylpyridine-2-carboxamide, Tm, nitrobenzene",,nitrobenzene,,"https://doi.org/10.1039/C8DT03734E, https://doi.org/10.1021/jacs.5c19738",Baosen Zhang,2026-02-10 13:32:51,Distribution Ratio,1.099999999599241,-,Temperature,25.0,C,- -,,,Comments,updated ORNL,,,,
16303,N-(2-5-dimethylphenyl)-6-[6-[(2-5-dimethylphenyl)-ethylcarbamoyl]-2-pyridinyl]-N-ethylpyridine-2-carboxamide,0.05 M,HNO3,3 M,nitrobenzene,Lu,III ,0.1 mM,,,,,CCN(C(=O)c1cccc(-c2cccc(C(=O)N(CC)c3cc(C)ccc3C)n2)n1)c1cc(C)ccc1C,-,"HNO3, N-(2-5-dimethylphenyl)-6-[6-[(2-5-dimethylphenyl)-ethylcarbamoyl]-2-pyridinyl]-N-ethylpyridine-2-carboxamide, Lu, nitrobenzene",,nitrobenzene,,"https://doi.org/10.1039/C8DT03734E, https://doi.org/10.1021/jacs.5c19738",Baosen Zhang,2026-02-10 13:32:51,Distribution Ratio,3.699999999429232,-,Temperature,25.0,C,- -,,,Comments,updated ORNL,,,,
16304,N-(2-4-dimethylphenyl)-6-[6-[(2-4-dimethylphenyl)-ethylcarbamoyl]-2-pyridinyl]-N-ethylpyridine-2-carboxamide,0.05 M,HNO3,3 M,nitrobenzene,Lu,III ,0.1 mM,,,,,CCN(C(=O)c1cccc(-c2cccc(C(=O)N(CC)c3ccc(C)cc3C)n2)n1)c1ccc(C)cc1C,-,"HNO3, N-(2-4-dimethylphenyl)-6-[6-[(2-4-dimethylphenyl)-ethylcarbamoyl]-2-pyridinyl]-N-ethylpyridine-2-carboxamide, Lu, nitrobenzene",,nitrobenzene,,"https://doi.org/10.1039/C8DT03734E, https://doi.org/10.1021/jacs.5c19738",Baosen Zhang,2026-02-10 13:32:51,Distribution Ratio,1.699999998519287,-,Temperature,25.0,C,- -,,,Comments,updated ORNL,,,,
16305,N-(3-5-dimethylphenyl)-6-[6-[(3-5-dimethylphenyl)-ethylcarbamoyl]-2-pyridinyl]-N-ethylpyridine-2-carboxamide,0.05 M,HNO3,3 M,nitrobenzene,Ce,III ,0.1 mM,,,,,CCN(C(=O)c1cccc(-c2cccc(C(=O)N(CC)c3cc(C)cc(C)c3)n2)n1)c1cc(C)cc(C)c1,-,"HNO3, N-(3-5-dimethylphenyl)-6-[6-[(3-5-dimethylphenyl)-ethylcarbamoyl]-2-pyridinyl]-N-ethylpyridine-2-carboxamide, Ce, nitrobenzene",,nitrobenzene,,"https://doi.org/10.1039/C8DT03734E, https://doi.org/10.1021/jacs.5c19738",Baosen Zhang,2026-02-10 13:32:51,Distribution Ratio,2.100000001286614,-,Temperature,25.0,C,- -,,,Comments,updated ORNL,,,,
16306,N-(3-5-dimethylphenyl)-6-[6-[(3-5-dimethylphenyl)-ethylcarbamoyl]-2-pyridinyl]-N-ethylpyridine-2-carboxamide,0.05 M,HNO3,3 M,nitrobenzene,Pr,III ,0.1 mM,,,,,CCN(C(=O)c1cccc(-c2cccc(C(=O)N(CC)c3cc(C)cc(C)c3)n2)n1)c1cc(C)cc(C)c1,-,"HNO3, N-(3-5-dimethylphenyl)-6-[6-[(3-5-dimethylphenyl)-ethylcarbamoyl]-2-pyridinyl]-N-ethylpyridine-2-carboxamide, Pr, nitrobenzene",,nitrobenzene,,"https://doi.org/10.1039/C8DT03734E, https://doi.org/10.1021/jacs.5c19738",Baosen Zhang,2026-02-10 13:32:52,Distribution Ratio,2.500000001887903,-,Temperature,25.0,C,- -,,,Comments,updated ORNL,,,,
16307,N-(3-5-dimethylphenyl)-6-[6-[(3-5-dimethylphenyl)-ethylcarbamoyl]-2-pyridinyl]-N-ethylpyridine-2-carboxamide,0.05 M,HNO3,3 M,nitrobenzene,Sm,III ,0.1 mM,,,,,CCN(C(=O)c1cccc(-c2cccc(C(=O)N(CC)c3cc(C)cc(C)c3)n2)n1)c1cc(C)cc(C)c1,-,"HNO3, N-(3-5-dimethylphenyl)-6-[6-[(3-5-dimethylphenyl)-ethylcarbamoyl]-2-pyridinyl]-N-ethylpyridine-2-carboxamide, Sm, nitrobenzene",,nitrobenzene,,"https://doi.org/10.1039/C8DT03734E, https://doi.org/10.1021/jacs.5c19738",Baosen Zhang,2026-02-10 13:32:52,Distribution Ratio,2.699999999011579,-,Temperature,25.0,C,- -,,,Comments,updated ORNL,,,,
16308,N-(3-5-dimethylphenyl)-6-[6-[(3-5-dimethylphenyl)-ethylcarbamoyl]-2-pyridinyl]-N-ethylpyridine-2-carboxamide,0.05 M,HNO3,3 M,nitrobenzene,Eu,III ,0.1 mM,,,,,CCN(C(=O)c1cccc(-c2cccc(C(=O)N(CC)c3cc(C)cc(C)c3)n2)n1)c1cc(C)cc(C)c1,-,"HNO3, N-(3-5-dimethylphenyl)-6-[6-[(3-5-dimethylphenyl)-ethylcarbamoyl]-2-pyridinyl]-N-ethylpyridine-2-carboxamide, Eu, nitrobenzene",,nitrobenzene,,"https://doi.org/10.1039/C8DT03734E, https://doi.org/10.1021/jacs.5c19738",Baosen Zhang,2026-02-10 13:32:52,Distribution Ratio,2.600000000174705,-,Temperature,25.0,C,- -,,,Comments,updated ORNL,,,,
16309,N-(3-5-dimethylphenyl)-6-[6-[(3-5-dimethylphenyl)-ethylcarbamoyl]-2-pyridinyl]-N-ethylpyridine-2-carboxamide,0.05 M,HNO3,3 M,nitrobenzene,Gd,III ,0.1 mM,,,,,CCN(C(=O)c1cccc(-c2cccc(C(=O)N(CC)c3cc(C)cc(C)c3)n2)n1)c1cc(C)cc(C)c1,-,"HNO3, N-(3-5-dimethylphenyl)-6-[6-[(3-5-dimethylphenyl)-ethylcarbamoyl]-2-pyridinyl]-N-ethylpyridine-2-carboxamide, Gd, nitrobenzene",,nitrobenzene,,"https://doi.org/10.1039/C8DT03734E, https://doi.org/10.1021/jacs.5c19738",Baosen Zhang,2026-02-10 13:32:52,Distribution Ratio,1.900000000206369,-,Temperature,25.0,C,- -,,,Comments,updated ORNL,,,,
16310,N-(3-5-dimethylphenyl)-6-[6-[(3-5-dimethylphenyl)-ethylcarbamoyl]-2-pyridinyl]-N-ethylpyridine-2-carboxamide,0.05 M,HNO3,3 M,nitrobenzene,Tb,III ,0.1 mM,,,,,CCN(C(=O)c1cccc(-c2cccc(C(=O)N(CC)c3cc(C)cc(C)c3)n2)n1)c1cc(C)cc(C)c1,-,"HNO3, N-(3-5-dimethylphenyl)-6-[6-[(3-5-dimethylphenyl)-ethylcarbamoyl]-2-pyridinyl]-N-ethylpyridine-2-carboxamide, Tb, nitrobenzene",,nitrobenzene,,"https://doi.org/10.1039/C8DT03734E, https://doi.org/10.1021/jacs.5c19738",Baosen Zhang,2026-02-10 13:32:52,Distribution Ratio,1.900000000206369,-,Temperature,25.0,C,- -,,,Comments,updated ORNL,,,,
16311,N-(3-5-dimethylphenyl)-6-[6-[(3-5-dimethylphenyl)-ethylcarbamoyl]-2-pyridinyl]-N-ethylpyridine-2-carboxamide,0.05 M,HNO3,3 M,nitrobenzene,Dy,III ,0.1 mM,,,,,CCN(C(=O)c1cccc(-c2cccc(C(=O)N(CC)c3cc(C)cc(C)c3)n2)n1)c1cc(C)cc(C)c1,-,"HNO3, N-(3-5-dimethylphenyl)-6-[6-[(3-5-dimethylphenyl)-ethylcarbamoyl]-2-pyridinyl]-N-ethylpyridine-2-carboxamide, Dy, nitrobenzene",,nitrobenzene,,"https://doi.org/10.1039/C8DT03734E, https://doi.org/10.1021/jacs.5c19738",Baosen Zhang,2026-02-10 13:32:52,Distribution Ratio,1.699999998519287,-,Temperature,25.0,C,- -,,,Comments,updated ORNL,,,,
16312,N-(3-5-dimethylphenyl)-6-[6-[(3-5-dimethylphenyl)-ethylcarbamoyl]-2-pyridinyl]-N-ethylpyridine-2-carboxamide,0.05 M,HNO3,3 M,nitrobenzene,Ho,III ,0.1 mM,,,,,CCN(C(=O)c1cccc(-c2cccc(C(=O)N(CC)c3cc(C)cc(C)c3)n2)n1)c1cc(C)cc(C)c1,-,"HNO3, N-(3-5-dimethylphenyl)-6-[6-[(3-5-dimethylphenyl)-ethylcarbamoyl]-2-pyridinyl]-N-ethylpyridine-2-carboxamide, Ho, nitrobenzene",,nitrobenzene,,"https://doi.org/10.1039/C8DT03734E, https://doi.org/10.1021/jacs.5c19738",Baosen Zhang,2026-02-10 13:32:52,Distribution Ratio,1.799999999571832,-,Temperature,25.0,C,- -,,,Comments,updated ORNL,,,,
16313,N-(3-5-dimethylphenyl)-6-[6-[(3-5-dimethylphenyl)-ethylcarbamoyl]-2-pyridinyl]-N-ethylpyridine-2-carboxamide,0.05 M,HNO3,3 M,nitrobenzene,Yb,III ,0.1 mM,,,,,CCN(C(=O)c1cccc(-c2cccc(C(=O)N(CC)c3cc(C)cc(C)c3)n2)n1)c1cc(C)cc(C)c1,-,"HNO3, N-(3-5-dimethylphenyl)-6-[6-[(3-5-dimethylphenyl)-ethylcarbamoyl]-2-pyridinyl]-N-ethylpyridine-2-carboxamide, Yb, nitrobenzene",,nitrobenzene,,"https://doi.org/10.1039/C8DT03734E, https://doi.org/10.1021/jacs.5c19738",Baosen Zhang,2026-02-10 13:32:52,Distribution Ratio,1.400000001037238,-,Temperature,25.0,C,- -,,,Comments,updated ORNL,,,,
16314,N-(3-5-dimethylphenyl)-6-[6-[(3-5-dimethylphenyl)-ethylcarbamoyl]-2-pyridinyl]-N-ethylpyridine-2-carboxamide,0.05 M,HNO3,3 M,nitrobenzene,La,III ,0.1 mM,,,,,CCN(C(=O)c1cccc(-c2cccc(C(=O)N(CC)c3cc(C)cc(C)c3)n2)n1)c1cc(C)cc(C)c1,-,"HNO3, N-(3-5-dimethylphenyl)-6-[6-[(3-5-dimethylphenyl)-ethylcarbamoyl]-2-pyridinyl]-N-ethylpyridine-2-carboxamide, La, nitrobenzene",,nitrobenzene,,"https://doi.org/10.1039/C8DT03734E, https://doi.org/10.1021/jacs.5c19738",Baosen Zhang,2026-02-10 13:32:52,Distribution Ratio,1.900000000206369,-,Temperature,25.0,C,- -,,,Comments,updated ORNL,,,,
16315,N-(2-5-dimethylphenyl)-6-[6-[(2-5-dimethylphenyl)-ethylcarbamoyl]-2-pyridinyl]-N-ethylpyridine-2-carboxamide,0.05 M,HNO3,3 M,nitrobenzene,Yb,III ,0.1 mM,,,,,CCN(C(=O)c1cccc(-c2cccc(C(=O)N(CC)c3cc(C)ccc3C)n2)n1)c1cc(C)ccc1C,-,"HNO3, N-(2-5-dimethylphenyl)-6-[6-[(2-5-dimethylphenyl)-ethylcarbamoyl]-2-pyridinyl]-N-ethylpyridine-2-carboxamide, Yb, nitrobenzene",,nitrobenzene,,"https://doi.org/10.1039/C8DT03734E, https://doi.org/10.1021/jacs.5c19738",Baosen Zhang,2026-02-10 13:32:52,Distribution Ratio,2.299999999906829,-,Temperature,25.0,C,- -,,,Comments,updated ORNL,,,,
16316,N-(2-4-dimethylphenyl)-6-[6-[(2-4-dimethylphenyl)-ethylcarbamoyl]-2-pyridinyl]-N-ethylpyridine-2-carboxamide,0.05 M,HNO3,3 M,nitrobenzene,Nd,III ,0.1 mM,,,,,CCN(C(=O)c1cccc(-c2cccc(C(=O)N(CC)c3ccc(C)cc3C)n2)n1)c1ccc(C)cc1C,-,"HNO3, N-(2-4-dimethylphenyl)-6-[6-[(2-4-dimethylphenyl)-ethylcarbamoyl]-2-pyridinyl]-N-ethylpyridine-2-carboxamide, Nd, nitrobenzene",,nitrobenzene,,"https://doi.org/10.1039/C8DT03734E, https://doi.org/10.1021/jacs.5c19738",Baosen Zhang,2026-02-10 13:32:52,Distribution Ratio,1.400000001037238,-,Temperature,25.0,C,- -,,,Comments,updated ORNL,,,,
16317,N-(2-5-dimethylphenyl)-6-[6-[(2-5-dimethylphenyl)-ethylcarbamoyl]-2-pyridinyl]-N-ethylpyridine-2-carboxamide,0.05 M,HNO3,3 M,nitrobenzene,Er,III ,0.1 mM,,,,,CCN(C(=O)c1cccc(-c2cccc(C(=O)N(CC)c3cc(C)ccc3C)n2)n1)c1cc(C)ccc1C,-,"HNO3, N-(2-5-dimethylphenyl)-6-[6-[(2-5-dimethylphenyl)-ethylcarbamoyl]-2-pyridinyl]-N-ethylpyridine-2-carboxamide, Er, nitrobenzene",,nitrobenzene,,"https://doi.org/10.1039/C8DT03734E, https://doi.org/10.1021/jacs.5c19738",Baosen Zhang,2026-02-10 13:32:52,Distribution Ratio,1.799999999571832,-,Temperature,25.0,C,- -,,,Comments,updated ORNL,,,,
16318,N-ethyl-6-[6-[ethyl(phenyl)carbamoyl]-2-pyridinyl]-N-phenylpyridine-2-carboxamide,0.05 M,HNO3,3 M,nitrobenzene,La,III ,0.1 mM,,,,,CCN(C(=O)c1cccc(-c2cccc(C(=O)N(CC)c3ccccc3)n2)n1)c1ccccc1,-,"HNO3, N-ethyl-6-[6-[ethyl(phenyl)carbamoyl]-2-pyridinyl]-N-phenylpyridine-2-carboxamide, La, nitrobenzene",,nitrobenzene,,"https://doi.org/10.1039/C8DT03734E, https://doi.org/10.1021/jacs.5c19738",Baosen Zhang,2026-02-10 13:32:52,Distribution Ratio,1.0,-,Temperature,25.0,C,- -,,,Comments,updated ORNL,,,,
16319,N-ethyl-6-[6-[ethyl(phenyl)carbamoyl]-2-pyridinyl]-N-phenylpyridine-2-carboxamide,0.05 M,HNO3,3 M,nitrobenzene,Ce,III ,0.1 mM,,,,,CCN(C(=O)c1cccc(-c2cccc(C(=O)N(CC)c3ccccc3)n2)n1)c1ccccc1,-,"HNO3, N-ethyl-6-[6-[ethyl(phenyl)carbamoyl]-2-pyridinyl]-N-phenylpyridine-2-carboxamide, Ce, nitrobenzene",,nitrobenzene,,"https://doi.org/10.1039/C8DT03734E, https://doi.org/10.1021/jacs.5c19738",Baosen Zhang,2026-02-10 13:32:52,Distribution Ratio,0.7599999995086251,-,Temperature,25.0,C,- -,,,Comments,updated ORNL,,,,
16320,N-ethyl-6-[6-[ethyl(phenyl)carbamoyl]-2-pyridinyl]-N-phenylpyridine-2-carboxamide,0.05 M,HNO3,3 M,nitrobenzene,Nd,III ,0.1 mM,,,,,CCN(C(=O)c1cccc(-c2cccc(C(=O)N(CC)c3ccccc3)n2)n1)c1ccccc1,-,"HNO3, N-ethyl-6-[6-[ethyl(phenyl)carbamoyl]-2-pyridinyl]-N-phenylpyridine-2-carboxamide, Nd, nitrobenzene",,nitrobenzene,,"https://doi.org/10.1039/C8DT03734E, https://doi.org/10.1021/jacs.5c19738",Baosen Zhang,2026-02-10 13:32:53,Distribution Ratio,0.7800000005559022,-,Temperature,25.0,C,- -,,,Comments,updated ORNL,,,,
16321,N-ethyl-6-[6-[ethyl(phenyl)carbamoyl]-2-pyridinyl]-N-phenylpyridine-2-carboxamide,0.05 M,HNO3,3 M,nitrobenzene,Sm,III ,0.1 mM,,,,,CCN(C(=O)c1cccc(-c2cccc(C(=O)N(CC)c3ccccc3)n2)n1)c1ccccc1,-,"HNO3, N-ethyl-6-[6-[ethyl(phenyl)carbamoyl]-2-pyridinyl]-N-phenylpyridine-2-carboxamide, Sm, nitrobenzene",,nitrobenzene,,"https://doi.org/10.1039/C8DT03734E, https://doi.org/10.1021/jacs.5c19738",Baosen Zhang,2026-02-10 13:32:53,Distribution Ratio,0.8000000000148405,-,Temperature,25.0,C,- -,,,Comments,updated ORNL,,,,
16322,N-ethyl-6-[6-[ethyl(phenyl)carbamoyl]-2-pyridinyl]-N-phenylpyridine-2-carboxamide,0.05 M,HNO3,3 M,nitrobenzene,Eu,III ,0.1 mM,,,,,CCN(C(=O)c1cccc(-c2cccc(C(=O)N(CC)c3ccccc3)n2)n1)c1ccccc1,-,"HNO3, N-ethyl-6-[6-[ethyl(phenyl)carbamoyl]-2-pyridinyl]-N-phenylpyridine-2-carboxamide, Eu, nitrobenzene",,nitrobenzene,,"https://doi.org/10.1039/C8DT03734E, https://doi.org/10.1021/jacs.5c19738",Baosen Zhang,2026-02-10 13:32:53,Distribution Ratio,0.6199999992886914,-,Temperature,25.0,C,- -,,,Comments,updated ORNL,,,,
16323,N-(2-5-dimethylphenyl)-6-[6-[(2-5-dimethylphenyl)-ethylcarbamoyl]-2-pyridinyl]-N-ethylpyridine-2-carboxamide,0.05 M,HNO3,3 M,nitrobenzene,Tm,III ,0.1 mM,,,,,CCN(C(=O)c1cccc(-c2cccc(C(=O)N(CC)c3cc(C)ccc3C)n2)n1)c1cc(C)ccc1C,-,"HNO3, N-(2-5-dimethylphenyl)-6-[6-[(2-5-dimethylphenyl)-ethylcarbamoyl]-2-pyridinyl]-N-ethylpyridine-2-carboxamide, Tm, nitrobenzene",,nitrobenzene,,"https://doi.org/10.1039/C8DT03734E, https://doi.org/10.1021/jacs.5c19738",Baosen Zhang,2026-02-10 13:32:53,Distribution Ratio,2.100000001286614,-,Temperature,25.0,C,- -,,,Comments,updated ORNL,,,,
16324,N-ethyl-6-[6-[ethyl(phenyl)carbamoyl]-2-pyridinyl]-N-phenylpyridine-2-carboxamide,0.05 M,HNO3,3 M,nitrobenzene,Tb,III ,0.1 mM,,,,,CCN(C(=O)c1cccc(-c2cccc(C(=O)N(CC)c3ccccc3)n2)n1)c1ccccc1,-,"HNO3, N-ethyl-6-[6-[ethyl(phenyl)carbamoyl]-2-pyridinyl]-N-phenylpyridine-2-carboxamide, Tb, nitrobenzene",,nitrobenzene,,"https://doi.org/10.1039/C8DT03734E, https://doi.org/10.1021/jacs.5c19738",Baosen Zhang,2026-02-10 13:32:53,Distribution Ratio,0.3999999996979355,-,Temperature,25.0,C,- -,,,Comments,updated ORNL,,,,
16325,N-ethyl-6-[6-[ethyl(phenyl)carbamoyl]-2-pyridinyl]-N-phenylpyridine-2-carboxamide,0.05 M,HNO3,3 M,nitrobenzene,Dy,III ,0.1 mM,,,,,CCN(C(=O)c1cccc(-c2cccc(C(=O)N(CC)c3ccccc3)n2)n1)c1ccccc1,-,"HNO3, N-ethyl-6-[6-[ethyl(phenyl)carbamoyl]-2-pyridinyl]-N-phenylpyridine-2-carboxamide, Dy, nitrobenzene",,nitrobenzene,,"https://doi.org/10.1039/C8DT03734E, https://doi.org/10.1021/jacs.5c19738",Baosen Zhang,2026-02-10 13:32:53,Distribution Ratio,0.3800000003352843,-,Temperature,25.0,C,- -,,,Comments,updated ORNL,,,,
16326,N-ethyl-6-[6-[ethyl(phenyl)carbamoyl]-2-pyridinyl]-N-phenylpyridine-2-carboxamide,0.05 M,HNO3,3 M,nitrobenzene,Ho,III ,0.1 mM,,,,,CCN(C(=O)c1cccc(-c2cccc(C(=O)N(CC)c3ccccc3)n2)n1)c1ccccc1,-,"HNO3, N-ethyl-6-[6-[ethyl(phenyl)carbamoyl]-2-pyridinyl]-N-phenylpyridine-2-carboxamide, Ho, nitrobenzene",,nitrobenzene,,"https://doi.org/10.1039/C8DT03734E, https://doi.org/10.1021/jacs.5c19738",Baosen Zhang,2026-02-10 13:32:53,Distribution Ratio,0.3199999997642846,-,Temperature,25.0,C,- -,,,Comments,updated ORNL,,,,
16327,N-ethyl-6-[6-[ethyl(phenyl)carbamoyl]-2-pyridinyl]-N-phenylpyridine-2-carboxamide,0.05 M,HNO3,3 M,nitrobenzene,Er,III ,0.1 mM,,,,,CCN(C(=O)c1cccc(-c2cccc(C(=O)N(CC)c3ccccc3)n2)n1)c1ccccc1,-,"HNO3, N-ethyl-6-[6-[ethyl(phenyl)carbamoyl]-2-pyridinyl]-N-phenylpyridine-2-carboxamide, Er, nitrobenzene",,nitrobenzene,,"https://doi.org/10.1039/C8DT03734E, https://doi.org/10.1021/jacs.5c19738",Baosen Zhang,2026-02-10 13:32:53,Distribution Ratio,0.3000000001936504,-,Temperature,25.0,C,- -,,,Comments,updated ORNL,,,,
16328,N-ethyl-6-[6-[ethyl(phenyl)carbamoyl]-2-pyridinyl]-N-phenylpyridine-2-carboxamide,0.05 M,HNO3,3 M,nitrobenzene,Tm,III ,0.1 mM,,,,,CCN(C(=O)c1cccc(-c2cccc(C(=O)N(CC)c3ccccc3)n2)n1)c1ccccc1,-,"HNO3, N-ethyl-6-[6-[ethyl(phenyl)carbamoyl]-2-pyridinyl]-N-phenylpyridine-2-carboxamide, Tm, nitrobenzene",,nitrobenzene,,"https://doi.org/10.1039/C8DT03734E, https://doi.org/10.1021/jacs.5c19738",Baosen Zhang,2026-02-10 13:32:53,Distribution Ratio,0.2400000001593724,-,Temperature,25.0,C,- -,,,Comments,updated ORNL,,,,
16329,N-ethyl-6-[6-[ethyl(phenyl)carbamoyl]-2-pyridinyl]-N-phenylpyridine-2-carboxamide,0.05 M,HNO3,3 M,nitrobenzene,Gd,III ,0.1 mM,,,,,CCN(C(=O)c1cccc(-c2cccc(C(=O)N(CC)c3ccccc3)n2)n1)c1ccccc1,-,"HNO3, N-ethyl-6-[6-[ethyl(phenyl)carbamoyl]-2-pyridinyl]-N-phenylpyridine-2-carboxamide, Gd, nitrobenzene",,nitrobenzene,,"https://doi.org/10.1039/C8DT03734E, https://doi.org/10.1021/jacs.5c19738",Baosen Zhang,2026-02-10 13:32:53,Distribution Ratio,0.3499999997177112,-,Temperature,25.0,C,- -,,,Comments,updated ORNL,,,,
16330,N-ethyl-6-[6-[ethyl(phenyl)carbamoyl]-2-pyridinyl]-N-phenylpyridine-2-carboxamide,0.05 M,HNO3,3 M,nitrobenzene,Lu,III ,0.1 mM,,,,,CCN(C(=O)c1cccc(-c2cccc(C(=O)N(CC)c3ccccc3)n2)n1)c1ccccc1,-,"HNO3, N-ethyl-6-[6-[ethyl(phenyl)carbamoyl]-2-pyridinyl]-N-phenylpyridine-2-carboxamide, Lu, nitrobenzene",,nitrobenzene,,"https://doi.org/10.1039/C8DT03734E, https://doi.org/10.1021/jacs.5c19738",Baosen Zhang,2026-02-10 13:32:53,Distribution Ratio,0.2000000001547424,-,Temperature,25.0,C,- -,,,Comments,updated ORNL,,,,
16331,N-(2-5-dimethylphenyl)-6-[6-[(2-5-dimethylphenyl)-ethylcarbamoyl]-2-pyridinyl]-N-ethylpyridine-2-carboxamide,0.05 M,HNO3,3 M,nitrobenzene,Ho,III ,0.1 mM,,,,,CCN(C(=O)c1cccc(-c2cccc(C(=O)N(CC)c3cc(C)ccc3C)n2)n1)c1cc(C)ccc1C,-,"HNO3, N-(2-5-dimethylphenyl)-6-[6-[(2-5-dimethylphenyl)-ethylcarbamoyl]-2-pyridinyl]-N-ethylpyridine-2-carboxamide, Ho, nitrobenzene",,nitrobenzene,,"https://doi.org/10.1039/C8DT03734E, https://doi.org/10.1021/jacs.5c19738",Baosen Zhang,2026-02-10 13:32:53,Distribution Ratio,1.499999999807684,-,Temperature,25.0,C,- -,,,Comments,updated ORNL,,,,
16332,N-(2-5-dimethylphenyl)-6-[6-[(2-5-dimethylphenyl)-ethylcarbamoyl]-2-pyridinyl]-N-ethylpyridine-2-carboxamide,0.05 M,HNO3,3 M,nitrobenzene,Dy,III ,0.1 mM,,,,,CCN(C(=O)c1cccc(-c2cccc(C(=O)N(CC)c3cc(C)ccc3C)n2)n1)c1cc(C)ccc1C,-,"HNO3, N-(2-5-dimethylphenyl)-6-[6-[(2-5-dimethylphenyl)-ethylcarbamoyl]-2-pyridinyl]-N-ethylpyridine-2-carboxamide, Dy, nitrobenzene",,nitrobenzene,,"https://doi.org/10.1039/C8DT03734E, https://doi.org/10.1021/jacs.5c19738",Baosen Zhang,2026-02-10 13:32:53,Distribution Ratio,1.099999999599241,-,Temperature,25.0,C,- -,,,Comments,updated ORNL,,,,
16333,N-(2-5-dimethylphenyl)-6-[6-[(2-5-dimethylphenyl)-ethylcarbamoyl]-2-pyridinyl]-N-ethylpyridine-2-carboxamide,0.05 M,HNO3,3 M,nitrobenzene,Tb,III ,0.1 mM,,,,,CCN(C(=O)c1cccc(-c2cccc(C(=O)N(CC)c3cc(C)ccc3C)n2)n1)c1cc(C)ccc1C,-,"HNO3, N-(2-5-dimethylphenyl)-6-[6-[(2-5-dimethylphenyl)-ethylcarbamoyl]-2-pyridinyl]-N-ethylpyridine-2-carboxamide, Tb, nitrobenzene",,nitrobenzene,,"https://doi.org/10.1039/C8DT03734E, https://doi.org/10.1021/jacs.5c19738",Baosen Zhang,2026-02-10 13:32:53,Distribution Ratio,1.099999999599241,-,Temperature,25.0,C,- -,,,Comments,updated ORNL,,,,
16334,N-ethyl-6-[6-[ethyl(phenyl)carbamoyl]-2-pyridinyl]-N-phenylpyridine-2-carboxamide,0.05 M,HNO3,3 M,nitrobenzene,Yb,III ,0.1 mM,,,,,CCN(C(=O)c1cccc(-c2cccc(C(=O)N(CC)c3ccccc3)n2)n1)c1ccccc1,-,"HNO3, N-ethyl-6-[6-[ethyl(phenyl)carbamoyl]-2-pyridinyl]-N-phenylpyridine-2-carboxamide, Yb, nitrobenzene",,nitrobenzene,,"https://doi.org/10.1039/C8DT03734E, https://doi.org/10.1021/jacs.5c19738",Baosen Zhang,2026-02-10 13:32:53,Distribution Ratio,0.2200000000900647,-,Temperature,25.0,C,- -,,,Comments,updated ORNL,,,,
16335,N-(2-5-dimethylphenyl)-6-[6-[(2-5-dimethylphenyl)-ethylcarbamoyl]-2-pyridinyl]-N-ethylpyridine-2-carboxamide,0.05 M,HNO3,3 M,nitrobenzene,Gd,III ,0.1 mM,,,,,CCN(C(=O)c1cccc(-c2cccc(C(=O)N(CC)c3cc(C)ccc3C)n2)n1)c1cc(C)ccc1C,-,"HNO3, N-(2-5-dimethylphenyl)-6-[6-[(2-5-dimethylphenyl)-ethylcarbamoyl]-2-pyridinyl]-N-ethylpyridine-2-carboxamide, Gd, nitrobenzene",,nitrobenzene,,"https://doi.org/10.1039/C8DT03734E, https://doi.org/10.1021/jacs.5c19738",Baosen Zhang,2026-02-10 13:32:54,Distribution Ratio,0.8999999990895754,-,Temperature,25.0,C,- -,,,Comments,updated ORNL,,,,
16336,N-(3-5-dimethylphenyl)-6-[6-[(3-5-dimethylphenyl)-ethylcarbamoyl]-2-pyridinyl]-N-ethylpyridine-2-carboxamide,0.05 M,HNO3,3 M,nitrobenzene,Er,III ,0.1 mM,,,,,CCN(C(=O)c1cccc(-c2cccc(C(=O)N(CC)c3cc(C)cc(C)c3)n2)n1)c1cc(C)cc(C)c1,-,"HNO3, N-(3-5-dimethylphenyl)-6-[6-[(3-5-dimethylphenyl)-ethylcarbamoyl]-2-pyridinyl]-N-ethylpyridine-2-carboxamide, Er, nitrobenzene",,nitrobenzene,,"https://doi.org/10.1039/C8DT03734E, https://doi.org/10.1021/jacs.5c19738",Baosen Zhang,2026-02-10 13:32:54,Distribution Ratio,1.60000000126762,-,Temperature,25.0,C,- -,,,Comments,updated ORNL,,,,
16337,N-(2-5-dimethylphenyl)-6-[6-[(2-5-dimethylphenyl)-ethylcarbamoyl]-2-pyridinyl]-N-ethylpyridine-2-carboxamide,0.05 M,HNO3,3 M,nitrobenzene,Sm,III ,0.1 mM,,,,,CCN(C(=O)c1cccc(-c2cccc(C(=O)N(CC)c3cc(C)ccc3C)n2)n1)c1cc(C)ccc1C,-,"HNO3, N-(2-5-dimethylphenyl)-6-[6-[(2-5-dimethylphenyl)-ethylcarbamoyl]-2-pyridinyl]-N-ethylpyridine-2-carboxamide, Sm, nitrobenzene",,nitrobenzene,,"https://doi.org/10.1039/C8DT03734E, https://doi.org/10.1021/jacs.5c19738",Baosen Zhang,2026-02-10 13:32:54,Distribution Ratio,1.400000001037238,-,Temperature,25.0,C,- -,,,Comments,updated ORNL,,,,
16338,N-(2-5-dimethylphenyl)-6-[6-[(2-5-dimethylphenyl)-ethylcarbamoyl]-2-pyridinyl]-N-ethylpyridine-2-carboxamide,0.05 M,HNO3,3 M,nitrobenzene,Nd,III ,0.1 mM,,,,,CCN(C(=O)c1cccc(-c2cccc(C(=O)N(CC)c3cc(C)ccc3C)n2)n1)c1cc(C)ccc1C,-,"HNO3, N-(2-5-dimethylphenyl)-6-[6-[(2-5-dimethylphenyl)-ethylcarbamoyl]-2-pyridinyl]-N-ethylpyridine-2-carboxamide, Nd, nitrobenzene",,nitrobenzene,,"https://doi.org/10.1039/C8DT03734E, https://doi.org/10.1021/jacs.5c19738",Baosen Zhang,2026-02-10 13:32:54,Distribution Ratio,1.60000000126762,-,Temperature,25.0,C,- -,,,Comments,updated ORNL,,,,
16339,N-(2-5-dimethylphenyl)-6-[6-[(2-5-dimethylphenyl)-ethylcarbamoyl]-2-pyridinyl]-N-ethylpyridine-2-carboxamide,0.05 M,HNO3,3 M,nitrobenzene,Ce,III ,0.1 mM,,,,,CCN(C(=O)c1cccc(-c2cccc(C(=O)N(CC)c3cc(C)ccc3C)n2)n1)c1cc(C)ccc1C,-,"HNO3, N-(2-5-dimethylphenyl)-6-[6-[(2-5-dimethylphenyl)-ethylcarbamoyl]-2-pyridinyl]-N-ethylpyridine-2-carboxamide, Ce, nitrobenzene",,nitrobenzene,,"https://doi.org/10.1039/C8DT03734E, https://doi.org/10.1021/jacs.5c19738",Baosen Zhang,2026-02-10 13:32:54,Distribution Ratio,0.8000000000148405,-,Temperature,25.0,C,- -,,,Comments,updated ORNL,,,,
16340,N-(2-5-dimethylphenyl)-6-[6-[(2-5-dimethylphenyl)-ethylcarbamoyl]-2-pyridinyl]-N-ethylpyridine-2-carboxamide,0.05 M,HNO3,3 M,nitrobenzene,La,III ,0.1 mM,,,,,CCN(C(=O)c1cccc(-c2cccc(C(=O)N(CC)c3cc(C)ccc3C)n2)n1)c1cc(C)ccc1C,-,"HNO3, N-(2-5-dimethylphenyl)-6-[6-[(2-5-dimethylphenyl)-ethylcarbamoyl]-2-pyridinyl]-N-ethylpyridine-2-carboxamide, La, nitrobenzene",,nitrobenzene,,"https://doi.org/10.1039/C8DT03734E, https://doi.org/10.1021/jacs.5c19738",Baosen Zhang,2026-02-10 13:32:54,Distribution Ratio,0.5999999994699767,-,Temperature,25.0,C,- -,,,Comments,updated ORNL,,,,
16341,N-(4-methylphenyl)-N-octyl-1-10-phenanthroline-2-carboxamide,0.1 M,HNO3,0.1 M,CH3Cl,Lu,III ,0.05 mM,,,,,CCCCCCCCN(C(=O)c1ccc2ccc3cccnc3c2n1)c1ccc(C)cc1,-,"HNO3, N-(4-methylphenyl)-N-octyl-1-10-phenanthroline-2-carboxamide, Lu, CH3Cl",,CH3Cl,,"https://doi.org/10.1021/acs.inorgchem.1c01729, https://doi.org/10.1021/jacs.5c19738",Baosen Zhang,2026-02-10 13:32:54,Distribution Ratio,0.08500000005591857,-,Temperature,25.0,C,- -,,,Comments,updated ORNL,,,,
16342,N-(4-methylphenyl)-N-octyl-1-10-phenanthroline-2-carboxamide,0.1 M,HNO3,0.1 M,CH3Cl,Tm,III ,0.05 mM,,,,,CCCCCCCCN(C(=O)c1ccc2ccc3cccnc3c2n1)c1ccc(C)cc1,-,"HNO3, N-(4-methylphenyl)-N-octyl-1-10-phenanthroline-2-carboxamide, Tm, CH3Cl",,CH3Cl,,"https://doi.org/10.1021/acs.inorgchem.1c01729, https://doi.org/10.1021/jacs.5c19738",Baosen Zhang,2026-02-10 13:32:54,Distribution Ratio,0.09499999993681582,-,Temperature,25.0,C,- -,,,Comments,updated ORNL,,,,
16343,N-(4-methylphenyl)-N-octyl-1-10-phenanthroline-2-carboxamide,0.1 M,HNO3,0.1 M,CH3Cl,Er,III ,0.05 mM,,,,,CCCCCCCCN(C(=O)c1ccc2ccc3cccnc3c2n1)c1ccc(C)cc1,-,"HNO3, N-(4-methylphenyl)-N-octyl-1-10-phenanthroline-2-carboxamide, Er, CH3Cl",,CH3Cl,,"https://doi.org/10.1021/acs.inorgchem.1c01729, https://doi.org/10.1021/jacs.5c19738",Baosen Zhang,2026-02-10 13:32:54,Distribution Ratio,0.01,-,Temperature,25.0,C,- -,,,Comments,updated ORNL,,,,
16344,N-(4-methylphenyl)-N-octyl-1-10-phenanthroline-2-carboxamide,0.1 M,HNO3,0.1 M,CH3Cl,Ho,III ,0.05 mM,,,,,CCCCCCCCN(C(=O)c1ccc2ccc3cccnc3c2n1)c1ccc(C)cc1,-,"HNO3, N-(4-methylphenyl)-N-octyl-1-10-phenanthroline-2-carboxamide, Ho, CH3Cl",,CH3Cl,,"https://doi.org/10.1021/acs.inorgchem.1c01729, https://doi.org/10.1021/jacs.5c19738",Baosen Zhang,2026-02-10 13:32:54,Distribution Ratio,0.0160000000126762,-,Temperature,25.0,C,- -,,,Comments,updated ORNL,,,,
16345,N-(4-methylphenyl)-N-octyl-1-10-phenanthroline-2-carboxamide,0.1 M,HNO3,0.1 M,CH3Cl,Dy,III ,0.05 mM,,,,,CCCCCCCCN(C(=O)c1ccc2ccc3cccnc3c2n1)c1ccc(C)cc1,-,"HNO3, N-(4-methylphenyl)-N-octyl-1-10-phenanthroline-2-carboxamide, Dy, CH3Cl",,CH3Cl,,"https://doi.org/10.1021/acs.inorgchem.1c01729, https://doi.org/10.1021/jacs.5c19738",Baosen Zhang,2026-02-10 13:32:54,Distribution Ratio,0.02400000001593723,-,Temperature,25.0,C,- -,,,Comments,updated ORNL,,,,
16346,N-(4-methylphenyl)-N-octyl-1-10-phenanthroline-2-carboxamide,0.1 M,HNO3,0.1 M,CH3Cl,Tb,III ,0.05 mM,,,,,CCCCCCCCN(C(=O)c1ccc2ccc3cccnc3c2n1)c1ccc(C)cc1,-,"HNO3, N-(4-methylphenyl)-N-octyl-1-10-phenanthroline-2-carboxamide, Tb, CH3Cl",,CH3Cl,,"https://doi.org/10.1021/acs.inorgchem.1c01729, https://doi.org/10.1021/jacs.5c19738",Baosen Zhang,2026-02-10 13:32:54,Distribution Ratio,0.03199999997642845,-,Temperature,25.0,C,- -,,,Comments,updated ORNL,,,,
16347,N-(4-methylphenyl)-N-octyl-1-10-phenanthroline-2-carboxamide,0.1 M,HNO3,0.1 M,CH3Cl,Gd,III ,0.05 mM,,,,,CCCCCCCCN(C(=O)c1ccc2ccc3cccnc3c2n1)c1ccc(C)cc1,-,"HNO3, N-(4-methylphenyl)-N-octyl-1-10-phenanthroline-2-carboxamide, Gd, CH3Cl",,CH3Cl,,"https://doi.org/10.1021/acs.inorgchem.1c01729, https://doi.org/10.1021/jacs.5c19738",Baosen Zhang,2026-02-10 13:32:54,Distribution Ratio,0.03999999996979355,-,Temperature,25.0,C,- -,,,Comments,updated ORNL,,,,
16348,N-(4-methylphenyl)-N-octyl-1-10-phenanthroline-2-carboxamide,0.1 M,HNO3,0.1 M,CH3Cl,Eu,III ,0.05 mM,,,,,CCCCCCCCN(C(=O)c1ccc2ccc3cccnc3c2n1)c1ccc(C)cc1,-,"HNO3, N-(4-methylphenyl)-N-octyl-1-10-phenanthroline-2-carboxamide, Eu, CH3Cl",,CH3Cl,,"https://doi.org/10.1021/acs.inorgchem.1c01729, https://doi.org/10.1021/jacs.5c19738",Baosen Zhang,2026-02-10 13:32:54,Distribution Ratio,0.07499999993235582,-,Temperature,25.0,C,- -,,,Comments,updated ORNL,,,,
16349,N-(4-methylphenyl)-N-octyl-1-10-phenanthroline-2-carboxamide,0.1 M,HNO3,0.1 M,CH3Cl,Sm,III ,0.05 mM,,,,,CCCCCCCCN(C(=O)c1ccc2ccc3cccnc3c2n1)c1ccc(C)cc1,-,"HNO3, N-(4-methylphenyl)-N-octyl-1-10-phenanthroline-2-carboxamide, Sm, CH3Cl",,CH3Cl,,"https://doi.org/10.1021/acs.inorgchem.1c01729, https://doi.org/10.1021/jacs.5c19738",Baosen Zhang,2026-02-10 13:32:54,Distribution Ratio,0.08999999990895753,-,Temperature,25.0,C,- -,,,Comments,updated ORNL,,,,
16350,N-(4-methylphenyl)-N-octyl-1-10-phenanthroline-2-carboxamide,0.1 M,HNO3,0.1 M,CH3Cl,Nd,III ,0.05 mM,,,,,CCCCCCCCN(C(=O)c1ccc2ccc3cccnc3c2n1)c1ccc(C)cc1,-,"HNO3, N-(4-methylphenyl)-N-octyl-1-10-phenanthroline-2-carboxamide, Nd, CH3Cl",,CH3Cl,,"https://doi.org/10.1021/acs.inorgchem.1c01729, https://doi.org/10.1021/jacs.5c19738",Baosen Zhang,2026-02-10 13:32:55,Distribution Ratio,0.08999999990895753,-,Temperature,25.0,C,- -,,,Comments,updated ORNL,,,,
16351,N-(4-methylphenyl)-N-octyl-1-10-phenanthroline-2-carboxamide,0.1 M,HNO3,0.1 M,CH3Cl,Pr,III ,0.05 mM,,,,,CCCCCCCCN(C(=O)c1ccc2ccc3cccnc3c2n1)c1ccc(C)cc1,-,"HNO3, N-(4-methylphenyl)-N-octyl-1-10-phenanthroline-2-carboxamide, Pr, CH3Cl",,CH3Cl,,"https://doi.org/10.1021/acs.inorgchem.1c01729, https://doi.org/10.1021/jacs.5c19738",Baosen Zhang,2026-02-10 13:32:55,Distribution Ratio,0.08000000000148404,-,Temperature,25.0,C,- -,,,Comments,updated ORNL,,,,
16352,N-(4-methylphenyl)-N-octyl-1-10-phenanthroline-2-carboxamide,0.1 M,HNO3,0.1 M,CH3Cl,Ce,III ,0.05 mM,,,,,CCCCCCCCN(C(=O)c1ccc2ccc3cccnc3c2n1)c1ccc(C)cc1,-,"HNO3, N-(4-methylphenyl)-N-octyl-1-10-phenanthroline-2-carboxamide, Ce, CH3Cl",,CH3Cl,,"https://doi.org/10.1021/acs.inorgchem.1c01729, https://doi.org/10.1021/jacs.5c19738",Baosen Zhang,2026-02-10 13:32:55,Distribution Ratio,0.06999999999770208,-,Temperature,25.0,C,- -,,,Comments,updated ORNL,,,,
16353,N-(4-methylphenyl)-N-octyl-1-10-phenanthroline-2-carboxamide,0.1 M,HNO3,0.1 M,CH3Cl,La,III ,0.05 mM,,,,,CCCCCCCCN(C(=O)c1ccc2ccc3cccnc3c2n1)c1ccc(C)cc1,-,"HNO3, N-(4-methylphenyl)-N-octyl-1-10-phenanthroline-2-carboxamide, La, CH3Cl",,CH3Cl,,"https://doi.org/10.1021/acs.inorgchem.1c01729, https://doi.org/10.1021/jacs.5c19738",Baosen Zhang,2026-02-10 13:32:55,Distribution Ratio,0.05999999994699768,-,Temperature,25.0,C,- -,,,Comments,updated ORNL,,,,
16354,N-(4-methylphenyl)-N-octyl-1-10-phenanthroline-2-carboxamide,0.1 M,HNO3,0.1 M,CH3Cl,Yb,III ,0.05 mM,,,,,CCCCCCCCN(C(=O)c1ccc2ccc3cccnc3c2n1)c1ccc(C)cc1,-,"HNO3, N-(4-methylphenyl)-N-octyl-1-10-phenanthroline-2-carboxamide, Yb, CH3Cl",,CH3Cl,,"https://doi.org/10.1021/acs.inorgchem.1c01729, https://doi.org/10.1021/jacs.5c19738",Baosen Zhang,2026-02-10 13:32:55,Distribution Ratio,0.08999999990895753,-,Temperature,25.0,C,- -,,,Comments,updated ORNL,,,,
16355,3-[6-(5-6-dipropyl-1-2-4-triazin-3-yl)-2-pyridinyl]-5-6-dipropyl-1-2-4-triazine,0.04 M,HNO3,1 M,"kerosene 0.5, 1-octanol 0.5",Er,III ,0.05 mM,,,,,CCCc1nnc(-c2cccc(-c3nnc(CCC)c(CCC)n3)n2)nc1CCC,-,"HNO3, 3-[6-(5-6-dipropyl-1-2-4-triazin-3-yl)-2-pyridinyl]-5-6-dipropyl-1-2-4-triazine, Er, kerosene 0.5, 1-octanol 0.5",,"kerosene 0.5, 1-octanol 0.5",,"https://doi.org/10.1039/B9NJ00371A, https://doi.org/10.1021/jacs.5c19738",Baosen Zhang,2026-02-10 13:32:55,Distribution Ratio,3.000000001936503,-,Temperature,25.0,C,- -,,,Comments,updated ORNL,,,,
16356,3-[6-(5-6-dipropyl-1-2-4-triazin-3-yl)-2-pyridinyl]-5-6-dipropyl-1-2-4-triazine,0.04 M,HNO3,1 M,"kerosene 0.5, 1-octanol 0.5",Lu,III ,0.05 mM,,,,,CCCc1nnc(-c2cccc(-c3nnc(CCC)c(CCC)n3)n2)nc1CCC,-,"HNO3, 3-[6-(5-6-dipropyl-1-2-4-triazin-3-yl)-2-pyridinyl]-5-6-dipropyl-1-2-4-triazine, Lu, kerosene 0.5, 1-octanol 0.5",,"kerosene 0.5, 1-octanol 0.5",,"https://doi.org/10.1039/B9NJ00371A, https://doi.org/10.1021/jacs.5c19738",Baosen Zhang,2026-02-10 13:32:55,Distribution Ratio,0.5999999994699767,-,Temperature,25.0,C,- -,,,Comments,updated ORNL,,,,
16357,3-[6-(5-6-dipropyl-1-2-4-triazin-3-yl)-2-pyridinyl]-5-6-dipropyl-1-2-4-triazine,0.04 M,HNO3,1 M,"kerosene 0.5, 1-octanol 0.5",Yb,III ,0.05 mM,,,,,CCCc1nnc(-c2cccc(-c3nnc(CCC)c(CCC)n3)n2)nc1CCC,-,"HNO3, 3-[6-(5-6-dipropyl-1-2-4-triazin-3-yl)-2-pyridinyl]-5-6-dipropyl-1-2-4-triazine, Yb, kerosene 0.5, 1-octanol 0.5",,"kerosene 0.5, 1-octanol 0.5",,"https://doi.org/10.1039/B9NJ00371A, https://doi.org/10.1021/jacs.5c19738",Baosen Zhang,2026-02-10 13:32:55,Distribution Ratio,0.8999999990895754,-,Temperature,25.0,C,- -,,,Comments,updated ORNL,,,,
16358,3-[6-(5-6-dipropyl-1-2-4-triazin-3-yl)-2-pyridinyl]-5-6-dipropyl-1-2-4-triazine,0.04 M,HNO3,1 M,"kerosene 0.5, 1-octanol 0.5",Tm,III ,0.05 mM,,,,,CCCc1nnc(-c2cccc(-c3nnc(CCC)c(CCC)n3)n2)nc1CCC,-,"HNO3, 3-[6-(5-6-dipropyl-1-2-4-triazin-3-yl)-2-pyridinyl]-5-6-dipropyl-1-2-4-triazine, Tm, kerosene 0.5, 1-octanol 0.5",,"kerosene 0.5, 1-octanol 0.5",,"https://doi.org/10.1039/B9NJ00371A, https://doi.org/10.1021/jacs.5c19738",Baosen Zhang,2026-02-10 13:32:55,Distribution Ratio,1.0,-,Temperature,25.0,C,- -,,,Comments,updated ORNL,,,,
16359,3-[6-(5-6-dipropyl-1-2-4-triazin-3-yl)-2-pyridinyl]-5-6-dipropyl-1-2-4-triazine,0.04 M,HNO3,1 M,"kerosene 0.5, 1-octanol 0.5",Ho,III ,0.05 mM,,,,,CCCc1nnc(-c2cccc(-c3nnc(CCC)c(CCC)n3)n2)nc1CCC,-,"HNO3, 3-[6-(5-6-dipropyl-1-2-4-triazin-3-yl)-2-pyridinyl]-5-6-dipropyl-1-2-4-triazine, Ho, kerosene 0.5, 1-octanol 0.5",,"kerosene 0.5, 1-octanol 0.5",,"https://doi.org/10.1039/B9NJ00371A, https://doi.org/10.1021/jacs.5c19738",Baosen Zhang,2026-02-10 13:32:55,Distribution Ratio,4.99999999613144,-,Temperature,25.0,C,- -,,,Comments,updated ORNL,,,,
16360,3-[6-(5-6-dipropyl-1-2-4-triazin-3-yl)-2-pyridinyl]-5-6-dipropyl-1-2-4-triazine,0.04 M,HNO3,1 M,"kerosene 0.5, 1-octanol 0.5",Dy,III ,0.05 mM,,,,,CCCc1nnc(-c2cccc(-c3nnc(CCC)c(CCC)n3)n2)nc1CCC,-,"HNO3, 3-[6-(5-6-dipropyl-1-2-4-triazin-3-yl)-2-pyridinyl]-5-6-dipropyl-1-2-4-triazine, Dy, kerosene 0.5, 1-octanol 0.5",,"kerosene 0.5, 1-octanol 0.5",,"https://doi.org/10.1039/B9NJ00371A, https://doi.org/10.1021/jacs.5c19738",Baosen Zhang,2026-02-10 13:32:55,Distribution Ratio,2.000000001547424,-,Temperature,25.0,C,- -,,,Comments,updated ORNL,,,,
16361,3-[6-(5-6-dipropyl-1-2-4-triazin-3-yl)-2-pyridinyl]-5-6-dipropyl-1-2-4-triazine,0.04 M,HNO3,1 M,"kerosene 0.5, 1-octanol 0.5",Tb,III ,0.05 mM,,,,,CCCc1nnc(-c2cccc(-c3nnc(CCC)c(CCC)n3)n2)nc1CCC,-,"HNO3, 3-[6-(5-6-dipropyl-1-2-4-triazin-3-yl)-2-pyridinyl]-5-6-dipropyl-1-2-4-triazine, Tb, kerosene 0.5, 1-octanol 0.5",,"kerosene 0.5, 1-octanol 0.5",,"https://doi.org/10.1039/B9NJ00371A, https://doi.org/10.1021/jacs.5c19738",Baosen Zhang,2026-02-10 13:32:55,Distribution Ratio,0.8999999990895754,-,Temperature,25.0,C,- -,,,Comments,updated ORNL,,,,
16362,3-[6-(5-6-dipropyl-1-2-4-triazin-3-yl)-2-pyridinyl]-5-6-dipropyl-1-2-4-triazine,0.04 M,HNO3,1 M,"kerosene 0.5, 1-octanol 0.5",Gd,III ,0.05 mM,,,,,CCCc1nnc(-c2cccc(-c3nnc(CCC)c(CCC)n3)n2)nc1CCC,-,"HNO3, 3-[6-(5-6-dipropyl-1-2-4-triazin-3-yl)-2-pyridinyl]-5-6-dipropyl-1-2-4-triazine, Gd, kerosene 0.5, 1-octanol 0.5",,"kerosene 0.5, 1-octanol 0.5",,"https://doi.org/10.1039/B9NJ00371A, https://doi.org/10.1021/jacs.5c19738",Baosen Zhang,2026-02-10 13:32:55,Distribution Ratio,0.2000000001547424,-,Temperature,25.0,C,- -,,,Comments,updated ORNL,,,,
16363,3-[6-(5-6-dipropyl-1-2-4-triazin-3-yl)-2-pyridinyl]-5-6-dipropyl-1-2-4-triazine,0.04 M,HNO3,1 M,"kerosene 0.5, 1-octanol 0.5",Sm,III ,0.05 mM,,,,,CCCc1nnc(-c2cccc(-c3nnc(CCC)c(CCC)n3)n2)nc1CCC,-,"HNO3, 3-[6-(5-6-dipropyl-1-2-4-triazin-3-yl)-2-pyridinyl]-5-6-dipropyl-1-2-4-triazine, Sm, kerosene 0.5, 1-octanol 0.5",,"kerosene 0.5, 1-octanol 0.5",,"https://doi.org/10.1039/B9NJ00371A, https://doi.org/10.1021/jacs.5c19738",Baosen Zhang,2026-02-10 13:32:56,Distribution Ratio,0.04999999996131441,-,Temperature,25.0,C,- -,,,Comments,updated ORNL,,,,
16364,3-[6-(5-6-dipropyl-1-2-4-triazin-3-yl)-2-pyridinyl]-5-6-dipropyl-1-2-4-triazine,0.04 M,HNO3,1 M,"kerosene 0.5, 1-octanol 0.5",Pr,III ,0.05 mM,,,,,CCCc1nnc(-c2cccc(-c3nnc(CCC)c(CCC)n3)n2)nc1CCC,-,"HNO3, 3-[6-(5-6-dipropyl-1-2-4-triazin-3-yl)-2-pyridinyl]-5-6-dipropyl-1-2-4-triazine, Pr, kerosene 0.5, 1-octanol 0.5",,"kerosene 0.5, 1-octanol 0.5",,"https://doi.org/10.1039/B9NJ00371A, https://doi.org/10.1021/jacs.5c19738",Baosen Zhang,2026-02-10 13:32:56,Distribution Ratio,0.001099999999599241,-,Temperature,25.0,C,- -,,,Comments,updated ORNL,,,,
16365,3-[6-(5-6-dipropyl-1-2-4-triazin-3-yl)-2-pyridinyl]-5-6-dipropyl-1-2-4-triazine,0.04 M,HNO3,1 M,"kerosene 0.5, 1-octanol 0.5",Ce,III ,0.05 mM,,,,,CCCc1nnc(-c2cccc(-c3nnc(CCC)c(CCC)n3)n2)nc1CCC,-,"HNO3, 3-[6-(5-6-dipropyl-1-2-4-triazin-3-yl)-2-pyridinyl]-5-6-dipropyl-1-2-4-triazine, Ce, kerosene 0.5, 1-octanol 0.5",,"kerosene 0.5, 1-octanol 0.5",,"https://doi.org/10.1039/B9NJ00371A, https://doi.org/10.1021/jacs.5c19738",Baosen Zhang,2026-02-10 13:32:56,Distribution Ratio,0.0005999999994699769,-,Temperature,25.0,C,- -,,,Comments,updated ORNL,,,,
16366,3-[6-(5-6-dipropyl-1-2-4-triazin-3-yl)-2-pyridinyl]-5-6-dipropyl-1-2-4-triazine,0.04 M,HNO3,1 M,"kerosene 0.5, 1-octanol 0.5",La,III ,0.05 mM,,,,,CCCc1nnc(-c2cccc(-c3nnc(CCC)c(CCC)n3)n2)nc1CCC,-,"HNO3, 3-[6-(5-6-dipropyl-1-2-4-triazin-3-yl)-2-pyridinyl]-5-6-dipropyl-1-2-4-triazine, La, kerosene 0.5, 1-octanol 0.5",,"kerosene 0.5, 1-octanol 0.5",,"https://doi.org/10.1039/B9NJ00371A, https://doi.org/10.1021/jacs.5c19738",Baosen Zhang,2026-02-10 13:32:56,Distribution Ratio,0.0001,-,Temperature,25.0,C,- -,,,Comments,updated ORNL,,,,
16367,3-[6-(5-6-dipropyl-1-2-4-triazin-3-yl)-2-pyridinyl]-5-6-dipropyl-1-2-4-triazine,0.04 M,HNO3,1 M,"kerosene 0.5, 1-octanol 0.5",Eu,III ,0.05 mM,,,,,CCCc1nnc(-c2cccc(-c3nnc(CCC)c(CCC)n3)n2)nc1CCC,-,"HNO3, 3-[6-(5-6-dipropyl-1-2-4-triazin-3-yl)-2-pyridinyl]-5-6-dipropyl-1-2-4-triazine, Eu, kerosene 0.5, 1-octanol 0.5",,"kerosene 0.5, 1-octanol 0.5",,"https://doi.org/10.1039/B9NJ00371A, https://doi.org/10.1021/jacs.5c19738",Baosen Zhang,2026-02-10 13:32:56,Distribution Ratio,0.1,-,Temperature,25.0,C,- -,,,Comments,updated ORNL,,,,
16368,3-[6-(5-6-dipropyl-1-2-4-triazin-3-yl)-2-pyridinyl]-5-6-dipropyl-1-2-4-triazine,0.04 M,HNO3,1 M,"kerosene 0.5, 1-octanol 0.5",Nd,III ,0.05 mM,,,,,CCCc1nnc(-c2cccc(-c3nnc(CCC)c(CCC)n3)n2)nc1CCC,-,"HNO3, 3-[6-(5-6-dipropyl-1-2-4-triazin-3-yl)-2-pyridinyl]-5-6-dipropyl-1-2-4-triazine, Nd, kerosene 0.5, 1-octanol 0.5",,"kerosene 0.5, 1-octanol 0.5",,"https://doi.org/10.1039/B9NJ00371A, https://doi.org/10.1021/jacs.5c19738",Baosen Zhang,2026-02-10 13:32:56,Distribution Ratio,0.00499999999613144,-,Temperature,25.0,C,- -,,,Comments,updated ORNL,,,,
16369,3-[6-[6-(5-6-dipentyl-1-2-4-triazin-3-yl)-2-pyridinyl]-2-pyridinyl]-5-6-dipentyl-1-2-4-triazine,0.005 M,HNO3,0.5 M,cyclohexanone,Sm,III ,0.001 mM,,,,,CCCCCc1nnc(-c2cccc(-c3cccc(-c4nnc(CCCCC)c(CCCCC)n4)n3)n2)nc1CCCCC,-,"HNO3, 3-[6-[6-(5-6-dipentyl-1-2-4-triazin-3-yl)-2-pyridinyl]-2-pyridinyl]-5-6-dipentyl-1-2-4-triazine, Sm, cyclohexanone",,cyclohexanone,,"https://doi.org/10.1080/07366290600952659, https://doi.org/10.1021/jacs.5c19738",Baosen Zhang,2026-02-10 13:32:56,Distribution Ratio,0.08999999990895753,-,Temperature,25.0,C,- -,,,Comments,updated ORNL,,,,
16370,3-[6-[6-(5-6-dipentyl-1-2-4-triazin-3-yl)-2-pyridinyl]-2-pyridinyl]-5-6-dipentyl-1-2-4-triazine,0.005 M,HNO3,0.5 M,cyclohexanone,Tb,III ,0.001 mM,,,,,CCCCCc1nnc(-c2cccc(-c3cccc(-c4nnc(CCCCC)c(CCCCC)n4)n3)n2)nc1CCCCC,-,"HNO3, 3-[6-[6-(5-6-dipentyl-1-2-4-triazin-3-yl)-2-pyridinyl]-2-pyridinyl]-5-6-dipentyl-1-2-4-triazine, Tb, cyclohexanone",,cyclohexanone,,"https://doi.org/10.1080/07366290600952659, https://doi.org/10.1021/jacs.5c19738",Baosen Zhang,2026-02-10 13:32:56,Distribution Ratio,0.2000000001547424,-,Temperature,25.0,C,- -,,,Comments,updated ORNL,,,,
16371,3-[6-[6-(5-6-dipentyl-1-2-4-triazin-3-yl)-2-pyridinyl]-2-pyridinyl]-5-6-dipentyl-1-2-4-triazine,0.005 M,HNO3,0.5 M,cyclohexanone,Eu,III ,0.001 mM,,,,,CCCCCc1nnc(-c2cccc(-c3cccc(-c4nnc(CCCCC)c(CCCCC)n4)n3)n2)nc1CCCCC,-,"HNO3, 3-[6-[6-(5-6-dipentyl-1-2-4-triazin-3-yl)-2-pyridinyl]-2-pyridinyl]-5-6-dipentyl-1-2-4-triazine, Eu, cyclohexanone",,cyclohexanone,,"https://doi.org/10.1080/07366290600952659, https://doi.org/10.1021/jacs.5c19738",Baosen Zhang,2026-02-10 13:32:56,Distribution Ratio,0.1,-,Temperature,25.0,C,- -,,,Comments,updated ORNL,,,,
16372,3-[6-[6-(5-6-dipentyl-1-2-4-triazin-3-yl)-2-pyridinyl]-2-pyridinyl]-5-6-dipentyl-1-2-4-triazine,0.005 M,HNO3,0.5 M,cyclohexanone,Er,III ,0.001 mM,,,,,CCCCCc1nnc(-c2cccc(-c3cccc(-c4nnc(CCCCC)c(CCCCC)n4)n3)n2)nc1CCCCC,-,"HNO3, 3-[6-[6-(5-6-dipentyl-1-2-4-triazin-3-yl)-2-pyridinyl]-2-pyridinyl]-5-6-dipentyl-1-2-4-triazine, Er, cyclohexanone",,cyclohexanone,,"https://doi.org/10.1080/07366290600952659, https://doi.org/10.1021/jacs.5c19738",Baosen Zhang,2026-02-10 13:32:56,Distribution Ratio,0.5999999994699767,-,Temperature,25.0,C,- -,,,Comments,updated ORNL,,,,
16373,3-[6-[6-(5-6-dipentyl-1-2-4-triazin-3-yl)-2-pyridinyl]-2-pyridinyl]-5-6-dipentyl-1-2-4-triazine,0.005 M,HNO3,0.5 M,cyclohexanone,Yb,III ,0.001 mM,,,,,CCCCCc1nnc(-c2cccc(-c3cccc(-c4nnc(CCCCC)c(CCCCC)n4)n3)n2)nc1CCCCC,-,"HNO3, 3-[6-[6-(5-6-dipentyl-1-2-4-triazin-3-yl)-2-pyridinyl]-2-pyridinyl]-5-6-dipentyl-1-2-4-triazine, Yb, cyclohexanone",,cyclohexanone,,"https://doi.org/10.1080/07366290600952659, https://doi.org/10.1021/jacs.5c19738",Baosen Zhang,2026-02-10 13:32:56,Distribution Ratio,0.6999999999770207,-,Temperature,25.0,C,- -,,,Comments,updated ORNL,,,,
16374,3-[6-[6-(5-6-dipentyl-1-2-4-triazin-3-yl)-2-pyridinyl]-2-pyridinyl]-5-6-dipentyl-1-2-4-triazine,0.005 M,HNO3,0.5 M,cyclohexanone,Lu,III ,0.001 mM,,,,,CCCCCc1nnc(-c2cccc(-c3cccc(-c4nnc(CCCCC)c(CCCCC)n4)n3)n2)nc1CCCCC,-,"HNO3, 3-[6-[6-(5-6-dipentyl-1-2-4-triazin-3-yl)-2-pyridinyl]-2-pyridinyl]-5-6-dipentyl-1-2-4-triazine, Lu, cyclohexanone",,cyclohexanone,,"https://doi.org/10.1080/07366290600952659, https://doi.org/10.1021/jacs.5c19738",Baosen Zhang,2026-02-10 13:32:56,Distribution Ratio,0.6999999999770207,-,Temperature,25.0,C,- -,,,Comments,updated ORNL,,,,
16375,3-[6-[6-(5-6-dipentyl-1-2-4-triazin-3-yl)-2-pyridinyl]-2-pyridinyl]-5-6-dipentyl-1-2-4-triazine,0.005 M,HNO3,0.5 M,cyclohexanone,Nd,III ,0.001 mM,,,,,CCCCCc1nnc(-c2cccc(-c3cccc(-c4nnc(CCCCC)c(CCCCC)n4)n3)n2)nc1CCCCC,-,"HNO3, 3-[6-[6-(5-6-dipentyl-1-2-4-triazin-3-yl)-2-pyridinyl]-2-pyridinyl]-5-6-dipentyl-1-2-4-triazine, Nd, cyclohexanone",,cyclohexanone,,"https://doi.org/10.1080/07366290600952659, https://doi.org/10.1021/jacs.5c19738",Baosen Zhang,2026-02-10 13:32:57,Distribution Ratio,0.04999999996131441,-,Temperature,25.0,C,- -,,,Comments,updated ORNL,,,,
16376,3-[6-[6-(5-6-dipentyl-1-2-4-triazin-3-yl)-2-pyridinyl]-2-pyridinyl]-5-6-dipentyl-1-2-4-triazine,0.005 M,HNO3,0.5 M,cyclohexanone,La,III ,0.001 mM,,,,,CCCCCc1nnc(-c2cccc(-c3cccc(-c4nnc(CCCCC)c(CCCCC)n4)n3)n2)nc1CCCCC,-,"HNO3, 3-[6-[6-(5-6-dipentyl-1-2-4-triazin-3-yl)-2-pyridinyl]-2-pyridinyl]-5-6-dipentyl-1-2-4-triazine, La, cyclohexanone",,cyclohexanone,,"https://doi.org/10.1080/07366290600952659, https://doi.org/10.1021/jacs.5c19738",Baosen Zhang,2026-02-10 13:32:57,Distribution Ratio,0.001,-,Temperature,25.0,C,- -,,,Comments,updated ORNL,,,,
16377,3-[6-[6-(5-6-dipentyl-1-2-4-triazin-3-yl)-2-pyridinyl]-2-pyridinyl]-5-6-dipentyl-1-2-4-triazine,0.005 M,HNO3,0.5 M,cyclohexanone,Ce,III ,0.001 mM,,,,,CCCCCc1nnc(-c2cccc(-c3cccc(-c4nnc(CCCCC)c(CCCCC)n4)n3)n2)nc1CCCCC,-,"HNO3, 3-[6-[6-(5-6-dipentyl-1-2-4-triazin-3-yl)-2-pyridinyl]-2-pyridinyl]-5-6-dipentyl-1-2-4-triazine, Ce, cyclohexanone",,cyclohexanone,,"https://doi.org/10.1080/07366290600952659, https://doi.org/10.1021/jacs.5c19738",Baosen Zhang,2026-02-10 13:32:57,Distribution Ratio,0.005999999994699769,-,Temperature,25.0,C,- -,,,Comments,updated ORNL,,,,
16378,3-[6-[6-(5-6-dipentyl-1-2-4-triazin-3-yl)-2-pyridinyl]-2-pyridinyl]-5-6-dipentyl-1-2-4-triazine,0.005 M,HNO3,0.5 M,cyclohexanone,Gd,III ,0.001 mM,,,,,CCCCCc1nnc(-c2cccc(-c3cccc(-c4nnc(CCCCC)c(CCCCC)n4)n3)n2)nc1CCCCC,-,"HNO3, 3-[6-[6-(5-6-dipentyl-1-2-4-triazin-3-yl)-2-pyridinyl]-2-pyridinyl]-5-6-dipentyl-1-2-4-triazine, Gd, cyclohexanone",,cyclohexanone,,"https://doi.org/10.1080/07366290600952659, https://doi.org/10.1021/jacs.5c19738",Baosen Zhang,2026-02-10 13:32:57,Distribution Ratio,0.08500000005591857,-,Temperature,25.0,C,- -,,,Comments,updated ORNL,,,,
16379,3-[6-[6-(5-6-dipentyl-1-2-4-triazin-3-yl)-2-pyridinyl]-2-pyridinyl]-5-6-dipentyl-1-2-4-triazine,0.005 M,HNO3,0.5 M,cyclohexanone,Dy,III ,0.001 mM,,,,,CCCCCc1nnc(-c2cccc(-c3cccc(-c4nnc(CCCCC)c(CCCCC)n4)n3)n2)nc1CCCCC,-,"HNO3, 3-[6-[6-(5-6-dipentyl-1-2-4-triazin-3-yl)-2-pyridinyl]-2-pyridinyl]-5-6-dipentyl-1-2-4-triazine, Dy, cyclohexanone",,cyclohexanone,,"https://doi.org/10.1080/07366290600952659, https://doi.org/10.1021/jacs.5c19738",Baosen Zhang,2026-02-10 13:32:57,Distribution Ratio,0.3499999997177112,-,Temperature,25.0,C,- -,,,Comments,updated ORNL,,,,
16380,3-[6-[6-(5-6-dipentyl-1-2-4-triazin-3-yl)-2-pyridinyl]-2-pyridinyl]-5-6-dipentyl-1-2-4-triazine,0.005 M,HNO3,0.5 M,cyclohexanone,Ho,III ,0.001 mM,,,,,CCCCCc1nnc(-c2cccc(-c3cccc(-c4nnc(CCCCC)c(CCCCC)n4)n3)n2)nc1CCCCC,-,"HNO3, 3-[6-[6-(5-6-dipentyl-1-2-4-triazin-3-yl)-2-pyridinyl]-2-pyridinyl]-5-6-dipentyl-1-2-4-triazine, Ho, cyclohexanone",,cyclohexanone,,"https://doi.org/10.1080/07366290600952659, https://doi.org/10.1021/jacs.5c19738",Baosen Zhang,2026-02-10 13:32:57,Distribution Ratio,0.499999999613144,-,Temperature,25.0,C,- -,,,Comments,updated ORNL,,,,
16381,3-[6-[6-(5-6-dipentyl-1-2-4-triazin-3-yl)-2-pyridinyl]-2-pyridinyl]-5-6-dipentyl-1-2-4-triazine,0.005 M,HNO3,0.5 M,cyclohexanone,Pr,III ,0.001 mM,,,,,CCCCCc1nnc(-c2cccc(-c3cccc(-c4nnc(CCCCC)c(CCCCC)n4)n3)n2)nc1CCCCC,-,"HNO3, 3-[6-[6-(5-6-dipentyl-1-2-4-triazin-3-yl)-2-pyridinyl]-2-pyridinyl]-5-6-dipentyl-1-2-4-triazine, Pr, cyclohexanone",,cyclohexanone,,"https://doi.org/10.1080/07366290600952659, https://doi.org/10.1021/jacs.5c19738",Baosen Zhang,2026-02-10 13:32:57,Distribution Ratio,0.01499999999807684,-,Temperature,25.0,C,- -,,,Comments,updated ORNL,,,,
16382,N-N-N-N-tetrabutyl-2-[[2-[3-(dibutylamino)-2-(dibutylcarbamoyl)-3-oxopropyl]phenyl]methyl]propanediamide,0.18 M,HNO3,1 M,nitrobenzene,La,III ,1.4 mM,,,,,CCCCN(CCCC)C(=O)C(Cc1ccccc1CC(C(=O)N(CCCC)CCCC)C(=O)N(CCCC)CCCC)C(=O)N(CCCC)CCCC,-,"HNO3, N-N-N-N-tetrabutyl-2-[[2-[3-(dibutylamino)-2-(dibutylcarbamoyl)-3-oxopropyl]phenyl]methyl]propanediamide, La, nitrobenzene",,nitrobenzene,,"https://doi.org/10.1016/j.hydromet.2016.05.007, https://doi.org/10.1021/jacs.5c19738",Baosen Zhang,2026-02-10 13:32:57,Distribution Ratio,49.9999999613144,-,Temperature,25.0,C,- -,,,Comments,updated ORNL,,,,
16383,N-N-N-N-tetrabutyl-2-[[2-[3-(dibutylamino)-2-(dibutylcarbamoyl)-3-oxopropyl]phenyl]methyl]propanediamide,0.18 M,HNO3,1 M,nitrobenzene,Nd,III ,1.4 mM,,,,,CCCCN(CCCC)C(=O)C(Cc1ccccc1CC(C(=O)N(CCCC)CCCC)C(=O)N(CCCC)CCCC)C(=O)N(CCCC)CCCC,-,"HNO3, N-N-N-N-tetrabutyl-2-[[2-[3-(dibutylamino)-2-(dibutylcarbamoyl)-3-oxopropyl]phenyl]methyl]propanediamide, Nd, nitrobenzene",,nitrobenzene,,"https://doi.org/10.1016/j.hydromet.2016.05.007, https://doi.org/10.1021/jacs.5c19738",Baosen Zhang,2026-02-10 13:32:57,Distribution Ratio,58.00000005836969,-,Temperature,25.0,C,- -,,,Comments,updated ORNL,,,,
16384,N-N-N-N-tetrabutyl-2-[[2-[3-(dibutylamino)-2-(dibutylcarbamoyl)-3-oxopropyl]phenyl]methyl]propanediamide,0.18 M,HNO3,1 M,nitrobenzene,Eu,III ,1.4 mM,,,,,CCCCN(CCCC)C(=O)C(Cc1ccccc1CC(C(=O)N(CCCC)CCCC)C(=O)N(CCCC)CCCC)C(=O)N(CCCC)CCCC,-,"HNO3, N-N-N-N-tetrabutyl-2-[[2-[3-(dibutylamino)-2-(dibutylcarbamoyl)-3-oxopropyl]phenyl]methyl]propanediamide, Eu, nitrobenzene",,nitrobenzene,,"https://doi.org/10.1016/j.hydromet.2016.05.007, https://doi.org/10.1021/jacs.5c19738",Baosen Zhang,2026-02-10 13:32:57,Distribution Ratio,48.9999999967829,-,Temperature,25.0,C,- -,,,Comments,updated ORNL,,,,
16385,N-N-N-N-tetrabutyl-2-[[2-[3-(dibutylamino)-2-(dibutylcarbamoyl)-3-oxopropyl]phenyl]methyl]propanediamide,0.18 M,HNO3,1 M,nitrobenzene,Dy,III ,1.4 mM,,,,,CCCCN(CCCC)C(=O)C(Cc1ccccc1CC(C(=O)N(CCCC)CCCC)C(=O)N(CCCC)CCCC)C(=O)N(CCCC)CCCC,-,"HNO3, N-N-N-N-tetrabutyl-2-[[2-[3-(dibutylamino)-2-(dibutylcarbamoyl)-3-oxopropyl]phenyl]methyl]propanediamide, Dy, nitrobenzene",,nitrobenzene,,"https://doi.org/10.1016/j.hydromet.2016.05.007, https://doi.org/10.1021/jacs.5c19738",Baosen Zhang,2026-02-10 13:32:57,Distribution Ratio,47.00000000695676,-,Temperature,25.0,C,- -,,,Comments,updated ORNL,,,,
16386,2-6-bis(dioctylphosphorylmethyl)-1-oxidopyridin-1-ium,0.03 M,HNO3,0.3 M,toluene,Gd,III , ,,,,,CCCCCCCCP(=O)(CCCCCCCC)Cc1cccc(CP(=O)(CCCCCCCC)CCCCCCCC)[n+]1[O-],-,"HNO3, 2-6-bis(dioctylphosphorylmethyl)-1-oxidopyridin-1-ium, Gd, toluene",,toluene,,"https://doi.org/10.1080/01496395.2012.697523, https://doi.org/10.1021/jacs.5c19738",Baosen Zhang,2026-02-10 13:32:57,Distribution Ratio,11.99999999868408,-,Temperature,25.0,C,- -,,,Comments,updated ORNL,,,,
16387,2-6-bis(dioctylphosphorylmethyl)-1-oxidopyridin-1-ium,0.03 M,HNO3,0.3 M,toluene,Eu,III , ,,,,,CCCCCCCCP(=O)(CCCCCCCC)Cc1cccc(CP(=O)(CCCCCCCC)CCCCCCCC)[n+]1[O-],-,"HNO3, 2-6-bis(dioctylphosphorylmethyl)-1-oxidopyridin-1-ium, Eu, toluene",,toluene,,"https://doi.org/10.1080/01496395.2012.697523, https://doi.org/10.1021/jacs.5c19738",Baosen Zhang,2026-02-10 13:32:57,Distribution Ratio,20.00000001547424,-,Temperature,25.0,C,- -,,,Comments,updated ORNL,,,,
16388,2-6-bis(dioctylphosphorylmethyl)-1-oxidopyridin-1-ium,0.0003 M,Hcl,0.001 M,toluene,Er,III , ,,,,,CCCCCCCCP(=O)(CCCCCCCC)Cc1cccc(CP(=O)(CCCCCCCC)CCCCCCCC)[n+]1[O-],-,"Hcl, 2-6-bis(dioctylphosphorylmethyl)-1-oxidopyridin-1-ium, Er, toluene",,toluene,,"https://doi.org/10.1080/01496395.2012.697523, https://doi.org/10.1021/jacs.5c19738",Baosen Zhang,2026-02-10 13:32:57,Distribution Ratio,3.000000001936503,-,Temperature,25.0,C,- -,,,Comments,updated ORNL,,,,
16389,2-6-bis(dioctylphosphorylmethyl)-1-oxidopyridin-1-ium,0.03 M,HNO3,0.3 M,toluene,Sm,III , ,,,,,CCCCCCCCP(=O)(CCCCCCCC)Cc1cccc(CP(=O)(CCCCCCCC)CCCCCCCC)[n+]1[O-],-,"HNO3, 2-6-bis(dioctylphosphorylmethyl)-1-oxidopyridin-1-ium, Sm, toluene",,toluene,,"https://doi.org/10.1080/01496395.2012.697523, https://doi.org/10.1021/jacs.5c19738",Baosen Zhang,2026-02-10 13:32:57,Distribution Ratio,30.00000001936503,-,Temperature,25.0,C,- -,,,Comments,updated ORNL,,,,
16390,2-6-bis(dioctylphosphorylmethyl)-1-oxidopyridin-1-ium,0.0003 M,Hcl,0.001 M,toluene,Tm,III , ,,,,,CCCCCCCCP(=O)(CCCCCCCC)Cc1cccc(CP(=O)(CCCCCCCC)CCCCCCCC)[n+]1[O-],-,"Hcl, 2-6-bis(dioctylphosphorylmethyl)-1-oxidopyridin-1-ium, Tm, toluene",,toluene,,"https://doi.org/10.1080/01496395.2012.697523, https://doi.org/10.1021/jacs.5c19738",Baosen Zhang,2026-02-10 13:32:58,Distribution Ratio,2.000000001547424,-,Temperature,25.0,C,- -,,,Comments,updated ORNL,,,,
16391,2-6-bis(dioctylphosphorylmethyl)-1-oxidopyridin-1-ium,0.03 M,HNO3,0.3 M,toluene,Pr,III , ,,,,,CCCCCCCCP(=O)(CCCCCCCC)Cc1cccc(CP(=O)(CCCCCCCC)CCCCCCCC)[n+]1[O-],-,"HNO3, 2-6-bis(dioctylphosphorylmethyl)-1-oxidopyridin-1-ium, Pr, toluene",,toluene,,"https://doi.org/10.1080/01496395.2012.697523, https://doi.org/10.1021/jacs.5c19738",Baosen Zhang,2026-02-10 13:32:58,Distribution Ratio,30.00000001936503,-,Temperature,25.0,C,- -,,,Comments,updated ORNL,,,,
16392,2-6-bis(dioctylphosphorylmethyl)-1-oxidopyridin-1-ium,0.03 M,HNO3,0.3 M,toluene,Ce,III , ,,,,,CCCCCCCCP(=O)(CCCCCCCC)Cc1cccc(CP(=O)(CCCCCCCC)CCCCCCCC)[n+]1[O-],-,"HNO3, 2-6-bis(dioctylphosphorylmethyl)-1-oxidopyridin-1-ium, Ce, toluene",,toluene,,"https://doi.org/10.1080/01496395.2012.697523, https://doi.org/10.1021/jacs.5c19738",Baosen Zhang,2026-02-10 13:32:58,Distribution Ratio,20.00000001547424,-,Temperature,25.0,C,- -,,,Comments,updated ORNL,,,,
16393,2-6-bis(dioctylphosphorylmethyl)-1-oxidopyridin-1-ium,0.03 M,HNO3,0.3 M,toluene,Dy,III , ,,,,,CCCCCCCCP(=O)(CCCCCCCC)Cc1cccc(CP(=O)(CCCCCCCC)CCCCCCCC)[n+]1[O-],-,"HNO3, 2-6-bis(dioctylphosphorylmethyl)-1-oxidopyridin-1-ium, Dy, toluene",,toluene,,"https://doi.org/10.1080/01496395.2012.697523, https://doi.org/10.1021/jacs.5c19738",Baosen Zhang,2026-02-10 13:32:58,Distribution Ratio,10.0,-,Temperature,25.0,C,- -,,,Comments,updated ORNL,,,,
16394,2-6-bis(dioctylphosphorylmethyl)-1-oxidopyridin-1-ium,0.03 M,HNO3,0.3 M,toluene,La,III , ,,,,,CCCCCCCCP(=O)(CCCCCCCC)Cc1cccc(CP(=O)(CCCCCCCC)CCCCCCCC)[n+]1[O-],-,"HNO3, 2-6-bis(dioctylphosphorylmethyl)-1-oxidopyridin-1-ium, La, toluene",,toluene,,"https://doi.org/10.1080/01496395.2012.697523, https://doi.org/10.1021/jacs.5c19738",Baosen Zhang,2026-02-10 13:32:58,Distribution Ratio,10.0,-,Temperature,25.0,C,- -,,,Comments,updated ORNL,,,,
16395,2-6-bis(dioctylphosphorylmethyl)-1-oxidopyridin-1-ium,0.03 M,HNO3,0.3 M,toluene,Nd,III , ,,,,,CCCCCCCCP(=O)(CCCCCCCC)Cc1cccc(CP(=O)(CCCCCCCC)CCCCCCCC)[n+]1[O-],-,"HNO3, 2-6-bis(dioctylphosphorylmethyl)-1-oxidopyridin-1-ium, Nd, toluene",,toluene,,"https://doi.org/10.1080/01496395.2012.697523, https://doi.org/10.1021/jacs.5c19738",Baosen Zhang,2026-02-10 13:32:58,Distribution Ratio,25.00000001887904,-,Temperature,25.0,C,- -,,,Comments,updated ORNL,,,,
16396,2-6-bis(dioctylphosphorylmethyl)-1-oxidopyridin-1-ium,0.03 M,HNO3,0.3 M,toluene,Ho,III , ,,,,,CCCCCCCCP(=O)(CCCCCCCC)Cc1cccc(CP(=O)(CCCCCCCC)CCCCCCCC)[n+]1[O-],-,"HNO3, 2-6-bis(dioctylphosphorylmethyl)-1-oxidopyridin-1-ium, Ho, toluene",,toluene,,"https://doi.org/10.1080/01496395.2012.697523, https://doi.org/10.1021/jacs.5c19738",Baosen Zhang,2026-02-10 13:32:58,Distribution Ratio,8.999999990895754,-,Temperature,25.0,C,- -,,,Comments,updated ORNL,,,,
16397,2-6-bis(dioctylphosphorylmethyl)-1-oxidopyridin-1-ium,0.03 M,HNO3,0.3 M,toluene,Tb,III , ,,,,,CCCCCCCCP(=O)(CCCCCCCC)Cc1cccc(CP(=O)(CCCCCCCC)CCCCCCCC)[n+]1[O-],-,"HNO3, 2-6-bis(dioctylphosphorylmethyl)-1-oxidopyridin-1-ium, Tb, toluene",,toluene,,"https://doi.org/10.1080/01496395.2012.697523, https://doi.org/10.1021/jacs.5c19738",Baosen Zhang,2026-02-10 13:32:58,Distribution Ratio,14.99999999807684,-,Temperature,25.0,C,- -,,,Comments,updated ORNL,,,,
16398,2-6-bis(dioctylphosphorylmethyl)-1-oxidopyridin-1-ium,0.03 M,HNO3,0.3 M,toluene,Tm,III , ,,,,,CCCCCCCCP(=O)(CCCCCCCC)Cc1cccc(CP(=O)(CCCCCCCC)CCCCCCCC)[n+]1[O-],-,"HNO3, 2-6-bis(dioctylphosphorylmethyl)-1-oxidopyridin-1-ium, Tm, toluene",,toluene,,"https://doi.org/10.1080/01496395.2012.697523, https://doi.org/10.1021/jacs.5c19738",Baosen Zhang,2026-02-10 13:32:58,Distribution Ratio,6.999999999770207,-,Temperature,25.0,C,- -,,,Comments,updated ORNL,,,,
16399,2-6-bis(dioctylphosphorylmethyl)-1-oxidopyridin-1-ium,0.0003 M,Hcl,0.001 M,toluene,Lu,III , ,,,,,CCCCCCCCP(=O)(CCCCCCCC)Cc1cccc(CP(=O)(CCCCCCCC)CCCCCCCC)[n+]1[O-],-,"Hcl, 2-6-bis(dioctylphosphorylmethyl)-1-oxidopyridin-1-ium, Lu, toluene",,toluene,,"https://doi.org/10.1080/01496395.2012.697523, https://doi.org/10.1021/jacs.5c19738",Baosen Zhang,2026-02-10 13:32:58,Distribution Ratio,1.499999999807684,-,Temperature,25.0,C,- -,,,Comments,updated ORNL,,,,
16400,2-6-bis(dioctylphosphorylmethyl)-1-oxidopyridin-1-ium,0.0003 M,Hcl,0.001 M,toluene,Yb,III , ,,,,,CCCCCCCCP(=O)(CCCCCCCC)Cc1cccc(CP(=O)(CCCCCCCC)CCCCCCCC)[n+]1[O-],-,"Hcl, 2-6-bis(dioctylphosphorylmethyl)-1-oxidopyridin-1-ium, Yb, toluene",,toluene,,"https://doi.org/10.1080/01496395.2012.697523, https://doi.org/10.1021/jacs.5c19738",Baosen Zhang,2026-02-10 13:32:58,Distribution Ratio,1.499999999807684,-,Temperature,25.0,C,- -,,,Comments,updated ORNL,,,,
16401,2-6-bis(dioctylphosphorylmethyl)-1-oxidopyridin-1-ium,0.03 M,HNO3,0.3 M,toluene,Er,III , ,,,,,CCCCCCCCP(=O)(CCCCCCCC)Cc1cccc(CP(=O)(CCCCCCCC)CCCCCCCC)[n+]1[O-],-,"HNO3, 2-6-bis(dioctylphosphorylmethyl)-1-oxidopyridin-1-ium, Er, toluene",,toluene,,"https://doi.org/10.1080/01496395.2012.697523, https://doi.org/10.1021/jacs.5c19738",Baosen Zhang,2026-02-10 13:32:58,Distribution Ratio,8.000000000148404,-,Temperature,25.0,C,- -,,,Comments,updated ORNL,,,,
16402,2-6-bis(dioctylphosphorylmethyl)-1-oxidopyridin-1-ium,0.0003 M,Hcl,0.001 M,toluene,Tb,III , ,,,,,CCCCCCCCP(=O)(CCCCCCCC)Cc1cccc(CP(=O)(CCCCCCCC)CCCCCCCC)[n+]1[O-],-,"Hcl, 2-6-bis(dioctylphosphorylmethyl)-1-oxidopyridin-1-ium, Tb, toluene",,toluene,,"https://doi.org/10.1080/01496395.2012.697523, https://doi.org/10.1021/jacs.5c19738",Baosen Zhang,2026-02-10 13:32:58,Distribution Ratio,8.999999990895754,-,Temperature,25.0,C,- -,,,Comments,updated ORNL,,,,
16403,2-6-bis(dioctylphosphorylmethyl)-1-oxidopyridin-1-ium,0.0003 M,Hcl,0.001 M,toluene,Gd,III , ,,,,,CCCCCCCCP(=O)(CCCCCCCC)Cc1cccc(CP(=O)(CCCCCCCC)CCCCCCCC)[n+]1[O-],-,"Hcl, 2-6-bis(dioctylphosphorylmethyl)-1-oxidopyridin-1-ium, Gd, toluene",,toluene,,"https://doi.org/10.1080/01496395.2012.697523, https://doi.org/10.1021/jacs.5c19738",Baosen Zhang,2026-02-10 13:32:58,Distribution Ratio,10.0,-,Temperature,25.0,C,- -,,,Comments,updated ORNL,,,,
16404,2-6-bis(dioctylphosphorylmethyl)-1-oxidopyridin-1-ium,0.0003 M,Hcl,0.001 M,toluene,Eu,III , ,,,,,CCCCCCCCP(=O)(CCCCCCCC)Cc1cccc(CP(=O)(CCCCCCCC)CCCCCCCC)[n+]1[O-],-,"Hcl, 2-6-bis(dioctylphosphorylmethyl)-1-oxidopyridin-1-ium, Eu, toluene",,toluene,,"https://doi.org/10.1080/01496395.2012.697523, https://doi.org/10.1021/jacs.5c19738",Baosen Zhang,2026-02-10 13:32:58,Distribution Ratio,20.00000001547424,-,Temperature,25.0,C,- -,,,Comments,updated ORNL,,,,
16405,2-6-bis(dioctylphosphorylmethyl)-1-oxidopyridin-1-ium,0.0003 M,Hcl,0.001 M,toluene,Dy,III , ,,,,,CCCCCCCCP(=O)(CCCCCCCC)Cc1cccc(CP(=O)(CCCCCCCC)CCCCCCCC)[n+]1[O-],-,"Hcl, 2-6-bis(dioctylphosphorylmethyl)-1-oxidopyridin-1-ium, Dy, toluene",,toluene,,"https://doi.org/10.1080/01496395.2012.697523, https://doi.org/10.1021/jacs.5c19738",Baosen Zhang,2026-02-10 13:32:59,Distribution Ratio,6.999999999770207,-,Temperature,25.0,C,- -,,,Comments,updated ORNL,,,,
16406,2-6-bis(dioctylphosphorylmethyl)-1-oxidopyridin-1-ium,0.0003 M,Hcl,0.001 M,toluene,Nd,III , ,,,,,CCCCCCCCP(=O)(CCCCCCCC)Cc1cccc(CP(=O)(CCCCCCCC)CCCCCCCC)[n+]1[O-],-,"Hcl, 2-6-bis(dioctylphosphorylmethyl)-1-oxidopyridin-1-ium, Nd, toluene",,toluene,,"https://doi.org/10.1080/01496395.2012.697523, https://doi.org/10.1021/jacs.5c19738",Baosen Zhang,2026-02-10 13:32:59,Distribution Ratio,20.00000001547424,-,Temperature,25.0,C,- -,,,Comments,updated ORNL,,,,
16407,2-6-bis(dioctylphosphorylmethyl)-1-oxidopyridin-1-ium,0.0003 M,Hcl,0.001 M,toluene,Pr,III , ,,,,,CCCCCCCCP(=O)(CCCCCCCC)Cc1cccc(CP(=O)(CCCCCCCC)CCCCCCCC)[n+]1[O-],-,"Hcl, 2-6-bis(dioctylphosphorylmethyl)-1-oxidopyridin-1-ium, Pr, toluene",,toluene,,"https://doi.org/10.1080/01496395.2012.697523, https://doi.org/10.1021/jacs.5c19738",Baosen Zhang,2026-02-10 13:32:59,Distribution Ratio,14.99999999807684,-,Temperature,25.0,C,- -,,,Comments,updated ORNL,,,,
16408,2-6-bis(dioctylphosphorylmethyl)-1-oxidopyridin-1-ium,0.0003 M,Hcl,0.001 M,toluene,Ce,III , ,,,,,CCCCCCCCP(=O)(CCCCCCCC)Cc1cccc(CP(=O)(CCCCCCCC)CCCCCCCC)[n+]1[O-],-,"Hcl, 2-6-bis(dioctylphosphorylmethyl)-1-oxidopyridin-1-ium, Ce, toluene",,toluene,,"https://doi.org/10.1080/01496395.2012.697523, https://doi.org/10.1021/jacs.5c19738",Baosen Zhang,2026-02-10 13:32:59,Distribution Ratio,8.500000005591854,-,Temperature,25.0,C,- -,,,Comments,updated ORNL,,,,
16409,2-6-bis(dioctylphosphorylmethyl)-1-oxidopyridin-1-ium,0.0003 M,Hcl,0.001 M,toluene,La,III , ,,,,,CCCCCCCCP(=O)(CCCCCCCC)Cc1cccc(CP(=O)(CCCCCCCC)CCCCCCCC)[n+]1[O-],-,"Hcl, 2-6-bis(dioctylphosphorylmethyl)-1-oxidopyridin-1-ium, La, toluene",,toluene,,"https://doi.org/10.1080/01496395.2012.697523, https://doi.org/10.1021/jacs.5c19738",Baosen Zhang,2026-02-10 13:32:59,Distribution Ratio,3.499999997177112,-,Temperature,25.0,C,- -,,,Comments,updated ORNL,,,,
16410,2-6-bis(dioctylphosphorylmethyl)-1-oxidopyridin-1-ium,0.03 M,HNO3,0.3 M,toluene,Lu,III , ,,,,,CCCCCCCCP(=O)(CCCCCCCC)Cc1cccc(CP(=O)(CCCCCCCC)CCCCCCCC)[n+]1[O-],-,"HNO3, 2-6-bis(dioctylphosphorylmethyl)-1-oxidopyridin-1-ium, Lu, toluene",,toluene,,"https://doi.org/10.1080/01496395.2012.697523, https://doi.org/10.1021/jacs.5c19738",Baosen Zhang,2026-02-10 13:32:59,Distribution Ratio,6.50000000534531,-,Temperature,25.0,C,- -,,,Comments,updated ORNL,,,,
16411,2-6-bis(dioctylphosphorylmethyl)-1-oxidopyridin-1-ium,0.03 M,HNO3,0.3 M,toluene,Yb,III , ,,,,,CCCCCCCCP(=O)(CCCCCCCC)Cc1cccc(CP(=O)(CCCCCCCC)CCCCCCCC)[n+]1[O-],-,"HNO3, 2-6-bis(dioctylphosphorylmethyl)-1-oxidopyridin-1-ium, Yb, toluene",,toluene,,"https://doi.org/10.1080/01496395.2012.697523, https://doi.org/10.1021/jacs.5c19738",Baosen Zhang,2026-02-10 13:32:59,Distribution Ratio,8.000000000148404,-,Temperature,25.0,C,- -,,,Comments,updated ORNL,,,,
16412,2-6-bis(dioctylphosphorylmethyl)-1-oxidopyridin-1-ium,0.0003 M,Hcl,0.001 M,toluene,Sm,III , ,,,,,CCCCCCCCP(=O)(CCCCCCCC)Cc1cccc(CP(=O)(CCCCCCCC)CCCCCCCC)[n+]1[O-],-,"Hcl, 2-6-bis(dioctylphosphorylmethyl)-1-oxidopyridin-1-ium, Sm, toluene",,toluene,,"https://doi.org/10.1080/01496395.2012.697523, https://doi.org/10.1021/jacs.5c19738",Baosen Zhang,2026-02-10 13:32:59,Distribution Ratio,30.00000001936503,-,Temperature,25.0,C,- -,,,Comments,updated ORNL,,,,
16413,2-6-bis(dioctylphosphorylmethyl)-1-oxidopyridin-1-ium,0.0003 M,Hcl,0.001 M,toluene,Ho,III , ,,,,,CCCCCCCCP(=O)(CCCCCCCC)Cc1cccc(CP(=O)(CCCCCCCC)CCCCCCCC)[n+]1[O-],-,"Hcl, 2-6-bis(dioctylphosphorylmethyl)-1-oxidopyridin-1-ium, Ho, toluene",,toluene,,"https://doi.org/10.1080/01496395.2012.697523, https://doi.org/10.1021/jacs.5c19738",Baosen Zhang,2026-02-10 13:32:59,Distribution Ratio,4.99999999613144,-,Temperature,25.0,C,- -,,,Comments,updated ORNL,,,,
16419,2-N-9-N-diethyl-2-N-9-N-bis(4-ethylphenyl)-1-10-phenanthroline-2-9-dicarboxamide,0.05 M,HNO3,3 M,meta-nitrobenzotrifluoride,Nd,III , ,,,,,CCc1ccc(N(CC)C(=O)c2ccc3ccc4ccc(C(=O)N(CC)c5ccc(CC)cc5)nc4c3n2)cc1,-,"HNO3, 2-N-9-N-diethyl-2-N-9-N-bis(4-ethylphenyl)-1-10-phenanthroline-2-9-dicarboxamide, Nd, meta-nitrobenzotrifluoride",,meta-nitrobenzotrifluoride,,"https://doi.org/10.1039/C6RA08946A, https://doi.org/10.1021/jacs.5c19738",Baosen Zhang,2026-02-10 13:33:00,Distribution Ratio,69.99999999770209,-,Temperature,25.0,C,- -,,,Comments,updated ORNL,,,,
16420,2-N-9-N-diethyl-2-N-9-N-bis(4-ethylphenyl)-1-10-phenanthroline-2-9-dicarboxamide,0.05 M,HNO3,3 M,meta-nitrobenzotrifluoride,Pr,III , ,,,,,CCc1ccc(N(CC)C(=O)c2ccc3ccc4ccc(C(=O)N(CC)c5ccc(CC)cc5)nc4c3n2)cc1,-,"HNO3, 2-N-9-N-diethyl-2-N-9-N-bis(4-ethylphenyl)-1-10-phenanthroline-2-9-dicarboxamide, Pr, meta-nitrobenzotrifluoride",,meta-nitrobenzotrifluoride,,"https://doi.org/10.1039/C6RA08946A, https://doi.org/10.1021/jacs.5c19738",Baosen Zhang,2026-02-10 13:33:00,Distribution Ratio,89.99999990895753,-,Temperature,25.0,C,- -,,,Comments,updated ORNL,,,,
16421,2-N-9-N-diethyl-2-N-9-N-bis(4-ethylphenyl)-1-10-phenanthroline-2-9-dicarboxamide,0.05 M,HNO3,3 M,meta-nitrobenzotrifluoride,Ce,III , ,,,,,CCc1ccc(N(CC)C(=O)c2ccc3ccc4ccc(C(=O)N(CC)c5ccc(CC)cc5)nc4c3n2)cc1,-,"HNO3, 2-N-9-N-diethyl-2-N-9-N-bis(4-ethylphenyl)-1-10-phenanthroline-2-9-dicarboxamide, Ce, meta-nitrobenzotrifluoride",,meta-nitrobenzotrifluoride,,"https://doi.org/10.1039/C6RA08946A, https://doi.org/10.1021/jacs.5c19738",Baosen Zhang,2026-02-10 13:33:00,Distribution Ratio,200.0000001547424,-,Temperature,25.0,C,- -,,,Comments,updated ORNL,,,,
16422,2-N-9-N-diethyl-2-N-9-N-bis(4-ethylphenyl)-1-10-phenanthroline-2-9-dicarboxamide,0.05 M,HNO3,3 M,meta-nitrobenzotrifluoride,Ho,III , ,,,,,CCc1ccc(N(CC)C(=O)c2ccc3ccc4ccc(C(=O)N(CC)c5ccc(CC)cc5)nc4c3n2)cc1,-,"HNO3, 2-N-9-N-diethyl-2-N-9-N-bis(4-ethylphenyl)-1-10-phenanthroline-2-9-dicarboxamide, Ho, meta-nitrobenzotrifluoride",,meta-nitrobenzotrifluoride,,"https://doi.org/10.1039/C6RA08946A, https://doi.org/10.1021/jacs.5c19738",Baosen Zhang,2026-02-10 13:33:00,Distribution Ratio,3.499999997177112,-,Temperature,25.0,C,- -,,,Comments,updated ORNL,,,,
16423,2-N-9-N-diethyl-2-N-9-N-bis(4-ethylphenyl)-1-10-phenanthroline-2-9-dicarboxamide,0.05 M,HNO3,3 M,meta-nitrobenzotrifluoride,Sm,III , ,,,,,CCc1ccc(N(CC)C(=O)c2ccc3ccc4ccc(C(=O)N(CC)c5ccc(CC)cc5)nc4c3n2)cc1,-,"HNO3, 2-N-9-N-diethyl-2-N-9-N-bis(4-ethylphenyl)-1-10-phenanthroline-2-9-dicarboxamide, Sm, meta-nitrobenzotrifluoride",,meta-nitrobenzotrifluoride,,"https://doi.org/10.1039/C6RA08946A, https://doi.org/10.1021/jacs.5c19738",Baosen Zhang,2026-02-10 13:33:00,Distribution Ratio,20.00000001547424,-,Temperature,25.0,C,- -,,,Comments,updated ORNL,,,,
16424,2-N-9-N-diethyl-2-N-9-N-bis(4-ethylphenyl)-1-10-phenanthroline-2-9-dicarboxamide,0.05 M,HNO3,3 M,meta-nitrobenzotrifluoride,Lu,III , ,,,,,CCc1ccc(N(CC)C(=O)c2ccc3ccc4ccc(C(=O)N(CC)c5ccc(CC)cc5)nc4c3n2)cc1,-,"HNO3, 2-N-9-N-diethyl-2-N-9-N-bis(4-ethylphenyl)-1-10-phenanthroline-2-9-dicarboxamide, Lu, meta-nitrobenzotrifluoride",,meta-nitrobenzotrifluoride,,"https://doi.org/10.1039/C6RA08946A, https://doi.org/10.1021/jacs.5c19738",Baosen Zhang,2026-02-10 13:33:00,Distribution Ratio,0.8000000000148405,-,Temperature,25.0,C,- -,,,Comments,updated ORNL,,,,
16425,2-N-2-N-9-N-9-N-tetrabutyl-1-10-phenanthroline-2-9-dicarboxamide,0.05 M,HNO3,3 M,meta-nitrobenzotrifluoride,Ce,III , ,,,,,CCCCN(CCCC)C(=O)c1ccc2ccc3ccc(C(=O)N(CCCC)CCCC)nc3c2n1,-,"HNO3, 2-N-2-N-9-N-9-N-tetrabutyl-1-10-phenanthroline-2-9-dicarboxamide, Ce, meta-nitrobenzotrifluoride",,meta-nitrobenzotrifluoride,,"https://doi.org/10.1039/C6RA08946A, https://doi.org/10.1021/jacs.5c19738",Baosen Zhang,2026-02-10 13:33:00,Distribution Ratio,0.08999999990895753,-,Temperature,25.0,C,- -,,,Comments,updated ORNL,,,,
16426,2-N-9-N-diethyl-2-N-9-N-bis(4-ethylphenyl)-1-10-phenanthroline-2-9-dicarboxamide,0.05 M,HNO3,3 M,meta-nitrobenzotrifluoride,La,III , ,,,,,CCc1ccc(N(CC)C(=O)c2ccc3ccc4ccc(C(=O)N(CC)c5ccc(CC)cc5)nc4c3n2)cc1,-,"HNO3, 2-N-9-N-diethyl-2-N-9-N-bis(4-ethylphenyl)-1-10-phenanthroline-2-9-dicarboxamide, La, meta-nitrobenzotrifluoride",,meta-nitrobenzotrifluoride,,"https://doi.org/10.1039/C6RA08946A, https://doi.org/10.1021/jacs.5c19738",Baosen Zhang,2026-02-10 13:33:00,Distribution Ratio,499.999999613144,-,Temperature,25.0,C,- -,,,Comments,updated ORNL,,,,
16427,2-N-9-N-diethyl-2-N-9-N-bis(4-ethylphenyl)-1-10-phenanthroline-2-9-dicarboxamide,0.05 M,HNO3,3 M,meta-nitrobenzotrifluoride,Eu,III , ,,,,,CCc1ccc(N(CC)C(=O)c2ccc3ccc4ccc(C(=O)N(CC)c5ccc(CC)cc5)nc4c3n2)cc1,-,"HNO3, 2-N-9-N-diethyl-2-N-9-N-bis(4-ethylphenyl)-1-10-phenanthroline-2-9-dicarboxamide, Eu, meta-nitrobenzotrifluoride",,meta-nitrobenzotrifluoride,,"https://doi.org/10.1039/C6RA08946A, https://doi.org/10.1021/jacs.5c19738",Baosen Zhang,2026-02-10 13:33:00,Distribution Ratio,10.0,-,Temperature,25.0,C,- -,,,Comments,updated ORNL,,,,
16428,2-N-2-N-9-N-9-N-tetrabutyl-1-10-phenanthroline-2-9-dicarboxamide,0.05 M,HNO3,3 M,meta-nitrobenzotrifluoride,La,III , ,,,,,CCCCN(CCCC)C(=O)c1ccc2ccc3ccc(C(=O)N(CCCC)CCCC)nc3c2n1,-,"HNO3, 2-N-2-N-9-N-9-N-tetrabutyl-1-10-phenanthroline-2-9-dicarboxamide, La, meta-nitrobenzotrifluoride",,meta-nitrobenzotrifluoride,,"https://doi.org/10.1039/C6RA08946A, https://doi.org/10.1021/jacs.5c19738",Baosen Zhang,2026-02-10 13:33:00,Distribution Ratio,0.09800000006938957,-,Temperature,25.0,C,- -,,,Comments,updated ORNL,,,,
16429,2-N-9-N-diethyl-2-N-9-N-bis(4-ethylphenyl)-1-10-phenanthroline-2-9-dicarboxamide,0.05 M,HNO3,3 M,meta-nitrobenzotrifluoride,Tb,III , ,,,,,CCc1ccc(N(CC)C(=O)c2ccc3ccc4ccc(C(=O)N(CC)c5ccc(CC)cc5)nc4c3n2)cc1,-,"HNO3, 2-N-9-N-diethyl-2-N-9-N-bis(4-ethylphenyl)-1-10-phenanthroline-2-9-dicarboxamide, Tb, meta-nitrobenzotrifluoride",,meta-nitrobenzotrifluoride,,"https://doi.org/10.1039/C6RA08946A, https://doi.org/10.1021/jacs.5c19738",Baosen Zhang,2026-02-10 13:33:00,Distribution Ratio,6.999999999770207,-,Temperature,25.0,C,- -,,,Comments,updated ORNL,,,,
16430,2-N-2-N-9-N-9-N-tetrabutyl-1-10-phenanthroline-2-9-dicarboxamide,0.05 M,HNO3,3 M,meta-nitrobenzotrifluoride,Lu,III , ,,,,,CCCCN(CCCC)C(=O)c1ccc2ccc3ccc(C(=O)N(CCCC)CCCC)nc3c2n1,-,"HNO3, 2-N-2-N-9-N-9-N-tetrabutyl-1-10-phenanthroline-2-9-dicarboxamide, Lu, meta-nitrobenzotrifluoride",,meta-nitrobenzotrifluoride,,"https://doi.org/10.1039/C6RA08946A, https://doi.org/10.1021/jacs.5c19738",Baosen Zhang,2026-02-10 13:33:00,Distribution Ratio,0.04999999996131441,-,Temperature,25.0,C,- -,,,Comments,updated ORNL,,,,
16431,2-N-2-N-9-N-9-N-tetrabutyl-1-10-phenanthroline-2-9-dicarboxamide,0.05 M,HNO3,3 M,meta-nitrobenzotrifluoride,Yb,III , ,,,,,CCCCN(CCCC)C(=O)c1ccc2ccc3ccc(C(=O)N(CCCC)CCCC)nc3c2n1,-,"HNO3, 2-N-2-N-9-N-9-N-tetrabutyl-1-10-phenanthroline-2-9-dicarboxamide, Yb, meta-nitrobenzotrifluoride",,meta-nitrobenzotrifluoride,,"https://doi.org/10.1039/C6RA08946A, https://doi.org/10.1021/jacs.5c19738",Baosen Zhang,2026-02-10 13:33:00,Distribution Ratio,0.06999999999770208,-,Temperature,25.0,C,- -,,,Comments,updated ORNL,,,,
16432,2-N-2-N-9-N-9-N-tetrabutyl-1-10-phenanthroline-2-9-dicarboxamide,0.05 M,HNO3,3 M,meta-nitrobenzotrifluoride,Tm,III , ,,,,,CCCCN(CCCC)C(=O)c1ccc2ccc3ccc(C(=O)N(CCCC)CCCC)nc3c2n1,-,"HNO3, 2-N-2-N-9-N-9-N-tetrabutyl-1-10-phenanthroline-2-9-dicarboxamide, Tm, meta-nitrobenzotrifluoride",,meta-nitrobenzotrifluoride,,"https://doi.org/10.1039/C6RA08946A, https://doi.org/10.1021/jacs.5c19738",Baosen Zhang,2026-02-10 13:33:00,Distribution Ratio,0.08000000000148404,-,Temperature,25.0,C,- -,,,Comments,updated ORNL,,,,
16433,2-N-2-N-9-N-9-N-tetrabutyl-1-10-phenanthroline-2-9-dicarboxamide,0.05 M,HNO3,3 M,meta-nitrobenzotrifluoride,Er,III , ,,,,,CCCCN(CCCC)C(=O)c1ccc2ccc3ccc(C(=O)N(CCCC)CCCC)nc3c2n1,-,"HNO3, 2-N-2-N-9-N-9-N-tetrabutyl-1-10-phenanthroline-2-9-dicarboxamide, Er, meta-nitrobenzotrifluoride",,meta-nitrobenzotrifluoride,,"https://doi.org/10.1039/C6RA08946A, https://doi.org/10.1021/jacs.5c19738",Baosen Zhang,2026-02-10 13:33:00,Distribution Ratio,0.03999999996979355,-,Temperature,25.0,C,- -,,,Comments,updated ORNL,,,,
16434,2-N-2-N-9-N-9-N-tetrabutyl-1-10-phenanthroline-2-9-dicarboxamide,0.05 M,HNO3,3 M,meta-nitrobenzotrifluoride,Ho,III , ,,,,,CCCCN(CCCC)C(=O)c1ccc2ccc3ccc(C(=O)N(CCCC)CCCC)nc3c2n1,-,"HNO3, 2-N-2-N-9-N-9-N-tetrabutyl-1-10-phenanthroline-2-9-dicarboxamide, Ho, meta-nitrobenzotrifluoride",,meta-nitrobenzotrifluoride,,"https://doi.org/10.1039/C6RA08946A, https://doi.org/10.1021/jacs.5c19738",Baosen Zhang,2026-02-10 13:33:01,Distribution Ratio,0.09199999992679832,-,Temperature,25.0,C,- -,,,Comments,updated ORNL,,,,
16435,2-N-2-N-9-N-9-N-tetrabutyl-1-10-phenanthroline-2-9-dicarboxamide,0.05 M,HNO3,3 M,meta-nitrobenzotrifluoride,Dy,III , ,,,,,CCCCN(CCCC)C(=O)c1ccc2ccc3ccc(C(=O)N(CCCC)CCCC)nc3c2n1,-,"HNO3, 2-N-2-N-9-N-9-N-tetrabutyl-1-10-phenanthroline-2-9-dicarboxamide, Dy, meta-nitrobenzotrifluoride",,meta-nitrobenzotrifluoride,,"https://doi.org/10.1039/C6RA08946A, https://doi.org/10.1021/jacs.5c19738",Baosen Zhang,2026-02-10 13:33:01,Distribution Ratio,0.05999999994699768,-,Temperature,25.0,C,- -,,,Comments,updated ORNL,,,,
16436,2-N-9-N-diethyl-2-N-9-N-bis(4-ethylphenyl)-1-10-phenanthroline-2-9-dicarboxamide,0.05 M,HNO3,3 M,meta-nitrobenzotrifluoride,Gd,III , ,,,,,CCc1ccc(N(CC)C(=O)c2ccc3ccc4ccc(C(=O)N(CC)c5ccc(CC)cc5)nc4c3n2)cc1,-,"HNO3, 2-N-9-N-diethyl-2-N-9-N-bis(4-ethylphenyl)-1-10-phenanthroline-2-9-dicarboxamide, Gd, meta-nitrobenzotrifluoride",,meta-nitrobenzotrifluoride,,"https://doi.org/10.1039/C6RA08946A, https://doi.org/10.1021/jacs.5c19738",Baosen Zhang,2026-02-10 13:33:01,Distribution Ratio,8.500000005591854,-,Temperature,25.0,C,- -,,,Comments,updated ORNL,,,,
16437,2-N-2-N-9-N-9-N-tetrabutyl-1-10-phenanthroline-2-9-dicarboxamide,0.05 M,HNO3,3 M,meta-nitrobenzotrifluoride,Tb,III , ,,,,,CCCCN(CCCC)C(=O)c1ccc2ccc3ccc(C(=O)N(CCCC)CCCC)nc3c2n1,-,"HNO3, 2-N-2-N-9-N-9-N-tetrabutyl-1-10-phenanthroline-2-9-dicarboxamide, Tb, meta-nitrobenzotrifluoride",,meta-nitrobenzotrifluoride,,"https://doi.org/10.1039/C6RA08946A, https://doi.org/10.1021/jacs.5c19738",Baosen Zhang,2026-02-10 13:33:01,Distribution Ratio,0.04999999996131441,-,Temperature,25.0,C,- -,,,Comments,updated ORNL,,,,
16438,2-N-2-N-9-N-9-N-tetrabutyl-1-10-phenanthroline-2-9-dicarboxamide,0.05 M,HNO3,3 M,meta-nitrobenzotrifluoride,Eu,III , ,,,,,CCCCN(CCCC)C(=O)c1ccc2ccc3ccc(C(=O)N(CCCC)CCCC)nc3c2n1,-,"HNO3, 2-N-2-N-9-N-9-N-tetrabutyl-1-10-phenanthroline-2-9-dicarboxamide, Eu, meta-nitrobenzotrifluoride",,meta-nitrobenzotrifluoride,,"https://doi.org/10.1039/C6RA08946A, https://doi.org/10.1021/jacs.5c19738",Baosen Zhang,2026-02-10 13:33:01,Distribution Ratio,0.08199999992754971,-,Temperature,25.0,C,- -,,,Comments,updated ORNL,,,,
16439,2-N-2-N-9-N-9-N-tetrabutyl-1-10-phenanthroline-2-9-dicarboxamide,0.05 M,HNO3,3 M,meta-nitrobenzotrifluoride,Sm,III , ,,,,,CCCCN(CCCC)C(=O)c1ccc2ccc3ccc(C(=O)N(CCCC)CCCC)nc3c2n1,-,"HNO3, 2-N-2-N-9-N-9-N-tetrabutyl-1-10-phenanthroline-2-9-dicarboxamide, Sm, meta-nitrobenzotrifluoride",,meta-nitrobenzotrifluoride,,"https://doi.org/10.1039/C6RA08946A, https://doi.org/10.1021/jacs.5c19738",Baosen Zhang,2026-02-10 13:33:01,Distribution Ratio,0.1,-,Temperature,25.0,C,- -,,,Comments,updated ORNL,,,,
16440,2-N-2-N-9-N-9-N-tetrabutyl-1-10-phenanthroline-2-9-dicarboxamide,0.05 M,HNO3,3 M,meta-nitrobenzotrifluoride,Nd,III , ,,,,,CCCCN(CCCC)C(=O)c1ccc2ccc3ccc(C(=O)N(CCCC)CCCC)nc3c2n1,-,"HNO3, 2-N-2-N-9-N-9-N-tetrabutyl-1-10-phenanthroline-2-9-dicarboxamide, Nd, meta-nitrobenzotrifluoride",,meta-nitrobenzotrifluoride,,"https://doi.org/10.1039/C6RA08946A, https://doi.org/10.1021/jacs.5c19738",Baosen Zhang,2026-02-10 13:33:01,Distribution Ratio,0.09499999993681582,-,Temperature,25.0,C,- -,,,Comments,updated ORNL,,,,
16441,2-N-9-N-diethyl-2-N-9-N-bis(4-ethylphenyl)-1-10-phenanthroline-2-9-dicarboxamide,0.05 M,HNO3,3 M,meta-nitrobenzotrifluoride,Yb,III , ,,,,,CCc1ccc(N(CC)C(=O)c2ccc3ccc4ccc(C(=O)N(CC)c5ccc(CC)cc5)nc4c3n2)cc1,-,"HNO3, 2-N-9-N-diethyl-2-N-9-N-bis(4-ethylphenyl)-1-10-phenanthroline-2-9-dicarboxamide, Yb, meta-nitrobenzotrifluoride",,meta-nitrobenzotrifluoride,,"https://doi.org/10.1039/C6RA08946A, https://doi.org/10.1021/jacs.5c19738",Baosen Zhang,2026-02-10 13:33:01,Distribution Ratio,0.8999999990895754,-,Temperature,25.0,C,- -,,,Comments,updated ORNL,,,,
16442,2-N-9-N-diethyl-2-N-9-N-bis(4-ethylphenyl)-1-10-phenanthroline-2-9-dicarboxamide,0.05 M,HNO3,3 M,meta-nitrobenzotrifluoride,Tm,III , ,,,,,CCc1ccc(N(CC)C(=O)c2ccc3ccc4ccc(C(=O)N(CC)c5ccc(CC)cc5)nc4c3n2)cc1,-,"HNO3, 2-N-9-N-diethyl-2-N-9-N-bis(4-ethylphenyl)-1-10-phenanthroline-2-9-dicarboxamide, Tm, meta-nitrobenzotrifluoride",,meta-nitrobenzotrifluoride,,"https://doi.org/10.1039/C6RA08946A, https://doi.org/10.1021/jacs.5c19738",Baosen Zhang,2026-02-10 13:33:01,Distribution Ratio,1.0,-,Temperature,25.0,C,- -,,,Comments,updated ORNL,,,,
16443,2-N-9-N-diethyl-2-N-9-N-bis(4-ethylphenyl)-1-10-phenanthroline-2-9-dicarboxamide,0.05 M,HNO3,3 M,meta-nitrobenzotrifluoride,Er,III , ,,,,,CCc1ccc(N(CC)C(=O)c2ccc3ccc4ccc(C(=O)N(CC)c5ccc(CC)cc5)nc4c3n2)cc1,-,"HNO3, 2-N-9-N-diethyl-2-N-9-N-bis(4-ethylphenyl)-1-10-phenanthroline-2-9-dicarboxamide, Er, meta-nitrobenzotrifluoride",,meta-nitrobenzotrifluoride,,"https://doi.org/10.1039/C6RA08946A, https://doi.org/10.1021/jacs.5c19738",Baosen Zhang,2026-02-10 13:33:01,Distribution Ratio,3.000000001936503,-,Temperature,25.0,C,- -,,,Comments,updated ORNL,,,,
16444,2-N-9-N-diethyl-2-N-9-N-bis(4-ethylphenyl)-1-10-phenanthroline-2-9-dicarboxamide,0.05 M,HNO3,3 M,meta-nitrobenzotrifluoride,Dy,III , ,,,,,CCc1ccc(N(CC)C(=O)c2ccc3ccc4ccc(C(=O)N(CC)c5ccc(CC)cc5)nc4c3n2)cc1,-,"HNO3, 2-N-9-N-diethyl-2-N-9-N-bis(4-ethylphenyl)-1-10-phenanthroline-2-9-dicarboxamide, Dy, meta-nitrobenzotrifluoride",,meta-nitrobenzotrifluoride,,"https://doi.org/10.1039/C6RA08946A, https://doi.org/10.1021/jacs.5c19738",Baosen Zhang,2026-02-10 13:33:01,Distribution Ratio,6.50000000534531,-,Temperature,25.0,C,- -,,,Comments,updated ORNL,,,,
16445,2-N-2-N-9-N-9-N-tetrabutyl-1-10-phenanthroline-2-9-dicarboxamide,0.05 M,HNO3,3 M,meta-nitrobenzotrifluoride,Gd,III , ,,,,,CCCCN(CCCC)C(=O)c1ccc2ccc3ccc(C(=O)N(CCCC)CCCC)nc3c2n1,-,"HNO3, 2-N-2-N-9-N-9-N-tetrabutyl-1-10-phenanthroline-2-9-dicarboxamide, Gd, meta-nitrobenzotrifluoride",,meta-nitrobenzotrifluoride,,"https://doi.org/10.1039/C6RA08946A, https://doi.org/10.1021/jacs.5c19738",Baosen Zhang,2026-02-10 13:33:01,Distribution Ratio,0.08000000000148404,-,Temperature,25.0,C,- -,,,Comments,updated ORNL,,,,
16446,2-N-2-N-9-N-9-N-tetrabutyl-1-10-phenanthroline-2-9-dicarboxamide,0.05 M,HNO3,3 M,meta-nitrobenzotrifluoride,Pr,III , ,,,,,CCCCN(CCCC)C(=O)c1ccc2ccc3ccc(C(=O)N(CCCC)CCCC)nc3c2n1,-,"HNO3, 2-N-2-N-9-N-9-N-tetrabutyl-1-10-phenanthroline-2-9-dicarboxamide, Pr, meta-nitrobenzotrifluoride",,meta-nitrobenzotrifluoride,,"https://doi.org/10.1039/C6RA08946A, https://doi.org/10.1021/jacs.5c19738",Baosen Zhang,2026-02-10 13:33:01,Distribution Ratio,0.1499999999807684,-,Temperature,25.0,C,- -,,,Comments,updated ORNL,,,,
16447,2-[2-[bis(carboxymethyl)amino]ethyl-(2-hydroxyethyl)amino]acetic acid,0.05 M,HNO3,3 M,n-Dodecane,Dy,III , ,,,,,O=C(O)CN(CCO)CCN(CC(=O)O)CC(=O)O,-,"HNO3, 2-[2-[bis(carboxymethyl)amino]ethyl-(2-hydroxyethyl)amino]acetic acid, Dy, n-Dodecane",,n-Dodecane,,"https://doi.org/10.1016/j.jece.2013.06.023, https://doi.org/10.1021/jacs.5c19738",Baosen Zhang,2026-02-10 13:33:01,Distribution Ratio,11.99999999868408,-,Temperature,25.0,C,- -,,,Comments,updated ORNL,,,,
16448,2-[2-[bis(carboxymethyl)amino]ethyl-(2-hydroxyethyl)amino]acetic acid,0.05 M,HNO3,3 M,n-Dodecane,Nd,III , ,,,,,O=C(O)CN(CCO)CCN(CC(=O)O)CC(=O)O,-,"HNO3, 2-[2-[bis(carboxymethyl)amino]ethyl-(2-hydroxyethyl)amino]acetic acid, Nd, n-Dodecane",,n-Dodecane,,"https://doi.org/10.1016/j.jece.2013.06.023, https://doi.org/10.1021/jacs.5c19738",Baosen Zhang,2026-02-10 13:33:01,Distribution Ratio,8.862999993789444,-,Temperature,25.0,C,- -,,,Comments,updated ORNL,,,,
16449,2-[[2-[bis(carboxymethyl)amino]cyclohexyl]-(carboxymethyl)amino]acetic acid,0.1 M,HNO3,3 M,n-Dodecane,Gd,III , ,,,,,O=C(O)CN(CC(=O)O)C1CCCCC1N(CC(=O)O)CC(=O)O,-,"HNO3, 2-[[2-[bis(carboxymethyl)amino]cyclohexyl]-(carboxymethyl)amino]acetic acid, Gd, n-Dodecane",,n-Dodecane,,"https://doi.org/10.1016/j.jece.2013.06.023, https://doi.org/10.1021/jacs.5c19738",Baosen Zhang,2026-02-10 13:33:02,Distribution Ratio,38.00000003352844,-,Temperature,25.0,C,- -,,,Comments,updated ORNL,,,,
16450,2-[[2-[bis(carboxymethyl)amino]cyclohexyl]-(carboxymethyl)amino]acetic acid,0.1 M,HNO3,3 M,n-Dodecane,Dy,III , ,,,,,O=C(O)CN(CC(=O)O)C1CCCCC1N(CC(=O)O)CC(=O)O,-,"HNO3, 2-[[2-[bis(carboxymethyl)amino]cyclohexyl]-(carboxymethyl)amino]acetic acid, Dy, n-Dodecane",,n-Dodecane,,"https://doi.org/10.1016/j.jece.2013.06.023, https://doi.org/10.1021/jacs.5c19738",Baosen Zhang,2026-02-10 13:33:02,Distribution Ratio,11.99999999868408,-,Temperature,25.0,C,- -,,,Comments,updated ORNL,,,,
16451,2-[[2-[bis(carboxymethyl)amino]cyclohexyl]-(carboxymethyl)amino]acetic acid,0.1 M,HNO3,3 M,n-Dodecane,Eu,III , ,,,,,O=C(O)CN(CC(=O)O)C1CCCCC1N(CC(=O)O)CC(=O)O,-,"HNO3, 2-[[2-[bis(carboxymethyl)amino]cyclohexyl]-(carboxymethyl)amino]acetic acid, Eu, n-Dodecane",,n-Dodecane,,"https://doi.org/10.1016/j.jece.2013.06.023, https://doi.org/10.1021/jacs.5c19738",Baosen Zhang,2026-02-10 13:33:02,Distribution Ratio,24.49999997943551,-,Temperature,25.0,C,- -,,,Comments,updated ORNL,,,,
16452,2-[[2-[bis(carboxymethyl)amino]cyclohexyl]-(carboxymethyl)amino]acetic acid,0.1 M,HNO3,3 M,n-Dodecane,Sm,III , ,,,,,O=C(O)CN(CC(=O)O)C1CCCCC1N(CC(=O)O)CC(=O)O,-,"HNO3, 2-[[2-[bis(carboxymethyl)amino]cyclohexyl]-(carboxymethyl)amino]acetic acid, Sm, n-Dodecane",,n-Dodecane,,"https://doi.org/10.1016/j.jece.2013.06.023, https://doi.org/10.1021/jacs.5c19738",Baosen Zhang,2026-02-10 13:33:02,Distribution Ratio,53.62000004360021,-,Temperature,25.0,C,- -,,,Comments,updated ORNL,,,,
16453,2-[[2-[bis(carboxymethyl)amino]cyclohexyl]-(carboxymethyl)amino]acetic acid,0.1 M,HNO3,3 M,n-Dodecane,Nd,III , ,,,,,O=C(O)CN(CC(=O)O)C1CCCCC1N(CC(=O)O)CC(=O)O,-,"HNO3, 2-[[2-[bis(carboxymethyl)amino]cyclohexyl]-(carboxymethyl)amino]acetic acid, Nd, n-Dodecane",,n-Dodecane,,"https://doi.org/10.1016/j.jece.2013.06.023, https://doi.org/10.1021/jacs.5c19738",Baosen Zhang,2026-02-10 13:33:02,Distribution Ratio,20.30999998106901,-,Temperature,25.0,C,- -,,,Comments,updated ORNL,,,,
16454,2-[[2-[bis(carboxymethyl)amino]cyclohexyl]-(carboxymethyl)amino]acetic acid,0.1 M,HNO3,3 M,n-Dodecane,Ce,III , ,,,,,O=C(O)CN(CC(=O)O)C1CCCCC1N(CC(=O)O)CC(=O)O,-,"HNO3, 2-[[2-[bis(carboxymethyl)amino]cyclohexyl]-(carboxymethyl)amino]acetic acid, Ce, n-Dodecane",,n-Dodecane,,"https://doi.org/10.1016/j.jece.2013.06.023, https://doi.org/10.1021/jacs.5c19738",Baosen Zhang,2026-02-10 13:33:02,Distribution Ratio,4.180000002165242,-,Temperature,25.0,C,- -,,,Comments,updated ORNL,,,,
16455,2-[[2-[bis(carboxymethyl)amino]cyclohexyl]-(carboxymethyl)amino]acetic acid,0.1 M,HNO3,3 M,n-Dodecane,La,III , ,,,,,O=C(O)CN(CC(=O)O)C1CCCCC1N(CC(=O)O)CC(=O)O,-,"HNO3, 2-[[2-[bis(carboxymethyl)amino]cyclohexyl]-(carboxymethyl)amino]acetic acid, La, n-Dodecane",,n-Dodecane,,"https://doi.org/10.1016/j.jece.2013.06.023, https://doi.org/10.1021/jacs.5c19738",Baosen Zhang,2026-02-10 13:33:02,Distribution Ratio,3.340000001449189,-,Temperature,25.0,C,- -,,,Comments,updated ORNL,,,,
16456,2-[[2-[bis(carboxymethyl)amino]cyclohexyl]-(carboxymethyl)amino]acetic acid,0.1 M,HNO3,3 M,n-Dodecane,Pr,III , ,,,,,O=C(O)CN(CC(=O)O)C1CCCCC1N(CC(=O)O)CC(=O)O,-,"HNO3, 2-[[2-[bis(carboxymethyl)amino]cyclohexyl]-(carboxymethyl)amino]acetic acid, Pr, n-Dodecane",,n-Dodecane,,"https://doi.org/10.1016/j.jece.2013.06.023, https://doi.org/10.1021/jacs.5c19738",Baosen Zhang,2026-02-10 13:33:02,Distribution Ratio,12.04000000216779,-,Temperature,25.0,C,- -,,,Comments,updated ORNL,,,,
16457,2-[2-[bis(carboxymethyl)amino]ethyl-(2-hydroxyethyl)amino]acetic acid,0.05 M,HNO3,3 M,n-Dodecane,Eu,III , ,,,,,O=C(O)CN(CCO)CCN(CC(=O)O)CC(=O)O,-,"HNO3, 2-[2-[bis(carboxymethyl)amino]ethyl-(2-hydroxyethyl)amino]acetic acid, Eu, n-Dodecane",,n-Dodecane,,"https://doi.org/10.1016/j.jece.2013.06.023, https://doi.org/10.1021/jacs.5c19738",Baosen Zhang,2026-02-10 13:33:02,Distribution Ratio,23.10000000573681,-,Temperature,25.0,C,- -,,,Comments,updated ORNL,,,,
16458,2-[2-[bis(carboxymethyl)amino]ethyl-(2-hydroxyethyl)amino]acetic acid,0.05 M,HNO3,3 M,n-Dodecane,Sm,III , ,,,,,O=C(O)CN(CCO)CCN(CC(=O)O)CC(=O)O,-,"HNO3, 2-[2-[bis(carboxymethyl)amino]ethyl-(2-hydroxyethyl)amino]acetic acid, Sm, n-Dodecane",,n-Dodecane,,"https://doi.org/10.1016/j.jece.2013.06.023, https://doi.org/10.1021/jacs.5c19738",Baosen Zhang,2026-02-10 13:33:02,Distribution Ratio,44.21000000958178,-,Temperature,25.0,C,- -,,,Comments,updated ORNL,,,,
16459,2-[2-[bis(carboxymethyl)amino]ethyl-(2-hydroxyethyl)amino]acetic acid,0.05 M,HNO3,3 M,n-Dodecane,Pr,III , ,,,,,O=C(O)CN(CCO)CCN(CC(=O)O)CC(=O)O,-,"HNO3, 2-[2-[bis(carboxymethyl)amino]ethyl-(2-hydroxyethyl)amino]acetic acid, Pr, n-Dodecane",,n-Dodecane,,"https://doi.org/10.1016/j.jece.2013.06.023, https://doi.org/10.1021/jacs.5c19738",Baosen Zhang,2026-02-10 13:33:02,Distribution Ratio,8.759999996609704,-,Temperature,25.0,C,- -,,,Comments,updated ORNL,,,,
16460,2-[2-[bis(carboxymethyl)amino]ethyl-(2-hydroxyethyl)amino]acetic acid,0.05 M,HNO3,3 M,n-Dodecane,Ce,III , ,,,,,O=C(O)CN(CCO)CCN(CC(=O)O)CC(=O)O,-,"HNO3, 2-[2-[bis(carboxymethyl)amino]ethyl-(2-hydroxyethyl)amino]acetic acid, Ce, n-Dodecane",,n-Dodecane,,"https://doi.org/10.1016/j.jece.2013.06.023, https://doi.org/10.1021/jacs.5c19738",Baosen Zhang,2026-02-10 13:33:02,Distribution Ratio,3.5199999961247,-,Temperature,25.0,C,- -,,,Comments,updated ORNL,,,,
16461,2-[2-[bis(carboxymethyl)amino]ethyl-(2-hydroxyethyl)amino]acetic acid,0.05 M,HNO3,3 M,n-Dodecane,La,III , ,,,,,O=C(O)CN(CCO)CCN(CC(=O)O)CC(=O)O,-,"HNO3, 2-[2-[bis(carboxymethyl)amino]ethyl-(2-hydroxyethyl)amino]acetic acid, La, n-Dodecane",,n-Dodecane,,"https://doi.org/10.1016/j.jece.2013.06.023, https://doi.org/10.1021/jacs.5c19738",Baosen Zhang,2026-02-10 13:33:02,Distribution Ratio,2.139999998279351,-,Temperature,25.0,C,- -,,,Comments,updated ORNL,,,,
16462,2-[2-[bis(carboxymethyl)amino]ethyl-(2-hydroxyethyl)amino]acetic acid,0.05 M,HNO3,3 M,n-Dodecane,Gd,III , ,,,,,O=C(O)CN(CCO)CCN(CC(=O)O)CC(=O)O,-,"HNO3, 2-[2-[bis(carboxymethyl)amino]ethyl-(2-hydroxyethyl)amino]acetic acid, Gd, n-Dodecane",,n-Dodecane,,"https://doi.org/10.1016/j.jece.2013.06.023, https://doi.org/10.1021/jacs.5c19738",Baosen Zhang,2026-02-10 13:33:02,Distribution Ratio,36.00000001929027,-,Temperature,25.0,C,- -,,,Comments,updated ORNL,,,,
16463,2-N-6-N-diethyl-2-N-6-N-bis(4-methylphenyl)pyridine-2-6-dicarboxamide,0.2 M,HNO3,2 M,phenyl trifluoromethyl sulfone,Tm,III ,0.01 mM,,,,,CCN(C(=O)c1cccc(C(=O)N(CC)c2ccc(C)cc2)n1)c1ccc(C)cc1,-,"HNO3, 2-N-6-N-diethyl-2-N-6-N-bis(4-methylphenyl)pyridine-2-6-dicarboxamide, Tm, phenyl trifluoromethyl sulfone",,phenyl trifluoromethyl sulfone,,"https://doi.org/10.1134/S1066362214060010, https://doi.org/10.1021/jacs.5c19738",Baosen Zhang,2026-02-10 13:33:03,Distribution Ratio,5.499999993740788,-,Temperature,25.0,C,- -,,,Comments,updated ORNL,,,,
16464,2-N-6-N-diethyl-2-N-6-N-bis(4-methylphenyl)pyridine-2-6-dicarboxamide,0.2 M,HNO3,2 M,phenyl trifluoromethyl sulfone,Gd,III ,0.01 mM,,,,,CCN(C(=O)c1cccc(C(=O)N(CC)c2ccc(C)cc2)n1)c1ccc(C)cc1,-,"HNO3, 2-N-6-N-diethyl-2-N-6-N-bis(4-methylphenyl)pyridine-2-6-dicarboxamide, Gd, phenyl trifluoromethyl sulfone",,phenyl trifluoromethyl sulfone,,"https://doi.org/10.1134/S1066362214060010, https://doi.org/10.1021/jacs.5c19738",Baosen Zhang,2026-02-10 13:33:03,Distribution Ratio,0.8000000000148405,-,Temperature,25.0,C,- -,,,Comments,updated ORNL,,,,
16465,2-N-6-N-diethyl-2-N-6-N-bis(4-methylphenyl)pyridine-2-6-dicarboxamide,0.2 M,HNO3,2 M,phenyl trifluoromethyl sulfone,Tb,III ,0.01 mM,,,,,CCN(C(=O)c1cccc(C(=O)N(CC)c2ccc(C)cc2)n1)c1ccc(C)cc1,-,"HNO3, 2-N-6-N-diethyl-2-N-6-N-bis(4-methylphenyl)pyridine-2-6-dicarboxamide, Tb, phenyl trifluoromethyl sulfone",,phenyl trifluoromethyl sulfone,,"https://doi.org/10.1134/S1066362214060010, https://doi.org/10.1021/jacs.5c19738",Baosen Zhang,2026-02-10 13:33:03,Distribution Ratio,1.199999999868408,-,Temperature,25.0,C,- -,,,Comments,updated ORNL,,,,
16466,2-N-6-N-diethyl-2-N-6-N-bis(4-methylphenyl)pyridine-2-6-dicarboxamide,0.2 M,HNO3,2 M,phenyl trifluoromethyl sulfone,Ho,III ,0.01 mM,,,,,CCN(C(=O)c1cccc(C(=O)N(CC)c2ccc(C)cc2)n1)c1ccc(C)cc1,-,"HNO3, 2-N-6-N-diethyl-2-N-6-N-bis(4-methylphenyl)pyridine-2-6-dicarboxamide, Ho, phenyl trifluoromethyl sulfone",,phenyl trifluoromethyl sulfone,,"https://doi.org/10.1134/S1066362214060010, https://doi.org/10.1021/jacs.5c19738",Baosen Zhang,2026-02-10 13:33:03,Distribution Ratio,3.199999997642846,-,Temperature,25.0,C,- -,,,Comments,updated ORNL,,,,
16467,2-N-6-N-diethyl-2-N-6-N-bis(4-methylphenyl)pyridine-2-6-dicarboxamide,0.2 M,HNO3,2 M,phenyl trifluoromethyl sulfone,Er,III ,0.01 mM,,,,,CCN(C(=O)c1cccc(C(=O)N(CC)c2ccc(C)cc2)n1)c1ccc(C)cc1,-,"HNO3, 2-N-6-N-diethyl-2-N-6-N-bis(4-methylphenyl)pyridine-2-6-dicarboxamide, Er, phenyl trifluoromethyl sulfone",,phenyl trifluoromethyl sulfone,,"https://doi.org/10.1134/S1066362214060010, https://doi.org/10.1021/jacs.5c19738",Baosen Zhang,2026-02-10 13:33:03,Distribution Ratio,3.999999996979354,-,Temperature,25.0,C,- -,,,Comments,updated ORNL,,,,
16468,2-N-6-N-diethyl-2-N-6-N-bis(4-methylphenyl)pyridine-2-6-dicarboxamide,0.2 M,HNO3,2 M,phenyl trifluoromethyl sulfone,Yb,III ,0.01 mM,,,,,CCN(C(=O)c1cccc(C(=O)N(CC)c2ccc(C)cc2)n1)c1ccc(C)cc1,-,"HNO3, 2-N-6-N-diethyl-2-N-6-N-bis(4-methylphenyl)pyridine-2-6-dicarboxamide, Yb, phenyl trifluoromethyl sulfone",,phenyl trifluoromethyl sulfone,,"https://doi.org/10.1134/S1066362214060010, https://doi.org/10.1021/jacs.5c19738",Baosen Zhang,2026-02-10 13:33:03,Distribution Ratio,7.100000004592657,-,Temperature,25.0,C,- -,,,Comments,updated ORNL,,,,
16469,2-N-6-N-diethyl-2-N-6-N-bis(2-methylphenyl)pyridine-2-6-dicarboxamide,0.2 M,HNO3,2 M,phenyl trifluoromethyl sulfone,Dy,III ,0.01 mM,,,,,CCN(C(=O)c1cccc(C(=O)N(CC)c2ccccc2C)n1)c1ccccc1C,-,"HNO3, 2-N-6-N-diethyl-2-N-6-N-bis(2-methylphenyl)pyridine-2-6-dicarboxamide, Dy, phenyl trifluoromethyl sulfone",,phenyl trifluoromethyl sulfone,,"https://doi.org/10.1134/S1066362214060010, https://doi.org/10.1021/jacs.5c19738",Baosen Zhang,2026-02-10 13:33:03,Distribution Ratio,1.400000001037238,-,Temperature,25.0,C,- -,,,Comments,updated ORNL,,,,
16470,2-N-6-N-diethyl-2-N-6-N-bis(2-methylphenyl)pyridine-2-6-dicarboxamide,0.2 M,HNO3,2 M,phenyl trifluoromethyl sulfone,La,III ,0.01 mM,,,,,CCN(C(=O)c1cccc(C(=O)N(CC)c2ccccc2C)n1)c1ccccc1C,-,"HNO3, 2-N-6-N-diethyl-2-N-6-N-bis(2-methylphenyl)pyridine-2-6-dicarboxamide, La, phenyl trifluoromethyl sulfone",,phenyl trifluoromethyl sulfone,,"https://doi.org/10.1134/S1066362214060010, https://doi.org/10.1021/jacs.5c19738",Baosen Zhang,2026-02-10 13:33:03,Distribution Ratio,0.3000000001936504,-,Temperature,25.0,C,- -,,,Comments,updated ORNL,,,,
16471,2-N-6-N-diethyl-2-N-6-N-bis(2-methylphenyl)pyridine-2-6-dicarboxamide,0.2 M,HNO3,2 M,phenyl trifluoromethyl sulfone,Pr,III ,0.01 mM,,,,,CCN(C(=O)c1cccc(C(=O)N(CC)c2ccccc2C)n1)c1ccccc1C,-,"HNO3, 2-N-6-N-diethyl-2-N-6-N-bis(2-methylphenyl)pyridine-2-6-dicarboxamide, Pr, phenyl trifluoromethyl sulfone",,phenyl trifluoromethyl sulfone,,"https://doi.org/10.1134/S1066362214060010, https://doi.org/10.1021/jacs.5c19738",Baosen Zhang,2026-02-10 13:33:03,Distribution Ratio,1.0,-,Temperature,25.0,C,- -,,,Comments,updated ORNL,,,,
16472,2-N-6-N-diethyl-2-N-6-N-bis(2-methylphenyl)pyridine-2-6-dicarboxamide,0.2 M,HNO3,2 M,phenyl trifluoromethyl sulfone,Nd,III ,0.01 mM,,,,,CCN(C(=O)c1cccc(C(=O)N(CC)c2ccccc2C)n1)c1ccccc1C,-,"HNO3, 2-N-6-N-diethyl-2-N-6-N-bis(2-methylphenyl)pyridine-2-6-dicarboxamide, Nd, phenyl trifluoromethyl sulfone",,phenyl trifluoromethyl sulfone,,"https://doi.org/10.1134/S1066362214060010, https://doi.org/10.1021/jacs.5c19738",Baosen Zhang,2026-02-10 13:33:03,Distribution Ratio,1.299999999081527,-,Temperature,25.0,C,- -,,,Comments,updated ORNL,,,,
16473,2-N-6-N-diethyl-2-N-6-N-bis(2-methylphenyl)pyridine-2-6-dicarboxamide,0.2 M,HNO3,2 M,phenyl trifluoromethyl sulfone,Eu,III ,0.01 mM,,,,,CCN(C(=O)c1cccc(C(=O)N(CC)c2ccccc2C)n1)c1ccccc1C,-,"HNO3, 2-N-6-N-diethyl-2-N-6-N-bis(2-methylphenyl)pyridine-2-6-dicarboxamide, Eu, phenyl trifluoromethyl sulfone",,phenyl trifluoromethyl sulfone,,"https://doi.org/10.1134/S1066362214060010, https://doi.org/10.1021/jacs.5c19738",Baosen Zhang,2026-02-10 13:33:03,Distribution Ratio,1.0,-,Temperature,25.0,C,- -,,,Comments,updated ORNL,,,,
16474,2-N-6-N-diethyl-2-N-6-N-bis(4-methylphenyl)pyridine-2-6-dicarboxamide,0.2 M,HNO3,2 M,phenyl trifluoromethyl sulfone,Eu,III ,0.01 mM,,,,,CCN(C(=O)c1cccc(C(=O)N(CC)c2ccc(C)cc2)n1)c1ccc(C)cc1,-,"HNO3, 2-N-6-N-diethyl-2-N-6-N-bis(4-methylphenyl)pyridine-2-6-dicarboxamide, Eu, phenyl trifluoromethyl sulfone",,phenyl trifluoromethyl sulfone,,"https://doi.org/10.1134/S1066362214060010, https://doi.org/10.1021/jacs.5c19738",Baosen Zhang,2026-02-10 13:33:03,Distribution Ratio,1.0,-,Temperature,25.0,C,- -,,,Comments,updated ORNL,,,,
16475,2-N-6-N-diethyl-2-N-6-N-bis(4-methylphenyl)pyridine-2-6-dicarboxamide,0.2 M,HNO3,2 M,phenyl trifluoromethyl sulfone,Lu,III ,0.01 mM,,,,,CCN(C(=O)c1cccc(C(=O)N(CC)c2ccc(C)cc2)n1)c1ccc(C)cc1,-,"HNO3, 2-N-6-N-diethyl-2-N-6-N-bis(4-methylphenyl)pyridine-2-6-dicarboxamide, Lu, phenyl trifluoromethyl sulfone",,phenyl trifluoromethyl sulfone,,"https://doi.org/10.1134/S1066362214060010, https://doi.org/10.1021/jacs.5c19738",Baosen Zhang,2026-02-10 13:33:03,Distribution Ratio,8.999999990895754,-,Temperature,25.0,C,- -,,,Comments,updated ORNL,,,,
16476,2-N-6-N-diethyl-2-N-6-N-bis(4-methylphenyl)pyridine-2-6-dicarboxamide,0.2 M,HNO3,2 M,phenyl trifluoromethyl sulfone,Sm,III ,0.01 mM,,,,,CCN(C(=O)c1cccc(C(=O)N(CC)c2ccc(C)cc2)n1)c1ccc(C)cc1,-,"HNO3, 2-N-6-N-diethyl-2-N-6-N-bis(4-methylphenyl)pyridine-2-6-dicarboxamide, Sm, phenyl trifluoromethyl sulfone",,phenyl trifluoromethyl sulfone,,"https://doi.org/10.1134/S1066362214060010, https://doi.org/10.1021/jacs.5c19738",Baosen Zhang,2026-02-10 13:33:03,Distribution Ratio,1.0,-,Temperature,25.0,C,- -,,,Comments,updated ORNL,,,,
16477,2-N-6-N-diethyl-2-N-6-N-bis(3-methylphenyl)pyridine-2-6-dicarboxamide,0.2 M,HNO3,2 M,phenyl trifluoromethyl sulfone,Dy,III ,0.01 mM,,,,,CCN(C(=O)c1cccc(C(=O)N(CC)c2cccc(C)c2)n1)c1cccc(C)c1,-,"HNO3, 2-N-6-N-diethyl-2-N-6-N-bis(3-methylphenyl)pyridine-2-6-dicarboxamide, Dy, phenyl trifluoromethyl sulfone",,phenyl trifluoromethyl sulfone,,"https://doi.org/10.1134/S1066362214060010, https://doi.org/10.1021/jacs.5c19738",Baosen Zhang,2026-02-10 13:33:03,Distribution Ratio,1.499999999807684,-,Temperature,25.0,C,- -,,,Comments,updated ORNL,,,,
16478,2-N-6-N-diethyl-2-N-6-N-bis(4-methylphenyl)pyridine-2-6-dicarboxamide,0.2 M,HNO3,2 M,phenyl trifluoromethyl sulfone,Pr,III ,0.01 mM,,,,,CCN(C(=O)c1cccc(C(=O)N(CC)c2ccc(C)cc2)n1)c1ccc(C)cc1,-,"HNO3, 2-N-6-N-diethyl-2-N-6-N-bis(4-methylphenyl)pyridine-2-6-dicarboxamide, Pr, phenyl trifluoromethyl sulfone",,phenyl trifluoromethyl sulfone,,"https://doi.org/10.1134/S1066362214060010, https://doi.org/10.1021/jacs.5c19738",Baosen Zhang,2026-02-10 13:33:04,Distribution Ratio,1.60000000126762,-,Temperature,25.0,C,- -,,,Comments,updated ORNL,,,,
16479,2-N-6-N-diethyl-2-N-6-N-bis(4-methylphenyl)pyridine-2-6-dicarboxamide,0.2 M,HNO3,2 M,phenyl trifluoromethyl sulfone,Ce,III ,0.01 mM,,,,,CCN(C(=O)c1cccc(C(=O)N(CC)c2ccc(C)cc2)n1)c1ccc(C)cc1,-,"HNO3, 2-N-6-N-diethyl-2-N-6-N-bis(4-methylphenyl)pyridine-2-6-dicarboxamide, Ce, phenyl trifluoromethyl sulfone",,phenyl trifluoromethyl sulfone,,"https://doi.org/10.1134/S1066362214060010, https://doi.org/10.1021/jacs.5c19738",Baosen Zhang,2026-02-10 13:33:04,Distribution Ratio,1.0,-,Temperature,25.0,C,- -,,,Comments,updated ORNL,,,,
16480,2-N-6-N-diethyl-2-N-6-N-bis(4-methylphenyl)pyridine-2-6-dicarboxamide,0.2 M,HNO3,2 M,phenyl trifluoromethyl sulfone,La,III ,0.01 mM,,,,,CCN(C(=O)c1cccc(C(=O)N(CC)c2ccc(C)cc2)n1)c1ccc(C)cc1,-,"HNO3, 2-N-6-N-diethyl-2-N-6-N-bis(4-methylphenyl)pyridine-2-6-dicarboxamide, La, phenyl trifluoromethyl sulfone",,phenyl trifluoromethyl sulfone,,"https://doi.org/10.1134/S1066362214060010, https://doi.org/10.1021/jacs.5c19738",Baosen Zhang,2026-02-10 13:33:04,Distribution Ratio,1.299999999081527,-,Temperature,25.0,C,- -,,,Comments,updated ORNL,,,,
16481,2-N-6-N-diethyl-2-N-6-N-bis(3-methylphenyl)pyridine-2-6-dicarboxamide,0.2 M,HNO3,2 M,phenyl trifluoromethyl sulfone,Lu,III ,0.01 mM,,,,,CCN(C(=O)c1cccc(C(=O)N(CC)c2cccc(C)c2)n1)c1cccc(C)c1,-,"HNO3, 2-N-6-N-diethyl-2-N-6-N-bis(3-methylphenyl)pyridine-2-6-dicarboxamide, Lu, phenyl trifluoromethyl sulfone",,phenyl trifluoromethyl sulfone,,"https://doi.org/10.1134/S1066362214060010, https://doi.org/10.1021/jacs.5c19738",Baosen Zhang,2026-02-10 13:33:04,Distribution Ratio,5.499999993740788,-,Temperature,25.0,C,- -,,,Comments,updated ORNL,,,,
16482,2-N-6-N-diethyl-2-N-6-N-bis(3-methylphenyl)pyridine-2-6-dicarboxamide,0.2 M,HNO3,2 M,phenyl trifluoromethyl sulfone,Tm,III ,0.01 mM,,,,,CCN(C(=O)c1cccc(C(=O)N(CC)c2cccc(C)c2)n1)c1cccc(C)c1,-,"HNO3, 2-N-6-N-diethyl-2-N-6-N-bis(3-methylphenyl)pyridine-2-6-dicarboxamide, Tm, phenyl trifluoromethyl sulfone",,phenyl trifluoromethyl sulfone,,"https://doi.org/10.1134/S1066362214060010, https://doi.org/10.1021/jacs.5c19738",Baosen Zhang,2026-02-10 13:33:04,Distribution Ratio,3.499999997177112,-,Temperature,25.0,C,- -,,,Comments,updated ORNL,,,,
16483,2-N-6-N-diethyl-2-N-6-N-bis(3-methylphenyl)pyridine-2-6-dicarboxamide,0.2 M,HNO3,2 M,phenyl trifluoromethyl sulfone,Er,III ,0.01 mM,,,,,CCN(C(=O)c1cccc(C(=O)N(CC)c2cccc(C)c2)n1)c1cccc(C)c1,-,"HNO3, 2-N-6-N-diethyl-2-N-6-N-bis(3-methylphenyl)pyridine-2-6-dicarboxamide, Er, phenyl trifluoromethyl sulfone",,phenyl trifluoromethyl sulfone,,"https://doi.org/10.1134/S1066362214060010, https://doi.org/10.1021/jacs.5c19738",Baosen Zhang,2026-02-10 13:33:04,Distribution Ratio,2.799999997793631,-,Temperature,25.0,C,- -,,,Comments,updated ORNL,,,,
16484,2-N-6-N-diethyl-2-N-6-N-bis(2-methylphenyl)pyridine-2-6-dicarboxamide,0.2 M,HNO3,2 M,phenyl trifluoromethyl sulfone,Gd,III ,0.01 mM,,,,,CCN(C(=O)c1cccc(C(=O)N(CC)c2ccccc2C)n1)c1ccccc1C,-,"HNO3, 2-N-6-N-diethyl-2-N-6-N-bis(2-methylphenyl)pyridine-2-6-dicarboxamide, Gd, phenyl trifluoromethyl sulfone",,phenyl trifluoromethyl sulfone,,"https://doi.org/10.1134/S1066362214060010, https://doi.org/10.1021/jacs.5c19738",Baosen Zhang,2026-02-10 13:33:04,Distribution Ratio,0.8000000000148405,-,Temperature,25.0,C,- -,,,Comments,updated ORNL,,,,
16485,2-N-6-N-diethyl-2-N-6-N-bis(3-methylphenyl)pyridine-2-6-dicarboxamide,0.2 M,HNO3,2 M,phenyl trifluoromethyl sulfone,Tb,III ,0.01 mM,,,,,CCN(C(=O)c1cccc(C(=O)N(CC)c2cccc(C)c2)n1)c1cccc(C)c1,-,"HNO3, 2-N-6-N-diethyl-2-N-6-N-bis(3-methylphenyl)pyridine-2-6-dicarboxamide, Tb, phenyl trifluoromethyl sulfone",,phenyl trifluoromethyl sulfone,,"https://doi.org/10.1134/S1066362214060010, https://doi.org/10.1021/jacs.5c19738",Baosen Zhang,2026-02-10 13:33:04,Distribution Ratio,1.199999999868408,-,Temperature,25.0,C,- -,,,Comments,updated ORNL,,,,
16486,2-N-6-N-diethyl-2-N-6-N-bis(3-methylphenyl)pyridine-2-6-dicarboxamide,0.2 M,HNO3,2 M,phenyl trifluoromethyl sulfone,Gd,III ,0.01 mM,,,,,CCN(C(=O)c1cccc(C(=O)N(CC)c2cccc(C)c2)n1)c1cccc(C)c1,-,"HNO3, 2-N-6-N-diethyl-2-N-6-N-bis(3-methylphenyl)pyridine-2-6-dicarboxamide, Gd, phenyl trifluoromethyl sulfone",,phenyl trifluoromethyl sulfone,,"https://doi.org/10.1134/S1066362214060010, https://doi.org/10.1021/jacs.5c19738",Baosen Zhang,2026-02-10 13:33:04,Distribution Ratio,0.8000000000148405,-,Temperature,25.0,C,- -,,,Comments,updated ORNL,,,,
16487,2-N-6-N-diethyl-2-N-6-N-bis(3-methylphenyl)pyridine-2-6-dicarboxamide,0.2 M,HNO3,2 M,phenyl trifluoromethyl sulfone,Nd,III ,0.01 mM,,,,,CCN(C(=O)c1cccc(C(=O)N(CC)c2cccc(C)c2)n1)c1cccc(C)c1,-,"HNO3, 2-N-6-N-diethyl-2-N-6-N-bis(3-methylphenyl)pyridine-2-6-dicarboxamide, Nd, phenyl trifluoromethyl sulfone",,phenyl trifluoromethyl sulfone,,"https://doi.org/10.1134/S1066362214060010, https://doi.org/10.1021/jacs.5c19738",Baosen Zhang,2026-02-10 13:33:04,Distribution Ratio,1.799999999571832,-,Temperature,25.0,C,- -,,,Comments,updated ORNL,,,,
16488,2-N-6-N-diethyl-2-N-6-N-bis(3-methylphenyl)pyridine-2-6-dicarboxamide,0.2 M,HNO3,2 M,phenyl trifluoromethyl sulfone,Pr,III ,0.01 mM,,,,,CCN(C(=O)c1cccc(C(=O)N(CC)c2cccc(C)c2)n1)c1cccc(C)c1,-,"HNO3, 2-N-6-N-diethyl-2-N-6-N-bis(3-methylphenyl)pyridine-2-6-dicarboxamide, Pr, phenyl trifluoromethyl sulfone",,phenyl trifluoromethyl sulfone,,"https://doi.org/10.1134/S1066362214060010, https://doi.org/10.1021/jacs.5c19738",Baosen Zhang,2026-02-10 13:33:04,Distribution Ratio,1.799999999571832,-,Temperature,25.0,C,- -,,,Comments,updated ORNL,,,,
16489,2-N-6-N-diethyl-2-N-6-N-bis(3-methylphenyl)pyridine-2-6-dicarboxamide,0.2 M,HNO3,2 M,phenyl trifluoromethyl sulfone,Ce,III ,0.01 mM,,,,,CCN(C(=O)c1cccc(C(=O)N(CC)c2cccc(C)c2)n1)c1cccc(C)c1,-,"HNO3, 2-N-6-N-diethyl-2-N-6-N-bis(3-methylphenyl)pyridine-2-6-dicarboxamide, Ce, phenyl trifluoromethyl sulfone",,phenyl trifluoromethyl sulfone,,"https://doi.org/10.1134/S1066362214060010, https://doi.org/10.1021/jacs.5c19738",Baosen Zhang,2026-02-10 13:33:04,Distribution Ratio,3.000000001936503,-,Temperature,25.0,C,- -,,,Comments,updated ORNL,,,,
16490,2-N-6-N-diethyl-2-N-6-N-bis(3-methylphenyl)pyridine-2-6-dicarboxamide,0.2 M,HNO3,2 M,phenyl trifluoromethyl sulfone,La,III ,0.01 mM,,,,,CCN(C(=O)c1cccc(C(=O)N(CC)c2cccc(C)c2)n1)c1cccc(C)c1,-,"HNO3, 2-N-6-N-diethyl-2-N-6-N-bis(3-methylphenyl)pyridine-2-6-dicarboxamide, La, phenyl trifluoromethyl sulfone",,phenyl trifluoromethyl sulfone,,"https://doi.org/10.1134/S1066362214060010, https://doi.org/10.1021/jacs.5c19738",Baosen Zhang,2026-02-10 13:33:04,Distribution Ratio,4.99999999613144,-,Temperature,25.0,C,- -,,,Comments,updated ORNL,,,,
16491,2-N-6-N-diethyl-2-N-6-N-bis(4-methylphenyl)pyridine-2-6-dicarboxamide,0.2 M,HNO3,2 M,phenyl trifluoromethyl sulfone,Nd,III ,0.01 mM,,,,,CCN(C(=O)c1cccc(C(=O)N(CC)c2ccc(C)cc2)n1)c1ccc(C)cc1,-,"HNO3, 2-N-6-N-diethyl-2-N-6-N-bis(4-methylphenyl)pyridine-2-6-dicarboxamide, Nd, phenyl trifluoromethyl sulfone",,phenyl trifluoromethyl sulfone,,"https://doi.org/10.1134/S1066362214060010, https://doi.org/10.1021/jacs.5c19738",Baosen Zhang,2026-02-10 13:33:04,Distribution Ratio,1.099999999599241,-,Temperature,25.0,C,- -,,,Comments,updated ORNL,,,,
16492,2-N-6-N-diethyl-2-N-6-N-bis(2-methylphenyl)pyridine-2-6-dicarboxamide,0.2 M,HNO3,2 M,phenyl trifluoromethyl sulfone,Tb,III ,0.01 mM,,,,,CCN(C(=O)c1cccc(C(=O)N(CC)c2ccccc2C)n1)c1ccccc1C,-,"HNO3, 2-N-6-N-diethyl-2-N-6-N-bis(2-methylphenyl)pyridine-2-6-dicarboxamide, Tb, phenyl trifluoromethyl sulfone",,phenyl trifluoromethyl sulfone,,"https://doi.org/10.1134/S1066362214060010, https://doi.org/10.1021/jacs.5c19738",Baosen Zhang,2026-02-10 13:33:04,Distribution Ratio,1.199999999868408,-,Temperature,25.0,C,- -,,,Comments,updated ORNL,,,,
16493,2-N-6-N-diethyl-2-N-6-N-bis(4-methylphenyl)pyridine-2-6-dicarboxamide,0.2 M,HNO3,2 M,phenyl trifluoromethyl sulfone,Dy,III ,0.01 mM,,,,,CCN(C(=O)c1cccc(C(=O)N(CC)c2ccc(C)cc2)n1)c1ccc(C)cc1,-,"HNO3, 2-N-6-N-diethyl-2-N-6-N-bis(4-methylphenyl)pyridine-2-6-dicarboxamide, Dy, phenyl trifluoromethyl sulfone",,phenyl trifluoromethyl sulfone,,"https://doi.org/10.1134/S1066362214060010, https://doi.org/10.1021/jacs.5c19738",Baosen Zhang,2026-02-10 13:33:05,Distribution Ratio,1.799999999571832,-,Temperature,25.0,C,- -,,,Comments,updated ORNL,,,,
16494,2-N-6-N-diethyl-2-N-6-N-bis(2-methylphenyl)pyridine-2-6-dicarboxamide,0.2 M,HNO3,2 M,phenyl trifluoromethyl sulfone,Ho,III ,0.01 mM,,,,,CCN(C(=O)c1cccc(C(=O)N(CC)c2ccccc2C)n1)c1ccccc1C,-,"HNO3, 2-N-6-N-diethyl-2-N-6-N-bis(2-methylphenyl)pyridine-2-6-dicarboxamide, Ho, phenyl trifluoromethyl sulfone",,phenyl trifluoromethyl sulfone,,"https://doi.org/10.1134/S1066362214060010, https://doi.org/10.1021/jacs.5c19738",Baosen Zhang,2026-02-10 13:33:05,Distribution Ratio,2.500000001887903,-,Temperature,25.0,C,- -,,,Comments,updated ORNL,,,,
16495,N-ethyl-6-[6-[ethyl-(4-hexylphenyl)carbamoyl]-2-pyridinyl]-N-(4-hexylphenyl)pyridine-2-carboxamide,0.1 M,HNO3,3 M,meta-nitrobenzotrifluoride,Lu,III ,0.01 mM,,,,,CCCCCCc1ccc(N(CC)C(=O)c2cccc(-c3cccc(C(=O)N(CC)c4ccc(CCCCCC)cc4)n3)n2)cc1,-,"HNO3, N-ethyl-6-[6-[ethyl-(4-hexylphenyl)carbamoyl]-2-pyridinyl]-N-(4-hexylphenyl)pyridine-2-carboxamide, Lu, meta-nitrobenzotrifluoride",,meta-nitrobenzotrifluoride,,"https://doi.org/10.1134/S1066362214060010, https://doi.org/10.1021/jacs.5c19738",Baosen Zhang,2026-02-10 13:33:05,Distribution Ratio,0.160000000126762,-,Temperature,25.0,C,- -,,,Comments,updated ORNL,,,,
16496,2-N-6-N-diethyl-2-N-6-N-bis(2-methylphenyl)pyridine-2-6-dicarboxamide,0.2 M,HNO3,2 M,phenyl trifluoromethyl sulfone,Yb,III ,0.01 mM,,,,,CCN(C(=O)c1cccc(C(=O)N(CC)c2ccccc2C)n1)c1ccccc1C,-,"HNO3, 2-N-6-N-diethyl-2-N-6-N-bis(2-methylphenyl)pyridine-2-6-dicarboxamide, Yb, phenyl trifluoromethyl sulfone",,phenyl trifluoromethyl sulfone,,"https://doi.org/10.1134/S1066362214060010, https://doi.org/10.1021/jacs.5c19738",Baosen Zhang,2026-02-10 13:33:05,Distribution Ratio,3.600000001929027,-,Temperature,25.0,C,- -,,,Comments,updated ORNL,,,,
16497,2-N-6-N-diethyl-2-N-6-N-bis(2-methylphenyl)pyridine-2-6-dicarboxamide,0.2 M,HNO3,2 M,phenyl trifluoromethyl sulfone,Sm,III ,0.01 mM,,,,,CCN(C(=O)c1cccc(C(=O)N(CC)c2ccccc2C)n1)c1ccccc1C,-,"HNO3, 2-N-6-N-diethyl-2-N-6-N-bis(2-methylphenyl)pyridine-2-6-dicarboxamide, Sm, phenyl trifluoromethyl sulfone",,phenyl trifluoromethyl sulfone,,"https://doi.org/10.1134/S1066362214060010, https://doi.org/10.1021/jacs.5c19738",Baosen Zhang,2026-02-10 13:33:05,Distribution Ratio,1.099999999599241,-,Temperature,25.0,C,- -,,,Comments,updated ORNL,,,,
16498,2-N-6-N-diethyl-2-N-6-N-bis(2-methylphenyl)pyridine-2-6-dicarboxamide,0.2 M,HNO3,2 M,phenyl trifluoromethyl sulfone,Ce,III ,0.01 mM,,,,,CCN(C(=O)c1cccc(C(=O)N(CC)c2ccccc2C)n1)c1ccccc1C,-,"HNO3, 2-N-6-N-diethyl-2-N-6-N-bis(2-methylphenyl)pyridine-2-6-dicarboxamide, Ce, phenyl trifluoromethyl sulfone",,phenyl trifluoromethyl sulfone,,"https://doi.org/10.1134/S1066362214060010, https://doi.org/10.1021/jacs.5c19738",Baosen Zhang,2026-02-10 13:33:05,Distribution Ratio,0.5999999994699767,-,Temperature,25.0,C,- -,,,Comments,updated ORNL,,,,
16499,2-N-6-N-diethyl-2-N-6-N-bis(3-methylphenyl)pyridine-2-6-dicarboxamide,0.2 M,HNO3,2 M,phenyl trifluoromethyl sulfone,Yb,III ,0.01 mM,,,,,CCN(C(=O)c1cccc(C(=O)N(CC)c2cccc(C)c2)n1)c1cccc(C)c1,-,"HNO3, 2-N-6-N-diethyl-2-N-6-N-bis(3-methylphenyl)pyridine-2-6-dicarboxamide, Yb, phenyl trifluoromethyl sulfone",,phenyl trifluoromethyl sulfone,,"https://doi.org/10.1134/S1066362214060010, https://doi.org/10.1021/jacs.5c19738",Baosen Zhang,2026-02-10 13:33:05,Distribution Ratio,3.999999996979354,-,Temperature,25.0,C,- -,,,Comments,updated ORNL,,,,
16500,2-N-6-N-diethyl-2-N-6-N-bis(3-methylphenyl)pyridine-2-6-dicarboxamide,0.2 M,HNO3,2 M,phenyl trifluoromethyl sulfone,Ho,III ,0.01 mM,,,,,CCN(C(=O)c1cccc(C(=O)N(CC)c2cccc(C)c2)n1)c1cccc(C)c1,-,"HNO3, 2-N-6-N-diethyl-2-N-6-N-bis(3-methylphenyl)pyridine-2-6-dicarboxamide, Ho, phenyl trifluoromethyl sulfone",,phenyl trifluoromethyl sulfone,,"https://doi.org/10.1134/S1066362214060010, https://doi.org/10.1021/jacs.5c19738",Baosen Zhang,2026-02-10 13:33:05,Distribution Ratio,2.500000001887903,-,Temperature,25.0,C,- -,,,Comments,updated ORNL,,,,
16501,2-N-6-N-diethyl-2-N-6-N-bis(3-methylphenyl)pyridine-2-6-dicarboxamide,0.2 M,HNO3,2 M,phenyl trifluoromethyl sulfone,Eu,III ,0.01 mM,,,,,CCN(C(=O)c1cccc(C(=O)N(CC)c2cccc(C)c2)n1)c1cccc(C)c1,-,"HNO3, 2-N-6-N-diethyl-2-N-6-N-bis(3-methylphenyl)pyridine-2-6-dicarboxamide, Eu, phenyl trifluoromethyl sulfone",,phenyl trifluoromethyl sulfone,,"https://doi.org/10.1134/S1066362214060010, https://doi.org/10.1021/jacs.5c19738",Baosen Zhang,2026-02-10 13:33:05,Distribution Ratio,1.099999999599241,-,Temperature,25.0,C,- -,,,Comments,updated ORNL,,,,
16502,2-N-6-N-diethyl-2-N-6-N-bis(3-methylphenyl)pyridine-2-6-dicarboxamide,0.2 M,HNO3,2 M,phenyl trifluoromethyl sulfone,Sm,III ,0.01 mM,,,,,CCN(C(=O)c1cccc(C(=O)N(CC)c2cccc(C)c2)n1)c1cccc(C)c1,-,"HNO3, 2-N-6-N-diethyl-2-N-6-N-bis(3-methylphenyl)pyridine-2-6-dicarboxamide, Sm, phenyl trifluoromethyl sulfone",,phenyl trifluoromethyl sulfone,,"https://doi.org/10.1134/S1066362214060010, https://doi.org/10.1021/jacs.5c19738",Baosen Zhang,2026-02-10 13:33:05,Distribution Ratio,1.199999999868408,-,Temperature,25.0,C,- -,,,Comments,updated ORNL,,,,
16503,N-ethyl-6-[6-[ethyl-(4-hexylphenyl)carbamoyl]-2-pyridinyl]-N-(4-hexylphenyl)pyridine-2-carboxamide,0.1 M,HNO3,3 M,meta-nitrobenzotrifluoride,Yb,III ,0.01 mM,,,,,CCCCCCc1ccc(N(CC)C(=O)c2cccc(-c3cccc(C(=O)N(CC)c4ccc(CCCCCC)cc4)n3)n2)cc1,-,"HNO3, N-ethyl-6-[6-[ethyl-(4-hexylphenyl)carbamoyl]-2-pyridinyl]-N-(4-hexylphenyl)pyridine-2-carboxamide, Yb, meta-nitrobenzotrifluoride",,meta-nitrobenzotrifluoride,,"https://doi.org/10.1134/S1066362214060010, https://doi.org/10.1021/jacs.5c19738",Baosen Zhang,2026-02-10 13:33:05,Distribution Ratio,0.2000000001547424,-,Temperature,25.0,C,- -,,,Comments,updated ORNL,,,,
16504,N-ethyl-6-[6-[ethyl-(4-hexylphenyl)carbamoyl]-2-pyridinyl]-N-(4-hexylphenyl)pyridine-2-carboxamide,0.1 M,HNO3,3 M,meta-nitrobenzotrifluoride,Tm,III ,0.01 mM,,,,,CCCCCCc1ccc(N(CC)C(=O)c2cccc(-c3cccc(C(=O)N(CC)c4ccc(CCCCCC)cc4)n3)n2)cc1,-,"HNO3, N-ethyl-6-[6-[ethyl-(4-hexylphenyl)carbamoyl]-2-pyridinyl]-N-(4-hexylphenyl)pyridine-2-carboxamide, Tm, meta-nitrobenzotrifluoride",,meta-nitrobenzotrifluoride,,"https://doi.org/10.1134/S1066362214060010, https://doi.org/10.1021/jacs.5c19738",Baosen Zhang,2026-02-10 13:33:05,Distribution Ratio,0.2500000001887904,-,Temperature,25.0,C,- -,,,Comments,updated ORNL,,,,
16505,N-ethyl-6-[6-[ethyl-(4-hexylphenyl)carbamoyl]-2-pyridinyl]-N-(4-hexylphenyl)pyridine-2-carboxamide,0.1 M,HNO3,3 M,meta-nitrobenzotrifluoride,Er,III ,0.01 mM,,,,,CCCCCCc1ccc(N(CC)C(=O)c2cccc(-c3cccc(C(=O)N(CC)c4ccc(CCCCCC)cc4)n3)n2)cc1,-,"HNO3, N-ethyl-6-[6-[ethyl-(4-hexylphenyl)carbamoyl]-2-pyridinyl]-N-(4-hexylphenyl)pyridine-2-carboxamide, Er, meta-nitrobenzotrifluoride",,meta-nitrobenzotrifluoride,,"https://doi.org/10.1134/S1066362214060010, https://doi.org/10.1021/jacs.5c19738",Baosen Zhang,2026-02-10 13:33:05,Distribution Ratio,0.3000000001936504,-,Temperature,25.0,C,- -,,,Comments,updated ORNL,,,,
16506,2-N-6-N-diethyl-2-N-6-N-bis(2-methylphenyl)pyridine-2-6-dicarboxamide,0.2 M,HNO3,2 M,phenyl trifluoromethyl sulfone,Er,III ,0.01 mM,,,,,CCN(C(=O)c1cccc(C(=O)N(CC)c2ccccc2C)n1)c1ccccc1C,-,"HNO3, 2-N-6-N-diethyl-2-N-6-N-bis(2-methylphenyl)pyridine-2-6-dicarboxamide, Er, phenyl trifluoromethyl sulfone",,phenyl trifluoromethyl sulfone,,"https://doi.org/10.1134/S1066362214060010, https://doi.org/10.1021/jacs.5c19738",Baosen Zhang,2026-02-10 13:33:05,Distribution Ratio,2.699999999011579,-,Temperature,25.0,C,- -,,,Comments,updated ORNL,,,,
16507,N-ethyl-6-[6-[ethyl-(4-hexylphenyl)carbamoyl]-2-pyridinyl]-N-(4-hexylphenyl)pyridine-2-carboxamide,0.1 M,HNO3,3 M,meta-nitrobenzotrifluoride,Dy,III ,0.01 mM,,,,,CCCCCCc1ccc(N(CC)C(=O)c2cccc(-c3cccc(C(=O)N(CC)c4ccc(CCCCCC)cc4)n3)n2)cc1,-,"HNO3, N-ethyl-6-[6-[ethyl-(4-hexylphenyl)carbamoyl]-2-pyridinyl]-N-(4-hexylphenyl)pyridine-2-carboxamide, Dy, meta-nitrobenzotrifluoride",,meta-nitrobenzotrifluoride,,"https://doi.org/10.1134/S1066362214060010, https://doi.org/10.1021/jacs.5c19738",Baosen Zhang,2026-02-10 13:33:06,Distribution Ratio,0.4500000002327806,-,Temperature,25.0,C,- -,,,Comments,updated ORNL,,,,
16508,N-ethyl-6-[6-[ethyl-(4-hexylphenyl)carbamoyl]-2-pyridinyl]-N-(4-hexylphenyl)pyridine-2-carboxamide,0.1 M,HNO3,3 M,meta-nitrobenzotrifluoride,Ho,III ,0.01 mM,,,,,CCCCCCc1ccc(N(CC)C(=O)c2cccc(-c3cccc(C(=O)N(CC)c4ccc(CCCCCC)cc4)n3)n2)cc1,-,"HNO3, N-ethyl-6-[6-[ethyl-(4-hexylphenyl)carbamoyl]-2-pyridinyl]-N-(4-hexylphenyl)pyridine-2-carboxamide, Ho, meta-nitrobenzotrifluoride",,meta-nitrobenzotrifluoride,,"https://doi.org/10.1134/S1066362214060010, https://doi.org/10.1021/jacs.5c19738",Baosen Zhang,2026-02-10 13:33:06,Distribution Ratio,0.3999999996979355,-,Temperature,25.0,C,- -,,,Comments,updated ORNL,,,,
16509,2-N-6-N-diethyl-2-N-6-N-bis(2-methylphenyl)pyridine-2-6-dicarboxamide,0.2 M,HNO3,2 M,phenyl trifluoromethyl sulfone,Lu,III ,0.01 mM,,,,,CCN(C(=O)c1cccc(C(=O)N(CC)c2ccccc2C)n1)c1ccccc1C,-,"HNO3, 2-N-6-N-diethyl-2-N-6-N-bis(2-methylphenyl)pyridine-2-6-dicarboxamide, Lu, phenyl trifluoromethyl sulfone",,phenyl trifluoromethyl sulfone,,"https://doi.org/10.1134/S1066362214060010, https://doi.org/10.1021/jacs.5c19738",Baosen Zhang,2026-02-10 13:33:06,Distribution Ratio,4.799999995848857,-,Temperature,25.0,C,- -,,,Comments,updated ORNL,,,,
16510,N-ethyl-6-[6-[ethyl-(4-hexylphenyl)carbamoyl]-2-pyridinyl]-N-(4-hexylphenyl)pyridine-2-carboxamide,0.1 M,HNO3,3 M,meta-nitrobenzotrifluoride,La,III ,0.01 mM,,,,,CCCCCCc1ccc(N(CC)C(=O)c2cccc(-c3cccc(C(=O)N(CC)c4ccc(CCCCCC)cc4)n3)n2)cc1,-,"HNO3, N-ethyl-6-[6-[ethyl-(4-hexylphenyl)carbamoyl]-2-pyridinyl]-N-(4-hexylphenyl)pyridine-2-carboxamide, La, meta-nitrobenzotrifluoride",,meta-nitrobenzotrifluoride,,"https://doi.org/10.1134/S1066362214060010, https://doi.org/10.1021/jacs.5c19738",Baosen Zhang,2026-02-10 13:33:06,Distribution Ratio,1.0,-,Temperature,25.0,C,- -,,,Comments,updated ORNL,,,,
16511,N-ethyl-6-[6-[ethyl-(4-hexylphenyl)carbamoyl]-2-pyridinyl]-N-(4-hexylphenyl)pyridine-2-carboxamide,0.1 M,HNO3,3 M,meta-nitrobenzotrifluoride,Ce,III ,0.01 mM,,,,,CCCCCCc1ccc(N(CC)C(=O)c2cccc(-c3cccc(C(=O)N(CC)c4ccc(CCCCCC)cc4)n3)n2)cc1,-,"HNO3, N-ethyl-6-[6-[ethyl-(4-hexylphenyl)carbamoyl]-2-pyridinyl]-N-(4-hexylphenyl)pyridine-2-carboxamide, Ce, meta-nitrobenzotrifluoride",,meta-nitrobenzotrifluoride,,"https://doi.org/10.1134/S1066362214060010, https://doi.org/10.1021/jacs.5c19738",Baosen Zhang,2026-02-10 13:33:06,Distribution Ratio,0.8000000000148405,-,Temperature,25.0,C,- -,,,Comments,updated ORNL,,,,
16512,N-ethyl-6-[6-[ethyl-(4-hexylphenyl)carbamoyl]-2-pyridinyl]-N-(4-hexylphenyl)pyridine-2-carboxamide,0.1 M,HNO3,3 M,meta-nitrobenzotrifluoride,Pr,III ,0.01 mM,,,,,CCCCCCc1ccc(N(CC)C(=O)c2cccc(-c3cccc(C(=O)N(CC)c4ccc(CCCCCC)cc4)n3)n2)cc1,-,"HNO3, N-ethyl-6-[6-[ethyl-(4-hexylphenyl)carbamoyl]-2-pyridinyl]-N-(4-hexylphenyl)pyridine-2-carboxamide, Pr, meta-nitrobenzotrifluoride",,meta-nitrobenzotrifluoride,,"https://doi.org/10.1134/S1066362214060010, https://doi.org/10.1021/jacs.5c19738",Baosen Zhang,2026-02-10 13:33:06,Distribution Ratio,0.5999999994699767,-,Temperature,25.0,C,- -,,,Comments,updated ORNL,,,,
16513,2-N-6-N-diethyl-2-N-6-N-bis(2-methylphenyl)pyridine-2-6-dicarboxamide,0.2 M,HNO3,2 M,phenyl trifluoromethyl sulfone,Tm,III ,0.01 mM,,,,,CCN(C(=O)c1cccc(C(=O)N(CC)c2ccccc2C)n1)c1ccccc1C,-,"HNO3, 2-N-6-N-diethyl-2-N-6-N-bis(2-methylphenyl)pyridine-2-6-dicarboxamide, Tm, phenyl trifluoromethyl sulfone",,phenyl trifluoromethyl sulfone,,"https://doi.org/10.1134/S1066362214060010, https://doi.org/10.1021/jacs.5c19738",Baosen Zhang,2026-02-10 13:33:06,Distribution Ratio,3.199999997642846,-,Temperature,25.0,C,- -,,,Comments,updated ORNL,,,,
16514,N-ethyl-6-[6-[ethyl-(4-hexylphenyl)carbamoyl]-2-pyridinyl]-N-(4-hexylphenyl)pyridine-2-carboxamide,0.1 M,HNO3,3 M,meta-nitrobenzotrifluoride,Sm,III ,0.01 mM,,,,,CCCCCCc1ccc(N(CC)C(=O)c2cccc(-c3cccc(C(=O)N(CC)c4ccc(CCCCCC)cc4)n3)n2)cc1,-,"HNO3, N-ethyl-6-[6-[ethyl-(4-hexylphenyl)carbamoyl]-2-pyridinyl]-N-(4-hexylphenyl)pyridine-2-carboxamide, Sm, meta-nitrobenzotrifluoride",,meta-nitrobenzotrifluoride,,"https://doi.org/10.1134/S1066362214060010, https://doi.org/10.1021/jacs.5c19738",Baosen Zhang,2026-02-10 13:33:06,Distribution Ratio,0.8000000000148405,-,Temperature,25.0,C,- -,,,Comments,updated ORNL,,,,
16515,N-ethyl-6-[6-[ethyl-(4-hexylphenyl)carbamoyl]-2-pyridinyl]-N-(4-hexylphenyl)pyridine-2-carboxamide,0.1 M,HNO3,3 M,meta-nitrobenzotrifluoride,Eu,III ,0.01 mM,,,,,CCCCCCc1ccc(N(CC)C(=O)c2cccc(-c3cccc(C(=O)N(CC)c4ccc(CCCCCC)cc4)n3)n2)cc1,-,"HNO3, N-ethyl-6-[6-[ethyl-(4-hexylphenyl)carbamoyl]-2-pyridinyl]-N-(4-hexylphenyl)pyridine-2-carboxamide, Eu, meta-nitrobenzotrifluoride",,meta-nitrobenzotrifluoride,,"https://doi.org/10.1134/S1066362214060010, https://doi.org/10.1021/jacs.5c19738",Baosen Zhang,2026-02-10 13:33:06,Distribution Ratio,0.5999999994699767,-,Temperature,25.0,C,- -,,,Comments,updated ORNL,,,,
16516,N-ethyl-6-[6-[ethyl-(4-hexylphenyl)carbamoyl]-2-pyridinyl]-N-(4-hexylphenyl)pyridine-2-carboxamide,0.1 M,HNO3,3 M,meta-nitrobenzotrifluoride,Gd,III ,0.01 mM,,,,,CCCCCCc1ccc(N(CC)C(=O)c2cccc(-c3cccc(C(=O)N(CC)c4ccc(CCCCCC)cc4)n3)n2)cc1,-,"HNO3, N-ethyl-6-[6-[ethyl-(4-hexylphenyl)carbamoyl]-2-pyridinyl]-N-(4-hexylphenyl)pyridine-2-carboxamide, Gd, meta-nitrobenzotrifluoride",,meta-nitrobenzotrifluoride,,"https://doi.org/10.1134/S1066362214060010, https://doi.org/10.1021/jacs.5c19738",Baosen Zhang,2026-02-10 13:33:06,Distribution Ratio,0.3999999996979355,-,Temperature,25.0,C,- -,,,Comments,updated ORNL,,,,
16517,N-ethyl-6-[6-[ethyl-(4-hexylphenyl)carbamoyl]-2-pyridinyl]-N-(4-hexylphenyl)pyridine-2-carboxamide,0.1 M,HNO3,3 M,meta-nitrobenzotrifluoride,Tb,III ,0.01 mM,,,,,CCCCCCc1ccc(N(CC)C(=O)c2cccc(-c3cccc(C(=O)N(CC)c4ccc(CCCCCC)cc4)n3)n2)cc1,-,"HNO3, N-ethyl-6-[6-[ethyl-(4-hexylphenyl)carbamoyl]-2-pyridinyl]-N-(4-hexylphenyl)pyridine-2-carboxamide, Tb, meta-nitrobenzotrifluoride",,meta-nitrobenzotrifluoride,,"https://doi.org/10.1134/S1066362214060010, https://doi.org/10.1021/jacs.5c19738",Baosen Zhang,2026-02-10 13:33:06,Distribution Ratio,0.499999999613144,-,Temperature,25.0,C,- -,,,Comments,updated ORNL,,,,
16518,N-ethyl-6-[6-[ethyl-(4-hexylphenyl)carbamoyl]-2-pyridinyl]-N-(4-hexylphenyl)pyridine-2-carboxamide,0.1 M,HNO3,3 M,meta-nitrobenzotrifluoride,Nd,III ,0.01 mM,,,,,CCCCCCc1ccc(N(CC)C(=O)c2cccc(-c3cccc(C(=O)N(CC)c4ccc(CCCCCC)cc4)n3)n2)cc1,-,"HNO3, N-ethyl-6-[6-[ethyl-(4-hexylphenyl)carbamoyl]-2-pyridinyl]-N-(4-hexylphenyl)pyridine-2-carboxamide, Nd, meta-nitrobenzotrifluoride",,meta-nitrobenzotrifluoride,,"https://doi.org/10.1134/S1066362214060010, https://doi.org/10.1021/jacs.5c19738",Baosen Zhang,2026-02-10 13:33:06,Distribution Ratio,0.8000000000148405,-,Temperature,25.0,C,- -,,,Comments,updated ORNL,,,,
16519,N-methyl-2-[2-[methyl(octyl)amino]-2-oxoethoxy]-N-octylacetamide,0.024 M,HNO3,4 M,"1-octanol 0.5, kerosene 0.5",Dy,III ,3 mM,,,,,CCCCCCCCN(C)C(=O)COCC(=O)N(C)CCCCCCCC,-,"HNO3, N-methyl-2-[2-[methyl(octyl)amino]-2-oxoethoxy]-N-octylacetamide, Dy, 1-octanol 0.5, kerosene 0.5",,"1-octanol 0.5, kerosene 0.5",,"https://doi.org/10.1007/s10967-020-07242-1, https://doi.org/10.1021/jacs.5c19738",Baosen Zhang,2026-02-10 13:33:06,Distribution Ratio,499.999999613144,-,Temperature,25.0,C,- -,,,Comments,updated ORNL,,,,
16520,N-methyl-2-[2-[methyl(octyl)amino]-2-oxoethoxy]-N-octylacetamide,0.024 M,HNO3,5 M,"1-octanol 0.5, kerosene 0.5",Gd,III ,3 mM,,,,,CCCCCCCCN(C)C(=O)COCC(=O)N(C)CCCCCCCC,-,"HNO3, N-methyl-2-[2-[methyl(octyl)amino]-2-oxoethoxy]-N-octylacetamide, Gd, 1-octanol 0.5, kerosene 0.5",,"1-octanol 0.5, kerosene 0.5",,"https://doi.org/10.1007/s10967-020-07242-1, https://doi.org/10.1021/jacs.5c19738",Baosen Zhang,2026-02-10 13:33:06,Distribution Ratio,69.99999999770209,-,Temperature,25.0,C,- -,,,Comments,updated ORNL,,,,
16521,N-methyl-2-[2-[methyl(octyl)amino]-2-oxoethoxy]-N-octylacetamide,0.024 M,HNO3,3 M,"1-octanol 0.5, kerosene 0.5",Yb,III ,3 mM,,,,,CCCCCCCCN(C)C(=O)COCC(=O)N(C)CCCCCCCC,-,"HNO3, N-methyl-2-[2-[methyl(octyl)amino]-2-oxoethoxy]-N-octylacetamide, Yb, 1-octanol 0.5, kerosene 0.5",,"1-octanol 0.5, kerosene 0.5",,"https://doi.org/10.1007/s10967-020-07242-1, https://doi.org/10.1021/jacs.5c19738",Baosen Zhang,2026-02-10 13:33:06,Distribution Ratio,1099.99999959924,-,Temperature,25.0,C,- -,,,Comments,updated ORNL,,,,
16522,N-methyl-2-[2-[methyl(octyl)amino]-2-oxoethoxy]-N-octylacetamide,0.024 M,HNO3,3 M,"1-octanol 0.5, kerosene 0.5",Dy,III ,3 mM,,,,,CCCCCCCCN(C)C(=O)COCC(=O)N(C)CCCCCCCC,-,"HNO3, N-methyl-2-[2-[methyl(octyl)amino]-2-oxoethoxy]-N-octylacetamide, Dy, 1-octanol 0.5, kerosene 0.5",,"1-octanol 0.5, kerosene 0.5",,"https://doi.org/10.1007/s10967-020-07242-1, https://doi.org/10.1021/jacs.5c19738",Baosen Zhang,2026-02-10 13:33:07,Distribution Ratio,200.0000001547424,-,Temperature,25.0,C,- -,,,Comments,updated ORNL,,,,
16523,N-methyl-2-[2-[methyl(octyl)amino]-2-oxoethoxy]-N-octylacetamide,0.024 M,HNO3,2 M,"1-octanol 0.5, kerosene 0.5",Tm,III ,3 mM,,,,,CCCCCCCCN(C)C(=O)COCC(=O)N(C)CCCCCCCC,-,"HNO3, N-methyl-2-[2-[methyl(octyl)amino]-2-oxoethoxy]-N-octylacetamide, Tm, 1-octanol 0.5, kerosene 0.5",,"1-octanol 0.5, kerosene 0.5",,"https://doi.org/10.1007/s10967-020-07242-1, https://doi.org/10.1021/jacs.5c19738",Baosen Zhang,2026-02-10 13:33:07,Distribution Ratio,800.0000000148405,-,Temperature,25.0,C,- -,,,Comments,updated ORNL,,,,
16524,N-methyl-2-[2-[methyl(octyl)amino]-2-oxoethoxy]-N-octylacetamide,0.024 M,HNO3,2 M,"1-octanol 0.5, kerosene 0.5",Nd,III ,3 mM,,,,,CCCCCCCCN(C)C(=O)COCC(=O)N(C)CCCCCCCC,-,"HNO3, N-methyl-2-[2-[methyl(octyl)amino]-2-oxoethoxy]-N-octylacetamide, Nd, 1-octanol 0.5, kerosene 0.5",,"1-octanol 0.5, kerosene 0.5",,"https://doi.org/10.1007/s10967-020-07242-1, https://doi.org/10.1021/jacs.5c19738",Baosen Zhang,2026-02-10 13:33:07,Distribution Ratio,2.500000001887903,-,Temperature,25.0,C,- -,,,Comments,updated ORNL,,,,
16525,N-methyl-2-[2-[methyl(octyl)amino]-2-oxoethoxy]-N-octylacetamide,0.024 M,HNO3,2 M,"1-octanol 0.5, kerosene 0.5",Ce,III ,3 mM,,,,,CCCCCCCCN(C)C(=O)COCC(=O)N(C)CCCCCCCC,-,"HNO3, N-methyl-2-[2-[methyl(octyl)amino]-2-oxoethoxy]-N-octylacetamide, Ce, 1-octanol 0.5, kerosene 0.5",,"1-octanol 0.5, kerosene 0.5",,"https://doi.org/10.1007/s10967-020-07242-1, https://doi.org/10.1021/jacs.5c19738",Baosen Zhang,2026-02-10 13:33:07,Distribution Ratio,1.0,-,Temperature,25.0,C,- -,,,Comments,updated ORNL,,,,
16526,N-methyl-2-[2-[methyl(octyl)amino]-2-oxoethoxy]-N-octylacetamide,0.024 M,HNO3,1 M,"1-octanol 0.5, kerosene 0.5",Gd,III ,3 mM,,,,,CCCCCCCCN(C)C(=O)COCC(=O)N(C)CCCCCCCC,-,"HNO3, N-methyl-2-[2-[methyl(octyl)amino]-2-oxoethoxy]-N-octylacetamide, Gd, 1-octanol 0.5, kerosene 0.5",,"1-octanol 0.5, kerosene 0.5",,"https://doi.org/10.1007/s10967-020-07242-1, https://doi.org/10.1021/jacs.5c19738",Baosen Zhang,2026-02-10 13:33:07,Distribution Ratio,8.000000000148404,-,Temperature,25.0,C,- -,,,Comments,updated ORNL,,,,
16527,N-methyl-2-[2-[methyl(octyl)amino]-2-oxoethoxy]-N-octylacetamide,0.024 M,HNO3,4 M,"1-octanol 0.5, kerosene 0.5",Pr,III ,3 mM,,,,,CCCCCCCCN(C)C(=O)COCC(=O)N(C)CCCCCCCC,-,"HNO3, N-methyl-2-[2-[methyl(octyl)amino]-2-oxoethoxy]-N-octylacetamide, Pr, 1-octanol 0.5, kerosene 0.5",,"1-octanol 0.5, kerosene 0.5",,"https://doi.org/10.1007/s10967-020-07242-1, https://doi.org/10.1021/jacs.5c19738",Baosen Zhang,2026-02-10 13:33:07,Distribution Ratio,3.000000001936503,-,Temperature,25.0,C,- -,,,Comments,updated ORNL,,,,
16528,N-methyl-2-[2-[methyl(octyl)amino]-2-oxoethoxy]-N-octylacetamide,0.024 M,HNO3,2 M,"1-octanol 0.5, kerosene 0.5",Sm,III ,3 mM,,,,,CCCCCCCCN(C)C(=O)COCC(=O)N(C)CCCCCCCC,-,"HNO3, N-methyl-2-[2-[methyl(octyl)amino]-2-oxoethoxy]-N-octylacetamide, Sm, 1-octanol 0.5, kerosene 0.5",,"1-octanol 0.5, kerosene 0.5",,"https://doi.org/10.1007/s10967-020-07242-1, https://doi.org/10.1021/jacs.5c19738",Baosen Zhang,2026-02-10 13:33:07,Distribution Ratio,20.00000001547424,-,Temperature,25.0,C,- -,,,Comments,updated ORNL,,,,
16529,N-methyl-2-[2-[methyl(octyl)amino]-2-oxoethoxy]-N-octylacetamide,0.024 M,HNO3,4 M,"1-octanol 0.5, kerosene 0.5",Yb,III ,3 mM,,,,,CCCCCCCCN(C)C(=O)COCC(=O)N(C)CCCCCCCC,-,"HNO3, N-methyl-2-[2-[methyl(octyl)amino]-2-oxoethoxy]-N-octylacetamide, Yb, 1-octanol 0.5, kerosene 0.5",,"1-octanol 0.5, kerosene 0.5",,"https://doi.org/10.1007/s10967-020-07242-1, https://doi.org/10.1021/jacs.5c19738",Baosen Zhang,2026-02-10 13:33:07,Distribution Ratio,1499.999999807684,-,Temperature,25.0,C,- -,,,Comments,updated ORNL,,,,
16530,N-methyl-2-[2-[methyl(octyl)amino]-2-oxoethoxy]-N-octylacetamide,0.024 M,HNO3,1 M,"1-octanol 0.5, kerosene 0.5",La,III ,3 mM,,,,,CCCCCCCCN(C)C(=O)COCC(=O)N(C)CCCCCCCC,-,"HNO3, N-methyl-2-[2-[methyl(octyl)amino]-2-oxoethoxy]-N-octylacetamide, La, 1-octanol 0.5, kerosene 0.5",,"1-octanol 0.5, kerosene 0.5",,"https://doi.org/10.1007/s10967-020-07242-1, https://doi.org/10.1021/jacs.5c19738",Baosen Zhang,2026-02-10 13:33:07,Distribution Ratio,0.3000000001936504,-,Temperature,25.0,C,- -,,,Comments,updated ORNL,,,,
16531,N-methyl-2-[2-[methyl(octyl)amino]-2-oxoethoxy]-N-octylacetamide,0.024 M,HNO3,4 M,"1-octanol 0.5, kerosene 0.5",Sm,III ,3 mM,,,,,CCCCCCCCN(C)C(=O)COCC(=O)N(C)CCCCCCCC,-,"HNO3, N-methyl-2-[2-[methyl(octyl)amino]-2-oxoethoxy]-N-octylacetamide, Sm, 1-octanol 0.5, kerosene 0.5",,"1-octanol 0.5, kerosene 0.5",,"https://doi.org/10.1007/s10967-020-07242-1, https://doi.org/10.1021/jacs.5c19738",Baosen Zhang,2026-02-10 13:33:07,Distribution Ratio,25.00000001887904,-,Temperature,25.0,C,- -,,,Comments,updated ORNL,,,,
16532,N-methyl-2-[2-[methyl(octyl)amino]-2-oxoethoxy]-N-octylacetamide,0.024 M,HNO3,4 M,"1-octanol 0.5, kerosene 0.5",Nd,III ,3 mM,,,,,CCCCCCCCN(C)C(=O)COCC(=O)N(C)CCCCCCCC,-,"HNO3, N-methyl-2-[2-[methyl(octyl)amino]-2-oxoethoxy]-N-octylacetamide, Nd, 1-octanol 0.5, kerosene 0.5",,"1-octanol 0.5, kerosene 0.5",,"https://doi.org/10.1007/s10967-020-07242-1, https://doi.org/10.1021/jacs.5c19738",Baosen Zhang,2026-02-10 13:33:07,Distribution Ratio,4.500000002327806,-,Temperature,25.0,C,- -,,,Comments,updated ORNL,,,,
16533,N-methyl-2-[2-[methyl(octyl)amino]-2-oxoethoxy]-N-octylacetamide,0.024 M,HNO3,4 M,"1-octanol 0.5, kerosene 0.5",Ce,III ,3 mM,,,,,CCCCCCCCN(C)C(=O)COCC(=O)N(C)CCCCCCCC,-,"HNO3, N-methyl-2-[2-[methyl(octyl)amino]-2-oxoethoxy]-N-octylacetamide, Ce, 1-octanol 0.5, kerosene 0.5",,"1-octanol 0.5, kerosene 0.5",,"https://doi.org/10.1007/s10967-020-07242-1, https://doi.org/10.1021/jacs.5c19738",Baosen Zhang,2026-02-10 13:33:07,Distribution Ratio,1.0,-,Temperature,25.0,C,- -,,,Comments,updated ORNL,,,,
16534,N-methyl-2-[2-[methyl(octyl)amino]-2-oxoethoxy]-N-octylacetamide,0.024 M,HNO3,4 M,"1-octanol 0.5, kerosene 0.5",La,III ,3 mM,,,,,CCCCCCCCN(C)C(=O)COCC(=O)N(C)CCCCCCCC,-,"HNO3, N-methyl-2-[2-[methyl(octyl)amino]-2-oxoethoxy]-N-octylacetamide, La, 1-octanol 0.5, kerosene 0.5",,"1-octanol 0.5, kerosene 0.5",,"https://doi.org/10.1007/s10967-020-07242-1, https://doi.org/10.1021/jacs.5c19738",Baosen Zhang,2026-02-10 13:33:07,Distribution Ratio,0.8000000000148405,-,Temperature,25.0,C,- -,,,Comments,updated ORNL,,,,
16535,N-methyl-2-[2-[methyl(octyl)amino]-2-oxoethoxy]-N-octylacetamide,0.024 M,HNO3,3 M,"1-octanol 0.5, kerosene 0.5",Lu,III ,3 mM,,,,,CCCCCCCCN(C)C(=O)COCC(=O)N(C)CCCCCCCC,-,"HNO3, N-methyl-2-[2-[methyl(octyl)amino]-2-oxoethoxy]-N-octylacetamide, Lu, 1-octanol 0.5, kerosene 0.5",,"1-octanol 0.5, kerosene 0.5",,"https://doi.org/10.1007/s10967-020-07242-1, https://doi.org/10.1021/jacs.5c19738",Baosen Zhang,2026-02-10 13:33:07,Distribution Ratio,1400.000001037238,-,Temperature,25.0,C,- -,,,Comments,updated ORNL,,,,
16536,N-methyl-2-[2-[methyl(octyl)amino]-2-oxoethoxy]-N-octylacetamide,0.024 M,HNO3,3 M,"1-octanol 0.5, kerosene 0.5",Tm,III ,3 mM,,,,,CCCCCCCCN(C)C(=O)COCC(=O)N(C)CCCCCCCC,-,"HNO3, N-methyl-2-[2-[methyl(octyl)amino]-2-oxoethoxy]-N-octylacetamide, Tm, 1-octanol 0.5, kerosene 0.5",,"1-octanol 0.5, kerosene 0.5",,"https://doi.org/10.1007/s10967-020-07242-1, https://doi.org/10.1021/jacs.5c19738",Baosen Zhang,2026-02-10 13:33:07,Distribution Ratio,1199.999999868408,-,Temperature,25.0,C,- -,,,Comments,updated ORNL,,,,
16537,N-methyl-2-[2-[methyl(octyl)amino]-2-oxoethoxy]-N-octylacetamide,0.024 M,HNO3,3 M,"1-octanol 0.5, kerosene 0.5",Er,III ,3 mM,,,,,CCCCCCCCN(C)C(=O)COCC(=O)N(C)CCCCCCCC,-,"HNO3, N-methyl-2-[2-[methyl(octyl)amino]-2-oxoethoxy]-N-octylacetamide, Er, 1-octanol 0.5, kerosene 0.5",,"1-octanol 0.5, kerosene 0.5",,"https://doi.org/10.1007/s10967-020-07242-1, https://doi.org/10.1021/jacs.5c19738",Baosen Zhang,2026-02-10 13:33:08,Distribution Ratio,1000.0,-,Temperature,25.0,C,- -,,,Comments,updated ORNL,,,,
16538,N-methyl-2-[2-[methyl(octyl)amino]-2-oxoethoxy]-N-octylacetamide,0.024 M,HNO3,3 M,"1-octanol 0.5, kerosene 0.5",Ho,III ,3 mM,,,,,CCCCCCCCN(C)C(=O)COCC(=O)N(C)CCCCCCCC,-,"HNO3, N-methyl-2-[2-[methyl(octyl)amino]-2-oxoethoxy]-N-octylacetamide, Ho, 1-octanol 0.5, kerosene 0.5",,"1-octanol 0.5, kerosene 0.5",,"https://doi.org/10.1007/s10967-020-07242-1, https://doi.org/10.1021/jacs.5c19738",Baosen Zhang,2026-02-10 13:33:08,Distribution Ratio,599.9999994699768,-,Temperature,25.0,C,- -,,,Comments,updated ORNL,,,,
16539,N-methyl-2-[2-[methyl(octyl)amino]-2-oxoethoxy]-N-octylacetamide,0.024 M,HNO3,3 M,"1-octanol 0.5, kerosene 0.5",Tb,III ,3 mM,,,,,CCCCCCCCN(C)C(=O)COCC(=O)N(C)CCCCCCCC,-,"HNO3, N-methyl-2-[2-[methyl(octyl)amino]-2-oxoethoxy]-N-octylacetamide, Tb, 1-octanol 0.5, kerosene 0.5",,"1-octanol 0.5, kerosene 0.5",,"https://doi.org/10.1007/s10967-020-07242-1, https://doi.org/10.1021/jacs.5c19738",Baosen Zhang,2026-02-10 13:33:08,Distribution Ratio,149.9999999807684,-,Temperature,25.0,C,- -,,,Comments,updated ORNL,,,,
16540,N-methyl-2-[2-[methyl(octyl)amino]-2-oxoethoxy]-N-octylacetamide,0.024 M,HNO3,3 M,"1-octanol 0.5, kerosene 0.5",Gd,III ,3 mM,,,,,CCCCCCCCN(C)C(=O)COCC(=O)N(C)CCCCCCCC,-,"HNO3, N-methyl-2-[2-[methyl(octyl)amino]-2-oxoethoxy]-N-octylacetamide, Gd, 1-octanol 0.5, kerosene 0.5",,"1-octanol 0.5, kerosene 0.5",,"https://doi.org/10.1007/s10967-020-07242-1, https://doi.org/10.1021/jacs.5c19738",Baosen Zhang,2026-02-10 13:33:08,Distribution Ratio,69.99999999770209,-,Temperature,25.0,C,- -,,,Comments,updated ORNL,,,,
16541,N-methyl-2-[2-[methyl(octyl)amino]-2-oxoethoxy]-N-octylacetamide,0.024 M,HNO3,3 M,"1-octanol 0.5, kerosene 0.5",Eu,III ,3 mM,,,,,CCCCCCCCN(C)C(=O)COCC(=O)N(C)CCCCCCCC,-,"HNO3, N-methyl-2-[2-[methyl(octyl)amino]-2-oxoethoxy]-N-octylacetamide, Eu, 1-octanol 0.5, kerosene 0.5",,"1-octanol 0.5, kerosene 0.5",,"https://doi.org/10.1007/s10967-020-07242-1, https://doi.org/10.1021/jacs.5c19738",Baosen Zhang,2026-02-10 13:33:08,Distribution Ratio,49.9999999613144,-,Temperature,25.0,C,- -,,,Comments,updated ORNL,,,,
16542,N-methyl-2-[2-[methyl(octyl)amino]-2-oxoethoxy]-N-octylacetamide,0.024 M,HNO3,3 M,"1-octanol 0.5, kerosene 0.5",Sm,III ,3 mM,,,,,CCCCCCCCN(C)C(=O)COCC(=O)N(C)CCCCCCCC,-,"HNO3, N-methyl-2-[2-[methyl(octyl)amino]-2-oxoethoxy]-N-octylacetamide, Sm, 1-octanol 0.5, kerosene 0.5",,"1-octanol 0.5, kerosene 0.5",,"https://doi.org/10.1007/s10967-020-07242-1, https://doi.org/10.1021/jacs.5c19738",Baosen Zhang,2026-02-10 13:33:08,Distribution Ratio,30.00000001936503,-,Temperature,25.0,C,- -,,,Comments,updated ORNL,,,,
16543,N-methyl-2-[2-[methyl(octyl)amino]-2-oxoethoxy]-N-octylacetamide,0.024 M,HNO3,3 M,"1-octanol 0.5, kerosene 0.5",Nd,III ,3 mM,,,,,CCCCCCCCN(C)C(=O)COCC(=O)N(C)CCCCCCCC,-,"HNO3, N-methyl-2-[2-[methyl(octyl)amino]-2-oxoethoxy]-N-octylacetamide, Nd, 1-octanol 0.5, kerosene 0.5",,"1-octanol 0.5, kerosene 0.5",,"https://doi.org/10.1007/s10967-020-07242-1, https://doi.org/10.1021/jacs.5c19738",Baosen Zhang,2026-02-10 13:33:08,Distribution Ratio,4.99999999613144,-,Temperature,25.0,C,- -,,,Comments,updated ORNL,,,,
16544,N-methyl-2-[2-[methyl(octyl)amino]-2-oxoethoxy]-N-octylacetamide,0.024 M,HNO3,3 M,"1-octanol 0.5, kerosene 0.5",Ce,III ,3 mM,,,,,CCCCCCCCN(C)C(=O)COCC(=O)N(C)CCCCCCCC,-,"HNO3, N-methyl-2-[2-[methyl(octyl)amino]-2-oxoethoxy]-N-octylacetamide, Ce, 1-octanol 0.5, kerosene 0.5",,"1-octanol 0.5, kerosene 0.5",,"https://doi.org/10.1007/s10967-020-07242-1, https://doi.org/10.1021/jacs.5c19738",Baosen Zhang,2026-02-10 13:33:08,Distribution Ratio,1.0,-,Temperature,25.0,C,- -,,,Comments,updated ORNL,,,,
16545,N-methyl-2-[2-[methyl(octyl)amino]-2-oxoethoxy]-N-octylacetamide,0.024 M,HNO3,3 M,"1-octanol 0.5, kerosene 0.5",La,III ,3 mM,,,,,CCCCCCCCN(C)C(=O)COCC(=O)N(C)CCCCCCCC,-,"HNO3, N-methyl-2-[2-[methyl(octyl)amino]-2-oxoethoxy]-N-octylacetamide, La, 1-octanol 0.5, kerosene 0.5",,"1-octanol 0.5, kerosene 0.5",,"https://doi.org/10.1007/s10967-020-07242-1, https://doi.org/10.1021/jacs.5c19738",Baosen Zhang,2026-02-10 13:33:08,Distribution Ratio,0.8000000000148405,-,Temperature,25.0,C,- -,,,Comments,updated ORNL,,,,
16546,N-methyl-2-[2-[methyl(octyl)amino]-2-oxoethoxy]-N-octylacetamide,0.024 M,HNO3,4 M,"1-octanol 0.5, kerosene 0.5",Eu,III ,3 mM,,,,,CCCCCCCCN(C)C(=O)COCC(=O)N(C)CCCCCCCC,-,"HNO3, N-methyl-2-[2-[methyl(octyl)amino]-2-oxoethoxy]-N-octylacetamide, Eu, 1-octanol 0.5, kerosene 0.5",,"1-octanol 0.5, kerosene 0.5",,"https://doi.org/10.1007/s10967-020-07242-1, https://doi.org/10.1021/jacs.5c19738",Baosen Zhang,2026-02-10 13:33:08,Distribution Ratio,54.99999993740787,-,Temperature,25.0,C,- -,,,Comments,updated ORNL,,,,
16547,N-methyl-2-[2-[methyl(octyl)amino]-2-oxoethoxy]-N-octylacetamide,0.024 M,HNO3,4 M,"1-octanol 0.5, kerosene 0.5",Gd,III ,3 mM,,,,,CCCCCCCCN(C)C(=O)COCC(=O)N(C)CCCCCCCC,-,"HNO3, N-methyl-2-[2-[methyl(octyl)amino]-2-oxoethoxy]-N-octylacetamide, Gd, 1-octanol 0.5, kerosene 0.5",,"1-octanol 0.5, kerosene 0.5",,"https://doi.org/10.1007/s10967-020-07242-1, https://doi.org/10.1021/jacs.5c19738",Baosen Zhang,2026-02-10 13:33:08,Distribution Ratio,85.00000005591856,-,Temperature,25.0,C,- -,,,Comments,updated ORNL,,,,
16548,N-methyl-2-[2-[methyl(octyl)amino]-2-oxoethoxy]-N-octylacetamide,0.024 M,HNO3,4 M,"1-octanol 0.5, kerosene 0.5",Tb,III ,3 mM,,,,,CCCCCCCCN(C)C(=O)COCC(=O)N(C)CCCCCCCC,-,"HNO3, N-methyl-2-[2-[methyl(octyl)amino]-2-oxoethoxy]-N-octylacetamide, Tb, 1-octanol 0.5, kerosene 0.5",,"1-octanol 0.5, kerosene 0.5",,"https://doi.org/10.1007/s10967-020-07242-1, https://doi.org/10.1021/jacs.5c19738",Baosen Zhang,2026-02-10 13:33:08,Distribution Ratio,129.9999999081527,-,Temperature,25.0,C,- -,,,Comments,updated ORNL,,,,
16549,N-methyl-2-[2-[methyl(octyl)amino]-2-oxoethoxy]-N-octylacetamide,0.024 M,HNO3,4 M,"1-octanol 0.5, kerosene 0.5",Ho,III ,3 mM,,,,,CCCCCCCCN(C)C(=O)COCC(=O)N(C)CCCCCCCC,-,"HNO3, N-methyl-2-[2-[methyl(octyl)amino]-2-oxoethoxy]-N-octylacetamide, Ho, 1-octanol 0.5, kerosene 0.5",,"1-octanol 0.5, kerosene 0.5",,"https://doi.org/10.1007/s10967-020-07242-1, https://doi.org/10.1021/jacs.5c19738",Baosen Zhang,2026-02-10 13:33:08,Distribution Ratio,800.0000000148405,-,Temperature,25.0,C,- -,,,Comments,updated ORNL,,,,
16550,N-methyl-2-[2-[methyl(octyl)amino]-2-oxoethoxy]-N-octylacetamide,0.024 M,HNO3,5 M,"1-octanol 0.5, kerosene 0.5",Lu,III ,3 mM,,,,,CCCCCCCCN(C)C(=O)COCC(=O)N(C)CCCCCCCC,-,"HNO3, N-methyl-2-[2-[methyl(octyl)amino]-2-oxoethoxy]-N-octylacetamide, Lu, 1-octanol 0.5, kerosene 0.5",,"1-octanol 0.5, kerosene 0.5",,"https://doi.org/10.1007/s10967-020-07242-1, https://doi.org/10.1021/jacs.5c19738",Baosen Zhang,2026-02-10 13:33:08,Distribution Ratio,1499.999999807684,-,Temperature,25.0,C,- -,,,Comments,updated ORNL,,,,
16551,N-methyl-2-[2-[methyl(octyl)amino]-2-oxoethoxy]-N-octylacetamide,0.024 M,HNO3,5 M,"1-octanol 0.5, kerosene 0.5",Yb,III ,3 mM,,,,,CCCCCCCCN(C)C(=O)COCC(=O)N(C)CCCCCCCC,-,"HNO3, N-methyl-2-[2-[methyl(octyl)amino]-2-oxoethoxy]-N-octylacetamide, Yb, 1-octanol 0.5, kerosene 0.5",,"1-octanol 0.5, kerosene 0.5",,"https://doi.org/10.1007/s10967-020-07242-1, https://doi.org/10.1021/jacs.5c19738",Baosen Zhang,2026-02-10 13:33:09,Distribution Ratio,1499.999999807684,-,Temperature,25.0,C,- -,,,Comments,updated ORNL,,,,
16552,N-methyl-2-[2-[methyl(octyl)amino]-2-oxoethoxy]-N-octylacetamide,0.024 M,HNO3,5 M,"1-octanol 0.5, kerosene 0.5",Tm,III ,3 mM,,,,,CCCCCCCCN(C)C(=O)COCC(=O)N(C)CCCCCCCC,-,"HNO3, N-methyl-2-[2-[methyl(octyl)amino]-2-oxoethoxy]-N-octylacetamide, Tm, 1-octanol 0.5, kerosene 0.5",,"1-octanol 0.5, kerosene 0.5",,"https://doi.org/10.1007/s10967-020-07242-1, https://doi.org/10.1021/jacs.5c19738",Baosen Zhang,2026-02-10 13:33:09,Distribution Ratio,1199.999999868408,-,Temperature,25.0,C,- -,,,Comments,updated ORNL,,,,
16553,N-methyl-2-[2-[methyl(octyl)amino]-2-oxoethoxy]-N-octylacetamide,0.024 M,HNO3,5 M,"1-octanol 0.5, kerosene 0.5",Er,III ,3 mM,,,,,CCCCCCCCN(C)C(=O)COCC(=O)N(C)CCCCCCCC,-,"HNO3, N-methyl-2-[2-[methyl(octyl)amino]-2-oxoethoxy]-N-octylacetamide, Er, 1-octanol 0.5, kerosene 0.5",,"1-octanol 0.5, kerosene 0.5",,"https://doi.org/10.1007/s10967-020-07242-1, https://doi.org/10.1021/jacs.5c19738",Baosen Zhang,2026-02-10 13:33:09,Distribution Ratio,1499.999999807684,-,Temperature,25.0,C,- -,,,Comments,updated ORNL,,,,
16554,N-methyl-2-[2-[methyl(octyl)amino]-2-oxoethoxy]-N-octylacetamide,0.024 M,HNO3,5 M,"1-octanol 0.5, kerosene 0.5",Ho,III ,3 mM,,,,,CCCCCCCCN(C)C(=O)COCC(=O)N(C)CCCCCCCC,-,"HNO3, N-methyl-2-[2-[methyl(octyl)amino]-2-oxoethoxy]-N-octylacetamide, Ho, 1-octanol 0.5, kerosene 0.5",,"1-octanol 0.5, kerosene 0.5",,"https://doi.org/10.1007/s10967-020-07242-1, https://doi.org/10.1021/jacs.5c19738",Baosen Zhang,2026-02-10 13:33:09,Distribution Ratio,800.0000000148405,-,Temperature,25.0,C,- -,,,Comments,updated ORNL,,,,
16555,N-methyl-2-[2-[methyl(octyl)amino]-2-oxoethoxy]-N-octylacetamide,0.024 M,HNO3,5 M,"1-octanol 0.5, kerosene 0.5",Dy,III ,3 mM,,,,,CCCCCCCCN(C)C(=O)COCC(=O)N(C)CCCCCCCC,-,"HNO3, N-methyl-2-[2-[methyl(octyl)amino]-2-oxoethoxy]-N-octylacetamide, Dy, 1-octanol 0.5, kerosene 0.5",,"1-octanol 0.5, kerosene 0.5",,"https://doi.org/10.1007/s10967-020-07242-1, https://doi.org/10.1021/jacs.5c19738",Baosen Zhang,2026-02-10 13:33:09,Distribution Ratio,499.999999613144,-,Temperature,25.0,C,- -,,,Comments,updated ORNL,,,,
16556,N-methyl-2-[2-[methyl(octyl)amino]-2-oxoethoxy]-N-octylacetamide,0.024 M,HNO3,5 M,"1-octanol 0.5, kerosene 0.5",Tb,III ,3 mM,,,,,CCCCCCCCN(C)C(=O)COCC(=O)N(C)CCCCCCCC,-,"HNO3, N-methyl-2-[2-[methyl(octyl)amino]-2-oxoethoxy]-N-octylacetamide, Tb, 1-octanol 0.5, kerosene 0.5",,"1-octanol 0.5, kerosene 0.5",,"https://doi.org/10.1007/s10967-020-07242-1, https://doi.org/10.1021/jacs.5c19738",Baosen Zhang,2026-02-10 13:33:09,Distribution Ratio,129.9999999081527,-,Temperature,25.0,C,- -,,,Comments,updated ORNL,,,,
16557,N-methyl-2-[2-[methyl(octyl)amino]-2-oxoethoxy]-N-octylacetamide,0.024 M,HNO3,2 M,"1-octanol 0.5, kerosene 0.5",Lu,III ,3 mM,,,,,CCCCCCCCN(C)C(=O)COCC(=O)N(C)CCCCCCCC,-,"HNO3, N-methyl-2-[2-[methyl(octyl)amino]-2-oxoethoxy]-N-octylacetamide, Lu, 1-octanol 0.5, kerosene 0.5",,"1-octanol 0.5, kerosene 0.5",,"https://doi.org/10.1007/s10967-020-07242-1, https://doi.org/10.1021/jacs.5c19738",Baosen Zhang,2026-02-10 13:33:09,Distribution Ratio,899.9999990895758,-,Temperature,25.0,C,- -,,,Comments,updated ORNL,,,,
16558,N-methyl-2-[2-[methyl(octyl)amino]-2-oxoethoxy]-N-octylacetamide,0.024 M,HNO3,5 M,"1-octanol 0.5, kerosene 0.5",Eu,III ,3 mM,,,,,CCCCCCCCN(C)C(=O)COCC(=O)N(C)CCCCCCCC,-,"HNO3, N-methyl-2-[2-[methyl(octyl)amino]-2-oxoethoxy]-N-octylacetamide, Eu, 1-octanol 0.5, kerosene 0.5",,"1-octanol 0.5, kerosene 0.5",,"https://doi.org/10.1007/s10967-020-07242-1, https://doi.org/10.1021/jacs.5c19738",Baosen Zhang,2026-02-10 13:33:09,Distribution Ratio,54.99999993740787,-,Temperature,25.0,C,- -,,,Comments,updated ORNL,,,,
16559,N-methyl-2-[2-[methyl(octyl)amino]-2-oxoethoxy]-N-octylacetamide,0.024 M,HNO3,5 M,"1-octanol 0.5, kerosene 0.5",Nd,III ,3 mM,,,,,CCCCCCCCN(C)C(=O)COCC(=O)N(C)CCCCCCCC,-,"HNO3, N-methyl-2-[2-[methyl(octyl)amino]-2-oxoethoxy]-N-octylacetamide, Nd, 1-octanol 0.5, kerosene 0.5",,"1-octanol 0.5, kerosene 0.5",,"https://doi.org/10.1007/s10967-020-07242-1, https://doi.org/10.1021/jacs.5c19738",Baosen Zhang,2026-02-10 13:33:09,Distribution Ratio,4.500000002327806,-,Temperature,25.0,C,- -,,,Comments,updated ORNL,,,,
16560,N-methyl-2-[2-[methyl(octyl)amino]-2-oxoethoxy]-N-octylacetamide,0.024 M,HNO3,5 M,"1-octanol 0.5, kerosene 0.5",Pr,III ,3 mM,,,,,CCCCCCCCN(C)C(=O)COCC(=O)N(C)CCCCCCCC,-,"HNO3, N-methyl-2-[2-[methyl(octyl)amino]-2-oxoethoxy]-N-octylacetamide, Pr, 1-octanol 0.5, kerosene 0.5",,"1-octanol 0.5, kerosene 0.5",,"https://doi.org/10.1007/s10967-020-07242-1, https://doi.org/10.1021/jacs.5c19738",Baosen Zhang,2026-02-10 13:33:09,Distribution Ratio,3.000000001936503,-,Temperature,25.0,C,- -,,,Comments,updated ORNL,,,,
16561,N-methyl-2-[2-[methyl(octyl)amino]-2-oxoethoxy]-N-octylacetamide,0.024 M,HNO3,5 M,"1-octanol 0.5, kerosene 0.5",Ce,III ,3 mM,,,,,CCCCCCCCN(C)C(=O)COCC(=O)N(C)CCCCCCCC,-,"HNO3, N-methyl-2-[2-[methyl(octyl)amino]-2-oxoethoxy]-N-octylacetamide, Ce, 1-octanol 0.5, kerosene 0.5",,"1-octanol 0.5, kerosene 0.5",,"https://doi.org/10.1007/s10967-020-07242-1, https://doi.org/10.1021/jacs.5c19738",Baosen Zhang,2026-02-10 13:33:09,Distribution Ratio,1.0,-,Temperature,25.0,C,- -,,,Comments,updated ORNL,,,,
16562,N-methyl-2-[2-[methyl(octyl)amino]-2-oxoethoxy]-N-octylacetamide,0.024 M,HNO3,5 M,"1-octanol 0.5, kerosene 0.5",La,III ,3 mM,,,,,CCCCCCCCN(C)C(=O)COCC(=O)N(C)CCCCCCCC,-,"HNO3, N-methyl-2-[2-[methyl(octyl)amino]-2-oxoethoxy]-N-octylacetamide, La, 1-octanol 0.5, kerosene 0.5",,"1-octanol 0.5, kerosene 0.5",,"https://doi.org/10.1007/s10967-020-07242-1, https://doi.org/10.1021/jacs.5c19738",Baosen Zhang,2026-02-10 13:33:09,Distribution Ratio,0.8000000000148405,-,Temperature,25.0,C,- -,,,Comments,updated ORNL,,,,
16563,N-methyl-2-[2-[methyl(octyl)amino]-2-oxoethoxy]-N-octylacetamide,0.024 M,HNO3,4 M,"1-octanol 0.5, kerosene 0.5",Lu,III ,3 mM,,,,,CCCCCCCCN(C)C(=O)COCC(=O)N(C)CCCCCCCC,-,"HNO3, N-methyl-2-[2-[methyl(octyl)amino]-2-oxoethoxy]-N-octylacetamide, Lu, 1-octanol 0.5, kerosene 0.5",,"1-octanol 0.5, kerosene 0.5",,"https://doi.org/10.1007/s10967-020-07242-1, https://doi.org/10.1021/jacs.5c19738",Baosen Zhang,2026-02-10 13:33:09,Distribution Ratio,1499.999999807684,-,Temperature,25.0,C,- -,,,Comments,updated ORNL,,,,
16564,N-methyl-2-[2-[methyl(octyl)amino]-2-oxoethoxy]-N-octylacetamide,0.024 M,HNO3,4 M,"1-octanol 0.5, kerosene 0.5",Tm,III ,3 mM,,,,,CCCCCCCCN(C)C(=O)COCC(=O)N(C)CCCCCCCC,-,"HNO3, N-methyl-2-[2-[methyl(octyl)amino]-2-oxoethoxy]-N-octylacetamide, Tm, 1-octanol 0.5, kerosene 0.5",,"1-octanol 0.5, kerosene 0.5",,"https://doi.org/10.1007/s10967-020-07242-1, https://doi.org/10.1021/jacs.5c19738",Baosen Zhang,2026-02-10 13:33:09,Distribution Ratio,1199.999999868408,-,Temperature,25.0,C,- -,,,Comments,updated ORNL,,,,
16565,N-methyl-2-[2-[methyl(octyl)amino]-2-oxoethoxy]-N-octylacetamide,0.024 M,HNO3,4 M,"1-octanol 0.5, kerosene 0.5",Er,III ,3 mM,,,,,CCCCCCCCN(C)C(=O)COCC(=O)N(C)CCCCCCCC,-,"HNO3, N-methyl-2-[2-[methyl(octyl)amino]-2-oxoethoxy]-N-octylacetamide, Er, 1-octanol 0.5, kerosene 0.5",,"1-octanol 0.5, kerosene 0.5",,"https://doi.org/10.1007/s10967-020-07242-1, https://doi.org/10.1021/jacs.5c19738",Baosen Zhang,2026-02-10 13:33:09,Distribution Ratio,1499.999999807684,-,Temperature,25.0,C,- -,,,Comments,updated ORNL,,,,
16566,N-methyl-2-[2-[methyl(octyl)amino]-2-oxoethoxy]-N-octylacetamide,0.024 M,HNO3,5 M,"1-octanol 0.5, kerosene 0.5",Sm,III ,3 mM,,,,,CCCCCCCCN(C)C(=O)COCC(=O)N(C)CCCCCCCC,-,"HNO3, N-methyl-2-[2-[methyl(octyl)amino]-2-oxoethoxy]-N-octylacetamide, Sm, 1-octanol 0.5, kerosene 0.5",,"1-octanol 0.5, kerosene 0.5",,"https://doi.org/10.1007/s10967-020-07242-1, https://doi.org/10.1021/jacs.5c19738",Baosen Zhang,2026-02-10 13:33:10,Distribution Ratio,25.00000001887904,-,Temperature,25.0,C,- -,,,Comments,updated ORNL,,,,
16567,N-methyl-2-[2-[methyl(octyl)amino]-2-oxoethoxy]-N-octylacetamide,0.024 M,HNO3,2 M,"1-octanol 0.5, kerosene 0.5",Yb,III ,3 mM,,,,,CCCCCCCCN(C)C(=O)COCC(=O)N(C)CCCCCCCC,-,"HNO3, N-methyl-2-[2-[methyl(octyl)amino]-2-oxoethoxy]-N-octylacetamide, Yb, 1-octanol 0.5, kerosene 0.5",,"1-octanol 0.5, kerosene 0.5",,"https://doi.org/10.1007/s10967-020-07242-1, https://doi.org/10.1021/jacs.5c19738",Baosen Zhang,2026-02-10 13:33:10,Distribution Ratio,699.9999999770205,-,Temperature,25.0,C,- -,,,Comments,updated ORNL,,,,
16568,N-methyl-2-[2-[methyl(octyl)amino]-2-oxoethoxy]-N-octylacetamide,0.024 M,HNO3,3 M,"1-octanol 0.5, kerosene 0.5",Pr,III ,3 mM,,,,,CCCCCCCCN(C)C(=O)COCC(=O)N(C)CCCCCCCC,-,"HNO3, N-methyl-2-[2-[methyl(octyl)amino]-2-oxoethoxy]-N-octylacetamide, Pr, 1-octanol 0.5, kerosene 0.5",,"1-octanol 0.5, kerosene 0.5",,"https://doi.org/10.1007/s10967-020-07242-1, https://doi.org/10.1021/jacs.5c19738",Baosen Zhang,2026-02-10 13:33:10,Distribution Ratio,3.000000001936503,-,Temperature,25.0,C,- -,,,Comments,updated ORNL,,,,
16569,N-methyl-2-[2-[methyl(octyl)amino]-2-oxoethoxy]-N-octylacetamide,0.024 M,HNO3,2 M,"1-octanol 0.5, kerosene 0.5",Ho,III ,3 mM,,,,,CCCCCCCCN(C)C(=O)COCC(=O)N(C)CCCCCCCC,-,"HNO3, N-methyl-2-[2-[methyl(octyl)amino]-2-oxoethoxy]-N-octylacetamide, Ho, 1-octanol 0.5, kerosene 0.5",,"1-octanol 0.5, kerosene 0.5",,"https://doi.org/10.1007/s10967-020-07242-1, https://doi.org/10.1021/jacs.5c19738",Baosen Zhang,2026-02-10 13:33:10,Distribution Ratio,499.999999613144,-,Temperature,25.0,C,- -,,,Comments,updated ORNL,,,,
16570,N-methyl-2-[2-[methyl(octyl)amino]-2-oxoethoxy]-N-octylacetamide,0.024 M,HNO3,2 M,"1-octanol 0.5, kerosene 0.5",Er,III ,3 mM,,,,,CCCCCCCCN(C)C(=O)COCC(=O)N(C)CCCCCCCC,-,"HNO3, N-methyl-2-[2-[methyl(octyl)amino]-2-oxoethoxy]-N-octylacetamide, Er, 1-octanol 0.5, kerosene 0.5",,"1-octanol 0.5, kerosene 0.5",,"https://doi.org/10.1007/s10967-020-07242-1, https://doi.org/10.1021/jacs.5c19738",Baosen Zhang,2026-02-10 13:33:10,Distribution Ratio,599.9999994699768,-,Temperature,25.0,C,- -,,,Comments,updated ORNL,,,,
16571,N-methyl-2-[2-[methyl(octyl)amino]-2-oxoethoxy]-N-octylacetamide,0.024 M,HNO3,1 M,"1-octanol 0.5, kerosene 0.5",Pr,III ,3 mM,,,,,CCCCCCCCN(C)C(=O)COCC(=O)N(C)CCCCCCCC,-,"HNO3, N-methyl-2-[2-[methyl(octyl)amino]-2-oxoethoxy]-N-octylacetamide, Pr, 1-octanol 0.5, kerosene 0.5",,"1-octanol 0.5, kerosene 0.5",,"https://doi.org/10.1007/s10967-020-07242-1, https://doi.org/10.1021/jacs.5c19738",Baosen Zhang,2026-02-10 13:33:10,Distribution Ratio,0.650000000534531,-,Temperature,25.0,C,- -,,,Comments,updated ORNL,,,,
16572,N-methyl-2-[2-[methyl(octyl)amino]-2-oxoethoxy]-N-octylacetamide,0.024 M,HNO3,1 M,"1-octanol 0.5, kerosene 0.5",Nd,III ,3 mM,,,,,CCCCCCCCN(C)C(=O)COCC(=O)N(C)CCCCCCCC,-,"HNO3, N-methyl-2-[2-[methyl(octyl)amino]-2-oxoethoxy]-N-octylacetamide, Nd, 1-octanol 0.5, kerosene 0.5",,"1-octanol 0.5, kerosene 0.5",,"https://doi.org/10.1007/s10967-020-07242-1, https://doi.org/10.1021/jacs.5c19738",Baosen Zhang,2026-02-10 13:33:10,Distribution Ratio,0.8000000000148405,-,Temperature,25.0,C,- -,,,Comments,updated ORNL,,,,
16573,N-methyl-2-[2-[methyl(octyl)amino]-2-oxoethoxy]-N-octylacetamide,0.024 M,HNO3,1 M,"1-octanol 0.5, kerosene 0.5",Sm,III ,3 mM,,,,,CCCCCCCCN(C)C(=O)COCC(=O)N(C)CCCCCCCC,-,"HNO3, N-methyl-2-[2-[methyl(octyl)amino]-2-oxoethoxy]-N-octylacetamide, Sm, 1-octanol 0.5, kerosene 0.5",,"1-octanol 0.5, kerosene 0.5",,"https://doi.org/10.1007/s10967-020-07242-1, https://doi.org/10.1021/jacs.5c19738",Baosen Zhang,2026-02-10 13:33:10,Distribution Ratio,3.499999997177112,-,Temperature,25.0,C,- -,,,Comments,updated ORNL,,,,
16574,N-methyl-2-[2-[methyl(octyl)amino]-2-oxoethoxy]-N-octylacetamide,0.024 M,HNO3,1 M,"1-octanol 0.5, kerosene 0.5",Eu,III ,3 mM,,,,,CCCCCCCCN(C)C(=O)COCC(=O)N(C)CCCCCCCC,-,"HNO3, N-methyl-2-[2-[methyl(octyl)amino]-2-oxoethoxy]-N-octylacetamide, Eu, 1-octanol 0.5, kerosene 0.5",,"1-octanol 0.5, kerosene 0.5",,"https://doi.org/10.1007/s10967-020-07242-1, https://doi.org/10.1021/jacs.5c19738",Baosen Zhang,2026-02-10 13:33:10,Distribution Ratio,6.999999999770207,-,Temperature,25.0,C,- -,,,Comments,updated ORNL,,,,
16575,N-methyl-2-[2-[methyl(octyl)amino]-2-oxoethoxy]-N-octylacetamide,0.024 M,HNO3,1 M,"1-octanol 0.5, kerosene 0.5",Tb,III ,3 mM,,,,,CCCCCCCCN(C)C(=O)COCC(=O)N(C)CCCCCCCC,-,"HNO3, N-methyl-2-[2-[methyl(octyl)amino]-2-oxoethoxy]-N-octylacetamide, Tb, 1-octanol 0.5, kerosene 0.5",,"1-octanol 0.5, kerosene 0.5",,"https://doi.org/10.1007/s10967-020-07242-1, https://doi.org/10.1021/jacs.5c19738",Baosen Zhang,2026-02-10 13:33:10,Distribution Ratio,20.00000001547424,-,Temperature,25.0,C,- -,,,Comments,updated ORNL,,,,
16576,N-methyl-2-[2-[methyl(octyl)amino]-2-oxoethoxy]-N-octylacetamide,0.024 M,HNO3,1 M,"1-octanol 0.5, kerosene 0.5",Dy,III ,3 mM,,,,,CCCCCCCCN(C)C(=O)COCC(=O)N(C)CCCCCCCC,-,"HNO3, N-methyl-2-[2-[methyl(octyl)amino]-2-oxoethoxy]-N-octylacetamide, Dy, 1-octanol 0.5, kerosene 0.5",,"1-octanol 0.5, kerosene 0.5",,"https://doi.org/10.1007/s10967-020-07242-1, https://doi.org/10.1021/jacs.5c19738",Baosen Zhang,2026-02-10 13:33:10,Distribution Ratio,20.00000001547424,-,Temperature,25.0,C,- -,,,Comments,updated ORNL,,,,
16577,N-methyl-2-[2-[methyl(octyl)amino]-2-oxoethoxy]-N-octylacetamide,0.024 M,HNO3,1 M,"1-octanol 0.5, kerosene 0.5",Ho,III ,3 mM,,,,,CCCCCCCCN(C)C(=O)COCC(=O)N(C)CCCCCCCC,-,"HNO3, N-methyl-2-[2-[methyl(octyl)amino]-2-oxoethoxy]-N-octylacetamide, Ho, 1-octanol 0.5, kerosene 0.5",,"1-octanol 0.5, kerosene 0.5",,"https://doi.org/10.1007/s10967-020-07242-1, https://doi.org/10.1021/jacs.5c19738",Baosen Zhang,2026-02-10 13:33:10,Distribution Ratio,94.99999993681583,-,Temperature,25.0,C,- -,,,Comments,updated ORNL,,,,
16578,N-methyl-2-[2-[methyl(octyl)amino]-2-oxoethoxy]-N-octylacetamide,0.024 M,HNO3,1 M,"1-octanol 0.5, kerosene 0.5",Er,III ,3 mM,,,,,CCCCCCCCN(C)C(=O)COCC(=O)N(C)CCCCCCCC,-,"HNO3, N-methyl-2-[2-[methyl(octyl)amino]-2-oxoethoxy]-N-octylacetamide, Er, 1-octanol 0.5, kerosene 0.5",,"1-octanol 0.5, kerosene 0.5",,"https://doi.org/10.1007/s10967-020-07242-1, https://doi.org/10.1021/jacs.5c19738",Baosen Zhang,2026-02-10 13:33:10,Distribution Ratio,69.99999999770209,-,Temperature,25.0,C,- -,,,Comments,updated ORNL,,,,
16579,N-methyl-2-[2-[methyl(octyl)amino]-2-oxoethoxy]-N-octylacetamide,0.024 M,HNO3,1 M,"1-octanol 0.5, kerosene 0.5",Ce,III ,3 mM,,,,,CCCCCCCCN(C)C(=O)COCC(=O)N(C)CCCCCCCC,-,"HNO3, N-methyl-2-[2-[methyl(octyl)amino]-2-oxoethoxy]-N-octylacetamide, Ce, 1-octanol 0.5, kerosene 0.5",,"1-octanol 0.5, kerosene 0.5",,"https://doi.org/10.1007/s10967-020-07242-1, https://doi.org/10.1021/jacs.5c19738",Baosen Zhang,2026-02-10 13:33:10,Distribution Ratio,0.499999999613144,-,Temperature,25.0,C,- -,,,Comments,updated ORNL,,,,
16580,N-methyl-2-[2-[methyl(octyl)amino]-2-oxoethoxy]-N-octylacetamide,0.024 M,HNO3,1 M,"1-octanol 0.5, kerosene 0.5",Yb,III ,3 mM,,,,,CCCCCCCCN(C)C(=O)COCC(=O)N(C)CCCCCCCC,-,"HNO3, N-methyl-2-[2-[methyl(octyl)amino]-2-oxoethoxy]-N-octylacetamide, Yb, 1-octanol 0.5, kerosene 0.5",,"1-octanol 0.5, kerosene 0.5",,"https://doi.org/10.1007/s10967-020-07242-1, https://doi.org/10.1021/jacs.5c19738",Baosen Zhang,2026-02-10 13:33:10,Distribution Ratio,80.00000000148404,-,Temperature,25.0,C,- -,,,Comments,updated ORNL,,,,
16581,N-methyl-2-[2-[methyl(octyl)amino]-2-oxoethoxy]-N-octylacetamide,0.024 M,HNO3,1 M,"1-octanol 0.5, kerosene 0.5",Lu,III ,3 mM,,,,,CCCCCCCCN(C)C(=O)COCC(=O)N(C)CCCCCCCC,-,"HNO3, N-methyl-2-[2-[methyl(octyl)amino]-2-oxoethoxy]-N-octylacetamide, Lu, 1-octanol 0.5, kerosene 0.5",,"1-octanol 0.5, kerosene 0.5",,"https://doi.org/10.1007/s10967-020-07242-1, https://doi.org/10.1021/jacs.5c19738",Baosen Zhang,2026-02-10 13:33:11,Distribution Ratio,89.99999990895753,-,Temperature,25.0,C,- -,,,Comments,updated ORNL,,,,
16582,N-methyl-2-[2-[methyl(octyl)amino]-2-oxoethoxy]-N-octylacetamide,0.024 M,HNO3,2 M,"1-octanol 0.5, kerosene 0.5",La,III ,3 mM,,,,,CCCCCCCCN(C)C(=O)COCC(=O)N(C)CCCCCCCC,-,"HNO3, N-methyl-2-[2-[methyl(octyl)amino]-2-oxoethoxy]-N-octylacetamide, La, 1-octanol 0.5, kerosene 0.5",,"1-octanol 0.5, kerosene 0.5",,"https://doi.org/10.1007/s10967-020-07242-1, https://doi.org/10.1021/jacs.5c19738",Baosen Zhang,2026-02-10 13:33:11,Distribution Ratio,0.5999999994699767,-,Temperature,25.0,C,- -,,,Comments,updated ORNL,,,,
16583,N-methyl-2-[2-[methyl(octyl)amino]-2-oxoethoxy]-N-octylacetamide,0.024 M,HNO3,2 M,"1-octanol 0.5, kerosene 0.5",Pr,III ,3 mM,,,,,CCCCCCCCN(C)C(=O)COCC(=O)N(C)CCCCCCCC,-,"HNO3, N-methyl-2-[2-[methyl(octyl)amino]-2-oxoethoxy]-N-octylacetamide, Pr, 1-octanol 0.5, kerosene 0.5",,"1-octanol 0.5, kerosene 0.5",,"https://doi.org/10.1007/s10967-020-07242-1, https://doi.org/10.1021/jacs.5c19738",Baosen Zhang,2026-02-10 13:33:11,Distribution Ratio,1.499999999807684,-,Temperature,25.0,C,- -,,,Comments,updated ORNL,,,,
16584,N-methyl-2-[2-[methyl(octyl)amino]-2-oxoethoxy]-N-octylacetamide,0.024 M,HNO3,2 M,"1-octanol 0.5, kerosene 0.5",Eu,III ,3 mM,,,,,CCCCCCCCN(C)C(=O)COCC(=O)N(C)CCCCCCCC,-,"HNO3, N-methyl-2-[2-[methyl(octyl)amino]-2-oxoethoxy]-N-octylacetamide, Eu, 1-octanol 0.5, kerosene 0.5",,"1-octanol 0.5, kerosene 0.5",,"https://doi.org/10.1007/s10967-020-07242-1, https://doi.org/10.1021/jacs.5c19738",Baosen Zhang,2026-02-10 13:33:11,Distribution Ratio,34.99999997177112,-,Temperature,25.0,C,- -,,,Comments,updated ORNL,,,,
16585,N-methyl-2-[2-[methyl(octyl)amino]-2-oxoethoxy]-N-octylacetamide,0.024 M,HNO3,2 M,"1-octanol 0.5, kerosene 0.5",Gd,III ,3 mM,,,,,CCCCCCCCN(C)C(=O)COCC(=O)N(C)CCCCCCCC,-,"HNO3, N-methyl-2-[2-[methyl(octyl)amino]-2-oxoethoxy]-N-octylacetamide, Gd, 1-octanol 0.5, kerosene 0.5",,"1-octanol 0.5, kerosene 0.5",,"https://doi.org/10.1007/s10967-020-07242-1, https://doi.org/10.1021/jacs.5c19738",Baosen Zhang,2026-02-10 13:33:11,Distribution Ratio,54.99999993740787,-,Temperature,25.0,C,- -,,,Comments,updated ORNL,,,,
16586,N-methyl-2-[2-[methyl(octyl)amino]-2-oxoethoxy]-N-octylacetamide,0.024 M,HNO3,2 M,"1-octanol 0.5, kerosene 0.5",Tb,III ,3 mM,,,,,CCCCCCCCN(C)C(=O)COCC(=O)N(C)CCCCCCCC,-,"HNO3, N-methyl-2-[2-[methyl(octyl)amino]-2-oxoethoxy]-N-octylacetamide, Tb, 1-octanol 0.5, kerosene 0.5",,"1-octanol 0.5, kerosene 0.5",,"https://doi.org/10.1007/s10967-020-07242-1, https://doi.org/10.1021/jacs.5c19738",Baosen Zhang,2026-02-10 13:33:11,Distribution Ratio,100.0,-,Temperature,25.0,C,- -,,,Comments,updated ORNL,,,,
16587,N-methyl-2-[2-[methyl(octyl)amino]-2-oxoethoxy]-N-octylacetamide,0.024 M,HNO3,1 M,"1-octanol 0.5, kerosene 0.5",Tm,III ,3 mM,,,,,CCCCCCCCN(C)C(=O)COCC(=O)N(C)CCCCCCCC,-,"HNO3, N-methyl-2-[2-[methyl(octyl)amino]-2-oxoethoxy]-N-octylacetamide, Tm, 1-octanol 0.5, kerosene 0.5",,"1-octanol 0.5, kerosene 0.5",,"https://doi.org/10.1007/s10967-020-07242-1, https://doi.org/10.1021/jacs.5c19738",Baosen Zhang,2026-02-10 13:33:11,Distribution Ratio,85.00000005591856,-,Temperature,25.0,C,- -,,,Comments,updated ORNL,,,,
16588,N-methyl-2-[2-[methyl(octyl)amino]-2-oxoethoxy]-N-octylacetamide,0.024 M,HNO3,2 M,"1-octanol 0.5, kerosene 0.5",Dy,III ,3 mM,,,,,CCCCCCCCN(C)C(=O)COCC(=O)N(C)CCCCCCCC,-,"HNO3, N-methyl-2-[2-[methyl(octyl)amino]-2-oxoethoxy]-N-octylacetamide, Dy, 1-octanol 0.5, kerosene 0.5",,"1-octanol 0.5, kerosene 0.5",,"https://doi.org/10.1007/s10967-020-07242-1, https://doi.org/10.1021/jacs.5c19738",Baosen Zhang,2026-02-10 13:33:11,Distribution Ratio,149.9999999807684,-,Temperature,25.0,C,- -,,,Comments,updated ORNL,,,,
16664,[9-(pyrrolidine-1-carbonyl)-1-10-phenanthrolin-2-yl]-pyrrolidin-1-ylmethanone,0.01 M,HNO3,2 M,meta-nitrobenzotrifluoride,Eu,III , ,,,,,O=C(c1ccc2ccc3ccc(C(=O)N4CCCC4)nc3c2n1)N1CCCC1,-,"HNO3, [9-(pyrrolidine-1-carbonyl)-1-10-phenanthrolin-2-yl]-pyrrolidin-1-ylmethanone, Eu, meta-nitrobenzotrifluoride",,meta-nitrobenzotrifluoride,,"https://doi.org/10.1021/acs.inorgchem.1c00715, https://doi.org/10.1021/jacs.5c19738",Baosen Zhang,2026-02-10 13:33:16,Distribution Ratio,0.03000000001936503,-,Temperature,25.0,C,- -,,,Comments,updated ORNL,,,,
16665,[6-(pyrrolidine-1-carbonyl)-2-pyridinyl]-pyrrolidin-1-ylmethanone,0.01 M,HNO3,2 M,meta-nitrobenzotrifluoride,Eu,III , ,,,,,O=C(c1cccc(C(=O)N2CCCC2)n1)N1CCCC1,-,"HNO3, [6-(pyrrolidine-1-carbonyl)-2-pyridinyl]-pyrrolidin-1-ylmethanone, Eu, meta-nitrobenzotrifluoride",,meta-nitrobenzotrifluoride,,"https://doi.org/10.1021/acs.inorgchem.1c00715, https://doi.org/10.1021/jacs.5c19738",Baosen Zhang,2026-02-10 13:33:16,Distribution Ratio,0.008999999990895758,-,Temperature,25.0,C,- -,,,Comments,updated ORNL,,,,
16666,2-9-bis(diphenylphosphoryl)-1-10-phenanthroline,0.005 M,HNO3,0.1 M,nitrobenzene,Eu,III , ,,,,,O=P(c1ccccc1)(c1ccccc1)c1ccc2ccc3ccc(P(=O)(c4ccccc4)c4ccccc4)nc3c2n1,-,"HNO3, 2-9-bis(diphenylphosphoryl)-1-10-phenanthroline, Eu, nitrobenzene",,nitrobenzene,,"https://doi.org/10.1021/acs.inorgchem.0c03727, https://doi.org/10.1021/jacs.5c19738",Baosen Zhang,2026-02-10 13:33:16,Distribution Ratio,49.9999999613144,-,Temperature,25.0,C,- -,,,Comments,updated ORNL,,,,
16667,2-9-bis(diphenylphosphoryl)-1-10-phenanthroline,0.005 M,HNO3,4 M,nitrobenzene,Eu,III , ,,,,,O=P(c1ccccc1)(c1ccccc1)c1ccc2ccc3ccc(P(=O)(c4ccccc4)c4ccccc4)nc3c2n1,-,"HNO3, 2-9-bis(diphenylphosphoryl)-1-10-phenanthroline, Eu, nitrobenzene",,nitrobenzene,,"https://doi.org/10.1021/acs.inorgchem.0c03727, https://doi.org/10.1021/jacs.5c19738",Baosen Zhang,2026-02-10 13:33:16,Distribution Ratio,200.0000001547424,-,Temperature,25.0,C,- -,,,Comments,updated ORNL,,,,
16668,2-9-bis(diphenylphosphoryl)-1-10-phenanthroline,0.005 M,HNO3,1 M,nitrobenzene,Eu,III , ,,,,,O=P(c1ccccc1)(c1ccccc1)c1ccc2ccc3ccc(P(=O)(c4ccccc4)c4ccccc4)nc3c2n1,-,"HNO3, 2-9-bis(diphenylphosphoryl)-1-10-phenanthroline, Eu, nitrobenzene",,nitrobenzene,,"https://doi.org/10.1021/acs.inorgchem.0c03727, https://doi.org/10.1021/jacs.5c19738",Baosen Zhang,2026-02-10 13:33:16,Distribution Ratio,399.9999996979354,-,Temperature,25.0,C,- -,,,Comments,updated ORNL,,,,
16669,[4-7-dichloro-9-(pyrrolidine-1-carbonyl)-1-10-phenanthrolin-2-yl]-pyrrolidin-1-ylmethanone,0.01 M,HNO3,3 M,meta-nitrobenzotrifluoride,Nd,III ,0.1 mM,,,,,O=C(c1cc(Cl)c2ccc3c(Cl)cc(C(=O)N4CCCC4)nc3c2n1)N1CCCC1,-,"HNO3, [4-7-dichloro-9-(pyrrolidine-1-carbonyl)-1-10-phenanthrolin-2-yl]-pyrrolidin-1-ylmethanone, Nd, meta-nitrobenzotrifluoride",,meta-nitrobenzotrifluoride,,"https://doi.org/10.1039/D0RA05182A, https://doi.org/10.1021/jacs.5c19738",Baosen Zhang,2026-02-10 13:33:17,Distribution Ratio,0.1099999999599241,-,Temperature,25.0,C,- -,,,Comments,updated ORNL,,,,
16670,[4-7-dichloro-9-(pyrrolidine-1-carbonyl)-1-10-phenanthrolin-2-yl]-pyrrolidin-1-ylmethanone,0.01 M,HNO3,3 M,meta-nitrobenzotrifluoride,La,III ,0.1 mM,,,,,O=C(c1cc(Cl)c2ccc3c(Cl)cc(C(=O)N4CCCC4)nc3c2n1)N1CCCC1,-,"HNO3, [4-7-dichloro-9-(pyrrolidine-1-carbonyl)-1-10-phenanthrolin-2-yl]-pyrrolidin-1-ylmethanone, La, meta-nitrobenzotrifluoride",,meta-nitrobenzotrifluoride,,"https://doi.org/10.1039/D0RA05182A, https://doi.org/10.1021/jacs.5c19738",Baosen Zhang,2026-02-10 13:33:17,Distribution Ratio,0.1199999999868408,-,Temperature,25.0,C,- -,,,Comments,updated ORNL,,,,
16671,[4-7-dichloro-9-(pyrrolidine-1-carbonyl)-1-10-phenanthrolin-2-yl]-pyrrolidin-1-ylmethanone,0.01 M,HNO3,3 M,meta-nitrobenzotrifluoride,Ce,III ,0.1 mM,,,,,O=C(c1cc(Cl)c2ccc3c(Cl)cc(C(=O)N4CCCC4)nc3c2n1)N1CCCC1,-,"HNO3, [4-7-dichloro-9-(pyrrolidine-1-carbonyl)-1-10-phenanthrolin-2-yl]-pyrrolidin-1-ylmethanone, Ce, meta-nitrobenzotrifluoride",,meta-nitrobenzotrifluoride,,"https://doi.org/10.1039/D0RA05182A, https://doi.org/10.1021/jacs.5c19738",Baosen Zhang,2026-02-10 13:33:17,Distribution Ratio,0.1199999999868408,-,Temperature,25.0,C,- -,,,Comments,updated ORNL,,,,
16672,[4-7-dichloro-9-(pyrrolidine-1-carbonyl)-1-10-phenanthrolin-2-yl]-pyrrolidin-1-ylmethanone,0.01 M,HNO3,3 M,meta-nitrobenzotrifluoride,Pr,III ,0.1 mM,,,,,O=C(c1cc(Cl)c2ccc3c(Cl)cc(C(=O)N4CCCC4)nc3c2n1)N1CCCC1,-,"HNO3, [4-7-dichloro-9-(pyrrolidine-1-carbonyl)-1-10-phenanthrolin-2-yl]-pyrrolidin-1-ylmethanone, Pr, meta-nitrobenzotrifluoride",,meta-nitrobenzotrifluoride,,"https://doi.org/10.1039/D0RA05182A, https://doi.org/10.1021/jacs.5c19738",Baosen Zhang,2026-02-10 13:33:17,Distribution Ratio,0.1099999999599241,-,Temperature,25.0,C,- -,,,Comments,updated ORNL,,,,
16673,[4-7-dichloro-9-(pyrrolidine-1-carbonyl)-1-10-phenanthrolin-2-yl]-pyrrolidin-1-ylmethanone,0.01 M,HNO3,3 M,meta-nitrobenzotrifluoride,Sm,III ,0.1 mM,,,,,O=C(c1cc(Cl)c2ccc3c(Cl)cc(C(=O)N4CCCC4)nc3c2n1)N1CCCC1,-,"HNO3, [4-7-dichloro-9-(pyrrolidine-1-carbonyl)-1-10-phenanthrolin-2-yl]-pyrrolidin-1-ylmethanone, Sm, meta-nitrobenzotrifluoride",,meta-nitrobenzotrifluoride,,"https://doi.org/10.1039/D0RA05182A, https://doi.org/10.1021/jacs.5c19738",Baosen Zhang,2026-02-10 13:33:17,Distribution Ratio,0.1,-,Temperature,25.0,C,- -,,,Comments,updated ORNL,,,,
16674,[4-7-dichloro-9-(pyrrolidine-1-carbonyl)-1-10-phenanthrolin-2-yl]-pyrrolidin-1-ylmethanone,0.01 M,HNO3,3 M,meta-nitrobenzotrifluoride,Lu,III ,0.1 mM,,,,,O=C(c1cc(Cl)c2ccc3c(Cl)cc(C(=O)N4CCCC4)nc3c2n1)N1CCCC1,-,"HNO3, [4-7-dichloro-9-(pyrrolidine-1-carbonyl)-1-10-phenanthrolin-2-yl]-pyrrolidin-1-ylmethanone, Lu, meta-nitrobenzotrifluoride",,meta-nitrobenzotrifluoride,,"https://doi.org/10.1039/D0RA05182A, https://doi.org/10.1021/jacs.5c19738",Baosen Zhang,2026-02-10 13:33:17,Distribution Ratio,0.08000000000148404,-,Temperature,25.0,C,- -,,,Comments,updated ORNL,,,,
16675,[4-7-dichloro-9-(pyrrolidine-1-carbonyl)-1-10-phenanthrolin-2-yl]-pyrrolidin-1-ylmethanone,0.01 M,HNO3,3 M,meta-nitrobenzotrifluoride,Tb,III ,0.1 mM,,,,,O=C(c1cc(Cl)c2ccc3c(Cl)cc(C(=O)N4CCCC4)nc3c2n1)N1CCCC1,-,"HNO3, [4-7-dichloro-9-(pyrrolidine-1-carbonyl)-1-10-phenanthrolin-2-yl]-pyrrolidin-1-ylmethanone, Tb, meta-nitrobenzotrifluoride",,meta-nitrobenzotrifluoride,,"https://doi.org/10.1039/D0RA05182A, https://doi.org/10.1021/jacs.5c19738",Baosen Zhang,2026-02-10 13:33:17,Distribution Ratio,0.06999999999770208,-,Temperature,25.0,C,- -,,,Comments,updated ORNL,,,,
16676,[4-7-dichloro-9-(pyrrolidine-1-carbonyl)-1-10-phenanthrolin-2-yl]-pyrrolidin-1-ylmethanone,0.01 M,HNO3,3 M,meta-nitrobenzotrifluoride,Dy,III ,0.1 mM,,,,,O=C(c1cc(Cl)c2ccc3c(Cl)cc(C(=O)N4CCCC4)nc3c2n1)N1CCCC1,-,"HNO3, [4-7-dichloro-9-(pyrrolidine-1-carbonyl)-1-10-phenanthrolin-2-yl]-pyrrolidin-1-ylmethanone, Dy, meta-nitrobenzotrifluoride",,meta-nitrobenzotrifluoride,,"https://doi.org/10.1039/D0RA05182A, https://doi.org/10.1021/jacs.5c19738",Baosen Zhang,2026-02-10 13:33:17,Distribution Ratio,0.06999999999770208,-,Temperature,25.0,C,- -,,,Comments,updated ORNL,,,,
16677,[4-7-dichloro-9-(pyrrolidine-1-carbonyl)-1-10-phenanthrolin-2-yl]-pyrrolidin-1-ylmethanone,0.01 M,HNO3,3 M,meta-nitrobenzotrifluoride,Ho,III ,0.1 mM,,,,,O=C(c1cc(Cl)c2ccc3c(Cl)cc(C(=O)N4CCCC4)nc3c2n1)N1CCCC1,-,"HNO3, [4-7-dichloro-9-(pyrrolidine-1-carbonyl)-1-10-phenanthrolin-2-yl]-pyrrolidin-1-ylmethanone, Ho, meta-nitrobenzotrifluoride",,meta-nitrobenzotrifluoride,,"https://doi.org/10.1039/D0RA05182A, https://doi.org/10.1021/jacs.5c19738",Baosen Zhang,2026-02-10 13:33:17,Distribution Ratio,0.08000000000148404,-,Temperature,25.0,C,- -,,,Comments,updated ORNL,,,,
16678,[4-7-dichloro-9-(pyrrolidine-1-carbonyl)-1-10-phenanthrolin-2-yl]-pyrrolidin-1-ylmethanone,0.01 M,HNO3,3 M,meta-nitrobenzotrifluoride,Er,III ,0.1 mM,,,,,O=C(c1cc(Cl)c2ccc3c(Cl)cc(C(=O)N4CCCC4)nc3c2n1)N1CCCC1,-,"HNO3, [4-7-dichloro-9-(pyrrolidine-1-carbonyl)-1-10-phenanthrolin-2-yl]-pyrrolidin-1-ylmethanone, Er, meta-nitrobenzotrifluoride",,meta-nitrobenzotrifluoride,,"https://doi.org/10.1039/D0RA05182A, https://doi.org/10.1021/jacs.5c19738",Baosen Zhang,2026-02-10 13:33:17,Distribution Ratio,0.08000000000148404,-,Temperature,25.0,C,- -,,,Comments,updated ORNL,,,,
16679,[4-7-dichloro-9-(pyrrolidine-1-carbonyl)-1-10-phenanthrolin-2-yl]-pyrrolidin-1-ylmethanone,0.01 M,HNO3,3 M,meta-nitrobenzotrifluoride,Tm,III ,0.1 mM,,,,,O=C(c1cc(Cl)c2ccc3c(Cl)cc(C(=O)N4CCCC4)nc3c2n1)N1CCCC1,-,"HNO3, [4-7-dichloro-9-(pyrrolidine-1-carbonyl)-1-10-phenanthrolin-2-yl]-pyrrolidin-1-ylmethanone, Tm, meta-nitrobenzotrifluoride",,meta-nitrobenzotrifluoride,,"https://doi.org/10.1039/D0RA05182A, https://doi.org/10.1021/jacs.5c19738",Baosen Zhang,2026-02-10 13:33:17,Distribution Ratio,0.08000000000148404,-,Temperature,25.0,C,- -,,,Comments,updated ORNL,,,,
16680,[4-7-dichloro-9-(pyrrolidine-1-carbonyl)-1-10-phenanthrolin-2-yl]-pyrrolidin-1-ylmethanone,0.01 M,HNO3,2 M,meta-nitrobenzotrifluoride,Lu,III ,0.1 mM,,,,,O=C(c1cc(Cl)c2ccc3c(Cl)cc(C(=O)N4CCCC4)nc3c2n1)N1CCCC1,-,"HNO3, [4-7-dichloro-9-(pyrrolidine-1-carbonyl)-1-10-phenanthrolin-2-yl]-pyrrolidin-1-ylmethanone, Lu, meta-nitrobenzotrifluoride",,meta-nitrobenzotrifluoride,,"https://doi.org/10.1039/D0RA05182A, https://doi.org/10.1021/jacs.5c19738",Baosen Zhang,2026-02-10 13:33:17,Distribution Ratio,0.01799999999571832,-,Temperature,25.0,C,- -,,,Comments,updated ORNL,,,,
16681,[4-7-dichloro-9-(pyrrolidine-1-carbonyl)-1-10-phenanthrolin-2-yl]-pyrrolidin-1-ylmethanone,0.01 M,HNO3,3 M,meta-nitrobenzotrifluoride,Eu,III ,0.1 mM,,,,,O=C(c1cc(Cl)c2ccc3c(Cl)cc(C(=O)N4CCCC4)nc3c2n1)N1CCCC1,-,"HNO3, [4-7-dichloro-9-(pyrrolidine-1-carbonyl)-1-10-phenanthrolin-2-yl]-pyrrolidin-1-ylmethanone, Eu, meta-nitrobenzotrifluoride",,meta-nitrobenzotrifluoride,,"https://doi.org/10.1039/D0RA05182A, https://doi.org/10.1021/jacs.5c19738",Baosen Zhang,2026-02-10 13:33:17,Distribution Ratio,0.08999999990895753,-,Temperature,25.0,C,- -,,,Comments,updated ORNL,,,,
16682,[4-7-dichloro-9-(pyrrolidine-1-carbonyl)-1-10-phenanthrolin-2-yl]-pyrrolidin-1-ylmethanone,0.01 M,HNO3,2 M,meta-nitrobenzotrifluoride,Yb,III ,0.1 mM,,,,,O=C(c1cc(Cl)c2ccc3c(Cl)cc(C(=O)N4CCCC4)nc3c2n1)N1CCCC1,-,"HNO3, [4-7-dichloro-9-(pyrrolidine-1-carbonyl)-1-10-phenanthrolin-2-yl]-pyrrolidin-1-ylmethanone, Yb, meta-nitrobenzotrifluoride",,meta-nitrobenzotrifluoride,,"https://doi.org/10.1039/D0RA05182A, https://doi.org/10.1021/jacs.5c19738",Baosen Zhang,2026-02-10 13:33:17,Distribution Ratio,0.008999999990895758,-,Temperature,25.0,C,- -,,,Comments,updated ORNL,,,,
16683,[4-7-dichloro-9-(pyrrolidine-1-carbonyl)-1-10-phenanthrolin-2-yl]-pyrrolidin-1-ylmethanone,0.01 M,HNO3,2 M,meta-nitrobenzotrifluoride,Gd,III ,0.1 mM,,,,,O=C(c1cc(Cl)c2ccc3c(Cl)cc(C(=O)N4CCCC4)nc3c2n1)N1CCCC1,-,"HNO3, [4-7-dichloro-9-(pyrrolidine-1-carbonyl)-1-10-phenanthrolin-2-yl]-pyrrolidin-1-ylmethanone, Gd, meta-nitrobenzotrifluoride",,meta-nitrobenzotrifluoride,,"https://doi.org/10.1039/D0RA05182A, https://doi.org/10.1021/jacs.5c19738",Baosen Zhang,2026-02-10 13:33:17,Distribution Ratio,0.0160000000126762,-,Temperature,25.0,C,- -,,,Comments,updated ORNL,,,,
16684,[4-7-dichloro-9-(pyrrolidine-1-carbonyl)-1-10-phenanthrolin-2-yl]-pyrrolidin-1-ylmethanone,0.01 M,HNO3,2 M,meta-nitrobenzotrifluoride,Er,III ,0.1 mM,,,,,O=C(c1cc(Cl)c2ccc3c(Cl)cc(C(=O)N4CCCC4)nc3c2n1)N1CCCC1,-,"HNO3, [4-7-dichloro-9-(pyrrolidine-1-carbonyl)-1-10-phenanthrolin-2-yl]-pyrrolidin-1-ylmethanone, Er, meta-nitrobenzotrifluoride",,meta-nitrobenzotrifluoride,,"https://doi.org/10.1039/D0RA05182A, https://doi.org/10.1021/jacs.5c19738",Baosen Zhang,2026-02-10 13:33:18,Distribution Ratio,0.01900000000206369,-,Temperature,25.0,C,- -,,,Comments,updated ORNL,,,,
16685,[4-7-dichloro-9-(pyrrolidine-1-carbonyl)-1-10-phenanthrolin-2-yl]-pyrrolidin-1-ylmethanone,0.01 M,HNO3,2 M,meta-nitrobenzotrifluoride,La,III ,0.1 mM,,,,,O=C(c1cc(Cl)c2ccc3c(Cl)cc(C(=O)N4CCCC4)nc3c2n1)N1CCCC1,-,"HNO3, [4-7-dichloro-9-(pyrrolidine-1-carbonyl)-1-10-phenanthrolin-2-yl]-pyrrolidin-1-ylmethanone, La, meta-nitrobenzotrifluoride",,meta-nitrobenzotrifluoride,,"https://doi.org/10.1039/D0RA05182A, https://doi.org/10.1021/jacs.5c19738",Baosen Zhang,2026-02-10 13:33:18,Distribution Ratio,0.03499999997177113,-,Temperature,25.0,C,- -,,,Comments,updated ORNL,,,,
16686,[4-7-dichloro-9-(pyrrolidine-1-carbonyl)-1-10-phenanthrolin-2-yl]-pyrrolidin-1-ylmethanone,0.01 M,HNO3,2 M,meta-nitrobenzotrifluoride,Ce,III ,0.1 mM,,,,,O=C(c1cc(Cl)c2ccc3c(Cl)cc(C(=O)N4CCCC4)nc3c2n1)N1CCCC1,-,"HNO3, [4-7-dichloro-9-(pyrrolidine-1-carbonyl)-1-10-phenanthrolin-2-yl]-pyrrolidin-1-ylmethanone, Ce, meta-nitrobenzotrifluoride",,meta-nitrobenzotrifluoride,,"https://doi.org/10.1039/D0RA05182A, https://doi.org/10.1021/jacs.5c19738",Baosen Zhang,2026-02-10 13:33:18,Distribution Ratio,0.03499999997177113,-,Temperature,25.0,C,- -,,,Comments,updated ORNL,,,,
16687,[4-7-dichloro-9-(pyrrolidine-1-carbonyl)-1-10-phenanthrolin-2-yl]-pyrrolidin-1-ylmethanone,0.01 M,HNO3,2 M,meta-nitrobenzotrifluoride,Pr,III ,0.1 mM,,,,,O=C(c1cc(Cl)c2ccc3c(Cl)cc(C(=O)N4CCCC4)nc3c2n1)N1CCCC1,-,"HNO3, [4-7-dichloro-9-(pyrrolidine-1-carbonyl)-1-10-phenanthrolin-2-yl]-pyrrolidin-1-ylmethanone, Pr, meta-nitrobenzotrifluoride",,meta-nitrobenzotrifluoride,,"https://doi.org/10.1039/D0RA05182A, https://doi.org/10.1021/jacs.5c19738",Baosen Zhang,2026-02-10 13:33:18,Distribution Ratio,0.03000000001936503,-,Temperature,25.0,C,- -,,,Comments,updated ORNL,,,,
16688,[4-7-dichloro-9-(pyrrolidine-1-carbonyl)-1-10-phenanthrolin-2-yl]-pyrrolidin-1-ylmethanone,0.01 M,HNO3,2 M,meta-nitrobenzotrifluoride,Nd,III ,0.1 mM,,,,,O=C(c1cc(Cl)c2ccc3c(Cl)cc(C(=O)N4CCCC4)nc3c2n1)N1CCCC1,-,"HNO3, [4-7-dichloro-9-(pyrrolidine-1-carbonyl)-1-10-phenanthrolin-2-yl]-pyrrolidin-1-ylmethanone, Nd, meta-nitrobenzotrifluoride",,meta-nitrobenzotrifluoride,,"https://doi.org/10.1039/D0RA05182A, https://doi.org/10.1021/jacs.5c19738",Baosen Zhang,2026-02-10 13:33:18,Distribution Ratio,0.02799999997793632,-,Temperature,25.0,C,- -,,,Comments,updated ORNL,,,,
16689,[4-7-dichloro-9-(pyrrolidine-1-carbonyl)-1-10-phenanthrolin-2-yl]-pyrrolidin-1-ylmethanone,0.01 M,HNO3,2 M,meta-nitrobenzotrifluoride,Sm,III ,0.1 mM,,,,,O=C(c1cc(Cl)c2ccc3c(Cl)cc(C(=O)N4CCCC4)nc3c2n1)N1CCCC1,-,"HNO3, [4-7-dichloro-9-(pyrrolidine-1-carbonyl)-1-10-phenanthrolin-2-yl]-pyrrolidin-1-ylmethanone, Sm, meta-nitrobenzotrifluoride",,meta-nitrobenzotrifluoride,,"https://doi.org/10.1039/D0RA05182A, https://doi.org/10.1021/jacs.5c19738",Baosen Zhang,2026-02-10 13:33:18,Distribution Ratio,0.02500000001887904,-,Temperature,25.0,C,- -,,,Comments,updated ORNL,,,,
16690,[4-7-dichloro-9-(2-3-dihydroindole-1-carbonyl)-1-10-phenanthrolin-2-yl]-(2-3-dihydroindol-1-yl)methanone,0.01 M,HNO3,3 M,meta-nitrobenzotrifluoride,Eu,III ,0.1 mM,,,,,O=C(c1cc(Cl)c2ccc3c(Cl)cc(C(=O)N4CCc5ccccc54)nc3c2n1)N1CCc2ccccc21,-,"HNO3, [4-7-dichloro-9-(2-3-dihydroindole-1-carbonyl)-1-10-phenanthrolin-2-yl]-(2-3-dihydroindol-1-yl)methanone, Eu, meta-nitrobenzotrifluoride",,meta-nitrobenzotrifluoride,,"https://doi.org/10.1039/D0RA05182A, https://doi.org/10.1021/jacs.5c19738",Baosen Zhang,2026-02-10 13:33:18,Distribution Ratio,0.03000000001936503,-,Temperature,25.0,C,- -,,,Comments,updated ORNL,,,,
16691,[4-7-dichloro-9-(pyrrolidine-1-carbonyl)-1-10-phenanthrolin-2-yl]-pyrrolidin-1-ylmethanone,0.01 M,HNO3,2 M,meta-nitrobenzotrifluoride,Tm,III ,0.1 mM,,,,,O=C(c1cc(Cl)c2ccc3c(Cl)cc(C(=O)N4CCCC4)nc3c2n1)N1CCCC1,-,"HNO3, [4-7-dichloro-9-(pyrrolidine-1-carbonyl)-1-10-phenanthrolin-2-yl]-pyrrolidin-1-ylmethanone, Tm, meta-nitrobenzotrifluoride",,meta-nitrobenzotrifluoride,,"https://doi.org/10.1039/D0RA05182A, https://doi.org/10.1021/jacs.5c19738",Baosen Zhang,2026-02-10 13:33:18,Distribution Ratio,0.02000000001547424,-,Temperature,25.0,C,- -,,,Comments,updated ORNL,,,,
16692,[4-7-dichloro-9-(pyrrolidine-1-carbonyl)-1-10-phenanthrolin-2-yl]-pyrrolidin-1-ylmethanone,0.01 M,HNO3,3 M,meta-nitrobenzotrifluoride,Yb,III ,0.1 mM,,,,,O=C(c1cc(Cl)c2ccc3c(Cl)cc(C(=O)N4CCCC4)nc3c2n1)N1CCCC1,-,"HNO3, [4-7-dichloro-9-(pyrrolidine-1-carbonyl)-1-10-phenanthrolin-2-yl]-pyrrolidin-1-ylmethanone, Yb, meta-nitrobenzotrifluoride",,meta-nitrobenzotrifluoride,,"https://doi.org/10.1039/D0RA05182A, https://doi.org/10.1021/jacs.5c19738",Baosen Zhang,2026-02-10 13:33:18,Distribution Ratio,0.06999999999770208,-,Temperature,25.0,C,- -,,,Comments,updated ORNL,,,,
16693,[4-7-dichloro-9-(pyrrolidine-1-carbonyl)-1-10-phenanthrolin-2-yl]-pyrrolidin-1-ylmethanone,0.01 M,HNO3,3 M,meta-nitrobenzotrifluoride,Gd,III ,0.1 mM,,,,,O=C(c1cc(Cl)c2ccc3c(Cl)cc(C(=O)N4CCCC4)nc3c2n1)N1CCCC1,-,"HNO3, [4-7-dichloro-9-(pyrrolidine-1-carbonyl)-1-10-phenanthrolin-2-yl]-pyrrolidin-1-ylmethanone, Gd, meta-nitrobenzotrifluoride",,meta-nitrobenzotrifluoride,,"https://doi.org/10.1039/D0RA05182A, https://doi.org/10.1021/jacs.5c19738",Baosen Zhang,2026-02-10 13:33:18,Distribution Ratio,0.04999999996131441,-,Temperature,25.0,C,- -,,,Comments,updated ORNL,,,,
16694,[4-7-dichloro-9-(pyrrolidine-1-carbonyl)-1-10-phenanthrolin-2-yl]-pyrrolidin-1-ylmethanone,0.01 M,HNO3,2 M,meta-nitrobenzotrifluoride,Eu,III ,0.1 mM,,,,,O=C(c1cc(Cl)c2ccc3c(Cl)cc(C(=O)N4CCCC4)nc3c2n1)N1CCCC1,-,"HNO3, [4-7-dichloro-9-(pyrrolidine-1-carbonyl)-1-10-phenanthrolin-2-yl]-pyrrolidin-1-ylmethanone, Eu, meta-nitrobenzotrifluoride",,meta-nitrobenzotrifluoride,,"https://doi.org/10.1039/D0RA05182A, https://doi.org/10.1021/jacs.5c19738",Baosen Zhang,2026-02-10 13:33:18,Distribution Ratio,0.02200000000900647,-,Temperature,25.0,C,- -,,,Comments,updated ORNL,,,,
16695,[4-7-dichloro-9-(pyrrolidine-1-carbonyl)-1-10-phenanthrolin-2-yl]-pyrrolidin-1-ylmethanone,0.01 M,HNO3,2 M,meta-nitrobenzotrifluoride,Tb,III ,0.1 mM,,,,,O=C(c1cc(Cl)c2ccc3c(Cl)cc(C(=O)N4CCCC4)nc3c2n1)N1CCCC1,-,"HNO3, [4-7-dichloro-9-(pyrrolidine-1-carbonyl)-1-10-phenanthrolin-2-yl]-pyrrolidin-1-ylmethanone, Tb, meta-nitrobenzotrifluoride",,meta-nitrobenzotrifluoride,,"https://doi.org/10.1039/D0RA05182A, https://doi.org/10.1021/jacs.5c19738",Baosen Zhang,2026-02-10 13:33:18,Distribution Ratio,0.0160000000126762,-,Temperature,25.0,C,- -,,,Comments,updated ORNL,,,,
16696,[4-7-dichloro-9-(pyrrolidine-1-carbonyl)-1-10-phenanthrolin-2-yl]-pyrrolidin-1-ylmethanone,0.01 M,HNO3,2 M,meta-nitrobenzotrifluoride,Dy,III ,0.1 mM,,,,,O=C(c1cc(Cl)c2ccc3c(Cl)cc(C(=O)N4CCCC4)nc3c2n1)N1CCCC1,-,"HNO3, [4-7-dichloro-9-(pyrrolidine-1-carbonyl)-1-10-phenanthrolin-2-yl]-pyrrolidin-1-ylmethanone, Dy, meta-nitrobenzotrifluoride",,meta-nitrobenzotrifluoride,,"https://doi.org/10.1039/D0RA05182A, https://doi.org/10.1021/jacs.5c19738",Baosen Zhang,2026-02-10 13:33:18,Distribution Ratio,0.01799999999571832,-,Temperature,25.0,C,- -,,,Comments,updated ORNL,,,,
16697,[4-7-dichloro-9-(pyrrolidine-1-carbonyl)-1-10-phenanthrolin-2-yl]-pyrrolidin-1-ylmethanone,0.01 M,HNO3,2 M,meta-nitrobenzotrifluoride,Ho,III ,0.1 mM,,,,,O=C(c1cc(Cl)c2ccc3c(Cl)cc(C(=O)N4CCCC4)nc3c2n1)N1CCCC1,-,"HNO3, [4-7-dichloro-9-(pyrrolidine-1-carbonyl)-1-10-phenanthrolin-2-yl]-pyrrolidin-1-ylmethanone, Ho, meta-nitrobenzotrifluoride",,meta-nitrobenzotrifluoride,,"https://doi.org/10.1039/D0RA05182A, https://doi.org/10.1021/jacs.5c19738",Baosen Zhang,2026-02-10 13:33:18,Distribution Ratio,0.02000000001547424,-,Temperature,25.0,C,- -,,,Comments,updated ORNL,,,,
16698,5-5-8-8-tetramethyl-3-[6-[6-(5-5-8-8-tetramethyl-6-7-dihydro-1-2-4-benzotriazin-3-yl)-2-pyridinyl]-2-pyridinyl]-6-7-dihydro-1-2-4-benzotriazine,0.01 M,HNO3,1 M,1-octanol,Er,III , ,,,,,CC1(C)CCC(C)(C)c2nc(-c3cccc(-c4cccc(-c5nnc6c(n5)C(C)(C)CCC6(C)C)n4)n3)nnc21,-,"HNO3, 5-5-8-8-tetramethyl-3-[6-[6-(5-5-8-8-tetramethyl-6-7-dihydro-1-2-4-benzotriazin-3-yl)-2-pyridinyl]-2-pyridinyl]-6-7-dihydro-1-2-4-benzotriazine, Er, 1-octanol",,1-octanol,,"https://doi.org/10.1080/07366290600761936, https://doi.org/10.1021/jacs.5c19738",Baosen Zhang,2026-02-10 13:33:19,Distribution Ratio,0.07499999993235582,-,Temperature,20.0,C,- -,,,Comments,updated ORNL,,,,
16699,5-5-8-8-tetramethyl-3-[6-[6-(5-5-8-8-tetramethyl-6-7-dihydro-1-2-4-benzotriazin-3-yl)-2-pyridinyl]-2-pyridinyl]-6-7-dihydro-1-2-4-benzotriazine,0.01 M,HNO3,1 M,1-octanol,Tb,III , ,,,,,CC1(C)CCC(C)(C)c2nc(-c3cccc(-c4cccc(-c5nnc6c(n5)C(C)(C)CCC6(C)C)n4)n3)nnc21,-,"HNO3, 5-5-8-8-tetramethyl-3-[6-[6-(5-5-8-8-tetramethyl-6-7-dihydro-1-2-4-benzotriazin-3-yl)-2-pyridinyl]-2-pyridinyl]-6-7-dihydro-1-2-4-benzotriazine, Tb, 1-octanol",,1-octanol,,"https://doi.org/10.1080/07366290600761936, https://doi.org/10.1021/jacs.5c19738",Baosen Zhang,2026-02-10 13:33:19,Distribution Ratio,0.1299999999081527,-,Temperature,20.0,C,- -,,,Comments,updated ORNL,,,,
16700,5-5-8-8-tetramethyl-3-[6-[6-(5-5-8-8-tetramethyl-6-7-dihydro-1-2-4-benzotriazin-3-yl)-2-pyridinyl]-2-pyridinyl]-6-7-dihydro-1-2-4-benzotriazine,0.01 M,HNO3,1 M,1-octanol,Lu,III , ,,,,,CC1(C)CCC(C)(C)c2nc(-c3cccc(-c4cccc(-c5nnc6c(n5)C(C)(C)CCC6(C)C)n4)n3)nnc21,-,"HNO3, 5-5-8-8-tetramethyl-3-[6-[6-(5-5-8-8-tetramethyl-6-7-dihydro-1-2-4-benzotriazin-3-yl)-2-pyridinyl]-2-pyridinyl]-6-7-dihydro-1-2-4-benzotriazine, Lu, 1-octanol",,1-octanol,,"https://doi.org/10.1080/07366290600761936, https://doi.org/10.1021/jacs.5c19738",Baosen Zhang,2026-02-10 13:33:19,Distribution Ratio,0.01499999999807684,-,Temperature,20.0,C,- -,,,Comments,updated ORNL,,,,
16701,5-5-8-8-tetramethyl-3-[6-[6-(5-5-8-8-tetramethyl-6-7-dihydro-1-2-4-benzotriazin-3-yl)-2-pyridinyl]-2-pyridinyl]-6-7-dihydro-1-2-4-benzotriazine,0.01 M,HNO3,1 M,1-octanol,Yb,III , ,,,,,CC1(C)CCC(C)(C)c2nc(-c3cccc(-c4cccc(-c5nnc6c(n5)C(C)(C)CCC6(C)C)n4)n3)nnc21,-,"HNO3, 5-5-8-8-tetramethyl-3-[6-[6-(5-5-8-8-tetramethyl-6-7-dihydro-1-2-4-benzotriazin-3-yl)-2-pyridinyl]-2-pyridinyl]-6-7-dihydro-1-2-4-benzotriazine, Yb, 1-octanol",,1-octanol,,"https://doi.org/10.1080/07366290600761936, https://doi.org/10.1021/jacs.5c19738",Baosen Zhang,2026-02-10 13:33:19,Distribution Ratio,0.02500000001887904,-,Temperature,20.0,C,- -,,,Comments,updated ORNL,,,,
16702,5-5-8-8-tetramethyl-3-[6-[6-(5-5-8-8-tetramethyl-6-7-dihydro-1-2-4-benzotriazin-3-yl)-2-pyridinyl]-2-pyridinyl]-6-7-dihydro-1-2-4-benzotriazine,0.01 M,HNO3,1 M,1-octanol,Tm,III , ,,,,,CC1(C)CCC(C)(C)c2nc(-c3cccc(-c4cccc(-c5nnc6c(n5)C(C)(C)CCC6(C)C)n4)n3)nnc21,-,"HNO3, 5-5-8-8-tetramethyl-3-[6-[6-(5-5-8-8-tetramethyl-6-7-dihydro-1-2-4-benzotriazin-3-yl)-2-pyridinyl]-2-pyridinyl]-6-7-dihydro-1-2-4-benzotriazine, Tm, 1-octanol",,1-octanol,,"https://doi.org/10.1080/07366290600761936, https://doi.org/10.1021/jacs.5c19738",Baosen Zhang,2026-02-10 13:33:19,Distribution Ratio,0.03999999996979355,-,Temperature,20.0,C,- -,,,Comments,updated ORNL,,,,
16703,5-5-8-8-tetramethyl-3-[6-[6-(5-5-8-8-tetramethyl-6-7-dihydro-1-2-4-benzotriazin-3-yl)-2-pyridinyl]-2-pyridinyl]-6-7-dihydro-1-2-4-benzotriazine,0.01 M,HNO3,1 M,1-octanol,Ho,III , ,,,,,CC1(C)CCC(C)(C)c2nc(-c3cccc(-c4cccc(-c5nnc6c(n5)C(C)(C)CCC6(C)C)n4)n3)nnc21,-,"HNO3, 5-5-8-8-tetramethyl-3-[6-[6-(5-5-8-8-tetramethyl-6-7-dihydro-1-2-4-benzotriazin-3-yl)-2-pyridinyl]-2-pyridinyl]-6-7-dihydro-1-2-4-benzotriazine, Ho, 1-octanol",,1-octanol,,"https://doi.org/10.1080/07366290600761936, https://doi.org/10.1021/jacs.5c19738",Baosen Zhang,2026-02-10 13:33:19,Distribution Ratio,0.1199999999868408,-,Temperature,20.0,C,- -,,,Comments,updated ORNL,,,,
16704,5-5-8-8-tetramethyl-3-[6-[6-(5-5-8-8-tetramethyl-6-7-dihydro-1-2-4-benzotriazin-3-yl)-2-pyridinyl]-2-pyridinyl]-6-7-dihydro-1-2-4-benzotriazine,0.01 M,HNO3,1 M,1-octanol,Ce,III , ,,,,,CC1(C)CCC(C)(C)c2nc(-c3cccc(-c4cccc(-c5nnc6c(n5)C(C)(C)CCC6(C)C)n4)n3)nnc21,-,"HNO3, 5-5-8-8-tetramethyl-3-[6-[6-(5-5-8-8-tetramethyl-6-7-dihydro-1-2-4-benzotriazin-3-yl)-2-pyridinyl]-2-pyridinyl]-6-7-dihydro-1-2-4-benzotriazine, Ce, 1-octanol",,1-octanol,,"https://doi.org/10.1080/07366290600761936, https://doi.org/10.1021/jacs.5c19738",Baosen Zhang,2026-02-10 13:33:19,Distribution Ratio,0.006999999999770205,-,Temperature,20.0,C,- -,,,Comments,updated ORNL,,,,
16705,5-5-8-8-tetramethyl-3-[6-[6-(5-5-8-8-tetramethyl-6-7-dihydro-1-2-4-benzotriazin-3-yl)-2-pyridinyl]-2-pyridinyl]-6-7-dihydro-1-2-4-benzotriazine,0.01 M,HNO3,1 M,1-octanol,Gd,III , ,,,,,CC1(C)CCC(C)(C)c2nc(-c3cccc(-c4cccc(-c5nnc6c(n5)C(C)(C)CCC6(C)C)n4)n3)nnc21,-,"HNO3, 5-5-8-8-tetramethyl-3-[6-[6-(5-5-8-8-tetramethyl-6-7-dihydro-1-2-4-benzotriazin-3-yl)-2-pyridinyl]-2-pyridinyl]-6-7-dihydro-1-2-4-benzotriazine, Gd, 1-octanol",,1-octanol,,"https://doi.org/10.1080/07366290600761936, https://doi.org/10.1021/jacs.5c19738",Baosen Zhang,2026-02-10 13:33:19,Distribution Ratio,0.04600000003372733,-,Temperature,20.0,C,- -,,,Comments,updated ORNL,,,,
16706,5-5-8-8-tetramethyl-3-[6-[6-(5-5-8-8-tetramethyl-6-7-dihydro-1-2-4-benzotriazin-3-yl)-2-pyridinyl]-2-pyridinyl]-6-7-dihydro-1-2-4-benzotriazine,0.01 M,HNO3,1 M,1-octanol,Eu,III , ,,,,,CC1(C)CCC(C)(C)c2nc(-c3cccc(-c4cccc(-c5nnc6c(n5)C(C)(C)CCC6(C)C)n4)n3)nnc21,-,"HNO3, 5-5-8-8-tetramethyl-3-[6-[6-(5-5-8-8-tetramethyl-6-7-dihydro-1-2-4-benzotriazin-3-yl)-2-pyridinyl]-2-pyridinyl]-6-7-dihydro-1-2-4-benzotriazine, Eu, 1-octanol",,1-octanol,,"https://doi.org/10.1080/07366290600761936, https://doi.org/10.1021/jacs.5c19738",Baosen Zhang,2026-02-10 13:33:19,Distribution Ratio,0.04799999995848857,-,Temperature,20.0,C,- -,,,Comments,updated ORNL,,,,
16707,5-5-8-8-tetramethyl-3-[6-[6-(5-5-8-8-tetramethyl-6-7-dihydro-1-2-4-benzotriazin-3-yl)-2-pyridinyl]-2-pyridinyl]-6-7-dihydro-1-2-4-benzotriazine,0.01 M,HNO3,1 M,1-octanol,Sm,III , ,,,,,CC1(C)CCC(C)(C)c2nc(-c3cccc(-c4cccc(-c5nnc6c(n5)C(C)(C)CCC6(C)C)n4)n3)nnc21,-,"HNO3, 5-5-8-8-tetramethyl-3-[6-[6-(5-5-8-8-tetramethyl-6-7-dihydro-1-2-4-benzotriazin-3-yl)-2-pyridinyl]-2-pyridinyl]-6-7-dihydro-1-2-4-benzotriazine, Sm, 1-octanol",,1-octanol,,"https://doi.org/10.1080/07366290600761936, https://doi.org/10.1021/jacs.5c19738",Baosen Zhang,2026-02-10 13:33:19,Distribution Ratio,0.03499999997177113,-,Temperature,20.0,C,- -,,,Comments,updated ORNL,,,,
16708,5-5-8-8-tetramethyl-3-[6-[6-(5-5-8-8-tetramethyl-6-7-dihydro-1-2-4-benzotriazin-3-yl)-2-pyridinyl]-2-pyridinyl]-6-7-dihydro-1-2-4-benzotriazine,0.01 M,HNO3,1 M,1-octanol,Nd,III , ,,,,,CC1(C)CCC(C)(C)c2nc(-c3cccc(-c4cccc(-c5nnc6c(n5)C(C)(C)CCC6(C)C)n4)n3)nnc21,-,"HNO3, 5-5-8-8-tetramethyl-3-[6-[6-(5-5-8-8-tetramethyl-6-7-dihydro-1-2-4-benzotriazin-3-yl)-2-pyridinyl]-2-pyridinyl]-6-7-dihydro-1-2-4-benzotriazine, Nd, 1-octanol",,1-octanol,,"https://doi.org/10.1080/07366290600761936, https://doi.org/10.1021/jacs.5c19738",Baosen Zhang,2026-02-10 13:33:19,Distribution Ratio,0.01499999999807684,-,Temperature,20.0,C,- -,,,Comments,updated ORNL,,,,
16709,5-5-8-8-tetramethyl-3-[6-[6-(5-5-8-8-tetramethyl-6-7-dihydro-1-2-4-benzotriazin-3-yl)-2-pyridinyl]-2-pyridinyl]-6-7-dihydro-1-2-4-benzotriazine,0.01 M,HNO3,1 M,1-octanol,Pr,III , ,,,,,CC1(C)CCC(C)(C)c2nc(-c3cccc(-c4cccc(-c5nnc6c(n5)C(C)(C)CCC6(C)C)n4)n3)nnc21,-,"HNO3, 5-5-8-8-tetramethyl-3-[6-[6-(5-5-8-8-tetramethyl-6-7-dihydro-1-2-4-benzotriazin-3-yl)-2-pyridinyl]-2-pyridinyl]-6-7-dihydro-1-2-4-benzotriazine, Pr, 1-octanol",,1-octanol,,"https://doi.org/10.1080/07366290600761936, https://doi.org/10.1021/jacs.5c19738",Baosen Zhang,2026-02-10 13:33:19,Distribution Ratio,0.01,-,Temperature,20.0,C,- -,,,Comments,updated ORNL,,,,
16710,5-5-8-8-tetramethyl-3-[6-[6-(5-5-8-8-tetramethyl-6-7-dihydro-1-2-4-benzotriazin-3-yl)-2-pyridinyl]-2-pyridinyl]-6-7-dihydro-1-2-4-benzotriazine,0.01 M,HNO3,1 M,1-octanol,Dy,III , ,,,,,CC1(C)CCC(C)(C)c2nc(-c3cccc(-c4cccc(-c5nnc6c(n5)C(C)(C)CCC6(C)C)n4)n3)nnc21,-,"HNO3, 5-5-8-8-tetramethyl-3-[6-[6-(5-5-8-8-tetramethyl-6-7-dihydro-1-2-4-benzotriazin-3-yl)-2-pyridinyl]-2-pyridinyl]-6-7-dihydro-1-2-4-benzotriazine, Dy, 1-octanol",,1-octanol,,"https://doi.org/10.1080/07366290600761936, https://doi.org/10.1021/jacs.5c19738",Baosen Zhang,2026-02-10 13:33:19,Distribution Ratio,0.160000000126762,-,Temperature,20.0,C,- -,,,Comments,updated ORNL,,,,
16711,5-5-8-8-tetramethyl-3-[6-[6-(5-5-8-8-tetramethyl-6-7-dihydro-1-2-4-benzotriazin-3-yl)-2-pyridinyl]-2-pyridinyl]-6-7-dihydro-1-2-4-benzotriazine,0.01 M,HNO3,1 M,1-octanol,La,III , ,,,,,CC1(C)CCC(C)(C)c2nc(-c3cccc(-c4cccc(-c5nnc6c(n5)C(C)(C)CCC6(C)C)n4)n3)nnc21,-,"HNO3, 5-5-8-8-tetramethyl-3-[6-[6-(5-5-8-8-tetramethyl-6-7-dihydro-1-2-4-benzotriazin-3-yl)-2-pyridinyl]-2-pyridinyl]-6-7-dihydro-1-2-4-benzotriazine, La, 1-octanol",,1-octanol,,"https://doi.org/10.1080/07366290600761936, https://doi.org/10.1021/jacs.5c19738",Baosen Zhang,2026-02-10 13:33:19,Distribution Ratio,0.00499999999613144,-,Temperature,20.0,C,- -,,,Comments,updated ORNL,,,,
16725,2-9-bis(diethoxyphosphoryl)-1-10-phenanthroline,0.01 M,HNO3,1 M,meta-nitrobenzotrifluoride,Eu,III , ,,,,,CCOP(=O)(OCC)c1ccc2ccc3ccc(P(=O)(OCC)OCC)nc3c2n1,-,"HNO3, 2-9-bis(diethoxyphosphoryl)-1-10-phenanthroline, Eu, meta-nitrobenzotrifluoride",,meta-nitrobenzotrifluoride,,"https://doi.org/10.1021/acs.inorgchem.8b03592, https://doi.org/10.1021/jacs.5c19738",Baosen Zhang,2026-02-10 13:33:20,Distribution Ratio,2.000000001547424,-,Temperature,25.0,C,- -,,,Comments,updated ORNL,,,,
16726,2-9-bis(diethoxyphosphoryl)-1-10-phenanthroline,0.01 M,HNO3,3 M,meta-nitrobenzotrifluoride,Eu,III , ,,,,,CCOP(=O)(OCC)c1ccc2ccc3ccc(P(=O)(OCC)OCC)nc3c2n1,-,"HNO3, 2-9-bis(diethoxyphosphoryl)-1-10-phenanthroline, Eu, meta-nitrobenzotrifluoride",,meta-nitrobenzotrifluoride,,"https://doi.org/10.1021/acs.inorgchem.8b03592, https://doi.org/10.1021/jacs.5c19738",Baosen Zhang,2026-02-10 13:33:20,Distribution Ratio,5.999999994699767,-,Temperature,25.0,C,- -,,,Comments,updated ORNL,,,,
16727,2-9-bis(diethoxyphosphoryl)-1-10-phenanthroline,0.01 M,HNO3,2 M,meta-nitrobenzotrifluoride,Eu,III , ,,,,,CCOP(=O)(OCC)c1ccc2ccc3ccc(P(=O)(OCC)OCC)nc3c2n1,-,"HNO3, 2-9-bis(diethoxyphosphoryl)-1-10-phenanthroline, Eu, meta-nitrobenzotrifluoride",,meta-nitrobenzotrifluoride,,"https://doi.org/10.1021/acs.inorgchem.8b03592, https://doi.org/10.1021/jacs.5c19738",Baosen Zhang,2026-02-10 13:33:20,Distribution Ratio,4.99999999613144,-,Temperature,25.0,C,- -,,,Comments,updated ORNL,,,,
16751,2-N-9-N-diethyl-2-N-9-N-bis(4-methylphenyl)-1-10-phenanthroline-2-9-dicarboxamide,0.01 M,HNO3,1 M,cyclohexanone,Eu,III ,1 mM,,,,,CCN(C(=O)c1ccc2ccc3ccc(C(=O)N(CC)c4ccc(C)cc4)nc3c2n1)c1ccc(C)cc1,-,"HNO3, 2-N-9-N-diethyl-2-N-9-N-bis(4-methylphenyl)-1-10-phenanthroline-2-9-dicarboxamide, Eu, cyclohexanone",,cyclohexanone,,"https://doi.org/10.1039/C4DT01489H, https://doi.org/10.1021/jacs.5c19738",Baosen Zhang,2026-02-10 13:33:22,Distribution Ratio,0.1,-,Temperature,25.0,C,- -,,,Comments,updated ORNL,,,,
16752,2-N-9-N-diethyl-2-N-9-N-bis(4-methylphenyl)-1-10-phenanthroline-2-9-dicarboxamide,0.01 M,HNO3,1 M,cyclohexanone,La,III ,1 mM,,,,,CCN(C(=O)c1ccc2ccc3ccc(C(=O)N(CC)c4ccc(C)cc4)nc3c2n1)c1ccc(C)cc1,-,"HNO3, 2-N-9-N-diethyl-2-N-9-N-bis(4-methylphenyl)-1-10-phenanthroline-2-9-dicarboxamide, La, cyclohexanone",,cyclohexanone,,"https://doi.org/10.1039/C4DT01489H, https://doi.org/10.1021/jacs.5c19738",Baosen Zhang,2026-02-10 13:33:22,Distribution Ratio,0.8000000000148405,-,Temperature,25.0,C,- -,,,Comments,updated ORNL,,,,
16753,2-N-9-N-diethyl-2-N-9-N-bis(4-methylphenyl)-1-10-phenanthroline-2-9-dicarboxamide,0.01 M,HNO3,1 M,cyclohexanone,Yb,III ,1 mM,,,,,CCN(C(=O)c1ccc2ccc3ccc(C(=O)N(CC)c4ccc(C)cc4)nc3c2n1)c1ccc(C)cc1,-,"HNO3, 2-N-9-N-diethyl-2-N-9-N-bis(4-methylphenyl)-1-10-phenanthroline-2-9-dicarboxamide, Yb, cyclohexanone",,cyclohexanone,,"https://doi.org/10.1039/C4DT01489H, https://doi.org/10.1021/jacs.5c19738",Baosen Zhang,2026-02-10 13:33:22,Distribution Ratio,0.06999999999770208,-,Temperature,25.0,C,- -,,,Comments,updated ORNL,,,,
16754,2-[1-(dioctylamino)-1-oxopropan-2-yl]oxy-N-N-dioctylpropanamide,0.1 M,HNO3,4.3 M,hydrogenated tetrapropylene,La,III ,0.01 mM,,,,,CCCCCCCCN(CCCCCCCC)C(=O)C(C)OC(C)C(=O)N(CCCCCCCC)CCCCCCCC,-,"HNO3, 2-[1-(dioctylamino)-1-oxopropan-2-yl]oxy-N-N-dioctylpropanamide, La, hydrogenated tetrapropylene",,hydrogenated tetrapropylene,,"https://doi.org/10.1021/acs.inorgchem.0c02861, https://doi.org/10.1021/jacs.5c19738",Baosen Zhang,2026-02-10 13:33:22,Distribution Ratio,1.099999999599241,-,Temperature,22.0,C,- -,,,Comments,updated ORNL,,,,
16756,N-(4-butyldecyl)-2-[2-[4-butyldecyl(octyl)amino]-2-oxoethoxy]-N-octylacetamide,0.1 M,Hcl,3 M,"Isopar L 0.7, Exxal 13 0.3",La,III ,0.5 mM,,,,,CCCCCCCCN(CCCC(CCCC)CCCCCC)C(=O)COCC(=O)N(CCCCCCCC)CCCC(CCCC)CCCCCC,-,"Hcl, N-(4-butyldecyl)-2-[2-[4-butyldecyl(octyl)amino]-2-oxoethoxy]-N-octylacetamide, La, Isopar L 0.7, Exxal 13 0.3",,"Isopar L 0.7, Exxal 13 0.3",,"https://doi.org/10.1021/acs.inorgchem.0c02861, https://doi.org/10.1021/jacs.5c19738",Baosen Zhang,2026-02-10 13:33:22,Distribution Ratio,0.0001,-,Temperature,25.0,C,- -,,,Comments,updated ORNL,,,,
16757,N-(3-7-dimethyloct-6-enyl)-2-[2-[3-7-dimethyloct-6-enyl(hexyl)amino]-2-oxoethoxy]-N-hexylacetamide,0.1 M,Hcl,3 M,"Isopar L 0.7, Exxal 13 0.3",Tm,III ,0.5 mM,,,,,CCCCCCN(CCC(C)CCC=C(C)C)C(=O)COCC(=O)N(CCCCCC)CCC(C)CCC=C(C)C,-,"Hcl, N-(3-7-dimethyloct-6-enyl)-2-[2-[3-7-dimethyloct-6-enyl(hexyl)amino]-2-oxoethoxy]-N-hexylacetamide, Tm, Isopar L 0.7, Exxal 13 0.3",,"Isopar L 0.7, Exxal 13 0.3",,"https://doi.org/10.1021/jacsau.2c00122, https://doi.org/10.1021/jacs.5c19738",Baosen Zhang,2026-02-10 13:33:23,Distribution Ratio,51.83462965965371,-,Temperature,25.0,C,- -,,,Comments,updated ORNL,,,,
16758,N-(3-7-dimethyloct-6-enyl)-2-[2-[3-7-dimethyloct-6-enyl(hexyl)amino]-2-oxoethoxy]-N-hexylacetamide,0.1 M,Hcl,3 M,"Isopar L 0.7, Exxal 13 0.3",Er,III ,0.5 mM,,,,,CCCCCCN(CCC(C)CCC=C(C)C)C(=O)COCC(=O)N(CCCCCC)CCC(C)CCC=C(C)C,-,"Hcl, N-(3-7-dimethyloct-6-enyl)-2-[2-[3-7-dimethyloct-6-enyl(hexyl)amino]-2-oxoethoxy]-N-hexylacetamide, Er, Isopar L 0.7, Exxal 13 0.3",,"Isopar L 0.7, Exxal 13 0.3",,"https://doi.org/10.1021/jacsau.2c00122, https://doi.org/10.1021/jacs.5c19738",Baosen Zhang,2026-02-10 13:33:23,Distribution Ratio,58.96170044397341,-,Temperature,25.0,C,- -,,,Comments,updated ORNL,,,,
16759,N-(3-7-dimethyloct-6-enyl)-2-[2-[3-7-dimethyloct-6-enyl(hexyl)amino]-2-oxoethoxy]-N-hexylacetamide,0.1 M,Hcl,3 M,"Isopar L 0.7, Exxal 13 0.3",Ho,III ,0.5 mM,,,,,CCCCCCN(CCC(C)CCC=C(C)C)C(=O)COCC(=O)N(CCCCCC)CCC(C)CCC=C(C)C,-,"Hcl, N-(3-7-dimethyloct-6-enyl)-2-[2-[3-7-dimethyloct-6-enyl(hexyl)amino]-2-oxoethoxy]-N-hexylacetamide, Ho, Isopar L 0.7, Exxal 13 0.3",,"Isopar L 0.7, Exxal 13 0.3",,"https://doi.org/10.1021/jacsau.2c00122, https://doi.org/10.1021/jacs.5c19738",Baosen Zhang,2026-02-10 13:33:23,Distribution Ratio,45.64466247684634,-,Temperature,25.0,C,- -,,,Comments,updated ORNL,,,,
16760,N-(3-7-dimethyloct-6-enyl)-2-[2-[3-7-dimethyloct-6-enyl(hexyl)amino]-2-oxoethoxy]-N-hexylacetamide,0.1 M,Hcl,3 M,"Isopar L 0.7, Exxal 13 0.3",Dy,III ,0.5 mM,,,,,CCCCCCN(CCC(C)CCC=C(C)C)C(=O)COCC(=O)N(CCCCCC)CCC(C)CCC=C(C)C,-,"Hcl, N-(3-7-dimethyloct-6-enyl)-2-[2-[3-7-dimethyloct-6-enyl(hexyl)amino]-2-oxoethoxy]-N-hexylacetamide, Dy, Isopar L 0.7, Exxal 13 0.3",,"Isopar L 0.7, Exxal 13 0.3",,"https://doi.org/10.1021/jacsau.2c00122, https://doi.org/10.1021/jacs.5c19738",Baosen Zhang,2026-02-10 13:33:23,Distribution Ratio,31.94258065057369,-,Temperature,25.0,C,- -,,,Comments,updated ORNL,,,,
16761,N-(3-7-dimethyloct-6-enyl)-2-[2-[3-7-dimethyloct-6-enyl(hexyl)amino]-2-oxoethoxy]-N-hexylacetamide,0.1 M,Hcl,3 M,"Isopar L 0.7, Exxal 13 0.3",Eu,III ,0.5 mM,,,,,CCCCCCN(CCC(C)CCC=C(C)C)C(=O)COCC(=O)N(CCCCCC)CCC(C)CCC=C(C)C,-,"Hcl, N-(3-7-dimethyloct-6-enyl)-2-[2-[3-7-dimethyloct-6-enyl(hexyl)amino]-2-oxoethoxy]-N-hexylacetamide, Eu, Isopar L 0.7, Exxal 13 0.3",,"Isopar L 0.7, Exxal 13 0.3",,"https://doi.org/10.1021/jacsau.2c00122, https://doi.org/10.1021/jacs.5c19738",Baosen Zhang,2026-02-10 13:33:23,Distribution Ratio,8.92318711436908,-,Temperature,25.0,C,- -,,,Comments,updated ORNL,,,,
16762,N-(3-7-dimethyloct-6-enyl)-2-[2-[3-7-dimethyloct-6-enyl(hexyl)amino]-2-oxoethoxy]-N-hexylacetamide,0.1 M,Hcl,3 M,"Isopar L 0.7, Exxal 13 0.3",Gd,III ,0.5 mM,,,,,CCCCCCN(CCC(C)CCC=C(C)C)C(=O)COCC(=O)N(CCCCCC)CCC(C)CCC=C(C)C,-,"Hcl, N-(3-7-dimethyloct-6-enyl)-2-[2-[3-7-dimethyloct-6-enyl(hexyl)amino]-2-oxoethoxy]-N-hexylacetamide, Gd, Isopar L 0.7, Exxal 13 0.3",,"Isopar L 0.7, Exxal 13 0.3",,"https://doi.org/10.1021/jacsau.2c00122, https://doi.org/10.1021/jacs.5c19738",Baosen Zhang,2026-02-10 13:33:23,Distribution Ratio,11.29769900459986,-,Temperature,25.0,C,- -,,,Comments,updated ORNL,,,,
16763,N-(3-7-dimethyloct-6-enyl)-2-[2-[3-7-dimethyloct-6-enyl(hexyl)amino]-2-oxoethoxy]-N-hexylacetamide,0.1 M,Hcl,3 M,"Isopar L 0.7, Exxal 13 0.3",Sm,III ,0.5 mM,,,,,CCCCCCN(CCC(C)CCC=C(C)C)C(=O)COCC(=O)N(CCCCCC)CCC(C)CCC=C(C)C,-,"Hcl, N-(3-7-dimethyloct-6-enyl)-2-[2-[3-7-dimethyloct-6-enyl(hexyl)amino]-2-oxoethoxy]-N-hexylacetamide, Sm, Isopar L 0.7, Exxal 13 0.3",,"Isopar L 0.7, Exxal 13 0.3",,"https://doi.org/10.1021/jacsau.2c00122, https://doi.org/10.1021/jacs.5c19738",Baosen Zhang,2026-02-10 13:33:23,Distribution Ratio,3.81777210141467,-,Temperature,25.0,C,- -,,,Comments,updated ORNL,,,,
16764,N-(3-7-dimethyloct-6-enyl)-2-[2-[3-7-dimethyloct-6-enyl(hexyl)amino]-2-oxoethoxy]-N-hexylacetamide,0.1 M,Hcl,3 M,"Isopar L 0.7, Exxal 13 0.3",Nd,III ,0.5 mM,,,,,CCCCCCN(CCC(C)CCC=C(C)C)C(=O)COCC(=O)N(CCCCCC)CCC(C)CCC=C(C)C,-,"Hcl, N-(3-7-dimethyloct-6-enyl)-2-[2-[3-7-dimethyloct-6-enyl(hexyl)amino]-2-oxoethoxy]-N-hexylacetamide, Nd, Isopar L 0.7, Exxal 13 0.3",,"Isopar L 0.7, Exxal 13 0.3",,"https://doi.org/10.1021/jacsau.2c00122, https://doi.org/10.1021/jacs.5c19738",Baosen Zhang,2026-02-10 13:33:23,Distribution Ratio,0.6940328068664852,-,Temperature,25.0,C,- -,,,Comments,updated ORNL,,,,
16765,N-(3-7-dimethyloct-6-enyl)-2-[2-[3-7-dimethyloct-6-enyl(hexyl)amino]-2-oxoethoxy]-N-hexylacetamide,0.1 M,Hcl,3 M,"Isopar L 0.7, Exxal 13 0.3",Yb,III ,0.5 mM,,,,,CCCCCCN(CCC(C)CCC=C(C)C)C(=O)COCC(=O)N(CCCCCC)CCC(C)CCC=C(C)C,-,"Hcl, N-(3-7-dimethyloct-6-enyl)-2-[2-[3-7-dimethyloct-6-enyl(hexyl)amino]-2-oxoethoxy]-N-hexylacetamide, Yb, Isopar L 0.7, Exxal 13 0.3",,"Isopar L 0.7, Exxal 13 0.3",,"https://doi.org/10.1021/jacsau.2c00122, https://doi.org/10.1021/jacs.5c19738",Baosen Zhang,2026-02-10 13:33:23,Distribution Ratio,57.84955199650899,-,Temperature,25.0,C,- -,,,Comments,updated ORNL,,,,
16766,N-(3-7-dimethyloct-6-enyl)-2-[2-[3-7-dimethyloct-6-enyl(hexyl)amino]-2-oxoethoxy]-N-hexylacetamide,0.1 M,Hcl,3 M,"Isopar L 0.7, Exxal 13 0.3",Ce,III ,0.5 mM,,,,,CCCCCCN(CCC(C)CCC=C(C)C)C(=O)COCC(=O)N(CCCCCC)CCC(C)CCC=C(C)C,-,"Hcl, N-(3-7-dimethyloct-6-enyl)-2-[2-[3-7-dimethyloct-6-enyl(hexyl)amino]-2-oxoethoxy]-N-hexylacetamide, Ce, Isopar L 0.7, Exxal 13 0.3",,"Isopar L 0.7, Exxal 13 0.3",,"https://doi.org/10.1021/jacsau.2c00122, https://doi.org/10.1021/jacs.5c19738",Baosen Zhang,2026-02-10 13:33:23,Distribution Ratio,0.3332882477137483,-,Temperature,25.0,C,- -,,,Comments,updated ORNL,,,,
16767,N-(3-7-dimethyloct-6-enyl)-2-[2-[3-7-dimethyloct-6-enyl(hexyl)amino]-2-oxoethoxy]-N-hexylacetamide,0.1 M,Hcl,3 M,"Isopar L 0.7, Exxal 13 0.3",Tb,III ,0.5 mM,,,,,CCCCCCN(CCC(C)CCC=C(C)C)C(=O)COCC(=O)N(CCCCCC)CCC(C)CCC=C(C)C,-,"Hcl, N-(3-7-dimethyloct-6-enyl)-2-[2-[3-7-dimethyloct-6-enyl(hexyl)amino]-2-oxoethoxy]-N-hexylacetamide, Tb, Isopar L 0.7, Exxal 13 0.3",,"Isopar L 0.7, Exxal 13 0.3",,"https://doi.org/10.1021/jacsau.2c00122, https://doi.org/10.1021/jacs.5c19738",Baosen Zhang,2026-02-10 13:33:23,Distribution Ratio,25.61238373648077,-,Temperature,25.0,C,- -,,,Comments,updated ORNL,,,,
16768,N-(3-7-dimethyloct-6-enyl)-2-[2-[3-7-dimethyloct-6-enyl(hexyl)amino]-2-oxoethoxy]-N-hexylacetamide,0.1 M,Hcl,3 M,"Isopar L 0.7, Exxal 13 0.3",Pr,III ,0.5 mM,,,,,CCCCCCN(CCC(C)CCC=C(C)C)C(=O)COCC(=O)N(CCCCCC)CCC(C)CCC=C(C)C,-,"Hcl, N-(3-7-dimethyloct-6-enyl)-2-[2-[3-7-dimethyloct-6-enyl(hexyl)amino]-2-oxoethoxy]-N-hexylacetamide, Pr, Isopar L 0.7, Exxal 13 0.3",,"Isopar L 0.7, Exxal 13 0.3",,"https://doi.org/10.1021/jacsau.2c00122, https://doi.org/10.1021/jacs.5c19738",Baosen Zhang,2026-02-10 13:33:23,Distribution Ratio,0.2940085769295116,-,Temperature,25.0,C,- -,,,Comments,updated ORNL,,,,
16769,N-N-didodecyl-2-(1-hexyl-2-oxopiperidin-3-yl)oxyacetamide,0.1 M,HNO3,1 M,"n-dodecane 0.9, 1-octanol 0.1",Sm,III ,0.5 mM,,,,,CCCCCCCCCCCCN(CCCCCCCCCCCC)C(=O)COC1CCCN(CCCCCC)C1=O,-,"HNO3, N-N-didodecyl-2-(1-hexyl-2-oxopiperidin-3-yl)oxyacetamide, Sm, n-dodecane 0.9, 1-octanol 0.1",,"n-dodecane 0.9, 1-octanol 0.1",,"https://doi.org/10.1021/jacsau.2c00122, https://doi.org/10.1021/jacs.5c19738",Baosen Zhang,2026-02-10 13:33:23,Distribution Ratio,6.208118527120934,-,Temperature,25.0,C,- -,,,Comments,updated ORNL,,,,
16770,N-N-didodecyl-2-(1-hexyl-2-oxopiperidin-3-yl)oxyacetamide,0.1 M,HNO3,1 M,"n-dodecane 0.9, 1-octanol 0.1",La,III ,0.5 mM,,,,,CCCCCCCCCCCCN(CCCCCCCCCCCC)C(=O)COC1CCCN(CCCCCC)C1=O,-,"HNO3, N-N-didodecyl-2-(1-hexyl-2-oxopiperidin-3-yl)oxyacetamide, La, n-dodecane 0.9, 1-octanol 0.1",,"n-dodecane 0.9, 1-octanol 0.1",,"https://doi.org/10.1021/jacsau.2c00122, https://doi.org/10.1021/jacs.5c19738",Baosen Zhang,2026-02-10 13:33:23,Distribution Ratio,0.1795849756005861,-,Temperature,25.0,C,- -,,,Comments,updated ORNL,,,,
16771,N-N-didodecyl-2-(1-hexyl-2-oxopiperidin-3-yl)oxyacetamide,0.1 M,HNO3,1 M,"n-dodecane 0.9, 1-octanol 0.1",Ce,III ,0.5 mM,,,,,CCCCCCCCCCCCN(CCCCCCCCCCCC)C(=O)COC1CCCN(CCCCCC)C1=O,-,"HNO3, N-N-didodecyl-2-(1-hexyl-2-oxopiperidin-3-yl)oxyacetamide, Ce, n-dodecane 0.9, 1-octanol 0.1",,"n-dodecane 0.9, 1-octanol 0.1",,"https://doi.org/10.1021/jacsau.2c00122, https://doi.org/10.1021/jacs.5c19738",Baosen Zhang,2026-02-10 13:33:23,Distribution Ratio,0.2787661261590826,-,Temperature,25.0,C,- -,,,Comments,updated ORNL,,,,
16772,N-N-didodecyl-2-(1-hexyl-2-oxopiperidin-3-yl)oxyacetamide,0.1 M,HNO3,1 M,"n-dodecane 0.9, 1-octanol 0.1",Pr,III ,0.5 mM,,,,,CCCCCCCCCCCCN(CCCCCCCCCCCC)C(=O)COC1CCCN(CCCCCC)C1=O,-,"HNO3, N-N-didodecyl-2-(1-hexyl-2-oxopiperidin-3-yl)oxyacetamide, Pr, n-dodecane 0.9, 1-octanol 0.1",,"n-dodecane 0.9, 1-octanol 0.1",,"https://doi.org/10.1021/jacsau.2c00122, https://doi.org/10.1021/jacs.5c19738",Baosen Zhang,2026-02-10 13:33:24,Distribution Ratio,0.4343001706399726,-,Temperature,25.0,C,- -,,,Comments,updated ORNL,,,,
16773,N-N-didodecyl-2-(1-hexyl-2-oxopiperidin-3-yl)oxyacetamide,0.1 M,HNO3,1 M,"n-dodecane 0.9, 1-octanol 0.1",Nd,III ,0.5 mM,,,,,CCCCCCCCCCCCN(CCCCCCCCCCCC)C(=O)COC1CCCN(CCCCCC)C1=O,-,"HNO3, N-N-didodecyl-2-(1-hexyl-2-oxopiperidin-3-yl)oxyacetamide, Nd, n-dodecane 0.9, 1-octanol 0.1",,"n-dodecane 0.9, 1-octanol 0.1",,"https://doi.org/10.1021/jacsau.2c00122, https://doi.org/10.1021/jacs.5c19738",Baosen Zhang,2026-02-10 13:33:24,Distribution Ratio,0.8654859059937561,-,Temperature,25.0,C,- -,,,Comments,updated ORNL,,,,
16774,N-N-didodecyl-2-(1-hexyl-2-oxopiperidin-3-yl)oxyacetamide,0.1 M,HNO3,1 M,"n-dodecane 0.9, 1-octanol 0.1",Eu,III ,0.5 mM,,,,,CCCCCCCCCCCCN(CCCCCCCCCCCC)C(=O)COC1CCCN(CCCCCC)C1=O,-,"HNO3, N-N-didodecyl-2-(1-hexyl-2-oxopiperidin-3-yl)oxyacetamide, Eu, n-dodecane 0.9, 1-octanol 0.1",,"n-dodecane 0.9, 1-octanol 0.1",,"https://doi.org/10.1021/jacsau.2c00122, https://doi.org/10.1021/jacs.5c19738",Baosen Zhang,2026-02-10 13:33:24,Distribution Ratio,14.97062734983887,-,Temperature,25.0,C,- -,,,Comments,updated ORNL,,,,
16775,N-N-didodecyl-2-(1-hexyl-2-oxopiperidin-3-yl)oxyacetamide,0.1 M,HNO3,1 M,"n-dodecane 0.9, 1-octanol 0.1",Gd,III ,0.5 mM,,,,,CCCCCCCCCCCCN(CCCCCCCCCCCC)C(=O)COC1CCCN(CCCCCC)C1=O,-,"HNO3, N-N-didodecyl-2-(1-hexyl-2-oxopiperidin-3-yl)oxyacetamide, Gd, n-dodecane 0.9, 1-octanol 0.1",,"n-dodecane 0.9, 1-octanol 0.1",,"https://doi.org/10.1021/jacsau.2c00122, https://doi.org/10.1021/jacs.5c19738",Baosen Zhang,2026-02-10 13:33:24,Distribution Ratio,23.01706795942664,-,Temperature,25.0,C,- -,,,Comments,updated ORNL,,,,
16776,N-N-didodecyl-2-(1-hexyl-2-oxopiperidin-3-yl)oxyacetamide,0.1 M,HNO3,1 M,"n-dodecane 0.9, 1-octanol 0.1",Tb,III ,0.5 mM,,,,,CCCCCCCCCCCCN(CCCCCCCCCCCC)C(=O)COC1CCCN(CCCCCC)C1=O,-,"HNO3, N-N-didodecyl-2-(1-hexyl-2-oxopiperidin-3-yl)oxyacetamide, Tb, n-dodecane 0.9, 1-octanol 0.1",,"n-dodecane 0.9, 1-octanol 0.1",,"https://doi.org/10.1021/jacsau.2c00122, https://doi.org/10.1021/jacs.5c19738",Baosen Zhang,2026-02-10 13:33:24,Distribution Ratio,76.946700167697,-,Temperature,25.0,C,- -,,,Comments,updated ORNL,,,,
16777,N-N-didodecyl-2-(1-hexyl-2-oxopiperidin-3-yl)oxyacetamide,0.1 M,HNO3,1 M,"n-dodecane 0.9, 1-octanol 0.1",Dy,III ,0.5 mM,,,,,CCCCCCCCCCCCN(CCCCCCCCCCCC)C(=O)COC1CCCN(CCCCCC)C1=O,-,"HNO3, N-N-didodecyl-2-(1-hexyl-2-oxopiperidin-3-yl)oxyacetamide, Dy, n-dodecane 0.9, 1-octanol 0.1",,"n-dodecane 0.9, 1-octanol 0.1",,"https://doi.org/10.1021/jacsau.2c00122, https://doi.org/10.1021/jacs.5c19738",Baosen Zhang,2026-02-10 13:33:24,Distribution Ratio,112.4630869251542,-,Temperature,25.0,C,- -,,,Comments,updated ORNL,,,,
16778,N-N-didodecyl-2-(1-hexyl-2-oxopiperidin-3-yl)oxyacetamide,0.1 M,HNO3,1 M,"n-dodecane 0.9, 1-octanol 0.1",Ho,III ,0.5 mM,,,,,CCCCCCCCCCCCN(CCCCCCCCCCCC)C(=O)COC1CCCN(CCCCCC)C1=O,-,"HNO3, N-N-didodecyl-2-(1-hexyl-2-oxopiperidin-3-yl)oxyacetamide, Ho, n-dodecane 0.9, 1-octanol 0.1",,"n-dodecane 0.9, 1-octanol 0.1",,"https://doi.org/10.1021/jacsau.2c00122, https://doi.org/10.1021/jacs.5c19738",Baosen Zhang,2026-02-10 13:33:24,Distribution Ratio,173.1769154832624,-,Temperature,25.0,C,- -,,,Comments,updated ORNL,,,,
16779,N-N-didodecyl-2-(1-hexyl-2-oxopiperidin-3-yl)oxyacetamide,0.1 M,HNO3,1 M,"n-dodecane 0.9, 1-octanol 0.1",Er,III ,0.5 mM,,,,,CCCCCCCCCCCCN(CCCCCCCCCCCC)C(=O)COC1CCCN(CCCCCC)C1=O,-,"HNO3, N-N-didodecyl-2-(1-hexyl-2-oxopiperidin-3-yl)oxyacetamide, Er, n-dodecane 0.9, 1-octanol 0.1",,"n-dodecane 0.9, 1-octanol 0.1",,"https://doi.org/10.1021/jacsau.2c00122, https://doi.org/10.1021/jacs.5c19738",Baosen Zhang,2026-02-10 13:33:24,Distribution Ratio,251.5127466694512,-,Temperature,25.0,C,- -,,,Comments,updated ORNL,,,,
16780,N-N-didodecyl-2-(1-hexyl-2-oxopiperidin-3-yl)oxyacetamide,0.1 M,HNO3,1 M,"n-dodecane 0.9, 1-octanol 0.1",Tm,III ,0.5 mM,,,,,CCCCCCCCCCCCN(CCCCCCCCCCCC)C(=O)COC1CCCN(CCCCCC)C1=O,-,"HNO3, N-N-didodecyl-2-(1-hexyl-2-oxopiperidin-3-yl)oxyacetamide, Tm, n-dodecane 0.9, 1-octanol 0.1",,"n-dodecane 0.9, 1-octanol 0.1",,"https://doi.org/10.1021/jacsau.2c00122, https://doi.org/10.1021/jacs.5c19738",Baosen Zhang,2026-02-10 13:33:24,Distribution Ratio,295.8625526859342,-,Temperature,25.0,C,- -,,,Comments,updated ORNL,,,,
16781,N-(3-7-dimethyloct-6-enyl)-2-[2-[3-7-dimethyloct-6-enyl(hexyl)amino]-2-oxoethoxy]-N-hexylacetamide,0.1 M,Hcl,3 M,"Isopar L 0.7, Exxal 13 0.3",La,III ,0.5 mM,,,,,CCCCCCN(CCC(C)CCC=C(C)C)C(=O)COCC(=O)N(CCCCCC)CCC(C)CCC=C(C)C,-,"Hcl, N-(3-7-dimethyloct-6-enyl)-2-[2-[3-7-dimethyloct-6-enyl(hexyl)amino]-2-oxoethoxy]-N-hexylacetamide, La, Isopar L 0.7, Exxal 13 0.3",,"Isopar L 0.7, Exxal 13 0.3",,"https://doi.org/10.1021/jacsau.2c00122, https://doi.org/10.1021/jacs.5c19738",Baosen Zhang,2026-02-10 13:33:24,Distribution Ratio,0.05474065630314,-,Temperature,25.0,C,- -,,,Comments,updated ORNL,,,,
16782,N-(3-7-dimethyloct-6-enyl)-2-[2-[3-7-dimethyloct-6-enyl(hexyl)amino]-2-oxoethoxy]-N-hexylacetamide,0.1 M,Hcl,3 M,"Isopar L 0.7, Exxal 13 0.3",Lu,III ,0.5 mM,,,,,CCCCCCN(CCC(C)CCC=C(C)C)C(=O)COCC(=O)N(CCCCCC)CCC(C)CCC=C(C)C,-,"Hcl, N-(3-7-dimethyloct-6-enyl)-2-[2-[3-7-dimethyloct-6-enyl(hexyl)amino]-2-oxoethoxy]-N-hexylacetamide, Lu, Isopar L 0.7, Exxal 13 0.3",,"Isopar L 0.7, Exxal 13 0.3",,"https://doi.org/10.1021/jacsau.2c00122, https://doi.org/10.1021/jacs.5c19738",Baosen Zhang,2026-02-10 13:33:24,Distribution Ratio,57.94286964268809,-,Temperature,25.0,C,- -,,,Comments,updated ORNL,,,,
16783,N-(3-7-dimethyloctyl)-2-[2-[3-7-dimethyloctyl(hexyl)amino]-2-oxoethoxy]-N-hexylacetamide,0.1 M,Hcl,3 M,"Isopar L 0.7, Exxal 13 0.3",Lu,III ,0.5 mM,,,,,CCCCCCN(CCC(C)CCCC(C)C)C(=O)COCC(=O)N(CCCCCC)CCC(C)CCCC(C)C,-,"Hcl, N-(3-7-dimethyloctyl)-2-[2-[3-7-dimethyloctyl(hexyl)amino]-2-oxoethoxy]-N-hexylacetamide, Lu, Isopar L 0.7, Exxal 13 0.3",,"Isopar L 0.7, Exxal 13 0.3",,"https://doi.org/10.1021/jacsau.2c00122, https://doi.org/10.1021/jacs.5c19738",Baosen Zhang,2026-02-10 13:33:24,Distribution Ratio,71.7909995366204,-,Temperature,25.0,C,- -,,,Comments,updated ORNL,,,,
16784,N-(3-7-dimethyloctyl)-2-[2-[3-7-dimethyloctyl(hexyl)amino]-2-oxoethoxy]-N-hexylacetamide,0.1 M,Hcl,3 M,"Isopar L 0.7, Exxal 13 0.3",Tm,III ,0.5 mM,,,,,CCCCCCN(CCC(C)CCCC(C)C)C(=O)COCC(=O)N(CCCCCC)CCC(C)CCCC(C)C,-,"Hcl, N-(3-7-dimethyloctyl)-2-[2-[3-7-dimethyloctyl(hexyl)amino]-2-oxoethoxy]-N-hexylacetamide, Tm, Isopar L 0.7, Exxal 13 0.3",,"Isopar L 0.7, Exxal 13 0.3",,"https://doi.org/10.1021/jacsau.2c00122, https://doi.org/10.1021/jacs.5c19738",Baosen Zhang,2026-02-10 13:33:24,Distribution Ratio,61.30557921498208,-,Temperature,25.0,C,- -,,,Comments,updated ORNL,,,,
16785,N-N-didodecyl-2-(1-hexyl-2-oxopiperidin-3-yl)oxyacetamide,0.1 M,HNO3,1 M,"n-dodecane 0.9, 1-octanol 0.1",Yb,III ,0.5 mM,,,,,CCCCCCCCCCCCN(CCCCCCCCCCCC)C(=O)COC1CCCN(CCCCCC)C1=O,-,"HNO3, N-N-didodecyl-2-(1-hexyl-2-oxopiperidin-3-yl)oxyacetamide, Yb, n-dodecane 0.9, 1-octanol 0.1",,"n-dodecane 0.9, 1-octanol 0.1",,"https://doi.org/10.1021/jacsau.2c00122, https://doi.org/10.1021/jacs.5c19738",Baosen Zhang,2026-02-10 13:33:24,Distribution Ratio,284.4133645611315,-,Temperature,25.0,C,- -,,,Comments,updated ORNL,,,,
16786,N-(3-7-dimethyloctyl)-2-[2-[3-7-dimethyloctyl(hexyl)amino]-2-oxoethoxy]-N-hexylacetamide,0.1 M,Hcl,3 M,"Isopar L 0.7, Exxal 13 0.3",La,III ,0.5 mM,,,,,CCCCCCN(CCC(C)CCCC(C)C)C(=O)COCC(=O)N(CCCCCC)CCC(C)CCCC(C)C,-,"Hcl, N-(3-7-dimethyloctyl)-2-[2-[3-7-dimethyloctyl(hexyl)amino]-2-oxoethoxy]-N-hexylacetamide, La, Isopar L 0.7, Exxal 13 0.3",,"Isopar L 0.7, Exxal 13 0.3",,"https://doi.org/10.1021/jacsau.2c00122, https://doi.org/10.1021/jacs.5c19738",Baosen Zhang,2026-02-10 13:33:25,Distribution Ratio,0.05149084275261635,-,Temperature,25.0,C,- -,,,Comments,updated ORNL,,,,
16787,N-(3-7-dimethyloctyl)-2-[2-[3-7-dimethyloctyl(hexyl)amino]-2-oxoethoxy]-N-hexylacetamide,0.1 M,Hcl,3 M,"Isopar L 0.7, Exxal 13 0.3",Ce,III ,0.5 mM,,,,,CCCCCCN(CCC(C)CCCC(C)C)C(=O)COCC(=O)N(CCCCCC)CCC(C)CCCC(C)C,-,"Hcl, N-(3-7-dimethyloctyl)-2-[2-[3-7-dimethyloctyl(hexyl)amino]-2-oxoethoxy]-N-hexylacetamide, Ce, Isopar L 0.7, Exxal 13 0.3",,"Isopar L 0.7, Exxal 13 0.3",,"https://doi.org/10.1021/jacsau.2c00122, https://doi.org/10.1021/jacs.5c19738",Baosen Zhang,2026-02-10 13:33:25,Distribution Ratio,0.2953384559309051,-,Temperature,25.0,C,- -,,,Comments,updated ORNL,,,,
16788,N-(3-7-dimethyloctyl)-2-[2-[3-7-dimethyloctyl(hexyl)amino]-2-oxoethoxy]-N-hexylacetamide,0.1 M,Hcl,3 M,"Isopar L 0.7, Exxal 13 0.3",Pr,III ,0.5 mM,,,,,CCCCCCN(CCC(C)CCCC(C)C)C(=O)COCC(=O)N(CCCCCC)CCC(C)CCCC(C)C,-,"Hcl, N-(3-7-dimethyloctyl)-2-[2-[3-7-dimethyloctyl(hexyl)amino]-2-oxoethoxy]-N-hexylacetamide, Pr, Isopar L 0.7, Exxal 13 0.3",,"Isopar L 0.7, Exxal 13 0.3",,"https://doi.org/10.1021/jacsau.2c00122, https://doi.org/10.1021/jacs.5c19738",Baosen Zhang,2026-02-10 13:33:25,Distribution Ratio,0.2623372731610691,-,Temperature,25.0,C,- -,,,Comments,updated ORNL,,,,
16789,N-(3-7-dimethyloctyl)-2-[2-[3-7-dimethyloctyl(hexyl)amino]-2-oxoethoxy]-N-hexylacetamide,0.1 M,Hcl,3 M,"Isopar L 0.7, Exxal 13 0.3",Nd,III ,0.5 mM,,,,,CCCCCCN(CCC(C)CCCC(C)C)C(=O)COCC(=O)N(CCCCCC)CCC(C)CCCC(C)C,-,"Hcl, N-(3-7-dimethyloctyl)-2-[2-[3-7-dimethyloctyl(hexyl)amino]-2-oxoethoxy]-N-hexylacetamide, Nd, Isopar L 0.7, Exxal 13 0.3",,"Isopar L 0.7, Exxal 13 0.3",,"https://doi.org/10.1021/jacsau.2c00122, https://doi.org/10.1021/jacs.5c19738",Baosen Zhang,2026-02-10 13:33:25,Distribution Ratio,0.5985356183363559,-,Temperature,25.0,C,- -,,,Comments,updated ORNL,,,,
16790,N-(3-7-dimethyloctyl)-2-[2-[3-7-dimethyloctyl(hexyl)amino]-2-oxoethoxy]-N-hexylacetamide,0.1 M,Hcl,3 M,"Isopar L 0.7, Exxal 13 0.3",Sm,III ,0.5 mM,,,,,CCCCCCN(CCC(C)CCCC(C)C)C(=O)COCC(=O)N(CCCCCC)CCC(C)CCCC(C)C,-,"Hcl, N-(3-7-dimethyloctyl)-2-[2-[3-7-dimethyloctyl(hexyl)amino]-2-oxoethoxy]-N-hexylacetamide, Sm, Isopar L 0.7, Exxal 13 0.3",,"Isopar L 0.7, Exxal 13 0.3",,"https://doi.org/10.1021/jacsau.2c00122, https://doi.org/10.1021/jacs.5c19738",Baosen Zhang,2026-02-10 13:33:25,Distribution Ratio,3.782683455893897,-,Temperature,25.0,C,- -,,,Comments,updated ORNL,,,,
16791,N-(3-7-dimethyloctyl)-2-[2-[3-7-dimethyloctyl(hexyl)amino]-2-oxoethoxy]-N-hexylacetamide,0.1 M,Hcl,3 M,"Isopar L 0.7, Exxal 13 0.3",Eu,III ,0.5 mM,,,,,CCCCCCN(CCC(C)CCCC(C)C)C(=O)COCC(=O)N(CCCCCC)CCC(C)CCCC(C)C,-,"Hcl, N-(3-7-dimethyloctyl)-2-[2-[3-7-dimethyloctyl(hexyl)amino]-2-oxoethoxy]-N-hexylacetamide, Eu, Isopar L 0.7, Exxal 13 0.3",,"Isopar L 0.7, Exxal 13 0.3",,"https://doi.org/10.1021/jacsau.2c00122, https://doi.org/10.1021/jacs.5c19738",Baosen Zhang,2026-02-10 13:33:25,Distribution Ratio,8.00847824212477,-,Temperature,25.0,C,- -,,,Comments,updated ORNL,,,,
16792,N-(3-7-dimethyloctyl)-2-[2-[3-7-dimethyloctyl(hexyl)amino]-2-oxoethoxy]-N-hexylacetamide,0.1 M,Hcl,3 M,"Isopar L 0.7, Exxal 13 0.3",Gd,III ,0.5 mM,,,,,CCCCCCN(CCC(C)CCCC(C)C)C(=O)COCC(=O)N(CCCCCC)CCC(C)CCCC(C)C,-,"Hcl, N-(3-7-dimethyloctyl)-2-[2-[3-7-dimethyloctyl(hexyl)amino]-2-oxoethoxy]-N-hexylacetamide, Gd, Isopar L 0.7, Exxal 13 0.3",,"Isopar L 0.7, Exxal 13 0.3",,"https://doi.org/10.1021/jacsau.2c00122, https://doi.org/10.1021/jacs.5c19738",Baosen Zhang,2026-02-10 13:33:25,Distribution Ratio,10.39225991267467,-,Temperature,25.0,C,- -,,,Comments,updated ORNL,,,,
16793,N-(3-7-dimethyloctyl)-2-[2-[3-7-dimethyloctyl(hexyl)amino]-2-oxoethoxy]-N-hexylacetamide,0.1 M,Hcl,3 M,"Isopar L 0.7, Exxal 13 0.3",Tb,III ,0.5 mM,,,,,CCCCCCN(CCC(C)CCCC(C)C)C(=O)COCC(=O)N(CCCCCC)CCC(C)CCCC(C)C,-,"Hcl, N-(3-7-dimethyloctyl)-2-[2-[3-7-dimethyloctyl(hexyl)amino]-2-oxoethoxy]-N-hexylacetamide, Tb, Isopar L 0.7, Exxal 13 0.3",,"Isopar L 0.7, Exxal 13 0.3",,"https://doi.org/10.1021/jacsau.2c00122, https://doi.org/10.1021/jacs.5c19738",Baosen Zhang,2026-02-10 13:33:25,Distribution Ratio,25.27085873303918,-,Temperature,25.0,C,- -,,,Comments,updated ORNL,,,,
16794,N-(3-7-dimethyloctyl)-2-[2-[3-7-dimethyloctyl(hexyl)amino]-2-oxoethoxy]-N-hexylacetamide,0.1 M,Hcl,3 M,"Isopar L 0.7, Exxal 13 0.3",Dy,III ,0.5 mM,,,,,CCCCCCN(CCC(C)CCCC(C)C)C(=O)COCC(=O)N(CCCCCC)CCC(C)CCCC(C)C,-,"Hcl, N-(3-7-dimethyloctyl)-2-[2-[3-7-dimethyloctyl(hexyl)amino]-2-oxoethoxy]-N-hexylacetamide, Dy, Isopar L 0.7, Exxal 13 0.3",,"Isopar L 0.7, Exxal 13 0.3",,"https://doi.org/10.1021/jacsau.2c00122, https://doi.org/10.1021/jacs.5c19738",Baosen Zhang,2026-02-10 13:33:25,Distribution Ratio,32.597177700372,-,Temperature,25.0,C,- -,,,Comments,updated ORNL,,,,
16795,N-(3-7-dimethyloctyl)-2-[2-[3-7-dimethyloctyl(hexyl)amino]-2-oxoethoxy]-N-hexylacetamide,0.1 M,Hcl,3 M,"Isopar L 0.7, Exxal 13 0.3",Ho,III ,0.5 mM,,,,,CCCCCCN(CCC(C)CCCC(C)C)C(=O)COCC(=O)N(CCCCCC)CCC(C)CCCC(C)C,-,"Hcl, N-(3-7-dimethyloctyl)-2-[2-[3-7-dimethyloctyl(hexyl)amino]-2-oxoethoxy]-N-hexylacetamide, Ho, Isopar L 0.7, Exxal 13 0.3",,"Isopar L 0.7, Exxal 13 0.3",,"https://doi.org/10.1021/jacsau.2c00122, https://doi.org/10.1021/jacs.5c19738",Baosen Zhang,2026-02-10 13:33:25,Distribution Ratio,49.04446484097314,-,Temperature,25.0,C,- -,,,Comments,updated ORNL,,,,
16796,N-(3-7-dimethyloctyl)-2-[2-[3-7-dimethyloctyl(hexyl)amino]-2-oxoethoxy]-N-hexylacetamide,0.1 M,Hcl,3 M,"Isopar L 0.7, Exxal 13 0.3",Er,III ,0.5 mM,,,,,CCCCCCN(CCC(C)CCCC(C)C)C(=O)COCC(=O)N(CCCCCC)CCC(C)CCCC(C)C,-,"Hcl, N-(3-7-dimethyloctyl)-2-[2-[3-7-dimethyloctyl(hexyl)amino]-2-oxoethoxy]-N-hexylacetamide, Er, Isopar L 0.7, Exxal 13 0.3",,"Isopar L 0.7, Exxal 13 0.3",,"https://doi.org/10.1021/jacsau.2c00122, https://doi.org/10.1021/jacs.5c19738",Baosen Zhang,2026-02-10 13:33:25,Distribution Ratio,67.68462077804335,-,Temperature,25.0,C,- -,,,Comments,updated ORNL,,,,
16797,N-(3-7-dimethyloctyl)-2-[2-[3-7-dimethyloctyl(hexyl)amino]-2-oxoethoxy]-N-hexylacetamide,0.1 M,Hcl,3 M,"Isopar L 0.7, Exxal 13 0.3",Yb,III ,0.5 mM,,,,,CCCCCCN(CCC(C)CCCC(C)C)C(=O)COCC(=O)N(CCCCCC)CCC(C)CCCC(C)C,-,"Hcl, N-(3-7-dimethyloctyl)-2-[2-[3-7-dimethyloctyl(hexyl)amino]-2-oxoethoxy]-N-hexylacetamide, Yb, Isopar L 0.7, Exxal 13 0.3",,"Isopar L 0.7, Exxal 13 0.3",,"https://doi.org/10.1021/jacsau.2c00122, https://doi.org/10.1021/jacs.5c19738",Baosen Zhang,2026-02-10 13:33:25,Distribution Ratio,68.74165755646034,-,Temperature,25.0,C,- -,,,Comments,updated ORNL,,,,
16798,N-N-didodecyl-2-(1-hexyl-2-oxopiperidin-3-yl)oxyacetamide,0.1 M,HNO3,1 M,"n-dodecane 0.9, 1-octanol 0.1",Lu,III ,0.5 mM,,,,,CCCCCCCCCCCCN(CCCCCCCCCCCC)C(=O)COC1CCCN(CCCCCC)C1=O,-,"HNO3, N-N-didodecyl-2-(1-hexyl-2-oxopiperidin-3-yl)oxyacetamide, Lu, n-dodecane 0.9, 1-octanol 0.1",,"n-dodecane 0.9, 1-octanol 0.1",,"https://doi.org/10.1021/jacsau.2c00122, https://doi.org/10.1021/jacs.5c19738",Baosen Zhang,2026-02-10 13:33:25,Distribution Ratio,384.5386523972506,-,Temperature,25.0,C,- -,,,Comments,updated ORNL,,,,
