exp_id,Extractant_Name,Extractant_Concentration_M,Acid_Name,Acid_Concentration_M,Solvent_Name,Metal_Name,Metal_Oxidation_state,Metal_Concentration_mM,Phase_Modifier_Name,Phase_Modifier_Concentration_M,Holdback_Agent_Name,Holdback_Agent_Concentration_M,Extractant_SMILES,Extractant_inchi,ini_comp,Acid_Concentration_Organic_M,f_Solvent_Name,f_Metal_Concentration_mM,DOI,entry_author,addition_date,obsDvalues,obsDvaluesValue,obsTotalEnergiesUnit,obsTemp,obsTempsValue,obsTempUnit,Contact_Time_min,Shaking_Time_min,Radiolytic_Dosage_kGy,comments_obsType,comments_description,volType,volValue,thirdType,thirdValue
2716,TODGA,0.00558179 M,HNO3,2.9 M,n-Dodecane,Tm, ,0.59 mM,,,,,CCCCCCCCN(CCCCCCCC)C(=O)COCC(=O)N(CCCCCCCC)CCCCCCCC,-,"HNO3, TODGA, Tm, n-Dodecane",,n-Dodecane,,doi:10.1016/j.aca.2004.09.023,Aurora Clark,2024-12-16 21:51:46,Distribution Ratio,70.8434,-,Temperature,25.0,C,- -,50.0 min,,Comments,fig2 (III) – assuming 100ppm 0.0 extraction:nan,,,,
2717,TODGA,0.00341613 M,HNO3,2.9 M,n-Dodecane,Tm, ,0.59 mM,,,,,CCCCCCCCN(CCCCCCCC)C(=O)COCC(=O)N(CCCCCCCC)CCCCCCCC,-,"HNO3, TODGA, Tm, n-Dodecane",,n-Dodecane,,doi:10.1016/j.aca.2004.09.023,Aurora Clark,2024-12-16 21:51:46,Distribution Ratio,6.9873,-,Temperature,25.0,C,- -,50.0 min,,Comments,fig2 (III) – assuming 100ppm 0.0 extraction:nan,,,,
2718,TODGA,0.00213679 M,HNO3,2.9 M,n-Dodecane,Tm, ,0.59 mM,,,,,CCCCCCCCN(CCCCCCCC)C(=O)COCC(=O)N(CCCCCCCC)CCCCCCCC,-,"HNO3, TODGA, Tm, n-Dodecane",,n-Dodecane,,doi:10.1016/j.aca.2004.09.023,Aurora Clark,2024-12-16 21:51:46,Distribution Ratio,0.6704,-,Temperature,25.0,C,- -,50.0 min,,Comments,fig2 (III) – assuming 100ppm 0.0 extraction:nan,,,,
2719,TODGA,0.0010123 M,HNO3,2.9 M,n-Dodecane,Tm, ,0.59 mM,,,,,CCCCCCCCN(CCCCCCCC)C(=O)COCC(=O)N(CCCCCCCC)CCCCCCCC,-,"HNO3, TODGA, Tm, n-Dodecane",,n-Dodecane,,doi:10.1016/j.aca.2004.09.023,Aurora Clark,2024-12-16 21:51:46,Distribution Ratio,0.0213,-,Temperature,25.0,C,- -,50.0 min,,Comments,fig2 (III) – assuming 100ppm 0.0 extraction:nan,,,,
4309,TODGA,0.2 M,HNO3,0.0478 M,DIPB,Tm,III , ,,,,,CCCCCCCCN(CCCCCCCC)C(=O)COCC(=O)N(CCCCCCCC)CCCCCCCC,-,"HNO3, TODGA, Tm, DIPB",,DIPB,,https://doi.org/10.1016/j.hydromet.2020.105248,Aurora Clark,2024-12-16 21:54:05,Distribution Ratio,0.1633,-,Temperature,20.0,C,- -,30.0 min,,Comments,figS4-B nan nan extraction:nan,,,,
4310,TODGA,0.2 M,HNO3,0.1212 M,DIPB,Tm,III , ,,,,,CCCCCCCCN(CCCCCCCC)C(=O)COCC(=O)N(CCCCCCCC)CCCCCCCC,-,"HNO3, TODGA, Tm, DIPB",,DIPB,,https://doi.org/10.1016/j.hydromet.2020.105248,Aurora Clark,2024-12-16 21:54:05,Distribution Ratio,0.5738,-,Temperature,20.0,C,- -,30.0 min,,Comments,figS4-B nan nan extraction:nan,,,,
4311,TODGA,0.2 M,HNO3,0.3044 M,DIPB,Tm,III , ,,,,,CCCCCCCCN(CCCCCCCC)C(=O)COCC(=O)N(CCCCCCCC)CCCCCCCC,-,"HNO3, TODGA, Tm, DIPB",,DIPB,,https://doi.org/10.1016/j.hydromet.2020.105248,Aurora Clark,2024-12-16 21:54:05,Distribution Ratio,6.6226,-,Temperature,20.0,C,- -,30.0 min,,Comments,figS4-B nan nan extraction:nan,,,,
4312,TODGA,0.2 M,HNO3,0.4851 M,DIPB,Tm,III , ,,,,,CCCCCCCCN(CCCCCCCC)C(=O)COCC(=O)N(CCCCCCCC)CCCCCCCC,-,"HNO3, TODGA, Tm, DIPB",,DIPB,,https://doi.org/10.1016/j.hydromet.2020.105248,Aurora Clark,2024-12-16 21:54:06,Distribution Ratio,35.0877,-,Temperature,20.0,C,- -,30.0 min,,Comments,figS4-B nan nan extraction:nan,,,,
4313,TODGA,0.2 M,HNO3,0.6708 M,DIPB,Tm,III , ,,,,,CCCCCCCCN(CCCCCCCC)C(=O)COCC(=O)N(CCCCCCCC)CCCCCCCC,-,"HNO3, TODGA, Tm, DIPB",,DIPB,,https://doi.org/10.1016/j.hydromet.2020.105248,Aurora Clark,2024-12-16 21:54:06,Distribution Ratio,183.3896,-,Temperature,20.0,C,- -,30.0 min,,Comments,figS4-B nan nan extraction:nan,,,,
4314,TODGA,0.2 M,HNO3,0.7709 M,DIPB,Tm,III , ,,,,,CCCCCCCCN(CCCCCCCC)C(=O)COCC(=O)N(CCCCCCCC)CCCCCCCC,-,"HNO3, TODGA, Tm, DIPB",,DIPB,,https://doi.org/10.1016/j.hydromet.2020.105248,Aurora Clark,2024-12-16 21:54:06,Distribution Ratio,383.4268,-,Temperature,20.0,C,- -,30.0 min,,Comments,figS4-B nan nan extraction:nan,,,,
4315,TODGA,0.2 M,HNO3,0.9445 M,DIPB,Tm,III , ,,,,,CCCCCCCCN(CCCCCCCC)C(=O)COCC(=O)N(CCCCCCCC)CCCCCCCC,-,"HNO3, TODGA, Tm, DIPB",,DIPB,,https://doi.org/10.1016/j.hydromet.2020.105248,Aurora Clark,2024-12-16 21:54:06,Distribution Ratio,1163.5691,-,Temperature,20.0,C,- -,30.0 min,,Comments,figS4-B nan nan extraction:nan,,,,
8717,tMe2-TODGA,0.1 M,HNO3,4.3 M,hydrogenated tetrapropene,La,III ,0.01 mM,,,,,CCCCCCCCN(CCCCCCCC)C(=O)[C@@H](C)O[C@@H](C)C(=O)N(CCCCCCCC)CCCCCCCC,-,"HNO3, tMe2-TODGA, La, hydrogenated tetrapropene",,hydrogenated tetrapropene,,"https://doi.org/10.1002/chem.201806161, https://doi.org/10.1021/jacs.5c19738",Thomas Summers,2026-01-20 20:37:21,Distribution Ratio,0.321764175025074,-,Temperature,22.0,C,15.0 min,,,Comments,"Data Location: Figure 2; Additional Comments: nan; Complexant_Name: nan; Complexant_SMILES: nan; Complexant_Concentration_M: nan; Publication_Year: 2019; Title: Unprecedented Inversion of Selectivity and Extraordinary Difference in the Complexation of Trivalent f Elements by Diastereomers of a Methylated Diglycolamide; Authors: Dr. Andreas Wilden, Dr. Piotr M. Kowalski, Larissa Klaß, Benjamin Kraus, Fabian Kreft, Prof. Dr. Giuseppe Modolo, Dr. Yan Li, Dr. Jörg Rothe, Dr. Kathy Dardenne, Dr. Andreas Geist, Dr. Andrea Leoncini, Prof. Jurriaan Huskens, Dr. Willem Verboom ; No. of Extractants: 1; Aqueous Phase Metals: nan; Metal_Concentration_mM: 0.01; No. of Metals: 1",Volume Ratio,1.0,,
8718,tMe2-TODGA,0.1 M,HNO3,4.3 M,hydrogenated tetrapropene,Ce,III ,0.01 mM,,,,,CCCCCCCCN(CCCCCCCC)C(=O)[C@@H](C)O[C@@H](C)C(=O)N(CCCCCCCC)CCCCCCCC,-,"HNO3, tMe2-TODGA, Ce, hydrogenated tetrapropene",,hydrogenated tetrapropene,,"https://doi.org/10.1002/chem.201806161, https://doi.org/10.1021/jacs.5c19738",Thomas Summers,2026-01-20 20:37:21,Distribution Ratio,0.622257083673024,-,Temperature,22.0,C,15.0 min,,,Comments,"Data Location: Figure 2; Additional Comments: nan; Complexant_Name: nan; Complexant_SMILES: nan; Complexant_Concentration_M: nan; Publication_Year: 2019; Title: Unprecedented Inversion of Selectivity and Extraordinary Difference in the Complexation of Trivalent f Elements by Diastereomers of a Methylated Diglycolamide; Authors: Dr. Andreas Wilden, Dr. Piotr M. Kowalski, Larissa Klaß, Benjamin Kraus, Fabian Kreft, Prof. Dr. Giuseppe Modolo, Dr. Yan Li, Dr. Jörg Rothe, Dr. Kathy Dardenne, Dr. Andreas Geist, Dr. Andrea Leoncini, Prof. Jurriaan Huskens, Dr. Willem Verboom ; No. of Extractants: 1; Aqueous Phase Metals: nan; Metal_Concentration_mM: 0.01; No. of Metals: 1",Volume Ratio,1.0,,
8719,tMe2-TODGA,0.1 M,HNO3,4.3 M,hydrogenated tetrapropene,Pr,III ,0.01 mM,,,,,CCCCCCCCN(CCCCCCCC)C(=O)[C@@H](C)O[C@@H](C)C(=O)N(CCCCCCCC)CCCCCCCC,-,"HNO3, tMe2-TODGA, Pr, hydrogenated tetrapropene",,hydrogenated tetrapropene,,"https://doi.org/10.1002/chem.201806161, https://doi.org/10.1021/jacs.5c19738",Thomas Summers,2026-01-20 20:37:21,Distribution Ratio,0.757525025877192,-,Temperature,22.0,C,15.0 min,,,Comments,"Data Location: Figure 2; Additional Comments: nan; Complexant_Name: nan; Complexant_SMILES: nan; Complexant_Concentration_M: nan; Publication_Year: 2019; Title: Unprecedented Inversion of Selectivity and Extraordinary Difference in the Complexation of Trivalent f Elements by Diastereomers of a Methylated Diglycolamide; Authors: Dr. Andreas Wilden, Dr. Piotr M. Kowalski, Larissa Klaß, Benjamin Kraus, Fabian Kreft, Prof. Dr. Giuseppe Modolo, Dr. Yan Li, Dr. Jörg Rothe, Dr. Kathy Dardenne, Dr. Andreas Geist, Dr. Andrea Leoncini, Prof. Jurriaan Huskens, Dr. Willem Verboom ; No. of Extractants: 1; Aqueous Phase Metals: nan; Metal_Concentration_mM: 0.01; No. of Metals: 1",Volume Ratio,1.0,,
8720,tMe2-TODGA,0.1 M,HNO3,4.3 M,hydrogenated tetrapropene,Nd,III ,0.01 mM,,,,,CCCCCCCCN(CCCCCCCC)C(=O)[C@@H](C)O[C@@H](C)C(=O)N(CCCCCCCC)CCCCCCCC,-,"HNO3, tMe2-TODGA, Nd, hydrogenated tetrapropene",,hydrogenated tetrapropene,,"https://doi.org/10.1002/chem.201806161, https://doi.org/10.1021/jacs.5c19738",Thomas Summers,2026-01-20 20:37:21,Distribution Ratio,0.775259748862946,-,Temperature,22.0,C,15.0 min,,,Comments,"Data Location: Figure 2; Additional Comments: nan; Complexant_Name: nan; Complexant_SMILES: nan; Complexant_Concentration_M: nan; Publication_Year: 2019; Title: Unprecedented Inversion of Selectivity and Extraordinary Difference in the Complexation of Trivalent f Elements by Diastereomers of a Methylated Diglycolamide; Authors: Dr. Andreas Wilden, Dr. Piotr M. Kowalski, Larissa Klaß, Benjamin Kraus, Fabian Kreft, Prof. Dr. Giuseppe Modolo, Dr. Yan Li, Dr. Jörg Rothe, Dr. Kathy Dardenne, Dr. Andreas Geist, Dr. Andrea Leoncini, Prof. Jurriaan Huskens, Dr. Willem Verboom ; No. of Extractants: 1; Aqueous Phase Metals: nan; Metal_Concentration_mM: 0.01; No. of Metals: 1",Volume Ratio,1.0,,
8721,tMe2-TODGA,0.1 M,HNO3,4.3 M,hydrogenated tetrapropene,Sm,III ,0.01 mM,,,,,CCCCCCCCN(CCCCCCCC)C(=O)[C@@H](C)O[C@@H](C)C(=O)N(CCCCCCCC)CCCCCCCC,-,"HNO3, tMe2-TODGA, Sm, hydrogenated tetrapropene",,hydrogenated tetrapropene,,"https://doi.org/10.1002/chem.201806161, https://doi.org/10.1021/jacs.5c19738",Thomas Summers,2026-01-20 20:37:21,Distribution Ratio,0.83099419493534,-,Temperature,22.0,C,15.0 min,,,Comments,"Data Location: Figure 2; Additional Comments: nan; Complexant_Name: nan; Complexant_SMILES: nan; Complexant_Concentration_M: nan; Publication_Year: 2019; Title: Unprecedented Inversion of Selectivity and Extraordinary Difference in the Complexation of Trivalent f Elements by Diastereomers of a Methylated Diglycolamide; Authors: Dr. Andreas Wilden, Dr. Piotr M. Kowalski, Larissa Klaß, Benjamin Kraus, Fabian Kreft, Prof. Dr. Giuseppe Modolo, Dr. Yan Li, Dr. Jörg Rothe, Dr. Kathy Dardenne, Dr. Andreas Geist, Dr. Andrea Leoncini, Prof. Jurriaan Huskens, Dr. Willem Verboom ; No. of Extractants: 1; Aqueous Phase Metals: nan; Metal_Concentration_mM: 0.01; No. of Metals: 1",Volume Ratio,1.0,,
8722,tMe2-TODGA,0.1 M,HNO3,4.3 M,hydrogenated tetrapropene,Eu,III ,0.01 mM,,,,,CCCCCCCCN(CCCCCCCC)C(=O)[C@@H](C)O[C@@H](C)C(=O)N(CCCCCCCC)CCCCCCCC,-,"HNO3, tMe2-TODGA, Eu, hydrogenated tetrapropene",,hydrogenated tetrapropene,,"https://doi.org/10.1002/chem.201806161, https://doi.org/10.1021/jacs.5c19738",Thomas Summers,2026-01-20 20:37:21,Distribution Ratio,0.83099419493534,-,Temperature,22.0,C,15.0 min,,,Comments,"Data Location: Figure 2; Additional Comments: nan; Complexant_Name: nan; Complexant_SMILES: nan; Complexant_Concentration_M: nan; Publication_Year: 2019; Title: Unprecedented Inversion of Selectivity and Extraordinary Difference in the Complexation of Trivalent f Elements by Diastereomers of a Methylated Diglycolamide; Authors: Dr. Andreas Wilden, Dr. Piotr M. Kowalski, Larissa Klaß, Benjamin Kraus, Fabian Kreft, Prof. Dr. Giuseppe Modolo, Dr. Yan Li, Dr. Jörg Rothe, Dr. Kathy Dardenne, Dr. Andreas Geist, Dr. Andrea Leoncini, Prof. Jurriaan Huskens, Dr. Willem Verboom ; No. of Extractants: 1; Aqueous Phase Metals: nan; Metal_Concentration_mM: 0.01; No. of Metals: 1",Volume Ratio,1.0,,
8723,tMe2-TODGA,0.1 M,HNO3,4.3 M,hydrogenated tetrapropene,Gd,III ,0.01 mM,,,,,CCCCCCCCN(CCCCCCCC)C(=O)[C@@H](C)O[C@@H](C)C(=O)N(CCCCCCCC)CCCCCCCC,-,"HNO3, tMe2-TODGA, Gd, hydrogenated tetrapropene",,hydrogenated tetrapropene,,"https://doi.org/10.1002/chem.201806161, https://doi.org/10.1021/jacs.5c19738",Thomas Summers,2026-01-20 20:37:21,Distribution Ratio,0.757525025877192,-,Temperature,22.0,C,15.0 min,,,Comments,"Data Location: Figure 2; Additional Comments: nan; Complexant_Name: nan; Complexant_SMILES: nan; Complexant_Concentration_M: nan; Publication_Year: 2019; Title: Unprecedented Inversion of Selectivity and Extraordinary Difference in the Complexation of Trivalent f Elements by Diastereomers of a Methylated Diglycolamide; Authors: Dr. Andreas Wilden, Dr. Piotr M. Kowalski, Larissa Klaß, Benjamin Kraus, Fabian Kreft, Prof. Dr. Giuseppe Modolo, Dr. Yan Li, Dr. Jörg Rothe, Dr. Kathy Dardenne, Dr. Andreas Geist, Dr. Andrea Leoncini, Prof. Jurriaan Huskens, Dr. Willem Verboom ; No. of Extractants: 1; Aqueous Phase Metals: nan; Metal_Concentration_mM: 0.01; No. of Metals: 1",Volume Ratio,1.0,,
8724,tMe2-TODGA,0.1 M,HNO3,4.3 M,hydrogenated tetrapropene,Tb,III ,0.01 mM,,,,,CCCCCCCCN(CCCCCCCC)C(=O)[C@@H](C)O[C@@H](C)C(=O)N(CCCCCCCC)CCCCCCCC,-,"HNO3, tMe2-TODGA, Tb, hydrogenated tetrapropene",,hydrogenated tetrapropene,,"https://doi.org/10.1002/chem.201806161, https://doi.org/10.1021/jacs.5c19738",Thomas Summers,2026-01-20 20:37:21,Distribution Ratio,1.04737089795945,-,Temperature,22.0,C,15.0 min,,,Comments,"Data Location: Figure 2; Additional Comments: nan; Complexant_Name: nan; Complexant_SMILES: nan; Complexant_Concentration_M: nan; Publication_Year: 2019; Title: Unprecedented Inversion of Selectivity and Extraordinary Difference in the Complexation of Trivalent f Elements by Diastereomers of a Methylated Diglycolamide; Authors: Dr. Andreas Wilden, Dr. Piotr M. Kowalski, Larissa Klaß, Benjamin Kraus, Fabian Kreft, Prof. Dr. Giuseppe Modolo, Dr. Yan Li, Dr. Jörg Rothe, Dr. Kathy Dardenne, Dr. Andreas Geist, Dr. Andrea Leoncini, Prof. Jurriaan Huskens, Dr. Willem Verboom ; No. of Extractants: 1; Aqueous Phase Metals: nan; Metal_Concentration_mM: 0.01; No. of Metals: 1",Volume Ratio,1.0,,
8725,tMe2-TODGA,0.1 M,HNO3,4.3 M,hydrogenated tetrapropene,Dy,III ,0.01 mM,,,,,CCCCCCCCN(CCCCCCCC)C(=O)[C@@H](C)O[C@@H](C)C(=O)N(CCCCCCCC)CCCCCCCC,-,"HNO3, tMe2-TODGA, Dy, hydrogenated tetrapropene",,hydrogenated tetrapropene,,"https://doi.org/10.1002/chem.201806161, https://doi.org/10.1021/jacs.5c19738",Thomas Summers,2026-01-20 20:37:21,Distribution Ratio,1.245883364295,-,Temperature,22.0,C,15.0 min,,,Comments,"Data Location: Figure 2; Additional Comments: nan; Complexant_Name: nan; Complexant_SMILES: nan; Complexant_Concentration_M: nan; Publication_Year: 2019; Title: Unprecedented Inversion of Selectivity and Extraordinary Difference in the Complexation of Trivalent f Elements by Diastereomers of a Methylated Diglycolamide; Authors: Dr. Andreas Wilden, Dr. Piotr M. Kowalski, Larissa Klaß, Benjamin Kraus, Fabian Kreft, Prof. Dr. Giuseppe Modolo, Dr. Yan Li, Dr. Jörg Rothe, Dr. Kathy Dardenne, Dr. Andreas Geist, Dr. Andrea Leoncini, Prof. Jurriaan Huskens, Dr. Willem Verboom ; No. of Extractants: 1; Aqueous Phase Metals: nan; Metal_Concentration_mM: 0.01; No. of Metals: 1",Volume Ratio,1.0,,
8726,tMe2-TODGA,0.1 M,HNO3,4.3 M,hydrogenated tetrapropene,Ho,III ,0.01 mM,,,,,CCCCCCCCN(CCCCCCCC)C(=O)[C@@H](C)O[C@@H](C)C(=O)N(CCCCCCCC)CCCCCCCC,-,"HNO3, tMe2-TODGA, Ho, hydrogenated tetrapropene",,hydrogenated tetrapropene,,"https://doi.org/10.1002/chem.201806161, https://doi.org/10.1021/jacs.5c19738",Thomas Summers,2026-01-20 20:37:21,Distribution Ratio,1.3049019780144,-,Temperature,22.0,C,15.0 min,,,Comments,"Data Location: Figure 2; Additional Comments: nan; Complexant_Name: nan; Complexant_SMILES: nan; Complexant_Concentration_M: nan; Publication_Year: 2019; Title: Unprecedented Inversion of Selectivity and Extraordinary Difference in the Complexation of Trivalent f Elements by Diastereomers of a Methylated Diglycolamide; Authors: Dr. Andreas Wilden, Dr. Piotr M. Kowalski, Larissa Klaß, Benjamin Kraus, Fabian Kreft, Prof. Dr. Giuseppe Modolo, Dr. Yan Li, Dr. Jörg Rothe, Dr. Kathy Dardenne, Dr. Andreas Geist, Dr. Andrea Leoncini, Prof. Jurriaan Huskens, Dr. Willem Verboom ; No. of Extractants: 1; Aqueous Phase Metals: nan; Metal_Concentration_mM: 0.01; No. of Metals: 1",Volume Ratio,1.0,,
8727,tMe2-TODGA,0.1 M,HNO3,4.3 M,hydrogenated tetrapropene,Er,III ,0.01 mM,,,,,CCCCCCCCN(CCCCCCCC)C(=O)[C@@H](C)O[C@@H](C)C(=O)N(CCCCCCCC)CCCCCCCC,-,"HNO3, tMe2-TODGA, Er, hydrogenated tetrapropene",,hydrogenated tetrapropene,,"https://doi.org/10.1002/chem.201806161, https://doi.org/10.1021/jacs.5c19738",Thomas Summers,2026-01-20 20:37:21,Distribution Ratio,1.26038292967972,-,Temperature,22.0,C,15.0 min,,,Comments,"Data Location: Figure 2; Additional Comments: nan; Complexant_Name: nan; Complexant_SMILES: nan; Complexant_Concentration_M: nan; Publication_Year: 2019; Title: Unprecedented Inversion of Selectivity and Extraordinary Difference in the Complexation of Trivalent f Elements by Diastereomers of a Methylated Diglycolamide; Authors: Dr. Andreas Wilden, Dr. Piotr M. Kowalski, Larissa Klaß, Benjamin Kraus, Fabian Kreft, Prof. Dr. Giuseppe Modolo, Dr. Yan Li, Dr. Jörg Rothe, Dr. Kathy Dardenne, Dr. Andreas Geist, Dr. Andrea Leoncini, Prof. Jurriaan Huskens, Dr. Willem Verboom ; No. of Extractants: 1; Aqueous Phase Metals: nan; Metal_Concentration_mM: 0.01; No. of Metals: 1",Volume Ratio,1.0,,
8728,tMe2-TODGA,0.1 M,HNO3,4.3 M,hydrogenated tetrapropene,Tm,III ,0.01 mM,,,,,CCCCCCCCN(CCCCCCCC)C(=O)[C@@H](C)O[C@@H](C)C(=O)N(CCCCCCCC)CCCCCCCC,-,"HNO3, tMe2-TODGA, Tm, hydrogenated tetrapropene",,hydrogenated tetrapropene,,"https://doi.org/10.1002/chem.201806161, https://doi.org/10.1021/jacs.5c19738",Thomas Summers,2026-01-20 20:37:21,Distribution Ratio,1.05956017927761,-,Temperature,22.0,C,15.0 min,,,Comments,"Data Location: Figure 2; Additional Comments: nan; Complexant_Name: nan; Complexant_SMILES: nan; Complexant_Concentration_M: nan; Publication_Year: 2019; Title: Unprecedented Inversion of Selectivity and Extraordinary Difference in the Complexation of Trivalent f Elements by Diastereomers of a Methylated Diglycolamide; Authors: Dr. Andreas Wilden, Dr. Piotr M. Kowalski, Larissa Klaß, Benjamin Kraus, Fabian Kreft, Prof. Dr. Giuseppe Modolo, Dr. Yan Li, Dr. Jörg Rothe, Dr. Kathy Dardenne, Dr. Andreas Geist, Dr. Andrea Leoncini, Prof. Jurriaan Huskens, Dr. Willem Verboom ; No. of Extractants: 1; Aqueous Phase Metals: nan; Metal_Concentration_mM: 0.01; No. of Metals: 1",Volume Ratio,1.0,,
8729,tMe2-TODGA,0.1 M,HNO3,4.3 M,hydrogenated tetrapropene,Yb,III ,0.01 mM,,,,,CCCCCCCCN(CCCCCCCC)C(=O)[C@@H](C)O[C@@H](C)C(=O)N(CCCCCCCC)CCCCCCCC,-,"HNO3, tMe2-TODGA, Yb, hydrogenated tetrapropene",,hydrogenated tetrapropene,,"https://doi.org/10.1002/chem.201806161, https://doi.org/10.1021/jacs.5c19738",Thomas Summers,2026-01-20 20:37:21,Distribution Ratio,0.860346441668449,-,Temperature,22.0,C,15.0 min,,,Comments,"Data Location: Figure 2; Additional Comments: nan; Complexant_Name: nan; Complexant_SMILES: nan; Complexant_Concentration_M: nan; Publication_Year: 2019; Title: Unprecedented Inversion of Selectivity and Extraordinary Difference in the Complexation of Trivalent f Elements by Diastereomers of a Methylated Diglycolamide; Authors: Dr. Andreas Wilden, Dr. Piotr M. Kowalski, Larissa Klaß, Benjamin Kraus, Fabian Kreft, Prof. Dr. Giuseppe Modolo, Dr. Yan Li, Dr. Jörg Rothe, Dr. Kathy Dardenne, Dr. Andreas Geist, Dr. Andrea Leoncini, Prof. Jurriaan Huskens, Dr. Willem Verboom ; No. of Extractants: 1; Aqueous Phase Metals: nan; Metal_Concentration_mM: 0.01; No. of Metals: 1",Volume Ratio,1.0,,
8730,tMe2-TODGA,0.1 M,HNO3,4.3 M,hydrogenated tetrapropene,Lu,III ,0.01 mM,,,,,CCCCCCCCN(CCCCCCCC)C(=O)[C@@H](C)O[C@@H](C)C(=O)N(CCCCCCCC)CCCCCCCC,-,"HNO3, tMe2-TODGA, Lu, hydrogenated tetrapropene",,hydrogenated tetrapropene,,"https://doi.org/10.1002/chem.201806161, https://doi.org/10.1021/jacs.5c19738",Thomas Summers,2026-01-20 20:37:21,Distribution Ratio,0.659318827133355,-,Temperature,22.0,C,15.0 min,,,Comments,"Data Location: Figure 2; Additional Comments: nan; Complexant_Name: nan; Complexant_SMILES: nan; Complexant_Concentration_M: nan; Publication_Year: 2019; Title: Unprecedented Inversion of Selectivity and Extraordinary Difference in the Complexation of Trivalent f Elements by Diastereomers of a Methylated Diglycolamide; Authors: Dr. Andreas Wilden, Dr. Piotr M. Kowalski, Larissa Klaß, Benjamin Kraus, Fabian Kreft, Prof. Dr. Giuseppe Modolo, Dr. Yan Li, Dr. Jörg Rothe, Dr. Kathy Dardenne, Dr. Andreas Geist, Dr. Andrea Leoncini, Prof. Jurriaan Huskens, Dr. Willem Verboom ; No. of Extractants: 1; Aqueous Phase Metals: nan; Metal_Concentration_mM: 0.01; No. of Metals: 1",Volume Ratio,1.0,,
8731,tMe2-TODGA,0.1 M,HNO3,4.3 M,hydrogenated tetrapropene,Am,III , ,,,,,CCCCCCCCN(CCCCCCCC)C(=O)[C@@H](C)O[C@@H](C)C(=O)N(CCCCCCCC)CCCCCCCC,-,"HNO3, tMe2-TODGA, Am, hydrogenated tetrapropene",,hydrogenated tetrapropene,,"https://doi.org/10.1002/chem.201806161, https://doi.org/10.1021/jacs.5c19738",Thomas Summers,2026-01-20 20:37:22,Distribution Ratio,0.977124153534652,-,Temperature,22.0,C,15.0 min,,,Comments,"Data Location: Figure 2; Additional Comments: nan; Complexant_Name: nan; Complexant_SMILES: nan; Complexant_Concentration_M: nan; Publication_Year: 2019; Title: Unprecedented Inversion of Selectivity and Extraordinary Difference in the Complexation of Trivalent f Elements by Diastereomers of a Methylated Diglycolamide; Authors: Dr. Andreas Wilden, Dr. Piotr M. Kowalski, Larissa Klaß, Benjamin Kraus, Fabian Kreft, Prof. Dr. Giuseppe Modolo, Dr. Yan Li, Dr. Jörg Rothe, Dr. Kathy Dardenne, Dr. Andreas Geist, Dr. Andrea Leoncini, Prof. Jurriaan Huskens, Dr. Willem Verboom ; No. of Extractants: 1; Aqueous Phase Metals: Am(III); Cm(III); Eu(III); Metal_Concentration_mM: Trace; Trace; Trace; No. of Metals: 3",Volume Ratio,1.0,,
8732,tMe2-TODGA,0.1 M,HNO3,4.3 M,hydrogenated tetrapropene,Cm,III , ,,,,,CCCCCCCCN(CCCCCCCC)C(=O)[C@@H](C)O[C@@H](C)C(=O)N(CCCCCCCC)CCCCCCCC,-,"HNO3, tMe2-TODGA, Cm, hydrogenated tetrapropene",,hydrogenated tetrapropene,,"https://doi.org/10.1002/chem.201806161, https://doi.org/10.1021/jacs.5c19738",Thomas Summers,2026-01-20 20:37:22,Distribution Ratio,0.714942898659757,-,Temperature,22.0,C,15.0 min,,,Comments,"Data Location: Figure 2; Additional Comments: nan; Complexant_Name: nan; Complexant_SMILES: nan; Complexant_Concentration_M: nan; Publication_Year: 2019; Title: Unprecedented Inversion of Selectivity and Extraordinary Difference in the Complexation of Trivalent f Elements by Diastereomers of a Methylated Diglycolamide; Authors: Dr. Andreas Wilden, Dr. Piotr M. Kowalski, Larissa Klaß, Benjamin Kraus, Fabian Kreft, Prof. Dr. Giuseppe Modolo, Dr. Yan Li, Dr. Jörg Rothe, Dr. Kathy Dardenne, Dr. Andreas Geist, Dr. Andrea Leoncini, Prof. Jurriaan Huskens, Dr. Willem Verboom ; No. of Extractants: 1; Aqueous Phase Metals: Am(III); Cm(III); Eu(III); Metal_Concentration_mM: Trace; Trace; Trace; No. of Metals: 3",Volume Ratio,1.0,,
8744,cMe2-TODGA,0.1 M,HNO3,4.3 M,hydrogenated tetrapropene,Tm,III ,0.01 mM,,,,,CCCCCCCCN(CCCCCCCC)C(=O)[C@H](C)O[C@@H](C)C(=O)N(CCCCCCCC)CCCCCCCC,-,"HNO3, cMe2-TODGA, Tm, hydrogenated tetrapropene",,hydrogenated tetrapropene,,"https://doi.org/10.1002/chem.201806161, https://doi.org/10.1021/jacs.5c19738",Thomas Summers,2026-01-20 20:37:22,Distribution Ratio,84.0665288561833,-,Temperature,22.0,C,15.0 min,,,Comments,"Data Location: Figure 2; Additional Comments: nan; Complexant_Name: nan; Complexant_SMILES: nan; Complexant_Concentration_M: nan; Publication_Year: 2019; Title: Unprecedented Inversion of Selectivity and Extraordinary Difference in the Complexation of Trivalent f Elements by Diastereomers of a Methylated Diglycolamide; Authors: Dr. Andreas Wilden, Dr. Piotr M. Kowalski, Larissa Klaß, Benjamin Kraus, Fabian Kreft, Prof. Dr. Giuseppe Modolo, Dr. Yan Li, Dr. Jörg Rothe, Dr. Kathy Dardenne, Dr. Andreas Geist, Dr. Andrea Leoncini, Prof. Jurriaan Huskens, Dr. Willem Verboom ; No. of Extractants: 1; Aqueous Phase Metals: nan; Metal_Concentration_mM: 0.01; No. of Metals: 1",Volume Ratio,1.0,,
8760,DMDPDGA,0.2 M,HNO3,4 M,Chloroform,Tm,III ,0.006 mM,,,,,CN(C(=O)COCC(=O)N(C)c1ccccc1)c2ccccc2,-,"HNO3, DMDPDGA, Tm, Chloroform",,Chloroform,,"https://doi.org/10.1007/BF02349516, https://doi.org/10.1021/jacs.5c19738",Thomas Summers,2026-01-20 20:37:23,Distribution Ratio,1067.1284642357,-,Temperature,23.0,C,20.0 min,,,Comments,"Data Location: Figure 2; Additional Comments: nan; Complexant_Name: nan; Complexant_SMILES: nan; Complexant_Concentration_M: nan; Publication_Year: 1999; Title: Study on the extraction of trivalent lanthanide ions with N,N′-dimethyl-N,N′-diphenyl-malonamide and diglycolamide; Authors:     H. Narita, T. Yaita, K. Tamura & S. Tachimori ; No. of Extractants: 1; Aqueous Phase Metals: nan; Metal_Concentration_mM: 0.006; No. of Metals: 1",Volume Ratio,1.0,,
9083,DMDODGA,0.024 M,HNO3,0.498551 M,kerosene with 40 vol% 1-octanol,Tm,III ,3 mM,,,,,CCCCCCCCN(C)C(=O)COCC(=O)N(C)CCCCCCCC,-,"HNO3, DMDODGA, Tm, kerosene with 40 vol% 1-octanol",,kerosene with 40 vol% 1-octanol,,"https://doi.org/10.1007/s10967-020-07242-1, https://doi.org/10.1021/jacs.5c19738",Thomas Summers,2026-01-20 20:37:45,Distribution Ratio,10,-,Temperature,25.0,C,120.0 min,,,Comments,"Data Location: Figure 2; Additional Comments: nan; Complexant_Name: nan; Complexant_SMILES: nan; Complexant_Concentration_M: nan; Publication_Year: 2020; Title: Extraction and stripping behaviors of 14 lanthanides from nitric acid medium by N,N’-dimethyl-N,N’-dioctyl diglycolamide; Authors:     Yaoyang Liu, Chuang Zhao, Zhibin Liu, Yu Zhou, Caishan Jiao, Meng Zhang, Hongguo Hou, Yang Gao, Hui He & Guoxin Tian ; No. of Extractants: 1; Aqueous Phase Metals: nan; Metal_Concentration_mM: 3; No. of Metals: 1",Volume Ratio,1.0,,
9084,DMDODGA,0.024 M,HNO3,1.0029 M,kerosene with 40 vol% 1-octanol,Tm,III ,3 mM,,,,,CCCCCCCCN(C)C(=O)COCC(=O)N(C)CCCCCCCC,-,"HNO3, DMDODGA, Tm, kerosene with 40 vol% 1-octanol",,kerosene with 40 vol% 1-octanol,,"https://doi.org/10.1007/s10967-020-07242-1, https://doi.org/10.1021/jacs.5c19738",Thomas Summers,2026-01-20 20:37:45,Distribution Ratio,73.5642254459641,-,Temperature,25.0,C,120.0 min,,,Comments,"Data Location: Figure 2; Additional Comments: nan; Complexant_Name: nan; Complexant_SMILES: nan; Complexant_Concentration_M: nan; Publication_Year: 2020; Title: Extraction and stripping behaviors of 14 lanthanides from nitric acid medium by N,N’-dimethyl-N,N’-dioctyl diglycolamide; Authors:     Yaoyang Liu, Chuang Zhao, Zhibin Liu, Yu Zhou, Caishan Jiao, Meng Zhang, Hongguo Hou, Yang Gao, Hui He & Guoxin Tian ; No. of Extractants: 1; Aqueous Phase Metals: nan; Metal_Concentration_mM: 3; No. of Metals: 1",Volume Ratio,1.0,,
9085,DMDODGA,0.024 M,HNO3,1.9942 M,kerosene with 40 vol% 1-octanol,Tm,III ,3 mM,,,,,CCCCCCCCN(C)C(=O)COCC(=O)N(C)CCCCCCCC,-,"HNO3, DMDODGA, Tm, kerosene with 40 vol% 1-octanol",,kerosene with 40 vol% 1-octanol,,"https://doi.org/10.1007/s10967-020-07242-1, https://doi.org/10.1021/jacs.5c19738",Thomas Summers,2026-01-20 20:37:45,Distribution Ratio,607.202195690987,-,Temperature,25.0,C,120.0 min,,,Comments,"Data Location: Figure 2; Additional Comments: nan; Complexant_Name: nan; Complexant_SMILES: nan; Complexant_Concentration_M: nan; Publication_Year: 2020; Title: Extraction and stripping behaviors of 14 lanthanides from nitric acid medium by N,N’-dimethyl-N,N’-dioctyl diglycolamide; Authors:     Yaoyang Liu, Chuang Zhao, Zhibin Liu, Yu Zhou, Caishan Jiao, Meng Zhang, Hongguo Hou, Yang Gao, Hui He & Guoxin Tian ; No. of Extractants: 1; Aqueous Phase Metals: nan; Metal_Concentration_mM: 3; No. of Metals: 1",Volume Ratio,1.0,,
9086,DMDODGA,0.024 M,HNO3,2.9913 M,kerosene with 40 vol% 1-octanol,Tm,III ,3 mM,,,,,CCCCCCCCN(C)C(=O)COCC(=O)N(C)CCCCCCCC,-,"HNO3, DMDODGA, Tm, kerosene with 40 vol% 1-octanol",,kerosene with 40 vol% 1-octanol,,"https://doi.org/10.1007/s10967-020-07242-1, https://doi.org/10.1021/jacs.5c19738",Thomas Summers,2026-01-20 20:37:45,Distribution Ratio,1039.12230383516,-,Temperature,25.0,C,120.0 min,,,Comments,"Data Location: Figure 2; Additional Comments: nan; Complexant_Name: nan; Complexant_SMILES: nan; Complexant_Concentration_M: nan; Publication_Year: 2020; Title: Extraction and stripping behaviors of 14 lanthanides from nitric acid medium by N,N’-dimethyl-N,N’-dioctyl diglycolamide; Authors:     Yaoyang Liu, Chuang Zhao, Zhibin Liu, Yu Zhou, Caishan Jiao, Meng Zhang, Hongguo Hou, Yang Gao, Hui He & Guoxin Tian ; No. of Extractants: 1; Aqueous Phase Metals: nan; Metal_Concentration_mM: 3; No. of Metals: 1",Volume Ratio,1.0,,
9087,DMDODGA,0.024 M,HNO3,3.9942 M,kerosene with 40 vol% 1-octanol,Tm,III ,3 mM,,,,,CCCCCCCCN(C)C(=O)COCC(=O)N(C)CCCCCCCC,-,"HNO3, DMDODGA, Tm, kerosene with 40 vol% 1-octanol",,kerosene with 40 vol% 1-octanol,,"https://doi.org/10.1007/s10967-020-07242-1, https://doi.org/10.1021/jacs.5c19738",Thomas Summers,2026-01-20 20:37:45,Distribution Ratio,1325.01935505674,-,Temperature,25.0,C,120.0 min,,,Comments,"Data Location: Figure 2; Additional Comments: nan; Complexant_Name: nan; Complexant_SMILES: nan; Complexant_Concentration_M: nan; Publication_Year: 2020; Title: Extraction and stripping behaviors of 14 lanthanides from nitric acid medium by N,N’-dimethyl-N,N’-dioctyl diglycolamide; Authors:     Yaoyang Liu, Chuang Zhao, Zhibin Liu, Yu Zhou, Caishan Jiao, Meng Zhang, Hongguo Hou, Yang Gao, Hui He & Guoxin Tian ; No. of Extractants: 1; Aqueous Phase Metals: nan; Metal_Concentration_mM: 3; No. of Metals: 1",Volume Ratio,1.0,,
9088,DMDODGA,0.024 M,HNO3,4.9913 M,kerosene with 40 vol% 1-octanol,Tm,III ,3 mM,,,,,CCCCCCCCN(C)C(=O)COCC(=O)N(C)CCCCCCCC,-,"HNO3, DMDODGA, Tm, kerosene with 40 vol% 1-octanol",,kerosene with 40 vol% 1-octanol,,"https://doi.org/10.1007/s10967-020-07242-1, https://doi.org/10.1021/jacs.5c19738",Thomas Summers,2026-01-20 20:37:45,Distribution Ratio,1291.54966501488,-,Temperature,25.0,C,120.0 min,,,Comments,"Data Location: Figure 2; Additional Comments: nan; Complexant_Name: nan; Complexant_SMILES: nan; Complexant_Concentration_M: nan; Publication_Year: 2020; Title: Extraction and stripping behaviors of 14 lanthanides from nitric acid medium by N,N’-dimethyl-N,N’-dioctyl diglycolamide; Authors:     Yaoyang Liu, Chuang Zhao, Zhibin Liu, Yu Zhou, Caishan Jiao, Meng Zhang, Hongguo Hou, Yang Gao, Hui He & Guoxin Tian ; No. of Extractants: 1; Aqueous Phase Metals: nan; Metal_Concentration_mM: 3; No. of Metals: 1",Volume Ratio,1.0,,
9089,DMDODGA,0.024 M,HNO3,5.98841 M,kerosene with 40 vol% 1-octanol,Tm,III ,3 mM,,,,,CCCCCCCCN(C)C(=O)COCC(=O)N(C)CCCCCCCC,-,"HNO3, DMDODGA, Tm, kerosene with 40 vol% 1-octanol",,kerosene with 40 vol% 1-octanol,,"https://doi.org/10.1007/s10967-020-07242-1, https://doi.org/10.1021/jacs.5c19738",Thomas Summers,2026-01-20 20:37:45,Distribution Ratio,1258.92541179416,-,Temperature,25.0,C,120.0 min,,,Comments,"Data Location: Figure 2; Additional Comments: nan; Complexant_Name: nan; Complexant_SMILES: nan; Complexant_Concentration_M: nan; Publication_Year: 2020; Title: Extraction and stripping behaviors of 14 lanthanides from nitric acid medium by N,N’-dimethyl-N,N’-dioctyl diglycolamide; Authors:     Yaoyang Liu, Chuang Zhao, Zhibin Liu, Yu Zhou, Caishan Jiao, Meng Zhang, Hongguo Hou, Yang Gao, Hui He & Guoxin Tian ; No. of Extractants: 1; Aqueous Phase Metals: nan; Metal_Concentration_mM: 3; No. of Metals: 1",Volume Ratio,1.0,,
9159,DMDODGA,0.0120319 M,HNO3,3 M,kerosene with 40 vol% 1-octanol,Tm,III ,3 mM,,,,,CCCCCCCCN(C)C(=O)COCC(=O)N(C)CCCCCCCC,-,"HNO3, DMDODGA, Tm, kerosene with 40 vol% 1-octanol",,kerosene with 40 vol% 1-octanol,,"https://doi.org/10.1007/s10967-020-07242-1, https://doi.org/10.1021/jacs.5c19738",Thomas Summers,2026-01-20 20:37:50,Distribution Ratio,13.92305836641165,-,Temperature,25.0,C,120.0 min,,,Comments,"Data Location: Figure 3; Additional Comments: nan; Complexant_Name: nan; Complexant_SMILES: nan; Complexant_Concentration_M: nan; Publication_Year: 2020; Title: Extraction and stripping behaviors of 14 lanthanides from nitric acid medium by N,N’-dimethyl-N,N’-dioctyl diglycolamide; Authors:     Yaoyang Liu, Chuang Zhao, Zhibin Liu, Yu Zhou, Caishan Jiao, Meng Zhang, Hongguo Hou, Yang Gao, Hui He & Guoxin Tian ; No. of Extractants: 1; Aqueous Phase Metals: nan; Metal_Concentration_mM: 3; No. of Metals: 1",Volume Ratio,1.0,,
9160,DMDODGA,0.0240265 M,HNO3,3 M,kerosene with 40 vol% 1-octanol,Tm,III ,3 mM,,,,,CCCCCCCCN(C)C(=O)COCC(=O)N(C)CCCCCCCC,-,"HNO3, DMDODGA, Tm, kerosene with 40 vol% 1-octanol",,kerosene with 40 vol% 1-octanol,,"https://doi.org/10.1007/s10967-020-07242-1, https://doi.org/10.1021/jacs.5c19738",Thomas Summers,2026-01-20 20:37:50,Distribution Ratio,305.6736376307096,-,Temperature,25.0,C,120.0 min,,,Comments,"Data Location: Figure 3; Additional Comments: nan; Complexant_Name: nan; Complexant_SMILES: nan; Complexant_Concentration_M: nan; Publication_Year: 2020; Title: Extraction and stripping behaviors of 14 lanthanides from nitric acid medium by N,N’-dimethyl-N,N’-dioctyl diglycolamide; Authors:     Yaoyang Liu, Chuang Zhao, Zhibin Liu, Yu Zhou, Caishan Jiao, Meng Zhang, Hongguo Hou, Yang Gao, Hui He & Guoxin Tian ; No. of Extractants: 1; Aqueous Phase Metals: nan; Metal_Concentration_mM: 3; No. of Metals: 1",Volume Ratio,1.0,,
9161,DMDODGA,0.0479787 M,HNO3,3 M,kerosene with 40 vol% 1-octanol,Tm,III ,3 mM,,,,,CCCCCCCCN(C)C(=O)COCC(=O)N(C)CCCCCCCC,-,"HNO3, DMDODGA, Tm, kerosene with 40 vol% 1-octanol",,kerosene with 40 vol% 1-octanol,,"https://doi.org/10.1007/s10967-020-07242-1, https://doi.org/10.1021/jacs.5c19738",Thomas Summers,2026-01-20 20:37:50,Distribution Ratio,2214.159207071674,-,Temperature,25.0,C,120.0 min,,,Comments,"Data Location: Figure 3; Additional Comments: nan; Complexant_Name: nan; Complexant_SMILES: nan; Complexant_Concentration_M: nan; Publication_Year: 2020; Title: Extraction and stripping behaviors of 14 lanthanides from nitric acid medium by N,N’-dimethyl-N,N’-dioctyl diglycolamide; Authors:     Yaoyang Liu, Chuang Zhao, Zhibin Liu, Yu Zhou, Caishan Jiao, Meng Zhang, Hongguo Hou, Yang Gao, Hui He & Guoxin Tian ; No. of Extractants: 1; Aqueous Phase Metals: nan; Metal_Concentration_mM: 3; No. of Metals: 1",Volume Ratio,1.0,,
9162,DMDODGA,0.0720985 M,HNO3,3 M,kerosene with 40 vol% 1-octanol,Tm,III ,3 mM,,,,,CCCCCCCCN(C)C(=O)COCC(=O)N(C)CCCCCCCC,-,"HNO3, DMDODGA, Tm, kerosene with 40 vol% 1-octanol",,kerosene with 40 vol% 1-octanol,,"https://doi.org/10.1007/s10967-020-07242-1, https://doi.org/10.1021/jacs.5c19738",Thomas Summers,2026-01-20 20:37:50,Distribution Ratio,8705.694840074997,-,Temperature,25.0,C,120.0 min,,,Comments,"Data Location: Figure 3; Additional Comments: nan; Complexant_Name: nan; Complexant_SMILES: nan; Complexant_Concentration_M: nan; Publication_Year: 2020; Title: Extraction and stripping behaviors of 14 lanthanides from nitric acid medium by N,N’-dimethyl-N,N’-dioctyl diglycolamide; Authors:     Yaoyang Liu, Chuang Zhao, Zhibin Liu, Yu Zhou, Caishan Jiao, Meng Zhang, Hongguo Hou, Yang Gao, Hui He & Guoxin Tian ; No. of Extractants: 1; Aqueous Phase Metals: nan; Metal_Concentration_mM: 3; No. of Metals: 1",Volume Ratio,1.0,,
9163,DMDODGA,0.120187 M,HNO3,3 M,kerosene with 40 vol% 1-octanol,Tm,III ,3 mM,,,,,CCCCCCCCN(C)C(=O)COCC(=O)N(C)CCCCCCCC,-,"HNO3, DMDODGA, Tm, kerosene with 40 vol% 1-octanol",,kerosene with 40 vol% 1-octanol,,"https://doi.org/10.1007/s10967-020-07242-1, https://doi.org/10.1021/jacs.5c19738",Thomas Summers,2026-01-20 20:37:50,Distribution Ratio,14322.52721074713,-,Temperature,25.0,C,120.0 min,,,Comments,"Data Location: Figure 3; Additional Comments: nan; Complexant_Name: nan; Complexant_SMILES: nan; Complexant_Concentration_M: nan; Publication_Year: 2020; Title: Extraction and stripping behaviors of 14 lanthanides from nitric acid medium by N,N’-dimethyl-N,N’-dioctyl diglycolamide; Authors:     Yaoyang Liu, Chuang Zhao, Zhibin Liu, Yu Zhou, Caishan Jiao, Meng Zhang, Hongguo Hou, Yang Gao, Hui He & Guoxin Tian ; No. of Extractants: 1; Aqueous Phase Metals: nan; Metal_Concentration_mM: 3; No. of Metals: 1",Volume Ratio,1.0,,
9775,TODGA,0.2 M,HNO3,0.0482909 M,"1,4-diisopropylbenzene",Tm,III ,0.07 mM,,,,,CCCCCCCCN(CCCCCCCC)C(=O)COCC(=O)N(CCCCCCCC)CCCCCCCC,-,"HNO3, TODGA, Tm, 1,4-diisopropylbenzene",,"1,4-diisopropylbenzene",,"https://doi.org/10.1016/j.hydromet.2020.105248, https://doi.org/10.1021/jacs.5c19738",Thomas Summers,2026-01-20 20:38:31,Distribution Ratio,0.160710390383617,-,Temperature,20.0,C,30.0 min,,,Comments,"Data Location: Figure S4B; Additional Comments: nan; Complexant_Name: nan; Complexant_SMILES: nan; Complexant_Concentration_M: nan; Publication_Year: 2020; Title: Solvent extraction of An(III) and Ln(III) using TODGA in aromatic diluents to suppress third phase formation; Authors: P Weßling, U Müllich, E Guerinoni, A Geist, PJ Panak; No. of Extractants: 1; Aqueous Phase Metals: nan; Metal_Concentration_mM: 0.07; No. of Metals: 1",Volume Ratio,1.0,,
9776,TODGA,0.2 M,HNO3,0.121721 M,"1,4-diisopropylbenzene",Tm,III ,0.07 mM,,,,,CCCCCCCCN(CCCCCCCC)C(=O)COCC(=O)N(CCCCCCCC)CCCCCCCC,-,"HNO3, TODGA, Tm, 1,4-diisopropylbenzene",,"1,4-diisopropylbenzene",,"https://doi.org/10.1016/j.hydromet.2020.105248, https://doi.org/10.1021/jacs.5c19738",Thomas Summers,2026-01-20 20:38:31,Distribution Ratio,0.551770200449987,-,Temperature,20.0,C,30.0 min,,,Comments,"Data Location: Figure S4B; Additional Comments: nan; Complexant_Name: nan; Complexant_SMILES: nan; Complexant_Concentration_M: nan; Publication_Year: 2020; Title: Solvent extraction of An(III) and Ln(III) using TODGA in aromatic diluents to suppress third phase formation; Authors: P Weßling, U Müllich, E Guerinoni, A Geist, PJ Panak; No. of Extractants: 1; Aqueous Phase Metals: nan; Metal_Concentration_mM: 0.07; No. of Metals: 1",Volume Ratio,1.0,,
9777,TODGA,0.2 M,HNO3,0.304826 M,"1,4-diisopropylbenzene",Tm,III ,0.07 mM,,,,,CCCCCCCCN(CCCCCCCC)C(=O)COCC(=O)N(CCCCCCCC)CCCCCCCC,-,"HNO3, TODGA, Tm, 1,4-diisopropylbenzene",,"1,4-diisopropylbenzene",,"https://doi.org/10.1016/j.hydromet.2020.105248, https://doi.org/10.1021/jacs.5c19738",Thomas Summers,2026-01-20 20:38:31,Distribution Ratio,6.17011189864396,-,Temperature,20.0,C,30.0 min,,,Comments,"Data Location: Figure S4B; Additional Comments: nan; Complexant_Name: nan; Complexant_SMILES: nan; Complexant_Concentration_M: nan; Publication_Year: 2020; Title: Solvent extraction of An(III) and Ln(III) using TODGA in aromatic diluents to suppress third phase formation; Authors: P Weßling, U Müllich, E Guerinoni, A Geist, PJ Panak; No. of Extractants: 1; Aqueous Phase Metals: nan; Metal_Concentration_mM: 0.07; No. of Metals: 1",Volume Ratio,1.0,,
9778,TODGA,0.2 M,HNO3,0.489208 M,"1,4-diisopropylbenzene",Tm,III ,0.07 mM,,,,,CCCCCCCCN(CCCCCCCC)C(=O)COCC(=O)N(CCCCCCCC)CCCCCCCC,-,"HNO3, TODGA, Tm, 1,4-diisopropylbenzene",,"1,4-diisopropylbenzene",,"https://doi.org/10.1016/j.hydromet.2020.105248, https://doi.org/10.1021/jacs.5c19738",Thomas Summers,2026-01-20 20:38:31,Distribution Ratio,37.4334688053763,-,Temperature,20.0,C,30.0 min,,,Comments,"Data Location: Figure S4B; Additional Comments: nan; Complexant_Name: nan; Complexant_SMILES: nan; Complexant_Concentration_M: nan; Publication_Year: 2020; Title: Solvent extraction of An(III) and Ln(III) using TODGA in aromatic diluents to suppress third phase formation; Authors: P Weßling, U Müllich, E Guerinoni, A Geist, PJ Panak; No. of Extractants: 1; Aqueous Phase Metals: nan; Metal_Concentration_mM: 0.07; No. of Metals: 1",Volume Ratio,1.0,,
9779,TODGA,0.2 M,HNO3,0.672035 M,"1,4-diisopropylbenzene",Tm,III ,0.07 mM,,,,,CCCCCCCCN(CCCCCCCC)C(=O)COCC(=O)N(CCCCCCCC)CCCCCCCC,-,"HNO3, TODGA, Tm, 1,4-diisopropylbenzene",,"1,4-diisopropylbenzene",,"https://doi.org/10.1016/j.hydromet.2020.105248, https://doi.org/10.1021/jacs.5c19738",Thomas Summers,2026-01-20 20:38:31,Distribution Ratio,178.203303610459,-,Temperature,20.0,C,30.0 min,,,Comments,"Data Location: Figure S4B; Additional Comments: nan; Complexant_Name: nan; Complexant_SMILES: nan; Complexant_Concentration_M: nan; Publication_Year: 2020; Title: Solvent extraction of An(III) and Ln(III) using TODGA in aromatic diluents to suppress third phase formation; Authors: P Weßling, U Müllich, E Guerinoni, A Geist, PJ Panak; No. of Extractants: 1; Aqueous Phase Metals: nan; Metal_Concentration_mM: 0.07; No. of Metals: 1",Volume Ratio,1.0,,
9780,TODGA,0.2 M,HNO3,0.945387 M,"1,4-diisopropylbenzene",Tm,III ,0.07 mM,,,,,CCCCCCCCN(CCCCCCCC)C(=O)COCC(=O)N(CCCCCCCC)CCCCCCCC,-,"HNO3, TODGA, Tm, 1,4-diisopropylbenzene",,"1,4-diisopropylbenzene",,"https://doi.org/10.1016/j.hydromet.2020.105248, https://doi.org/10.1021/jacs.5c19738",Thomas Summers,2026-01-20 20:38:31,Distribution Ratio,1176.28570850471,-,Temperature,20.0,C,30.0 min,,,Comments,"Data Location: Figure S4B; Additional Comments: nan; Complexant_Name: nan; Complexant_SMILES: nan; Complexant_Concentration_M: nan; Publication_Year: 2020; Title: Solvent extraction of An(III) and Ln(III) using TODGA in aromatic diluents to suppress third phase formation; Authors: P Weßling, U Müllich, E Guerinoni, A Geist, PJ Panak; No. of Extractants: 1; Aqueous Phase Metals: nan; Metal_Concentration_mM: 0.07; No. of Metals: 1",Volume Ratio,1.0,,
9832,TODGA,0.2 M,HNO3,0.0482735 M,tert-butylbenzene,Tm,III ,0.07 mM,,,,,CCCCCCCCN(CCCCCCCC)C(=O)COCC(=O)N(CCCCCCCC)CCCCCCCC,-,"HNO3, TODGA, Tm, tert-butylbenzene",,tert-butylbenzene,,"https://doi.org/10.1016/j.hydromet.2020.105248, https://doi.org/10.1021/jacs.5c19738",Thomas Summers,2026-01-20 20:38:34,Distribution Ratio,0.100126651435462,-,Temperature,20.0,C,30.0 min,,,Comments,"Data Location: Figure S4C; Additional Comments: nan; Complexant_Name: nan; Complexant_SMILES: nan; Complexant_Concentration_M: nan; Publication_Year: 2020; Title: Solvent extraction of An(III) and Ln(III) using TODGA in aromatic diluents to suppress third phase formation; Authors: P Weßling, U Müllich, E Guerinoni, A Geist, PJ Panak; No. of Extractants: 1; Aqueous Phase Metals: nan; Metal_Concentration_mM: 0.07; No. of Metals: 1",Volume Ratio,1.0,,
9833,TODGA,0.2 M,HNO3,0.121983 M,tert-butylbenzene,Tm,III ,0.07 mM,,,,,CCCCCCCCN(CCCCCCCC)C(=O)COCC(=O)N(CCCCCCCC)CCCCCCCC,-,"HNO3, TODGA, Tm, tert-butylbenzene",,tert-butylbenzene,,"https://doi.org/10.1016/j.hydromet.2020.105248, https://doi.org/10.1021/jacs.5c19738",Thomas Summers,2026-01-20 20:38:35,Distribution Ratio,0.541343078913701,-,Temperature,20.0,C,30.0 min,,,Comments,"Data Location: Figure S4C; Additional Comments: nan; Complexant_Name: nan; Complexant_SMILES: nan; Complexant_Concentration_M: nan; Publication_Year: 2020; Title: Solvent extraction of An(III) and Ln(III) using TODGA in aromatic diluents to suppress third phase formation; Authors: P Weßling, U Müllich, E Guerinoni, A Geist, PJ Panak; No. of Extractants: 1; Aqueous Phase Metals: nan; Metal_Concentration_mM: 0.07; No. of Metals: 1",Volume Ratio,1.0,,
9834,TODGA,0.2 M,HNO3,0.304928 M,tert-butylbenzene,Tm,III ,0.07 mM,,,,,CCCCCCCCN(CCCCCCCC)C(=O)COCC(=O)N(CCCCCCCC)CCCCCCCC,-,"HNO3, TODGA, Tm, tert-butylbenzene",,tert-butylbenzene,,"https://doi.org/10.1016/j.hydromet.2020.105248, https://doi.org/10.1021/jacs.5c19738",Thomas Summers,2026-01-20 20:38:35,Distribution Ratio,5.17317253002004,-,Temperature,20.0,C,30.0 min,,,Comments,"Data Location: Figure S4C; Additional Comments: nan; Complexant_Name: nan; Complexant_SMILES: nan; Complexant_Concentration_M: nan; Publication_Year: 2020; Title: Solvent extraction of An(III) and Ln(III) using TODGA in aromatic diluents to suppress third phase formation; Authors: P Weßling, U Müllich, E Guerinoni, A Geist, PJ Panak; No. of Extractants: 1; Aqueous Phase Metals: nan; Metal_Concentration_mM: 0.07; No. of Metals: 1",Volume Ratio,1.0,,
9835,TODGA,0.2 M,HNO3,0.489457 M,tert-butylbenzene,Tm,III ,0.07 mM,,,,,CCCCCCCCN(CCCCCCCC)C(=O)COCC(=O)N(CCCCCCCC)CCCCCCCC,-,"HNO3, TODGA, Tm, tert-butylbenzene",,tert-butylbenzene,,"https://doi.org/10.1016/j.hydromet.2020.105248, https://doi.org/10.1021/jacs.5c19738",Thomas Summers,2026-01-20 20:38:35,Distribution Ratio,25.9785246019852,-,Temperature,20.0,C,30.0 min,,,Comments,"Data Location: Figure S4C; Additional Comments: nan; Complexant_Name: nan; Complexant_SMILES: nan; Complexant_Concentration_M: nan; Publication_Year: 2020; Title: Solvent extraction of An(III) and Ln(III) using TODGA in aromatic diluents to suppress third phase formation; Authors: P Weßling, U Müllich, E Guerinoni, A Geist, PJ Panak; No. of Extractants: 1; Aqueous Phase Metals: nan; Metal_Concentration_mM: 0.07; No. of Metals: 1",Volume Ratio,1.0,,
9836,TODGA,0.2 M,HNO3,0.673913 M,tert-butylbenzene,Tm,III ,0.07 mM,,,,,CCCCCCCCN(CCCCCCCC)C(=O)COCC(=O)N(CCCCCCCC)CCCCCCCC,-,"HNO3, TODGA, Tm, tert-butylbenzene",,tert-butylbenzene,,"https://doi.org/10.1016/j.hydromet.2020.105248, https://doi.org/10.1021/jacs.5c19738",Thomas Summers,2026-01-20 20:38:35,Distribution Ratio,113.742302898049,-,Temperature,20.0,C,30.0 min,,,Comments,"Data Location: Figure S4C; Additional Comments: nan; Complexant_Name: nan; Complexant_SMILES: nan; Complexant_Concentration_M: nan; Publication_Year: 2020; Title: Solvent extraction of An(III) and Ln(III) using TODGA in aromatic diluents to suppress third phase formation; Authors: P Weßling, U Müllich, E Guerinoni, A Geist, PJ Panak; No. of Extractants: 1; Aqueous Phase Metals: nan; Metal_Concentration_mM: 0.07; No. of Metals: 1",Volume Ratio,1.0,,
9837,TODGA,0.2 M,HNO3,0.94815 M,tert-butylbenzene,Tm,III ,0.07 mM,,,,,CCCCCCCCN(CCCCCCCC)C(=O)COCC(=O)N(CCCCCCCC)CCCCCCCC,-,"HNO3, TODGA, Tm, tert-butylbenzene",,tert-butylbenzene,,"https://doi.org/10.1016/j.hydromet.2020.105248, https://doi.org/10.1021/jacs.5c19738",Thomas Summers,2026-01-20 20:38:35,Distribution Ratio,783.795164588789,-,Temperature,20.0,C,30.0 min,,,Comments,"Data Location: Figure S4C; Additional Comments: nan; Complexant_Name: nan; Complexant_SMILES: nan; Complexant_Concentration_M: nan; Publication_Year: 2020; Title: Solvent extraction of An(III) and Ln(III) using TODGA in aromatic diluents to suppress third phase formation; Authors: P Weßling, U Müllich, E Guerinoni, A Geist, PJ Panak; No. of Extractants: 1; Aqueous Phase Metals: nan; Metal_Concentration_mM: 0.07; No. of Metals: 1",Volume Ratio,1.0,,
9877,TODGA,0.2 M,HNO3,1 M,"1,4-diisopropylbenzene",Tm,III ,0.07 mM,,,,,CCCCCCCCN(CCCCCCCC)C(=O)COCC(=O)N(CCCCCCCC)CCCCCCCC,-,"HNO3, TODGA, Tm, 1,4-diisopropylbenzene",,"1,4-diisopropylbenzene",,"https://doi.org/10.1016/j.hydromet.2020.105248, https://doi.org/10.1021/jacs.5c19738",Thomas Summers,2026-01-20 20:38:37,Distribution Ratio,999.999999999998,-,Temperature,20.0156985871271,C,30.0 min,,,Comments,"Data Location: Figure S6; Additional Comments: nan; Complexant_Name: nan; Complexant_SMILES: nan; Complexant_Concentration_M: nan; Publication_Year: 2020; Title: Solvent extraction of An(III) and Ln(III) using TODGA in aromatic diluents to suppress third phase formation; Authors: P Weßling, U Müllich, E Guerinoni, A Geist, PJ Panak; No. of Extractants: 1; Aqueous Phase Metals: nan; Metal_Concentration_mM: 0.07; No. of Metals: 1",Volume Ratio,1.0,,
9878,TODGA,0.2 M,HNO3,1 M,"1,4-diisopropylbenzene",Tm,III ,0.07 mM,,,,,CCCCCCCCN(CCCCCCCC)C(=O)COCC(=O)N(CCCCCCCC)CCCCCCCC,-,"HNO3, TODGA, Tm, 1,4-diisopropylbenzene",,"1,4-diisopropylbenzene",,"https://doi.org/10.1016/j.hydromet.2020.105248, https://doi.org/10.1021/jacs.5c19738",Thomas Summers,2026-01-20 20:38:38,Distribution Ratio,381.24842102745,-,Temperature,30.0,C,30.0 min,,,Comments,"Data Location: Figure S6; Additional Comments: nan; Complexant_Name: nan; Complexant_SMILES: nan; Complexant_Concentration_M: nan; Publication_Year: 2020; Title: Solvent extraction of An(III) and Ln(III) using TODGA in aromatic diluents to suppress third phase formation; Authors: P Weßling, U Müllich, E Guerinoni, A Geist, PJ Panak; No. of Extractants: 1; Aqueous Phase Metals: nan; Metal_Concentration_mM: 0.07; No. of Metals: 1",Volume Ratio,1.0,,
9879,TODGA,0.2 M,HNO3,1 M,"1,4-diisopropylbenzene",Tm,III ,0.07 mM,,,,,CCCCCCCCN(CCCCCCCC)C(=O)COCC(=O)N(CCCCCCCC)CCCCCCCC,-,"HNO3, TODGA, Tm, 1,4-diisopropylbenzene",,"1,4-diisopropylbenzene",,"https://doi.org/10.1016/j.hydromet.2020.105248, https://doi.org/10.1021/jacs.5c19738",Thomas Summers,2026-01-20 20:38:38,Distribution Ratio,160.460864439485,-,Temperature,40.0156985871271,C,30.0 min,,,Comments,"Data Location: Figure S6; Additional Comments: nan; Complexant_Name: nan; Complexant_SMILES: nan; Complexant_Concentration_M: nan; Publication_Year: 2020; Title: Solvent extraction of An(III) and Ln(III) using TODGA in aromatic diluents to suppress third phase formation; Authors: P Weßling, U Müllich, E Guerinoni, A Geist, PJ Panak; No. of Extractants: 1; Aqueous Phase Metals: nan; Metal_Concentration_mM: 0.07; No. of Metals: 1",Volume Ratio,1.0,,
9880,TODGA,0.2 M,HNO3,1 M,"1,4-diisopropylbenzene",Tm,III ,0.07 mM,,,,,CCCCCCCCN(CCCCCCCC)C(=O)COCC(=O)N(CCCCCCCC)CCCCCCCC,-,"HNO3, TODGA, Tm, 1,4-diisopropylbenzene",,"1,4-diisopropylbenzene",,"https://doi.org/10.1016/j.hydromet.2020.105248, https://doi.org/10.1021/jacs.5c19738",Thomas Summers,2026-01-20 20:38:38,Distribution Ratio,46.0349046890161,-,Temperature,50.0,C,30.0 min,,,Comments,"Data Location: Figure S6; Additional Comments: nan; Complexant_Name: nan; Complexant_SMILES: nan; Complexant_Concentration_M: nan; Publication_Year: 2020; Title: Solvent extraction of An(III) and Ln(III) using TODGA in aromatic diluents to suppress third phase formation; Authors: P Weßling, U Müllich, E Guerinoni, A Geist, PJ Panak; No. of Extractants: 1; Aqueous Phase Metals: nan; Metal_Concentration_mM: 0.07; No. of Metals: 1",Volume Ratio,1.0,,
10070,TODGA,0.1 M,Hcl,3 M,Isopar L with 30 vol% Exxal 13,Tm,III ,0.5 mM,,,,,CCCCCCCCN(CCCCCCCC)C(=O)COCC(=O)N(CCCCCCCC)CCCCCCCC,-,"Hcl, TODGA, Tm, Isopar L with 30 vol% Exxal 13",,Isopar L with 30 vol% Exxal 13,,"https://doi.org/10.1021/acs.inorgchem.0c02861, https://doi.org/10.1021/jacs.5c19738",Thomas Summers,2026-01-20 20:38:50,Distribution Ratio,83.58,-,Temperature,25.0,C,60.0 min,,,Comments,"Data Location: Table SI1; Additional Comments: nan; Complexant_Name: nan; Complexant_SMILES: nan; Complexant_Concentration_M: nan; Publication_Year: 2020; Title: Structure Activity Relationship Approach toward the Improved Separation of Rare-Earth Elements Using Diglycolamides; Authors: Diana Stamberga, Mary R. Healy, Vyacheslav S. Bryantsev, Camille Albisser, Yana Karslyan, Benjamin Reinhart, Alena Paulenova, Mac Foster, Ilja Popovs, Kevin Lyon, Bruce A. Moyer, and Santa Jansone-Popova; No. of Extractants: 1; Aqueous Phase Metals: nan; Metal_Concentration_mM: 0.5; No. of Metals: 1",Volume Ratio,1.0,,
10084,T2EHDGA,0.1 M,Hcl,3 M,Isopar L with 30 vol% Exxal 13,Tm,III ,0.5 mM,,,,,CCCCC(CC)CN(CC(CC)CCCC)C(=O)COCC(=O)N(CC(CC)CCCC)CC(CC)CCCC,-,"Hcl, T2EHDGA, Tm, Isopar L with 30 vol% Exxal 13",,Isopar L with 30 vol% Exxal 13,,"https://doi.org/10.1021/acs.inorgchem.0c02861, https://doi.org/10.1021/jacs.5c19738",Thomas Summers,2026-01-20 20:38:51,Distribution Ratio,0.22,-,Temperature,25.0,C,60.0 min,,,Comments,"Data Location: Table SI1; Additional Comments: nan; Complexant_Name: nan; Complexant_SMILES: nan; Complexant_Concentration_M: nan; Publication_Year: 2020; Title: Structure Activity Relationship Approach toward the Improved Separation of Rare-Earth Elements Using Diglycolamides; Authors: Diana Stamberga, Mary R. Healy, Vyacheslav S. Bryantsev, Camille Albisser, Yana Karslyan, Benjamin Reinhart, Alena Paulenova, Mac Foster, Ilja Popovs, Kevin Lyon, Bruce A. Moyer, and Santa Jansone-Popova; No. of Extractants: 1; Aqueous Phase Metals: nan; Metal_Concentration_mM: 0.5; No. of Metals: 1",Volume Ratio,1.0,,
10097,DMDODGA,0.1 M,Hcl,3 M,Isopar L with 30 vol% Exxal 13,Tm,III ,0.5 mM,,,,,CCCCCCCCN(C)C(=O)COCC(=O)N(C)CCCCCCCC,-,"Hcl, DMDODGA, Tm, Isopar L with 30 vol% Exxal 13",,Isopar L with 30 vol% Exxal 13,,"https://doi.org/10.1021/acs.inorgchem.0c02861, https://doi.org/10.1021/jacs.5c19738",Thomas Summers,2026-01-20 20:38:52,Distribution Ratio,340.96,-,Temperature,25.0,C,60.0 min,,,Comments,"Data Location: Table SI1; Additional Comments: nan; Complexant_Name: nan; Complexant_SMILES: nan; Complexant_Concentration_M: nan; Publication_Year: 2020; Title: Structure Activity Relationship Approach toward the Improved Separation of Rare-Earth Elements Using Diglycolamides; Authors: Diana Stamberga, Mary R. Healy, Vyacheslav S. Bryantsev, Camille Albisser, Yana Karslyan, Benjamin Reinhart, Alena Paulenova, Mac Foster, Ilja Popovs, Kevin Lyon, Bruce A. Moyer, and Santa Jansone-Popova; No. of Extractants: 1; Aqueous Phase Metals: nan; Metal_Concentration_mM: 0.5; No. of Metals: 1",Volume Ratio,1.0,,
10111,DMDetHDGA,0.1 M,Hcl,3 M,Isopar L with 30 vol% Exxal 13,Tm,III ,0.5 mM,,,,,CCCCC(CC)CN(C)C(=O)COCC(=O)N(C)CC(CC)CCCC,-,"Hcl, DMDetHDGA, Tm, Isopar L with 30 vol% Exxal 13",,Isopar L with 30 vol% Exxal 13,,"https://doi.org/10.1021/acs.inorgchem.0c02861, https://doi.org/10.1021/jacs.5c19738",Thomas Summers,2026-01-20 20:38:53,Distribution Ratio,85.01,-,Temperature,25.0,C,60.0 min,,,Comments,"Data Location: Table SI1; Additional Comments: nan; Complexant_Name: nan; Complexant_SMILES: nan; Complexant_Concentration_M: nan; Publication_Year: 2020; Title: Structure Activity Relationship Approach toward the Improved Separation of Rare-Earth Elements Using Diglycolamides; Authors: Diana Stamberga, Mary R. Healy, Vyacheslav S. Bryantsev, Camille Albisser, Yana Karslyan, Benjamin Reinhart, Alena Paulenova, Mac Foster, Ilja Popovs, Kevin Lyon, Bruce A. Moyer, and Santa Jansone-Popova; No. of Extractants: 1; Aqueous Phase Metals: nan; Metal_Concentration_mM: 0.5; No. of Metals: 1",Volume Ratio,1.0,,
10125,DMDdecHDGA,0.1 M,Hcl,3 M,Isopar L with 30 vol% Exxal 13,Tm,III ,0.5 mM,,,,,CCCCCCC(CCCC)CCCN(C)C(=O)COCC(=O)N(C)CCCC(CCCC)CCCCCC,-,"Hcl, DMDdecHDGA, Tm, Isopar L with 30 vol% Exxal 13",,Isopar L with 30 vol% Exxal 13,,"https://doi.org/10.1021/acs.inorgchem.0c02861, https://doi.org/10.1021/jacs.5c19738",Thomas Summers,2026-01-20 20:38:54,Distribution Ratio,39.01,-,Temperature,25.0,C,60.0 min,,,Comments,"Data Location: Table SI1; Additional Comments: nan; Complexant_Name: nan; Complexant_SMILES: nan; Complexant_Concentration_M: nan; Publication_Year: 2020; Title: Structure Activity Relationship Approach toward the Improved Separation of Rare-Earth Elements Using Diglycolamides; Authors: Diana Stamberga, Mary R. Healy, Vyacheslav S. Bryantsev, Camille Albisser, Yana Karslyan, Benjamin Reinhart, Alena Paulenova, Mac Foster, Ilja Popovs, Kevin Lyon, Bruce A. Moyer, and Santa Jansone-Popova; No. of Extractants: 1; Aqueous Phase Metals: nan; Metal_Concentration_mM: 0.5; No. of Metals: 1",Volume Ratio,1.0,,
10139,DMDdecdDGA,0.1 M,Hcl,3 M,Isopar L with 30 vol% Exxal 13,Tm,III ,0.5 mM,,,,,CC(C)CCCC(C)CCCCN(C)C(=O)COCC(=O)N(C)CCCCC(C)CCCC(C)C,-,"Hcl, DMDdecdDGA, Tm, Isopar L with 30 vol% Exxal 13",,Isopar L with 30 vol% Exxal 13,,"https://doi.org/10.1021/acs.inorgchem.0c02861, https://doi.org/10.1021/jacs.5c19738",Thomas Summers,2026-01-20 20:38:55,Distribution Ratio,18.49,-,Temperature,25.0,C,60.0 min,,,Comments,"Data Location: Table SI1; Additional Comments: nan; Complexant_Name: nan; Complexant_SMILES: nan; Complexant_Concentration_M: nan; Publication_Year: 2020; Title: Structure Activity Relationship Approach toward the Improved Separation of Rare-Earth Elements Using Diglycolamides; Authors: Diana Stamberga, Mary R. Healy, Vyacheslav S. Bryantsev, Camille Albisser, Yana Karslyan, Benjamin Reinhart, Alena Paulenova, Mac Foster, Ilja Popovs, Kevin Lyon, Bruce A. Moyer, and Santa Jansone-Popova; No. of Extractants: 1; Aqueous Phase Metals: nan; Metal_Concentration_mM: 0.5; No. of Metals: 1",Volume Ratio,1.0,,
10153,DEDODGA,0.1 M,Hcl,3 M,Isopar L with 30 vol% Exxal 13,Tm,III ,0.5 mM,,,,,CCCCCCCCN(CC)C(=O)COCC(=O)N(CC)CCCCCCCC,-,"Hcl, DEDODGA, Tm, Isopar L with 30 vol% Exxal 13",,Isopar L with 30 vol% Exxal 13,,"https://doi.org/10.1021/acs.inorgchem.0c02861, https://doi.org/10.1021/jacs.5c19738",Thomas Summers,2026-01-20 20:38:56,Distribution Ratio,319.54,-,Temperature,25.0,C,60.0 min,,,Comments,"Data Location: Table SI1; Additional Comments: nan; Complexant_Name: nan; Complexant_SMILES: nan; Complexant_Concentration_M: nan; Publication_Year: 2020; Title: Structure Activity Relationship Approach toward the Improved Separation of Rare-Earth Elements Using Diglycolamides; Authors: Diana Stamberga, Mary R. Healy, Vyacheslav S. Bryantsev, Camille Albisser, Yana Karslyan, Benjamin Reinhart, Alena Paulenova, Mac Foster, Ilja Popovs, Kevin Lyon, Bruce A. Moyer, and Santa Jansone-Popova; No. of Extractants: 1; Aqueous Phase Metals: nan; Metal_Concentration_mM: 0.5; No. of Metals: 1",Volume Ratio,1.0,,
10167,DPDODGA,0.1 M,Hcl,3 M,Isopar L with 30 vol% Exxal 13,Tm,III ,0.5 mM,,,,,CCCCCCCCN(CCC)C(=O)COCC(=O)N(CCC)CCCCCCCC,-,"Hcl, DPDODGA, Tm, Isopar L with 30 vol% Exxal 13",,Isopar L with 30 vol% Exxal 13,,"https://doi.org/10.1021/acs.inorgchem.0c02861, https://doi.org/10.1021/jacs.5c19738",Thomas Summers,2026-01-20 20:38:57,Distribution Ratio,251.5,-,Temperature,25.0,C,60.0 min,,,Comments,"Data Location: Table SI1; Additional Comments: nan; Complexant_Name: nan; Complexant_SMILES: nan; Complexant_Concentration_M: nan; Publication_Year: 2020; Title: Structure Activity Relationship Approach toward the Improved Separation of Rare-Earth Elements Using Diglycolamides; Authors: Diana Stamberga, Mary R. Healy, Vyacheslav S. Bryantsev, Camille Albisser, Yana Karslyan, Benjamin Reinhart, Alena Paulenova, Mac Foster, Ilja Popovs, Kevin Lyon, Bruce A. Moyer, and Santa Jansone-Popova; No. of Extractants: 1; Aqueous Phase Metals: nan; Metal_Concentration_mM: 0.5; No. of Metals: 1",Volume Ratio,1.0,,
10188,MMTODGA,0.1 M,Hcl,3 M,Isopar L with 30 vol% Exxal 13,Tm,III ,0.5 mM,,,,,CCCCCCCCN(C)C(=O)COCC(=O)N(CCCCCCCC)CCCCCCCC,-,"Hcl, MMTODGA, Tm, Isopar L with 30 vol% Exxal 13",,Isopar L with 30 vol% Exxal 13,,"https://doi.org/10.1021/acs.inorgchem.0c02861, https://doi.org/10.1021/jacs.5c19738",Thomas Summers,2026-01-20 20:38:58,Distribution Ratio,213.39,-,Temperature,25.0,C,60.0 min,,,Comments,"Data Location: Table SI1; Additional Comments: nan; Complexant_Name: nan; Complexant_SMILES: nan; Complexant_Concentration_M: nan; Publication_Year: 2020; Title: Structure Activity Relationship Approach toward the Improved Separation of Rare-Earth Elements Using Diglycolamides; Authors: Diana Stamberga, Mary R. Healy, Vyacheslav S. Bryantsev, Camille Albisser, Yana Karslyan, Benjamin Reinhart, Alena Paulenova, Mac Foster, Ilja Popovs, Kevin Lyon, Bruce A. Moyer, and Santa Jansone-Popova; No. of Extractants: 1; Aqueous Phase Metals: nan; Metal_Concentration_mM: 0.5; No. of Metals: 1",Volume Ratio,1.0,,
10202,cPSNDGA,0.1 M,Hcl,3 M,Isopar L with 30 vol% Exxal 13,Tm,III ,0.5 mM,,,,,CCCCCCCCC(C)(C)SCC2CN(C(=O)COCC(=O)N1CC(C)C(CSC(C)(C)CCCCCCCC)C1)CC2C,-,"Hcl, cPSNDGA, Tm, Isopar L with 30 vol% Exxal 13",,Isopar L with 30 vol% Exxal 13,,"https://doi.org/10.1021/acs.inorgchem.0c02861, https://doi.org/10.1021/jacs.5c19738",Thomas Summers,2026-01-20 20:38:59,Distribution Ratio,118.33,-,Temperature,25.0,C,60.0 min,,,Comments,"Data Location: Table SI1; Additional Comments: nan; Complexant_Name: nan; Complexant_SMILES: nan; Complexant_Concentration_M: nan; Publication_Year: 2020; Title: Structure Activity Relationship Approach toward the Improved Separation of Rare-Earth Elements Using Diglycolamides; Authors: Diana Stamberga, Mary R. Healy, Vyacheslav S. Bryantsev, Camille Albisser, Yana Karslyan, Benjamin Reinhart, Alena Paulenova, Mac Foster, Ilja Popovs, Kevin Lyon, Bruce A. Moyer, and Santa Jansone-Popova; No. of Extractants: 1; Aqueous Phase Metals: nan; Metal_Concentration_mM: 0.5; No. of Metals: 1",Volume Ratio,1.0,,
10229,DODHtDGA,0.1 M,Hcl,3 M,Isopar L with 30 vol% Exxal 13,Tm,III ,0.5 mM,,,,,CCCCCCCCN(CCC(C)CC(C)(C)C)C(=O)COCC(=O)N(CCCCCCCC)CCC(C)CC(C)(C)C,-,"Hcl, DODHtDGA, Tm, Isopar L with 30 vol% Exxal 13",,Isopar L with 30 vol% Exxal 13,,"https://doi.org/10.1021/acs.inorgchem.0c02861, https://doi.org/10.1021/jacs.5c19738",Thomas Summers,2026-01-20 20:39:01,Distribution Ratio,14.26,-,Temperature,25.0,C,60.0 min,,,Comments,"Data Location: Table SI1; Additional Comments: nan; Complexant_Name: nan; Complexant_SMILES: nan; Complexant_Concentration_M: nan; Publication_Year: 2020; Title: Structure Activity Relationship Approach toward the Improved Separation of Rare-Earth Elements Using Diglycolamides; Authors: Diana Stamberga, Mary R. Healy, Vyacheslav S. Bryantsev, Camille Albisser, Yana Karslyan, Benjamin Reinhart, Alena Paulenova, Mac Foster, Ilja Popovs, Kevin Lyon, Bruce A. Moyer, and Santa Jansone-Popova; No. of Extractants: 1; Aqueous Phase Metals: nan; Metal_Concentration_mM: 0.5; No. of Metals: 1",Volume Ratio,1.0,,
10243,DODDbDGA,0.1 M,Hcl,3 M,Isopar L with 30 vol% Exxal 13,Tm,III ,0.5 mM,,,,,CCCCCCCCN(CCCC(CCCC)CCCCCC)C(=O)COCC(=O)N(CCCCCCCC)CCCC(CCCC)CCCCCC,-,"Hcl, DODDbDGA, Tm, Isopar L with 30 vol% Exxal 13",,Isopar L with 30 vol% Exxal 13,,"https://doi.org/10.1021/acs.inorgchem.0c02861, https://doi.org/10.1021/jacs.5c19738",Thomas Summers,2026-01-20 20:39:02,Distribution Ratio,10.87,-,Temperature,25.0,C,60.0 min,,,Comments,"Data Location: Table SI1; Additional Comments: nan; Complexant_Name: nan; Complexant_SMILES: nan; Complexant_Concentration_M: nan; Publication_Year: 2020; Title: Structure Activity Relationship Approach toward the Improved Separation of Rare-Earth Elements Using Diglycolamides; Authors: Diana Stamberga, Mary R. Healy, Vyacheslav S. Bryantsev, Camille Albisser, Yana Karslyan, Benjamin Reinhart, Alena Paulenova, Mac Foster, Ilja Popovs, Kevin Lyon, Bruce A. Moyer, and Santa Jansone-Popova; No. of Extractants: 1; Aqueous Phase Metals: nan; Metal_Concentration_mM: 0.5; No. of Metals: 1",Volume Ratio,1.0,,
10257,DODDmDGA,0.1 M,Hcl,3 M,Isopar L with 30 vol% Exxal 13,Tm,III ,0.5 mM,,,,,CCCCCCCCN(CCCCC(C)CCCC(C)C)C(=O)COCC(=O)N(CCCCCCCC)CCCCC(C)CCCC(C)C,-,"Hcl, DODDmDGA, Tm, Isopar L with 30 vol% Exxal 13",,Isopar L with 30 vol% Exxal 13,,"https://doi.org/10.1021/acs.inorgchem.0c02861, https://doi.org/10.1021/jacs.5c19738",Thomas Summers,2026-01-20 20:39:02,Distribution Ratio,127.4,-,Temperature,25.0,C,60.0 min,,,Comments,"Data Location: Table SI1; Additional Comments: nan; Complexant_Name: nan; Complexant_SMILES: nan; Complexant_Concentration_M: nan; Publication_Year: 2020; Title: Structure Activity Relationship Approach toward the Improved Separation of Rare-Earth Elements Using Diglycolamides; Authors: Diana Stamberga, Mary R. Healy, Vyacheslav S. Bryantsev, Camille Albisser, Yana Karslyan, Benjamin Reinhart, Alena Paulenova, Mac Foster, Ilja Popovs, Kevin Lyon, Bruce A. Moyer, and Santa Jansone-Popova; No. of Extractants: 1; Aqueous Phase Metals: nan; Metal_Concentration_mM: 0.5; No. of Metals: 1",Volume Ratio,1.0,,
10512,TODGA,0.1 M,Hcl,3 M,Isopar L with 30 vol% Exxal 13,Tm,III ,0.5 mM,,,,,CCCCCCCCN(CCCCCCCC)C(=O)COCC(=O)N(CCCCCCCC)CCCCCCCC,-,"Hcl, TODGA, Tm, Isopar L with 30 vol% Exxal 13",,Isopar L with 30 vol% Exxal 13,,"https://doi.org/10.1039/D4GC01146E, https://doi.org/10.1021/jacs.5c19738",Thomas Summers,2026-01-20 20:39:19,Distribution Ratio,144.5439770745928,-,Temperature,22.0,C,60.0 min,,,Comments,"Data Location: Table S15; Additional Comments: Manual Extraction; Complexant_Name: nan; Complexant_SMILES: nan; Complexant_Concentration_M: nan; Publication_Year: 2024; Title: Agile synthesis and automated, high-throughput evaluation of diglycolamides for liquid–liquid extraction of rare-earth elements; Authors: L An, Y Yao, TB Hall, F Zhao, L Qi; No. of Extractants: 1; Aqueous Phase Metals: nan; Metal_Concentration_mM: 0.5; No. of Metals: 1",Volume Ratio,1.0,,
10526,TODGA,0.1 M,Hcl,3 M,Isopar L with 30 vol% Exxal 13,Tm,III ,0.5 mM,,,,,CCCCCCCCN(CCCCCCCC)C(=O)COCC(=O)N(CCCCCCCC)CCCCCCCC,-,"Hcl, TODGA, Tm, Isopar L with 30 vol% Exxal 13",,Isopar L with 30 vol% Exxal 13,,"https://doi.org/10.1039/D4GC01146E, https://doi.org/10.1021/jacs.5c19738",Thomas Summers,2026-01-20 20:39:20,Distribution Ratio,169.8243652461744,-,Temperature,22.0,C,60.0 min,,,Comments,"Data Location: Table S15; Additional Comments: High-throughput Automated Extraction; Complexant_Name: nan; Complexant_SMILES: nan; Complexant_Concentration_M: nan; Publication_Year: 2024; Title: Agile synthesis and automated, high-throughput evaluation of diglycolamides for liquid–liquid extraction of rare-earth elements; Authors: L An, Y Yao, TB Hall, F Zhao, L Qi; No. of Extractants: 1; Aqueous Phase Metals: nan; Metal_Concentration_mM: 0.5; No. of Metals: 1",Volume Ratio,1.0,,
10540,DMDODGA,0.1 M,Hcl,3 M,Isopar L with 30 vol% Exxal 13,Tm,III ,0.5 mM,,,,,CCCCCCCCN(C)C(=O)COCC(=O)N(C)CCCCCCCC,-,"Hcl, DMDODGA, Tm, Isopar L with 30 vol% Exxal 13",,Isopar L with 30 vol% Exxal 13,,"https://doi.org/10.1039/D4GC01146E, https://doi.org/10.1021/jacs.5c19738",Thomas Summers,2026-01-20 20:39:21,Distribution Ratio,1479.108388168207,-,Temperature,22.0,C,60.0 min,,,Comments,"Data Location: Table S15; Additional Comments: Manual Extraction; Complexant_Name: nan; Complexant_SMILES: nan; Complexant_Concentration_M: nan; Publication_Year: 2024; Title: Agile synthesis and automated, high-throughput evaluation of diglycolamides for liquid–liquid extraction of rare-earth elements; Authors: L An, Y Yao, TB Hall, F Zhao, L Qi; No. of Extractants: 1; Aqueous Phase Metals: nan; Metal_Concentration_mM: 0.5; No. of Metals: 1",Volume Ratio,1.0,,
10554,DMDODGA,0.1 M,Hcl,3 M,Isopar L with 30 vol% Exxal 13,Tm,III ,0.5 mM,,,,,CCCCCCCCN(C)C(=O)COCC(=O)N(C)CCCCCCCC,-,"Hcl, DMDODGA, Tm, Isopar L with 30 vol% Exxal 13",,Isopar L with 30 vol% Exxal 13,,"https://doi.org/10.1039/D4GC01146E, https://doi.org/10.1021/jacs.5c19738",Thomas Summers,2026-01-20 20:39:22,Distribution Ratio,1479.108388168207,-,Temperature,22.0,C,60.0 min,,,Comments,"Data Location: Table S15; Additional Comments: High-throughput Automated Extraction; Complexant_Name: nan; Complexant_SMILES: nan; Complexant_Concentration_M: nan; Publication_Year: 2024; Title: Agile synthesis and automated, high-throughput evaluation of diglycolamides for liquid–liquid extraction of rare-earth elements; Authors: L An, Y Yao, TB Hall, F Zhao, L Qi; No. of Extractants: 1; Aqueous Phase Metals: nan; Metal_Concentration_mM: 0.5; No. of Metals: 1",Volume Ratio,1.0,,
10568,TODGA,0.1 M,Hcl,3 M,Isopar L with 30 vol% Exxal 13,Tm,III ,0.5 mM,,,,,CCCCCCCCN(CCCCCCCC)C(=O)COCC(=O)N(CCCCCCCC)CCCCCCCC,-,"Hcl, TODGA, Tm, Isopar L with 30 vol% Exxal 13",,Isopar L with 30 vol% Exxal 13,,"https://doi.org/10.1039/D4GC01146E, https://doi.org/10.1021/jacs.5c19738",Thomas Summers,2026-01-20 20:39:23,Distribution Ratio,112.2018454301963,-,Temperature,22.0,C,60.0 min,,,Comments,"Data Location: Table S16; Additional Comments: Sequential Sampling Method; Complexant_Name: nan; Complexant_SMILES: nan; Complexant_Concentration_M: nan; Publication_Year: 2024; Title: Agile synthesis and automated, high-throughput evaluation of diglycolamides for liquid–liquid extraction of rare-earth elements; Authors: L An, Y Yao, TB Hall, F Zhao, L Qi; No. of Extractants: 1; Aqueous Phase Metals: nan; Metal_Concentration_mM: 0.5; No. of Metals: 1",Volume Ratio,1.0,,
10582,TODGA,0.1 M,Hcl,3 M,Isopar L with 30 vol% Exxal 13,Tm,III ,0.5 mM,,,,,CCCCCCCCN(CCCCCCCC)C(=O)COCC(=O)N(CCCCCCCC)CCCCCCCC,-,"Hcl, TODGA, Tm, Isopar L with 30 vol% Exxal 13",,Isopar L with 30 vol% Exxal 13,,"https://doi.org/10.1039/D4GC01146E, https://doi.org/10.1021/jacs.5c19738",Thomas Summers,2026-01-20 20:39:24,Distribution Ratio,97.72372209558107,-,Temperature,22.0,C,60.0 min,,,Comments,"Data Location: Table S16; Additional Comments: Direct Sampling Method; Complexant_Name: nan; Complexant_SMILES: nan; Complexant_Concentration_M: nan; Publication_Year: 2024; Title: Agile synthesis and automated, high-throughput evaluation of diglycolamides for liquid–liquid extraction of rare-earth elements; Authors: L An, Y Yao, TB Hall, F Zhao, L Qi; No. of Extractants: 1; Aqueous Phase Metals: nan; Metal_Concentration_mM: 0.5; No. of Metals: 1",Volume Ratio,1.0,,
10596,TODGA,0.1 M,Hcl,3 M,Isopar L with 10 vol% Exxal 13,Tm,III ,0.5 mM,,,,,CCCCCCCCN(CCCCCCCC)C(=O)COCC(=O)N(CCCCCCCC)CCCCCCCC,-,"Hcl, TODGA, Tm, Isopar L with 10 vol% Exxal 13",,Isopar L with 10 vol% Exxal 13,,"https://doi.org/10.1039/D4GC01146E, https://doi.org/10.1021/jacs.5c19738",Thomas Summers,2026-01-20 20:39:25,Distribution Ratio,54.95408738576246,-,Temperature,22.0,C,60.0 min,,,Comments,"Data Location: Table S17; Additional Comments: nan; Complexant_Name: nan; Complexant_SMILES: nan; Complexant_Concentration_M: nan; Publication_Year: 2024; Title: Agile synthesis and automated, high-throughput evaluation of diglycolamides for liquid–liquid extraction of rare-earth elements; Authors: L An, Y Yao, TB Hall, F Zhao, L Qi; No. of Extractants: 1; Aqueous Phase Metals: nan; Metal_Concentration_mM: 0.5; No. of Metals: 1",Volume Ratio,1.0,,
10610,TODGA,0.1 M,Hcl,3 M,Isopar L with 30 vol% Exxal 13,Tm,III ,0.5 mM,,,,,CCCCCCCCN(CCCCCCCC)C(=O)COCC(=O)N(CCCCCCCC)CCCCCCCC,-,"Hcl, TODGA, Tm, Isopar L with 30 vol% Exxal 13",,Isopar L with 30 vol% Exxal 13,,"https://doi.org/10.1039/D4GC01146E, https://doi.org/10.1021/jacs.5c19738",Thomas Summers,2026-01-20 20:39:26,Distribution Ratio,169.8243652461744,-,Temperature,22.0,C,60.0 min,,,Comments,"Data Location: Table S17; Additional Comments: nan; Complexant_Name: nan; Complexant_SMILES: nan; Complexant_Concentration_M: nan; Publication_Year: 2024; Title: Agile synthesis and automated, high-throughput evaluation of diglycolamides for liquid–liquid extraction of rare-earth elements; Authors: L An, Y Yao, TB Hall, F Zhao, L Qi; No. of Extractants: 1; Aqueous Phase Metals: nan; Metal_Concentration_mM: 0.5; No. of Metals: 1",Volume Ratio,1.0,,
10624,TODGA,0.1 M,Hcl,3 M,Isopar L with 50 vol% Exxal 13,Tm,III ,0.5 mM,,,,,CCCCCCCCN(CCCCCCCC)C(=O)COCC(=O)N(CCCCCCCC)CCCCCCCC,-,"Hcl, TODGA, Tm, Isopar L with 50 vol% Exxal 13",,Isopar L with 50 vol% Exxal 13,,"https://doi.org/10.1039/D4GC01146E, https://doi.org/10.1021/jacs.5c19738",Thomas Summers,2026-01-20 20:39:27,Distribution Ratio,208.9296130854039,-,Temperature,22.0,C,60.0 min,,,Comments,"Data Location: Table S17; Additional Comments: nan; Complexant_Name: nan; Complexant_SMILES: nan; Complexant_Concentration_M: nan; Publication_Year: 2024; Title: Agile synthesis and automated, high-throughput evaluation of diglycolamides for liquid–liquid extraction of rare-earth elements; Authors: L An, Y Yao, TB Hall, F Zhao, L Qi; No. of Extractants: 1; Aqueous Phase Metals: nan; Metal_Concentration_mM: 0.5; No. of Metals: 1",Volume Ratio,1.0,,
10638,TODGA,0.1 M,Hcl,0.1 M,Isopar L with 30 vol% Exxal 13,Tm,III ,0.5 mM,,,,,CCCCCCCCN(CCCCCCCC)C(=O)COCC(=O)N(CCCCCCCC)CCCCCCCC,-,"Hcl, TODGA, Tm, Isopar L with 30 vol% Exxal 13",,Isopar L with 30 vol% Exxal 13,,"https://doi.org/10.1039/D4GC01146E, https://doi.org/10.1021/jacs.5c19738",Thomas Summers,2026-01-20 20:39:28,Distribution Ratio,0.1412537544622754,-,Temperature,22.0,C,60.0 min,,,Comments,"Data Location: Table S18; Additional Comments: nan; Complexant_Name: nan; Complexant_SMILES: nan; Complexant_Concentration_M: nan; Publication_Year: 2024; Title: Agile synthesis and automated, high-throughput evaluation of diglycolamides for liquid–liquid extraction of rare-earth elements; Authors: L An, Y Yao, TB Hall, F Zhao, L Qi; No. of Extractants: 1; Aqueous Phase Metals: nan; Metal_Concentration_mM: 0.5; No. of Metals: 1",Volume Ratio,1.0,,
10652,TODGA,0.1 M,Hcl,1.5 M,Isopar L with 30 vol% Exxal 13,Tm,III ,0.5 mM,,,,,CCCCCCCCN(CCCCCCCC)C(=O)COCC(=O)N(CCCCCCCC)CCCCCCCC,-,"Hcl, TODGA, Tm, Isopar L with 30 vol% Exxal 13",,Isopar L with 30 vol% Exxal 13,,"https://doi.org/10.1039/D4GC01146E, https://doi.org/10.1021/jacs.5c19738",Thomas Summers,2026-01-20 20:39:29,Distribution Ratio,5.370317963702527,-,Temperature,22.0,C,60.0 min,,,Comments,"Data Location: Table S18; Additional Comments: nan; Complexant_Name: nan; Complexant_SMILES: nan; Complexant_Concentration_M: nan; Publication_Year: 2024; Title: Agile synthesis and automated, high-throughput evaluation of diglycolamides for liquid–liquid extraction of rare-earth elements; Authors: L An, Y Yao, TB Hall, F Zhao, L Qi; No. of Extractants: 1; Aqueous Phase Metals: nan; Metal_Concentration_mM: 0.5; No. of Metals: 1",Volume Ratio,1.0,,
10666,TODGA,0.1 M,Hcl,3 M,Isopar L with 30 vol% Exxal 13,Tm,III ,0.5 mM,,,,,CCCCCCCCN(CCCCCCCC)C(=O)COCC(=O)N(CCCCCCCC)CCCCCCCC,-,"Hcl, TODGA, Tm, Isopar L with 30 vol% Exxal 13",,Isopar L with 30 vol% Exxal 13,,"https://doi.org/10.1039/D4GC01146E, https://doi.org/10.1021/jacs.5c19738",Thomas Summers,2026-01-20 20:39:30,Distribution Ratio,169.8243652461744,-,Temperature,22.0,C,60.0 min,,,Comments,"Data Location: Table S18; Additional Comments: nan; Complexant_Name: nan; Complexant_SMILES: nan; Complexant_Concentration_M: nan; Publication_Year: 2024; Title: Agile synthesis and automated, high-throughput evaluation of diglycolamides for liquid–liquid extraction of rare-earth elements; Authors: L An, Y Yao, TB Hall, F Zhao, L Qi; No. of Extractants: 1; Aqueous Phase Metals: nan; Metal_Concentration_mM: 0.5; No. of Metals: 1",Volume Ratio,1.0,,
10680,TODGA,0.1 M,Hcl,3 M,Isopar L with 30 vol% Exxal 13,Tm,III ,0.5 mM,,,,,CCCCCCCCN(CCCCCCCC)C(=O)COCC(=O)N(CCCCCCCC)CCCCCCCC,-,"Hcl, TODGA, Tm, Isopar L with 30 vol% Exxal 13",,Isopar L with 30 vol% Exxal 13,,"https://doi.org/10.1039/D4GC01146E, https://doi.org/10.1021/jacs.5c19738",Thomas Summers,2026-01-20 20:39:31,Distribution Ratio,169.8243652461744,-,Temperature,22.0,C,60.0 min,,,Comments,"Data Location: Table S20; Additional Comments: nan; Complexant_Name: nan; Complexant_SMILES: nan; Complexant_Concentration_M: nan; Publication_Year: 2024; Title: Agile synthesis and automated, high-throughput evaluation of diglycolamides for liquid–liquid extraction of rare-earth elements; Authors: L An, Y Yao, TB Hall, F Zhao, L Qi; No. of Extractants: 1; Aqueous Phase Metals: nan; Metal_Concentration_mM: 0.5; No. of Metals: 1",Volume Ratio,1.0,,
10694,T2EHDGA,0.1 M,Hcl,3 M,Isopar L with 30 vol% Exxal 13,Tm,III ,0.5 mM,,,,,CCCCC(CC)CN(CC(CC)CCCC)C(=O)COCC(=O)N(CC(CC)CCCC)CC(CC)CCCC,-,"Hcl, T2EHDGA, Tm, Isopar L with 30 vol% Exxal 13",,Isopar L with 30 vol% Exxal 13,,"https://doi.org/10.1039/D4GC01146E, https://doi.org/10.1021/jacs.5c19738",Thomas Summers,2026-01-20 20:39:32,Distribution Ratio,0.2344228815319922,-,Temperature,22.0,C,60.0 min,,,Comments,"Data Location: Table S20; Additional Comments: nan; Complexant_Name: nan; Complexant_SMILES: nan; Complexant_Concentration_M: nan; Publication_Year: 2024; Title: Agile synthesis and automated, high-throughput evaluation of diglycolamides for liquid–liquid extraction of rare-earth elements; Authors: L An, Y Yao, TB Hall, F Zhao, L Qi; No. of Extractants: 1; Aqueous Phase Metals: nan; Metal_Concentration_mM: 0.5; No. of Metals: 1",Volume Ratio,1.0,,
10708,DMDODGA,0.1 M,Hcl,3 M,Isopar L with 30 vol% Exxal 13,Tm,III ,0.5 mM,,,,,CCCCCCCCN(C)C(=O)COCC(=O)N(C)CCCCCCCC,-,"Hcl, DMDODGA, Tm, Isopar L with 30 vol% Exxal 13",,Isopar L with 30 vol% Exxal 13,,"https://doi.org/10.1039/D4GC01146E, https://doi.org/10.1021/jacs.5c19738",Thomas Summers,2026-01-20 20:39:32,Distribution Ratio,1479.108388168207,-,Temperature,22.0,C,60.0 min,,,Comments,"Data Location: Table S20; Additional Comments: nan; Complexant_Name: nan; Complexant_SMILES: nan; Complexant_Concentration_M: nan; Publication_Year: 2024; Title: Agile synthesis and automated, high-throughput evaluation of diglycolamides for liquid–liquid extraction of rare-earth elements; Authors: L An, Y Yao, TB Hall, F Zhao, L Qi; No. of Extractants: 1; Aqueous Phase Metals: nan; Metal_Concentration_mM: 0.5; No. of Metals: 1",Volume Ratio,1.0,,
10722,DPiperidineDGA,0.1 M,Hcl,3 M,Isopar L with 30 vol% Exxal 13,Tm,III ,0.5 mM,,,,,O=C(COCC(=O)N1CCCCC1)N2CCCCC2,-,"Hcl, DPiperidineDGA, Tm, Isopar L with 30 vol% Exxal 13",,Isopar L with 30 vol% Exxal 13,,"https://doi.org/10.1039/D4GC01146E, https://doi.org/10.1021/jacs.5c19738",Thomas Summers,2026-01-20 20:39:33,Distribution Ratio,0.1819700858609984,-,Temperature,22.0,C,60.0 min,,,Comments,"Data Location: Table S20; Additional Comments: nan; Complexant_Name: nan; Complexant_SMILES: nan; Complexant_Concentration_M: nan; Publication_Year: 2024; Title: Agile synthesis and automated, high-throughput evaluation of diglycolamides for liquid–liquid extraction of rare-earth elements; Authors: L An, Y Yao, TB Hall, F Zhao, L Qi; No. of Extractants: 1; Aqueous Phase Metals: nan; Metal_Concentration_mM: 0.5; No. of Metals: 1",Volume Ratio,1.0,,
10736,TEtOMeDGA,0.1 M,Hcl,3 M,Isopar L with 30 vol% Exxal 13,Tm,III ,0.5 mM,,,,,COCCN(CCOC)C(=O)COCC(=O)N(CCOC)CCOC,-,"Hcl, TEtOMeDGA, Tm, Isopar L with 30 vol% Exxal 13",,Isopar L with 30 vol% Exxal 13,,"https://doi.org/10.1039/D4GC01146E, https://doi.org/10.1021/jacs.5c19738",Thomas Summers,2026-01-20 20:39:34,Distribution Ratio,0.1949844599758045,-,Temperature,22.0,C,60.0 min,,,Comments,"Data Location: Table S20; Additional Comments: nan; Complexant_Name: nan; Complexant_SMILES: nan; Complexant_Concentration_M: nan; Publication_Year: 2024; Title: Agile synthesis and automated, high-throughput evaluation of diglycolamides for liquid–liquid extraction of rare-earth elements; Authors: L An, Y Yao, TB Hall, F Zhao, L Qi; No. of Extractants: 1; Aqueous Phase Metals: nan; Metal_Concentration_mM: 0.5; No. of Metals: 1",Volume Ratio,1.0,,
10781,DHD2DGA,0.1 M,HNO3,1 M,n-Dodecane,Tm,III ,0.002 mM,,,,,CCCCCCCCCCN(CCCCCCCCCC)C(=O)COCC(=O)N(CCCCCC)CCCCCC,-,"HNO3, DHD2DGA, Tm, n-Dodecane",,n-Dodecane,,"https://doi.org/10.1080/01496395.2016.1274760, https://doi.org/10.1021/jacs.5c19738",Thomas Summers,2026-01-20 20:39:37,Distribution Ratio,166.666666666666,-,Temperature,25.0,C,30.0 min,,,Comments,"Data Location: Figure 4; Additional Comments: nan; Complexant_Name: nan; Complexant_SMILES: nan; Complexant_Concentration_M: nan; Publication_Year: 2017; Title: Extraction of rare earth elements from nitrate solution using novel unsymmetrical diglycolamide; Authors: EA Mowafy, D Mohamed; No. of Extractants: 1; Aqueous Phase Metals: nan; Metal_Concentration_mM: 0.002; No. of Metals: 1",Volume Ratio,1.0,,
11536,TODGA,0.1 M,HNO3,0.5 M,n-Dodecane,Tm,III ,0.3 mM,,,,,CCCCCCCCN(CCCCCCCC)C(=O)COCC(=O)N(CCCCCCCC)CCCCCCCC,-,"HNO3, TODGA, Tm, n-Dodecane",,n-Dodecane,,"https://doi.org/10.1080/07366299.2013.836422, https://doi.org/10.1021/jacs.5c19738",Thomas Summers,2026-01-20 20:40:28,Distribution Ratio,179.56,-,Temperature,25.0,C,30.0 min,,,Comments,"Data Location: Figure 4; Additional Comments: Ln conc. between 10-100 ppm. 50 ppm reported here.; Complexant_Name: nan; Complexant_SMILES: nan; Complexant_Concentration_M: nan; Publication_Year: 2014; Title: Novel Extractant, NTAamide, and its combination with TEDGA for Mutual Separation of Am / Cm / Ln ; Authors: Y Sasaki, Y Tsubata, Y Kitatsuji, Y Sugo, N Shirasu, Y Morita; No. of Extractants: 1; Aqueous Phase Metals: nan; Metal_Concentration_mM: 0.3; No. of Metals: 1",Volume Ratio,1.0,,
11550,NTAamide(C8),0.2 M,HNO3,1 M,n-Dodecane,Tm,III ,0.3 mM,,,,,CCCCCCCCN(CCCCCCCC)C(=O)CN(CC(=O)N(CCCCCCCC)CCCCCCCC)CC(=O)N(CCCCCCCC)CCCCCCCC,-,"HNO3, NTAamide(C8), Tm, n-Dodecane",,n-Dodecane,,"https://doi.org/10.1080/07366299.2013.836422, https://doi.org/10.1021/jacs.5c19738",Thomas Summers,2026-01-20 20:40:29,Distribution Ratio,0.0253860659870158,-,Temperature,25.0,C,30.0 min,,,Comments,"Data Location: Figure 4; Additional Comments: Ln conc. between 10-100 ppm. 50 ppm reported here.; Complexant_Name: nan; Complexant_SMILES: nan; Complexant_Concentration_M: nan; Publication_Year: 2014; Title: Novel Extractant, NTAamide, and its combination with TEDGA for Mutual Separation of Am / Cm / Ln ; Authors: Y Sasaki, Y Tsubata, Y Kitatsuji, Y Sugo, N Shirasu, Y Morita; No. of Extractants: 1; Aqueous Phase Metals: nan; Metal_Concentration_mM: 0.3; No. of Metals: 1",Volume Ratio,1.0,,
12220,TPrDGA,0.04 M,HNO3,1 M,nitrobenzene,Tm,III ,0.0006 mM,,,,,CCCN(CCC)C(=O)COCC(=O)N(CCC)CCC,-,"HNO3, TPrDGA, Tm, nitrobenzene",,nitrobenzene,,"https://doi.org/10.1080/07366299.2015.1087209 , https://doi.org/10.1021/jacs.5c19738",Thomas Summers,2026-01-20 20:41:14,Distribution Ratio,543.82561830069,-,Temperature,25.0,C,50.0 min,,,Comments,"Data Location: Figure 8; Additional Comments: nan; Complexant_Name: nan; Complexant_SMILES: nan; Complexant_Concentration_M: nan; Publication_Year: 2015; Title: The Effect of Alkyl Substituents on Actinide and Lanthanide Extraction by Diglycolamide Compounds; Authors: Y Sasaki, Y Sugo, K Morita, KL Nash; No. of Extractants: 1; Aqueous Phase Metals: nan; Metal_Concentration_mM: 0.0006; No. of Metals: 1",Volume Ratio,1.0,,
12234,TPrDGA,0.04 M,HNO3,1 M,"1,2-dichloroethane",Tm,III ,0.0006 mM,,,,,CCCN(CCC)C(=O)COCC(=O)N(CCC)CCC,-,"HNO3, TPrDGA, Tm, 1,2-dichloroethane",,"1,2-dichloroethane",,"https://doi.org/10.1080/07366299.2015.1087209 , https://doi.org/10.1021/jacs.5c19738",Thomas Summers,2026-01-20 20:41:15,Distribution Ratio,51.4125823782213,-,Temperature,25.0,C,50.0 min,,,Comments,"Data Location: Figure 8; Additional Comments: nan; Complexant_Name: nan; Complexant_SMILES: nan; Complexant_Concentration_M: nan; Publication_Year: 2015; Title: The Effect of Alkyl Substituents on Actinide and Lanthanide Extraction by Diglycolamide Compounds; Authors: Y Sasaki, Y Sugo, K Morita, KL Nash; No. of Extractants: 1; Aqueous Phase Metals: nan; Metal_Concentration_mM: 0.0006; No. of Metals: 1",Volume Ratio,1.0,,
12248,TPrDGA,0.04 M,HNO3,1 M,1-octanol,Tm,III ,0.0006 mM,,,,,CCCN(CCC)C(=O)COCC(=O)N(CCC)CCC,-,"HNO3, TPrDGA, Tm, 1-octanol",,1-octanol,,"https://doi.org/10.1080/07366299.2015.1087209 , https://doi.org/10.1021/jacs.5c19738",Thomas Summers,2026-01-20 20:41:16,Distribution Ratio,67.4944857411922,-,Temperature,25.0,C,50.0 min,,,Comments,"Data Location: Figure 8; Additional Comments: nan; Complexant_Name: nan; Complexant_SMILES: nan; Complexant_Concentration_M: nan; Publication_Year: 2015; Title: The Effect of Alkyl Substituents on Actinide and Lanthanide Extraction by Diglycolamide Compounds; Authors: Y Sasaki, Y Sugo, K Morita, KL Nash; No. of Extractants: 1; Aqueous Phase Metals: nan; Metal_Concentration_mM: 0.0006; No. of Metals: 1",Volume Ratio,1.0,,
12262,TPrDGA,0.04 M,HNO3,1 M,Chloroform,Tm,III ,0.0006 mM,,,,,CCCN(CCC)C(=O)COCC(=O)N(CCC)CCC,-,"HNO3, TPrDGA, Tm, Chloroform",,Chloroform,,"https://doi.org/10.1080/07366299.2015.1087209 , https://doi.org/10.1021/jacs.5c19738",Thomas Summers,2026-01-20 20:41:17,Distribution Ratio,0.660522216592384,-,Temperature,25.0,C,50.0 min,,,Comments,"Data Location: Figure 8; Additional Comments: nan; Complexant_Name: nan; Complexant_SMILES: nan; Complexant_Concentration_M: nan; Publication_Year: 2015; Title: The Effect of Alkyl Substituents on Actinide and Lanthanide Extraction by Diglycolamide Compounds; Authors: Y Sasaki, Y Sugo, K Morita, KL Nash; No. of Extractants: 1; Aqueous Phase Metals: nan; Metal_Concentration_mM: 0.0006; No. of Metals: 1",Volume Ratio,1.0,,
12289,TODGA,0.04 M,HNO3,1 M,"1,2-dichloroethane",Tm,III ,0.0006 mM,,,,,CCCCCCCCN(CCCCCCCC)C(=O)COCC(=O)N(CCCCCCCC)CCCCCCCC,-,"HNO3, TODGA, Tm, 1,2-dichloroethane",,"1,2-dichloroethane",,"https://doi.org/10.1080/07366299.2015.1087209 , https://doi.org/10.1021/jacs.5c19738",Thomas Summers,2026-01-20 20:41:19,Distribution Ratio,14.9417769965678,-,Temperature,25.0,C,50.0 min,,,Comments,"Data Location: Figure 8; Additional Comments: nan; Complexant_Name: nan; Complexant_SMILES: nan; Complexant_Concentration_M: nan; Publication_Year: 2015; Title: The Effect of Alkyl Substituents on Actinide and Lanthanide Extraction by Diglycolamide Compounds; Authors: Y Sasaki, Y Sugo, K Morita, KL Nash; No. of Extractants: 1; Aqueous Phase Metals: nan; Metal_Concentration_mM: 0.0006; No. of Metals: 1",Volume Ratio,1.0,,
12303,TODGA,0.04 M,HNO3,1 M,1-octanol,Tm,III ,0.0006 mM,,,,,CCCCCCCCN(CCCCCCCC)C(=O)COCC(=O)N(CCCCCCCC)CCCCCCCC,-,"HNO3, TODGA, Tm, 1-octanol",,1-octanol,,"https://doi.org/10.1080/07366299.2015.1087209 , https://doi.org/10.1021/jacs.5c19738",Thomas Summers,2026-01-20 20:41:19,Distribution Ratio,170.634761804782,-,Temperature,25.0,C,50.0 min,,,Comments,"Data Location: Figure 8; Additional Comments: nan; Complexant_Name: nan; Complexant_SMILES: nan; Complexant_Concentration_M: nan; Publication_Year: 2015; Title: The Effect of Alkyl Substituents on Actinide and Lanthanide Extraction by Diglycolamide Compounds; Authors: Y Sasaki, Y Sugo, K Morita, KL Nash; No. of Extractants: 1; Aqueous Phase Metals: nan; Metal_Concentration_mM: 0.0006; No. of Metals: 1",Volume Ratio,1.0,,
12317,TODGA,0.04 M,HNO3,1 M,Chloroform,Tm,III ,0.0006 mM,,,,,CCCCCCCCN(CCCCCCCC)C(=O)COCC(=O)N(CCCCCCCC)CCCCCCCC,-,"HNO3, TODGA, Tm, Chloroform",,Chloroform,,"https://doi.org/10.1080/07366299.2015.1087209 , https://doi.org/10.1021/jacs.5c19738",Thomas Summers,2026-01-20 20:41:20,Distribution Ratio,0.0343451153172302,-,Temperature,25.0,C,50.0 min,,,Comments,"Data Location: Figure 8; Additional Comments: nan; Complexant_Name: nan; Complexant_SMILES: nan; Complexant_Concentration_M: nan; Publication_Year: 2015; Title: The Effect of Alkyl Substituents on Actinide and Lanthanide Extraction by Diglycolamide Compounds; Authors: Y Sasaki, Y Sugo, K Morita, KL Nash; No. of Extractants: 1; Aqueous Phase Metals: nan; Metal_Concentration_mM: 0.0006; No. of Metals: 1",Volume Ratio,1.0,,
12331,TODGA,0.04 M,HNO3,1 M,toluene,Tm,III ,0.0006 mM,,,,,CCCCCCCCN(CCCCCCCC)C(=O)COCC(=O)N(CCCCCCCC)CCCCCCCC,-,"HNO3, TODGA, Tm, toluene",,toluene,,"https://doi.org/10.1080/07366299.2015.1087209 , https://doi.org/10.1021/jacs.5c19738",Thomas Summers,2026-01-20 20:41:21,Distribution Ratio,0.192356511242201,-,Temperature,25.0,C,50.0 min,,,Comments,"Data Location: Figure 8; Additional Comments: nan; Complexant_Name: nan; Complexant_SMILES: nan; Complexant_Concentration_M: nan; Publication_Year: 2015; Title: The Effect of Alkyl Substituents on Actinide and Lanthanide Extraction by Diglycolamide Compounds; Authors: Y Sasaki, Y Sugo, K Morita, KL Nash; No. of Extractants: 1; Aqueous Phase Metals: nan; Metal_Concentration_mM: 0.0006; No. of Metals: 1",Volume Ratio,1.0,,
12345,TODGA,0.04 M,HNO3,1 M,n-Dodecane,Tm,III ,0.0006 mM,,,,,CCCCCCCCN(CCCCCCCC)C(=O)COCC(=O)N(CCCCCCCC)CCCCCCCC,-,"HNO3, TODGA, Tm, n-Dodecane",,n-Dodecane,,"https://doi.org/10.1080/07366299.2015.1087209 , https://doi.org/10.1021/jacs.5c19738",Thomas Summers,2026-01-20 20:41:22,Distribution Ratio,58.9855222524,-,Temperature,25.0,C,50.0 min,,,Comments,"Data Location: Figure 8; Additional Comments: nan; Complexant_Name: nan; Complexant_SMILES: nan; Complexant_Concentration_M: nan; Publication_Year: 2015; Title: The Effect of Alkyl Substituents on Actinide and Lanthanide Extraction by Diglycolamide Compounds; Authors: Y Sasaki, Y Sugo, K Morita, KL Nash; No. of Extractants: 1; Aqueous Phase Metals: nan; Metal_Concentration_mM: 0.0006; No. of Metals: 1",Volume Ratio,1.0,,
12359,TEDGA,0.1 M,HNO3,0.95 M,nitrobenzene,Tm,III ,0.0006 mM,,,,,CCN(CC)C(=O)COCC(=O)N(CC)CC,-,"HNO3, TEDGA, Tm, nitrobenzene",,nitrobenzene,,"https://doi.org/10.1080/07366299.2015.1087209 , https://doi.org/10.1021/jacs.5c19738",Thomas Summers,2026-01-20 20:41:23,Distribution Ratio,121.849708266805,-,Temperature,25.0,C,50.0 min,,,Comments,"Data Location: Figure 8; Additional Comments: nan; Complexant_Name: nan; Complexant_SMILES: nan; Complexant_Concentration_M: nan; Publication_Year: 2015; Title: The Effect of Alkyl Substituents on Actinide and Lanthanide Extraction by Diglycolamide Compounds; Authors: Y Sasaki, Y Sugo, K Morita, KL Nash; No. of Extractants: 1; Aqueous Phase Metals: nan; Metal_Concentration_mM: 0.0006; No. of Metals: 1",Volume Ratio,1.0,,
12373,TEDGA,0.1 M,HNO3,0.95 M,"1,2-dichloroethane",Tm,III ,0.0006 mM,,,,,CCN(CC)C(=O)COCC(=O)N(CC)CC,-,"HNO3, TEDGA, Tm, 1,2-dichloroethane",,"1,2-dichloroethane",,"https://doi.org/10.1080/07366299.2015.1087209 , https://doi.org/10.1021/jacs.5c19738",Thomas Summers,2026-01-20 20:41:24,Distribution Ratio,5.11417180289507,-,Temperature,25.0,C,50.0 min,,,Comments,"Data Location: Figure 8; Additional Comments: nan; Complexant_Name: nan; Complexant_SMILES: nan; Complexant_Concentration_M: nan; Publication_Year: 2015; Title: The Effect of Alkyl Substituents on Actinide and Lanthanide Extraction by Diglycolamide Compounds; Authors: Y Sasaki, Y Sugo, K Morita, KL Nash; No. of Extractants: 1; Aqueous Phase Metals: nan; Metal_Concentration_mM: 0.0006; No. of Metals: 1",Volume Ratio,1.0,,
12387,TEDGA,0.1 M,HNO3,0.95 M,1-octanol,Tm,III ,0.0006 mM,,,,,CCN(CC)C(=O)COCC(=O)N(CC)CC,-,"HNO3, TEDGA, Tm, 1-octanol",,1-octanol,,"https://doi.org/10.1080/07366299.2015.1087209 , https://doi.org/10.1021/jacs.5c19738",Thomas Summers,2026-01-20 20:41:25,Distribution Ratio,9.82393406047329,-,Temperature,25.0,C,50.0 min,,,Comments,"Data Location: Figure 8; Additional Comments: nan; Complexant_Name: nan; Complexant_SMILES: nan; Complexant_Concentration_M: nan; Publication_Year: 2015; Title: The Effect of Alkyl Substituents on Actinide and Lanthanide Extraction by Diglycolamide Compounds; Authors: Y Sasaki, Y Sugo, K Morita, KL Nash; No. of Extractants: 1; Aqueous Phase Metals: nan; Metal_Concentration_mM: 0.0006; No. of Metals: 1",Volume Ratio,1.0,,
12401,TEDGA,0.1 M,HNO3,0.95 M,Chloroform,Tm,III ,0.0006 mM,,,,,CCN(CC)C(=O)COCC(=O)N(CC)CC,-,"HNO3, TEDGA, Tm, Chloroform",,Chloroform,,"https://doi.org/10.1080/07366299.2015.1087209 , https://doi.org/10.1021/jacs.5c19738",Thomas Summers,2026-01-20 20:41:26,Distribution Ratio,0.00888978037725926,-,Temperature,25.0,C,50.0 min,,,Comments,"Data Location: Figure 8; Additional Comments: nan; Complexant_Name: nan; Complexant_SMILES: nan; Complexant_Concentration_M: nan; Publication_Year: 2015; Title: The Effect of Alkyl Substituents on Actinide and Lanthanide Extraction by Diglycolamide Compounds; Authors: Y Sasaki, Y Sugo, K Morita, KL Nash; No. of Extractants: 1; Aqueous Phase Metals: nan; Metal_Concentration_mM: 0.0006; No. of Metals: 1",Volume Ratio,1.0,,
12415,TEDGA,0.1 M,HNO3,0.95 M,toluene,Tm,III ,0.0006 mM,,,,,CCN(CC)C(=O)COCC(=O)N(CC)CC,-,"HNO3, TEDGA, Tm, toluene",,toluene,,"https://doi.org/10.1080/07366299.2015.1087209 , https://doi.org/10.1021/jacs.5c19738",Thomas Summers,2026-01-20 20:41:27,Distribution Ratio,0.0189971531799055,-,Temperature,25.0,C,50.0 min,,,Comments,"Data Location: Figure 8; Additional Comments: nan; Complexant_Name: nan; Complexant_SMILES: nan; Complexant_Concentration_M: nan; Publication_Year: 2015; Title: The Effect of Alkyl Substituents on Actinide and Lanthanide Extraction by Diglycolamide Compounds; Authors: Y Sasaki, Y Sugo, K Morita, KL Nash; No. of Extractants: 1; Aqueous Phase Metals: nan; Metal_Concentration_mM: 0.0006; No. of Metals: 1",Volume Ratio,1.0,,
12429,TEDGA,0.1 M,HNO3,0.95 M,n-Dodecane,Tm,III ,0.0006 mM,,,,,CCN(CC)C(=O)COCC(=O)N(CC)CC,-,"HNO3, TEDGA, Tm, n-Dodecane",,n-Dodecane,,"https://doi.org/10.1080/07366299.2015.1087209 , https://doi.org/10.1021/jacs.5c19738",Thomas Summers,2026-01-20 20:41:28,Distribution Ratio,1.2966580423821,-,Temperature,25.0,C,50.0 min,,,Comments,"Data Location: Figure 8; Additional Comments: nan; Complexant_Name: nan; Complexant_SMILES: nan; Complexant_Concentration_M: nan; Publication_Year: 2015; Title: The Effect of Alkyl Substituents on Actinide and Lanthanide Extraction by Diglycolamide Compounds; Authors: Y Sasaki, Y Sugo, K Morita, KL Nash; No. of Extractants: 1; Aqueous Phase Metals: nan; Metal_Concentration_mM: 0.0006; No. of Metals: 1",Volume Ratio,1.0,,
12443,DMDPDGA,0.1 M,HNO3,1 M,nitrobenzene,Tm,III ,0.0006 mM,,,,,CN(C(=O)COCC(=O)N(C)c1ccccc1)c2ccccc2,-,"HNO3, DMDPDGA, Tm, nitrobenzene",,nitrobenzene,,"https://doi.org/10.1080/07366299.2015.1087209 , https://doi.org/10.1021/jacs.5c19738",Thomas Summers,2026-01-20 20:41:29,Distribution Ratio,4.64848476560944,-,Temperature,25.0,C,50.0 min,,,Comments,"Data Location: Figure 8; Additional Comments: nan; Complexant_Name: nan; Complexant_SMILES: nan; Complexant_Concentration_M: nan; Publication_Year: 2015; Title: The Effect of Alkyl Substituents on Actinide and Lanthanide Extraction by Diglycolamide Compounds; Authors: Y Sasaki, Y Sugo, K Morita, KL Nash; No. of Extractants: 1; Aqueous Phase Metals: nan; Metal_Concentration_mM: 0.0006; No. of Metals: 1",Volume Ratio,1.0,,
12457,DMDPDGA,0.1 M,HNO3,1 M,"1,2-dichloroethane",Tm,III ,0.0006 mM,,,,,CN(C(=O)COCC(=O)N(C)c1ccccc1)c2ccccc2,-,"HNO3, DMDPDGA, Tm, 1,2-dichloroethane",,"1,2-dichloroethane",,"https://doi.org/10.1080/07366299.2015.1087209 , https://doi.org/10.1021/jacs.5c19738",Thomas Summers,2026-01-20 20:41:30,Distribution Ratio,14.8643869354677,-,Temperature,25.0,C,50.0 min,,,Comments,"Data Location: Figure 8; Additional Comments: nan; Complexant_Name: nan; Complexant_SMILES: nan; Complexant_Concentration_M: nan; Publication_Year: 2015; Title: The Effect of Alkyl Substituents on Actinide and Lanthanide Extraction by Diglycolamide Compounds; Authors: Y Sasaki, Y Sugo, K Morita, KL Nash; No. of Extractants: 1; Aqueous Phase Metals: nan; Metal_Concentration_mM: 0.0006; No. of Metals: 1",Volume Ratio,1.0,,
12471,DMDPDGA,0.1 M,HNO3,1 M,Chloroform,Tm,III ,0.0006 mM,,,,,CN(C(=O)COCC(=O)N(C)c1ccccc1)c2ccccc2,-,"HNO3, DMDPDGA, Tm, Chloroform",,Chloroform,,"https://doi.org/10.1080/07366299.2015.1087209 , https://doi.org/10.1021/jacs.5c19738",Thomas Summers,2026-01-20 20:41:31,Distribution Ratio,0.0096930476605804,-,Temperature,25.0,C,50.0 min,,,Comments,"Data Location: Figure 8; Additional Comments: nan; Complexant_Name: nan; Complexant_SMILES: nan; Complexant_Concentration_M: nan; Publication_Year: 2015; Title: The Effect of Alkyl Substituents on Actinide and Lanthanide Extraction by Diglycolamide Compounds; Authors: Y Sasaki, Y Sugo, K Morita, KL Nash; No. of Extractants: 1; Aqueous Phase Metals: nan; Metal_Concentration_mM: 0.0006; No. of Metals: 1",Volume Ratio,1.0,,
12485,DMDPDGA,0.1 M,HNO3,1 M,toluene,Tm,III ,0.0006 mM,,,,,CN(C(=O)COCC(=O)N(C)c1ccccc1)c2ccccc2,-,"HNO3, DMDPDGA, Tm, toluene",,toluene,,"https://doi.org/10.1080/07366299.2015.1087209 , https://doi.org/10.1021/jacs.5c19738",Thomas Summers,2026-01-20 20:41:32,Distribution Ratio,0.00882757452411754,-,Temperature,25.0,C,50.0 min,,,Comments,"Data Location: Figure 8; Additional Comments: nan; Complexant_Name: nan; Complexant_SMILES: nan; Complexant_Concentration_M: nan; Publication_Year: 2015; Title: The Effect of Alkyl Substituents on Actinide and Lanthanide Extraction by Diglycolamide Compounds; Authors: Y Sasaki, Y Sugo, K Morita, KL Nash; No. of Extractants: 1; Aqueous Phase Metals: nan; Metal_Concentration_mM: 0.0006; No. of Metals: 1",Volume Ratio,1.0,,
12830,TODGA,0.1 M,HNO3,0.5 M,n-Dodecane,Tm,III ,0.06 mM,,,,,CCCCCCCCN(CCCCCCCC)C(=O)COCC(=O)N(CCCCCCCC)CCCCCCCC,-,"HNO3, TODGA, Tm, n-Dodecane",,n-Dodecane,,"https://doi.org/10.1081/SEI-100001376, https://doi.org/10.1021/jacs.5c19738",Thomas Summers,2026-01-20 20:41:55,Distribution Ratio,174.1179347331073,-,Temperature,25.0,C,120.0 min,,,Comments,"Data Location: Figure 4; Additional Comments: nan; Complexant_Name: nan; Complexant_SMILES: nan; Complexant_Concentration_M: nan; Publication_Year: 2001; Title: The novel extractants, diglycolamides, for the extraction of lanthanides and actinides in HNO3-n-dodecane system; Authors: Y Sasaki, Y Sugo, S Suzuki, S Tachimori; No. of Extractants: 1; Aqueous Phase Metals: nan; Metal_Concentration_mM: 0.06; No. of Metals: 1",Volume Ratio,1.0,,
12844,TODGA,0.1 M,HNO3,1 M,n-Dodecane,Tm,III ,0.06 mM,,,,,CCCCCCCCN(CCCCCCCC)C(=O)COCC(=O)N(CCCCCCCC)CCCCCCCC,-,"HNO3, TODGA, Tm, n-Dodecane",,n-Dodecane,,"https://doi.org/10.1081/SEI-100001376, https://doi.org/10.1021/jacs.5c19738",Thomas Summers,2026-01-20 20:41:56,Distribution Ratio,618.5046260944923,-,Temperature,25.0,C,120.0 min,,,Comments,"Data Location: Figure 4; Additional Comments: nan; Complexant_Name: nan; Complexant_SMILES: nan; Complexant_Concentration_M: nan; Publication_Year: 2001; Title: The novel extractants, diglycolamides, for the extraction of lanthanides and actinides in HNO3-n-dodecane system; Authors: Y Sasaki, Y Sugo, S Suzuki, S Tachimori; No. of Extractants: 1; Aqueous Phase Metals: nan; Metal_Concentration_mM: 0.06; No. of Metals: 1",Volume Ratio,1.0,,
12939,DMDPhPDA,0.5 M,HNO3,1 M,Chloroform,Tm,III ,0.01 mM,,,,,CN(C(=O)c2cccc(C(=O)N(C)c1ccccc1)n2)c3ccccc3,-,"HNO3, DMDPhPDA, Tm, Chloroform",,Chloroform,,"https://doi.org/10.1081/SEI-120030392, https://doi.org/10.1021/jacs.5c19738",Thomas Summers,2026-01-20 20:42:02,Distribution Ratio,0.0003,-,Temperature,25.0,C,30.0 min,,,Comments,"Data Location: Table 1; Additional Comments: nan; Complexant_Name: nan; Complexant_SMILES: nan; Complexant_Concentration_M: nan; Publication_Year: 2003; Title: Extraction Studies of Lanthanide(III) Ions with N,N′‐Dimethyl‐N,N′‐diphenylpyridine‐2,6‐dicarboxyamide (DMDPhPDA) from Nitric Acid Solutions; Authors: A. Shimada, T. Yaita, H. Narita, S. Tachimori, K. Okuno; No. of Extractants: 1; Aqueous Phase Metals: nan; Metal_Concentration_mM: 0.01; No. of Metals: 1",Volume Ratio,1.0,,
12940,DMDPhPDA,0.5 M,HNO3,2 M,Chloroform,Tm,III ,0.01 mM,,,,,CN(C(=O)c2cccc(C(=O)N(C)c1ccccc1)n2)c3ccccc3,-,"HNO3, DMDPhPDA, Tm, Chloroform",,Chloroform,,"https://doi.org/10.1081/SEI-120030392, https://doi.org/10.1021/jacs.5c19738",Thomas Summers,2026-01-20 20:42:02,Distribution Ratio,0.0021,-,Temperature,25.0,C,30.0 min,,,Comments,"Data Location: Table 1; Additional Comments: nan; Complexant_Name: nan; Complexant_SMILES: nan; Complexant_Concentration_M: nan; Publication_Year: 2003; Title: Extraction Studies of Lanthanide(III) Ions with N,N′‐Dimethyl‐N,N′‐diphenylpyridine‐2,6‐dicarboxyamide (DMDPhPDA) from Nitric Acid Solutions; Authors: A. Shimada, T. Yaita, H. Narita, S. Tachimori, K. Okuno; No. of Extractants: 1; Aqueous Phase Metals: nan; Metal_Concentration_mM: 0.01; No. of Metals: 1",Volume Ratio,1.0,,
12941,DMDPhPDA,0.5 M,HNO3,3 M,Chloroform,Tm,III ,0.01 mM,,,,,CN(C(=O)c2cccc(C(=O)N(C)c1ccccc1)n2)c3ccccc3,-,"HNO3, DMDPhPDA, Tm, Chloroform",,Chloroform,,"https://doi.org/10.1081/SEI-120030392, https://doi.org/10.1021/jacs.5c19738",Thomas Summers,2026-01-20 20:42:02,Distribution Ratio,0.038,-,Temperature,25.0,C,30.0 min,,,Comments,"Data Location: Table 1; Additional Comments: nan; Complexant_Name: nan; Complexant_SMILES: nan; Complexant_Concentration_M: nan; Publication_Year: 2003; Title: Extraction Studies of Lanthanide(III) Ions with N,N′‐Dimethyl‐N,N′‐diphenylpyridine‐2,6‐dicarboxyamide (DMDPhPDA) from Nitric Acid Solutions; Authors: A. Shimada, T. Yaita, H. Narita, S. Tachimori, K. Okuno; No. of Extractants: 1; Aqueous Phase Metals: nan; Metal_Concentration_mM: 0.01; No. of Metals: 1",Volume Ratio,1.0,,
12942,DMDPhPDA,0.5 M,HNO3,4 M,Chloroform,Tm,III ,0.01 mM,,,,,CN(C(=O)c2cccc(C(=O)N(C)c1ccccc1)n2)c3ccccc3,-,"HNO3, DMDPhPDA, Tm, Chloroform",,Chloroform,,"https://doi.org/10.1081/SEI-120030392, https://doi.org/10.1021/jacs.5c19738",Thomas Summers,2026-01-20 20:42:02,Distribution Ratio,1.5,-,Temperature,25.0,C,30.0 min,,,Comments,"Data Location: Table 1; Additional Comments: nan; Complexant_Name: nan; Complexant_SMILES: nan; Complexant_Concentration_M: nan; Publication_Year: 2003; Title: Extraction Studies of Lanthanide(III) Ions with N,N′‐Dimethyl‐N,N′‐diphenylpyridine‐2,6‐dicarboxyamide (DMDPhPDA) from Nitric Acid Solutions; Authors: A. Shimada, T. Yaita, H. Narita, S. Tachimori, K. Okuno; No. of Extractants: 1; Aqueous Phase Metals: nan; Metal_Concentration_mM: 0.01; No. of Metals: 1",Volume Ratio,1.0,,
12943,DMDPhPDA,0.5 M,HNO3,5 M,Chloroform,Tm,III ,0.01 mM,,,,,CN(C(=O)c2cccc(C(=O)N(C)c1ccccc1)n2)c3ccccc3,-,"HNO3, DMDPhPDA, Tm, Chloroform",,Chloroform,,"https://doi.org/10.1081/SEI-120030392, https://doi.org/10.1021/jacs.5c19738",Thomas Summers,2026-01-20 20:42:02,Distribution Ratio,27,-,Temperature,25.0,C,30.0 min,,,Comments,"Data Location: Table 1; Additional Comments: nan; Complexant_Name: nan; Complexant_SMILES: nan; Complexant_Concentration_M: nan; Publication_Year: 2003; Title: Extraction Studies of Lanthanide(III) Ions with N,N′‐Dimethyl‐N,N′‐diphenylpyridine‐2,6‐dicarboxyamide (DMDPhPDA) from Nitric Acid Solutions; Authors: A. Shimada, T. Yaita, H. Narita, S. Tachimori, K. Okuno; No. of Extractants: 1; Aqueous Phase Metals: nan; Metal_Concentration_mM: 0.01; No. of Metals: 1",Volume Ratio,1.0,,
12990,TODGA,0.1 M,HNO3,0.107152 M,n-Dodecane,Tm,III ,0.0001 mM,,,,,CCCCCCCCN(CCCCCCCC)C(=O)COCC(=O)N(CCCCCCCC)CCCCCCCC,-,"HNO3, TODGA, Tm, n-Dodecane",,n-Dodecane,,"https://doi.org/10.1081/SEI-200037727, https://doi.org/10.1021/jacs.5c19738",Thomas Summers,2026-01-20 20:42:05,Distribution Ratio,46.27,-,Temperature,25.0,C,60.0 min,,,Comments,"Data Location: Figure 1; Additional Comments: nan; Complexant_Name: NaNO3; Complexant_SMILES: [N+](=O)([O-])[O-]; Complexant_Concentration_M: 1; Publication_Year: 2007; Title: Effect of DTPA on the Extractions of Actinides(III) and Lanthanides(III) from Nitrate Solution into Todga/n‐Dodecane; Authors: A Apichaibukol, Y Sasaki, Y Morita; No. of Extractants: 1; Aqueous Phase Metals: nan; Metal_Concentration_mM: 0.0001; No. of Metals: 1",Volume Ratio,1.0,,
12991,TODGA,0.1 M,HNO3,0.0281838 M,n-Dodecane,Tm,III ,0.0001 mM,,,,,CCCCCCCCN(CCCCCCCC)C(=O)COCC(=O)N(CCCCCCCC)CCCCCCCC,-,"HNO3, TODGA, Tm, n-Dodecane",,n-Dodecane,,"https://doi.org/10.1081/SEI-200037727, https://doi.org/10.1021/jacs.5c19738",Thomas Summers,2026-01-20 20:42:05,Distribution Ratio,31.77,-,Temperature,25.0,C,60.0 min,,,Comments,"Data Location: Figure 1; Additional Comments: nan; Complexant_Name: NaNO3; Complexant_SMILES: [N+](=O)([O-])[O-]; Complexant_Concentration_M: 1; Publication_Year: 2007; Title: Effect of DTPA on the Extractions of Actinides(III) and Lanthanides(III) from Nitrate Solution into Todga/n‐Dodecane; Authors: A Apichaibukol, Y Sasaki, Y Morita; No. of Extractants: 1; Aqueous Phase Metals: nan; Metal_Concentration_mM: 0.0001; No. of Metals: 1",Volume Ratio,1.0,,
12992,TODGA,0.1 M,HNO3,0.00933254 M,n-Dodecane,Tm,III ,0.0001 mM,,,,,CCCCCCCCN(CCCCCCCC)C(=O)COCC(=O)N(CCCCCCCC)CCCCCCCC,-,"HNO3, TODGA, Tm, n-Dodecane",,n-Dodecane,,"https://doi.org/10.1081/SEI-200037727, https://doi.org/10.1021/jacs.5c19738",Thomas Summers,2026-01-20 20:42:05,Distribution Ratio,29.79,-,Temperature,25.0,C,60.0 min,,,Comments,"Data Location: Figure 1; Additional Comments: nan; Complexant_Name: NaNO3; Complexant_SMILES: [N+](=O)([O-])[O-]; Complexant_Concentration_M: 1; Publication_Year: 2007; Title: Effect of DTPA on the Extractions of Actinides(III) and Lanthanides(III) from Nitrate Solution into Todga/n‐Dodecane; Authors: A Apichaibukol, Y Sasaki, Y Morita; No. of Extractants: 1; Aqueous Phase Metals: nan; Metal_Concentration_mM: 0.0001; No. of Metals: 1",Volume Ratio,1.0,,
13044,TODGA,0.1 M,HNO3,0.0562341 M,n-Dodecane,Tm,III ,0.0001 mM,,,,,CCCCCCCCN(CCCCCCCC)C(=O)COCC(=O)N(CCCCCCCC)CCCCCCCC,-,"HNO3, TODGA, Tm, n-Dodecane",,n-Dodecane,,"https://doi.org/10.1081/SEI-200037727, https://doi.org/10.1021/jacs.5c19738",Thomas Summers,2026-01-20 20:42:09,Distribution Ratio,115.27,-,Temperature,25.0,C,60.0 min,,,Comments,"Data Location: Figure 2; Additional Comments: nan; Complexant_Name: DTPA; NaNO3; Complexant_SMILES: C(CN(CC(=O)O)CC(=O)O)N(CCN(CC(=O)O)CC(=O)O)CC(=O)O.[N+](=O)([O-])[O-]; Complexant_Concentration_M: 0.01; 1; Publication_Year: 2007; Title: Effect of DTPA on the Extractions of Actinides(III) and Lanthanides(III) from Nitrate Solution into Todga/n‐Dodecane; Authors: A Apichaibukol, Y Sasaki, Y Morita; No. of Extractants: 1; Aqueous Phase Metals: nan; Metal_Concentration_mM: 0.0001; No. of Metals: 1",Volume Ratio,1.0,,
13045,TODGA,0.1 M,HNO3,0.0380189 M,n-Dodecane,Tm,III ,0.0001 mM,,,,,CCCCCCCCN(CCCCCCCC)C(=O)COCC(=O)N(CCCCCCCC)CCCCCCCC,-,"HNO3, TODGA, Tm, n-Dodecane",,n-Dodecane,,"https://doi.org/10.1081/SEI-200037727, https://doi.org/10.1021/jacs.5c19738",Thomas Summers,2026-01-20 20:42:09,Distribution Ratio,93.58,-,Temperature,25.0,C,60.0 min,,,Comments,"Data Location: Figure 2; Additional Comments: nan; Complexant_Name: DTPA; NaNO3; Complexant_SMILES: C(CN(CC(=O)O)CC(=O)O)N(CCN(CC(=O)O)CC(=O)O)CC(=O)O.[N+](=O)([O-])[O-]; Complexant_Concentration_M: 0.01; 1; Publication_Year: 2007; Title: Effect of DTPA on the Extractions of Actinides(III) and Lanthanides(III) from Nitrate Solution into Todga/n‐Dodecane; Authors: A Apichaibukol, Y Sasaki, Y Morita; No. of Extractants: 1; Aqueous Phase Metals: nan; Metal_Concentration_mM: 0.0001; No. of Metals: 1",Volume Ratio,1.0,,
13046,TODGA,0.1 M,HNO3,0.0199526 M,n-Dodecane,Tm,III ,0.0001 mM,,,,,CCCCCCCCN(CCCCCCCC)C(=O)COCC(=O)N(CCCCCCCC)CCCCCCCC,-,"HNO3, TODGA, Tm, n-Dodecane",,n-Dodecane,,"https://doi.org/10.1081/SEI-200037727, https://doi.org/10.1021/jacs.5c19738",Thomas Summers,2026-01-20 20:42:09,Distribution Ratio,0.8,-,Temperature,25.0,C,60.0 min,,,Comments,"Data Location: Figure 2; Additional Comments: nan; Complexant_Name: DTPA; NaNO3; Complexant_SMILES: C(CN(CC(=O)O)CC(=O)O)N(CCN(CC(=O)O)CC(=O)O)CC(=O)O.[N+](=O)([O-])[O-]; Complexant_Concentration_M: 0.01; 1; Publication_Year: 2007; Title: Effect of DTPA on the Extractions of Actinides(III) and Lanthanides(III) from Nitrate Solution into Todga/n‐Dodecane; Authors: A Apichaibukol, Y Sasaki, Y Morita; No. of Extractants: 1; Aqueous Phase Metals: nan; Metal_Concentration_mM: 0.0001; No. of Metals: 1",Volume Ratio,1.0,,
13047,TODGA,0.1 M,HNO3,0.0125893 M,n-Dodecane,Tm,III ,0.0001 mM,,,,,CCCCCCCCN(CCCCCCCC)C(=O)COCC(=O)N(CCCCCCCC)CCCCCCCC,-,"HNO3, TODGA, Tm, n-Dodecane",,n-Dodecane,,"https://doi.org/10.1081/SEI-200037727, https://doi.org/10.1021/jacs.5c19738",Thomas Summers,2026-01-20 20:42:09,Distribution Ratio,0.06,-,Temperature,25.0,C,60.0 min,,,Comments,"Data Location: Figure 2; Additional Comments: nan; Complexant_Name: DTPA; NaNO3; Complexant_SMILES: C(CN(CC(=O)O)CC(=O)O)N(CCN(CC(=O)O)CC(=O)O)CC(=O)O.[N+](=O)([O-])[O-]; Complexant_Concentration_M: 0.01; 1; Publication_Year: 2007; Title: Effect of DTPA on the Extractions of Actinides(III) and Lanthanides(III) from Nitrate Solution into Todga/n‐Dodecane; Authors: A Apichaibukol, Y Sasaki, Y Morita; No. of Extractants: 1; Aqueous Phase Metals: nan; Metal_Concentration_mM: 0.0001; No. of Metals: 1",Volume Ratio,1.0,,
13061,TODGA,0.1 M,HNO3,0.016 M,n-Dodecane,Tm,III ,0.0001 mM,,,,,CCCCCCCCN(CCCCCCCC)C(=O)COCC(=O)N(CCCCCCCC)CCCCCCCC,-,"HNO3, TODGA, Tm, n-Dodecane",,n-Dodecane,,"https://doi.org/10.1081/SEI-200037727, https://doi.org/10.1021/jacs.5c19738",Thomas Summers,2026-01-20 20:42:10,Distribution Ratio,0.16,-,Temperature,25.0,C,60.0 min,,,Comments,"Data Location: Figure 5; Additional Comments: nan; Complexant_Name: DTPA; NaNO3; Complexant_SMILES: C(CN(CC(=O)O)CC(=O)O)N(CCN(CC(=O)O)CC(=O)O)CC(=O)O.[N+](=O)([O-])[O-]; Complexant_Concentration_M: 0.01;1; Publication_Year: 2007; Title: Effect of DTPA on the Extractions of Actinides(III) and Lanthanides(III) from Nitrate Solution into Todga/n‐Dodecane; Authors: A Apichaibukol, Y Sasaki, Y Morita; No. of Extractants: 1; Aqueous Phase Metals: nan; Metal_Concentration_mM: 0.0001; No. of Metals: 1",Volume Ratio,1.0,,
13072,TODGA,0.1 M,HNO3,0.016 M,n-Dodecane,Tm,III ,0.0001 mM,,,,,CCCCCCCCN(CCCCCCCC)C(=O)COCC(=O)N(CCCCCCCC)CCCCCCCC,-,"HNO3, TODGA, Tm, n-Dodecane",,n-Dodecane,,"https://doi.org/10.1081/SEI-200037727, https://doi.org/10.1021/jacs.5c19738",Thomas Summers,2026-01-20 20:42:11,Distribution Ratio,0.07,-,Temperature,25.0,C,60.0 min,,,Comments,"Data Location: Figure 5; Additional Comments: nan; Complexant_Name: DTPA; NaNO3; Complexant_SMILES: C(CN(CC(=O)O)CC(=O)O)N(CCN(CC(=O)O)CC(=O)O)CC(=O)O.[N+](=O)([O-])[O-]; Complexant_Concentration_M: 0.02;1; Publication_Year: 2007; Title: Effect of DTPA on the Extractions of Actinides(III) and Lanthanides(III) from Nitrate Solution into Todga/n‐Dodecane; Authors: A Apichaibukol, Y Sasaki, Y Morita; No. of Extractants: 1; Aqueous Phase Metals: nan; Metal_Concentration_mM: 0.0001; No. of Metals: 1",Volume Ratio,1.0,,
13086,TODGA,0.1 M,HNO3,0.016 M,n-Dodecane,Tm,III ,0.0001 mM,,,,,CCCCCCCCN(CCCCCCCC)C(=O)COCC(=O)N(CCCCCCCC)CCCCCCCC,-,"HNO3, TODGA, Tm, n-Dodecane",,n-Dodecane,,"https://doi.org/10.1081/SEI-200037727, https://doi.org/10.1021/jacs.5c19738",Thomas Summers,2026-01-20 20:42:12,Distribution Ratio,0.05,-,Temperature,25.0,C,60.0 min,,,Comments,"Data Location: Figure 5; Additional Comments: nan; Complexant_Name: DTPA; NaNO3; Complexant_SMILES: C(CN(CC(=O)O)CC(=O)O)N(CCN(CC(=O)O)CC(=O)O)CC(=O)O.[N+](=O)([O-])[O-]; Complexant_Concentration_M: 0.05;1; Publication_Year: 2007; Title: Effect of DTPA on the Extractions of Actinides(III) and Lanthanides(III) from Nitrate Solution into Todga/n‐Dodecane; Authors: A Apichaibukol, Y Sasaki, Y Morita; No. of Extractants: 1; Aqueous Phase Metals: nan; Metal_Concentration_mM: 0.0001; No. of Metals: 1",Volume Ratio,1.0,,
13128,TODGA,0.2 M,HNO3,0.016 M,n-Dodecane,Tm,III ,0.0001 mM,,,,,CCCCCCCCN(CCCCCCCC)C(=O)COCC(=O)N(CCCCCCCC)CCCCCCCC,-,"HNO3, TODGA, Tm, n-Dodecane",,n-Dodecane,,"https://doi.org/10.1081/SEI-200037727, https://doi.org/10.1021/jacs.5c19738",Thomas Summers,2026-01-20 20:42:14,Distribution Ratio,2.46,-,Temperature,25.0,C,60.0 min,,,Comments,"Data Location: Figure 6; Additional Comments: nan; Complexant_Name: DTPA; NaNO3; Complexant_SMILES: C(CN(CC(=O)O)CC(=O)O)N(CCN(CC(=O)O)CC(=O)O)CC(=O)O.[N+](=O)([O-])[O-]; Complexant_Concentration_M: 0.02;0.54; Publication_Year: 2007; Title: Effect of DTPA on the Extractions of Actinides(III) and Lanthanides(III) from Nitrate Solution into Todga/n‐Dodecane; Authors: A Apichaibukol, Y Sasaki, Y Morita; No. of Extractants: 1; Aqueous Phase Metals: nan; Metal_Concentration_mM: 0.0001; No. of Metals: 1",Volume Ratio,1.0,,
13129,TODGA,0.2 M,HNO3,0.016 M,n-Dodecane,Tm,III ,0.0001 mM,,,,,CCCCCCCCN(CCCCCCCC)C(=O)COCC(=O)N(CCCCCCCC)CCCCCCCC,-,"HNO3, TODGA, Tm, n-Dodecane",,n-Dodecane,,"https://doi.org/10.1081/SEI-200037727, https://doi.org/10.1021/jacs.5c19738",Thomas Summers,2026-01-20 20:42:14,Distribution Ratio,6.39,-,Temperature,25.0,C,60.0 min,,,Comments,"Data Location: Figure 6; Additional Comments: nan; Complexant_Name: DTPA; NaNO3; Complexant_SMILES: C(CN(CC(=O)O)CC(=O)O)N(CCN(CC(=O)O)CC(=O)O)CC(=O)O.[N+](=O)([O-])[O-]; Complexant_Concentration_M: 0.02;0.88; Publication_Year: 2007; Title: Effect of DTPA on the Extractions of Actinides(III) and Lanthanides(III) from Nitrate Solution into Todga/n‐Dodecane; Authors: A Apichaibukol, Y Sasaki, Y Morita; No. of Extractants: 1; Aqueous Phase Metals: nan; Metal_Concentration_mM: 0.0001; No. of Metals: 1",Volume Ratio,1.0,,
13130,TODGA,0.2 M,HNO3,0.016 M,n-Dodecane,Tm,III ,0.0001 mM,,,,,CCCCCCCCN(CCCCCCCC)C(=O)COCC(=O)N(CCCCCCCC)CCCCCCCC,-,"HNO3, TODGA, Tm, n-Dodecane",,n-Dodecane,,"https://doi.org/10.1081/SEI-200037727, https://doi.org/10.1021/jacs.5c19738",Thomas Summers,2026-01-20 20:42:14,Distribution Ratio,10.56,-,Temperature,25.0,C,60.0 min,,,Comments,"Data Location: Figure 6; Additional Comments: nan; Complexant_Name: DTPA; NaNO3; Complexant_SMILES: C(CN(CC(=O)O)CC(=O)O)N(CCN(CC(=O)O)CC(=O)O)CC(=O)O.[N+](=O)([O-])[O-]; Complexant_Concentration_M: 0.02;1.73; Publication_Year: 2007; Title: Effect of DTPA on the Extractions of Actinides(III) and Lanthanides(III) from Nitrate Solution into Todga/n‐Dodecane; Authors: A Apichaibukol, Y Sasaki, Y Morita; No. of Extractants: 1; Aqueous Phase Metals: nan; Metal_Concentration_mM: 0.0001; No. of Metals: 1",Volume Ratio,1.0,,
13249,TODGA,0.2 M,citric acid,1 M,n-Dodecane,Tm,III ,0.01 mM,,,,,CCCCCCCCN(CCCCCCCC)C(=O)COCC(=O)N(CCCCCCCC)CCCCCCCC,-,"citric acid, TODGA, Tm, n-Dodecane",,n-Dodecane,,"https://doi.org/10.1246/cl.200431, https://doi.org/10.1021/jacs.5c19738",Thomas Summers,2026-01-20 20:42:22,Distribution Ratio,0.966306765674441,-,Temperature,25.0,C,30.0 min,,,Comments,"Data Location: Figure 1; Additional Comments: Metal conc. may be 2 or 200 ppm; Complexant_Name: nan; Complexant_SMILES: nan; Complexant_Concentration_M: nan; Publication_Year: 2020; Title: Extraction and Separation between Light and Heavy Lanthanides by N,N,N′,N′-Tetraoctyl-diglycolamide from Organic Acid ; Authors: Y. Sasaki, M. Matsumiya, M. Nakase, K. Takeshita; No. of Extractants: 1; Aqueous Phase Metals: nan; Metal_Concentration_mM: 0.01; No. of Metals: 1",Volume Ratio,1.0,,
13262,TODGA,0.2 M,citric acid,2 M,n-Dodecane,Tm,III ,0.01 mM,,,,,CCCCCCCCN(CCCCCCCC)C(=O)COCC(=O)N(CCCCCCCC)CCCCCCCC,-,"citric acid, TODGA, Tm, n-Dodecane",,n-Dodecane,,"https://doi.org/10.1246/cl.200431, https://doi.org/10.1021/jacs.5c19738",Thomas Summers,2026-01-20 20:42:23,Distribution Ratio,2.83114498818726,-,Temperature,25.0,C,30.0 min,,,Comments,"Data Location: Figure 1; Additional Comments: Metal conc. may be 2 or 200 ppm; Complexant_Name: nan; Complexant_SMILES: nan; Complexant_Concentration_M: nan; Publication_Year: 2020; Title: Extraction and Separation between Light and Heavy Lanthanides by N,N,N′,N′-Tetraoctyl-diglycolamide from Organic Acid ; Authors: Y. Sasaki, M. Matsumiya, M. Nakase, K. Takeshita; No. of Extractants: 1; Aqueous Phase Metals: nan; Metal_Concentration_mM: 0.01; No. of Metals: 1",Volume Ratio,1.0,,
13275,TODGA,0.2 M,citric acid,3 M,n-Dodecane,Tm,III ,0.01 mM,,,,,CCCCCCCCN(CCCCCCCC)C(=O)COCC(=O)N(CCCCCCCC)CCCCCCCC,-,"citric acid, TODGA, Tm, n-Dodecane",,n-Dodecane,,"https://doi.org/10.1246/cl.200431, https://doi.org/10.1021/jacs.5c19738",Thomas Summers,2026-01-20 20:42:24,Distribution Ratio,6.09318528089405,-,Temperature,25.0,C,30.0 min,,,Comments,"Data Location: Figure 1; Additional Comments: Metal conc. may be 2 or 200 ppm; Complexant_Name: nan; Complexant_SMILES: nan; Complexant_Concentration_M: nan; Publication_Year: 2020; Title: Extraction and Separation between Light and Heavy Lanthanides by N,N,N′,N′-Tetraoctyl-diglycolamide from Organic Acid ; Authors: Y. Sasaki, M. Matsumiya, M. Nakase, K. Takeshita; No. of Extractants: 1; Aqueous Phase Metals: nan; Metal_Concentration_mM: 0.01; No. of Metals: 1",Volume Ratio,1.0,,
13288,TODGA,0.2 M,lactic acid,1 M,n-Dodecane,Tm,III ,0.01 mM,,,,,CCCCCCCCN(CCCCCCCC)C(=O)COCC(=O)N(CCCCCCCC)CCCCCCCC,-,"lactic acid, TODGA, Tm, n-Dodecane",,n-Dodecane,,"https://doi.org/10.1246/cl.200431, https://doi.org/10.1021/jacs.5c19738",Thomas Summers,2026-01-20 20:42:25,Distribution Ratio,0.630957344480191,-,Temperature,25.0,C,30.0 min,,,Comments,"Data Location: Figure 2; Additional Comments: Metal conc. may be 2 or 200 ppm; Complexant_Name: nan; Complexant_SMILES: nan; Complexant_Concentration_M: nan; Publication_Year: 2020; Title: Extraction and Separation between Light and Heavy Lanthanides by N,N,N′,N′-Tetraoctyl-diglycolamide from Organic Acid ; Authors: Y. Sasaki, M. Matsumiya, M. Nakase, K. Takeshita; No. of Extractants: 1; Aqueous Phase Metals: nan; Metal_Concentration_mM: 0.01; No. of Metals: 1",Volume Ratio,1.0,,
13301,TODGA,0.2 M,lactic acid,2 M,n-Dodecane,Tm,III ,0.01 mM,,,,,CCCCCCCCN(CCCCCCCC)C(=O)COCC(=O)N(CCCCCCCC)CCCCCCCC,-,"lactic acid, TODGA, Tm, n-Dodecane",,n-Dodecane,,"https://doi.org/10.1246/cl.200431, https://doi.org/10.1021/jacs.5c19738",Thomas Summers,2026-01-20 20:42:26,Distribution Ratio,0.908046540363368,-,Temperature,25.0,C,30.0 min,,,Comments,"Data Location: Figure 2; Additional Comments: Metal conc. may be 2 or 200 ppm; Complexant_Name: nan; Complexant_SMILES: nan; Complexant_Concentration_M: nan; Publication_Year: 2020; Title: Extraction and Separation between Light and Heavy Lanthanides by N,N,N′,N′-Tetraoctyl-diglycolamide from Organic Acid ; Authors: Y. Sasaki, M. Matsumiya, M. Nakase, K. Takeshita; No. of Extractants: 1; Aqueous Phase Metals: nan; Metal_Concentration_mM: 0.01; No. of Metals: 1",Volume Ratio,1.0,,
13314,TODGA,0.2 M,lactic acid,3 M,n-Dodecane,Tm,III ,0.01 mM,,,,,CCCCCCCCN(CCCCCCCC)C(=O)COCC(=O)N(CCCCCCCC)CCCCCCCC,-,"lactic acid, TODGA, Tm, n-Dodecane",,n-Dodecane,,"https://doi.org/10.1246/cl.200431, https://doi.org/10.1021/jacs.5c19738",Thomas Summers,2026-01-20 20:42:27,Distribution Ratio,1.30682133535536,-,Temperature,25.0,C,30.0 min,,,Comments,"Data Location: Figure 2; Additional Comments: Metal conc. may be 2 or 200 ppm; Complexant_Name: nan; Complexant_SMILES: nan; Complexant_Concentration_M: nan; Publication_Year: 2020; Title: Extraction and Separation between Light and Heavy Lanthanides by N,N,N′,N′-Tetraoctyl-diglycolamide from Organic Acid ; Authors: Y. Sasaki, M. Matsumiya, M. Nakase, K. Takeshita; No. of Extractants: 1; Aqueous Phase Metals: nan; Metal_Concentration_mM: 0.01; No. of Metals: 1",Volume Ratio,1.0,,
13327,TODGA,0.2 M,lactic acid,5 M,n-Dodecane,Tm,III ,0.01 mM,,,,,CCCCCCCCN(CCCCCCCC)C(=O)COCC(=O)N(CCCCCCCC)CCCCCCCC,-,"lactic acid, TODGA, Tm, n-Dodecane",,n-Dodecane,,"https://doi.org/10.1246/cl.200431, https://doi.org/10.1021/jacs.5c19738",Thomas Summers,2026-01-20 20:42:28,Distribution Ratio,2.00771795408781,-,Temperature,25.0,C,30.0 min,,,Comments,"Data Location: Figure 2; Additional Comments: Metal conc. may be 2 or 200 ppm; Complexant_Name: nan; Complexant_SMILES: nan; Complexant_Concentration_M: nan; Publication_Year: 2020; Title: Extraction and Separation between Light and Heavy Lanthanides by N,N,N′,N′-Tetraoctyl-diglycolamide from Organic Acid ; Authors: Y. Sasaki, M. Matsumiya, M. Nakase, K. Takeshita; No. of Extractants: 1; Aqueous Phase Metals: nan; Metal_Concentration_mM: 0.01; No. of Metals: 1",Volume Ratio,1.0,,
13340,TODGA,0.2 M,malonic acid,1 M,n-Dodecane,Tm,III ,0.01 mM,,,,,CCCCCCCCN(CCCCCCCC)C(=O)COCC(=O)N(CCCCCCCC)CCCCCCCC,-,"malonic acid, TODGA, Tm, n-Dodecane",,n-Dodecane,,"https://doi.org/10.1246/cl.200431, https://doi.org/10.1021/jacs.5c19738",Thomas Summers,2026-01-20 20:42:28,Distribution Ratio,13.6133439478442,-,Temperature,25.0,C,30.0 min,,,Comments,"Data Location: Figure 3; Additional Comments: Metal conc. may be 2 or 200 ppm; Complexant_Name: nan; Complexant_SMILES: nan; Complexant_Concentration_M: nan; Publication_Year: 2020; Title: Extraction and Separation between Light and Heavy Lanthanides by N,N,N′,N′-Tetraoctyl-diglycolamide from Organic Acid ; Authors: Y. Sasaki, M. Matsumiya, M. Nakase, K. Takeshita; No. of Extractants: 1; Aqueous Phase Metals: nan; Metal_Concentration_mM: 0.0100000000000001; No. of Metals: 1",Volume Ratio,1.0,,
13353,TODGA,0.2 M,malonic acid,2 M,n-Dodecane,Tm,III ,0.01 mM,,,,,CCCCCCCCN(CCCCCCCC)C(=O)COCC(=O)N(CCCCCCCC)CCCCCCCC,-,"malonic acid, TODGA, Tm, n-Dodecane",,n-Dodecane,,"https://doi.org/10.1246/cl.200431, https://doi.org/10.1021/jacs.5c19738",Thomas Summers,2026-01-20 20:42:29,Distribution Ratio,53.6245925574906,-,Temperature,25.0,C,30.0 min,,,Comments,"Data Location: Figure 3; Additional Comments: Metal conc. may be 2 or 200 ppm; Complexant_Name: nan; Complexant_SMILES: nan; Complexant_Concentration_M: nan; Publication_Year: 2020; Title: Extraction and Separation between Light and Heavy Lanthanides by N,N,N′,N′-Tetraoctyl-diglycolamide from Organic Acid ; Authors: Y. Sasaki, M. Matsumiya, M. Nakase, K. Takeshita; No. of Extractants: 1; Aqueous Phase Metals: nan; Metal_Concentration_mM: 0.0100000000000001; No. of Metals: 1",Volume Ratio,1.0,,
13367,TODGA,0.2 M,malonic acid,3 M,n-Dodecane,Tm,III ,0.01 mM,,,,,CCCCCCCCN(CCCCCCCC)C(=O)COCC(=O)N(CCCCCCCC)CCCCCCCC,-,"malonic acid, TODGA, Tm, n-Dodecane",,n-Dodecane,,"https://doi.org/10.1246/cl.200431, https://doi.org/10.1021/jacs.5c19738",Thomas Summers,2026-01-20 20:42:30,Distribution Ratio,59.9899478552972,-,Temperature,25.0,C,30.0 min,,,Comments,"Data Location: Figure 3; Additional Comments: Metal conc. may be 2 or 200 ppm; Complexant_Name: nan; Complexant_SMILES: nan; Complexant_Concentration_M: nan; Publication_Year: 2020; Title: Extraction and Separation between Light and Heavy Lanthanides by N,N,N′,N′-Tetraoctyl-diglycolamide from Organic Acid ; Authors: Y. Sasaki, M. Matsumiya, M. Nakase, K. Takeshita; No. of Extractants: 1; Aqueous Phase Metals: nan; Metal_Concentration_mM: 0.0100000000000001; No. of Metals: 1",Volume Ratio,1.0,,
13381,TODGA,0.2 M,malonic acid,5 M,n-Dodecane,Tm,III ,0.01 mM,,,,,CCCCCCCCN(CCCCCCCC)C(=O)COCC(=O)N(CCCCCCCC)CCCCCCCC,-,"malonic acid, TODGA, Tm, n-Dodecane",,n-Dodecane,,"https://doi.org/10.1246/cl.200431, https://doi.org/10.1021/jacs.5c19738",Thomas Summers,2026-01-20 20:42:31,Distribution Ratio,45.038708338808,-,Temperature,25.0,C,30.0 min,,,Comments,"Data Location: Figure 3; Additional Comments: Metal conc. may be 2 or 200 ppm; Complexant_Name: nan; Complexant_SMILES: nan; Complexant_Concentration_M: nan; Publication_Year: 2020; Title: Extraction and Separation between Light and Heavy Lanthanides by N,N,N′,N′-Tetraoctyl-diglycolamide from Organic Acid ; Authors: Y. Sasaki, M. Matsumiya, M. Nakase, K. Takeshita; No. of Extractants: 1; Aqueous Phase Metals: nan; Metal_Concentration_mM: 0.0100000000000001; No. of Metals: 1",Volume Ratio,1.0,,
13394,TODGA,0.2 M,tartaric acid,1 M,n-Dodecane,Tm,III ,0.01 mM,,,,,CCCCCCCCN(CCCCCCCC)C(=O)COCC(=O)N(CCCCCCCC)CCCCCCCC,-,"tartaric acid, TODGA, Tm, n-Dodecane",,n-Dodecane,,"https://doi.org/10.1246/cl.200431, https://doi.org/10.1021/jacs.5c19738",Thomas Summers,2026-01-20 20:42:32,Distribution Ratio,0.326681314012234,-,Temperature,25.0,C,30.0 min,,,Comments,"Data Location: Figure 4; Additional Comments: Metal conc. may be 2 or 200 ppm; Complexant_Name: nan; Complexant_SMILES: nan; Complexant_Concentration_M: nan; Publication_Year: 2020; Title: Extraction and Separation between Light and Heavy Lanthanides by N,N,N′,N′-Tetraoctyl-diglycolamide from Organic Acid ; Authors: Y. Sasaki, M. Matsumiya, M. Nakase, K. Takeshita; No. of Extractants: 1; Aqueous Phase Metals: nan; Metal_Concentration_mM: 0.0100000000000001; No. of Metals: 1",Volume Ratio,1.0,,
13407,TODGA,0.2 M,tartaric acid,2 M,n-Dodecane,Tm,III ,0.01 mM,,,,,CCCCCCCCN(CCCCCCCC)C(=O)COCC(=O)N(CCCCCCCC)CCCCCCCC,-,"tartaric acid, TODGA, Tm, n-Dodecane",,n-Dodecane,,"https://doi.org/10.1246/cl.200431, https://doi.org/10.1021/jacs.5c19738",Thomas Summers,2026-01-20 20:42:33,Distribution Ratio,0.791234261898132,-,Temperature,25.0,C,30.0 min,,,Comments,"Data Location: Figure 4; Additional Comments: Metal conc. may be 2 or 200 ppm; Complexant_Name: nan; Complexant_SMILES: nan; Complexant_Concentration_M: nan; Publication_Year: 2020; Title: Extraction and Separation between Light and Heavy Lanthanides by N,N,N′,N′-Tetraoctyl-diglycolamide from Organic Acid ; Authors: Y. Sasaki, M. Matsumiya, M. Nakase, K. Takeshita; No. of Extractants: 1; Aqueous Phase Metals: nan; Metal_Concentration_mM: 0.0100000000000001; No. of Metals: 1",Volume Ratio,1.0,,
13420,TODGA,0.2 M,tartaric acid,3 M,n-Dodecane,Tm,III ,0.01 mM,,,,,CCCCCCCCN(CCCCCCCC)C(=O)COCC(=O)N(CCCCCCCC)CCCCCCCC,-,"tartaric acid, TODGA, Tm, n-Dodecane",,n-Dodecane,,"https://doi.org/10.1246/cl.200431, https://doi.org/10.1021/jacs.5c19738",Thomas Summers,2026-01-20 20:42:34,Distribution Ratio,2.42203709841971,-,Temperature,25.0,C,30.0 min,,,Comments,"Data Location: Figure 4; Additional Comments: Metal conc. may be 2 or 200 ppm; Complexant_Name: nan; Complexant_SMILES: nan; Complexant_Concentration_M: nan; Publication_Year: 2020; Title: Extraction and Separation between Light and Heavy Lanthanides by N,N,N′,N′-Tetraoctyl-diglycolamide from Organic Acid ; Authors: Y. Sasaki, M. Matsumiya, M. Nakase, K. Takeshita; No. of Extractants: 1; Aqueous Phase Metals: nan; Metal_Concentration_mM: 0.0100000000000001; No. of Metals: 1",Volume Ratio,1.0,,
13433,TODGA,0.2 M,tartaric acid,5 M,n-Dodecane,Tm,III ,0.01 mM,,,,,CCCCCCCCN(CCCCCCCC)C(=O)COCC(=O)N(CCCCCCCC)CCCCCCCC,-,"tartaric acid, TODGA, Tm, n-Dodecane",,n-Dodecane,,"https://doi.org/10.1246/cl.200431, https://doi.org/10.1021/jacs.5c19738",Thomas Summers,2026-01-20 20:42:35,Distribution Ratio,4.23758716060405,-,Temperature,25.0,C,30.0 min,,,Comments,"Data Location: Figure 4; Additional Comments: Metal conc. may be 2 or 200 ppm; Complexant_Name: nan; Complexant_SMILES: nan; Complexant_Concentration_M: nan; Publication_Year: 2020; Title: Extraction and Separation between Light and Heavy Lanthanides by N,N,N′,N′-Tetraoctyl-diglycolamide from Organic Acid ; Authors: Y. Sasaki, M. Matsumiya, M. Nakase, K. Takeshita; No. of Extractants: 1; Aqueous Phase Metals: nan; Metal_Concentration_mM: 0.0100000000000001; No. of Metals: 1",Volume Ratio,1.0,,
13480,TODGA,0.0498444 M,malonic acid,2 M,n-Dodecane,Tm,III ,0.01 mM,,,,,CCCCCCCCN(CCCCCCCC)C(=O)COCC(=O)N(CCCCCCCC)CCCCCCCC,-,"malonic acid, TODGA, Tm, n-Dodecane",,n-Dodecane,,"https://doi.org/10.1246/cl.200431, https://doi.org/10.1021/jacs.5c19738",Thomas Summers,2026-01-20 20:42:38,Distribution Ratio,2.24995541916433,-,Temperature,25.0,C,30.0 min,,,Comments,"Data Location: Figure 5; Additional Comments: Metal conc. may be 2 or 200 ppm; Complexant_Name: nan; Complexant_SMILES: nan; Complexant_Concentration_M: nan; Publication_Year: 2020; Title: Extraction and Separation between Light and Heavy Lanthanides by N,N,N′,N′-Tetraoctyl-diglycolamide from Organic Acid ; Authors: Y. Sasaki, M. Matsumiya, M. Nakase, K. Takeshita; No. of Extractants: 1; Aqueous Phase Metals: nan; Metal_Concentration_mM: 0.0100000000000001; No. of Metals: 1",Volume Ratio,1.0,,
13481,TODGA,0.097998 M,malonic acid,2 M,n-Dodecane,Tm,III ,0.01 mM,,,,,CCCCCCCCN(CCCCCCCC)C(=O)COCC(=O)N(CCCCCCCC)CCCCCCCC,-,"malonic acid, TODGA, Tm, n-Dodecane",,n-Dodecane,,"https://doi.org/10.1246/cl.200431, https://doi.org/10.1021/jacs.5c19738",Thomas Summers,2026-01-20 20:42:38,Distribution Ratio,14.3390949031631,-,Temperature,25.0,C,30.0 min,,,Comments,"Data Location: Figure 5; Additional Comments: Metal conc. may be 2 or 200 ppm; Complexant_Name: nan; Complexant_SMILES: nan; Complexant_Concentration_M: nan; Publication_Year: 2020; Title: Extraction and Separation between Light and Heavy Lanthanides by N,N,N′,N′-Tetraoctyl-diglycolamide from Organic Acid ; Authors: Y. Sasaki, M. Matsumiya, M. Nakase, K. Takeshita; No. of Extractants: 1; Aqueous Phase Metals: nan; Metal_Concentration_mM: 0.0100000000000001; No. of Metals: 1",Volume Ratio,1.0,,
13482,TODGA,0.199469 M,malonic acid,2 M,n-Dodecane,Tm,III ,0.01 mM,,,,,CCCCCCCCN(CCCCCCCC)C(=O)COCC(=O)N(CCCCCCCC)CCCCCCCC,-,"malonic acid, TODGA, Tm, n-Dodecane",,n-Dodecane,,"https://doi.org/10.1246/cl.200431, https://doi.org/10.1021/jacs.5c19738",Thomas Summers,2026-01-20 20:42:38,Distribution Ratio,45.8004310330154,-,Temperature,25.0,C,30.0 min,,,Comments,"Data Location: Figure 5; Additional Comments: Metal conc. may be 2 or 200 ppm; Complexant_Name: nan; Complexant_SMILES: nan; Complexant_Concentration_M: nan; Publication_Year: 2020; Title: Extraction and Separation between Light and Heavy Lanthanides by N,N,N′,N′-Tetraoctyl-diglycolamide from Organic Acid ; Authors: Y. Sasaki, M. Matsumiya, M. Nakase, K. Takeshita; No. of Extractants: 1; Aqueous Phase Metals: nan; Metal_Concentration_mM: 0.0100000000000001; No. of Metals: 1",Volume Ratio,1.0,,
13483,TODGA,0.497006 M,malonic acid,2 M,n-Dodecane,Tm,III ,0.01 mM,,,,,CCCCCCCCN(CCCCCCCC)C(=O)COCC(=O)N(CCCCCCCC)CCCCCCCC,-,"malonic acid, TODGA, Tm, n-Dodecane",,n-Dodecane,,"https://doi.org/10.1246/cl.200431, https://doi.org/10.1021/jacs.5c19738",Thomas Summers,2026-01-20 20:42:38,Distribution Ratio,91.383874049507,-,Temperature,25.0,C,30.0 min,,,Comments,"Data Location: Figure 5; Additional Comments: Metal conc. may be 2 or 200 ppm; Complexant_Name: nan; Complexant_SMILES: nan; Complexant_Concentration_M: nan; Publication_Year: 2020; Title: Extraction and Separation between Light and Heavy Lanthanides by N,N,N′,N′-Tetraoctyl-diglycolamide from Organic Acid ; Authors: Y. Sasaki, M. Matsumiya, M. Nakase, K. Takeshita; No. of Extractants: 1; Aqueous Phase Metals: nan; Metal_Concentration_mM: 0.0100000000000001; No. of Metals: 1",Volume Ratio,1.0,,
13503,TODGA,0.1 M,HNO3,1 M,n-Dodecane,Tm,III ,0.06 mM,,,,,CCCCCCCCN(CCCCCCCC)C(=O)COCC(=O)N(CCCCCCCC)CCCCCCCC,-,"HNO3, TODGA, Tm, n-Dodecane",,n-Dodecane,,"https://doi.org/10.15261/serdj.18.93, https://doi.org/10.1021/jacs.5c19738",Thomas Summers,2026-01-20 20:42:39,Distribution Ratio,617.453173145502,-,Temperature,25.0,C,20.0 min,,,Comments,"Data Location: Figure 2; Additional Comments: nan; Complexant_Name: nan; Complexant_SMILES: nan; Complexant_Concentration_M: nan; Publication_Year: 2011; Title: Separation of Am, Cm and Lanthanides by Solvent Extraction with Hydrophilic and Lipophilic Organic Ligands; Authors: Y Sasaki, Y Kitatsuji, Y Tsubata, Y Sugo, Y Morita; No. of Extractants: 1; Aqueous Phase Metals: nan; Metal_Concentration_mM: 0.06; No. of Metals: 1",Volume Ratio,1.0,,
13517,TDdDGA,0.08 M,HNO3,1 M,n-Dodecane,Tm,III ,0.06 mM,,,,,CCCCCCCCCCCCN(CCCCCCCCCCCC)C(=O)COCC(=O)N(CCCCCCCCCCCC)CCCCCCCCCCCC,-,"HNO3, TDdDGA, Tm, n-Dodecane",,n-Dodecane,,"https://doi.org/10.15261/serdj.18.93, https://doi.org/10.1021/jacs.5c19738",Thomas Summers,2026-01-20 20:42:40,Distribution Ratio,698.70733424397,-,Temperature,25.0,C,20.0 min,,,Comments,"Data Location: Figure 2; Additional Comments: nan; Complexant_Name: nan; Complexant_SMILES: nan; Complexant_Concentration_M: nan; Publication_Year: 2011; Title: Separation of Am, Cm and Lanthanides by Solvent Extraction with Hydrophilic and Lipophilic Organic Ligands; Authors: Y Sasaki, Y Kitatsuji, Y Tsubata, Y Sugo, Y Morita; No. of Extractants: 1; Aqueous Phase Metals: nan; Metal_Concentration_mM: 0.06; No. of Metals: 1",Volume Ratio,1.0,,
13531,DOODA (C8),0.2 M,HNO3,3 M,n-Dodecane,Tm,III ,0.06 mM,,,,,CCCCCCCCN(CCCCCCCC)C(=O)COCCOCC(=O)N(CCCCCCCC)CCCCCCCC,-,"HNO3, DOODA (C8), Tm, n-Dodecane",,n-Dodecane,,"https://doi.org/10.15261/serdj.18.93, https://doi.org/10.1021/jacs.5c19738",Thomas Summers,2026-01-20 20:42:41,Distribution Ratio,1.24538036266705,-,Temperature,25.0,C,20.0 min,,,Comments,"Data Location: Figure 2; Additional Comments: nan; Complexant_Name: nan; Complexant_SMILES: nan; Complexant_Concentration_M: nan; Publication_Year: 2011; Title: Separation of Am, Cm and Lanthanides by Solvent Extraction with Hydrophilic and Lipophilic Organic Ligands; Authors: Y Sasaki, Y Kitatsuji, Y Tsubata, Y Sugo, Y Morita; No. of Extractants: 1; Aqueous Phase Metals: nan; Metal_Concentration_mM: 0.06; No. of Metals: 1",Volume Ratio,1.0,,
13545,DOODA (C12),0.2 M,HNO3,3 M,n-Dodecane,Tm,III ,0.06 mM,,,,,CCCCCCCCCCCCN(CCCCCCCCCCCC)C(=O)COCCOCC(=O)N(CCCCCCCCCCCC)CCCCCCCCCCCC,-,"HNO3, DOODA (C12), Tm, n-Dodecane",,n-Dodecane,,"https://doi.org/10.15261/serdj.18.93, https://doi.org/10.1021/jacs.5c19738",Thomas Summers,2026-01-20 20:42:42,Distribution Ratio,14.7613989123889,-,Temperature,25.0,C,20.0 min,,,Comments,"Data Location: Figure 2; Additional Comments: nan; Complexant_Name: nan; Complexant_SMILES: nan; Complexant_Concentration_M: nan; Publication_Year: 2011; Title: Separation of Am, Cm and Lanthanides by Solvent Extraction with Hydrophilic and Lipophilic Organic Ligands; Authors: Y Sasaki, Y Kitatsuji, Y Tsubata, Y Sugo, Y Morita; No. of Extractants: 1; Aqueous Phase Metals: nan; Metal_Concentration_mM: 0.06; No. of Metals: 1",Volume Ratio,1.0,,
13559,DOODA (C8),0.2 M,HNO3,3 M,n-Dodecane,Tm,III ,0.06 mM,,,,,CCCCCCCCN(CCCCCCCC)C(=O)COCCOCC(=O)N(CCCCCCCC)CCCCCCCC,-,"HNO3, DOODA (C8), Tm, n-Dodecane",,n-Dodecane,,"https://doi.org/10.15261/serdj.18.93, https://doi.org/10.1021/jacs.5c19738",Thomas Summers,2026-01-20 20:42:43,Distribution Ratio,1.25454096910458,-,Temperature,25.0,C,20.0 min,,,Comments,"Data Location: Figure 3; Additional Comments: nan; Complexant_Name: nan; Complexant_SMILES: nan; Complexant_Concentration_M: nan; Publication_Year: 2011; Title: Separation of Am, Cm and Lanthanides by Solvent Extraction with Hydrophilic and Lipophilic Organic Ligands; Authors: Y Sasaki, Y Kitatsuji, Y Tsubata, Y Sugo, Y Morita; No. of Extractants: 1; Aqueous Phase Metals: nan; Metal_Concentration_mM: 0.06; No. of Metals: 1",Volume Ratio,1.0,,
13573,DOODA (C8),0.2 M,HNO3,3 M,n-Dodecane,Tm,III ,0.06 mM,,,,,CCCCCCCCN(CCCCCCCC)C(=O)COCCOCC(=O)N(CCCCCCCC)CCCCCCCC,-,"HNO3, DOODA (C8), Tm, n-Dodecane",,n-Dodecane,,"https://doi.org/10.15261/serdj.18.93, https://doi.org/10.1021/jacs.5c19738",Thomas Summers,2026-01-20 20:42:44,Distribution Ratio,0.125454096910458,-,Temperature,25.0,C,20.0 min,,,Comments,"Data Location: Figure 3; Additional Comments: nan; Complexant_Name: TEDGA; Complexant_SMILES: CCN(CC)C(=O)COCC(=O)N(CC)CC; Complexant_Concentration_M: 0.001; Publication_Year: 2011; Title: Separation of Am, Cm and Lanthanides by Solvent Extraction with Hydrophilic and Lipophilic Organic Ligands; Authors: Y Sasaki, Y Kitatsuji, Y Tsubata, Y Sugo, Y Morita; No. of Extractants: 1; Aqueous Phase Metals: nan; Metal_Concentration_mM: 0.06; No. of Metals: 1",Volume Ratio,1.0,,
13587,DOODA (C8),0.2 M,HNO3,3 M,n-Dodecane,Tm,III ,0.06 mM,,,,,CCCCCCCCN(CCCCCCCC)C(=O)COCCOCC(=O)N(CCCCCCCC)CCCCCCCC,-,"HNO3, DOODA (C8), Tm, n-Dodecane",,n-Dodecane,,"https://doi.org/10.15261/serdj.18.93, https://doi.org/10.1021/jacs.5c19738",Thomas Summers,2026-01-20 20:42:45,Distribution Ratio,0.0515372465596157,-,Temperature,25.0,C,20.0 min,,,Comments,"Data Location: Figure 3; Additional Comments: nan; Complexant_Name: TEDGA; Complexant_SMILES: CCN(CC)C(=O)COCC(=O)N(CC)CC; Complexant_Concentration_M: 0.002; Publication_Year: 2011; Title: Separation of Am, Cm and Lanthanides by Solvent Extraction with Hydrophilic and Lipophilic Organic Ligands; Authors: Y Sasaki, Y Kitatsuji, Y Tsubata, Y Sugo, Y Morita; No. of Extractants: 1; Aqueous Phase Metals: nan; Metal_Concentration_mM: 0.06; No. of Metals: 1",Volume Ratio,1.0,,
13615,DOODA (C12),0.2 M,HNO3,3 M,n-Dodecane,Tm,III ,0.06 mM,,,,,CCCCCCCCCCCCN(CCCCCCCCCCCC)C(=O)COCCOCC(=O)N(CCCCCCCCCCCC)CCCCCCCCCCCC,-,"HNO3, DOODA (C12), Tm, n-Dodecane",,n-Dodecane,,"https://doi.org/10.15261/serdj.18.93, https://doi.org/10.1021/jacs.5c19738",Thomas Summers,2026-01-20 20:42:47,Distribution Ratio,14.5140082356797,-,Temperature,25.0,C,20.0 min,,,Comments,"Data Location: Figure 3; Additional Comments: nan; Complexant_Name: nan; Complexant_SMILES: nan; Complexant_Concentration_M: nan; Publication_Year: 2011; Title: Separation of Am, Cm and Lanthanides by Solvent Extraction with Hydrophilic and Lipophilic Organic Ligands; Authors: Y Sasaki, Y Kitatsuji, Y Tsubata, Y Sugo, Y Morita; No. of Extractants: 1; Aqueous Phase Metals: nan; Metal_Concentration_mM: 0.06; No. of Metals: 1",Volume Ratio,1.0,,
13629,DOODA (C12),0.2 M,HNO3,3 M,n-Dodecane,Tm,III ,0.06 mM,,,,,CCCCCCCCCCCCN(CCCCCCCCCCCC)C(=O)COCCOCC(=O)N(CCCCCCCCCCCC)CCCCCCCCCCCC,-,"HNO3, DOODA (C12), Tm, n-Dodecane",,n-Dodecane,,"https://doi.org/10.15261/serdj.18.93, https://doi.org/10.1021/jacs.5c19738",Thomas Summers,2026-01-20 20:42:48,Distribution Ratio,0.0237663790841793,-,Temperature,25.0,C,20.0 min,,,Comments,"Data Location: Figure 3; Additional Comments: nan; Complexant_Name: Amicacid; Complexant_SMILES: CCN(CC)C(=O)COCC(=O)O; Complexant_Concentration_M: 0.5; Publication_Year: 2011; Title: Separation of Am, Cm and Lanthanides by Solvent Extraction with Hydrophilic and Lipophilic Organic Ligands; Authors: Y Sasaki, Y Kitatsuji, Y Tsubata, Y Sugo, Y Morita; No. of Extractants: 1; Aqueous Phase Metals: nan; Metal_Concentration_mM: 0.06; No. of Metals: 1",Volume Ratio,1.0,,
13643,DOODA (C12),0.2 M,HNO3,4 M,n-Dodecane,Tm,III ,0.06 mM,,,,,CCCCCCCCCCCCN(CCCCCCCCCCCC)C(=O)COCCOCC(=O)N(CCCCCCCCCCCC)CCCCCCCCCCCC,-,"HNO3, DOODA (C12), Tm, n-Dodecane",,n-Dodecane,,"https://doi.org/10.15261/serdj.18.93, https://doi.org/10.1021/jacs.5c19738",Thomas Summers,2026-01-20 20:42:49,Distribution Ratio,0.0660271649703266,-,Temperature,25.0,C,20.0 min,,,Comments,"Data Location: Figure 3; Additional Comments: nan; Complexant_Name: Amicacid; Complexant_SMILES: CCN(CC)C(=O)COCC(=O)O; Complexant_Concentration_M: 0.5; Publication_Year: 2011; Title: Separation of Am, Cm and Lanthanides by Solvent Extraction with Hydrophilic and Lipophilic Organic Ligands; Authors: Y Sasaki, Y Kitatsuji, Y Tsubata, Y Sugo, Y Morita; No. of Extractants: 1; Aqueous Phase Metals: nan; Metal_Concentration_mM: 0.06; No. of Metals: 1",Volume Ratio,1.0,,
13657,DOODA (C12),0.2 M,HNO3,5 M,n-Dodecane,Tm,III ,0.06 mM,,,,,CCCCCCCCCCCCN(CCCCCCCCCCCC)C(=O)COCCOCC(=O)N(CCCCCCCCCCCC)CCCCCCCCCCCC,-,"HNO3, DOODA (C12), Tm, n-Dodecane",,n-Dodecane,,"https://doi.org/10.15261/serdj.18.93, https://doi.org/10.1021/jacs.5c19738",Thomas Summers,2026-01-20 20:42:50,Distribution Ratio,0.108502348169499,-,Temperature,25.0,C,20.0 min,,,Comments,"Data Location: Figure 3; Additional Comments: nan; Complexant_Name: Amicacid; Complexant_SMILES: CCN(CC)C(=O)COCC(=O)O; Complexant_Concentration_M: 0.5; Publication_Year: 2011; Title: Separation of Am, Cm and Lanthanides by Solvent Extraction with Hydrophilic and Lipophilic Organic Ligands; Authors: Y Sasaki, Y Kitatsuji, Y Tsubata, Y Sugo, Y Morita; No. of Extractants: 1; Aqueous Phase Metals: nan; Metal_Concentration_mM: 0.06; No. of Metals: 1",Volume Ratio,1.0,,
13671,DOODA (C12),0.2 M,HNO3,3 M,n-Dodecane,Tm,III ,0.06 mM,,,,,CCCCCCCCCCCCN(CCCCCCCCCCCC)C(=O)COCCOCC(=O)N(CCCCCCCCCCCC)CCCCCCCCCCCC,-,"HNO3, DOODA (C12), Tm, n-Dodecane",,n-Dodecane,,"https://doi.org/10.15261/serdj.18.93, https://doi.org/10.1021/jacs.5c19738",Thomas Summers,2026-01-20 20:42:51,Distribution Ratio,0.456903039243913,-,Temperature,25.0,C,20.0 min,,,Comments,"Data Location: Figure 3; Additional Comments: nan; Complexant_Name: malonamide; Complexant_SMILES: NC(=O)CC(N)=O; Complexant_Concentration_M: 0.2; Publication_Year: 2011; Title: Separation of Am, Cm and Lanthanides by Solvent Extraction with Hydrophilic and Lipophilic Organic Ligands; Authors: Y Sasaki, Y Kitatsuji, Y Tsubata, Y Sugo, Y Morita; No. of Extractants: 1; Aqueous Phase Metals: nan; Metal_Concentration_mM: 0.06; No. of Metals: 1",Volume Ratio,1.0,,
13685,DOODA (C12),0.2 M,HNO3,3 M,n-Dodecane,Tm,III ,0.06 mM,,,,,CCCCCCCCCCCCN(CCCCCCCCCCCC)C(=O)COCCOCC(=O)N(CCCCCCCCCCCC)CCCCCCCCCCCC,-,"HNO3, DOODA (C12), Tm, n-Dodecane",,n-Dodecane,,"https://doi.org/10.15261/serdj.18.93, https://doi.org/10.1021/jacs.5c19738",Thomas Summers,2026-01-20 20:42:51,Distribution Ratio,0.269826775825826,-,Temperature,25.0,C,20.0 min,,,Comments,"Data Location: Figure 3; Additional Comments: nan; Complexant_Name: malonamide; Complexant_SMILES: NC(=O)CC(N)=O; Complexant_Concentration_M: 0.5; Publication_Year: 2011; Title: Separation of Am, Cm and Lanthanides by Solvent Extraction with Hydrophilic and Lipophilic Organic Ligands; Authors: Y Sasaki, Y Kitatsuji, Y Tsubata, Y Sugo, Y Morita; No. of Extractants: 1; Aqueous Phase Metals: nan; Metal_Concentration_mM: 0.06; No. of Metals: 1",Volume Ratio,1.0,,
13699,DOODA (C12),0.2 M,HNO3,3 M,n-Dodecane,Tm,III ,0.06 mM,,,,,CCCCCCCCCCCCN(CCCCCCCCCCCC)C(=O)COCCOCC(=O)N(CCCCCCCCCCCC)CCCCCCCCCCCC,-,"HNO3, DOODA (C12), Tm, n-Dodecane",,n-Dodecane,,"https://doi.org/10.15261/serdj.18.93, https://doi.org/10.1021/jacs.5c19738",Thomas Summers,2026-01-20 20:42:52,Distribution Ratio,0.479814121182388,-,Temperature,25.0,C,20.0 min,,,Comments,"Data Location: Figure 3; Additional Comments: nan; Complexant_Name: DOODA(C2); Complexant_SMILES: CCN(CC)C(=O)COCCOCC(=O)N(CC)CC; Complexant_Concentration_M: 0.005; Publication_Year: 2011; Title: Separation of Am, Cm and Lanthanides by Solvent Extraction with Hydrophilic and Lipophilic Organic Ligands; Authors: Y Sasaki, Y Kitatsuji, Y Tsubata, Y Sugo, Y Morita; No. of Extractants: 1; Aqueous Phase Metals: nan; Metal_Concentration_mM: 0.06; No. of Metals: 1",Volume Ratio,1.0,,
13713,DOODA (C12),0.2 M,HNO3,3 M,n-Dodecane,Tm,III ,0.06 mM,,,,,CCCCCCCCCCCCN(CCCCCCCCCCCC)C(=O)COCCOCC(=O)N(CCCCCCCCCCCC)CCCCCCCCCCCC,-,"HNO3, DOODA (C12), Tm, n-Dodecane",,n-Dodecane,,"https://doi.org/10.15261/serdj.18.93, https://doi.org/10.1021/jacs.5c19738",Thomas Summers,2026-01-20 20:42:53,Distribution Ratio,0.255185174546175,-,Temperature,25.0,C,20.0 min,,,Comments,"Data Location: Figure 3; Additional Comments: nan; Complexant_Name: DOODA(C2); Complexant_SMILES: CCN(CC)C(=O)COCCOCC(=O)N(CC)CC; Complexant_Concentration_M: 0.01; Publication_Year: 2011; Title: Separation of Am, Cm and Lanthanides by Solvent Extraction with Hydrophilic and Lipophilic Organic Ligands; Authors: Y Sasaki, Y Kitatsuji, Y Tsubata, Y Sugo, Y Morita; No. of Extractants: 1; Aqueous Phase Metals: nan; Metal_Concentration_mM: 0.06; No. of Metals: 1",Volume Ratio,1.0,,
13727,DOODA (C12),0.2 M,HNO3,3 M,n-Dodecane,Tm,III ,0.06 mM,,,,,CCCCCCCCCCCCN(CCCCCCCCCCCC)C(=O)COCCOCC(=O)N(CCCCCCCCCCCC)CCCCCCCCCCCC,-,"HNO3, DOODA (C12), Tm, n-Dodecane",,n-Dodecane,,"https://doi.org/10.15261/serdj.18.93, https://doi.org/10.1021/jacs.5c19738",Thomas Summers,2026-01-20 20:42:54,Distribution Ratio,0.059561104427636,-,Temperature,25.0,C,20.0 min,,,Comments,"Data Location: Figure 3; Additional Comments: nan; Complexant_Name: DOODA(C2); Complexant_SMILES: CCN(CC)C(=O)COCCOCC(=O)N(CC)CC; Complexant_Concentration_M: 0.02; Publication_Year: 2011; Title: Separation of Am, Cm and Lanthanides by Solvent Extraction with Hydrophilic and Lipophilic Organic Ligands; Authors: Y Sasaki, Y Kitatsuji, Y Tsubata, Y Sugo, Y Morita; No. of Extractants: 1; Aqueous Phase Metals: nan; Metal_Concentration_mM: 0.06; No. of Metals: 1",Volume Ratio,1.0,,
13741,DOODA (C12),0.2 M,HNO3,0.001 M,n-Dodecane,Tm,III ,0.06 mM,,,,,CCCCCCCCCCCCN(CCCCCCCCCCCC)C(=O)COCCOCC(=O)N(CCCCCCCCCCCC)CCCCCCCCCCCC,-,"HNO3, DOODA (C12), Tm, n-Dodecane",,n-Dodecane,,"https://doi.org/10.15261/serdj.18.93, https://doi.org/10.1021/jacs.5c19738",Thomas Summers,2026-01-20 20:42:55,Distribution Ratio,0.218139057069444,-,Temperature,25.0,C,20.0 min,,,Comments,"Data Location: Figure 3; Additional Comments: nan; Complexant_Name: NaNO3; Complexant_SMILES: [N+](=O)([O-])[O-]; Complexant_Concentration_M: 3; Publication_Year: 2011; Title: Separation of Am, Cm and Lanthanides by Solvent Extraction with Hydrophilic and Lipophilic Organic Ligands; Authors: Y Sasaki, Y Kitatsuji, Y Tsubata, Y Sugo, Y Morita; No. of Extractants: 1; Aqueous Phase Metals: nan; Metal_Concentration_mM: 0.06; No. of Metals: 1",Volume Ratio,1.0,,
13755,DOODA (C12),0.2 M,HNO3,0.001 M,n-Dodecane,Tm,III ,0.06 mM,,,,,CCCCCCCCCCCCN(CCCCCCCCCCCC)C(=O)COCCOCC(=O)N(CCCCCCCCCCCC)CCCCCCCCCCCC,-,"HNO3, DOODA (C12), Tm, n-Dodecane",,n-Dodecane,,"https://doi.org/10.15261/serdj.18.93, https://doi.org/10.1021/jacs.5c19738",Thomas Summers,2026-01-20 20:42:56,Distribution Ratio,0.100680533480939,-,Temperature,25.0,C,20.0 min,,,Comments,"Data Location: Figure 3; Additional Comments: nan; Complexant_Name: NaNO3; Complexant_SMILES: [N+](=O)([O-])[O-]; Complexant_Concentration_M: 5; Publication_Year: 2011; Title: Separation of Am, Cm and Lanthanides by Solvent Extraction with Hydrophilic and Lipophilic Organic Ligands; Authors: Y Sasaki, Y Kitatsuji, Y Tsubata, Y Sugo, Y Morita; No. of Extractants: 1; Aqueous Phase Metals: nan; Metal_Concentration_mM: 0.06; No. of Metals: 1",Volume Ratio,1.0,,
13769,DOODA (C12),0.2 M,HNO3,0.006 M,n-Dodecane,Tm,III ,0.06 mM,,,,,CCCCCCCCCCCCN(CCCCCCCCCCCC)C(=O)COCCOCC(=O)N(CCCCCCCCCCCC)CCCCCCCCCCCC,-,"HNO3, DOODA (C12), Tm, n-Dodecane",,n-Dodecane,,"https://doi.org/10.15261/serdj.18.93, https://doi.org/10.1021/jacs.5c19738",Thomas Summers,2026-01-20 20:42:57,Distribution Ratio,0.100680533480939,-,Temperature,25.0,C,20.0 min,,,Comments,"Data Location: Figure 3; Additional Comments: nan; Complexant_Name: DTPA; NaNO3; Complexant_SMILES: C(CN(CC(=O)O)CC(=O)O)N(CCN(CC(=O)O)CC(=O)O)CC(=O)O.[N+](=O)([O-])[O-]; Complexant_Concentration_M: 0.05; 3; Publication_Year: 2011; Title: Separation of Am, Cm and Lanthanides by Solvent Extraction with Hydrophilic and Lipophilic Organic Ligands; Authors: Y Sasaki, Y Kitatsuji, Y Tsubata, Y Sugo, Y Morita; No. of Extractants: 1; Aqueous Phase Metals: nan; Metal_Concentration_mM: 0.06; No. of Metals: 1",Volume Ratio,1.0,,
13783,DOODA (C12),0.2 M,HNO3,0.006 M,n-Dodecane,Tm,III ,0.06 mM,,,,,CCCCCCCCCCCCN(CCCCCCCCCCCC)C(=O)COCCOCC(=O)N(CCCCCCCCCCCC)CCCCCCCCCCCC,-,"HNO3, DOODA (C12), Tm, n-Dodecane",,n-Dodecane,,"https://doi.org/10.15261/serdj.18.93, https://doi.org/10.1021/jacs.5c19738",Thomas Summers,2026-01-20 20:42:58,Distribution Ratio,0.852669168401319,-,Temperature,25.0,C,20.0 min,,,Comments,"Data Location: Figure 3; Additional Comments: nan; Complexant_Name: DTPA; NaNO3; Complexant_SMILES: C(CN(CC(=O)O)CC(=O)O)N(CCN(CC(=O)O)CC(=O)O)CC(=O)O.[N+](=O)([O-])[O-]; Complexant_Concentration_M: 0.05; 5; Publication_Year: 2011; Title: Separation of Am, Cm and Lanthanides by Solvent Extraction with Hydrophilic and Lipophilic Organic Ligands; Authors: Y Sasaki, Y Kitatsuji, Y Tsubata, Y Sugo, Y Morita; No. of Extractants: 1; Aqueous Phase Metals: nan; Metal_Concentration_mM: 0.06; No. of Metals: 1",Volume Ratio,1.0,,
13797,TDdDGA,0.1 M,HNO3,0.5 M,n-Dodecane,Tm,III ,0.06 mM,,,,,CCCCCCCCCCCCN(CCCCCCCCCCCC)C(=O)COCC(=O)N(CCCCCCCCCCCC)CCCCCCCCCCCC,-,"HNO3, TDdDGA, Tm, n-Dodecane",,n-Dodecane,,"https://doi.org/10.15261/serdj.18.93, https://doi.org/10.1021/jacs.5c19738",Thomas Summers,2026-01-20 20:42:59,Distribution Ratio,172.441273445293,-,Temperature,25.0,C,20.0 min,,,Comments,"Data Location: Figure 4; Additional Comments: nan; Complexant_Name: nan; Complexant_SMILES: nan; Complexant_Concentration_M: nan; Publication_Year: 2011; Title: Separation of Am, Cm and Lanthanides by Solvent Extraction with Hydrophilic and Lipophilic Organic Ligands; Authors: Y Sasaki, Y Kitatsuji, Y Tsubata, Y Sugo, Y Morita; No. of Extractants: 1; Aqueous Phase Metals: nan; Metal_Concentration_mM: 0.06; No. of Metals: 1",Volume Ratio,1.0,,
13811,TDdDGA,0.1 M,HNO3,3 M,n-Dodecane,Tm,III ,0.06 mM,,,,,CCCCCCCCCCCCN(CCCCCCCCCCCC)C(=O)COCC(=O)N(CCCCCCCCCCCC)CCCCCCCCCCCC,-,"HNO3, TDdDGA, Tm, n-Dodecane",,n-Dodecane,,"https://doi.org/10.15261/serdj.18.93, https://doi.org/10.1021/jacs.5c19738",Thomas Summers,2026-01-20 20:43:00,Distribution Ratio,2.5385174473175,-,Temperature,25.0,C,20.0 min,,,Comments,"Data Location: Figure 4; Additional Comments: nan; Complexant_Name: TEDGA; Complexant_SMILES: CCN(CC)C(=O)COCC(=O)N(CC)CC; Complexant_Concentration_M: 0.01; Publication_Year: 2011; Title: Separation of Am, Cm and Lanthanides by Solvent Extraction with Hydrophilic and Lipophilic Organic Ligands; Authors: Y Sasaki, Y Kitatsuji, Y Tsubata, Y Sugo, Y Morita; No. of Extractants: 1; Aqueous Phase Metals: nan; Metal_Concentration_mM: 0.06; No. of Metals: 1",Volume Ratio,1.0,,
13825,TDdDGA,0.1 M,HNO3,3 M,n-Dodecane,Tm,III ,0.06 mM,,,,,CCCCCCCCCCCCN(CCCCCCCCCCCC)C(=O)COCC(=O)N(CCCCCCCCCCCC)CCCCCCCCCCCC,-,"HNO3, TDdDGA, Tm, n-Dodecane",,n-Dodecane,,"https://doi.org/10.15261/serdj.18.93, https://doi.org/10.1021/jacs.5c19738",Thomas Summers,2026-01-20 20:43:01,Distribution Ratio,0.406831674541175,-,Temperature,25.0,C,20.0 min,,,Comments,"Data Location: Figure 4; Additional Comments: nan; Complexant_Name: TEDGA; Complexant_SMILES: CCN(CC)C(=O)COCC(=O)N(CC)CC; Complexant_Concentration_M: 0.02; Publication_Year: 2011; Title: Separation of Am, Cm and Lanthanides by Solvent Extraction with Hydrophilic and Lipophilic Organic Ligands; Authors: Y Sasaki, Y Kitatsuji, Y Tsubata, Y Sugo, Y Morita; No. of Extractants: 1; Aqueous Phase Metals: nan; Metal_Concentration_mM: 0.06; No. of Metals: 1",Volume Ratio,1.0,,
13839,TDdDGA,0.1 M,HNO3,3 M,n-Dodecane,Tm,III ,0.06 mM,,,,,CCCCCCCCCCCCN(CCCCCCCCCCCC)C(=O)COCC(=O)N(CCCCCCCCCCCC)CCCCCCCCCCCC,-,"HNO3, TDdDGA, Tm, n-Dodecane",,n-Dodecane,,"https://doi.org/10.15261/serdj.18.93, https://doi.org/10.1021/jacs.5c19738",Thomas Summers,2026-01-20 20:43:02,Distribution Ratio,0.0722401478168708,-,Temperature,25.0,C,20.0 min,,,Comments,"Data Location: Figure 4; Additional Comments: nan; Complexant_Name: TEDGA; Complexant_SMILES: CCN(CC)C(=O)COCC(=O)N(CC)CC; Complexant_Concentration_M: 0.05; Publication_Year: 2011; Title: Separation of Am, Cm and Lanthanides by Solvent Extraction with Hydrophilic and Lipophilic Organic Ligands; Authors: Y Sasaki, Y Kitatsuji, Y Tsubata, Y Sugo, Y Morita; No. of Extractants: 1; Aqueous Phase Metals: nan; Metal_Concentration_mM: 0.06; No. of Metals: 1",Volume Ratio,1.0,,
13853,TDdDGA,0.1 M,HNO3,3 M,n-Dodecane,Tm,III ,0.06 mM,,,,,CCCCCCCCCCCCN(CCCCCCCCCCCC)C(=O)COCC(=O)N(CCCCCCCCCCCC)CCCCCCCCCCCC,-,"HNO3, TDdDGA, Tm, n-Dodecane",,n-Dodecane,,"https://doi.org/10.15261/serdj.18.93, https://doi.org/10.1021/jacs.5c19738",Thomas Summers,2026-01-20 20:43:03,Distribution Ratio,261.592037827098,-,Temperature,25.0,C,20.0 min,,,Comments,"Data Location: Figure 4; Additional Comments: nan; Complexant_Name: Amicacid; Complexant_SMILES: CCN(CC)C(=O)COCC(=O)O; Complexant_Concentration_M: 0.05; Publication_Year: 2011; Title: Separation of Am, Cm and Lanthanides by Solvent Extraction with Hydrophilic and Lipophilic Organic Ligands; Authors: Y Sasaki, Y Kitatsuji, Y Tsubata, Y Sugo, Y Morita; No. of Extractants: 1; Aqueous Phase Metals: nan; Metal_Concentration_mM: 0.06; No. of Metals: 1",Volume Ratio,1.0,,
13866,TDdDGA,0.1 M,HNO3,4 M,n-Dodecane,Tm,III ,0.06 mM,,,,,CCCCCCCCCCCCN(CCCCCCCCCCCC)C(=O)COCC(=O)N(CCCCCCCCCCCC)CCCCCCCCCCCC,-,"HNO3, TDdDGA, Tm, n-Dodecane",,n-Dodecane,,"https://doi.org/10.15261/serdj.18.93, https://doi.org/10.1021/jacs.5c19738",Thomas Summers,2026-01-20 20:43:04,Distribution Ratio,523.635852336283,-,Temperature,25.0,C,20.0 min,,,Comments,"Data Location: Figure 4; Additional Comments: nan; Complexant_Name: Amicacid; Complexant_SMILES: CCN(CC)C(=O)COCC(=O)O; Complexant_Concentration_M: 0.05; Publication_Year: 2011; Title: Separation of Am, Cm and Lanthanides by Solvent Extraction with Hydrophilic and Lipophilic Organic Ligands; Authors: Y Sasaki, Y Kitatsuji, Y Tsubata, Y Sugo, Y Morita; No. of Extractants: 1; Aqueous Phase Metals: nan; Metal_Concentration_mM: 0.06; No. of Metals: 1",Volume Ratio,1.0,,
13880,TDdDGA,0.1 M,HNO3,3 M,n-Dodecane,Tm,III ,0.06 mM,,,,,CCCCCCCCCCCCN(CCCCCCCCCCCC)C(=O)COCC(=O)N(CCCCCCCCCCCC)CCCCCCCCCCCC,-,"HNO3, TDdDGA, Tm, n-Dodecane",,n-Dodecane,,"https://doi.org/10.15261/serdj.18.93, https://doi.org/10.1021/jacs.5c19738",Thomas Summers,2026-01-20 20:43:05,Distribution Ratio,417.9806832564,-,Temperature,25.0,C,20.0 min,,,Comments,"Data Location: Figure 4; Additional Comments: nan; Complexant_Name: malonamide; Complexant_SMILES: NC(=O)CC(N)=O; Complexant_Concentration_M: 0.5; Publication_Year: 2011; Title: Separation of Am, Cm and Lanthanides by Solvent Extraction with Hydrophilic and Lipophilic Organic Ligands; Authors: Y Sasaki, Y Kitatsuji, Y Tsubata, Y Sugo, Y Morita; No. of Extractants: 1; Aqueous Phase Metals: nan; Metal_Concentration_mM: 0.06; No. of Metals: 1",Volume Ratio,1.0,,
13894,TDdDGA,0.1 M,HNO3,3 M,n-Dodecane,Tm,III ,0.06 mM,,,,,CCCCCCCCCCCCN(CCCCCCCCCCCC)C(=O)COCC(=O)N(CCCCCCCCCCCC)CCCCCCCCCCCC,-,"HNO3, TDdDGA, Tm, n-Dodecane",,n-Dodecane,,"https://doi.org/10.15261/serdj.18.93, https://doi.org/10.1021/jacs.5c19738",Thomas Summers,2026-01-20 20:43:06,Distribution Ratio,251.046399744803,-,Temperature,25.0,C,20.0 min,,,Comments,"Data Location: Figure 4; Additional Comments: nan; Complexant_Name: malonamide; Complexant_SMILES: NC(=O)CC(N)=O; Complexant_Concentration_M: 1; Publication_Year: 2011; Title: Separation of Am, Cm and Lanthanides by Solvent Extraction with Hydrophilic and Lipophilic Organic Ligands; Authors: Y Sasaki, Y Kitatsuji, Y Tsubata, Y Sugo, Y Morita; No. of Extractants: 1; Aqueous Phase Metals: nan; Metal_Concentration_mM: 0.06; No. of Metals: 1",Volume Ratio,1.0,,
13908,TDdDGA,0.1 M,HNO3,3 M,n-Dodecane,Tm,III ,0.06 mM,,,,,CCCCCCCCCCCCN(CCCCCCCCCCCC)C(=O)COCC(=O)N(CCCCCCCCCCCC)CCCCCCCCCCCC,-,"HNO3, TDdDGA, Tm, n-Dodecane",,n-Dodecane,,"https://doi.org/10.15261/serdj.18.93, https://doi.org/10.1021/jacs.5c19738",Thomas Summers,2026-01-20 20:43:06,Distribution Ratio,156.449219742169,-,Temperature,25.0,C,20.0 min,,,Comments,"Data Location: Figure 4; Additional Comments: nan; Complexant_Name: DOODA(C2); Complexant_SMILES: CCN(CC)C(=O)COCCOCC(=O)N(CC)CC; Complexant_Concentration_M: 0.1; Publication_Year: 2011; Title: Separation of Am, Cm and Lanthanides by Solvent Extraction with Hydrophilic and Lipophilic Organic Ligands; Authors: Y Sasaki, Y Kitatsuji, Y Tsubata, Y Sugo, Y Morita; No. of Extractants: 1; Aqueous Phase Metals: nan; Metal_Concentration_mM: 0.06; No. of Metals: 1",Volume Ratio,1.0,,
13922,TDdDGA,0.1 M,HNO3,3 M,n-Dodecane,Tm,III ,0.06 mM,,,,,CCCCCCCCCCCCN(CCCCCCCCCCCC)C(=O)COCC(=O)N(CCCCCCCCCCCC)CCCCCCCCCCCC,-,"HNO3, TDdDGA, Tm, n-Dodecane",,n-Dodecane,,"https://doi.org/10.15261/serdj.18.93, https://doi.org/10.1021/jacs.5c19738",Thomas Summers,2026-01-20 20:43:07,Distribution Ratio,177.044256122793,-,Temperature,25.0,C,20.0 min,,,Comments,"Data Location: Figure 4; Additional Comments: nan; Complexant_Name: DOODA(C2); Complexant_SMILES: CCN(CC)C(=O)COCCOCC(=O)N(CC)CC; Complexant_Concentration_M: 0.2; Publication_Year: 2011; Title: Separation of Am, Cm and Lanthanides by Solvent Extraction with Hydrophilic and Lipophilic Organic Ligands; Authors: Y Sasaki, Y Kitatsuji, Y Tsubata, Y Sugo, Y Morita; No. of Extractants: 1; Aqueous Phase Metals: nan; Metal_Concentration_mM: 0.06; No. of Metals: 1",Volume Ratio,1.0,,
13936,TDdDGA,0.1 M,HNO3,3 M,n-Dodecane,Tm,III ,0.06 mM,,,,,CCCCCCCCCCCCN(CCCCCCCCCCCC)C(=O)COCC(=O)N(CCCCCCCCCCCC)CCCCCCCCCCCC,-,"HNO3, TDdDGA, Tm, n-Dodecane",,n-Dodecane,,"https://doi.org/10.15261/serdj.18.93, https://doi.org/10.1021/jacs.5c19738",Thomas Summers,2026-01-20 20:43:08,Distribution Ratio,2.99022125918158,-,Temperature,25.0,C,20.0 min,,,Comments,"Data Location: Figure 4; Additional Comments: nan; Complexant_Name: DOODA(C2); Complexant_SMILES: CCN(CC)C(=O)COCCOCC(=O)N(CC)CC; Complexant_Concentration_M: 0.5; Publication_Year: 2011; Title: Separation of Am, Cm and Lanthanides by Solvent Extraction with Hydrophilic and Lipophilic Organic Ligands; Authors: Y Sasaki, Y Kitatsuji, Y Tsubata, Y Sugo, Y Morita; No. of Extractants: 1; Aqueous Phase Metals: nan; Metal_Concentration_mM: 0.06; No. of Metals: 1",Volume Ratio,1.0,,
14327,Et-Me-TDDGA-Syn,0.1 M,HNO3,7.4 M,n-Dodecane,Tm,III , ,,,,,CCCCCCCCCCN(CCCCCCCCCC)C(=O)[C@H](C)O[C@H](CC)C(=O)N(CCCCCCCCCC)CCCCCCCCCC,-,"HNO3, Et-Me-TDDGA-Syn, Tm, n-Dodecane",,n-Dodecane,,"https://doi.org/10.1039/D2NJ05663A, https://doi.org/10.1021/jacs.5c19738",Thomas Summers,2026-01-20 20:43:34,Distribution Ratio,0.94927816,-,Temperature,22.0,C,30.0 min,,,Comments,"Data Location: Figure 4; Additional Comments: nan; Complexant_Name: nan; Complexant_SMILES: nan; Complexant_Concentration_M: nan; Publication_Year: 2023; Title: Synthesis and evaluation of new modified diglycolamides with different stereochemistry for extraction of tri- and tetravalent metal ions; Authors: Laura Diaz Gomez, Andreas Wilden, Dimitri Schneider, Zaina Paparigas, Giuseppe Modolo, Maria Chiara Gullo, Jurriaan Huskens, Willem Verboom; No. of Extractants: 1; Aqueous Phase Metals: Am(III); La(III); Ce(III); Pr(III); Nd(III); Sm(III); Eu(III); Gd(III); Tb(III); Dy(III); Ho(III); Er(III); Tm(III); Yb(III); Lu(III); Yb(III); Sr; Zr; Mo; Pd; Fe; Ru; Pu(IV); Cm(III); Metal_Concentration_mM: Trace; 0.01; 0.01; 0.01; 0.01; 0.01; 0.01; 0.01; 0.01; 0.01; 0.01; 0.01; 0.01; 0.01; 0.01; 0.01; 0.01; 0.01; 0.01; 0.01; 0.01; 0.01; Trace; Trace; No. of Metals: 24",Volume Ratio,1.0,,
14341,p-TODGA-Syn,0.1 M,HNO3,7.4 M,n-Dodecane,Tm,III , ,,,,,CCCCCCCCN(CCCCCCCC)C(=O)[C@@H](CCC)O[C@@H](CCC)C(=O)N(CCCCCCCC)CCCCCCCC,-,"HNO3, p-TODGA-Syn, Tm, n-Dodecane",,n-Dodecane,,"https://doi.org/10.1039/D2NJ05663A, https://doi.org/10.1021/jacs.5c19738",Thomas Summers,2026-01-20 20:43:35,Distribution Ratio,0.00101212,-,Temperature,22.0,C,30.0 min,,,Comments,"Data Location: Figure 4; Additional Comments: nan; Complexant_Name: nan; Complexant_SMILES: nan; Complexant_Concentration_M: nan; Publication_Year: 2023; Title: Synthesis and evaluation of new modified diglycolamides with different stereochemistry for extraction of tri- and tetravalent metal ions; Authors: Laura Diaz Gomez, Andreas Wilden, Dimitri Schneider, Zaina Paparigas, Giuseppe Modolo, Maria Chiara Gullo, Jurriaan Huskens, Willem Verboom; No. of Extractants: 1; Aqueous Phase Metals: Am(III); La(III); Ce(III); Pr(III); Nd(III); Sm(III); Eu(III); Gd(III); Tb(III); Dy(III); Ho(III); Er(III); Tm(III); Yb(III); Lu(III); Yb(III); Sr; Zr; Mo; Pd; Fe; Ru; Pu(IV); Cm(III); Metal_Concentration_mM: Trace; 0.01; 0.01; 0.01; 0.01; 0.01; 0.01; 0.01; 0.01; 0.01; 0.01; 0.01; 0.01; 0.01; 0.01; 0.01; 0.01; 0.01; 0.01; 0.01; 0.01; 0.01; Trace; Trace; No. of Metals: 24",Volume Ratio,1.0,,
14354,Et-Me-TODGA-Anti,0.1 M,HNO3,7.4 M,n-Dodecane,Tm,III , ,,,,,CCCCCCCCN(CCCCCCCC)C(=O)[C@H](C)O[C@@H](CC)C(=O)N(CCCCCCCC)CCCCCCCC,-,"HNO3, Et-Me-TODGA-Anti, Tm, n-Dodecane",,n-Dodecane,,"https://doi.org/10.1039/D2NJ05663A, https://doi.org/10.1021/jacs.5c19738",Thomas Summers,2026-01-20 20:43:36,Distribution Ratio,1.03737899,-,Temperature,22.0,C,30.0 min,,,Comments,"Data Location: Figure 4; Additional Comments: nan; Complexant_Name: nan; Complexant_SMILES: nan; Complexant_Concentration_M: nan; Publication_Year: 2023; Title: Synthesis and evaluation of new modified diglycolamides with different stereochemistry for extraction of tri- and tetravalent metal ions; Authors: Laura Diaz Gomez, Andreas Wilden, Dimitri Schneider, Zaina Paparigas, Giuseppe Modolo, Maria Chiara Gullo, Jurriaan Huskens, Willem Verboom; No. of Extractants: 1; Aqueous Phase Metals: Am(III); La(III); Ce(III); Pr(III); Nd(III); Sm(III); Eu(III); Gd(III); Tb(III); Dy(III); Ho(III); Er(III); Tm(III); Yb(III); Lu(III); Yb(III); Sr; Zr; Mo; Pd; Fe; Ru; Pu(IV); Cm(III); Metal_Concentration_mM: Trace; 0.01; 0.01; 0.01; 0.01; 0.01; 0.01; 0.01; 0.01; 0.01; 0.01; 0.01; 0.01; 0.01; 0.01; 0.01; 0.01; 0.01; 0.01; 0.01; 0.01; 0.01; Trace; Trace; No. of Metals: 24",Volume Ratio,1.0,,
14368,p-TDDGA-Syn,0.1 M,HNO3,7.4 M,n-Dodecane,Tm,III , ,,,,,CCCCCCCCCCN(CCCCCCCCCC)C(=O)[C@@H](CCC)O[C@@H](CCC)C(=O)N(CCCCCCCCCC)CCCCCCCCCC,-,"HNO3, p-TDDGA-Syn, Tm, n-Dodecane",,n-Dodecane,,"https://doi.org/10.1039/D2NJ05663A, https://doi.org/10.1021/jacs.5c19738",Thomas Summers,2026-01-20 20:43:37,Distribution Ratio,0.00102214,-,Temperature,22.0,C,30.0 min,,,Comments,"Data Location: Figure 4; Additional Comments: nan; Complexant_Name: nan; Complexant_SMILES: nan; Complexant_Concentration_M: nan; Publication_Year: 2023; Title: Synthesis and evaluation of new modified diglycolamides with different stereochemistry for extraction of tri- and tetravalent metal ions; Authors: Laura Diaz Gomez, Andreas Wilden, Dimitri Schneider, Zaina Paparigas, Giuseppe Modolo, Maria Chiara Gullo, Jurriaan Huskens, Willem Verboom; No. of Extractants: 1; Aqueous Phase Metals: Am(III); La(III); Ce(III); Pr(III); Nd(III); Sm(III); Eu(III); Gd(III); Tb(III); Dy(III); Ho(III); Er(III); Tm(III); Yb(III); Lu(III); Yb(III); Sr; Zr; Mo; Pd; Fe; Ru; Pu(IV); Cm(III); Metal_Concentration_mM: Trace; 0.01; 0.01; 0.01; 0.01; 0.01; 0.01; 0.01; 0.01; 0.01; 0.01; 0.01; 0.01; 0.01; 0.01; 0.01; 0.01; 0.01; 0.01; 0.01; 0.01; 0.01; Trace; Trace; No. of Metals: 24",Volume Ratio,1.0,,
16086,2-N-6-N-dimethyl-2-N-6-N-diphenylpyridine-2-6-dicarboxamide,0.5 M,HNO3,4 M,CH3Cl,Tm,III ,0.01 mM,,,,,CN(C(=O)c1cccc(C(=O)N(C)c2ccccc2)n1)c1ccccc1,-,"HNO3, 2-N-6-N-dimethyl-2-N-6-N-diphenylpyridine-2-6-dicarboxamide, Tm, CH3Cl",,CH3Cl,,"https://doi.org/10.1081/SEI-120030392, https://doi.org/10.1021/jacs.5c19738",Baosen Zhang,2026-02-10 13:32:36,Distribution Ratio,14.99999999807684,-,,,,- -,,,Comments,updated ORNL,,,,
16101,2-N-6-N-dimethyl-2-N-6-N-diphenylpyridine-2-6-dicarboxamide,0.5 M,HNO3,3 M,CH3Cl,Tm,III ,0.01 mM,,,,,CN(C(=O)c1cccc(C(=O)N(C)c2ccccc2)n1)c1ccccc1,-,"HNO3, 2-N-6-N-dimethyl-2-N-6-N-diphenylpyridine-2-6-dicarboxamide, Tm, CH3Cl",,CH3Cl,,"https://doi.org/10.1081/SEI-120030392, https://doi.org/10.1021/jacs.5c19738",Baosen Zhang,2026-02-10 13:32:37,Distribution Ratio,3.800000003352844,-,,,,- -,,,Comments,updated ORNL,,,,
16111,2-N-6-N-dimethyl-2-N-6-N-diphenylpyridine-2-6-dicarboxamide,0.5 M,HNO3,5 M,CH3Cl,Tm,III ,0.01 mM,,,,,CN(C(=O)c1cccc(C(=O)N(C)c2ccccc2)n1)c1ccccc1,-,"HNO3, 2-N-6-N-dimethyl-2-N-6-N-diphenylpyridine-2-6-dicarboxamide, Tm, CH3Cl",,CH3Cl,,"https://doi.org/10.1081/SEI-120030392, https://doi.org/10.1021/jacs.5c19738",Baosen Zhang,2026-02-10 13:32:38,Distribution Ratio,26.9999999901158,-,,,,- -,,,Comments,updated ORNL,,,,
16125,2-N-6-N-dimethyl-2-N-6-N-diphenylpyridine-2-6-dicarboxamide,0.5 M,HNO3,1 M,CH3Cl,Tm,III ,0.01 mM,,,,,CN(C(=O)c1cccc(C(=O)N(C)c2ccccc2)n1)c1ccccc1,-,"HNO3, 2-N-6-N-dimethyl-2-N-6-N-diphenylpyridine-2-6-dicarboxamide, Tm, CH3Cl",,CH3Cl,,"https://doi.org/10.1081/SEI-120030392, https://doi.org/10.1021/jacs.5c19738",Baosen Zhang,2026-02-10 13:32:39,Distribution Ratio,3.000000001936503,-,,,,- -,,,Comments,updated ORNL,,,,
16146,2-N-6-N-dimethyl-2-N-6-N-diphenylpyridine-2-6-dicarboxamide,0.5 M,HNO3,2 M,CH3Cl,Tm,III ,0.01 mM,,,,,CN(C(=O)c1cccc(C(=O)N(C)c2ccccc2)n1)c1ccccc1,-,"HNO3, 2-N-6-N-dimethyl-2-N-6-N-diphenylpyridine-2-6-dicarboxamide, Tm, CH3Cl",,CH3Cl,,"https://doi.org/10.1081/SEI-120030392, https://doi.org/10.1021/jacs.5c19738",Baosen Zhang,2026-02-10 13:32:40,Distribution Ratio,2.100000001286614,-,,,,- -,,,Comments,updated ORNL,,,,
16169,2-N-2-N-9-N-9-N-tetraoctyl-1-10-phenanthroline-2-9-dicarboxamide,0.007 M,Hcl,0.9 M,Dichloromethane,Tm,III ,0.5 mM,,,,,CCCCCCCCN(CCCCCCCC)C(=O)c1ccc2ccc3ccc(C(=O)N(CCCCCCCC)CCCCCCCC)nc3c2n1,-,"Hcl, 2-N-2-N-9-N-9-N-tetraoctyl-1-10-phenanthroline-2-9-dicarboxamide, Tm, Dichloromethane",,Dichloromethane,,"https://doi.org/10.1002/chem.201806443, https://doi.org/10.1021/jacs.5c19738",Baosen Zhang,2026-02-10 13:32:42,Distribution Ratio,0.01799999999571832,-,Temperature,25.0,C,- -,,,Comments,updated ORNL,,,,
16185,6-19-dihexyl-7-8-17-18-tetraphenyl-3-6-19-22-tetrazapentacyclo[12.8.0.02-11.04-9.016-21]docosa-1(22)-2-4(9)-7-10-12-14-16(21)-17-nonaene-5-20-dione,0.007 M,HNO3,0.9 M,Dichloromethane,Tm,III ,0.5 mM,,,,,CCCCCCn1c(-c2ccccc2)c(-c2ccccc2)c2cc3ccc4cc5c(-c6ccccc6)c(-c6ccccc6)n(CCCCCC)c(=O)c5nc4c3nc2c1=O,-,"HNO3, 6-19-dihexyl-7-8-17-18-tetraphenyl-3-6-19-22-tetrazapentacyclo[12.8.0.02-11.04-9.016-21]docosa-1(22)-2-4(9)-7-10-12-14-16(21)-17-nonaene-5-20-dione, Tm, Dichloromethane",,Dichloromethane,,"https://doi.org/10.1002/chem.201806443, https://doi.org/10.1021/jacs.5c19738",Baosen Zhang,2026-02-10 13:32:43,Distribution Ratio,0.05999999994699768,-,Temperature,25.0,C,- -,,,Comments,updated ORNL,,,,
16203,6-19-dihexyl-7-8-17-18-tetraphenyl-3-6-19-22-tetrazapentacyclo[12.8.0.02-11.04-9.016-21]docosa-1(22)-2-4(9)-7-10-12-14-16(21)-17-nonaene-5-20-dione,0.007 M,Hcl,0.9 M,Dichloromethane,Tm,III ,0.5 mM,,,,,CCCCCCn1c(-c2ccccc2)c(-c2ccccc2)c2cc3ccc4cc5c(-c6ccccc6)c(-c6ccccc6)n(CCCCCC)c(=O)c5nc4c3nc2c1=O,-,"Hcl, 6-19-dihexyl-7-8-17-18-tetraphenyl-3-6-19-22-tetrazapentacyclo[12.8.0.02-11.04-9.016-21]docosa-1(22)-2-4(9)-7-10-12-14-16(21)-17-nonaene-5-20-dione, Tm, Dichloromethane",,Dichloromethane,,"https://doi.org/10.1002/chem.201806443, https://doi.org/10.1021/jacs.5c19738",Baosen Zhang,2026-02-10 13:32:44,Distribution Ratio,0.01,-,Temperature,25.0,C,- -,,,Comments,updated ORNL,,,,
16222,2-[1-(dioctylamino)-1-oxopropan-2-yl]oxy-N-N-dioctylpropanamide,0.1 M,HNO3,4.3 M,hydrogenated tetrapropylene,Tm,III ,0.01 mM,,,,,CCCCCCCCN(CCCCCCCC)C(=O)C(C)OC(C)C(=O)N(CCCCCCCC)CCCCCCCC,-,"HNO3, 2-[1-(dioctylamino)-1-oxopropan-2-yl]oxy-N-N-dioctylpropanamide, Tm, hydrogenated tetrapropylene",,hydrogenated tetrapropylene,,"https://doi.org/10.1002/chem.201806161, https://doi.org/10.1021/jacs.5c19738",Baosen Zhang,2026-02-10 13:32:46,Distribution Ratio,89.99999990895753,-,Temperature,22.0,C,- -,,,Comments,updated ORNL,,,,
16229,2-[1-(dioctylamino)-1-oxopropan-2-yl]oxy-N-N-dioctylpropanamide,0.1 M,HNO3,4.3 M,hydrogenated tetrapropylene,Tm,III ,0.01 mM,,,,,CCCCCCCCN(CCCCCCCC)C(=O)C(C)OC(C)C(=O)N(CCCCCCCC)CCCCCCCC,-,"HNO3, 2-[1-(dioctylamino)-1-oxopropan-2-yl]oxy-N-N-dioctylpropanamide, Tm, hydrogenated tetrapropylene",,hydrogenated tetrapropylene,,"https://doi.org/10.1002/chem.201806161, https://doi.org/10.1021/jacs.5c19738",Baosen Zhang,2026-02-10 13:32:46,Distribution Ratio,1.0,-,Temperature,22.0,C,- -,,,Comments,updated ORNL,,,,
16244,N-N-dimethyl-N-N-diphenylpropanediamide,0.2 M,HNO3,4 M,Chloroform,Tm,III , ,,,,,CN(C(=O)CC(=O)N(C)c1ccccc1)c1ccccc1,-,"HNO3, N-N-dimethyl-N-N-diphenylpropanediamide, Tm, Chloroform",,Chloroform,,"https://doi.org/10.1007/BF02349516, https://doi.org/10.1021/jacs.5c19738",Baosen Zhang,2026-02-10 13:32:47,Distribution Ratio,0.0650000000534531,-,Temperature,25.0,C,- -,,,Comments,updated ORNL,,,,
16268,2-(2-hexoxyethyl)-N-N-dimethyl-N-N-dioctylpropanediamide,0.7 M,HNO3,1 M,n-Dodecane,Tm,III ,40 mM,,,,,CCCCCCCCN(C)C(=O)C(CCOCCCCCC)C(=O)N(C)CCCCCCCC,-,"HNO3, 2-(2-hexoxyethyl)-N-N-dimethyl-N-N-dioctylpropanediamide, Tm, n-Dodecane",,n-Dodecane,,"https://doi.org/10.1080/07366290701285512, https://doi.org/10.1021/jacs.5c19738",Baosen Zhang,2026-02-10 13:32:49,Distribution Ratio,1.499999999807684,-,Temperature,25.0,C,- -,,,Comments,updated ORNL,,,,
16280,8-11-11-trimethyl-5-[6-(8-11-11-trimethyl-3-4-6-triazatricyclo[6.2.1.02-7]undeca-2(7)-3-5-trien-5-yl)-2-pyridinyl]-3-4-6-triazatricyclo[6.2.1.02-7]undeca-2(7)-3-5-triene,0.03 M,HNO3,0.1 M,"hydrogenated tetrapropylene 0.7, 1-octanol 0.3",Tm,III , ,,,,,CC12CCC(c3nnc(-c4cccc(-c5nnc6c(n5)C5(C)CCC6C5(C)C)n4)nc31)C2(C)C,-,"HNO3, 8-11-11-trimethyl-5-[6-(8-11-11-trimethyl-3-4-6-triazatricyclo[6.2.1.02-7]undeca-2(7)-3-5-trien-5-yl)-2-pyridinyl]-3-4-6-triazatricyclo[6.2.1.02-7]undeca-2(7)-3-5-triene, Tm, hydrogenated tetrapropylene 0.7, 1-octanol 0.3",,"hydrogenated tetrapropylene 0.7, 1-octanol 0.3",,"https://doi.org/10.1080/07366299.2011.539129, https://doi.org/10.1021/jacs.5c19738",Baosen Zhang,2026-02-10 13:32:50,Distribution Ratio,0.9199999992679833,-,Temperature,20.0,C,- -,,,Comments,updated ORNL,,,,
16293,N-(3-5-dimethylphenyl)-6-[6-[(3-5-dimethylphenyl)-ethylcarbamoyl]-2-pyridinyl]-N-ethylpyridine-2-carboxamide,0.05 M,HNO3,3 M,nitrobenzene,Tm,III ,0.1 mM,,,,,CCN(C(=O)c1cccc(-c2cccc(C(=O)N(CC)c3cc(C)cc(C)c3)n2)n1)c1cc(C)cc(C)c1,-,"HNO3, N-(3-5-dimethylphenyl)-6-[6-[(3-5-dimethylphenyl)-ethylcarbamoyl]-2-pyridinyl]-N-ethylpyridine-2-carboxamide, Tm, nitrobenzene",,nitrobenzene,,"https://doi.org/10.1039/C8DT03734E, https://doi.org/10.1021/jacs.5c19738",Baosen Zhang,2026-02-10 13:32:51,Distribution Ratio,1.400000001037238,-,Temperature,25.0,C,- -,,,Comments,updated ORNL,,,,
16302,N-(2-4-dimethylphenyl)-6-[6-[(2-4-dimethylphenyl)-ethylcarbamoyl]-2-pyridinyl]-N-ethylpyridine-2-carboxamide,0.05 M,HNO3,3 M,nitrobenzene,Tm,III ,0.1 mM,,,,,CCN(C(=O)c1cccc(-c2cccc(C(=O)N(CC)c3ccc(C)cc3C)n2)n1)c1ccc(C)cc1C,-,"HNO3, N-(2-4-dimethylphenyl)-6-[6-[(2-4-dimethylphenyl)-ethylcarbamoyl]-2-pyridinyl]-N-ethylpyridine-2-carboxamide, Tm, nitrobenzene",,nitrobenzene,,"https://doi.org/10.1039/C8DT03734E, https://doi.org/10.1021/jacs.5c19738",Baosen Zhang,2026-02-10 13:32:51,Distribution Ratio,1.099999999599241,-,Temperature,25.0,C,- -,,,Comments,updated ORNL,,,,
16323,N-(2-5-dimethylphenyl)-6-[6-[(2-5-dimethylphenyl)-ethylcarbamoyl]-2-pyridinyl]-N-ethylpyridine-2-carboxamide,0.05 M,HNO3,3 M,nitrobenzene,Tm,III ,0.1 mM,,,,,CCN(C(=O)c1cccc(-c2cccc(C(=O)N(CC)c3cc(C)ccc3C)n2)n1)c1cc(C)ccc1C,-,"HNO3, N-(2-5-dimethylphenyl)-6-[6-[(2-5-dimethylphenyl)-ethylcarbamoyl]-2-pyridinyl]-N-ethylpyridine-2-carboxamide, Tm, nitrobenzene",,nitrobenzene,,"https://doi.org/10.1039/C8DT03734E, https://doi.org/10.1021/jacs.5c19738",Baosen Zhang,2026-02-10 13:32:53,Distribution Ratio,2.100000001286614,-,Temperature,25.0,C,- -,,,Comments,updated ORNL,,,,
16328,N-ethyl-6-[6-[ethyl(phenyl)carbamoyl]-2-pyridinyl]-N-phenylpyridine-2-carboxamide,0.05 M,HNO3,3 M,nitrobenzene,Tm,III ,0.1 mM,,,,,CCN(C(=O)c1cccc(-c2cccc(C(=O)N(CC)c3ccccc3)n2)n1)c1ccccc1,-,"HNO3, N-ethyl-6-[6-[ethyl(phenyl)carbamoyl]-2-pyridinyl]-N-phenylpyridine-2-carboxamide, Tm, nitrobenzene",,nitrobenzene,,"https://doi.org/10.1039/C8DT03734E, https://doi.org/10.1021/jacs.5c19738",Baosen Zhang,2026-02-10 13:32:53,Distribution Ratio,0.2400000001593724,-,Temperature,25.0,C,- -,,,Comments,updated ORNL,,,,
16342,N-(4-methylphenyl)-N-octyl-1-10-phenanthroline-2-carboxamide,0.1 M,HNO3,0.1 M,CH3Cl,Tm,III ,0.05 mM,,,,,CCCCCCCCN(C(=O)c1ccc2ccc3cccnc3c2n1)c1ccc(C)cc1,-,"HNO3, N-(4-methylphenyl)-N-octyl-1-10-phenanthroline-2-carboxamide, Tm, CH3Cl",,CH3Cl,,"https://doi.org/10.1021/acs.inorgchem.1c01729, https://doi.org/10.1021/jacs.5c19738",Baosen Zhang,2026-02-10 13:32:54,Distribution Ratio,0.09499999993681582,-,Temperature,25.0,C,- -,,,Comments,updated ORNL,,,,
16358,3-[6-(5-6-dipropyl-1-2-4-triazin-3-yl)-2-pyridinyl]-5-6-dipropyl-1-2-4-triazine,0.04 M,HNO3,1 M,"kerosene 0.5, 1-octanol 0.5",Tm,III ,0.05 mM,,,,,CCCc1nnc(-c2cccc(-c3nnc(CCC)c(CCC)n3)n2)nc1CCC,-,"HNO3, 3-[6-(5-6-dipropyl-1-2-4-triazin-3-yl)-2-pyridinyl]-5-6-dipropyl-1-2-4-triazine, Tm, kerosene 0.5, 1-octanol 0.5",,"kerosene 0.5, 1-octanol 0.5",,"https://doi.org/10.1039/B9NJ00371A, https://doi.org/10.1021/jacs.5c19738",Baosen Zhang,2026-02-10 13:32:55,Distribution Ratio,1.0,-,Temperature,25.0,C,- -,,,Comments,updated ORNL,,,,
16390,2-6-bis(dioctylphosphorylmethyl)-1-oxidopyridin-1-ium,0.0003 M,Hcl,0.001 M,toluene,Tm,III , ,,,,,CCCCCCCCP(=O)(CCCCCCCC)Cc1cccc(CP(=O)(CCCCCCCC)CCCCCCCC)[n+]1[O-],-,"Hcl, 2-6-bis(dioctylphosphorylmethyl)-1-oxidopyridin-1-ium, Tm, toluene",,toluene,,"https://doi.org/10.1080/01496395.2012.697523, https://doi.org/10.1021/jacs.5c19738",Baosen Zhang,2026-02-10 13:32:58,Distribution Ratio,2.000000001547424,-,Temperature,25.0,C,- -,,,Comments,updated ORNL,,,,
16398,2-6-bis(dioctylphosphorylmethyl)-1-oxidopyridin-1-ium,0.03 M,HNO3,0.3 M,toluene,Tm,III , ,,,,,CCCCCCCCP(=O)(CCCCCCCC)Cc1cccc(CP(=O)(CCCCCCCC)CCCCCCCC)[n+]1[O-],-,"HNO3, 2-6-bis(dioctylphosphorylmethyl)-1-oxidopyridin-1-ium, Tm, toluene",,toluene,,"https://doi.org/10.1080/01496395.2012.697523, https://doi.org/10.1021/jacs.5c19738",Baosen Zhang,2026-02-10 13:32:58,Distribution Ratio,6.999999999770207,-,Temperature,25.0,C,- -,,,Comments,updated ORNL,,,,
16432,2-N-2-N-9-N-9-N-tetrabutyl-1-10-phenanthroline-2-9-dicarboxamide,0.05 M,HNO3,3 M,meta-nitrobenzotrifluoride,Tm,III , ,,,,,CCCCN(CCCC)C(=O)c1ccc2ccc3ccc(C(=O)N(CCCC)CCCC)nc3c2n1,-,"HNO3, 2-N-2-N-9-N-9-N-tetrabutyl-1-10-phenanthroline-2-9-dicarboxamide, Tm, meta-nitrobenzotrifluoride",,meta-nitrobenzotrifluoride,,"https://doi.org/10.1039/C6RA08946A, https://doi.org/10.1021/jacs.5c19738",Baosen Zhang,2026-02-10 13:33:00,Distribution Ratio,0.08000000000148404,-,Temperature,25.0,C,- -,,,Comments,updated ORNL,,,,
16442,2-N-9-N-diethyl-2-N-9-N-bis(4-ethylphenyl)-1-10-phenanthroline-2-9-dicarboxamide,0.05 M,HNO3,3 M,meta-nitrobenzotrifluoride,Tm,III , ,,,,,CCc1ccc(N(CC)C(=O)c2ccc3ccc4ccc(C(=O)N(CC)c5ccc(CC)cc5)nc4c3n2)cc1,-,"HNO3, 2-N-9-N-diethyl-2-N-9-N-bis(4-ethylphenyl)-1-10-phenanthroline-2-9-dicarboxamide, Tm, meta-nitrobenzotrifluoride",,meta-nitrobenzotrifluoride,,"https://doi.org/10.1039/C6RA08946A, https://doi.org/10.1021/jacs.5c19738",Baosen Zhang,2026-02-10 13:33:01,Distribution Ratio,1.0,-,Temperature,25.0,C,- -,,,Comments,updated ORNL,,,,
16463,2-N-6-N-diethyl-2-N-6-N-bis(4-methylphenyl)pyridine-2-6-dicarboxamide,0.2 M,HNO3,2 M,phenyl trifluoromethyl sulfone,Tm,III ,0.01 mM,,,,,CCN(C(=O)c1cccc(C(=O)N(CC)c2ccc(C)cc2)n1)c1ccc(C)cc1,-,"HNO3, 2-N-6-N-diethyl-2-N-6-N-bis(4-methylphenyl)pyridine-2-6-dicarboxamide, Tm, phenyl trifluoromethyl sulfone",,phenyl trifluoromethyl sulfone,,"https://doi.org/10.1134/S1066362214060010, https://doi.org/10.1021/jacs.5c19738",Baosen Zhang,2026-02-10 13:33:03,Distribution Ratio,5.499999993740788,-,Temperature,25.0,C,- -,,,Comments,updated ORNL,,,,
16482,2-N-6-N-diethyl-2-N-6-N-bis(3-methylphenyl)pyridine-2-6-dicarboxamide,0.2 M,HNO3,2 M,phenyl trifluoromethyl sulfone,Tm,III ,0.01 mM,,,,,CCN(C(=O)c1cccc(C(=O)N(CC)c2cccc(C)c2)n1)c1cccc(C)c1,-,"HNO3, 2-N-6-N-diethyl-2-N-6-N-bis(3-methylphenyl)pyridine-2-6-dicarboxamide, Tm, phenyl trifluoromethyl sulfone",,phenyl trifluoromethyl sulfone,,"https://doi.org/10.1134/S1066362214060010, https://doi.org/10.1021/jacs.5c19738",Baosen Zhang,2026-02-10 13:33:04,Distribution Ratio,3.499999997177112,-,Temperature,25.0,C,- -,,,Comments,updated ORNL,,,,
16504,N-ethyl-6-[6-[ethyl-(4-hexylphenyl)carbamoyl]-2-pyridinyl]-N-(4-hexylphenyl)pyridine-2-carboxamide,0.1 M,HNO3,3 M,meta-nitrobenzotrifluoride,Tm,III ,0.01 mM,,,,,CCCCCCc1ccc(N(CC)C(=O)c2cccc(-c3cccc(C(=O)N(CC)c4ccc(CCCCCC)cc4)n3)n2)cc1,-,"HNO3, N-ethyl-6-[6-[ethyl-(4-hexylphenyl)carbamoyl]-2-pyridinyl]-N-(4-hexylphenyl)pyridine-2-carboxamide, Tm, meta-nitrobenzotrifluoride",,meta-nitrobenzotrifluoride,,"https://doi.org/10.1134/S1066362214060010, https://doi.org/10.1021/jacs.5c19738",Baosen Zhang,2026-02-10 13:33:05,Distribution Ratio,0.2500000001887904,-,Temperature,25.0,C,- -,,,Comments,updated ORNL,,,,
16513,2-N-6-N-diethyl-2-N-6-N-bis(2-methylphenyl)pyridine-2-6-dicarboxamide,0.2 M,HNO3,2 M,phenyl trifluoromethyl sulfone,Tm,III ,0.01 mM,,,,,CCN(C(=O)c1cccc(C(=O)N(CC)c2ccccc2C)n1)c1ccccc1C,-,"HNO3, 2-N-6-N-diethyl-2-N-6-N-bis(2-methylphenyl)pyridine-2-6-dicarboxamide, Tm, phenyl trifluoromethyl sulfone",,phenyl trifluoromethyl sulfone,,"https://doi.org/10.1134/S1066362214060010, https://doi.org/10.1021/jacs.5c19738",Baosen Zhang,2026-02-10 13:33:06,Distribution Ratio,3.199999997642846,-,Temperature,25.0,C,- -,,,Comments,updated ORNL,,,,
16523,N-methyl-2-[2-[methyl(octyl)amino]-2-oxoethoxy]-N-octylacetamide,0.024 M,HNO3,2 M,"1-octanol 0.5, kerosene 0.5",Tm,III ,3 mM,,,,,CCCCCCCCN(C)C(=O)COCC(=O)N(C)CCCCCCCC,-,"HNO3, N-methyl-2-[2-[methyl(octyl)amino]-2-oxoethoxy]-N-octylacetamide, Tm, 1-octanol 0.5, kerosene 0.5",,"1-octanol 0.5, kerosene 0.5",,"https://doi.org/10.1007/s10967-020-07242-1, https://doi.org/10.1021/jacs.5c19738",Baosen Zhang,2026-02-10 13:33:07,Distribution Ratio,800.0000000148405,-,Temperature,25.0,C,- -,,,Comments,updated ORNL,,,,
16536,N-methyl-2-[2-[methyl(octyl)amino]-2-oxoethoxy]-N-octylacetamide,0.024 M,HNO3,3 M,"1-octanol 0.5, kerosene 0.5",Tm,III ,3 mM,,,,,CCCCCCCCN(C)C(=O)COCC(=O)N(C)CCCCCCCC,-,"HNO3, N-methyl-2-[2-[methyl(octyl)amino]-2-oxoethoxy]-N-octylacetamide, Tm, 1-octanol 0.5, kerosene 0.5",,"1-octanol 0.5, kerosene 0.5",,"https://doi.org/10.1007/s10967-020-07242-1, https://doi.org/10.1021/jacs.5c19738",Baosen Zhang,2026-02-10 13:33:07,Distribution Ratio,1199.999999868408,-,Temperature,25.0,C,- -,,,Comments,updated ORNL,,,,
16552,N-methyl-2-[2-[methyl(octyl)amino]-2-oxoethoxy]-N-octylacetamide,0.024 M,HNO3,5 M,"1-octanol 0.5, kerosene 0.5",Tm,III ,3 mM,,,,,CCCCCCCCN(C)C(=O)COCC(=O)N(C)CCCCCCCC,-,"HNO3, N-methyl-2-[2-[methyl(octyl)amino]-2-oxoethoxy]-N-octylacetamide, Tm, 1-octanol 0.5, kerosene 0.5",,"1-octanol 0.5, kerosene 0.5",,"https://doi.org/10.1007/s10967-020-07242-1, https://doi.org/10.1021/jacs.5c19738",Baosen Zhang,2026-02-10 13:33:09,Distribution Ratio,1199.999999868408,-,Temperature,25.0,C,- -,,,Comments,updated ORNL,,,,
16564,N-methyl-2-[2-[methyl(octyl)amino]-2-oxoethoxy]-N-octylacetamide,0.024 M,HNO3,4 M,"1-octanol 0.5, kerosene 0.5",Tm,III ,3 mM,,,,,CCCCCCCCN(C)C(=O)COCC(=O)N(C)CCCCCCCC,-,"HNO3, N-methyl-2-[2-[methyl(octyl)amino]-2-oxoethoxy]-N-octylacetamide, Tm, 1-octanol 0.5, kerosene 0.5",,"1-octanol 0.5, kerosene 0.5",,"https://doi.org/10.1007/s10967-020-07242-1, https://doi.org/10.1021/jacs.5c19738",Baosen Zhang,2026-02-10 13:33:09,Distribution Ratio,1199.999999868408,-,Temperature,25.0,C,- -,,,Comments,updated ORNL,,,,
16587,N-methyl-2-[2-[methyl(octyl)amino]-2-oxoethoxy]-N-octylacetamide,0.024 M,HNO3,1 M,"1-octanol 0.5, kerosene 0.5",Tm,III ,3 mM,,,,,CCCCCCCCN(C)C(=O)COCC(=O)N(C)CCCCCCCC,-,"HNO3, N-methyl-2-[2-[methyl(octyl)amino]-2-oxoethoxy]-N-octylacetamide, Tm, 1-octanol 0.5, kerosene 0.5",,"1-octanol 0.5, kerosene 0.5",,"https://doi.org/10.1007/s10967-020-07242-1, https://doi.org/10.1021/jacs.5c19738",Baosen Zhang,2026-02-10 13:33:11,Distribution Ratio,85.00000005591856,-,Temperature,25.0,C,- -,,,Comments,updated ORNL,,,,
16679,[4-7-dichloro-9-(pyrrolidine-1-carbonyl)-1-10-phenanthrolin-2-yl]-pyrrolidin-1-ylmethanone,0.01 M,HNO3,3 M,meta-nitrobenzotrifluoride,Tm,III ,0.1 mM,,,,,O=C(c1cc(Cl)c2ccc3c(Cl)cc(C(=O)N4CCCC4)nc3c2n1)N1CCCC1,-,"HNO3, [4-7-dichloro-9-(pyrrolidine-1-carbonyl)-1-10-phenanthrolin-2-yl]-pyrrolidin-1-ylmethanone, Tm, meta-nitrobenzotrifluoride",,meta-nitrobenzotrifluoride,,"https://doi.org/10.1039/D0RA05182A, https://doi.org/10.1021/jacs.5c19738",Baosen Zhang,2026-02-10 13:33:17,Distribution Ratio,0.08000000000148404,-,Temperature,25.0,C,- -,,,Comments,updated ORNL,,,,
16691,[4-7-dichloro-9-(pyrrolidine-1-carbonyl)-1-10-phenanthrolin-2-yl]-pyrrolidin-1-ylmethanone,0.01 M,HNO3,2 M,meta-nitrobenzotrifluoride,Tm,III ,0.1 mM,,,,,O=C(c1cc(Cl)c2ccc3c(Cl)cc(C(=O)N4CCCC4)nc3c2n1)N1CCCC1,-,"HNO3, [4-7-dichloro-9-(pyrrolidine-1-carbonyl)-1-10-phenanthrolin-2-yl]-pyrrolidin-1-ylmethanone, Tm, meta-nitrobenzotrifluoride",,meta-nitrobenzotrifluoride,,"https://doi.org/10.1039/D0RA05182A, https://doi.org/10.1021/jacs.5c19738",Baosen Zhang,2026-02-10 13:33:18,Distribution Ratio,0.02000000001547424,-,Temperature,25.0,C,- -,,,Comments,updated ORNL,,,,
16702,5-5-8-8-tetramethyl-3-[6-[6-(5-5-8-8-tetramethyl-6-7-dihydro-1-2-4-benzotriazin-3-yl)-2-pyridinyl]-2-pyridinyl]-6-7-dihydro-1-2-4-benzotriazine,0.01 M,HNO3,1 M,1-octanol,Tm,III , ,,,,,CC1(C)CCC(C)(C)c2nc(-c3cccc(-c4cccc(-c5nnc6c(n5)C(C)(C)CCC6(C)C)n4)n3)nnc21,-,"HNO3, 5-5-8-8-tetramethyl-3-[6-[6-(5-5-8-8-tetramethyl-6-7-dihydro-1-2-4-benzotriazin-3-yl)-2-pyridinyl]-2-pyridinyl]-6-7-dihydro-1-2-4-benzotriazine, Tm, 1-octanol",,1-octanol,,"https://doi.org/10.1080/07366290600761936, https://doi.org/10.1021/jacs.5c19738",Baosen Zhang,2026-02-10 13:33:19,Distribution Ratio,0.03999999996979355,-,Temperature,20.0,C,- -,,,Comments,updated ORNL,,,,
16719,N-N-bis(2-methylpropyl)-2-[octyl(phenyl)phosphoryl]acetamide,0.1 M,HNO3,6 M,1-octanol,Tm,III ,0.1 mM,,,,,CCCCCCCCP(=O)(CC(=O)N(CC(C)C)CC(C)C)c1ccccc1,-,"HNO3, N-N-bis(2-methylpropyl)-2-[octyl(phenyl)phosphoryl]acetamide, Tm, 1-octanol",,1-octanol,,"https://doi.org/10.1080/01496395.2021.1970767, https://doi.org/10.1021/jacs.5c19738",Baosen Zhang,2026-02-10 13:33:20,Distribution Ratio,2.299999999906829,-,Temperature,25.0,C,- -,,,Comments,updated ORNL,,,,
16757,N-(3-7-dimethyloct-6-enyl)-2-[2-[3-7-dimethyloct-6-enyl(hexyl)amino]-2-oxoethoxy]-N-hexylacetamide,0.1 M,Hcl,3 M,"Isopar L 0.7, Exxal 13 0.3",Tm,III ,0.5 mM,,,,,CCCCCCN(CCC(C)CCC=C(C)C)C(=O)COCC(=O)N(CCCCCC)CCC(C)CCC=C(C)C,-,"Hcl, N-(3-7-dimethyloct-6-enyl)-2-[2-[3-7-dimethyloct-6-enyl(hexyl)amino]-2-oxoethoxy]-N-hexylacetamide, Tm, Isopar L 0.7, Exxal 13 0.3",,"Isopar L 0.7, Exxal 13 0.3",,"https://doi.org/10.1021/jacsau.2c00122, https://doi.org/10.1021/jacs.5c19738",Baosen Zhang,2026-02-10 13:33:23,Distribution Ratio,51.83462965965371,-,Temperature,25.0,C,- -,,,Comments,updated ORNL,,,,
16780,N-N-didodecyl-2-(1-hexyl-2-oxopiperidin-3-yl)oxyacetamide,0.1 M,HNO3,1 M,"n-dodecane 0.9, 1-octanol 0.1",Tm,III ,0.5 mM,,,,,CCCCCCCCCCCCN(CCCCCCCCCCCC)C(=O)COC1CCCN(CCCCCC)C1=O,-,"HNO3, N-N-didodecyl-2-(1-hexyl-2-oxopiperidin-3-yl)oxyacetamide, Tm, n-dodecane 0.9, 1-octanol 0.1",,"n-dodecane 0.9, 1-octanol 0.1",,"https://doi.org/10.1021/jacsau.2c00122, https://doi.org/10.1021/jacs.5c19738",Baosen Zhang,2026-02-10 13:33:24,Distribution Ratio,295.8625526859342,-,Temperature,25.0,C,- -,,,Comments,updated ORNL,,,,
16784,N-(3-7-dimethyloctyl)-2-[2-[3-7-dimethyloctyl(hexyl)amino]-2-oxoethoxy]-N-hexylacetamide,0.1 M,Hcl,3 M,"Isopar L 0.7, Exxal 13 0.3",Tm,III ,0.5 mM,,,,,CCCCCCN(CCC(C)CCCC(C)C)C(=O)COCC(=O)N(CCCCCC)CCC(C)CCCC(C)C,-,"Hcl, N-(3-7-dimethyloctyl)-2-[2-[3-7-dimethyloctyl(hexyl)amino]-2-oxoethoxy]-N-hexylacetamide, Tm, Isopar L 0.7, Exxal 13 0.3",,"Isopar L 0.7, Exxal 13 0.3",,"https://doi.org/10.1021/jacsau.2c00122, https://doi.org/10.1021/jacs.5c19738",Baosen Zhang,2026-02-10 13:33:24,Distribution Ratio,61.30557921498208,-,Temperature,25.0,C,- -,,,Comments,updated ORNL,,,,
